,ExperimentName,Subject,Session,StartTime,CurrentTime,Step,Block,Scenario,TimeInCondition,Cue,Startle,Shock,FearRating,CueStart,CueEnd,ScenarioIndex,ShockType,VAS_score,VAS_type,VAS_RT
0,FORT,2,1,1776625433.396702,8.78,Game,1,Predictable,0.05,0,,,,,,130,Sound,,,
0,FORT,2,1,1776625433.396702,8.82,Game,1,Predictable,0.05,0,,,5,,,130,Sound,,,
0,FORT,2,1,1776625433.396702,8.84,Game,1,Predictable,0.1,0,,,5,,,130,Sound,,,
0,FORT,2,1,1776625433.396702,8.86,Game,1,Predictable,0.12,0,,,5,,,130,Sound,,,
0,FORT,2,1,1776625433.396702,8.86,Game,1,Predictable,0.13,0,,,5,,,130,Sound,,,
0,FORT,2,1,1776625433.396702,8.87,Game,1,Predictable,0.14,0,,,5,,,130,Sound,,,
0,FORT,2,1,1776625433.396702,8.88,Game,1,Predictable,0.15,0,,,5,,,130,Sound,,,
0,FORT,2,1,1776625433.396702,8.89,Game,1,Predictable,0.15,0,,,5,,,130,Sound,,,
0,FORT,2,1,1776625433.396702,8.89,Game,1,Predictable,0.16,0,,,5,,,130,Sound,,,
0,FORT,2,1,1776625433.396702,8.91,Game,1,Predictable,0.17,0,,,5,,,130,Sound,,,
0,FORT,2,1,1776625433.396702,8.91,Game,1,Predictable,0.18,0,,,5,,,130,Sound,,,
0,FORT,2,1,1776625433.396702,8.92,Game,1,Predictable,0.19,0,,,5,,,130,Sound,,,
0,FORT,2,1,1776625433.396702,8.93,Game,1,Predictable,0.2,0,,,5,,,130,Sound,,,
0,FORT,2,1,1776625433.396702,8.94,Game,1,Predictable,0.2,0,,,5,,,130,Sound,,,
0,FORT,2,1,1776625433.396702,8.94,Game,1,Predictable,0.21,0,,,5,,,130,Sound,,,
0,FORT,2,1,1776625433.396702,8.96,Game,1,Predictable,0.22,0,,,5,,,130,Sound,,,
0,FORT,2,1,1776625433.396702,8.96,Game,1,Predictable,0.23,0,,,5,,,130,Sound,,,
0,FORT,2,1,1776625433.396702,8.97,Game,1,Predictable,0.24,0,,,5,,,130,Sound,,,
0,FORT,2,1,1776625433.396702,8.98,Game,1,Predictable,0.25,0,,,5,,,130,Sound,,,
0,FORT,2,1,1776625433.396702,8.99,Game,1,Predictable,0.25,0,,,5,,,130,Sound,,,
0,FORT,2,1,1776625433.396702,8.99,Game,1,Predictable,0.26,0,,,5,,,130,Sound,,,
0,FORT,2,1,1776625433.396702,9.01,Game,1,Predictable,0.27,0,,,5,,,130,Sound,,,
0,FORT,2,1,1776625433.396702,9.01,Game,1,Predictable,0.28,0,,,5,,,130,Sound,,,
0,FORT,2,1,1776625433.396702,9.02,Game,1,Predictable,0.29,0,,,5,,,130,Sound,,,
0,FORT,2,1,1776625433.396702,9.03,Game,1,Predictable,0.3,0,,,5,,,130,Sound,,,
0,FORT,2,1,1776625433.396702,9.04,Game,1,Predictable,0.3,0,,,5,,,130,Sound,,,
0,FORT,2,1,1776625433.396702,9.04,Game,1,Predictable,0.31,0,,,5,,,130,Sound,,,
0,FORT,2,1,1776625433.396702,9.06,Game,1,Predictable,0.32,0,,,5,,,130,Sound,,,
0,FORT,2,1,1776625433.396702,9.06,Game,1,Predictable,0.33,0,,,5,,,130,Sound,,,
0,FORT,2,1,1776625433.396702,9.07,Game,1,Predictable,0.34,0,,,5,,,130,Sound,,,
0,FORT,2,1,1776625433.396702,9.08,Game,1,Predictable,0.35,0,,,5,,,130,Sound,,,
0,FORT,2,1,1776625433.396702,9.09,Game,1,Predictable,0.35,0,,,5,,,130,Sound,,,
0,FORT,2,1,1776625433.396702,9.09,Game,1,Predictable,0.36,0,,,5,,,130,Sound,,,
0,FORT,2,1,1776625433.396702,9.11,Game,1,Predictable,0.37,0,,,5,,,130,Sound,,,
0,FORT,2,1,1776625433.396702,9.11,Game,1,Predictable,0.38,0,,,5,,,130,Sound,,,
0,FORT,2,1,1776625433.396702,9.12,Game,1,Predictable,0.39,0,,,5,,,130,Sound,,,
0,FORT,2,1,1776625433.396702,9.13,Game,1,Predictable,0.4,0,,,5,,,130,Sound,,,
0,FORT,2,1,1776625433.396702,9.14,Game,1,Predictable,0.4,0,,,5,,,130,Sound,,,
0,FORT,2,1,1776625433.396702,9.14,Game,1,Predictable,0.41,0,,,5,,,130,Sound,,,
0,FORT,2,1,1776625433.396702,9.16,Game,1,Predictable,0.42,0,,,5,,,130,Sound,,,
0,FORT,2,1,1776625433.396702,9.16,Game,1,Predictable,0.43,0,,,5,,,130,Sound,,,
0,FORT,2,1,1776625433.396702,9.17,Game,1,Predictable,0.44,0,,,5,,,130,Sound,,,
0,FORT,2,1,1776625433.396702,9.18,Game,1,Predictable,0.45,0,,,5,,,130,Sound,,,
0,FORT,2,1,1776625433.396702,9.19,Game,1,Predictable,0.45,0,,,5,,,130,Sound,,,
0,FORT,2,1,1776625433.396702,9.19,Game,1,Predictable,0.46,0,,,5,,,130,Sound,,,
0,FORT,2,1,1776625433.396702,9.21,Game,1,Predictable,0.47,0,,,5,,,130,Sound,,,
0,FORT,2,1,1776625433.396702,9.21,Game,1,Predictable,0.48,0,,,5,,,130,Sound,,,
0,FORT,2,1,1776625433.396702,9.22,Game,1,Predictable,0.49,0,,,5,,,130,Sound,,,
0,FORT,2,1,1776625433.396702,9.23,Game,1,Predictable,0.5,0,,,5,,,130,Sound,,,
0,FORT,2,1,1776625433.396702,9.24,Game,1,Predictable,0.5,0,,,5,,,130,Sound,,,
0,FORT,2,1,1776625433.396702,9.24,Game,1,Predictable,0.51,0,,,5,,,130,Sound,,,
0,FORT,2,1,1776625433.396702,9.26,Game,1,Predictable,0.52,0,,,5,,,130,Sound,,,
0,FORT,2,1,1776625433.396702,9.26,Game,1,Predictable,0.53,0,,,5,,,130,Sound,,,
0,FORT,2,1,1776625433.396702,9.27,Game,1,Predictable,0.54,0,,,5,,,130,Sound,,,
0,FORT,2,1,1776625433.396702,9.28,Game,1,Predictable,0.55,0,,,5,,,130,Sound,,,
0,FORT,2,1,1776625433.396702,9.29,Game,1,Predictable,0.55,0,,,5,,,130,Sound,,,
0,FORT,2,1,1776625433.396702,9.29,Game,1,Predictable,0.56,0,,,5,,,130,Sound,,,
0,FORT,2,1,1776625433.396702,9.31,Game,1,Predictable,0.57,0,,,5,,,130,Sound,,,
0,FORT,2,1,1776625433.396702,9.31,Game,1,Predictable,0.58,0,,,5,,,130,Sound,,,
0,FORT,2,1,1776625433.396702,9.33,Game,1,Predictable,0.59,0,,,5,,,130,Sound,,,
0,FORT,2,1,1776625433.396702,9.34,Game,1,Predictable,0.6,0,,,5,,,130,Sound,,,
0,FORT,2,1,1776625433.396702,9.35,Game,1,Predictable,0.61,0,,,5,,,130,Sound,,,
0,FORT,2,1,1776625433.396702,9.36,Game,1,Predictable,0.62,0,,,5,,,130,Sound,,,
0,FORT,2,1,1776625433.396702,9.36,Game,1,Predictable,0.63,0,,,5,,,130,Sound,,,
0,FORT,2,1,1776625433.396702,9.37,Game,1,Predictable,0.64,0,,,5,,,130,Sound,,,
0,FORT,2,1,1776625433.396702,9.38,Game,1,Predictable,0.65,0,,,5,,,130,Sound,,,
0,FORT,2,1,1776625433.396702,9.39,Game,1,Predictable,0.65,0,,,5,,,130,Sound,,,
0,FORT,2,1,1776625433.396702,9.4,Game,1,Predictable,0.66,0,,,5,,,130,Sound,,,
0,FORT,2,1,1776625433.396702,9.41,Game,1,Predictable,0.67,0,,,5,,,130,Sound,,,
0,FORT,2,1,1776625433.396702,9.41,Game,1,Predictable,0.68,0,,,5,,,130,Sound,,,
0,FORT,2,1,1776625433.396702,9.42,Game,1,Predictable,0.69,0,,,5,,,130,Sound,,,
0,FORT,2,1,1776625433.396702,9.43,Game,1,Predictable,0.7,0,,,5,,,130,Sound,,,
0,FORT,2,1,1776625433.396702,9.44,Game,1,Predictable,0.7,0,,,5,,,130,Sound,,,
0,FORT,2,1,1776625433.396702,9.44,Game,1,Predictable,0.71,0,,,5,,,130,Sound,,,
0,FORT,2,1,1776625433.396702,9.46,Game,1,Predictable,0.72,0,,,5,,,130,Sound,,,
0,FORT,2,1,1776625433.396702,9.46,Game,1,Predictable,0.73,0,,,5,,,130,Sound,,,
0,FORT,2,1,1776625433.396702,9.47,Game,1,Predictable,0.74,0,,,5,,,130,Sound,,,
0,FORT,2,1,1776625433.396702,9.48,Game,1,Predictable,0.75,0,,,5,,,130,Sound,,,
0,FORT,2,1,1776625433.396702,9.49,Game,1,Predictable,0.75,0,,,5,,,130,Sound,,,
0,FORT,2,1,1776625433.396702,9.5,Game,1,Predictable,0.76,0,,,5,,,130,Sound,,,
0,FORT,2,1,1776625433.396702,9.51,Game,1,Predictable,0.77,0,,,5,,,130,Sound,,,
0,FORT,2,1,1776625433.396702,9.51,Game,1,Predictable,0.78,0,,,5,,,130,Sound,,,
0,FORT,2,1,1776625433.396702,9.52,Game,1,Predictable,0.79,0,,,5,,,130,Sound,,,
0,FORT,2,1,1776625433.396702,9.53,Game,1,Predictable,0.8,0,,,5,,,130,Sound,,,
0,FORT,2,1,1776625433.396702,9.54,Game,1,Predictable,0.8,0,,,5,,,130,Sound,,,
0,FORT,2,1,1776625433.396702,9.55,Game,1,Predictable,0.81,0,,,5,,,130,Sound,,,
0,FORT,2,1,1776625433.396702,9.56,Game,1,Predictable,0.82,0,,,5,,,130,Sound,,,
0,FORT,2,1,1776625433.396702,9.56,Game,1,Predictable,0.83,0,,,5,,,130,Sound,,,
0,FORT,2,1,1776625433.396702,9.57,Game,1,Predictable,0.84,0,,,5,,,130,Sound,,,
0,FORT,2,1,1776625433.396702,9.58,Game,1,Predictable,0.85,0,,,5,,,130,Sound,,,
0,FORT,2,1,1776625433.396702,9.59,Game,1,Predictable,0.85,0,,,5,,,130,Sound,,,
0,FORT,2,1,1776625433.396702,9.6,Game,1,Predictable,0.86,0,,,5,,,130,Sound,,,
0,FORT,2,1,1776625433.396702,9.61,Game,1,Predictable,0.87,0,,,5,,,130,Sound,,,
0,FORT,2,1,1776625433.396702,9.61,Game,1,Predictable,0.88,0,,,5,,,130,Sound,,,
0,FORT,2,1,1776625433.396702,9.62,Game,1,Predictable,0.89,0,,,5,,,130,Sound,,,
0,FORT,2,1,1776625433.396702,9.63,Game,1,Predictable,0.9,0,,,5,,,130,Sound,,,
0,FORT,2,1,1776625433.396702,9.64,Game,1,Predictable,0.9,0,,,5,,,130,Sound,,,
0,FORT,2,1,1776625433.396702,9.65,Game,1,Predictable,0.91,0,,,5,,,130,Sound,,,
0,FORT,2,1,1776625433.396702,9.66,Game,1,Predictable,0.92,0,,,5,,,130,Sound,,,
0,FORT,2,1,1776625433.396702,9.66,Game,1,Predictable,0.93,0,,,5,,,130,Sound,,,
0,FORT,2,1,1776625433.396702,9.67,Game,1,Predictable,0.94,0,,,5,,,130,Sound,,,
0,FORT,2,1,1776625433.396702,9.68,Game,1,Predictable,0.95,0,,,5,,,130,Sound,,,
0,FORT,2,1,1776625433.396702,9.69,Game,1,Predictable,0.95,0,,,5,,,130,Sound,,,
0,FORT,2,1,1776625433.396702,9.69,Game,1,Predictable,0.96,0,,,5,,,130,Sound,,,
0,FORT,2,1,1776625433.396702,9.71,Game,1,Predictable,0.97,0,,,5,,,130,Sound,,,
0,FORT,2,1,1776625433.396702,9.71,Game,1,Predictable,0.98,0,,,5,,,130,Sound,,,
0,FORT,2,1,1776625433.396702,9.72,Game,1,Predictable,0.99,0,,,5,,,130,Sound,,,
0,FORT,2,1,1776625433.396702,9.73,Game,1,Predictable,1.0,0,,,5,,,130,Sound,,,
0,FORT,2,1,1776625433.396702,9.74,Game,1,Predictable,1.0,0,,,5,,,130,Sound,,,
0,FORT,2,1,1776625433.396702,9.75,Game,1,Predictable,1.01,0,,,5,,,130,Sound,,,
0,FORT,2,1,1776625433.396702,9.76,Game,1,Predictable,1.02,0,,,5,,,130,Sound,,,
0,FORT,2,1,1776625433.396702,9.76,Game,1,Predictable,1.03,0,,,5,,,130,Sound,,,
0,FORT,2,1,1776625433.396702,9.77,Game,1,Predictable,1.04,0,,,5,,,130,Sound,,,
0,FORT,2,1,1776625433.396702,9.78,Game,1,Predictable,1.05,0,,,5,,,130,Sound,,,
0,FORT,2,1,1776625433.396702,9.79,Game,1,Predictable,1.05,0,,,5,,,130,Sound,,,
0,FORT,2,1,1776625433.396702,9.8,Game,1,Predictable,1.06,0,,,5,,,130,Sound,,,
0,FORT,2,1,1776625433.396702,9.81,Game,1,Predictable,1.07,0,,,5,,,130,Sound,,,
0,FORT,2,1,1776625433.396702,9.81,Game,1,Predictable,1.08,0,,,5,,,130,Sound,,,
0,FORT,2,1,1776625433.396702,9.82,Game,1,Predictable,1.09,0,,,5,,,130,Sound,,,
0,FORT,2,1,1776625433.396702,9.83,Game,1,Predictable,1.1,0,,,5,,,130,Sound,,,
0,FORT,2,1,1776625433.396702,9.84,Game,1,Predictable,1.1,0,,,5,,,130,Sound,,,
0,FORT,2,1,1776625433.396702,9.85,Game,1,Predictable,1.11,0,,,5,,,130,Sound,,,
0,FORT,2,1,1776625433.396702,9.86,Game,1,Predictable,1.12,0,,,5,,,130,Sound,,,
0,FORT,2,1,1776625433.396702,9.86,Game,1,Predictable,1.13,0,,,5,,,130,Sound,,,
0,FORT,2,1,1776625433.396702,9.87,Game,1,Predictable,1.14,0,,,5,,,130,Sound,,,
0,FORT,2,1,1776625433.396702,9.88,Game,1,Predictable,1.15,0,,,5,,,130,Sound,,,
0,FORT,2,1,1776625433.396702,9.89,Game,1,Predictable,1.15,0,,,5,,,130,Sound,,,
0,FORT,2,1,1776625433.396702,9.9,Game,1,Predictable,1.16,0,,,5,,,130,Sound,,,
0,FORT,2,1,1776625433.396702,9.91,Game,1,Predictable,1.17,0,,,5,,,130,Sound,,,
0,FORT,2,1,1776625433.396702,9.91,Game,1,Predictable,1.18,0,,,5,,,130,Sound,,,
0,FORT,2,1,1776625433.396702,9.92,Game,1,Predictable,1.19,0,,,5,,,130,Sound,,,
0,FORT,2,1,1776625433.396702,9.93,Game,1,Predictable,1.2,0,,,5,,,130,Sound,,,
0,FORT,2,1,1776625433.396702,9.94,Game,1,Predictable,1.2,0,,,5,,,130,Sound,,,
0,FORT,2,1,1776625433.396702,9.95,Game,1,Predictable,1.21,0,,,5,,,130,Sound,,,
0,FORT,2,1,1776625433.396702,9.96,Game,1,Predictable,1.22,0,,,5,,,130,Sound,,,
0,FORT,2,1,1776625433.396702,9.96,Game,1,Predictable,1.23,0,,,5,,,130,Sound,,,
0,FORT,2,1,1776625433.396702,9.97,Game,1,Predictable,1.24,0,,,5,,,130,Sound,,,
0,FORT,2,1,1776625433.396702,9.98,Game,1,Predictable,1.25,0,,,5,,,130,Sound,,,
0,FORT,2,1,1776625433.396702,9.99,Game,1,Predictable,1.25,0,,,5,,,130,Sound,,,
0,FORT,2,1,1776625433.396702,10.0,Game,1,Predictable,1.26,0,,,5,,,130,Sound,,,
0,FORT,2,1,1776625433.396702,10.01,Game,1,Predictable,1.27,0,,,5,,,130,Sound,,,
0,FORT,2,1,1776625433.396702,10.01,Game,1,Predictable,1.28,0,,,5,,,130,Sound,,,
0,FORT,2,1,1776625433.396702,10.02,Game,1,Predictable,1.29,0,,,5,,,130,Sound,,,
0,FORT,2,1,1776625433.396702,10.03,Game,1,Predictable,1.3,0,,,5,,,130,Sound,,,
0,FORT,2,1,1776625433.396702,10.04,Game,1,Predictable,1.3,0,,,5,,,130,Sound,,,
0,FORT,2,1,1776625433.396702,10.05,Game,1,Predictable,1.31,0,,,5,,,130,Sound,,,
0,FORT,2,1,1776625433.396702,10.06,Game,1,Predictable,1.32,0,,,5,,,130,Sound,,,
0,FORT,2,1,1776625433.396702,10.06,Game,1,Predictable,1.33,0,,,5,,,130,Sound,,,
0,FORT,2,1,1776625433.396702,10.07,Game,1,Predictable,1.34,0,,,5,,,130,Sound,,,
0,FORT,2,1,1776625433.396702,10.08,Game,1,Predictable,1.35,0,,,5,,,130,Sound,,,
0,FORT,2,1,1776625433.396702,10.09,Game,1,Predictable,1.35,0,,,5,,,130,Sound,,,
0,FORT,2,1,1776625433.396702,10.1,Game,1,Predictable,1.36,0,,,5,,,130,Sound,,,
0,FORT,2,1,1776625433.396702,10.11,Game,1,Predictable,1.37,0,,,5,,,130,Sound,,,
0,FORT,2,1,1776625433.396702,10.11,Game,1,Predictable,1.38,0,,,5,,,130,Sound,,,
0,FORT,2,1,1776625433.396702,10.12,Game,1,Predictable,1.39,0,,,5,,,130,Sound,,,
0,FORT,2,1,1776625433.396702,10.13,Game,1,Predictable,1.4,0,,,5,,,130,Sound,,,
0,FORT,2,1,1776625433.396702,10.14,Game,1,Predictable,1.4,0,,,5,,,130,Sound,,,
0,FORT,2,1,1776625433.396702,10.15,Game,1,Predictable,1.41,0,,,5,,,130,Sound,,,
0,FORT,2,1,1776625433.396702,10.16,Game,1,Predictable,1.42,0,,,5,,,130,Sound,,,
0,FORT,2,1,1776625433.396702,10.16,Game,1,Predictable,1.43,0,,,5,,,130,Sound,,,
0,FORT,2,1,1776625433.396702,10.17,Game,1,Predictable,1.44,0,,,5,,,130,Sound,,,
0,FORT,2,1,1776625433.396702,10.18,Game,1,Predictable,1.45,0,,,5,,,130,Sound,,,
0,FORT,2,1,1776625433.396702,10.19,Game,1,Predictable,1.45,0,,,5,,,130,Sound,,,
0,FORT,2,1,1776625433.396702,10.2,Game,1,Predictable,1.46,0,,,5,,,130,Sound,,,
0,FORT,2,1,1776625433.396702,10.21,Game,1,Predictable,1.47,0,,,5,,,130,Sound,,,
0,FORT,2,1,1776625433.396702,10.21,Game,1,Predictable,1.48,0,,,5,,,130,Sound,,,
0,FORT,2,1,1776625433.396702,10.22,Game,1,Predictable,1.49,0,,,5,,,130,Sound,,,
0,FORT,2,1,1776625433.396702,10.23,Game,1,Predictable,1.5,0,,,5,,,130,Sound,,,
0,FORT,2,1,1776625433.396702,10.24,Game,1,Predictable,1.5,0,,,5,,,130,Sound,,,
0,FORT,2,1,1776625433.396702,10.38,Game,1,Predictable,1.51,0,,,6,,,130,Sound,,,
0,FORT,2,1,1776625433.396702,10.39,Game,1,Predictable,1.65,0,,,6,,,130,Sound,,,
0,FORT,2,1,1776625433.396702,10.4,Game,1,Predictable,1.66,0,,,6,,,130,Sound,,,
0,FORT,2,1,1776625433.396702,10.41,Game,1,Predictable,1.67,0,,,6,,,130,Sound,,,
0,FORT,2,1,1776625433.396702,10.41,Game,1,Predictable,1.68,0,,,6,,,130,Sound,,,
0,FORT,2,1,1776625433.396702,10.42,Game,1,Predictable,1.69,0,,,6,,,130,Sound,,,
0,FORT,2,1,1776625433.396702,10.43,Game,1,Predictable,1.7,0,,,6,,,130,Sound,,,
0,FORT,2,1,1776625433.396702,10.44,Game,1,Predictable,1.7,0,,,6,,,130,Sound,,,
0,FORT,2,1,1776625433.396702,10.45,Game,1,Predictable,1.71,0,,,7,,,130,Sound,,,
0,FORT,2,1,1776625433.396702,10.46,Game,1,Predictable,1.72,0,,,7,,,130,Sound,,,
0,FORT,2,1,1776625433.396702,10.46,Game,1,Predictable,1.73,0,,,7,,,130,Sound,,,
0,FORT,2,1,1776625433.396702,10.47,Game,1,Predictable,1.74,0,,,7,,,130,Sound,,,
0,FORT,2,1,1776625433.396702,10.48,Game,1,Predictable,1.75,0,,,7,,,130,Sound,,,
0,FORT,2,1,1776625433.396702,10.49,Game,1,Predictable,1.75,0,,,7,,,130,Sound,,,
0,FORT,2,1,1776625433.396702,10.49,Game,1,Predictable,1.76,0,,,7,,,130,Sound,,,
0,FORT,2,1,1776625433.396702,10.51,Game,1,Predictable,1.77,0,,,7,,,130,Sound,,,
0,FORT,2,1,1776625433.396702,10.51,Game,1,Predictable,1.78,0,,,7,,,130,Sound,,,
0,FORT,2,1,1776625433.396702,10.52,Game,1,Predictable,1.79,0,,,7,,,130,Sound,,,
0,FORT,2,1,1776625433.396702,10.53,Game,1,Predictable,1.8,0,,,7,,,130,Sound,,,
0,FORT,2,1,1776625433.396702,10.54,Game,1,Predictable,1.8,0,,,7,,,130,Sound,,,
0,FORT,2,1,1776625433.396702,10.55,Game,1,Predictable,1.81,0,,,7,,,130,Sound,,,
0,FORT,2,1,1776625433.396702,10.56,Game,1,Predictable,1.82,0,,,7,,,130,Sound,,,
0,FORT,2,1,1776625433.396702,10.56,Game,1,Predictable,1.83,0,,,7,,,130,Sound,,,
0,FORT,2,1,1776625433.396702,10.57,Game,1,Predictable,1.84,0,,,7,,,130,Sound,,,
0,FORT,2,1,1776625433.396702,10.58,Game,1,Predictable,1.85,0,,,7,,,130,Sound,,,
0,FORT,2,1,1776625433.396702,10.59,Game,1,Predictable,1.85,0,,,7,,,130,Sound,,,
0,FORT,2,1,1776625433.396702,10.6,Game,1,Predictable,1.86,0,,,7,,,130,Sound,,,
0,FORT,2,1,1776625433.396702,10.61,Game,1,Predictable,1.87,0,,,7,,,130,Sound,,,
0,FORT,2,1,1776625433.396702,10.61,Game,1,Predictable,1.88,0,,,7,,,130,Sound,,,
0,FORT,2,1,1776625433.396702,10.62,Game,1,Predictable,1.89,0,,,7,,,130,Sound,,,
0,FORT,2,1,1776625433.396702,10.63,Game,1,Predictable,1.9,0,,,7,,,130,Sound,,,
0,FORT,2,1,1776625433.396702,10.64,Game,1,Predictable,1.9,0,,,7,,,130,Sound,,,
0,FORT,2,1,1776625433.396702,10.65,Game,1,Predictable,1.91,0,,,7,,,130,Sound,,,
0,FORT,2,1,1776625433.396702,10.66,Game,1,Predictable,1.92,0,,,7,,,130,Sound,,,
0,FORT,2,1,1776625433.396702,10.66,Game,1,Predictable,1.93,0,,,7,,,130,Sound,,,
0,FORT,2,1,1776625433.396702,10.67,Game,1,Predictable,1.94,0,,,7,,,130,Sound,,,
0,FORT,2,1,1776625433.396702,10.68,Game,1,Predictable,1.95,0,,,7,,,130,Sound,,,
0,FORT,2,1,1776625433.396702,10.69,Game,1,Predictable,1.95,0,,,7,,,130,Sound,,,
0,FORT,2,1,1776625433.396702,10.7,Game,1,Predictable,1.96,0,,,7,,,130,Sound,,,
0,FORT,2,1,1776625433.396702,10.71,Game,1,Predictable,1.97,0,,,7,,,130,Sound,,,
0,FORT,2,1,1776625433.396702,10.71,Game,1,Predictable,1.98,0,,,7,,,130,Sound,,,
0,FORT,2,1,1776625433.396702,10.72,Game,1,Predictable,1.99,0,,,7,,,130,Sound,,,
0,FORT,2,1,1776625433.396702,10.73,Game,1,Predictable,2.0,0,,,7,,,130,Sound,,,
0,FORT,2,1,1776625433.396702,10.74,Game,1,Predictable,2.0,0,,,7,,,130,Sound,,,
0,FORT,2,1,1776625433.396702,10.75,Game,1,Predictable,2.01,0,,,7,,,130,Sound,,,
0,FORT,2,1,1776625433.396702,10.76,Game,1,Predictable,2.02,0,,,7,,,130,Sound,,,
0,FORT,2,1,1776625433.396702,10.76,Game,1,Predictable,2.03,0,,,7,,,130,Sound,,,
0,FORT,2,1,1776625433.396702,10.77,Game,1,Predictable,2.04,0,,,7,,,130,Sound,,,
0,FORT,2,1,1776625433.396702,10.78,Game,1,Predictable,2.05,0,,,7,,,130,Sound,,,
0,FORT,2,1,1776625433.396702,10.79,Game,1,Predictable,2.05,0,,,7,,,130,Sound,,,
0,FORT,2,1,1776625433.396702,10.8,Game,1,Predictable,2.06,0,,,7,,,130,Sound,,,
0,FORT,2,1,1776625433.396702,10.81,Game,1,Predictable,2.07,0,,,7,,,130,Sound,,,
0,FORT,2,1,1776625433.396702,10.81,Game,1,Predictable,2.08,0,,,7,,,130,Sound,,,
0,FORT,2,1,1776625433.396702,10.82,Game,1,Predictable,2.09,0,,,7,,,130,Sound,,,
0,FORT,2,1,1776625433.396702,10.83,Game,1,Predictable,2.1,0,,,7,,,130,Sound,,,
0,FORT,2,1,1776625433.396702,10.84,Game,1,Predictable,2.1,0,,,7,,,130,Sound,,,
0,FORT,2,1,1776625433.396702,10.85,Game,1,Predictable,2.11,0,,,7,,,130,Sound,,,
0,FORT,2,1,1776625433.396702,10.86,Game,1,Predictable,2.12,0,,,7,,,130,Sound,,,
0,FORT,2,1,1776625433.396702,10.86,Game,1,Predictable,2.13,0,,,7,,,130,Sound,,,
0,FORT,2,1,1776625433.396702,10.87,Game,1,Predictable,2.14,0,,,7,,,130,Sound,,,
0,FORT,2,1,1776625433.396702,10.88,Game,1,Predictable,2.15,0,,,7,,,130,Sound,,,
0,FORT,2,1,1776625433.396702,10.89,Game,1,Predictable,2.15,0,,,7,,,130,Sound,,,
0,FORT,2,1,1776625433.396702,10.9,Game,1,Predictable,2.17,0,,,7,,,130,Sound,,,
0,FORT,2,1,1776625433.396702,10.91,Game,1,Predictable,2.17,0,,,7,,,130,Sound,,,
0,FORT,2,1,1776625433.396702,10.91,Game,1,Predictable,2.18,0,,,7,,,130,Sound,,,
0,FORT,2,1,1776625433.396702,10.92,Game,1,Predictable,2.19,0,,,7,,,130,Sound,,,
0,FORT,2,1,1776625433.396702,10.93,Game,1,Predictable,2.2,0,,,7,,,130,Sound,,,
0,FORT,2,1,1776625433.396702,10.94,Game,1,Predictable,2.2,0,,,7,,,130,Sound,,,
0,FORT,2,1,1776625433.396702,10.95,Game,1,Predictable,2.21,0,,,7,,,130,Sound,,,
0,FORT,2,1,1776625433.396702,10.96,Game,1,Predictable,2.22,0,,,7,,,130,Sound,,,
0,FORT,2,1,1776625433.396702,10.96,Game,1,Predictable,2.23,0,,,7,,,130,Sound,,,
0,FORT,2,1,1776625433.396702,10.97,Game,1,Predictable,2.24,0,,,7,,,130,Sound,,,
0,FORT,2,1,1776625433.396702,10.98,Game,1,Predictable,2.25,0,,,7,,,130,Sound,,,
0,FORT,2,1,1776625433.396702,10.99,Game,1,Predictable,2.25,0,,,7,,,130,Sound,,,
0,FORT,2,1,1776625433.396702,11.0,Game,1,Predictable,2.26,0,,,7,,,130,Sound,,,
0,FORT,2,1,1776625433.396702,11.01,Game,1,Predictable,2.27,0,,,7,,,130,Sound,,,
0,FORT,2,1,1776625433.396702,11.01,Game,1,Predictable,2.28,0,,,7,,,130,Sound,,,
0,FORT,2,1,1776625433.396702,11.02,Game,1,Predictable,2.29,0,,,7,,,130,Sound,,,
0,FORT,2,1,1776625433.396702,11.03,Game,1,Predictable,2.3,0,,,7,,,130,Sound,,,
0,FORT,2,1,1776625433.396702,11.04,Game,1,Predictable,2.3,0,,,7,,,130,Sound,,,
0,FORT,2,1,1776625433.396702,11.05,Game,1,Predictable,2.31,0,,,7,,,130,Sound,,,
0,FORT,2,1,1776625433.396702,11.06,Game,1,Predictable,2.32,0,,,7,,,130,Sound,,,
0,FORT,2,1,1776625433.396702,11.06,Game,1,Predictable,2.33,0,,,7,,,130,Sound,,,
0,FORT,2,1,1776625433.396702,11.07,Game,1,Predictable,2.34,0,,,7,,,130,Sound,,,
0,FORT,2,1,1776625433.396702,11.08,Game,1,Predictable,2.35,0,,,7,,,130,Sound,,,
0,FORT,2,1,1776625433.396702,11.09,Game,1,Predictable,2.35,0,,,7,,,130,Sound,,,
0,FORT,2,1,1776625433.396702,11.1,Game,1,Predictable,2.37,0,,,7,,,130,Sound,,,
0,FORT,2,1,1776625433.396702,11.11,Game,1,Predictable,2.37,0,,,7,,,130,Sound,,,
0,FORT,2,1,1776625433.396702,11.11,Game,1,Predictable,2.38,0,,,7,,,130,Sound,,,
0,FORT,2,1,1776625433.396702,11.12,Game,1,Predictable,2.39,0,,,7,,,130,Sound,,,
0,FORT,2,1,1776625433.396702,11.13,Game,1,Predictable,2.4,0,,,7,,,130,Sound,,,
0,FORT,2,1,1776625433.396702,11.14,Game,1,Predictable,2.4,0,,,7,,,130,Sound,,,
0,FORT,2,1,1776625433.396702,11.15,Game,1,Predictable,2.42,0,,,7,,,130,Sound,,,
0,FORT,2,1,1776625433.396702,11.16,Game,1,Predictable,2.42,0,,,7,,,130,Sound,,,
0,FORT,2,1,1776625433.396702,11.16,Game,1,Predictable,2.43,0,,,7,,,130,Sound,,,
0,FORT,2,1,1776625433.396702,11.17,Game,1,Predictable,2.44,0,,,7,,,130,Sound,,,
0,FORT,2,1,1776625433.396702,11.18,Game,1,Predictable,2.45,0,,,7,,,130,Sound,,,
0,FORT,2,1,1776625433.396702,11.19,Game,1,Predictable,2.46,0,,,7,,,130,Sound,,,
0,FORT,2,1,1776625433.396702,11.2,Game,1,Predictable,2.46,0,,,7,,,130,Sound,,,
0,FORT,2,1,1776625433.396702,11.21,Game,1,Predictable,2.47,0,,,7,,,130,Sound,,,
0,FORT,2,1,1776625433.396702,11.21,Game,1,Predictable,2.48,0,,,7,,,130,Sound,,,
0,FORT,2,1,1776625433.396702,11.22,Game,1,Predictable,2.49,0,,,7,,,130,Sound,,,
0,FORT,2,1,1776625433.396702,11.23,Game,1,Predictable,2.5,0,,,7,,,130,Sound,,,
0,FORT,2,1,1776625433.396702,11.24,Game,1,Predictable,2.51,0,,,7,,,130,Sound,,,
0,FORT,2,1,1776625433.396702,11.25,Game,1,Predictable,2.52,0,,,7,,,130,Sound,,,
0,FORT,2,1,1776625433.396702,11.26,Game,1,Predictable,2.52,0,,,7,,,130,Sound,,,
0,FORT,2,1,1776625433.396702,11.26,Game,1,Predictable,2.53,0,,,7,,,130,Sound,,,
0,FORT,2,1,1776625433.396702,11.27,Game,1,Predictable,2.54,0,,,7,,,130,Sound,,,
0,FORT,2,1,1776625433.396702,11.28,Game,1,Predictable,2.55,0,,,7,,,130,Sound,,,
0,FORT,2,1,1776625433.396702,11.29,Game,1,Predictable,2.55,0,,,7,,,130,Sound,,,
0,FORT,2,1,1776625433.396702,11.3,Game,1,Predictable,2.57,0,,,7,,,130,Sound,,,
0,FORT,2,1,1776625433.396702,11.31,Game,1,Predictable,2.57,0,,,7,,,130,Sound,,,
0,FORT,2,1,1776625433.396702,11.31,Game,1,Predictable,2.58,0,,,7,,,130,Sound,,,
0,FORT,2,1,1776625433.396702,11.32,Game,1,Predictable,2.59,0,,,7,,,130,Sound,,,
0,FORT,2,1,1776625433.396702,11.33,Game,1,Predictable,2.6,0,,,7,,,130,Sound,,,
0,FORT,2,1,1776625433.396702,11.34,Game,1,Predictable,2.6,0,,,7,,,130,Sound,,,
0,FORT,2,1,1776625433.396702,11.35,Game,1,Predictable,2.62,0,,,7,,,130,Sound,,,
0,FORT,2,1,1776625433.396702,11.36,Game,1,Predictable,2.62,0,,,7,,,130,Sound,,,
0,FORT,2,1,1776625433.396702,11.36,Game,1,Predictable,2.63,0,,,7,,,130,Sound,,,
0,FORT,2,1,1776625433.396702,11.37,Game,1,Predictable,2.64,0,,,7,,,130,Sound,,,
0,FORT,2,1,1776625433.396702,11.38,Game,1,Predictable,2.65,0,,,7,,,130,Sound,,,
0,FORT,2,1,1776625433.396702,11.39,Game,1,Predictable,2.65,0,,,7,,,130,Sound,,,
0,FORT,2,1,1776625433.396702,11.4,Game,1,Predictable,2.67,0,,,7,,,130,Sound,,,
0,FORT,2,1,1776625433.396702,11.41,Game,1,Predictable,2.67,0,,,7,,,130,Sound,,,
0,FORT,2,1,1776625433.396702,11.41,Game,1,Predictable,2.68,0,,,7,,,130,Sound,,,
0,FORT,2,1,1776625433.396702,11.42,Game,1,Predictable,2.69,0,,,7,,,130,Sound,,,
0,FORT,2,1,1776625433.396702,11.43,Game,1,Predictable,2.7,0,,,7,,,130,Sound,,,
0,FORT,2,1,1776625433.396702,11.44,Game,1,Predictable,2.7,0,,,7,,,130,Sound,,,
0,FORT,2,1,1776625433.396702,11.45,Game,1,Predictable,2.72,0,,,7,,,130,Sound,,,
0,FORT,2,1,1776625433.396702,11.46,Game,1,Predictable,2.72,0,,,7,,,130,Sound,,,
0,FORT,2,1,1776625433.396702,11.46,Game,1,Predictable,2.73,0,,,7,,,130,Sound,,,
0,FORT,2,1,1776625433.396702,11.47,Game,1,Predictable,2.74,0,,,7,,,130,Sound,,,
0,FORT,2,1,1776625433.396702,11.48,Game,1,Predictable,2.75,0,,,7,,,130,Sound,,,
0,FORT,2,1,1776625433.396702,11.49,Game,1,Predictable,2.75,0,,,7,,,130,Sound,,,
0,FORT,2,1,1776625433.396702,11.5,Game,1,Predictable,2.77,0,,,7,,,130,Sound,,,
0,FORT,2,1,1776625433.396702,11.51,Game,1,Predictable,2.77,0,,,7,,,130,Sound,,,
0,FORT,2,1,1776625433.396702,11.51,Game,1,Predictable,2.78,0,,,7,,,130,Sound,,,
0,FORT,2,1,1776625433.396702,11.52,Game,1,Predictable,2.79,0,,,7,,,130,Sound,,,
0,FORT,2,1,1776625433.396702,11.53,Game,1,Predictable,2.8,0,,,7,,,130,Sound,,,
0,FORT,2,1,1776625433.396702,11.54,Game,1,Predictable,2.8,0,,,7,,,130,Sound,,,
0,FORT,2,1,1776625433.396702,11.55,Game,1,Predictable,2.82,0,,,7,,,130,Sound,,,
0,FORT,2,1,1776625433.396702,11.56,Game,1,Predictable,2.82,0,,,7,,,130,Sound,,,
0,FORT,2,1,1776625433.396702,11.56,Game,1,Predictable,2.83,0,,,7,,,130,Sound,,,
0,FORT,2,1,1776625433.396702,11.57,Game,1,Predictable,2.84,0,,,7,,,130,Sound,,,
0,FORT,2,1,1776625433.396702,11.58,Game,1,Predictable,2.85,0,,,6,,,130,Sound,,,
0,FORT,2,1,1776625433.396702,11.59,Game,1,Predictable,2.86,0,,,6,,,130,Sound,,,
0,FORT,2,1,1776625433.396702,11.6,Game,1,Predictable,2.87,0,,,6,,,130,Sound,,,
0,FORT,2,1,1776625433.396702,11.61,Game,1,Predictable,2.87,0,,,6,,,130,Sound,,,
0,FORT,2,1,1776625433.396702,11.61,Game,1,Predictable,2.88,0,,,6,,,130,Sound,,,
0,FORT,2,1,1776625433.396702,11.62,Game,1,Predictable,2.89,0,,,6,,,130,Sound,,,
0,FORT,2,1,1776625433.396702,11.63,Game,1,Predictable,2.9,0,,,6,,,130,Sound,,,
0,FORT,2,1,1776625433.396702,11.64,Game,1,Predictable,2.9,0,,,6,,,130,Sound,,,
0,FORT,2,1,1776625433.396702,11.65,Game,1,Predictable,2.92,0,,,6,,,130,Sound,,,
0,FORT,2,1,1776625433.396702,11.66,Game,1,Predictable,2.92,0,,,6,,,130,Sound,,,
0,FORT,2,1,1776625433.396702,11.66,Game,1,Predictable,2.93,0,,,6,,,130,Sound,,,
0,FORT,2,1,1776625433.396702,11.67,Game,1,Predictable,2.94,0,,,6,,,130,Sound,,,
0,FORT,2,1,1776625433.396702,11.68,Game,1,Predictable,2.95,0,,,6,,,130,Sound,,,
0,FORT,2,1,1776625433.396702,11.69,Game,1,Predictable,2.95,0,,,6,,,130,Sound,,,
0,FORT,2,1,1776625433.396702,11.7,Game,1,Predictable,2.97,0,,,6,,,130,Sound,,,
0,FORT,2,1,1776625433.396702,11.71,Game,1,Predictable,2.97,0,,,6,,,130,Sound,,,
0,FORT,2,1,1776625433.396702,11.71,Game,1,Predictable,2.98,0,,,6,,,130,Sound,,,
0,FORT,2,1,1776625433.396702,11.72,Game,1,Predictable,2.99,0,,,6,,,130,Sound,,,
0,FORT,2,1,1776625433.396702,11.73,Game,1,Predictable,3.0,0,,,6,,,130,Sound,,,
0,FORT,2,1,1776625433.396702,11.74,Game,1,Predictable,3.0,0,,,6,,,130,Sound,,,
0,FORT,2,1,1776625433.396702,11.75,Game,1,Predictable,3.02,0,,,6,,,130,Sound,,,
0,FORT,2,1,1776625433.396702,11.76,Game,1,Predictable,3.02,0,,,6,,,130,Sound,,,
0,FORT,2,1,1776625433.396702,11.76,Game,1,Predictable,3.03,0,,,6,,,130,Sound,,,
0,FORT,2,1,1776625433.396702,11.77,Game,1,Predictable,3.04,0,,,6,,,130,Sound,,,
0,FORT,2,1,1776625433.396702,11.78,Game,1,Predictable,3.05,0,,,6,,,130,Sound,,,
0,FORT,2,1,1776625433.396702,11.79,Game,1,Predictable,3.05,0,,,6,,,130,Sound,,,
0,FORT,2,1,1776625433.396702,11.8,Game,1,Predictable,3.07,0,,,6,,,130,Sound,,,
0,FORT,2,1,1776625433.396702,11.81,Game,1,Predictable,3.07,0,,,6,,,130,Sound,,,
0,FORT,2,1,1776625433.396702,11.81,Game,1,Predictable,3.08,0,,,6,,,130,Sound,,,
0,FORT,2,1,1776625433.396702,11.82,Game,1,Predictable,3.09,0,,,6,,,130,Sound,,,
0,FORT,2,1,1776625433.396702,11.83,Game,1,Predictable,3.1,0,,,5,,,130,Sound,,,
0,FORT,2,1,1776625433.396702,11.84,Game,1,Predictable,3.11,0,,,5,,,130,Sound,,,
0,FORT,2,1,1776625433.396702,11.85,Game,1,Predictable,3.12,0,,,5,,,130,Sound,,,
0,FORT,2,1,1776625433.396702,11.86,Game,1,Predictable,3.12,0,,,5,,,130,Sound,,,
0,FORT,2,1,1776625433.396702,11.86,Game,1,Predictable,3.13,0,,,5,,,130,Sound,,,
0,FORT,2,1,1776625433.396702,11.87,Game,1,Predictable,3.14,0,,,5,,,130,Sound,,,
0,FORT,2,1,1776625433.396702,11.88,Game,1,Predictable,3.15,0,,,5,,,130,Sound,,,
0,FORT,2,1,1776625433.396702,11.89,Game,1,Predictable,3.15,0,,,5,,,130,Sound,,,
0,FORT,2,1,1776625433.396702,11.9,Game,1,Predictable,3.17,0,,,5,,,130,Sound,,,
0,FORT,2,1,1776625433.396702,11.91,Game,1,Predictable,3.17,0,,,5,,,130,Sound,,,
0,FORT,2,1,1776625433.396702,11.91,Game,1,Predictable,3.18,0,,,5,,,130,Sound,,,
0,FORT,2,1,1776625433.396702,11.92,Game,1,Predictable,3.19,0,,,5,,,130,Sound,,,
0,FORT,2,1,1776625433.396702,11.93,Game,1,Predictable,3.2,0,,,5,,,130,Sound,,,
0,FORT,2,1,1776625433.396702,11.94,Game,1,Predictable,3.2,0,,,5,,,130,Sound,,,
0,FORT,2,1,1776625433.396702,11.95,Game,1,Predictable,3.22,0,,,5,,,130,Sound,,,
0,FORT,2,1,1776625433.396702,11.96,Game,1,Predictable,3.22,0,,,5,,,130,Sound,,,
0,FORT,2,1,1776625433.396702,11.96,Game,1,Predictable,3.23,0,,,5,,,130,Sound,,,
0,FORT,2,1,1776625433.396702,11.97,Game,1,Predictable,3.24,0,,,5,,,130,Sound,,,
0,FORT,2,1,1776625433.396702,11.98,Game,1,Predictable,3.25,0,,,5,,,130,Sound,,,
0,FORT,2,1,1776625433.396702,11.99,Game,1,Predictable,3.25,0,,,5,,,130,Sound,,,
0,FORT,2,1,1776625433.396702,12.0,Game,1,Predictable,3.27,0,,,5,,,130,Sound,,,
0,FORT,2,1,1776625433.396702,12.01,Game,1,Predictable,3.27,0,,,5,,,130,Sound,,,
0,FORT,2,1,1776625433.396702,12.01,Game,1,Predictable,3.28,0,,,5,,,130,Sound,,,
0,FORT,2,1,1776625433.396702,12.02,Game,1,Predictable,3.29,0,,,5,,,130,Sound,,,
0,FORT,2,1,1776625433.396702,12.03,Game,1,Predictable,3.3,0,,,5,,,130,Sound,,,
0,FORT,2,1,1776625433.396702,12.04,Game,1,Predictable,3.3,0,,,5,,,130,Sound,,,
0,FORT,2,1,1776625433.396702,12.05,Game,1,Predictable,3.32,0,,,5,,,130,Sound,,,
0,FORT,2,1,1776625433.396702,12.06,Game,1,Predictable,3.32,0,,,4,,,130,Sound,,,
0,FORT,2,1,1776625433.396702,12.06,Game,1,Predictable,3.33,0,,,4,,,130,Sound,,,
0,FORT,2,1,1776625433.396702,12.07,Game,1,Predictable,3.34,0,,,4,,,130,Sound,,,
0,FORT,2,1,1776625433.396702,12.08,Game,1,Predictable,3.35,0,,,4,,,130,Sound,,,
0,FORT,2,1,1776625433.396702,12.09,Game,1,Predictable,3.35,0,,,4,,,130,Sound,,,
0,FORT,2,1,1776625433.396702,12.1,Game,1,Predictable,3.37,0,,,4,,,130,Sound,,,
0,FORT,2,1,1776625433.396702,12.11,Game,1,Predictable,3.37,0,,,4,,,130,Sound,,,
0,FORT,2,1,1776625433.396702,12.11,Game,1,Predictable,3.38,0,,,4,,,130,Sound,,,
0,FORT,2,1,1776625433.396702,12.12,Game,1,Predictable,3.39,0,,,4,,,130,Sound,,,
0,FORT,2,1,1776625433.396702,12.13,Game,1,Predictable,3.4,0,,,4,,,130,Sound,,,
0,FORT,2,1,1776625433.396702,12.14,Game,1,Predictable,3.4,0,,,4,,,130,Sound,,,
0,FORT,2,1,1776625433.396702,12.15,Game,1,Predictable,3.42,0,,,4,,,130,Sound,,,
0,FORT,2,1,1776625433.396702,12.16,Game,1,Predictable,3.42,0,,,4,,,130,Sound,,,
0,FORT,2,1,1776625433.396702,12.16,Game,1,Predictable,3.43,0,,,4,,,130,Sound,,,
0,FORT,2,1,1776625433.396702,12.17,Game,1,Predictable,3.44,0,,,4,,,130,Sound,,,
0,FORT,2,1,1776625433.396702,12.18,Game,1,Predictable,3.45,0,,,4,,,130,Sound,,,
0,FORT,2,1,1776625433.396702,12.19,Game,1,Predictable,3.45,0,,,4,,,130,Sound,,,
0,FORT,2,1,1776625433.396702,12.2,Game,1,Predictable,3.47,0,,,4,,,130,Sound,,,
0,FORT,2,1,1776625433.396702,12.21,Game,1,Predictable,3.47,0,,,4,,,130,Sound,,,
0,FORT,2,1,1776625433.396702,12.21,Game,1,Predictable,3.48,0,,,4,,,130,Sound,,,
0,FORT,2,1,1776625433.396702,12.22,Game,1,Predictable,3.49,0,,,4,,,130,Sound,,,
0,FORT,2,1,1776625433.396702,12.23,Game,1,Predictable,3.5,0,,,4,,,130,Sound,,,
0,FORT,2,1,1776625433.396702,12.24,Game,1,Predictable,3.5,0,,,4,,,130,Sound,,,
0,FORT,2,1,1776625433.396702,12.25,Game,1,Predictable,3.52,0,,,4,,,130,Sound,,,
0,FORT,2,1,1776625433.396702,12.26,Game,1,Predictable,3.52,0,,,4,,,130,Sound,,,
0,FORT,2,1,1776625433.396702,12.26,Game,1,Predictable,3.53,0,,,4,,,130,Sound,,,
0,FORT,2,1,1776625433.396702,12.27,Game,1,Predictable,3.54,0,,,4,,,130,Sound,,,
0,FORT,2,1,1776625433.396702,12.28,Game,1,Predictable,3.55,0,,,4,,,130,Sound,,,
0,FORT,2,1,1776625433.396702,12.29,Game,1,Predictable,3.55,0,,,4,,,130,Sound,,,
0,FORT,2,1,1776625433.396702,12.3,Game,1,Predictable,3.57,0,,,4,,,130,Sound,,,
0,FORT,2,1,1776625433.396702,12.31,Game,1,Predictable,3.57,0,,,4,,,130,Sound,,,
0,FORT,2,1,1776625433.396702,12.31,Game,1,Predictable,3.58,0,,,4,,,130,Sound,,,
0,FORT,2,1,1776625433.396702,12.32,Game,1,Predictable,3.59,0,,,4,,,130,Sound,,,
0,FORT,2,1,1776625433.396702,12.33,Game,1,Predictable,3.6,0,,,4,,,130,Sound,,,
0,FORT,2,1,1776625433.396702,12.34,Game,1,Predictable,3.61,0,,,4,,,130,Sound,,,
0,FORT,2,1,1776625433.396702,12.35,Game,1,Predictable,3.62,0,,,4,,,130,Sound,,,
0,FORT,2,1,1776625433.396702,12.36,Game,1,Predictable,3.62,0,,,4,,,130,Sound,,,
0,FORT,2,1,1776625433.396702,12.36,Game,1,Predictable,3.63,0,,,4,,,130,Sound,,,
0,FORT,2,1,1776625433.396702,12.37,Game,1,Predictable,3.64,0,,,4,,,130,Sound,,,
0,FORT,2,1,1776625433.396702,12.38,Game,1,Predictable,3.65,0,,,4,,,130,Sound,,,
0,FORT,2,1,1776625433.396702,12.39,Game,1,Predictable,3.65,0,,,4,,,130,Sound,,,
0,FORT,2,1,1776625433.396702,12.4,Game,1,Predictable,3.67,0,,,4,,,130,Sound,,,
0,FORT,2,1,1776625433.396702,12.41,Game,1,Predictable,3.67,0,,,4,,,130,Sound,,,
0,FORT,2,1,1776625433.396702,12.41,Game,1,Predictable,3.68,0,,,4,,,130,Sound,,,
0,FORT,2,1,1776625433.396702,12.42,Game,1,Predictable,3.69,0,,,4,,,130,Sound,,,
0,FORT,2,1,1776625433.396702,12.43,Game,1,Predictable,3.7,0,,,4,,,130,Sound,,,
0,FORT,2,1,1776625433.396702,12.44,Game,1,Predictable,3.7,0,,,4,,,130,Sound,,,
0,FORT,2,1,1776625433.396702,12.45,Game,1,Predictable,3.72,0,,,4,,,130,Sound,,,
0,FORT,2,1,1776625433.396702,12.46,Game,1,Predictable,3.72,0,,,4,,,130,Sound,,,
0,FORT,2,1,1776625433.396702,12.46,Game,1,Predictable,3.73,0,,,4,,,130,Sound,,,
0,FORT,2,1,1776625433.396702,12.47,Game,1,Predictable,3.74,0,,,4,,,130,Sound,,,
0,FORT,2,1,1776625433.396702,12.48,Game,1,Predictable,3.75,0,,,4,,,130,Sound,,,
0,FORT,2,1,1776625433.396702,12.49,Game,1,Predictable,3.75,0,,,4,,,130,Sound,,,
0,FORT,2,1,1776625433.396702,12.5,Game,1,Predictable,3.77,0,,,4,,,130,Sound,,,
0,FORT,2,1,1776625433.396702,12.51,Game,1,Predictable,3.77,0,,,4,,,130,Sound,,,
0,FORT,2,1,1776625433.396702,12.51,Game,1,Predictable,3.78,0,,,4,,,130,Sound,,,
0,FORT,2,1,1776625433.396702,12.52,Game,1,Predictable,3.79,0,,,4,,,130,Sound,,,
0,FORT,2,1,1776625433.396702,12.53,Game,1,Predictable,3.8,0,,,4,,,130,Sound,,,
0,FORT,2,1,1776625433.396702,12.54,Game,1,Predictable,3.8,0,,,4,,,130,Sound,,,
0,FORT,2,1,1776625433.396702,12.55,Game,1,Predictable,3.82,0,,,4,,,130,Sound,,,
0,FORT,2,1,1776625433.396702,12.56,Game,1,Predictable,3.82,0,,,4,,,130,Sound,,,
0,FORT,2,1,1776625433.396702,12.56,Game,1,Predictable,3.83,0,,,4,,,130,Sound,,,
0,FORT,2,1,1776625433.396702,12.57,Game,1,Predictable,3.84,0,,,4,,,130,Sound,,,
0,FORT,2,1,1776625433.396702,12.58,Game,1,Predictable,3.85,0,,,4,,,130,Sound,,,
0,FORT,2,1,1776625433.396702,12.59,Game,1,Predictable,3.85,0,,,4,,,130,Sound,,,
0,FORT,2,1,1776625433.396702,12.6,Game,1,Predictable,3.87,0,,,4,,,130,Sound,,,
0,FORT,2,1,1776625433.396702,12.61,Game,1,Predictable,3.87,0,,,4,,,130,Sound,,,
0,FORT,2,1,1776625433.396702,12.61,Game,1,Predictable,3.88,0,,,4,,,130,Sound,,,
0,FORT,2,1,1776625433.396702,12.62,Game,1,Predictable,3.89,0,,,4,,,130,Sound,,,
0,FORT,2,1,1776625433.396702,12.63,Game,1,Predictable,3.9,0,,,4,,,130,Sound,,,
0,FORT,2,1,1776625433.396702,12.64,Game,1,Predictable,3.9,0,,,4,,,130,Sound,,,
0,FORT,2,1,1776625433.396702,12.65,Game,1,Predictable,3.92,0,,,4,,,130,Sound,,,
0,FORT,2,1,1776625433.396702,12.66,Game,1,Predictable,3.92,0,,,4,,,130,Sound,,,
0,FORT,2,1,1776625433.396702,12.66,Game,1,Predictable,3.93,0,,,4,,,130,Sound,,,
0,FORT,2,1,1776625433.396702,12.67,Game,1,Predictable,3.94,0,,,4,,,130,Sound,,,
0,FORT,2,1,1776625433.396702,12.68,Game,1,Predictable,3.95,0,,,4,,,130,Sound,,,
0,FORT,2,1,1776625433.396702,12.69,Game,1,Predictable,3.95,0,,,4,,,130,Sound,,,
0,FORT,2,1,1776625433.396702,12.7,Game,1,Predictable,3.97,0,,,4,,,130,Sound,,,
0,FORT,2,1,1776625433.396702,12.71,Game,1,Predictable,3.97,0,,,4,,,130,Sound,,,
0,FORT,2,1,1776625433.396702,12.71,Game,1,Predictable,3.98,0,,,4,,,130,Sound,,,
0,FORT,2,1,1776625433.396702,12.72,Game,1,Predictable,3.99,0,,,4,,,130,Sound,,,
0,FORT,2,1,1776625433.396702,12.73,Game,1,Predictable,4.0,0,,,4,,,130,Sound,,,
0,FORT,2,1,1776625433.396702,12.74,Game,1,Predictable,4.0,0,,,4,,,130,Sound,,,
0,FORT,2,1,1776625433.396702,12.75,Game,1,Predictable,4.02,0,,,4,,,130,Sound,,,
0,FORT,2,1,1776625433.396702,12.76,Game,1,Predictable,4.02,0,,,4,,,130,Sound,,,
0,FORT,2,1,1776625433.396702,12.76,Game,1,Predictable,4.03,0,,,4,,,130,Sound,,,
0,FORT,2,1,1776625433.396702,12.77,Game,1,Predictable,4.04,0,,,4,,,130,Sound,,,
0,FORT,2,1,1776625433.396702,12.78,Game,1,Predictable,4.05,0,,,4,,,130,Sound,,,
0,FORT,2,1,1776625433.396702,12.79,Game,1,Predictable,4.05,0,,,4,,,130,Sound,,,
0,FORT,2,1,1776625433.396702,12.8,Game,1,Predictable,4.07,0,,,4,,,130,Sound,,,
0,FORT,2,1,1776625433.396702,12.81,Game,1,Predictable,4.07,0,,,4,,,130,Sound,,,
0,FORT,2,1,1776625433.396702,12.81,Game,1,Predictable,4.08,0,,,4,,,130,Sound,,,
0,FORT,2,1,1776625433.396702,12.82,Game,1,Predictable,4.09,0,,,4,,,130,Sound,,,
0,FORT,2,1,1776625433.396702,12.83,Game,1,Predictable,4.1,0,,,4,,,130,Sound,,,
0,FORT,2,1,1776625433.396702,12.84,Game,1,Predictable,4.1,0,,,4,,,130,Sound,,,
0,FORT,2,1,1776625433.396702,12.85,Game,1,Predictable,4.12,0,,,4,,,130,Sound,,,
0,FORT,2,1,1776625433.396702,12.86,Game,1,Predictable,4.12,0,,,4,,,130,Sound,,,
0,FORT,2,1,1776625433.396702,12.86,Game,1,Predictable,4.13,0,,,4,,,130,Sound,,,
0,FORT,2,1,1776625433.396702,12.87,Game,1,Predictable,4.14,0,,,4,,,130,Sound,,,
0,FORT,2,1,1776625433.396702,12.88,Game,1,Predictable,4.15,0,,,4,,,130,Sound,,,
0,FORT,2,1,1776625433.396702,12.89,Game,1,Predictable,4.16,0,,,4,,,130,Sound,,,
0,FORT,2,1,1776625433.396702,12.9,Game,1,Predictable,4.17,0,,,4,,,130,Sound,,,
0,FORT,2,1,1776625433.396702,12.91,Game,1,Predictable,4.17,0,,,4,,,130,Sound,,,
0,FORT,2,1,1776625433.396702,12.91,Game,1,Predictable,4.18,0,,,4,,,130,Sound,,,
0,FORT,2,1,1776625433.396702,12.92,Game,1,Predictable,4.19,0,,,4,,,130,Sound,,,
0,FORT,2,1,1776625433.396702,12.93,Game,1,Predictable,4.2,0,,,4,,,130,Sound,,,
0,FORT,2,1,1776625433.396702,12.94,Game,1,Predictable,4.2,0,,,4,,,130,Sound,,,
0,FORT,2,1,1776625433.396702,12.95,Game,1,Predictable,4.22,0,,,4,,,130,Sound,,,
0,FORT,2,1,1776625433.396702,12.96,Game,1,Predictable,4.22,0,,,4,,,130,Sound,,,
0,FORT,2,1,1776625433.396702,12.96,Game,1,Predictable,4.23,0,,,4,,,130,Sound,,,
0,FORT,2,1,1776625433.396702,12.97,Game,1,Predictable,4.24,0,,,4,,,130,Sound,,,
0,FORT,2,1,1776625433.396702,12.98,Game,1,Predictable,4.25,0,,,4,,,130,Sound,,,
0,FORT,2,1,1776625433.396702,12.99,Game,1,Predictable,4.25,0,,,4,,,130,Sound,,,
0,FORT,2,1,1776625433.396702,13.0,Game,1,Predictable,4.27,0,,,4,,,130,Sound,,,
0,FORT,2,1,1776625433.396702,13.01,Game,1,Predictable,4.27,0,,,4,,,130,Sound,,,
0,FORT,2,1,1776625433.396702,13.01,Game,1,Predictable,4.28,0,,,4,,,130,Sound,,,
0,FORT,2,1,1776625433.396702,13.02,Game,1,Predictable,4.29,0,,,4,,,130,Sound,,,
0,FORT,2,1,1776625433.396702,13.03,Game,1,Predictable,4.3,0,,,4,,,130,Sound,,,
0,FORT,2,1,1776625433.396702,13.04,Game,1,Predictable,4.31,0,,,4,,,130,Sound,,,
0,FORT,2,1,1776625433.396702,13.05,Game,1,Predictable,4.32,0,,,4,,,130,Sound,,,
0,FORT,2,1,1776625433.396702,13.06,Game,1,Predictable,4.32,0,,,4,,,130,Sound,,,
0,FORT,2,1,1776625433.396702,13.06,Game,1,Predictable,4.33,0,,,4,,,130,Sound,,,
0,FORT,2,1,1776625433.396702,13.07,Game,1,Predictable,4.34,0,,,4,,,130,Sound,,,
0,FORT,2,1,1776625433.396702,13.08,Game,1,Predictable,4.35,0,,,4,,,130,Sound,,,
0,FORT,2,1,1776625433.396702,13.09,Game,1,Predictable,4.36,0,,,4,,,130,Sound,,,
0,FORT,2,1,1776625433.396702,13.1,Game,1,Predictable,4.37,0,,,4,,,130,Sound,,,
0,FORT,2,1,1776625433.396702,13.11,Game,1,Predictable,4.37,0,,,4,,,130,Sound,,,
0,FORT,2,1,1776625433.396702,13.11,Game,1,Predictable,4.38,0,,,4,,,130,Sound,,,
0,FORT,2,1,1776625433.396702,13.12,Game,1,Predictable,4.39,0,,,4,,,130,Sound,,,
0,FORT,2,1,1776625433.396702,13.13,Game,1,Predictable,4.4,0,,,4,,,130,Sound,,,
0,FORT,2,1,1776625433.396702,13.14,Game,1,Predictable,4.41,0,,,4,,,130,Sound,,,
0,FORT,2,1,1776625433.396702,13.15,Game,1,Predictable,4.42,0,,,4,,,130,Sound,,,
0,FORT,2,1,1776625433.396702,13.16,Game,1,Predictable,4.42,0,,,4,,,130,Sound,,,
0,FORT,2,1,1776625433.396702,13.16,Game,1,Predictable,4.43,0,,,4,,,130,Sound,,,
0,FORT,2,1,1776625433.396702,13.17,Game,1,Predictable,4.44,0,,,4,,,130,Sound,,,
0,FORT,2,1,1776625433.396702,13.18,Game,1,Predictable,4.45,0,,,4,,,130,Sound,,,
0,FORT,2,1,1776625433.396702,13.19,Game,1,Predictable,4.46,0,,,4,,,130,Sound,,,
0,FORT,2,1,1776625433.396702,13.2,Game,1,Predictable,4.47,0,,,4,,,130,Sound,,,
0,FORT,2,1,1776625433.396702,13.21,Game,1,Predictable,4.47,0,,,4,,,130,Sound,,,
0,FORT,2,1,1776625433.396702,13.21,Game,1,Predictable,4.48,0,,,4,,,130,Sound,,,
0,FORT,2,1,1776625433.396702,13.22,Game,1,Predictable,4.49,0,,,4,,,130,Sound,,,
0,FORT,2,1,1776625433.396702,13.23,Game,1,Predictable,4.5,0,,,4,,,130,Sound,,,
0,FORT,2,1,1776625433.396702,13.24,Game,1,Predictable,4.51,0,,,4,,,130,Sound,,,
0,FORT,2,1,1776625433.396702,13.25,Game,1,Predictable,4.52,0,,,4,,,130,Sound,,,
0,FORT,2,1,1776625433.396702,13.26,Game,1,Predictable,4.52,0,,,4,,,130,Sound,,,
0,FORT,2,1,1776625433.396702,13.26,Game,1,Predictable,4.53,0,,,4,,,130,Sound,,,
0,FORT,2,1,1776625433.396702,13.27,Game,1,Predictable,4.54,0,,,4,,,130,Sound,,,
0,FORT,2,1,1776625433.396702,13.28,Game,1,Predictable,4.55,0,,,4,,,130,Sound,,,
0,FORT,2,1,1776625433.396702,13.29,Game,1,Predictable,4.56,0,,,4,,,130,Sound,,,
0,FORT,2,1,1776625433.396702,13.3,Game,1,Predictable,4.57,0,,,4,,,130,Sound,,,
0,FORT,2,1,1776625433.396702,13.31,Game,1,Predictable,4.57,0,,,4,,,130,Sound,,,
0,FORT,2,1,1776625433.396702,13.31,Game,1,Predictable,4.58,0,,,4,,,130,Sound,,,
0,FORT,2,1,1776625433.396702,13.32,Game,1,Predictable,4.59,0,,,4,,,130,Sound,,,
0,FORT,2,1,1776625433.396702,13.33,Game,1,Predictable,4.6,0,,,4,,,130,Sound,,,
0,FORT,2,1,1776625433.396702,13.34,Game,1,Predictable,4.61,0,,,4,,,130,Sound,,,
0,FORT,2,1,1776625433.396702,13.35,Game,1,Predictable,4.62,0,,,4,,,130,Sound,,,
0,FORT,2,1,1776625433.396702,13.36,Game,1,Predictable,4.62,0,,,4,,,130,Sound,,,
0,FORT,2,1,1776625433.396702,13.36,Game,1,Predictable,4.63,0,,,4,,,130,Sound,,,
0,FORT,2,1,1776625433.396702,13.37,Game,1,Predictable,4.64,0,,,4,,,130,Sound,,,
0,FORT,2,1,1776625433.396702,13.38,Game,1,Predictable,4.65,0,,,4,,,130,Sound,,,
0,FORT,2,1,1776625433.396702,13.39,Game,1,Predictable,4.66,0,,,4,,,130,Sound,,,
0,FORT,2,1,1776625433.396702,13.4,Game,1,Predictable,4.67,0,,,4,,,130,Sound,,,
0,FORT,2,1,1776625433.396702,13.41,Game,1,Predictable,4.67,0,,,4,,,130,Sound,,,
0,FORT,2,1,1776625433.396702,13.41,Game,1,Predictable,4.68,0,,,4,,,130,Sound,,,
0,FORT,2,1,1776625433.396702,13.42,Game,1,Predictable,4.69,0,,,4,,,130,Sound,,,
0,FORT,2,1,1776625433.396702,13.43,Game,1,Predictable,4.7,0,,,4,,,130,Sound,,,
0,FORT,2,1,1776625433.396702,13.44,Game,1,Predictable,4.71,0,,,4,,,130,Sound,,,
0,FORT,2,1,1776625433.396702,13.45,Game,1,Predictable,4.72,0,,,4,,,130,Sound,,,
0,FORT,2,1,1776625433.396702,13.46,Game,1,Predictable,4.72,0,,,4,,,130,Sound,,,
0,FORT,2,1,1776625433.396702,13.46,Game,1,Predictable,4.73,0,,,4,,,130,Sound,,,
0,FORT,2,1,1776625433.396702,13.47,Game,1,Predictable,4.74,0,,,4,,,130,Sound,,,
0,FORT,2,1,1776625433.396702,13.48,Game,1,Predictable,4.75,0,,,4,,,130,Sound,,,
0,FORT,2,1,1776625433.396702,13.49,Game,1,Predictable,4.76,0,,,4,,,130,Sound,,,
0,FORT,2,1,1776625433.396702,13.5,Game,1,Predictable,4.77,0,,,4,,,130,Sound,,,
0,FORT,2,1,1776625433.396702,13.51,Game,1,Predictable,4.77,0,,,4,,,130,Sound,,,
0,FORT,2,1,1776625433.396702,13.51,Game,1,Predictable,4.78,0,,,4,,,130,Sound,,,
0,FORT,2,1,1776625433.396702,13.52,Game,1,Predictable,4.79,0,,,4,,,130,Sound,,,
0,FORT,2,1,1776625433.396702,13.53,Game,1,Predictable,4.8,0,,,4,,,130,Sound,,,
0,FORT,2,1,1776625433.396702,13.54,Game,1,Predictable,4.81,0,,,4,,,130,Sound,,,
0,FORT,2,1,1776625433.396702,13.55,Game,1,Predictable,4.82,0,,,4,,,130,Sound,,,
0,FORT,2,1,1776625433.396702,13.56,Game,1,Predictable,4.82,0,,,4,,,130,Sound,,,
0,FORT,2,1,1776625433.396702,13.56,Game,1,Predictable,4.83,0,,,4,,,130,Sound,,,
0,FORT,2,1,1776625433.396702,13.57,Game,1,Predictable,4.84,0,,,4,,,130,Sound,,,
0,FORT,2,1,1776625433.396702,13.58,Game,1,Predictable,4.85,0,,,4,,,130,Sound,,,
0,FORT,2,1,1776625433.396702,13.59,Game,1,Predictable,4.86,0,,,4,,,130,Sound,,,
0,FORT,2,1,1776625433.396702,13.6,Game,1,Predictable,4.87,0,,,4,,,130,Sound,,,
0,FORT,2,1,1776625433.396702,13.61,Game,1,Predictable,4.87,0,,,4,,,130,Sound,,,
0,FORT,2,1,1776625433.396702,13.61,Game,1,Predictable,4.88,0,,,4,,,130,Sound,,,
0,FORT,2,1,1776625433.396702,13.62,Game,1,Predictable,4.89,0,,,4,,,130,Sound,,,
0,FORT,2,1,1776625433.396702,13.63,Game,1,Predictable,4.9,0,,,4,,,130,Sound,,,
0,FORT,2,1,1776625433.396702,13.64,Game,1,Predictable,4.91,0,,,4,,,130,Sound,,,
0,FORT,2,1,1776625433.396702,13.65,Game,1,Predictable,4.92,0,,,4,,,130,Sound,,,
0,FORT,2,1,1776625433.396702,13.66,Game,1,Predictable,4.92,0,,,4,,,130,Sound,,,
0,FORT,2,1,1776625433.396702,13.66,Game,1,Predictable,4.93,0,,,4,,,130,Sound,,,
0,FORT,2,1,1776625433.396702,13.67,Game,1,Predictable,4.94,0,,,4,,,130,Sound,,,
0,FORT,2,1,1776625433.396702,13.68,Game,1,Predictable,4.95,0,,,4,,,130,Sound,,,
0,FORT,2,1,1776625433.396702,13.69,Game,1,Predictable,4.96,0,,,4,,,130,Sound,,,
0,FORT,2,1,1776625433.396702,13.7,Game,1,Predictable,4.97,0,,,4,,,130,Sound,,,
0,FORT,2,1,1776625433.396702,13.71,Game,1,Predictable,4.97,0,,,4,,,130,Sound,,,
0,FORT,2,1,1776625433.396702,13.71,Game,1,Predictable,4.98,0,,,4,,,130,Sound,,,
0,FORT,2,1,1776625433.396702,13.72,Game,1,Predictable,4.99,0,,,4,,,130,Sound,,,
0,FORT,2,1,1776625433.396702,13.73,Game,1,Predictable,5.0,0,,,4,,,130,Sound,,,
0,FORT,2,1,1776625433.396702,13.74,Game,1,Predictable,5.01,0,,,4,,,130,Sound,,,
0,FORT,2,1,1776625433.396702,13.75,Game,1,Predictable,5.02,0,,,4,,,130,Sound,,,
0,FORT,2,1,1776625433.396702,13.76,Game,1,Predictable,5.02,0,,,4,,,130,Sound,,,
0,FORT,2,1,1776625433.396702,13.76,Game,1,Predictable,5.03,0,,,4,,,130,Sound,,,
0,FORT,2,1,1776625433.396702,13.77,Game,1,Predictable,5.04,0,,,4,,,130,Sound,,,
0,FORT,2,1,1776625433.396702,13.78,Game,1,Predictable,5.05,0,,,4,,,130,Sound,,,
0,FORT,2,1,1776625433.396702,13.79,Game,1,Predictable,5.06,0,,,4,,,130,Sound,,,
0,FORT,2,1,1776625433.396702,13.8,Game,1,Predictable,5.07,0,,,4,,,130,Sound,,,
0,FORT,2,1,1776625433.396702,13.81,Game,1,Predictable,5.07,0,,,4,,,130,Sound,,,
0,FORT,2,1,1776625433.396702,13.81,Game,1,Predictable,5.08,0,,,4,,,130,Sound,,,
0,FORT,2,1,1776625433.396702,13.82,Game,1,Predictable,5.09,0,,,4,,,130,Sound,,,
0,FORT,2,1,1776625433.396702,13.83,Game,1,Predictable,5.1,0,,,4,,,130,Sound,,,
0,FORT,2,1,1776625433.396702,13.84,Game,1,Predictable,5.11,0,,,4,,,130,Sound,,,
0,FORT,2,1,1776625433.396702,13.85,Game,1,Predictable,5.12,0,,,4,,,130,Sound,,,
0,FORT,2,1,1776625433.396702,13.86,Game,1,Predictable,5.12,0,,,4,,,130,Sound,,,
0,FORT,2,1,1776625433.396702,13.86,Game,1,Predictable,5.13,0,,,4,,,130,Sound,,,
0,FORT,2,1,1776625433.396702,13.87,Game,1,Predictable,5.14,0,,,4,,,130,Sound,,,
0,FORT,2,1,1776625433.396702,13.88,Game,1,Predictable,5.15,0,,,4,,,130,Sound,,,
0,FORT,2,1,1776625433.396702,13.89,Game,1,Predictable,5.16,0,,,4,,,130,Sound,,,
0,FORT,2,1,1776625433.396702,13.9,Game,1,Predictable,5.17,0,,,4,,,130,Sound,,,
0,FORT,2,1,1776625433.396702,13.91,Game,1,Predictable,5.17,0,,,4,,,130,Sound,,,
0,FORT,2,1,1776625433.396702,13.91,Game,1,Predictable,5.18,0,,,4,,,130,Sound,,,
0,FORT,2,1,1776625433.396702,13.92,Game,1,Predictable,5.19,0,,,4,,,130,Sound,,,
0,FORT,2,1,1776625433.396702,13.93,Game,1,Predictable,5.2,0,,,4,,,130,Sound,,,
0,FORT,2,1,1776625433.396702,13.94,Game,1,Predictable,5.21,0,,,4,,,130,Sound,,,
0,FORT,2,1,1776625433.396702,13.95,Game,1,Predictable,5.22,0,,,4,,,130,Sound,,,
0,FORT,2,1,1776625433.396702,13.96,Game,1,Predictable,5.22,0,,,4,,,130,Sound,,,
0,FORT,2,1,1776625433.396702,13.96,Game,1,Predictable,5.23,0,,,4,,,130,Sound,,,
0,FORT,2,1,1776625433.396702,13.97,Game,1,Predictable,5.24,0,,,4,,,130,Sound,,,
0,FORT,2,1,1776625433.396702,13.98,Game,1,Predictable,5.25,0,,,4,,,130,Sound,,,
0,FORT,2,1,1776625433.396702,13.99,Game,1,Predictable,5.26,0,,,4,,,130,Sound,,,
0,FORT,2,1,1776625433.396702,14.0,Game,1,Predictable,5.27,0,,,4,,,130,Sound,,,
0,FORT,2,1,1776625433.396702,14.01,Game,1,Predictable,5.27,0,,,4,,,130,Sound,,,
0,FORT,2,1,1776625433.396702,14.01,Game,1,Predictable,5.28,0,,,4,,,130,Sound,,,
0,FORT,2,1,1776625433.396702,14.02,Game,1,Predictable,5.29,0,,,4,,,130,Sound,,,
0,FORT,2,1,1776625433.396702,14.03,Game,1,Predictable,5.3,0,,,4,,,130,Sound,,,
0,FORT,2,1,1776625433.396702,14.04,Game,1,Predictable,5.31,0,,,4,,,130,Sound,,,
0,FORT,2,1,1776625433.396702,14.05,Game,1,Predictable,5.32,0,,,4,,,130,Sound,,,
0,FORT,2,1,1776625433.396702,14.06,Game,1,Predictable,5.32,0,,,4,,,130,Sound,,,
0,FORT,2,1,1776625433.396702,14.06,Game,1,Predictable,5.33,0,,,4,,,130,Sound,,,
0,FORT,2,1,1776625433.396702,14.07,Game,1,Predictable,5.34,0,,,4,,,130,Sound,,,
0,FORT,2,1,1776625433.396702,14.08,Game,1,Predictable,5.35,0,,,4,,,130,Sound,,,
0,FORT,2,1,1776625433.396702,14.09,Game,1,Predictable,5.36,0,,,4,,,130,Sound,,,
0,FORT,2,1,1776625433.396702,14.1,Game,1,Predictable,5.37,0,,,4,,,130,Sound,,,
0,FORT,2,1,1776625433.396702,14.11,Game,1,Predictable,5.37,0,,,4,,,130,Sound,,,
0,FORT,2,1,1776625433.396702,14.11,Game,1,Predictable,5.38,0,,,4,,,130,Sound,,,
0,FORT,2,1,1776625433.396702,14.12,Game,1,Predictable,5.39,0,,,4,,,130,Sound,,,
0,FORT,2,1,1776625433.396702,14.13,Game,1,Predictable,5.4,0,,,4,,,130,Sound,,,
0,FORT,2,1,1776625433.396702,14.14,Game,1,Predictable,5.41,0,,,4,,,130,Sound,,,
0,FORT,2,1,1776625433.396702,14.15,Game,1,Predictable,5.42,0,,,4,,,130,Sound,,,
0,FORT,2,1,1776625433.396702,14.16,Game,1,Predictable,5.42,0,,,4,,,130,Sound,,,
0,FORT,2,1,1776625433.396702,14.16,Game,1,Predictable,5.43,0,,,4,,,130,Sound,,,
0,FORT,2,1,1776625433.396702,14.17,Game,1,Predictable,5.44,0,,,4,,,130,Sound,,,
0,FORT,2,1,1776625433.396702,14.18,Game,1,Predictable,5.45,0,,,4,,,130,Sound,,,
0,FORT,2,1,1776625433.396702,14.19,Game,1,Predictable,5.46,0,,,4,,,130,Sound,,,
0,FORT,2,1,1776625433.396702,14.2,Game,1,Predictable,5.47,0,,,4,,,130,Sound,,,
0,FORT,2,1,1776625433.396702,14.21,Game,1,Predictable,5.47,0,,,4,,,130,Sound,,,
0,FORT,2,1,1776625433.396702,14.21,Game,1,Predictable,5.48,0,,,4,,,130,Sound,,,
0,FORT,2,1,1776625433.396702,14.22,Game,1,Predictable,5.49,0,,,4,,,130,Sound,,,
0,FORT,2,1,1776625433.396702,14.23,Game,1,Predictable,5.5,0,,,4,,,130,Sound,,,
0,FORT,2,1,1776625433.396702,14.24,Game,1,Predictable,5.51,0,,,5,,,130,Sound,,,
0,FORT,2,1,1776625433.396702,14.25,Game,1,Predictable,5.52,0,,,5,,,130,Sound,,,
0,FORT,2,1,1776625433.396702,14.26,Game,1,Predictable,5.52,0,,,5,,,130,Sound,,,
0,FORT,2,1,1776625433.396702,14.26,Game,1,Predictable,5.53,0,,,5,,,130,Sound,,,
0,FORT,2,1,1776625433.396702,14.27,Game,1,Predictable,5.54,0,,,5,,,130,Sound,,,
0,FORT,2,1,1776625433.396702,14.28,Game,1,Predictable,5.55,0,,,5,,,130,Sound,,,
0,FORT,2,1,1776625433.396702,14.29,Game,1,Predictable,5.56,0,,,5,,,130,Sound,,,
0,FORT,2,1,1776625433.396702,14.3,Game,1,Predictable,5.57,0,,,5,,,130,Sound,,,
0,FORT,2,1,1776625433.396702,14.31,Game,1,Predictable,5.57,0,,,5,,,130,Sound,,,
0,FORT,2,1,1776625433.396702,14.31,Game,1,Predictable,5.58,0,,,5,,,130,Sound,,,
0,FORT,2,1,1776625433.396702,14.32,Game,1,Predictable,5.59,0,,,5,,,130,Sound,,,
0,FORT,2,1,1776625433.396702,14.33,Game,1,Predictable,5.6,0,,,5,,,130,Sound,,,
0,FORT,2,1,1776625433.396702,14.34,Game,1,Predictable,5.61,0,,,5,,,130,Sound,,,
0,FORT,2,1,1776625433.396702,14.35,Game,1,Predictable,5.62,0,,,5,,,130,Sound,,,
0,FORT,2,1,1776625433.396702,14.36,Game,1,Predictable,5.62,0,,,5,,,130,Sound,,,
0,FORT,2,1,1776625433.396702,14.36,Game,1,Predictable,5.63,0,,,5,,,130,Sound,,,
0,FORT,2,1,1776625433.396702,14.37,Game,1,Predictable,5.64,0,,,5,,,130,Sound,,,
0,FORT,2,1,1776625433.396702,14.38,Game,1,Predictable,5.65,0,,,5,,,130,Sound,,,
0,FORT,2,1,1776625433.396702,14.39,Game,1,Predictable,5.66,0,,,5,,,130,Sound,,,
0,FORT,2,1,1776625433.396702,14.4,Game,1,Predictable,5.67,0,,,5,,,130,Sound,,,
0,FORT,2,1,1776625433.396702,14.41,Game,1,Predictable,5.67,0,,,5,,,130,Sound,,,
0,FORT,2,1,1776625433.396702,14.41,Game,1,Predictable,5.68,0,,,5,,,130,Sound,,,
0,FORT,2,1,1776625433.396702,14.42,Game,1,Predictable,5.69,0,,,5,,,130,Sound,,,
0,FORT,2,1,1776625433.396702,14.43,Game,1,Predictable,5.7,0,,,5,,,130,Sound,,,
0,FORT,2,1,1776625433.396702,14.44,Game,1,Predictable,5.71,0,,,5,,,130,Sound,,,
0,FORT,2,1,1776625433.396702,14.45,Game,1,Predictable,5.72,0,,,5,,,130,Sound,,,
0,FORT,2,1,1776625433.396702,14.46,Game,1,Predictable,5.72,0,,,5,,,130,Sound,,,
0,FORT,2,1,1776625433.396702,14.46,Game,1,Predictable,5.73,0,,,5,,,130,Sound,,,
0,FORT,2,1,1776625433.396702,14.47,Game,1,Predictable,5.74,0,,,5,,,130,Sound,,,
0,FORT,2,1,1776625433.396702,14.48,Game,1,Predictable,5.75,0,,,5,,,130,Sound,,,
0,FORT,2,1,1776625433.396702,14.49,Game,1,Predictable,5.76,0,,,5,,,130,Sound,,,
0,FORT,2,1,1776625433.396702,14.5,Game,1,Predictable,5.77,0,,,5,,,130,Sound,,,
0,FORT,2,1,1776625433.396702,14.51,Game,1,Predictable,5.77,0,,,5,,,130,Sound,,,
0,FORT,2,1,1776625433.396702,14.51,Game,1,Predictable,5.78,0,,,5,,,130,Sound,,,
0,FORT,2,1,1776625433.396702,14.52,Game,1,Predictable,5.79,0,,,5,,,130,Sound,,,
0,FORT,2,1,1776625433.396702,14.53,Game,1,Predictable,5.8,0,,,5,,,130,Sound,,,
0,FORT,2,1,1776625433.396702,14.54,Game,1,Predictable,5.81,0,,,5,,,130,Sound,,,
0,FORT,2,1,1776625433.396702,14.55,Game,1,Predictable,5.82,0,,,5,,,130,Sound,,,
0,FORT,2,1,1776625433.396702,14.56,Game,1,Predictable,5.82,0,,,5,,,130,Sound,,,
0,FORT,2,1,1776625433.396702,14.56,Game,1,Predictable,5.83,0,,,5,,,130,Sound,,,
0,FORT,2,1,1776625433.396702,14.57,Game,1,Predictable,5.84,0,,,5,,,130,Sound,,,
0,FORT,2,1,1776625433.396702,14.58,Game,1,Predictable,5.85,0,,,5,,,130,Sound,,,
0,FORT,2,1,1776625433.396702,14.59,Game,1,Predictable,5.86,0,,,5,,,130,Sound,,,
0,FORT,2,1,1776625433.396702,14.6,Game,1,Predictable,5.87,0,,,5,,,130,Sound,,,
0,FORT,2,1,1776625433.396702,14.61,Game,1,Predictable,5.87,0,,,5,,,130,Sound,,,
0,FORT,2,1,1776625433.396702,14.61,Game,1,Predictable,5.88,0,,,5,,,130,Sound,,,
0,FORT,2,1,1776625433.396702,14.62,Game,1,Predictable,5.89,0,,,5,,,130,Sound,,,
0,FORT,2,1,1776625433.396702,14.63,Game,1,Predictable,5.9,0,,,5,,,130,Sound,,,
0,FORT,2,1,1776625433.396702,14.64,Game,1,Predictable,5.91,0,,,5,,,130,Sound,,,
0,FORT,2,1,1776625433.396702,14.65,Game,1,Predictable,5.92,0,,,5,,,130,Sound,,,
0,FORT,2,1,1776625433.396702,14.66,Game,1,Predictable,5.92,0,,,5,,,130,Sound,,,
0,FORT,2,1,1776625433.396702,14.66,Game,1,Predictable,5.93,0,,,5,,,130,Sound,,,
0,FORT,2,1,1776625433.396702,14.67,Game,1,Predictable,5.94,0,,,5,,,130,Sound,,,
0,FORT,2,1,1776625433.396702,14.68,Game,1,Predictable,5.95,0,,,5,,,130,Sound,,,
0,FORT,2,1,1776625433.396702,14.69,Game,1,Predictable,5.96,0,,,5,,,130,Sound,,,
0,FORT,2,1,1776625433.396702,14.7,Game,1,Predictable,5.97,0,,,5,,,130,Sound,,,
0,FORT,2,1,1776625433.396702,14.71,Game,1,Predictable,5.97,0,,,5,,,130,Sound,,,
0,FORT,2,1,1776625433.396702,14.71,Game,1,Predictable,5.98,0,,,5,,,130,Sound,,,
0,FORT,2,1,1776625433.396702,14.72,Game,1,Predictable,5.99,0,,,5,,,130,Sound,,,
0,FORT,2,1,1776625433.396702,14.73,Game,1,Predictable,6.0,0,,,5,,,130,Sound,,,
0,FORT,2,1,1776625433.396702,14.74,Game,1,Predictable,6.01,0,,,5,,,130,Sound,,,
0,FORT,2,1,1776625433.396702,14.75,Game,1,Predictable,6.02,0,,,5,,,130,Sound,,,
0,FORT,2,1,1776625433.396702,14.76,Game,1,Predictable,6.02,0,,,5,,,130,Sound,,,
0,FORT,2,1,1776625433.396702,14.76,Game,1,Predictable,6.03,0,,,5,,,130,Sound,,,
0,FORT,2,1,1776625433.396702,14.77,Game,1,Predictable,6.04,0,,,5,,,130,Sound,,,
0,FORT,2,1,1776625433.396702,14.78,Game,1,Predictable,6.05,0,,,5,,,130,Sound,,,
0,FORT,2,1,1776625433.396702,14.79,Game,1,Predictable,6.06,0,,,5,,,130,Sound,,,
0,FORT,2,1,1776625433.396702,14.8,Game,1,Predictable,6.07,0,,,5,,,130,Sound,,,
0,FORT,2,1,1776625433.396702,14.81,Game,1,Predictable,6.07,0,,,5,,,130,Sound,,,
0,FORT,2,1,1776625433.396702,14.81,Game,1,Predictable,6.08,0,,,5,,,130,Sound,,,
0,FORT,2,1,1776625433.396702,14.82,Game,1,Predictable,6.09,0,,,5,,,130,Sound,,,
0,FORT,2,1,1776625433.396702,14.83,Game,1,Predictable,6.1,0,,,5,,,130,Sound,,,
0,FORT,2,1,1776625433.396702,14.84,Game,1,Predictable,6.11,0,,,5,,,130,Sound,,,
0,FORT,2,1,1776625433.396702,14.85,Game,1,Predictable,6.12,0,,,5,,,130,Sound,,,
0,FORT,2,1,1776625433.396702,14.86,Game,1,Predictable,6.12,0,,,5,,,130,Sound,,,
0,FORT,2,1,1776625433.396702,14.86,Game,1,Predictable,6.13,0,,,5,,,130,Sound,,,
0,FORT,2,1,1776625433.396702,14.87,Game,1,Predictable,6.14,0,,,5,,,130,Sound,,,
0,FORT,2,1,1776625433.396702,14.88,Game,1,Predictable,6.15,0,,,5,,,130,Sound,,,
0,FORT,2,1,1776625433.396702,14.89,Game,1,Predictable,6.16,0,,,5,,,130,Sound,,,
0,FORT,2,1,1776625433.396702,14.9,Game,1,Predictable,6.17,0,,,5,,,130,Sound,,,
0,FORT,2,1,1776625433.396702,14.91,Game,1,Predictable,6.17,0,,,5,,,130,Sound,,,
0,FORT,2,1,1776625433.396702,14.91,Game,1,Predictable,6.18,0,,,5,,,130,Sound,,,
0,FORT,2,1,1776625433.396702,14.92,Game,1,Predictable,6.19,0,,,5,,,130,Sound,,,
0,FORT,2,1,1776625433.396702,14.93,Game,1,Predictable,6.2,0,,,5,,,130,Sound,,,
0,FORT,2,1,1776625433.396702,14.94,Game,1,Predictable,6.21,0,,,5,,,130,Sound,,,
0,FORT,2,1,1776625433.396702,14.95,Game,1,Predictable,6.22,0,,,5,,,130,Sound,,,
0,FORT,2,1,1776625433.396702,14.96,Game,1,Predictable,6.22,0,,,5,,,130,Sound,,,
0,FORT,2,1,1776625433.396702,14.96,Game,1,Predictable,6.23,0,,,5,,,130,Sound,,,
0,FORT,2,1,1776625433.396702,14.97,Game,1,Predictable,6.24,0,,,5,,,130,Sound,,,
0,FORT,2,1,1776625433.396702,14.98,Game,1,Predictable,6.25,0,,,5,,,130,Sound,,,
0,FORT,2,1,1776625433.396702,14.99,Game,1,Predictable,6.26,0,,,5,,,130,Sound,,,
0,FORT,2,1,1776625433.396702,15.0,Game,1,Predictable,6.27,0,,,5,,,130,Sound,,,
0,FORT,2,1,1776625433.396702,15.01,Game,1,Predictable,6.27,0,,,5,,,130,Sound,,,
0,FORT,2,1,1776625433.396702,15.01,Game,1,Predictable,6.28,0,,,5,,,130,Sound,,,
0,FORT,2,1,1776625433.396702,15.02,Game,1,Predictable,6.29,0,,,5,,,130,Sound,,,
0,FORT,2,1,1776625433.396702,15.03,Game,1,Predictable,6.3,0,,,5,,,130,Sound,,,
0,FORT,2,1,1776625433.396702,15.04,Game,1,Predictable,6.31,0,,,5,,,130,Sound,,,
0,FORT,2,1,1776625433.396702,15.05,Game,1,Predictable,6.32,0,,,5,,,130,Sound,,,
0,FORT,2,1,1776625433.396702,15.06,Game,1,Predictable,6.32,0,,,5,,,130,Sound,,,
0,FORT,2,1,1776625433.396702,15.06,Game,1,Predictable,6.33,0,,,5,,,130,Sound,,,
0,FORT,2,1,1776625433.396702,15.07,Game,1,Predictable,6.34,0,,,5,,,130,Sound,,,
0,FORT,2,1,1776625433.396702,15.08,Game,1,Predictable,6.35,0,,,5,,,130,Sound,,,
0,FORT,2,1,1776625433.396702,15.09,Game,1,Predictable,6.36,0,,,5,,,130,Sound,,,
0,FORT,2,1,1776625433.396702,15.1,Game,1,Predictable,6.37,0,,,5,,,130,Sound,,,
0,FORT,2,1,1776625433.396702,15.11,Game,1,Predictable,6.37,0,,,5,,,130,Sound,,,
0,FORT,2,1,1776625433.396702,15.12,Game,1,Predictable,6.38,0,,,5,,,130,Sound,,,
0,FORT,2,1,1776625433.396702,15.13,Game,1,Predictable,6.39,0,,,5,,,130,Sound,,,
0,FORT,2,1,1776625433.396702,15.14,Game,1,Predictable,6.4,0,,,5,,,130,Sound,,,
0,FORT,2,1,1776625433.396702,15.15,Game,1,Predictable,6.42,0,,,5,,,130,Sound,,,
0,FORT,2,1,1776625433.396702,15.16,Game,1,Predictable,6.42,0,,,5,,,130,Sound,,,
0,FORT,2,1,1776625433.396702,15.16,Game,1,Predictable,6.43,0,,,5,,,130,Sound,,,
0,FORT,2,1,1776625433.396702,15.17,Game,1,Predictable,6.44,0,,,5,,,130,Sound,,,
0,FORT,2,1,1776625433.396702,15.18,Game,1,Predictable,6.45,0,,,5,,,130,Sound,,,
0,FORT,2,1,1776625433.396702,15.19,Game,1,Predictable,6.46,0,,,5,,,130,Sound,,,
0,FORT,2,1,1776625433.396702,15.2,Game,1,Predictable,6.47,0,,,5,,,130,Sound,,,
0,FORT,2,1,1776625433.396702,15.21,Game,1,Predictable,6.47,0,,,5,,,130,Sound,,,
0,FORT,2,1,1776625433.396702,15.21,Game,1,Predictable,6.48,0,,,5,,,130,Sound,,,
0,FORT,2,1,1776625433.396702,15.22,Game,1,Predictable,6.49,0,,,5,,,130,Sound,,,
0,FORT,2,1,1776625433.396702,15.23,Game,1,Predictable,6.5,0,,,5,,,130,Sound,,,
0,FORT,2,1,1776625433.396702,15.24,Game,1,Predictable,6.51,0,,,5,,,130,Sound,,,
0,FORT,2,1,1776625433.396702,15.25,Game,1,Predictable,6.52,0,,,5,,,130,Sound,,,
0,FORT,2,1,1776625433.396702,15.26,Game,1,Predictable,6.52,0,,,5,,,130,Sound,,,
0,FORT,2,1,1776625433.396702,15.26,Game,1,Predictable,6.53,0,,,5,,,130,Sound,,,
0,FORT,2,1,1776625433.396702,15.27,Game,1,Predictable,6.54,0,,,5,,,130,Sound,,,
0,FORT,2,1,1776625433.396702,15.28,Game,1,Predictable,6.55,0,,,5,,,130,Sound,,,
0,FORT,2,1,1776625433.396702,15.29,Game,1,Predictable,6.56,0,,,5,,,130,Sound,,,
0,FORT,2,1,1776625433.396702,15.3,Game,1,Predictable,6.57,0,,,5,,,130,Sound,,,
0,FORT,2,1,1776625433.396702,15.31,Game,1,Predictable,6.57,0,,,5,,,130,Sound,,,
0,FORT,2,1,1776625433.396702,15.31,Game,1,Predictable,6.58,0,,,5,,,130,Sound,,,
0,FORT,2,1,1776625433.396702,15.32,Game,1,Predictable,6.59,0,,,5,,,130,Sound,,,
0,FORT,2,1,1776625433.396702,15.33,Game,1,Predictable,6.6,0,,,5,,,130,Sound,,,
0,FORT,2,1,1776625433.396702,15.34,Game,1,Predictable,6.61,0,,,5,,,130,Sound,,,
0,FORT,2,1,1776625433.396702,15.35,Game,1,Predictable,6.62,0,,,5,,,130,Sound,,,
0,FORT,2,1,1776625433.396702,15.36,Game,1,Predictable,6.62,0,,,5,,,130,Sound,,,
0,FORT,2,1,1776625433.396702,15.36,Game,1,Predictable,6.63,0,,,5,,,130,Sound,,,
0,FORT,2,1,1776625433.396702,15.37,Game,1,Predictable,6.64,0,,,5,,,130,Sound,,,
0,FORT,2,1,1776625433.396702,15.38,Game,1,Predictable,6.65,0,,,5,,,130,Sound,,,
0,FORT,2,1,1776625433.396702,15.39,Game,1,Predictable,6.66,0,,,5,,,130,Sound,,,
0,FORT,2,1,1776625433.396702,15.4,Game,1,Predictable,6.67,0,,,5,,,130,Sound,,,
0,FORT,2,1,1776625433.396702,15.41,Game,1,Predictable,6.67,0,,,5,,,130,Sound,,,
0,FORT,2,1,1776625433.396702,15.41,Game,1,Predictable,6.68,0,,,5,,,130,Sound,,,
0,FORT,2,1,1776625433.396702,15.42,Game,1,Predictable,6.69,0,,,5,,,130,Sound,,,
0,FORT,2,1,1776625433.396702,15.43,Game,1,Predictable,6.7,0,,,5,,,130,Sound,,,
0,FORT,2,1,1776625433.396702,15.44,Game,1,Predictable,6.71,0,,,5,,,130,Sound,,,
0,FORT,2,1,1776625433.396702,15.45,Game,1,Predictable,6.72,0,,,5,,,130,Sound,,,
0,FORT,2,1,1776625433.396702,15.46,Game,1,Predictable,6.72,0,,,5,,,130,Sound,,,
0,FORT,2,1,1776625433.396702,15.46,Game,1,Predictable,6.73,0,,,5,,,130,Sound,,,
0,FORT,2,1,1776625433.396702,15.47,Game,1,Predictable,6.74,0,,,5,,,130,Sound,,,
0,FORT,2,1,1776625433.396702,15.48,Game,1,Predictable,6.75,0,,,5,,,130,Sound,,,
0,FORT,2,1,1776625433.396702,15.49,Game,1,Predictable,6.76,0,,,5,,,130,Sound,,,
0,FORT,2,1,1776625433.396702,15.5,Game,1,Predictable,6.77,0,,,5,,,130,Sound,,,
0,FORT,2,1,1776625433.396702,15.51,Game,1,Predictable,6.77,0,,,5,,,130,Sound,,,
0,FORT,2,1,1776625433.396702,15.51,Game,1,Predictable,6.78,0,,,5,,,130,Sound,,,
0,FORT,2,1,1776625433.396702,15.52,Game,1,Predictable,6.79,0,,,5,,,130,Sound,,,
0,FORT,2,1,1776625433.396702,15.53,Game,1,Predictable,6.8,0,,,5,,,130,Sound,,,
0,FORT,2,1,1776625433.396702,15.54,Game,1,Predictable,6.81,0,,,5,,,130,Sound,,,
0,FORT,2,1,1776625433.396702,15.55,Game,1,Predictable,6.82,0,,,5,,,130,Sound,,,
0,FORT,2,1,1776625433.396702,15.56,Game,1,Predictable,6.82,0,,,5,,,130,Sound,,,
0,FORT,2,1,1776625433.396702,15.56,Game,1,Predictable,6.83,0,,,5,,,130,Sound,,,
0,FORT,2,1,1776625433.396702,15.57,Game,1,Predictable,6.84,0,,,5,,,130,Sound,,,
0,FORT,2,1,1776625433.396702,15.58,Game,1,Predictable,6.85,0,,,5,,,130,Sound,,,
0,FORT,2,1,1776625433.396702,15.59,Game,1,Predictable,6.86,0,,,5,,,130,Sound,,,
0,FORT,2,1,1776625433.396702,15.6,Game,1,Predictable,6.87,0,,,5,,,130,Sound,,,
0,FORT,2,1,1776625433.396702,15.61,Game,1,Predictable,6.87,0,,,5,,,130,Sound,,,
0,FORT,2,1,1776625433.396702,15.61,Game,1,Predictable,6.88,0,,,5,,,130,Sound,,,
0,FORT,2,1,1776625433.396702,15.62,Game,1,Predictable,6.89,0,,,5,,,130,Sound,,,
0,FORT,2,1,1776625433.396702,15.63,Game,1,Predictable,6.9,0,,,5,,,130,Sound,,,
0,FORT,2,1,1776625433.396702,15.64,Game,1,Predictable,6.91,0,,,5,,,130,Sound,,,
0,FORT,2,1,1776625433.396702,15.65,Game,1,Predictable,6.92,0,,,5,,,130,Sound,,,
0,FORT,2,1,1776625433.396702,15.66,Game,1,Predictable,6.92,0,,,5,,,130,Sound,,,
0,FORT,2,1,1776625433.396702,15.66,Game,1,Predictable,6.93,0,,,5,,,130,Sound,,,
0,FORT,2,1,1776625433.396702,15.67,Game,1,Predictable,6.94,0,,,5,,,130,Sound,,,
0,FORT,2,1,1776625433.396702,15.68,Game,1,Predictable,6.95,0,,,5,,,130,Sound,,,
0,FORT,2,1,1776625433.396702,15.69,Game,1,Predictable,6.96,0,,,5,,,130,Sound,,,
0,FORT,2,1,1776625433.396702,15.7,Game,1,Predictable,6.97,0,,,5,,,130,Sound,,,
0,FORT,2,1,1776625433.396702,15.71,Game,1,Predictable,6.97,0,,,5,,,130,Sound,,,
0,FORT,2,1,1776625433.396702,15.71,Game,1,Predictable,6.98,0,,,5,,,130,Sound,,,
0,FORT,2,1,1776625433.396702,15.72,Game,1,Predictable,6.99,0,,,5,,,130,Sound,,,
0,FORT,2,1,1776625433.396702,15.73,Game,1,Predictable,7.0,0,,,5,,,130,Sound,,,
0,FORT,2,1,1776625433.396702,15.74,Game,1,Predictable,7.01,0,,,5,,,130,Sound,,,
0,FORT,2,1,1776625433.396702,15.75,Game,1,Predictable,7.02,0,,,5,,,130,Sound,,,
0,FORT,2,1,1776625433.396702,15.76,Game,1,Predictable,7.02,0,,,5,,,130,Sound,,,
0,FORT,2,1,1776625433.396702,15.76,Game,1,Predictable,7.03,0,,,5,,,130,Sound,,,
0,FORT,2,1,1776625433.396702,15.77,Game,1,Predictable,7.04,0,,,5,,,130,Sound,,,
0,FORT,2,1,1776625433.396702,15.78,Game,1,Predictable,7.05,0,,,5,,,130,Sound,,,
0,FORT,2,1,1776625433.396702,15.79,Game,1,Predictable,7.06,0,,,5,,,130,Sound,,,
0,FORT,2,1,1776625433.396702,15.8,Game,1,Predictable,7.07,0,,,5,,,130,Sound,,,
0,FORT,2,1,1776625433.396702,15.81,Game,1,Predictable,7.07,0,,,5,,,130,Sound,,,
0,FORT,2,1,1776625433.396702,15.81,Game,1,Predictable,7.08,0,,,5,,,130,Sound,,,
0,FORT,2,1,1776625433.396702,15.82,Game,1,Predictable,7.09,0,,,5,,,130,Sound,,,
0,FORT,2,1,1776625433.396702,15.83,Game,1,Predictable,7.1,0,,,5,,,130,Sound,,,
0,FORT,2,1,1776625433.396702,15.84,Game,1,Predictable,7.11,0,,,5,,,130,Sound,,,
0,FORT,2,1,1776625433.396702,15.85,Game,1,Predictable,7.12,0,,,5,,,130,Sound,,,
0,FORT,2,1,1776625433.396702,15.86,Game,1,Predictable,7.12,0,,,5,,,130,Sound,,,
0,FORT,2,1,1776625433.396702,15.86,Game,1,Predictable,7.13,0,,,5,,,130,Sound,,,
0,FORT,2,1,1776625433.396702,15.87,Game,1,Predictable,7.14,0,,,5,,,130,Sound,,,
0,FORT,2,1,1776625433.396702,15.88,Game,1,Predictable,7.15,0,,,5,,,130,Sound,,,
0,FORT,2,1,1776625433.396702,15.89,Game,1,Predictable,7.16,0,,,5,,,130,Sound,,,
0,FORT,2,1,1776625433.396702,15.9,Game,1,Predictable,7.17,0,,,5,,,130,Sound,,,
0,FORT,2,1,1776625433.396702,15.91,Game,1,Predictable,7.17,0,,,5,,,130,Sound,,,
0,FORT,2,1,1776625433.396702,15.91,Game,1,Predictable,7.18,0,,,5,,,130,Sound,,,
0,FORT,2,1,1776625433.396702,15.92,Game,1,Predictable,7.19,0,,,5,,,130,Sound,,,
0,FORT,2,1,1776625433.396702,15.93,Game,1,Predictable,7.2,0,,,5,,,130,Sound,,,
0,FORT,2,1,1776625433.396702,15.94,Game,1,Predictable,7.21,0,,,5,,,130,Sound,,,
0,FORT,2,1,1776625433.396702,15.95,Game,1,Predictable,7.22,0,,,5,,,130,Sound,,,
0,FORT,2,1,1776625433.396702,15.96,Game,1,Predictable,7.22,0,,,5,,,130,Sound,,,
0,FORT,2,1,1776625433.396702,15.96,Game,1,Predictable,7.23,0,,,5,,,130,Sound,,,
0,FORT,2,1,1776625433.396702,15.97,Game,1,Predictable,7.24,0,,,5,,,130,Sound,,,
0,FORT,2,1,1776625433.396702,15.98,Game,1,Predictable,7.25,0,,,5,,,130,Sound,,,
0,FORT,2,1,1776625433.396702,15.99,Game,1,Predictable,7.26,0,,,5,,,130,Sound,,,
0,FORT,2,1,1776625433.396702,16.0,Game,1,Predictable,7.27,0,,,5,,,130,Sound,,,
0,FORT,2,1,1776625433.396702,16.01,Game,1,Predictable,7.27,0,,,5,,,130,Sound,,,
0,FORT,2,1,1776625433.396702,16.01,Game,1,Predictable,7.28,0,,,5,,,130,Sound,,,
0,FORT,2,1,1776625433.396702,16.02,Game,1,Predictable,7.29,0,,,5,,,130,Sound,,,
0,FORT,2,1,1776625433.396702,16.03,Game,1,Predictable,7.3,0,,,5,,,130,Sound,,,
0,FORT,2,1,1776625433.396702,16.04,Game,1,Predictable,7.31,0,,,5,,,130,Sound,,,
0,FORT,2,1,1776625433.396702,16.05,Game,1,Predictable,7.32,0,,,5,,,130,Sound,,,
0,FORT,2,1,1776625433.396702,16.06,Game,1,Predictable,7.32,0,,,5,,,130,Sound,,,
0,FORT,2,1,1776625433.396702,16.06,Game,1,Predictable,7.33,0,,,5,,,130,Sound,,,
0,FORT,2,1,1776625433.396702,16.07,Game,1,Predictable,7.34,0,,,5,,,130,Sound,,,
0,FORT,2,1,1776625433.396702,16.08,Game,1,Predictable,7.35,0,,,5,,,130,Sound,,,
0,FORT,2,1,1776625433.396702,16.09,Game,1,Predictable,7.36,0,,,5,,,130,Sound,,,
0,FORT,2,1,1776625433.396702,16.1,Game,1,Predictable,7.37,0,,,5,,,130,Sound,,,
0,FORT,2,1,1776625433.396702,16.11,Game,1,Predictable,7.37,0,,,5,,,130,Sound,,,
0,FORT,2,1,1776625433.396702,16.11,Game,1,Predictable,7.38,0,,,5,,,130,Sound,,,
0,FORT,2,1,1776625433.396702,16.12,Game,1,Predictable,7.39,0,,,5,,,130,Sound,,,
0,FORT,2,1,1776625433.396702,16.13,Game,1,Predictable,7.4,0,,,5,,,130,Sound,,,
0,FORT,2,1,1776625433.396702,16.14,Game,1,Predictable,7.41,0,,,5,,,130,Sound,,,
0,FORT,2,1,1776625433.396702,16.15,Game,1,Predictable,7.42,0,,,5,,,130,Sound,,,
0,FORT,2,1,1776625433.396702,16.16,Game,1,Predictable,7.42,0,,,5,,,130,Sound,,,
0,FORT,2,1,1776625433.396702,16.16,Game,1,Predictable,7.43,0,,,5,,,130,Sound,,,
0,FORT,2,1,1776625433.396702,16.17,Game,1,Predictable,7.44,0,,,5,,,130,Sound,,,
0,FORT,2,1,1776625433.396702,16.18,Game,1,Predictable,7.45,0,,,5,,,130,Sound,,,
0,FORT,2,1,1776625433.396702,16.19,Game,1,Predictable,7.46,0,,,5,,,130,Sound,,,
0,FORT,2,1,1776625433.396702,16.2,Game,1,Predictable,7.47,0,,,5,,,130,Sound,,,
0,FORT,2,1,1776625433.396702,16.21,Game,1,Predictable,7.47,0,,,5,,,130,Sound,,,
0,FORT,2,1,1776625433.396702,16.21,Game,1,Predictable,7.48,0,,,5,,,130,Sound,,,
0,FORT,2,1,1776625433.396702,16.22,Game,1,Predictable,7.49,0,,,5,,,130,Sound,,,
0,FORT,2,1,1776625433.396702,16.23,Game,1,Predictable,7.5,0,,,5,,,130,Sound,,,
0,FORT,2,1,1776625433.396702,16.24,Game,1,Predictable,7.51,0,,,5,,,130,Sound,,,
0,FORT,2,1,1776625433.396702,16.25,Game,1,Predictable,7.52,0,,,5,,,130,Sound,,,
0,FORT,2,1,1776625433.396702,16.26,Game,1,Predictable,7.52,0,,,5,,,130,Sound,,,
0,FORT,2,1,1776625433.396702,16.26,Game,1,Predictable,7.53,0,,,5,,,130,Sound,,,
0,FORT,2,1,1776625433.396702,16.27,Game,1,Predictable,7.54,0,,,5,,,130,Sound,,,
0,FORT,2,1,1776625433.396702,16.28,Game,1,Predictable,7.55,0,,,5,,,130,Sound,,,
0,FORT,2,1,1776625433.396702,16.29,Game,1,Predictable,7.56,0,,,5,,,130,Sound,,,
0,FORT,2,1,1776625433.396702,16.3,Game,1,Predictable,7.57,0,,,5,,,130,Sound,,,
0,FORT,2,1,1776625433.396702,16.31,Game,1,Predictable,7.57,0,,,5,,,130,Sound,,,
0,FORT,2,1,1776625433.396702,16.31,Game,1,Predictable,7.58,0,,,5,,,130,Sound,,,
0,FORT,2,1,1776625433.396702,16.32,Game,1,Predictable,7.59,0,,,5,,,130,Sound,,,
0,FORT,2,1,1776625433.396702,16.33,Game,1,Predictable,7.6,0,,,5,,,130,Sound,,,
0,FORT,2,1,1776625433.396702,16.34,Game,1,Predictable,7.61,0,,,5,,,130,Sound,,,
0,FORT,2,1,1776625433.396702,16.35,Game,1,Predictable,7.62,0,,,5,,,130,Sound,,,
0,FORT,2,1,1776625433.396702,16.36,Game,1,Predictable,7.62,0,,,5,,,130,Sound,,,
0,FORT,2,1,1776625433.396702,16.36,Game,1,Predictable,7.63,0,,,5,,,130,Sound,,,
0,FORT,2,1,1776625433.396702,16.37,Game,1,Predictable,7.64,0,,,5,,,130,Sound,,,
0,FORT,2,1,1776625433.396702,16.38,Game,1,Predictable,7.65,0,,,5,,,130,Sound,,,
0,FORT,2,1,1776625433.396702,16.39,Game,1,Predictable,7.66,0,,,5,,,130,Sound,,,
0,FORT,2,1,1776625433.396702,16.4,Game,1,Predictable,7.67,0,,,5,,,130,Sound,,,
0,FORT,2,1,1776625433.396702,16.41,Game,1,Predictable,7.67,0,,,5,,,130,Sound,,,
0,FORT,2,1,1776625433.396702,16.41,Game,1,Predictable,7.68,0,,,5,,,130,Sound,,,
0,FORT,2,1,1776625433.396702,16.42,Game,1,Predictable,7.69,0,,,5,,,130,Sound,,,
0,FORT,2,1,1776625433.396702,16.43,Game,1,Predictable,7.7,0,,,5,,,130,Sound,,,
0,FORT,2,1,1776625433.396702,16.44,Game,1,Predictable,7.71,0,,,5,,,130,Sound,,,
0,FORT,2,1,1776625433.396702,16.45,Game,1,Predictable,7.72,0,,,5,,,130,Sound,,,
0,FORT,2,1,1776625433.396702,16.46,Game,1,Predictable,7.72,0,,,5,,,130,Sound,,,
0,FORT,2,1,1776625433.396702,16.46,Game,1,Predictable,7.73,0,,,5,,,130,Sound,,,
0,FORT,2,1,1776625433.396702,16.47,Game,1,Predictable,7.74,0,,,5,,,130,Sound,,,
0,FORT,2,1,1776625433.396702,16.48,Game,1,Predictable,7.75,0,,,5,,,130,Sound,,,
0,FORT,2,1,1776625433.396702,16.49,Game,1,Predictable,7.76,0,,,5,,,130,Sound,,,
0,FORT,2,1,1776625433.396702,16.5,Game,1,Predictable,7.77,0,,,5,,,130,Sound,,,
0,FORT,2,1,1776625433.396702,16.51,Game,1,Predictable,7.77,0,,,5,,,130,Sound,,,
0,FORT,2,1,1776625433.396702,16.51,Game,1,Predictable,7.78,0,,,5,,,130,Sound,,,
0,FORT,2,1,1776625433.396702,16.52,Game,1,Predictable,7.79,0,,,5,,,130,Sound,,,
0,FORT,2,1,1776625433.396702,16.53,Game,1,Predictable,7.8,0,,,5,,,130,Sound,,,
0,FORT,2,1,1776625433.396702,16.54,Game,1,Predictable,7.81,0,,,5,,,130,Sound,,,
0,FORT,2,1,1776625433.396702,16.55,Game,1,Predictable,7.82,0,,,5,,,130,Sound,,,
0,FORT,2,1,1776625433.396702,16.56,Game,1,Predictable,7.82,0,,,5,,,130,Sound,,,
0,FORT,2,1,1776625433.396702,16.56,Game,1,Predictable,7.83,0,,,5,,,130,Sound,,,
0,FORT,2,1,1776625433.396702,16.57,Game,1,Predictable,7.84,0,,,5,,,130,Sound,,,
0,FORT,2,1,1776625433.396702,16.58,Game,1,Predictable,7.85,0,,,5,,,130,Sound,,,
0,FORT,2,1,1776625433.396702,16.59,Game,1,Predictable,7.86,0,,,5,,,130,Sound,,,
0,FORT,2,1,1776625433.396702,16.6,Game,1,Predictable,7.87,0,,,5,,,130,Sound,,,
0,FORT,2,1,1776625433.396702,16.61,Game,1,Predictable,7.87,0,,,5,,,130,Sound,,,
0,FORT,2,1,1776625433.396702,16.61,Game,1,Predictable,7.88,0,,,5,,,130,Sound,,,
0,FORT,2,1,1776625433.396702,16.62,Game,1,Predictable,7.89,0,,,5,,,130,Sound,,,
0,FORT,2,1,1776625433.396702,16.63,Game,1,Predictable,7.9,0,,,5,,,130,Sound,,,
0,FORT,2,1,1776625433.396702,16.64,Game,1,Predictable,7.91,0,,,5,,,130,Sound,,,
0,FORT,2,1,1776625433.396702,16.65,Game,1,Predictable,7.92,0,,,5,,,130,Sound,,,
0,FORT,2,1,1776625433.396702,16.66,Game,1,Predictable,7.92,0,,,5,,,130,Sound,,,
0,FORT,2,1,1776625433.396702,16.66,Game,1,Predictable,7.93,0,,,5,,,130,Sound,,,
0,FORT,2,1,1776625433.396702,16.67,Game,1,Predictable,7.94,0,,,5,,,130,Sound,,,
0,FORT,2,1,1776625433.396702,16.68,Game,1,Predictable,7.95,0,,,5,,,130,Sound,,,
0,FORT,2,1,1776625433.396702,16.69,Game,1,Predictable,7.96,0,,,5,,,130,Sound,,,
0,FORT,2,1,1776625433.396702,16.7,Game,1,Predictable,7.97,0,,,5,,,130,Sound,,,
0,FORT,2,1,1776625433.396702,16.71,Game,1,Predictable,7.97,0,,,5,,,130,Sound,,,
0,FORT,2,1,1776625433.396702,16.71,Game,1,Predictable,7.98,0,,,5,,,130,Sound,,,
0,FORT,2,1,1776625433.396702,16.72,Game,1,Predictable,7.99,0,,,5,,,130,Sound,,,
0,FORT,2,1,1776625433.396702,16.73,Game,1,Predictable,8.0,0,,,5,,,130,Sound,,,
0,FORT,2,1,1776625433.396702,16.74,Game,1,Predictable,8.01,0,,,5,,,130,Sound,,,
0,FORT,2,1,1776625433.396702,16.75,Game,1,Predictable,8.02,0,,,5,,,130,Sound,,,
0,FORT,2,1,1776625433.396702,16.76,Game,1,Predictable,8.02,0,,,5,,,130,Sound,,,
0,FORT,2,1,1776625433.396702,16.76,Game,1,Predictable,8.03,0,,,5,,,130,Sound,,,
0,FORT,2,1,1776625433.396702,16.77,Game,1,Predictable,8.04,0,,,5,,,130,Sound,,,
0,FORT,2,1,1776625433.396702,16.78,Game,1,Predictable,8.05,0,,,5,,,130,Sound,,,
0,FORT,2,1,1776625433.396702,16.79,Game,1,Predictable,8.06,0,,,5,,,130,Sound,,,
0,FORT,2,1,1776625433.396702,16.8,Game,1,Predictable,8.07,0,,,5,,,130,Sound,,,
0,FORT,2,1,1776625433.396702,16.81,Game,1,Predictable,8.07,0,,,5,,,130,Sound,,,
0,FORT,2,1,1776625433.396702,16.81,Game,1,Predictable,8.08,0,,,5,,,130,Sound,,,
0,FORT,2,1,1776625433.396702,16.82,Game,1,Predictable,8.09,0,,,5,,,130,Sound,,,
0,FORT,2,1,1776625433.396702,16.83,Game,1,Predictable,8.1,0,,,5,,,130,Sound,,,
0,FORT,2,1,1776625433.396702,16.84,Game,1,Predictable,8.11,0,,,5,,,130,Sound,,,
0,FORT,2,1,1776625433.396702,16.85,Game,1,Predictable,8.12,0,,,5,,,130,Sound,,,
0,FORT,2,1,1776625433.396702,16.86,Game,1,Predictable,8.12,0,,,5,,,130,Sound,,,
0,FORT,2,1,1776625433.396702,16.86,Game,1,Predictable,8.13,0,,,5,,,130,Sound,,,
0,FORT,2,1,1776625433.396702,16.87,Game,1,Predictable,8.14,0,,,5,,,130,Sound,,,
0,FORT,2,1,1776625433.396702,16.88,Game,1,Predictable,8.15,0,,,5,,,130,Sound,,,
0,FORT,2,1,1776625433.396702,16.89,Game,1,Predictable,8.16,0,,,5,,,130,Sound,,,
0,FORT,2,1,1776625433.396702,16.9,Game,1,Predictable,8.17,0,,,5,,,130,Sound,,,
0,FORT,2,1,1776625433.396702,16.91,Game,1,Predictable,8.17,0,,,5,,,130,Sound,,,
0,FORT,2,1,1776625433.396702,16.91,Game,1,Predictable,8.18,0,,,5,,,130,Sound,,,
0,FORT,2,1,1776625433.396702,16.92,Game,1,Predictable,8.19,0,,,5,,,130,Sound,,,
0,FORT,2,1,1776625433.396702,16.93,Game,1,Predictable,8.2,0,,,5,,,130,Sound,,,
0,FORT,2,1,1776625433.396702,16.94,Game,1,Predictable,8.21,0,,,5,,,130,Sound,,,
0,FORT,2,1,1776625433.396702,16.95,Game,1,Predictable,8.22,0,,,5,,,130,Sound,,,
0,FORT,2,1,1776625433.396702,16.96,Game,1,Predictable,8.22,0,,,5,,,130,Sound,,,
0,FORT,2,1,1776625433.396702,16.96,Game,1,Predictable,8.23,0,,,5,,,130,Sound,,,
0,FORT,2,1,1776625433.396702,16.97,Game,1,Predictable,8.24,0,,,5,,,130,Sound,,,
0,FORT,2,1,1776625433.396702,16.98,Game,1,Predictable,8.25,0,,,5,,,130,Sound,,,
0,FORT,2,1,1776625433.396702,16.99,Game,1,Predictable,8.26,0,,,5,,,130,Sound,,,
0,FORT,2,1,1776625433.396702,17.0,Game,1,Predictable,8.27,0,,,5,,,130,Sound,,,
0,FORT,2,1,1776625433.396702,17.01,Game,1,Predictable,8.27,0,,,5,,,130,Sound,,,
0,FORT,2,1,1776625433.396702,17.01,Game,1,Predictable,8.28,0,,,5,,,130,Sound,,,
0,FORT,2,1,1776625433.396702,17.02,Game,1,Predictable,8.29,0,,,5,,,130,Sound,,,
0,FORT,2,1,1776625433.396702,17.03,Game,1,Predictable,8.3,0,,,5,,,130,Sound,,,
0,FORT,2,1,1776625433.396702,17.04,Game,1,Predictable,8.31,0,,,5,,,130,Sound,,,
0,FORT,2,1,1776625433.396702,17.05,Game,1,Predictable,8.32,0,,,5,,,130,Sound,,,
0,FORT,2,1,1776625433.396702,17.06,Game,1,Predictable,8.32,0,,,5,,,130,Sound,,,
0,FORT,2,1,1776625433.396702,17.06,Game,1,Predictable,8.33,0,,,5,,,130,Sound,,,
0,FORT,2,1,1776625433.396702,17.07,Game,1,Predictable,8.34,0,,,5,,,130,Sound,,,
0,FORT,2,1,1776625433.396702,17.08,Game,1,Predictable,8.35,0,,,5,,,130,Sound,,,
0,FORT,2,1,1776625433.396702,17.09,Game,1,Predictable,8.36,0,,,5,,,130,Sound,,,
0,FORT,2,1,1776625433.396702,17.1,Game,1,Predictable,8.37,0,,,5,,,130,Sound,,,
0,FORT,2,1,1776625433.396702,17.11,Game,1,Predictable,8.37,0,,,5,,,130,Sound,,,
0,FORT,2,1,1776625433.396702,17.11,Game,1,Predictable,8.38,0,,,5,,,130,Sound,,,
0,FORT,2,1,1776625433.396702,17.12,Game,1,Predictable,8.39,0,,,5,,,130,Sound,,,
0,FORT,2,1,1776625433.396702,17.13,Game,1,Predictable,8.4,0,,,5,,,130,Sound,,,
0,FORT,2,1,1776625433.396702,17.14,Game,1,Predictable,8.41,0,,,5,,,130,Sound,,,
0,FORT,2,1,1776625433.396702,17.15,Game,1,Predictable,8.42,0,,,5,,,130,Sound,,,
0,FORT,2,1,1776625433.396702,17.16,Game,1,Predictable,8.42,0,,,5,,,130,Sound,,,
0,FORT,2,1,1776625433.396702,17.16,Game,1,Predictable,8.43,0,,,5,,,130,Sound,,,
0,FORT,2,1,1776625433.396702,17.17,Game,1,Predictable,8.44,0,,,5,,,130,Sound,,,
0,FORT,2,1,1776625433.396702,17.18,Game,1,Predictable,8.45,0,,,5,,,130,Sound,,,
0,FORT,2,1,1776625433.396702,17.19,Game,1,Predictable,8.46,0,,,5,,,130,Sound,,,
0,FORT,2,1,1776625433.396702,17.2,Game,1,Predictable,8.47,0,,,5,,,130,Sound,,,
0,FORT,2,1,1776625433.396702,17.21,Game,1,Predictable,8.47,0,,,5,,,130,Sound,,,
0,FORT,2,1,1776625433.396702,17.21,Game,1,Predictable,8.48,0,,,5,,,130,Sound,,,
0,FORT,2,1,1776625433.396702,17.22,Game,1,Predictable,8.49,0,,,5,,,130,Sound,,,
0,FORT,2,1,1776625433.396702,17.23,Game,1,Predictable,8.5,0,,,5,,,130,Sound,,,
0,FORT,2,1,1776625433.396702,17.24,Game,1,Predictable,8.51,0,,,5,,,130,Sound,,,
0,FORT,2,1,1776625433.396702,17.25,Game,1,Predictable,8.52,0,,,5,,,130,Sound,,,
0,FORT,2,1,1776625433.396702,17.26,Game,1,Predictable,8.52,0,,,5,,,130,Sound,,,
0,FORT,2,1,1776625433.396702,17.26,Game,1,Predictable,8.53,0,,,5,,,130,Sound,,,
0,FORT,2,1,1776625433.396702,17.27,Game,1,Predictable,8.54,0,,,5,,,130,Sound,,,
0,FORT,2,1,1776625433.396702,17.28,Game,1,Predictable,8.55,0,,,5,,,130,Sound,,,
0,FORT,2,1,1776625433.396702,17.29,Game,1,Predictable,8.56,0,,,5,,,130,Sound,,,
0,FORT,2,1,1776625433.396702,17.3,Game,1,Predictable,8.57,0,,,5,,,130,Sound,,,
0,FORT,2,1,1776625433.396702,17.31,Game,1,Predictable,8.57,0,,,5,,,130,Sound,,,
0,FORT,2,1,1776625433.396702,17.31,Game,1,Predictable,8.58,0,,,5,,,130,Sound,,,
0,FORT,2,1,1776625433.396702,17.32,Game,1,Predictable,8.59,0,,,5,,,130,Sound,,,
0,FORT,2,1,1776625433.396702,17.33,Game,1,Predictable,8.6,0,,,5,,,130,Sound,,,
0,FORT,2,1,1776625433.396702,17.34,Game,1,Predictable,8.61,0,,,5,,,130,Sound,,,
0,FORT,2,1,1776625433.396702,17.35,Game,1,Predictable,8.62,0,,,5,,,130,Sound,,,
0,FORT,2,1,1776625433.396702,17.36,Game,1,Predictable,8.62,0,,,5,,,130,Sound,,,
0,FORT,2,1,1776625433.396702,17.36,Game,1,Predictable,8.63,0,,,5,,,130,Sound,,,
0,FORT,2,1,1776625433.396702,17.37,Game,1,Predictable,8.64,0,,,5,,,130,Sound,,,
0,FORT,2,1,1776625433.396702,17.38,Game,1,Predictable,8.65,0,,,5,,,130,Sound,,,
0,FORT,2,1,1776625433.396702,17.39,Game,1,Predictable,8.66,0,,,5,,,130,Sound,,,
0,FORT,2,1,1776625433.396702,17.4,Game,1,Predictable,8.67,0,,,5,,,130,Sound,,,
0,FORT,2,1,1776625433.396702,17.41,Game,1,Predictable,8.67,0,,,5,,,130,Sound,,,
0,FORT,2,1,1776625433.396702,17.41,Game,1,Predictable,8.68,0,,,5,,,130,Sound,,,
0,FORT,2,1,1776625433.396702,17.42,Game,1,Predictable,8.69,0,,,5,,,130,Sound,,,
0,FORT,2,1,1776625433.396702,17.43,Game,1,Predictable,8.7,0,,,5,,,130,Sound,,,
0,FORT,2,1,1776625433.396702,17.44,Game,1,Predictable,8.71,0,,,5,,,130,Sound,,,
0,FORT,2,1,1776625433.396702,17.45,Game,1,Predictable,8.72,0,,,5,,,130,Sound,,,
0,FORT,2,1,1776625433.396702,17.46,Game,1,Predictable,8.72,0,,,5,,,130,Sound,,,
0,FORT,2,1,1776625433.396702,17.46,Game,1,Predictable,8.73,0,,,5,,,130,Sound,,,
0,FORT,2,1,1776625433.396702,17.47,Game,1,Predictable,8.74,0,,,5,,,130,Sound,,,
0,FORT,2,1,1776625433.396702,17.48,Game,1,Predictable,8.75,0,,,5,,,130,Sound,,,
0,FORT,2,1,1776625433.396702,17.49,Game,1,Predictable,8.76,0,,,5,,,130,Sound,,,
0,FORT,2,1,1776625433.396702,17.5,Game,1,Predictable,8.77,0,,,5,,,130,Sound,,,
0,FORT,2,1,1776625433.396702,17.51,Game,1,Predictable,8.77,0,,,5,,,130,Sound,,,
0,FORT,2,1,1776625433.396702,17.51,Game,1,Predictable,8.78,0,,,5,,,130,Sound,,,
0,FORT,2,1,1776625433.396702,17.52,Game,1,Predictable,8.79,0,,,5,,,130,Sound,,,
0,FORT,2,1,1776625433.396702,17.53,Game,1,Predictable,8.8,0,,,5,,,130,Sound,,,
0,FORT,2,1,1776625433.396702,17.54,Game,1,Predictable,8.81,0,,,5,,,130,Sound,,,
0,FORT,2,1,1776625433.396702,17.55,Game,1,Predictable,8.82,0,,,5,,,130,Sound,,,
0,FORT,2,1,1776625433.396702,17.56,Game,1,Predictable,8.82,0,,,5,,,130,Sound,,,
0,FORT,2,1,1776625433.396702,17.56,Game,1,Predictable,8.83,0,,,5,,,130,Sound,,,
0,FORT,2,1,1776625433.396702,17.57,Game,1,Predictable,8.84,0,,,5,,,130,Sound,,,
0,FORT,2,1,1776625433.396702,17.58,Game,1,Predictable,8.85,0,,,5,,,130,Sound,,,
0,FORT,2,1,1776625433.396702,17.59,Game,1,Predictable,8.86,0,,,5,,,130,Sound,,,
0,FORT,2,1,1776625433.396702,17.6,Game,1,Predictable,8.87,0,,,5,,,130,Sound,,,
0,FORT,2,1,1776625433.396702,17.61,Game,1,Predictable,8.87,0,,,5,,,130,Sound,,,
0,FORT,2,1,1776625433.396702,17.61,Game,1,Predictable,8.88,0,,,5,,,130,Sound,,,
0,FORT,2,1,1776625433.396702,17.62,Game,1,Predictable,8.89,0,,,5,,,130,Sound,,,
0,FORT,2,1,1776625433.396702,17.63,Game,1,Predictable,8.9,0,,,5,,,130,Sound,,,
0,FORT,2,1,1776625433.396702,17.64,Game,1,Predictable,8.91,0,,,5,,,130,Sound,,,
0,FORT,2,1,1776625433.396702,17.65,Game,1,Predictable,8.92,0,,,5,,,130,Sound,,,
0,FORT,2,1,1776625433.396702,17.66,Game,1,Predictable,8.92,0,,,5,,,130,Sound,,,
0,FORT,2,1,1776625433.396702,17.66,Game,1,Predictable,8.93,0,,,5,,,130,Sound,,,
0,FORT,2,1,1776625433.396702,17.67,Game,1,Predictable,8.94,0,,,5,,,130,Sound,,,
0,FORT,2,1,1776625433.396702,17.68,Game,1,Predictable,8.95,0,,,5,,,130,Sound,,,
0,FORT,2,1,1776625433.396702,17.69,Game,1,Predictable,8.96,0,,,5,,,130,Sound,,,
0,FORT,2,1,1776625433.396702,17.7,Game,1,Predictable,8.97,0,,,5,,,130,Sound,,,
0,FORT,2,1,1776625433.396702,17.71,Game,1,Predictable,8.97,0,,,5,,,130,Sound,,,
0,FORT,2,1,1776625433.396702,17.71,Game,1,Predictable,8.98,0,,,5,,,130,Sound,,,
0,FORT,2,1,1776625433.396702,17.72,Game,1,Predictable,8.99,0,,,5,,,130,Sound,,,
0,FORT,2,1,1776625433.396702,17.73,Game,1,Predictable,9.0,0,,,5,,,130,Sound,,,
0,FORT,2,1,1776625433.396702,17.74,Game,1,Predictable,9.01,0,,,5,,,130,Sound,,,
0,FORT,2,1,1776625433.396702,17.75,Game,1,Predictable,9.02,0,,,5,,,130,Sound,,,
0,FORT,2,1,1776625433.396702,17.76,Game,1,Predictable,9.02,0,,,5,,,130,Sound,,,
0,FORT,2,1,1776625433.396702,17.76,Game,1,Predictable,9.03,0,,,5,,,130,Sound,,,
0,FORT,2,1,1776625433.396702,17.77,Game,1,Predictable,9.04,0,,,5,,,130,Sound,,,
0,FORT,2,1,1776625433.396702,17.78,Game,1,Predictable,9.05,0,,,5,,,130,Sound,,,
0,FORT,2,1,1776625433.396702,17.79,Game,1,Predictable,9.06,0,,,5,,,130,Sound,,,
0,FORT,2,1,1776625433.396702,17.8,Game,1,Predictable,9.07,0,,,5,,,130,Sound,,,
0,FORT,2,1,1776625433.396702,17.81,Game,1,Predictable,9.07,0,,,5,,,130,Sound,,,
0,FORT,2,1,1776625433.396702,17.81,Game,1,Predictable,9.08,0,,,5,,,130,Sound,,,
0,FORT,2,1,1776625433.396702,17.82,Game,1,Predictable,9.09,0,,,5,,,130,Sound,,,
0,FORT,2,1,1776625433.396702,17.83,Game,1,Predictable,9.1,0,,,5,,,130,Sound,,,
0,FORT,2,1,1776625433.396702,17.84,Game,1,Predictable,9.11,0,,,5,,,130,Sound,,,
0,FORT,2,1,1776625433.396702,17.85,Game,1,Predictable,9.12,0,,,5,,,130,Sound,,,
0,FORT,2,1,1776625433.396702,17.86,Game,1,Predictable,9.12,0,,,5,,,130,Sound,,,
0,FORT,2,1,1776625433.396702,17.86,Game,1,Predictable,9.13,0,,,5,,,130,Sound,,,
0,FORT,2,1,1776625433.396702,17.87,Game,1,Predictable,9.14,0,,,5,,,130,Sound,,,
0,FORT,2,1,1776625433.396702,17.88,Game,1,Predictable,9.15,0,,,5,,,130,Sound,,,
0,FORT,2,1,1776625433.396702,17.89,Game,1,Predictable,9.16,0,,,5,,,130,Sound,,,
0,FORT,2,1,1776625433.396702,17.9,Game,1,Predictable,9.17,0,,,5,,,130,Sound,,,
0,FORT,2,1,1776625433.396702,17.91,Game,1,Predictable,9.17,0,,,5,,,130,Sound,,,
0,FORT,2,1,1776625433.396702,17.91,Game,1,Predictable,9.18,0,,,5,,,130,Sound,,,
0,FORT,2,1,1776625433.396702,17.92,Game,1,Predictable,9.19,0,,,5,,,130,Sound,,,
0,FORT,2,1,1776625433.396702,17.93,Game,1,Predictable,9.2,0,,,5,,,130,Sound,,,
0,FORT,2,1,1776625433.396702,17.94,Game,1,Predictable,9.21,0,,,5,,,130,Sound,,,
0,FORT,2,1,1776625433.396702,17.95,Game,1,Predictable,9.22,0,,,5,,,130,Sound,,,
0,FORT,2,1,1776625433.396702,17.96,Game,1,Predictable,9.22,0,,,5,,,130,Sound,,,
0,FORT,2,1,1776625433.396702,17.96,Game,1,Predictable,9.23,0,,,5,,,130,Sound,,,
0,FORT,2,1,1776625433.396702,17.97,Game,1,Predictable,9.24,0,,,5,,,130,Sound,,,
0,FORT,2,1,1776625433.396702,17.98,Game,1,Predictable,9.25,0,,,5,,,130,Sound,,,
0,FORT,2,1,1776625433.396702,17.99,Game,1,Predictable,9.26,0,,,5,,,130,Sound,,,
0,FORT,2,1,1776625433.396702,18.0,Game,1,Predictable,9.27,0,,,5,,,130,Sound,,,
0,FORT,2,1,1776625433.396702,18.01,Game,1,Predictable,9.27,0,,,5,,,130,Sound,,,
0,FORT,2,1,1776625433.396702,18.01,Game,1,Predictable,9.28,0,,,5,,,130,Sound,,,
0,FORT,2,1,1776625433.396702,18.02,Game,1,Predictable,9.29,0,,,5,,,130,Sound,,,
0,FORT,2,1,1776625433.396702,18.03,Game,1,Predictable,9.3,0,,,5,,,130,Sound,,,
0,FORT,2,1,1776625433.396702,18.04,Game,1,Predictable,9.31,0,,,5,,,130,Sound,,,
0,FORT,2,1,1776625433.396702,18.05,Game,1,Predictable,9.32,0,,,5,,,130,Sound,,,
0,FORT,2,1,1776625433.396702,18.06,Game,1,Predictable,9.32,0,,,5,,,130,Sound,,,
0,FORT,2,1,1776625433.396702,18.06,Game,1,Predictable,9.33,0,,,5,,,130,Sound,,,
0,FORT,2,1,1776625433.396702,18.07,Game,1,Predictable,9.34,0,,,5,,,130,Sound,,,
0,FORT,2,1,1776625433.396702,18.08,Game,1,Predictable,9.35,0,,,5,,,130,Sound,,,
0,FORT,2,1,1776625433.396702,18.09,Game,1,Predictable,9.36,0,,,5,,,130,Sound,,,
0,FORT,2,1,1776625433.396702,18.1,Game,1,Predictable,9.37,0,,,5,,,130,Sound,,,
0,FORT,2,1,1776625433.396702,18.11,Game,1,Predictable,9.37,0,,,5,,,130,Sound,,,
0,FORT,2,1,1776625433.396702,18.11,Game,1,Predictable,9.38,0,,,5,,,130,Sound,,,
0,FORT,2,1,1776625433.396702,18.12,Game,1,Predictable,9.39,0,,,5,,,130,Sound,,,
0,FORT,2,1,1776625433.396702,18.13,Game,1,Predictable,9.4,0,,,5,,,130,Sound,,,
0,FORT,2,1,1776625433.396702,18.14,Game,1,Predictable,9.41,0,,,5,,,130,Sound,,,
0,FORT,2,1,1776625433.396702,18.15,Game,1,Predictable,9.42,0,,,5,,,130,Sound,,,
0,FORT,2,1,1776625433.396702,18.16,Game,1,Predictable,9.42,0,,,5,,,130,Sound,,,
0,FORT,2,1,1776625433.396702,18.16,Game,1,Predictable,9.43,0,,,5,,,130,Sound,,,
0,FORT,2,1,1776625433.396702,18.17,Game,1,Predictable,9.44,0,,,5,,,130,Sound,,,
0,FORT,2,1,1776625433.396702,18.18,Game,1,Predictable,9.45,0,,,5,,,130,Sound,,,
0,FORT,2,1,1776625433.396702,18.19,Game,1,Predictable,9.46,0,,,5,,,130,Sound,,,
0,FORT,2,1,1776625433.396702,18.2,Game,1,Predictable,9.47,0,,,5,,,130,Sound,,,
0,FORT,2,1,1776625433.396702,18.21,Game,1,Predictable,9.48,0,,,5,,,130,Sound,,,
0,FORT,2,1,1776625433.396702,18.22,Game,1,Predictable,9.49,0,,,5,,,130,Sound,,,
0,FORT,2,1,1776625433.396702,18.23,Game,1,Predictable,9.5,0,,,5,,,130,Sound,,,
0,FORT,2,1,1776625433.396702,18.24,Game,1,Predictable,9.51,0,,,5,,,130,Sound,,,
0,FORT,2,1,1776625433.396702,18.25,Game,1,Predictable,9.52,0,,,5,,,130,Sound,,,
0,FORT,2,1,1776625433.396702,18.26,Game,1,Predictable,9.52,0,,,5,,,130,Sound,,,
0,FORT,2,1,1776625433.396702,18.26,Game,1,Predictable,9.53,0,,,5,,,130,Sound,,,
0,FORT,2,1,1776625433.396702,18.27,Game,1,Predictable,9.54,0,,,5,,,130,Sound,,,
0,FORT,2,1,1776625433.396702,18.28,Game,1,Predictable,9.55,0,,,5,,,130,Sound,,,
0,FORT,2,1,1776625433.396702,18.29,Game,1,Predictable,9.56,0,,,5,,,130,Sound,,,
0,FORT,2,1,1776625433.396702,18.3,Game,1,Predictable,9.57,0,,,5,,,130,Sound,,,
0,FORT,2,1,1776625433.396702,18.31,Game,1,Predictable,9.58,0,,,5,,,130,Sound,,,
0,FORT,2,1,1776625433.396702,18.32,Game,1,Predictable,9.59,0,,,5,,,130,Sound,,,
0,FORT,2,1,1776625433.396702,18.33,Game,1,Predictable,9.6,0,,,5,,,130,Sound,,,
0,FORT,2,1,1776625433.396702,18.34,Game,1,Predictable,9.61,0,,,5,,,130,Sound,,,
0,FORT,2,1,1776625433.396702,18.35,Game,1,Predictable,9.62,0,,,5,,,130,Sound,,,
0,FORT,2,1,1776625433.396702,18.36,Game,1,Predictable,9.63,0,,,5,,,130,Sound,,,
0,FORT,2,1,1776625433.396702,18.37,Game,1,Predictable,9.64,0,,,5,,,130,Sound,,,
0,FORT,2,1,1776625433.396702,18.38,Game,1,Predictable,9.65,0,,,5,,,130,Sound,,,
0,FORT,2,1,1776625433.396702,18.39,Game,1,Predictable,9.66,0,,,5,,,130,Sound,,,
0,FORT,2,1,1776625433.396702,18.4,Game,1,Predictable,9.67,0,,,5,,,130,Sound,,,
0,FORT,2,1,1776625433.396702,18.41,Game,1,Predictable,9.68,0,,,5,,,130,Sound,,,
0,FORT,2,1,1776625433.396702,18.42,Game,1,Predictable,9.69,0,,,5,,,130,Sound,,,
0,FORT,2,1,1776625433.396702,18.43,Game,1,Predictable,9.7,0,,,5,,,130,Sound,,,
0,FORT,2,1,1776625433.396702,18.44,Game,1,Predictable,9.71,0,,,5,,,130,Sound,,,
0,FORT,2,1,1776625433.396702,18.45,Game,1,Predictable,9.72,0,,,5,,,130,Sound,,,
0,FORT,2,1,1776625433.396702,18.46,Game,1,Predictable,9.73,0,,,5,,,130,Sound,,,
0,FORT,2,1,1776625433.396702,18.47,Game,1,Predictable,9.74,0,,,5,,,130,Sound,,,
0,FORT,2,1,1776625433.396702,18.48,Game,1,Predictable,9.75,0,,,5,,,130,Sound,,,
0,FORT,2,1,1776625433.396702,18.49,Game,1,Predictable,9.76,0,,,5,,,130,Sound,,,
0,FORT,2,1,1776625433.396702,18.5,Game,1,Predictable,9.77,0,,,5,,,130,Sound,,,
0,FORT,2,1,1776625433.396702,18.51,Game,1,Predictable,9.78,0,,,5,,,130,Sound,,,
0,FORT,2,1,1776625433.396702,18.52,Game,1,Predictable,9.79,0,,,5,,,130,Sound,,,
0,FORT,2,1,1776625433.396702,18.53,Game,1,Predictable,9.8,0,,,5,,,130,Sound,,,
0,FORT,2,1,1776625433.396702,18.54,Game,1,Predictable,9.81,0,,,5,,,130,Sound,,,
0,FORT,2,1,1776625433.396702,18.55,Game,1,Predictable,9.82,0,,,5,,,130,Sound,,,
0,FORT,2,1,1776625433.396702,18.56,Game,1,Predictable,9.83,0,,,5,,,130,Sound,,,
0,FORT,2,1,1776625433.396702,18.57,Game,1,Predictable,9.84,0,,,5,,,130,Sound,,,
0,FORT,2,1,1776625433.396702,18.58,Game,1,Predictable,9.85,0,,,5,,,130,Sound,,,
0,FORT,2,1,1776625433.396702,18.59,Game,1,Predictable,9.86,0,,,5,,,130,Sound,,,
0,FORT,2,1,1776625433.396702,18.6,Game,1,Predictable,9.87,0,,,5,,,130,Sound,,,
0,FORT,2,1,1776625433.396702,18.61,Game,1,Predictable,9.88,0,,,5,,,130,Sound,,,
0,FORT,2,1,1776625433.396702,18.62,Game,1,Predictable,9.89,0,,,5,,,130,Sound,,,
0,FORT,2,1,1776625433.396702,18.63,Game,1,Predictable,9.9,0,,,5,,,130,Sound,,,
0,FORT,2,1,1776625433.396702,18.64,Game,1,Predictable,9.91,0,,,5,,,130,Sound,,,
0,FORT,2,1,1776625433.396702,18.65,Game,1,Predictable,9.92,0,,,5,,,130,Sound,,,
0,FORT,2,1,1776625433.396702,18.66,Game,1,Predictable,9.93,0,,,5,,,130,Sound,,,
0,FORT,2,1,1776625433.396702,18.67,Game,1,Predictable,9.94,0,,,5,,,130,Sound,,,
0,FORT,2,1,1776625433.396702,18.68,Game,1,Predictable,9.95,0,,,5,,,130,Sound,,,
0,FORT,2,1,1776625433.396702,18.69,Game,1,Predictable,9.96,0,,,5,,,130,Sound,,,
0,FORT,2,1,1776625433.396702,18.7,Game,1,Predictable,9.97,0,,,5,,,130,Sound,,,
0,FORT,2,1,1776625433.396702,18.71,Game,1,Predictable,9.98,0,,,5,,,130,Sound,,,
0,FORT,2,1,1776625433.396702,18.72,Game,1,Predictable,9.99,0,,,5,,,130,Sound,,,
0,FORT,2,1,1776625433.396702,18.73,Game,1,Predictable,10.0,0,,,5,,,130,Sound,,,
0,FORT,2,1,1776625433.396702,18.74,Game,1,Predictable,10.01,0,,,5,,,130,Sound,,,
0,FORT,2,1,1776625433.396702,18.75,Game,1,Predictable,10.02,0,,,5,,,130,Sound,,,
0,FORT,2,1,1776625433.396702,18.76,Game,1,Predictable,10.03,0,,,5,,,130,Sound,,,
0,FORT,2,1,1776625433.396702,18.77,Game,1,Predictable,10.04,0,,,5,,,130,Sound,,,
0,FORT,2,1,1776625433.396702,18.78,Game,1,Predictable,10.05,0,,,5,,,130,Sound,,,
0,FORT,2,1,1776625433.396702,18.79,Game,1,Predictable,10.06,0,,,5,,,130,Sound,,,
0,FORT,2,1,1776625433.396702,18.8,Game,1,Predictable,10.07,0,,,5,,,130,Sound,,,
0,FORT,2,1,1776625433.396702,18.82,Game,1,Predictable,10.08,0,,,5,,,130,Sound,,,
0,FORT,2,1,1776625433.396702,18.84,Game,1,Predictable,10.1,0,,,5,,,130,Sound,,,
0,FORT,2,1,1776625433.396702,18.85,Game,1,Predictable,10.12,0,,,5,,,130,Sound,,,
0,FORT,2,1,1776625433.396702,18.86,Game,1,Predictable,10.13,0,,,5,,,130,Sound,,,
0,FORT,2,1,1776625433.396702,18.87,Game,1,Predictable,10.14,0,,,5,,,130,Sound,,,
0,FORT,2,1,1776625433.396702,18.88,Game,1,Predictable,10.15,0,,,5,,,130,Sound,,,
0,FORT,2,1,1776625433.396702,18.89,Game,1,Predictable,10.16,0,,,5,,,130,Sound,,,
0,FORT,2,1,1776625433.396702,18.91,Game,1,Predictable,10.17,0,,,5,,,130,Sound,,,
0,FORT,2,1,1776625433.396702,18.92,Game,1,Predictable,10.19,0,,,5,,,130,Sound,,,
0,FORT,2,1,1776625433.396702,18.93,Game,1,Predictable,10.19,0,,,5,,,130,Sound,,,
0,FORT,2,1,1776625433.396702,18.94,Game,1,Predictable,10.2,0,,,5,,,130,Sound,,,
0,FORT,2,1,1776625433.396702,18.95,Game,1,Predictable,10.22,0,,,5,,,130,Sound,,,
0,FORT,2,1,1776625433.396702,18.97,Game,1,Predictable,10.23,0,,,5,,,130,Sound,,,
0,FORT,2,1,1776625433.396702,18.98,Game,1,Predictable,10.25,0,,,5,,,130,Sound,,,
0,FORT,2,1,1776625433.396702,19.01,Game,1,Predictable,10.26,0,,,5,,,130,Sound,,,
0,FORT,2,1,1776625433.396702,19.01,Game,1,Predictable,10.28,0,,,5,,,130,Sound,,,
0,FORT,2,1,1776625433.396702,19.04,Game,1,Predictable,10.29,0,,,5,,,130,Sound,,,
0,FORT,2,1,1776625433.396702,19.05,Game,1,Predictable,10.32,0,,,5,,,130,Sound,,,
0,FORT,2,1,1776625433.396702,19.06,Game,1,Predictable,10.33,0,,,5,,,130,Sound,,,
0,FORT,2,1,1776625433.396702,19.07,Game,1,Predictable,10.34,0,,,5,,,130,Sound,,,
0,FORT,2,1,1776625433.396702,19.08,Game,1,Predictable,10.35,0,,,5,,,130,Sound,,,
0,FORT,2,1,1776625433.396702,19.09,Game,1,Predictable,10.36,0,,,5,,,130,Sound,,,
0,FORT,2,1,1776625433.396702,19.1,Game,1,Predictable,10.37,0,,,5,,,130,Sound,,,
0,FORT,2,1,1776625433.396702,19.11,Game,1,Predictable,10.38,0,,,5,,,130,Sound,,,
0,FORT,2,1,1776625433.396702,19.12,Game,1,Predictable,10.39,0,,,5,,,130,Sound,,,
0,FORT,2,1,1776625433.396702,19.13,Game,1,Predictable,10.4,0,,,5,,,130,Sound,,,
0,FORT,2,1,1776625433.396702,19.14,Game,1,Predictable,10.41,0,,,5,,,130,Sound,,,
0,FORT,2,1,1776625433.396702,19.15,Game,1,Predictable,10.42,0,,,5,,,130,Sound,,,
0,FORT,2,1,1776625433.396702,19.16,Game,1,Predictable,10.43,0,,,5,,,130,Sound,,,
0,FORT,2,1,1776625433.396702,19.17,Game,1,Predictable,10.44,0,,,5,,,130,Sound,,,
0,FORT,2,1,1776625433.396702,19.18,Game,1,Predictable,10.45,0,,,5,,,130,Sound,,,
0,FORT,2,1,1776625433.396702,19.19,Game,1,Predictable,10.46,0,,,5,,,130,Sound,,,
0,FORT,2,1,1776625433.396702,19.2,Game,1,Predictable,10.47,0,,,5,,,130,Sound,,,
0,FORT,2,1,1776625433.396702,19.21,Game,1,Predictable,10.48,0,,,5,,,130,Sound,,,
0,FORT,2,1,1776625433.396702,19.22,Game,1,Predictable,10.49,0,,,5,,,130,Sound,,,
0,FORT,2,1,1776625433.396702,19.23,Game,1,Predictable,10.5,0,,,5,,,130,Sound,,,
0,FORT,2,1,1776625433.396702,19.24,Game,1,Predictable,10.51,0,,,5,,,130,Sound,,,
0,FORT,2,1,1776625433.396702,19.25,Game,1,Predictable,10.52,0,,,5,,,130,Sound,,,
0,FORT,2,1,1776625433.396702,19.27,Game,1,Predictable,10.53,0,,,5,,,130,Sound,,,
0,FORT,2,1,1776625433.396702,19.28,Game,1,Predictable,10.55,0,,,5,,,130,Sound,,,
0,FORT,2,1,1776625433.396702,19.29,Game,1,Predictable,10.56,0,,,5,,,130,Sound,,,
0,FORT,2,1,1776625433.396702,19.3,Game,1,Predictable,10.57,0,,,5,,,130,Sound,,,
0,FORT,2,1,1776625433.396702,19.31,Game,1,Predictable,10.58,0,,,5,,,130,Sound,,,
0,FORT,2,1,1776625433.396702,19.32,Game,1,Predictable,10.59,0,,,5,,,130,Sound,,,
0,FORT,2,1,1776625433.396702,19.33,Game,1,Predictable,10.6,0,,,5,,,130,Sound,,,
0,FORT,2,1,1776625433.396702,19.36,Game,1,Predictable,10.61,0,,,5,,,130,Sound,,,
0,FORT,2,1,1776625433.396702,19.37,Game,1,Predictable,10.63,0,,,5,,,130,Sound,,,
0,FORT,2,1,1776625433.396702,19.38,Game,1,Predictable,10.65,0,,,5,,,130,Sound,,,
0,FORT,2,1,1776625433.396702,19.39,Game,1,Predictable,10.66,0,,,5,,,130,Sound,,,
0,FORT,2,1,1776625433.396702,19.41,Game,1,Predictable,10.67,0,,,5,,,130,Sound,,,
0,FORT,2,1,1776625433.396702,19.41,Game,1,Predictable,10.68,0,,,5,,,130,Sound,,,
0,FORT,2,1,1776625433.396702,19.42,Game,1,Predictable,10.69,0,,,5,,,130,Sound,,,
0,FORT,2,1,1776625433.396702,19.43,Game,1,Predictable,10.7,0,,,5,,,130,Sound,,,
0,FORT,2,1,1776625433.396702,19.44,Game,1,Predictable,10.71,0,,,5,,,130,Sound,,,
0,FORT,2,1,1776625433.396702,19.45,Game,1,Predictable,10.72,0,,,5,,,130,Sound,,,
0,FORT,2,1,1776625433.396702,19.46,Game,1,Predictable,10.73,0,,,5,,,130,Sound,,,
0,FORT,2,1,1776625433.396702,19.47,Game,1,Predictable,10.74,0,,,5,,,130,Sound,,,
0,FORT,2,1,1776625433.396702,19.48,Game,1,Predictable,10.75,0,,,5,,,130,Sound,,,
0,FORT,2,1,1776625433.396702,19.49,Game,1,Predictable,10.76,0,,,5,,,130,Sound,,,
0,FORT,2,1,1776625433.396702,19.5,Game,1,Predictable,10.77,0,,,5,,,130,Sound,,,
0,FORT,2,1,1776625433.396702,19.51,Game,1,Predictable,10.78,0,,,5,,,130,Sound,,,
0,FORT,2,1,1776625433.396702,19.52,Game,1,Predictable,10.79,0,,,5,,,130,Sound,,,
0,FORT,2,1,1776625433.396702,19.53,Game,1,Predictable,10.8,0,,,5,,,130,Sound,,,
0,FORT,2,1,1776625433.396702,19.54,Game,1,Predictable,10.81,0,,,5,,,130,Sound,,,
0,FORT,2,1,1776625433.396702,19.55,Game,1,Predictable,10.82,0,,,5,,,130,Sound,,,
0,FORT,2,1,1776625433.396702,19.56,Game,1,Predictable,10.83,0,,,5,,,130,Sound,,,
0,FORT,2,1,1776625433.396702,19.57,Game,1,Predictable,10.84,0,,,5,,,130,Sound,,,
0,FORT,2,1,1776625433.396702,19.58,Game,1,Predictable,10.85,0,,,5,,,130,Sound,,,
0,FORT,2,1,1776625433.396702,19.59,Game,1,Predictable,10.86,0,,,5,,,130,Sound,,,
0,FORT,2,1,1776625433.396702,19.6,Game,1,Predictable,10.87,0,,,5,,,130,Sound,,,
0,FORT,2,1,1776625433.396702,19.61,Game,1,Predictable,10.88,0,,,5,,,130,Sound,,,
0,FORT,2,1,1776625433.396702,19.62,Game,1,Predictable,10.89,0,,,5,,,130,Sound,,,
0,FORT,2,1,1776625433.396702,19.63,Game,1,Predictable,10.9,0,,,5,,,130,Sound,,,
0,FORT,2,1,1776625433.396702,19.64,Game,1,Predictable,10.91,0,,,5,,,130,Sound,,,
0,FORT,2,1,1776625433.396702,19.65,Game,1,Predictable,10.92,0,,,5,,,130,Sound,,,
0,FORT,2,1,1776625433.396702,19.66,Game,1,Predictable,10.93,0,,,5,,,130,Sound,,,
0,FORT,2,1,1776625433.396702,19.67,Game,1,Predictable,10.94,0,,,5,,,130,Sound,,,
0,FORT,2,1,1776625433.396702,19.68,Game,1,Predictable,10.95,0,,,5,,,130,Sound,,,
0,FORT,2,1,1776625433.396702,19.71,Game,1,Predictable,10.96,0,,,5,,,130,Sound,,,
0,FORT,2,1,1776625433.396702,19.71,Game,1,Predictable,10.98,0,,,5,,,130,Sound,,,
0,FORT,2,1,1776625433.396702,19.74,Game,1,Predictable,10.99,0,,,5,,,130,Sound,,,
0,FORT,2,1,1776625433.396702,19.76,Game,1,Predictable,11.02,0,,,5,,,130,Sound,,,
0,FORT,2,1,1776625433.396702,19.76,Game,1,Predictable,11.03,0,,,5,,,130,Sound,,,
0,FORT,2,1,1776625433.396702,19.79,Game,1,Predictable,11.04,0,,,5,,,130,Sound,,,
0,FORT,2,1,1776625433.396702,19.8,Game,1,Predictable,11.07,0,,,5,,,130,Sound,,,
0,FORT,2,1,1776625433.396702,19.81,Game,1,Predictable,11.08,0,,,5,,,130,Sound,,,
0,FORT,2,1,1776625433.396702,19.82,Game,1,Predictable,11.09,0,,,5,,,130,Sound,,,
0,FORT,2,1,1776625433.396702,19.83,Game,1,Predictable,11.1,0,,,5,,,130,Sound,,,
0,FORT,2,1,1776625433.396702,19.86,Game,1,Predictable,11.11,0,,,5,,,130,Sound,,,
0,FORT,2,1,1776625433.396702,19.86,Game,1,Predictable,11.13,0,,,5,,,130,Sound,,,
0,FORT,2,1,1776625433.396702,19.89,Game,1,Predictable,11.14,0,,,5,,,130,Sound,,,
0,FORT,2,1,1776625433.396702,19.9,Game,1,Predictable,11.17,0,,,5,,,130,Sound,,,
0,FORT,2,1,1776625433.396702,19.91,Game,1,Predictable,11.18,0,,,5,,,130,Sound,,,
0,FORT,2,1,1776625433.396702,19.92,Game,1,Predictable,11.19,0,,,5,,,130,Sound,,,
0,FORT,2,1,1776625433.396702,19.93,Game,1,Predictable,11.2,0,,,5,,,130,Sound,,,
0,FORT,2,1,1776625433.396702,19.94,Game,1,Predictable,11.21,0,,,5,,,130,Sound,,,
0,FORT,2,1,1776625433.396702,19.95,Game,1,Predictable,11.22,0,,,5,,,130,Sound,,,
0,FORT,2,1,1776625433.396702,19.97,Game,1,Predictable,11.23,0,,,5,,,130,Sound,,,
0,FORT,2,1,1776625433.396702,19.98,Game,1,Predictable,11.25,0,,,5,,,130,Sound,,,
0,FORT,2,1,1776625433.396702,20.01,Game,1,Predictable,11.26,0,,,5,,,130,Sound,,,
0,FORT,2,1,1776625433.396702,20.02,Game,1,Predictable,11.28,0,,,5,,,130,Sound,,,
0,FORT,2,1,1776625433.396702,20.03,Game,1,Predictable,11.29,0,,,5,,,130,Sound,,,
0,FORT,2,1,1776625433.396702,20.04,Game,1,Predictable,11.3,0,,,5,,,130,Sound,,,
0,FORT,2,1,1776625433.396702,20.05,Game,1,Predictable,11.32,0,,,5,,,130,Sound,,,
0,FORT,2,1,1776625433.396702,20.07,Game,1,Predictable,11.33,0,,,5,,,130,Sound,,,
0,FORT,2,1,1776625433.396702,20.08,Game,1,Predictable,11.35,0,,,5,,,130,Sound,,,
0,FORT,2,1,1776625433.396702,20.11,Game,1,Predictable,11.36,0,,,5,,,130,Sound,,,
0,FORT,2,1,1776625433.396702,20.12,Game,1,Predictable,11.38,0,,,5,,,130,Sound,,,
0,FORT,2,1,1776625433.396702,20.13,Game,1,Predictable,11.39,0,,,5,,,130,Sound,,,
0,FORT,2,1,1776625433.396702,20.14,Game,1,Predictable,11.4,0,,,5,,,130,Sound,,,
0,FORT,2,1,1776625433.396702,20.15,Game,1,Predictable,11.42,0,,,5,,,130,Sound,,,
0,FORT,2,1,1776625433.396702,20.17,Game,1,Predictable,11.43,0,,,5,,,130,Sound,,,
0,FORT,2,1,1776625433.396702,20.19,Game,1,Predictable,11.45,0,,,5,,,130,Sound,,,
0,FORT,2,1,1776625433.396702,20.2,Game,1,Predictable,11.47,0,,,5,,,130,Sound,,,
0,FORT,2,1,1776625433.396702,20.21,Game,1,Predictable,11.48,0,,,5,,,130,Sound,,,
0,FORT,2,1,1776625433.396702,20.22,Game,1,Predictable,11.49,0,,,5,,,130,Sound,,,
0,FORT,2,1,1776625433.396702,20.23,Game,1,Predictable,11.5,0,,,5,,,130,Sound,,,
0,FORT,2,1,1776625433.396702,20.26,Game,1,Predictable,11.51,0,,,5,,,130,Sound,,,
0,FORT,2,1,1776625433.396702,20.26,Game,1,Predictable,11.53,0,,,5,,,130,Sound,,,
0,FORT,2,1,1776625433.396702,20.28,Game,1,Predictable,11.54,0,,,5,,,130,Sound,,,
0,FORT,2,1,1776625433.396702,20.29,Game,1,Predictable,11.55,0,,,5,,,130,Sound,,,
0,FORT,2,1,1776625433.396702,20.3,Game,1,Predictable,11.57,0,,,5,,,130,Sound,,,
0,FORT,2,1,1776625433.396702,20.32,Game,1,Predictable,11.58,0,,,5,,,130,Sound,,,
0,FORT,2,1,1776625433.396702,20.33,Game,1,Predictable,11.6,0,,,5,,,130,Sound,,,
0,FORT,2,1,1776625433.396702,20.36,Game,1,Predictable,11.61,0,,,5,,,130,Sound,,,
0,FORT,2,1,1776625433.396702,20.37,Game,1,Predictable,11.63,0,,,5,,,130,Sound,,,
0,FORT,2,1,1776625433.396702,20.38,Game,1,Predictable,11.64,0,,,5,,,130,Sound,,,
0,FORT,2,1,1776625433.396702,20.39,Game,1,Predictable,11.65,0,,,5,,,130,Sound,,,
0,FORT,2,1,1776625433.396702,20.4,Game,1,Predictable,11.67,0,,,5,,,130,Sound,,,
0,FORT,2,1,1776625433.396702,20.42,Game,1,Predictable,11.68,0,,,5,,,130,Sound,,,
0,FORT,2,1,1776625433.396702,20.44,Game,1,Predictable,11.7,0,,,5,,,130,Sound,,,
0,FORT,2,1,1776625433.396702,20.45,Game,1,Predictable,11.72,0,,,5,,,130,Sound,,,
0,FORT,2,1,1776625433.396702,20.46,Game,1,Predictable,11.73,0,,,5,,,130,Sound,,,
0,FORT,2,1,1776625433.396702,20.47,Game,1,Predictable,11.74,0,,,5,,,130,Sound,,,
0,FORT,2,1,1776625433.396702,20.48,Game,1,Predictable,11.75,0,,,5,,,130,Sound,,,
0,FORT,2,1,1776625433.396702,20.51,Game,1,Predictable,11.76,0,,,5,,,130,Sound,,,
0,FORT,2,1,1776625433.396702,20.51,Game,1,Predictable,11.78,0,,,5,,,130,Sound,,,
0,FORT,2,1,1776625433.396702,20.53,Game,1,Predictable,11.79,0,,,5,,,130,Sound,,,
0,FORT,2,1,1776625433.396702,20.54,Game,1,Predictable,11.8,0,,,5,,,130,Sound,,,
0,FORT,2,1,1776625433.396702,20.55,Game,1,Predictable,11.82,0,,,5,,,130,Sound,,,
0,FORT,2,1,1776625433.396702,20.57,Game,1,Predictable,11.83,0,,,5,,,130,Sound,,,
0,FORT,2,1,1776625433.396702,20.59,Game,1,Predictable,11.85,0,,,5,,,130,Sound,,,
0,FORT,2,1,1776625433.396702,20.6,Game,1,Predictable,11.87,0,,,5,,,130,Sound,,,
0,FORT,2,1,1776625433.396702,20.61,Game,1,Predictable,11.88,0,,,5,,,130,Sound,,,
0,FORT,2,1,1776625433.396702,20.62,Game,1,Predictable,11.89,0,,,5,,,130,Sound,,,
0,FORT,2,1,1776625433.396702,20.63,Game,1,Predictable,11.9,0,,,5,,,130,Sound,,,
0,FORT,2,1,1776625433.396702,20.66,Game,1,Predictable,11.91,0,,,5,,,130,Sound,,,
0,FORT,2,1,1776625433.396702,20.67,Game,1,Predictable,11.93,0,,,5,,,130,Sound,,,
0,FORT,2,1,1776625433.396702,20.68,Game,1,Predictable,11.95,0,,,5,,,130,Sound,,,
0,FORT,2,1,1776625433.396702,20.69,Game,1,Predictable,11.96,0,,,5,,,130,Sound,,,
0,FORT,2,1,1776625433.396702,20.71,Game,1,Predictable,11.97,0,,,5,,,130,Sound,,,
0,FORT,2,1,1776625433.396702,20.71,Game,1,Predictable,11.98,0,,,5,,,130,Sound,,,
0,FORT,2,1,1776625433.396702,20.73,Game,1,Predictable,11.99,0,,,5,,,130,Sound,,,
0,FORT,2,1,1776625433.396702,20.74,Game,1,Predictable,12.0,0,,,5,,,130,Sound,,,
0,FORT,2,1,1776625433.396702,20.75,Game,1,Predictable,12.02,0,,,5,,,130,Sound,,,
0,FORT,2,1,1776625433.396702,20.77,Game,1,Predictable,12.03,0,,,5,,,130,Sound,,,
0,FORT,2,1,1776625433.396702,20.79,Game,1,Predictable,12.05,0,,,5,,,130,Sound,,,
0,FORT,2,1,1776625433.396702,20.8,Game,1,Predictable,12.07,0,,,5,,,130,Sound,,,
0,FORT,2,1,1776625433.396702,20.81,Game,1,Predictable,12.08,0,,,5,,,130,Sound,,,
0,FORT,2,1,1776625433.396702,20.82,Game,1,Predictable,12.09,0,,,5,,,130,Sound,,,
0,FORT,2,1,1776625433.396702,20.83,Game,1,Predictable,12.1,0,,,5,,,130,Sound,,,
0,FORT,2,1,1776625433.396702,20.86,Game,1,Predictable,12.11,0,,,5,,,130,Sound,,,
0,FORT,2,1,1776625433.396702,20.87,Game,1,Predictable,12.13,0,,,5,,,130,Sound,,,
0,FORT,2,1,1776625433.396702,20.88,Game,1,Predictable,12.15,0,,,5,,,130,Sound,,,
0,FORT,2,1,1776625433.396702,20.89,Game,1,Predictable,12.16,0,,,5,,,130,Sound,,,
0,FORT,2,1,1776625433.396702,20.91,Game,1,Predictable,12.17,0,,,5,,,130,Sound,,,
0,FORT,2,1,1776625433.396702,20.91,Game,1,Predictable,12.18,0,,,5,,,130,Sound,,,
0,FORT,2,1,1776625433.396702,20.94,Game,1,Predictable,12.19,0,,,5,,,130,Sound,,,
0,FORT,2,1,1776625433.396702,20.96,Game,1,Predictable,12.22,0,,,5,,,130,Sound,,,
0,FORT,2,1,1776625433.396702,20.97,Game,1,Predictable,12.23,0,,,5,,,130,Sound,,,
0,FORT,2,1,1776625433.396702,20.98,Game,1,Predictable,12.24,0,,,5,,,130,Sound,,,
0,FORT,2,1,1776625433.396702,20.99,Game,1,Predictable,12.25,0,,,5,,,130,Sound,,,
0,FORT,2,1,1776625433.396702,21.0,Game,1,Predictable,12.27,0,,,5,,,130,Sound,,,
0,FORT,2,1,1776625433.396702,21.02,Game,1,Predictable,12.28,0,,,5,,,130,Sound,,,
0,FORT,2,1,1776625433.396702,21.04,Game,1,Predictable,12.3,0,,,5,,,130,Sound,,,
0,FORT,2,1,1776625433.396702,21.05,Game,1,Predictable,12.32,0,,,5,,,130,Sound,,,
0,FORT,2,1,1776625433.396702,21.06,Game,1,Predictable,12.33,0,,,5,,,130,Sound,,,
0,FORT,2,1,1776625433.396702,21.07,Game,1,Predictable,12.34,0,,,5,,,130,Sound,,,
0,FORT,2,1,1776625433.396702,21.08,Game,1,Predictable,12.35,0,,,5,,,130,Sound,,,
0,FORT,2,1,1776625433.396702,21.11,Game,1,Predictable,12.36,0,,,5,,,130,Sound,,,
0,FORT,2,1,1776625433.396702,21.12,Game,1,Predictable,12.38,0,,,5,,,130,Sound,,,
0,FORT,2,1,1776625433.396702,21.13,Game,1,Predictable,12.4,0,,,5,,,130,Sound,,,
0,FORT,2,1,1776625433.396702,21.14,Game,1,Predictable,12.41,0,,,5,,,130,Sound,,,
0,FORT,2,1,1776625433.396702,21.16,Game,1,Predictable,12.42,0,,,5,,,130,Sound,,,
0,FORT,2,1,1776625433.396702,21.16,Game,1,Predictable,12.43,0,,,5,,,130,Sound,,,
0,FORT,2,1,1776625433.396702,21.17,Game,1,Predictable,12.44,0,,,5,,,130,Sound,,,
0,FORT,2,1,1776625433.396702,21.18,Game,1,Predictable,12.45,0,,,5,,,130,Sound,,,
0,FORT,2,1,1776625433.396702,21.19,Game,1,Predictable,12.46,0,,,5,,,130,Sound,,,
0,FORT,2,1,1776625433.396702,21.21,Game,1,Predictable,12.47,0,,,5,,,130,Sound,,,
0,FORT,2,1,1776625433.396702,21.21,Game,1,Predictable,12.48,0,,,5,,,130,Sound,,,
0,FORT,2,1,1776625433.396702,21.24,Game,1,Predictable,12.49,0,,,5,,,130,Sound,,,
0,FORT,2,1,1776625433.396702,21.26,Game,1,Predictable,12.52,0,,,5,,,130,Sound,,,
0,FORT,2,1,1776625433.396702,21.27,Game,1,Predictable,12.53,0,,,5,,,130,Sound,,,
0,FORT,2,1,1776625433.396702,21.28,Game,1,Predictable,12.54,0,,,5,,,130,Sound,,,
0,FORT,2,1,1776625433.396702,21.29,Game,1,Predictable,12.55,0,,,5,,,130,Sound,,,
0,FORT,2,1,1776625433.396702,21.3,Game,1,Predictable,12.57,0,,,5,,,130,Sound,,,
0,FORT,2,1,1776625433.396702,21.31,Game,1,Predictable,12.58,0,,,5,,,130,Sound,,,
0,FORT,2,1,1776625433.396702,21.32,Game,1,Predictable,12.59,0,,,5,,,130,Sound,,,
0,FORT,2,1,1776625433.396702,21.33,Game,1,Predictable,12.6,0,,,5,,,130,Sound,,,
0,FORT,2,1,1776625433.396702,21.36,Game,1,Predictable,12.61,0,,,5,,,130,Sound,,,
0,FORT,2,1,1776625433.396702,21.37,Game,1,Predictable,12.63,0,,,5,,,130,Sound,,,
0,FORT,2,1,1776625433.396702,21.38,Game,1,Predictable,12.65,0,,,5,,,130,Sound,,,
0,FORT,2,1,1776625433.396702,21.39,Game,1,Predictable,12.66,0,,,5,,,130,Sound,,,
0,FORT,2,1,1776625433.396702,21.41,Game,1,Predictable,12.67,0,,,5,,,130,Sound,,,
0,FORT,2,1,1776625433.396702,21.41,Game,1,Predictable,12.68,0,,,5,,,130,Sound,,,
0,FORT,2,1,1776625433.396702,21.44,Game,1,Predictable,12.69,0,,,5,,,130,Sound,,,
0,FORT,2,1,1776625433.396702,21.46,Game,1,Predictable,12.72,0,,,5,,,130,Sound,,,
0,FORT,2,1,1776625433.396702,21.47,Game,1,Predictable,12.73,0,,,5,,,130,Sound,,,
0,FORT,2,1,1776625433.396702,21.48,Game,1,Predictable,12.74,0,,,5,,,130,Sound,,,
0,FORT,2,1,1776625433.396702,21.49,Game,1,Predictable,12.75,0,,,5,,,130,Sound,,,
0,FORT,2,1,1776625433.396702,21.5,Game,1,Predictable,12.77,0,,,5,,,130,Sound,,,
0,FORT,2,1,1776625433.396702,21.52,Game,1,Predictable,12.78,0,,,5,,,130,Sound,,,
0,FORT,2,1,1776625433.396702,21.53,Game,1,Predictable,12.8,0,,,5,,,130,Sound,,,
0,FORT,2,1,1776625433.396702,21.54,Game,1,Predictable,12.81,0,,,5,,,130,Sound,,,
0,FORT,2,1,1776625433.396702,21.56,Game,1,Predictable,12.82,0,,,5,,,130,Sound,,,
0,FORT,2,1,1776625433.396702,21.57,Game,1,Predictable,12.83,0,,,5,,,130,Sound,,,
0,FORT,2,1,1776625433.396702,21.58,Game,1,Predictable,12.84,0,,,5,,,130,Sound,,,
0,FORT,2,1,1776625433.396702,21.59,Game,1,Predictable,12.85,0,,,5,,,130,Sound,,,
0,FORT,2,1,1776625433.396702,21.6,Game,1,Predictable,12.87,0,,,5,,,130,Sound,,,
0,FORT,2,1,1776625433.396702,21.61,Game,1,Predictable,12.88,0,,,5,,,130,Sound,,,
0,FORT,2,1,1776625433.396702,21.62,Game,1,Predictable,12.89,0,,,5,,,130,Sound,,,
0,FORT,2,1,1776625433.396702,21.63,Game,1,Predictable,12.9,0,,,5,,,130,Sound,,,
0,FORT,2,1,1776625433.396702,21.64,Game,1,Predictable,12.91,0,,,5,,,130,Sound,,,
0,FORT,2,1,1776625433.396702,21.66,Game,1,Predictable,12.92,0,,,5,,,130,Sound,,,
0,FORT,2,1,1776625433.396702,21.67,Game,1,Predictable,12.93,0,,,5,,,130,Sound,,,
0,FORT,2,1,1776625433.396702,21.68,Game,1,Predictable,12.94,0,,,5,,,130,Sound,,,
0,FORT,2,1,1776625433.396702,21.69,Game,1,Predictable,12.95,0,,,5,,,130,Sound,,,
0,FORT,2,1,1776625433.396702,21.7,Game,1,Predictable,12.97,0,,,5,,,130,Sound,,,
0,FORT,2,1,1776625433.396702,21.71,Game,1,Predictable,12.98,0,,,5,,,130,Sound,,,
0,FORT,2,1,1776625433.396702,21.72,Game,1,Predictable,12.99,0,,,5,,,130,Sound,,,
0,FORT,2,1,1776625433.396702,21.73,Game,1,Predictable,13.0,0,,,5,,,130,Sound,,,
0,FORT,2,1,1776625433.396702,21.74,Game,1,Predictable,13.01,0,,,5,,,130,Sound,,,
0,FORT,2,1,1776625433.396702,21.76,Game,1,Predictable,13.02,0,,,5,,,130,Sound,,,
0,FORT,2,1,1776625433.396702,21.76,Game,1,Predictable,13.03,0,,,5,,,130,Sound,,,
0,FORT,2,1,1776625433.396702,21.78,Game,1,Predictable,13.04,0,,,5,,,130,Sound,,,
0,FORT,2,1,1776625433.396702,21.79,Game,1,Predictable,13.05,0,,,5,,,130,Sound,,,
0,FORT,2,1,1776625433.396702,21.8,Game,1,Predictable,13.07,0,,,5,,,130,Sound,,,
0,FORT,2,1,1776625433.396702,21.81,Game,1,Predictable,13.08,0,,,5,,,130,Sound,,,
0,FORT,2,1,1776625433.396702,21.82,Game,1,Predictable,13.09,0,,,5,,,130,Sound,,,
0,FORT,2,1,1776625433.396702,21.83,Game,1,Predictable,13.1,0,,,5,,,130,Sound,,,
0,FORT,2,1,1776625433.396702,21.84,Game,1,Predictable,13.11,0,,,5,,,130,Sound,,,
0,FORT,2,1,1776625433.396702,21.86,Game,1,Predictable,13.12,0,,,5,,,130,Sound,,,
0,FORT,2,1,1776625433.396702,21.86,Game,1,Predictable,13.13,0,,,5,,,130,Sound,,,
0,FORT,2,1,1776625433.396702,21.88,Game,1,Predictable,13.14,0,,,5,,,130,Sound,,,
0,FORT,2,1,1776625433.396702,21.89,Game,1,Predictable,13.15,0,,,5,,,130,Sound,,,
0,FORT,2,1,1776625433.396702,21.9,Game,1,Predictable,13.17,0,,,5,,,130,Sound,,,
0,FORT,2,1,1776625433.396702,21.91,Game,1,Predictable,13.18,0,,,5,,,130,Sound,,,
0,FORT,2,1,1776625433.396702,21.92,Game,1,Predictable,13.19,0,,,5,,,130,Sound,,,
0,FORT,2,1,1776625433.396702,21.93,Game,1,Predictable,13.2,0,,,5,,,130,Sound,,,
0,FORT,2,1,1776625433.396702,21.94,Game,1,Predictable,13.21,0,,,5,,,130,Sound,,,
0,FORT,2,1,1776625433.396702,21.96,Game,1,Predictable,13.22,0,,,5,,,130,Sound,,,
0,FORT,2,1,1776625433.396702,21.96,Game,1,Predictable,13.23,0,,,5,,,130,Sound,,,
0,FORT,2,1,1776625433.396702,21.98,Game,1,Predictable,13.24,0,,,5,,,130,Sound,,,
0,FORT,2,1,1776625433.396702,21.99,Game,1,Predictable,13.25,0,,,5,,,130,Sound,,,
0,FORT,2,1,1776625433.396702,22.0,Game,1,Predictable,13.27,0,,,5,,,130,Sound,,,
0,FORT,2,1,1776625433.396702,22.01,Game,1,Predictable,13.28,0,,,5,,,130,Sound,,,
0,FORT,2,1,1776625433.396702,22.02,Game,1,Predictable,13.29,0,,,5,,,130,Sound,,,
0,FORT,2,1,1776625433.396702,22.03,Game,1,Predictable,13.3,0,,,5,,,130,Sound,,,
0,FORT,2,1,1776625433.396702,22.04,Game,1,Predictable,13.31,0,,,5,,,130,Sound,,,
0,FORT,2,1,1776625433.396702,22.06,Game,1,Predictable,13.32,0,,,5,,,130,Sound,,,
0,FORT,2,1,1776625433.396702,22.06,Game,1,Predictable,13.33,0,,,5,,,130,Sound,,,
0,FORT,2,1,1776625433.396702,22.08,Game,1,Predictable,13.34,0,,,5,,,130,Sound,,,
0,FORT,2,1,1776625433.396702,22.09,Game,1,Predictable,13.35,0,,,5,,,130,Sound,,,
0,FORT,2,1,1776625433.396702,22.1,Game,1,Predictable,13.37,0,,,5,,,130,Sound,,,
0,FORT,2,1,1776625433.396702,22.11,Game,1,Predictable,13.38,0,,,5,,,130,Sound,,,
0,FORT,2,1,1776625433.396702,22.12,Game,1,Predictable,13.39,0,,,5,,,130,Sound,,,
0,FORT,2,1,1776625433.396702,22.13,Game,1,Predictable,13.4,0,,,5,,,130,Sound,,,
0,FORT,2,1,1776625433.396702,22.14,Game,1,Predictable,13.41,0,,,5,,,130,Sound,,,
0,FORT,2,1,1776625433.396702,22.16,Game,1,Predictable,13.42,0,,,5,,,130,Sound,,,
0,FORT,2,1,1776625433.396702,22.17,Game,1,Predictable,13.43,0,,,5,,,130,Sound,,,
0,FORT,2,1,1776625433.396702,22.18,Game,1,Predictable,13.44,0,,,5,,,130,Sound,,,
0,FORT,2,1,1776625433.396702,22.19,Game,1,Predictable,13.45,0,,,5,,,130,Sound,,,
0,FORT,2,1,1776625433.396702,22.2,Game,1,Predictable,13.47,0,,,5,,,130,Sound,,,
0,FORT,2,1,1776625433.396702,22.21,Game,1,Predictable,13.48,0,,,5,,,130,Sound,,,
0,FORT,2,1,1776625433.396702,22.22,Game,1,Predictable,13.49,0,,,5,,,130,Sound,,,
0,FORT,2,1,1776625433.396702,22.23,Game,1,Predictable,13.5,0,,,5,,,130,Sound,,,
0,FORT,2,1,1776625433.396702,22.24,Game,1,Predictable,13.51,0,,,5,,,130,Sound,,,
0,FORT,2,1,1776625433.396702,22.26,Game,1,Predictable,13.52,0,,,5,,,130,Sound,,,
0,FORT,2,1,1776625433.396702,22.27,Game,1,Predictable,13.53,0,,,5,,,130,Sound,,,
0,FORT,2,1,1776625433.396702,22.28,Game,1,Predictable,13.54,0,,,5,,,130,Sound,,,
0,FORT,2,1,1776625433.396702,22.29,Game,1,Predictable,13.55,0,,,5,,,130,Sound,,,
0,FORT,2,1,1776625433.396702,22.3,Game,1,Predictable,13.57,0,,,5,,,130,Sound,,,
0,FORT,2,1,1776625433.396702,22.31,Game,1,Predictable,13.58,0,,,5,,,130,Sound,,,
0,FORT,2,1,1776625433.396702,22.32,Game,1,Predictable,13.59,0,,,5,,,130,Sound,,,
0,FORT,2,1,1776625433.396702,22.33,Game,1,Predictable,13.6,0,,,5,,,130,Sound,,,
0,FORT,2,1,1776625433.396702,22.34,Game,1,Predictable,13.61,0,,,5,,,130,Sound,,,
0,FORT,2,1,1776625433.396702,22.36,Game,1,Predictable,13.62,0,,,5,,,130,Sound,,,
0,FORT,2,1,1776625433.396702,22.37,Game,1,Predictable,13.63,0,,,5,,,130,Sound,,,
0,FORT,2,1,1776625433.396702,22.38,Game,1,Predictable,13.64,0,,,5,,,130,Sound,,,
0,FORT,2,1,1776625433.396702,22.39,Game,1,Predictable,13.65,0,,,5,,,130,Sound,,,
0,FORT,2,1,1776625433.396702,22.4,Game,1,Predictable,13.67,0,,,5,,,130,Sound,,,
0,FORT,2,1,1776625433.396702,22.41,Game,1,Predictable,13.68,0,,,5,,,130,Sound,,,
0,FORT,2,1,1776625433.396702,22.42,Game,1,Predictable,13.69,0,,,5,,,130,Sound,,,
0,FORT,2,1,1776625433.396702,22.43,Game,1,Predictable,13.7,0,,,5,,,130,Sound,,,
0,FORT,2,1,1776625433.396702,22.44,Game,1,Predictable,13.71,0,,,5,,,130,Sound,,,
0,FORT,2,1,1776625433.396702,22.46,Game,1,Predictable,13.72,0,,,5,,,130,Sound,,,
0,FORT,2,1,1776625433.396702,22.47,Game,1,Predictable,13.73,0,,,5,,,130,Sound,,,
0,FORT,2,1,1776625433.396702,22.48,Game,1,Predictable,13.74,0,,,5,,,130,Sound,,,
0,FORT,2,1,1776625433.396702,22.49,Game,1,Predictable,13.75,0,,,5,,,130,Sound,,,
0,FORT,2,1,1776625433.396702,22.5,Game,1,Predictable,13.77,0,,,5,,,130,Sound,,,
0,FORT,2,1,1776625433.396702,22.51,Game,1,Predictable,13.78,0,,,5,,,130,Sound,,,
0,FORT,2,1,1776625433.396702,22.52,Game,1,Predictable,13.79,0,,,5,,,130,Sound,,,
0,FORT,2,1,1776625433.396702,22.53,Game,1,Predictable,13.8,0,,,5,,,130,Sound,,,
0,FORT,2,1,1776625433.396702,22.54,Game,1,Predictable,13.81,0,,,5,,,130,Sound,,,
0,FORT,2,1,1776625433.396702,22.56,Game,1,Predictable,13.82,0,,,5,,,130,Sound,,,
0,FORT,2,1,1776625433.396702,22.57,Game,1,Predictable,13.84,0,,,5,,,130,Sound,,,
0,FORT,2,1,1776625433.396702,22.58,Game,1,Predictable,13.84,0,,,5,,,130,Sound,,,
0,FORT,2,1,1776625433.396702,22.59,Game,1,Predictable,13.85,0,,,5,,,130,Sound,,,
0,FORT,2,1,1776625433.396702,22.6,Game,1,Predictable,13.87,0,,,5,,,130,Sound,,,
0,FORT,2,1,1776625433.396702,22.61,Game,1,Predictable,13.88,0,,,5,,,130,Sound,,,
0,FORT,2,1,1776625433.396702,22.62,Game,1,Predictable,13.89,0,,,5,,,130,Sound,,,
0,FORT,2,1,1776625433.396702,22.63,Game,1,Predictable,13.9,0,,,5,,,130,Sound,,,
0,FORT,2,1,1776625433.396702,22.64,Game,1,Predictable,13.91,0,,,5,,,130,Sound,,,
0,FORT,2,1,1776625433.396702,22.66,Game,1,Predictable,13.92,0,,,5,,,130,Sound,,,
0,FORT,2,1,1776625433.396702,22.67,Game,1,Predictable,13.93,0,,,5,,,130,Sound,,,
0,FORT,2,1,1776625433.396702,22.68,Game,1,Predictable,13.94,0,,,5,,,130,Sound,,,
0,FORT,2,1,1776625433.396702,22.69,Game,1,Predictable,13.95,0,,,5,,,130,Sound,,,
0,FORT,2,1,1776625433.396702,22.7,Game,1,Predictable,13.97,0,,,5,,,130,Sound,,,
0,FORT,2,1,1776625433.396702,22.71,Game,1,Predictable,13.98,0,,,5,,,130,Sound,,,
0,FORT,2,1,1776625433.396702,22.72,Game,1,Predictable,13.99,0,,,5,,,130,Sound,,,
0,FORT,2,1,1776625433.396702,22.73,Game,1,Predictable,14.0,0,,,5,,,130,Sound,,,
0,FORT,2,1,1776625433.396702,22.74,Game,1,Predictable,14.01,0,,,5,,,130,Sound,,,
0,FORT,2,1,1776625433.396702,22.76,Game,1,Predictable,14.02,0,,,5,,,130,Sound,,,
0,FORT,2,1,1776625433.396702,22.77,Game,1,Predictable,14.04,0,,,5,,,130,Sound,,,
0,FORT,2,1,1776625433.396702,22.78,Game,1,Predictable,14.04,0,,,5,,,130,Sound,,,
0,FORT,2,1,1776625433.396702,22.79,Game,1,Predictable,14.05,0,,,5,,,130,Sound,,,
0,FORT,2,1,1776625433.396702,22.8,Game,1,Predictable,14.07,0,,,5,,,130,Sound,,,
0,FORT,2,1,1776625433.396702,22.81,Game,1,Predictable,14.08,0,,,5,,,130,Sound,,,
0,FORT,2,1,1776625433.396702,22.82,Game,1,Predictable,14.09,0,,,5,,,130,Sound,,,
0,FORT,2,1,1776625433.396702,22.83,Game,1,Predictable,14.1,0,,,5,,,130,Sound,,,
0,FORT,2,1,1776625433.396702,22.84,Game,1,Predictable,14.11,0,,,5,,,130,Sound,,,
0,FORT,2,1,1776625433.396702,22.86,Game,1,Predictable,14.12,0,,,5,,,130,Sound,,,
0,FORT,2,1,1776625433.396702,22.86,Game,1,Predictable,14.13,0,,,5,,,130,Sound,,,
0,FORT,2,1,1776625433.396702,22.87,Game,1,Predictable,14.14,0,,,5,,,130,Sound,,,
0,FORT,2,1,1776625433.396702,22.89,Game,1,Predictable,14.15,0,,,5,,,130,Sound,,,
0,FORT,2,1,1776625433.396702,22.91,Game,1,Predictable,14.17,0,,,5,,,130,Sound,,,
0,FORT,2,1,1776625433.396702,22.92,Game,1,Predictable,14.19,0,,,5,,,130,Sound,,,
0,FORT,2,1,1776625433.396702,22.95,Game,1,Predictable,14.2,0,,,5,,,130,Sound,,,
0,FORT,2,1,1776625433.396702,22.97,Game,1,Predictable,14.23,0,,,5,,,130,Sound,,,
0,FORT,2,1,1776625433.396702,22.98,Game,1,Predictable,14.25,0,,,5,,,130,Sound,,,
0,FORT,2,1,1776625433.396702,22.99,Game,1,Predictable,14.26,0,,,5,,,130,Sound,,,
0,FORT,2,1,1776625433.396702,23.01,Game,1,Predictable,14.27,0,,,5,,,130,Sound,,,
0,FORT,2,1,1776625433.396702,23.02,Game,1,Predictable,14.29,0,,,5,,,130,Sound,,,
0,FORT,2,1,1776625433.396702,23.03,Game,1,Predictable,14.3,0,,,5,,,130,Sound,,,
0,FORT,2,1,1776625433.396702,23.04,Game,1,Predictable,14.31,0,,,5,,,130,Sound,,,
0,FORT,2,1,1776625433.396702,23.06,Game,1,Predictable,14.32,0,,,5,,,130,Sound,,,
0,FORT,2,1,1776625433.396702,23.07,Game,1,Predictable,14.33,0,,,5,,,130,Sound,,,
0,FORT,2,1,1776625433.396702,23.08,Game,1,Predictable,14.34,0,,,5,,,130,Sound,,,
0,FORT,2,1,1776625433.396702,23.09,Game,1,Predictable,14.35,0,,,5,,,130,Sound,,,
0,FORT,2,1,1776625433.396702,23.1,Game,1,Predictable,14.37,0,,,5,,,130,Sound,,,
0,FORT,2,1,1776625433.396702,23.11,Game,1,Predictable,14.38,0,,,5,,,130,Sound,,,
0,FORT,2,1,1776625433.396702,23.12,Game,1,Predictable,14.39,0,,,5,,,130,Sound,,,
0,FORT,2,1,1776625433.396702,23.13,Game,1,Predictable,14.4,0,,,5,,,130,Sound,,,
0,FORT,2,1,1776625433.396702,23.14,Game,1,Predictable,14.41,0,,,5,,,130,Sound,,,
0,FORT,2,1,1776625433.396702,23.16,Game,1,Predictable,14.42,0,,,5,,,130,Sound,,,
0,FORT,2,1,1776625433.396702,23.17,Game,1,Predictable,14.44,0,,,5,,,130,Sound,,,
0,FORT,2,1,1776625433.396702,23.18,Game,1,Predictable,14.44,0,,,5,,,130,Sound,,,
0,FORT,2,1,1776625433.396702,23.19,Game,1,Predictable,14.45,0,,,5,,,130,Sound,,,
0,FORT,2,1,1776625433.396702,23.2,Game,1,Predictable,14.47,0,,,5,,,130,Sound,,,
0,FORT,2,1,1776625433.396702,23.21,Game,1,Predictable,14.48,0,,,5,,,130,Sound,,,
0,FORT,2,1,1776625433.396702,23.22,Game,1,Predictable,14.49,0,,,5,,,130,Sound,,,
0,FORT,2,1,1776625433.396702,23.23,Game,1,Predictable,14.5,0,,,5,,,130,Sound,,,
0,FORT,2,1,1776625433.396702,23.24,Game,1,Predictable,14.51,0,,,5,,,130,Sound,,,
0,FORT,2,1,1776625433.396702,23.26,Game,1,Predictable,14.52,0,,,5,,,130,Sound,,,
0,FORT,2,1,1776625433.396702,23.27,Game,1,Predictable,14.54,0,,,5,,,130,Sound,,,
0,FORT,2,1,1776625433.396702,23.28,Game,1,Predictable,14.55,0,,,5,,,130,Sound,,,
0,FORT,2,1,1776625433.396702,23.29,Game,1,Predictable,14.56,0,,,5,,,130,Sound,,,
0,FORT,2,1,1776625433.396702,23.3,Game,1,Predictable,14.57,0,,,5,,,130,Sound,,,
0,FORT,2,1,1776625433.396702,23.31,Game,1,Predictable,14.58,0,,,5,,,130,Sound,,,
0,FORT,2,1,1776625433.396702,23.32,Game,1,Predictable,14.59,0,,,5,,,130,Sound,,,
0,FORT,2,1,1776625433.396702,23.33,Game,1,Predictable,14.6,0,,,5,,,130,Sound,,,
0,FORT,2,1,1776625433.396702,23.34,Game,1,Predictable,14.61,0,,,5,,,130,Sound,,,
0,FORT,2,1,1776625433.396702,23.36,Game,1,Predictable,14.62,0,,,5,,,130,Sound,,,
0,FORT,2,1,1776625433.396702,23.37,Game,1,Predictable,14.64,0,,,5,,,130,Sound,,,
0,FORT,2,1,1776625433.396702,23.38,Game,1,Predictable,14.65,0,,,5,,,130,Sound,,,
0,FORT,2,1,1776625433.396702,23.39,Game,1,Predictable,14.66,0,,,5,,,130,Sound,,,
0,FORT,2,1,1776625433.396702,23.4,Game,1,Predictable,14.67,0,,,5,,,130,Sound,,,
0,FORT,2,1,1776625433.396702,23.41,Game,1,Predictable,14.68,0,,,5,,,130,Sound,,,
0,FORT,2,1,1776625433.396702,23.42,Game,1,Predictable,14.69,0,,,5,,,130,Sound,,,
0,FORT,2,1,1776625433.396702,23.43,Game,1,Predictable,14.7,0,,,5,,,130,Sound,,,
0,FORT,2,1,1776625433.396702,23.44,Game,1,Predictable,14.71,0,,,5,,,130,Sound,,,
0,FORT,2,1,1776625433.396702,23.46,Game,1,Predictable,14.72,0,,,5,,,130,Sound,,,
0,FORT,2,1,1776625433.396702,23.47,Game,1,Predictable,14.74,0,,,5,,,130,Sound,,,
0,FORT,2,1,1776625433.396702,23.48,Game,1,Predictable,14.75,0,,,5,,,130,Sound,,,
0,FORT,2,1,1776625433.396702,23.49,Game,1,Predictable,14.76,0,,,5,,,130,Sound,,,
0,FORT,2,1,1776625433.396702,23.5,Game,1,Predictable,14.77,0,,,5,,,130,Sound,,,
0,FORT,2,1,1776625433.396702,23.51,Game,1,Predictable,14.78,0,,,5,,,130,Sound,,,
0,FORT,2,1,1776625433.396702,23.52,Game,1,Predictable,14.79,0,,,5,,,130,Sound,,,
0,FORT,2,1,1776625433.396702,23.53,Game,1,Predictable,14.8,0,,,5,,,130,Sound,,,
0,FORT,2,1,1776625433.396702,23.54,Game,1,Predictable,14.81,0,,,5,,,130,Sound,,,
0,FORT,2,1,1776625433.396702,23.56,Game,1,Predictable,14.82,0,,,5,,,130,Sound,,,
0,FORT,2,1,1776625433.396702,23.57,Game,1,Predictable,14.84,0,,,5,,,130,Sound,,,
0,FORT,2,1,1776625433.396702,23.58,Game,1,Predictable,14.85,0,,,5,,,130,Sound,,,
0,FORT,2,1,1776625433.396702,23.59,Game,1,Predictable,14.86,0,,,5,,,130,Sound,,,
0,FORT,2,1,1776625433.396702,23.6,Game,1,Predictable,14.87,0,,,5,,,130,Sound,,,
0,FORT,2,1,1776625433.396702,23.61,Game,1,Predictable,14.88,0,,,5,,,130,Sound,,,
0,FORT,2,1,1776625433.396702,23.62,Game,1,Predictable,14.89,0,,,5,,,130,Sound,,,
0,FORT,2,1,1776625433.396702,23.63,Game,1,Predictable,14.9,0,,,5,,,130,Sound,,,
0,FORT,2,1,1776625433.396702,23.64,Game,1,Predictable,14.91,0,,,5,,,130,Sound,,,
0,FORT,2,1,1776625433.396702,23.66,Game,1,Predictable,14.92,0,,,5,,,130,Sound,,,
0,FORT,2,1,1776625433.396702,23.67,Game,1,Predictable,14.94,0,,,5,,,130,Sound,,,
0,FORT,2,1,1776625433.396702,23.68,Game,1,Predictable,14.95,0,,,5,,,130,Sound,,,
0,FORT,2,1,1776625433.396702,23.69,Game,1,Predictable,14.96,0,,,5,,,130,Sound,,,
0,FORT,2,1,1776625433.396702,23.7,Game,1,Predictable,14.97,0,,,5,,,130,Sound,,,
0,FORT,2,1,1776625433.396702,23.71,Game,1,Predictable,14.98,0,,,5,,,130,Sound,,,
0,FORT,2,1,1776625433.396702,23.72,Game,1,Predictable,14.99,0,,,5,,,130,Sound,,,
0,FORT,2,1,1776625433.396702,23.73,Game,1,Predictable,15.0,0,,,5,,,130,Sound,,,
0,FORT,2,1,1776625433.396702,23.74,Game,1,Predictable,15.01,0,,,5,,,130,Sound,,,
0,FORT,2,1,1776625433.396702,23.76,Game,1,Predictable,15.02,0,,,5,,,130,Sound,,,
0,FORT,2,1,1776625433.396702,23.77,Game,1,Predictable,15.04,0,,,5,,,130,Sound,,,
0,FORT,2,1,1776625433.396702,23.78,Game,1,Predictable,15.04,0,,,5,,,130,Sound,,,
0,FORT,2,1,1776625433.396702,23.79,Game,1,Predictable,15.05,0,,,5,,,130,Sound,,,
0,FORT,2,1,1776625433.396702,23.8,Game,1,Predictable,15.07,0,,,5,,,130,Sound,,,
0,FORT,2,1,1776625433.396702,23.81,Game,1,Predictable,15.08,0,,,5,,,130,Sound,,,
0,FORT,2,1,1776625433.396702,23.82,Game,1,Predictable,15.09,0,,,5,,,130,Sound,,,
0,FORT,2,1,1776625433.396702,23.83,Game,1,Predictable,15.1,0,,,5,,,130,Sound,,,
0,FORT,2,1,1776625433.396702,23.84,Game,1,Predictable,15.11,0,,,5,,,130,Sound,,,
0,FORT,2,1,1776625433.396702,23.86,Game,1,Predictable,15.12,0,,,5,,,130,Sound,,,
0,FORT,2,1,1776625433.396702,23.87,Game,1,Predictable,15.14,0,,,5,,,130,Sound,,,
0,FORT,2,1,1776625433.396702,23.88,Game,1,Predictable,15.14,0,,,5,,,130,Sound,,,
0,FORT,2,1,1776625433.396702,23.89,Game,1,Predictable,15.15,0,,,5,,,130,Sound,,,
0,FORT,2,1,1776625433.396702,23.9,Game,1,Predictable,15.17,0,,,5,,,130,Sound,,,
0,FORT,2,1,1776625433.396702,23.91,Game,1,Predictable,15.18,0,,,5,,,130,Sound,,,
0,FORT,2,1,1776625433.396702,23.92,Game,1,Predictable,15.19,0,,,5,,,130,Sound,,,
0,FORT,2,1,1776625433.396702,23.93,Game,1,Predictable,15.2,0,,,5,,,130,Sound,,,
0,FORT,2,1,1776625433.396702,23.94,Game,1,Predictable,15.21,0,,,5,,,130,Sound,,,
0,FORT,2,1,1776625433.396702,23.96,Game,1,Predictable,15.22,0,,,5,,,130,Sound,,,
0,FORT,2,1,1776625433.396702,23.97,Game,1,Predictable,15.24,0,,,5,,,130,Sound,,,
0,FORT,2,1,1776625433.396702,23.98,Game,1,Predictable,15.25,0,,,5,,,130,Sound,,,
0,FORT,2,1,1776625433.396702,23.99,Game,1,Predictable,15.25,0,,,5,,,130,Sound,,,
0,FORT,2,1,1776625433.396702,24.0,Game,1,Predictable,15.27,0,,,5,,,130,Sound,,,
0,FORT,2,1,1776625433.396702,24.01,Game,1,Predictable,15.28,0,,,5,,,130,Sound,,,
0,FORT,2,1,1776625433.396702,24.02,Game,1,Predictable,15.29,0,,,5,,,130,Sound,,,
0,FORT,2,1,1776625433.396702,24.03,Game,1,Predictable,15.3,0,,,5,,,130,Sound,,,
0,FORT,2,1,1776625433.396702,24.04,Game,1,Predictable,15.31,0,,,5,,,130,Sound,,,
0,FORT,2,1,1776625433.396702,24.06,Game,1,Predictable,15.32,0,,,5,,,130,Sound,,,
0,FORT,2,1,1776625433.396702,24.07,Game,1,Predictable,15.34,0,,,5,,,130,Sound,,,
0,FORT,2,1,1776625433.396702,24.08,Game,1,Predictable,15.35,0,,,5,,,130,Sound,,,
0,FORT,2,1,1776625433.396702,24.09,Game,1,Predictable,15.35,0,,,5,,,130,Sound,,,
0,FORT,2,1,1776625433.396702,24.1,Game,1,Predictable,15.37,0,,,5,,,130,Sound,,,
0,FORT,2,1,1776625433.396702,24.11,Game,1,Predictable,15.38,0,,,5,,,130,Sound,,,
0,FORT,2,1,1776625433.396702,24.12,Game,1,Predictable,15.39,0,,,5,,,130,Sound,,,
0,FORT,2,1,1776625433.396702,24.13,Game,1,Predictable,15.4,0,,,5,,,130,Sound,,,
0,FORT,2,1,1776625433.396702,24.14,Game,1,Predictable,15.41,0,,,5,,,130,Sound,,,
0,FORT,2,1,1776625433.396702,24.16,Game,1,Predictable,15.42,0,,,5,,,130,Sound,,,
0,FORT,2,1,1776625433.396702,24.17,Game,1,Predictable,15.44,0,,,5,,,130,Sound,,,
0,FORT,2,1,1776625433.396702,24.18,Game,1,Predictable,15.45,0,,,5,,,130,Sound,,,
0,FORT,2,1,1776625433.396702,24.19,Game,1,Predictable,15.45,0,,,5,,,130,Sound,,,
0,FORT,2,1,1776625433.396702,24.2,Game,1,Predictable,15.47,0,,,5,,,130,Sound,,,
0,FORT,2,1,1776625433.396702,24.21,Game,1,Predictable,15.48,0,,,5,,,130,Sound,,,
0,FORT,2,1,1776625433.396702,24.22,Game,1,Predictable,15.49,0,,,5,,,130,Sound,,,
0,FORT,2,1,1776625433.396702,24.23,Game,1,Predictable,15.5,0,,,5,,,130,Sound,,,
0,FORT,2,1,1776625433.396702,24.24,Game,1,Predictable,15.51,0,,,5,,,130,Sound,,,
0,FORT,2,1,1776625433.396702,24.26,Game,1,Predictable,15.52,0,,,5,,,130,Sound,,,
0,FORT,2,1,1776625433.396702,24.27,Game,1,Predictable,15.54,0,,,5,,,130,Sound,,,
0,FORT,2,1,1776625433.396702,24.28,Game,1,Predictable,15.55,0,,,5,,,130,Sound,,,
0,FORT,2,1,1776625433.396702,24.29,Game,1,Predictable,15.55,0,,,5,,,130,Sound,,,
0,FORT,2,1,1776625433.396702,24.3,Game,1,Predictable,15.57,0,,,5,,,130,Sound,,,
0,FORT,2,1,1776625433.396702,24.31,Game,1,Predictable,15.58,0,,,5,,,130,Sound,,,
0,FORT,2,1,1776625433.396702,24.32,Game,1,Predictable,15.59,0,,,5,,,130,Sound,,,
0,FORT,2,1,1776625433.396702,24.33,Game,1,Predictable,15.6,0,,,5,,,130,Sound,,,
0,FORT,2,1,1776625433.396702,24.34,Game,1,Predictable,15.61,0,,,5,,,130,Sound,,,
0,FORT,2,1,1776625433.396702,24.36,Game,1,Predictable,15.62,0,,,5,,,130,Sound,,,
0,FORT,2,1,1776625433.396702,24.37,Game,1,Predictable,15.64,0,,,5,,,130,Sound,,,
0,FORT,2,1,1776625433.396702,24.38,Game,1,Predictable,15.65,0,,,5,,,130,Sound,,,
0,FORT,2,1,1776625433.396702,24.39,Game,1,Predictable,15.65,0,,,5,,,130,Sound,,,
0,FORT,2,1,1776625433.396702,24.4,Game,1,Predictable,15.67,0,,,5,,,130,Sound,,,
0,FORT,2,1,1776625433.396702,24.41,Game,1,Predictable,15.68,0,,,5,,,130,Sound,,,
0,FORT,2,1,1776625433.396702,24.42,Game,1,Predictable,15.69,0,,,5,,,130,Sound,,,
0,FORT,2,1,1776625433.396702,24.43,Game,1,Predictable,15.7,0,,,5,,,130,Sound,,,
0,FORT,2,1,1776625433.396702,24.44,Game,1,Predictable,15.71,0,,,5,,,130,Sound,,,
0,FORT,2,1,1776625433.396702,24.46,Game,1,Predictable,15.72,0,,,5,,,130,Sound,,,
0,FORT,2,1,1776625433.396702,24.47,Game,1,Predictable,15.74,0,,,5,,,130,Sound,,,
0,FORT,2,1,1776625433.396702,24.48,Game,1,Predictable,15.75,0,,,5,,,130,Sound,,,
0,FORT,2,1,1776625433.396702,24.49,Game,1,Predictable,15.75,0,,,5,,,130,Sound,,,
0,FORT,2,1,1776625433.396702,24.5,Game,1,Predictable,15.77,0,,,5,,,130,Sound,,,
0,FORT,2,1,1776625433.396702,24.51,Game,1,Predictable,15.78,0,,,5,,,130,Sound,,,
0,FORT,2,1,1776625433.396702,24.52,Game,1,Predictable,15.79,0,,,5,,,130,Sound,,,
0,FORT,2,1,1776625433.396702,24.53,Game,1,Predictable,15.8,0,,,5,,,130,Sound,,,
0,FORT,2,1,1776625433.396702,24.54,Game,1,Predictable,15.81,0,,,5,,,130,Sound,,,
0,FORT,2,1,1776625433.396702,24.56,Game,1,Predictable,15.82,0,,,5,,,130,Sound,,,
0,FORT,2,1,1776625433.396702,24.57,Game,1,Predictable,15.84,0,,,5,,,130,Sound,,,
0,FORT,2,1,1776625433.396702,24.58,Game,1,Predictable,15.85,0,,,5,,,130,Sound,,,
0,FORT,2,1,1776625433.396702,24.59,Game,1,Predictable,15.85,0,,,5,,,130,Sound,,,
0,FORT,2,1,1776625433.396702,24.6,Game,1,Predictable,15.87,0,,,5,,,130,Sound,,,
0,FORT,2,1,1776625433.396702,24.61,Game,1,Predictable,15.88,0,,,5,,,130,Sound,,,
0,FORT,2,1,1776625433.396702,24.62,Game,1,Predictable,15.89,0,,,5,,,130,Sound,,,
0,FORT,2,1,1776625433.396702,24.63,Game,1,Predictable,15.9,0,,,5,,,130,Sound,,,
0,FORT,2,1,1776625433.396702,24.64,Game,1,Predictable,15.91,0,,,5,,,130,Sound,,,
0,FORT,2,1,1776625433.396702,24.66,Game,1,Predictable,15.92,0,,,5,,,130,Sound,,,
0,FORT,2,1,1776625433.396702,24.67,Game,1,Predictable,15.94,0,,,5,,,130,Sound,,,
0,FORT,2,1,1776625433.396702,24.68,Game,1,Predictable,15.95,0,,,5,,,130,Sound,,,
0,FORT,2,1,1776625433.396702,24.69,Game,1,Predictable,15.95,0,,,5,,,130,Sound,,,
0,FORT,2,1,1776625433.396702,24.7,Game,1,Predictable,15.97,0,,,5,,,130,Sound,,,
0,FORT,2,1,1776625433.396702,24.71,Game,1,Predictable,15.98,0,,,5,,,130,Sound,,,
0,FORT,2,1,1776625433.396702,24.72,Game,1,Predictable,15.99,0,,,5,,,130,Sound,,,
0,FORT,2,1,1776625433.396702,24.73,Game,1,Predictable,16.0,0,,,5,,,130,Sound,,,
0,FORT,2,1,1776625433.396702,24.74,Game,1,Predictable,16.01,0,,,5,,,130,Sound,,,
0,FORT,2,1,1776625433.396702,24.76,Game,1,Predictable,16.02,0,,,5,,,130,Sound,,,
0,FORT,2,1,1776625433.396702,24.77,Game,1,Predictable,16.04,0,,,5,,,130,Sound,,,
0,FORT,2,1,1776625433.396702,24.78,Game,1,Predictable,16.05,0,,,5,,,130,Sound,,,
0,FORT,2,1,1776625433.396702,24.79,Game,1,Predictable,16.06,0,,,5,,,130,Sound,,,
0,FORT,2,1,1776625433.396702,24.8,Game,1,Predictable,16.07,0,,,5,,,130,Sound,,,
0,FORT,2,1,1776625433.396702,24.81,Game,1,Predictable,16.08,0,,,5,,,130,Sound,,,
0,FORT,2,1,1776625433.396702,24.82,Game,1,Predictable,16.09,0,,,5,,,130,Sound,,,
0,FORT,2,1,1776625433.396702,24.83,Game,1,Predictable,16.1,0,,,5,,,130,Sound,,,
0,FORT,2,1,1776625433.396702,24.84,Game,1,Predictable,16.11,0,,,5,,,130,Sound,,,
0,FORT,2,1,1776625433.396702,24.86,Game,1,Predictable,16.12,0,,,5,,,130,Sound,,,
0,FORT,2,1,1776625433.396702,24.87,Game,1,Predictable,16.14,0,,,5,,,130,Sound,,,
0,FORT,2,1,1776625433.396702,24.88,Game,1,Predictable,16.15,0,,,5,,,130,Sound,,,
0,FORT,2,1,1776625433.396702,24.89,Game,1,Predictable,16.16,0,,,5,,,130,Sound,,,
0,FORT,2,1,1776625433.396702,24.9,Game,1,Predictable,16.17,0,,,5,,,130,Sound,,,
0,FORT,2,1,1776625433.396702,24.91,Game,1,Predictable,16.18,0,,,5,,,130,Sound,,,
0,FORT,2,1,1776625433.396702,24.92,Game,1,Predictable,16.19,0,,,5,,,130,Sound,,,
0,FORT,2,1,1776625433.396702,24.93,Game,1,Predictable,16.2,0,,,5,,,130,Sound,,,
0,FORT,2,1,1776625433.396702,24.94,Game,1,Predictable,16.21,0,,,5,,,130,Sound,,,
0,FORT,2,1,1776625433.396702,24.96,Game,1,Predictable,16.22,0,,,5,,,130,Sound,,,
0,FORT,2,1,1776625433.396702,24.97,Game,1,Predictable,16.24,0,,,5,,,130,Sound,,,
0,FORT,2,1,1776625433.396702,24.98,Game,1,Predictable,16.25,0,,,5,,,130,Sound,,,
0,FORT,2,1,1776625433.396702,24.99,Game,1,Predictable,16.26,0,,,5,,,130,Sound,,,
0,FORT,2,1,1776625433.396702,25.0,Game,1,Predictable,16.27,0,,,5,,,130,Sound,,,
0,FORT,2,1,1776625433.396702,25.01,Game,1,Predictable,16.28,0,,,5,,,130,Sound,,,
0,FORT,2,1,1776625433.396702,25.02,Game,1,Predictable,16.29,0,,,5,,,130,Sound,,,
0,FORT,2,1,1776625433.396702,25.03,Game,1,Predictable,16.3,0,,,5,,,130,Sound,,,
0,FORT,2,1,1776625433.396702,25.04,Game,1,Predictable,16.31,0,,,5,,,130,Sound,,,
0,FORT,2,1,1776625433.396702,25.06,Game,1,Predictable,16.32,0,,,5,,,130,Sound,,,
0,FORT,2,1,1776625433.396702,25.07,Game,1,Predictable,16.34,0,,,5,,,130,Sound,,,
0,FORT,2,1,1776625433.396702,25.08,Game,1,Predictable,16.35,0,,,5,,,130,Sound,,,
0,FORT,2,1,1776625433.396702,25.09,Game,1,Predictable,16.36,0,,,5,,,130,Sound,,,
0,FORT,2,1,1776625433.396702,25.1,Game,1,Predictable,16.37,0,,,5,,,130,Sound,,,
0,FORT,2,1,1776625433.396702,25.11,Game,1,Predictable,16.38,0,,,5,,,130,Sound,,,
0,FORT,2,1,1776625433.396702,25.12,Game,1,Predictable,16.39,0,,,5,,,130,Sound,,,
0,FORT,2,1,1776625433.396702,25.13,Game,1,Predictable,16.4,0,,,5,,,130,Sound,,,
0,FORT,2,1,1776625433.396702,25.14,Game,1,Predictable,16.41,0,,,5,,,130,Sound,,,
0,FORT,2,1,1776625433.396702,25.16,Game,1,Predictable,16.42,0,,,5,,,130,Sound,,,
0,FORT,2,1,1776625433.396702,25.17,Game,1,Predictable,16.44,0,,,5,,,130,Sound,,,
0,FORT,2,1,1776625433.396702,25.18,Game,1,Predictable,16.45,0,,,5,,,130,Sound,,,
0,FORT,2,1,1776625433.396702,25.19,Game,1,Predictable,16.46,0,,,5,,,130,Sound,,,
0,FORT,2,1,1776625433.396702,25.2,Game,1,Predictable,16.47,0,,,5,,,130,Sound,,,
0,FORT,2,1,1776625433.396702,25.21,Game,1,Predictable,16.48,0,,,5,,,130,Sound,,,
0,FORT,2,1,1776625433.396702,25.22,Game,1,Predictable,16.49,0,,,5,,,130,Sound,,,
0,FORT,2,1,1776625433.396702,25.23,Game,1,Predictable,16.5,0,,,5,,,130,Sound,,,
0,FORT,2,1,1776625433.396702,25.24,Game,1,Predictable,16.51,0,,,5,,,130,Sound,,,
0,FORT,2,1,1776625433.396702,25.26,Game,1,Predictable,16.52,0,,,5,,,130,Sound,,,
0,FORT,2,1,1776625433.396702,25.27,Game,1,Predictable,16.54,0,,,5,,,130,Sound,,,
0,FORT,2,1,1776625433.396702,25.28,Game,1,Predictable,16.55,0,,,5,,,130,Sound,,,
0,FORT,2,1,1776625433.396702,25.29,Game,1,Predictable,16.56,0,,,5,,,130,Sound,,,
0,FORT,2,1,1776625433.396702,25.3,Game,1,Predictable,16.57,0,,,5,,,130,Sound,,,
0,FORT,2,1,1776625433.396702,25.31,Game,1,Predictable,16.58,0,,,5,,,130,Sound,,,
0,FORT,2,1,1776625433.396702,25.32,Game,1,Predictable,16.59,0,,,5,,,130,Sound,,,
0,FORT,2,1,1776625433.396702,25.33,Game,1,Predictable,16.6,0,,,5,,,130,Sound,,,
0,FORT,2,1,1776625433.396702,25.34,Game,1,Predictable,16.61,0,,,5,,,130,Sound,,,
0,FORT,2,1,1776625433.396702,25.36,Game,1,Predictable,16.62,0,,,5,,,130,Sound,,,
0,FORT,2,1,1776625433.396702,25.37,Game,1,Predictable,16.64,0,,,5,,,130,Sound,,,
0,FORT,2,1,1776625433.396702,25.38,Game,1,Predictable,16.65,0,,,5,,,130,Sound,,,
0,FORT,2,1,1776625433.396702,25.39,Game,1,Predictable,16.65,0,,,5,,,130,Sound,,,
0,FORT,2,1,1776625433.396702,25.4,Game,1,Predictable,16.67,0,,,5,,,130,Sound,,,
0,FORT,2,1,1776625433.396702,25.41,Game,1,Predictable,16.68,0,,,5,,,130,Sound,,,
0,FORT,2,1,1776625433.396702,25.42,Game,1,Predictable,16.69,0,,,5,,,130,Sound,,,
0,FORT,2,1,1776625433.396702,25.43,Game,1,Predictable,16.7,0,,,5,,,130,Sound,,,
0,FORT,2,1,1776625433.396702,25.44,Game,1,Predictable,16.71,0,,,5,,,130,Sound,,,
0,FORT,2,1,1776625433.396702,25.46,Game,1,Predictable,16.72,0,,,5,,,130,Sound,,,
0,FORT,2,1,1776625433.396702,25.47,Game,1,Predictable,16.74,0,,,5,,,130,Sound,,,
0,FORT,2,1,1776625433.396702,25.48,Game,1,Predictable,16.75,0,,,5,,,130,Sound,,,
0,FORT,2,1,1776625433.396702,25.49,Game,1,Predictable,16.75,0,,,5,,,130,Sound,,,
0,FORT,2,1,1776625433.396702,25.5,Game,1,Predictable,16.77,0,,,5,,,130,Sound,,,
0,FORT,2,1,1776625433.396702,25.51,Game,1,Predictable,16.78,0,,,5,,,130,Sound,,,
0,FORT,2,1,1776625433.396702,25.52,Game,1,Predictable,16.79,0,,,5,,,130,Sound,,,
0,FORT,2,1,1776625433.396702,25.53,Game,1,Predictable,16.8,0,,,5,,,130,Sound,,,
0,FORT,2,1,1776625433.396702,25.54,Game,1,Predictable,16.81,0,,,5,,,130,Sound,,,
0,FORT,2,1,1776625433.396702,25.56,Game,1,Predictable,16.82,0,,,5,,,130,Sound,,,
0,FORT,2,1,1776625433.396702,25.57,Game,1,Predictable,16.84,0,,,5,,,130,Sound,,,
0,FORT,2,1,1776625433.396702,25.58,Game,1,Predictable,16.85,0,,,5,,,130,Sound,,,
0,FORT,2,1,1776625433.396702,25.59,Game,1,Predictable,16.85,0,,,5,,,130,Sound,,,
0,FORT,2,1,1776625433.396702,25.6,Game,1,Predictable,16.87,0,,,5,,,130,Sound,,,
0,FORT,2,1,1776625433.396702,25.61,Game,1,Predictable,16.88,0,,,5,,,130,Sound,,,
0,FORT,2,1,1776625433.396702,25.62,Game,1,Predictable,16.89,0,,,5,,,130,Sound,,,
0,FORT,2,1,1776625433.396702,25.63,Game,1,Predictable,16.9,0,,,5,,,130,Sound,,,
0,FORT,2,1,1776625433.396702,25.64,Game,1,Predictable,16.91,0,,,5,,,130,Sound,,,
0,FORT,2,1,1776625433.396702,25.66,Game,1,Predictable,16.92,0,,,5,,,130,Sound,,,
0,FORT,2,1,1776625433.396702,25.67,Game,1,Predictable,16.94,0,,,5,,,130,Sound,,,
0,FORT,2,1,1776625433.396702,25.68,Game,1,Predictable,16.95,0,,,5,,,130,Sound,,,
0,FORT,2,1,1776625433.396702,25.69,Game,1,Predictable,16.96,0,,,5,,,130,Sound,,,
0,FORT,2,1,1776625433.396702,25.7,Game,1,Predictable,16.97,0,,,5,,,130,Sound,,,
0,FORT,2,1,1776625433.396702,25.71,Game,1,Predictable,16.98,0,,,5,,,130,Sound,,,
0,FORT,2,1,1776625433.396702,25.72,Game,1,Predictable,16.99,0,,,5,,,130,Sound,,,
0,FORT,2,1,1776625433.396702,25.73,Game,1,Predictable,17.0,0,,,5,,,130,Sound,,,
0,FORT,2,1,1776625433.396702,25.74,Game,1,Predictable,17.01,0,,,5,,,130,Sound,,,
0,FORT,2,1,1776625433.396702,25.76,Game,1,Predictable,17.02,0,,,5,,,130,Sound,,,
0,FORT,2,1,1776625433.396702,25.77,Game,1,Predictable,17.04,0,,,5,,,130,Sound,,,
0,FORT,2,1,1776625433.396702,25.78,Game,1,Predictable,17.05,0,,,5,,,130,Sound,,,
0,FORT,2,1,1776625433.396702,25.79,Game,1,Predictable,17.06,0,,,5,,,130,Sound,,,
0,FORT,2,1,1776625433.396702,25.8,Game,1,Predictable,17.07,0,,,5,,,130,Sound,,,
0,FORT,2,1,1776625433.396702,25.81,Game,1,Predictable,17.08,0,,,5,,,130,Sound,,,
0,FORT,2,1,1776625433.396702,25.82,Game,1,Predictable,17.09,0,,,5,,,130,Sound,,,
0,FORT,2,1,1776625433.396702,25.83,Game,1,Predictable,17.1,0,,,5,,,130,Sound,,,
0,FORT,2,1,1776625433.396702,25.84,Game,1,Predictable,17.11,0,,,5,,,130,Sound,,,
0,FORT,2,1,1776625433.396702,25.86,Game,1,Predictable,17.12,0,,,5,,,130,Sound,,,
0,FORT,2,1,1776625433.396702,25.87,Game,1,Predictable,17.14,0,,,5,,,130,Sound,,,
0,FORT,2,1,1776625433.396702,25.88,Game,1,Predictable,17.15,0,,,5,,,130,Sound,,,
0,FORT,2,1,1776625433.396702,25.89,Game,1,Predictable,17.16,0,,,5,,,130,Sound,,,
0,FORT,2,1,1776625433.396702,25.9,Game,1,Predictable,17.17,0,,,5,,,130,Sound,,,
0,FORT,2,1,1776625433.396702,25.91,Game,1,Predictable,17.18,0,,,5,,,130,Sound,,,
0,FORT,2,1,1776625433.396702,25.92,Game,1,Predictable,17.19,0,,,5,,,130,Sound,,,
0,FORT,2,1,1776625433.396702,25.93,Game,1,Predictable,17.2,0,,,5,,,130,Sound,,,
0,FORT,2,1,1776625433.396702,25.94,Game,1,Predictable,17.21,0,,,5,,,130,Sound,,,
0,FORT,2,1,1776625433.396702,25.96,Game,1,Predictable,17.22,0,,,5,,,130,Sound,,,
0,FORT,2,1,1776625433.396702,25.97,Game,1,Predictable,17.24,0,,,5,,,130,Sound,,,
0,FORT,2,1,1776625433.396702,25.98,Game,1,Predictable,17.25,0,,,5,,,130,Sound,,,
0,FORT,2,1,1776625433.396702,25.99,Game,1,Predictable,17.26,0,,,5,,,130,Sound,,,
0,FORT,2,1,1776625433.396702,26.0,Game,1,Predictable,17.27,0,,,5,,,130,Sound,,,
0,FORT,2,1,1776625433.396702,26.01,Game,1,Predictable,17.28,0,,,5,,,130,Sound,,,
0,FORT,2,1,1776625433.396702,26.02,Game,1,Predictable,17.29,0,,,5,,,130,Sound,,,
0,FORT,2,1,1776625433.396702,26.03,Game,1,Predictable,17.3,0,,,5,,,130,Sound,,,
0,FORT,2,1,1776625433.396702,26.04,Game,1,Predictable,17.31,0,,,5,,,130,Sound,,,
0,FORT,2,1,1776625433.396702,26.06,Game,1,Predictable,17.32,0,,,5,,,130,Sound,,,
0,FORT,2,1,1776625433.396702,26.07,Game,1,Predictable,17.34,0,,,5,,,130,Sound,,,
0,FORT,2,1,1776625433.396702,26.08,Game,1,Predictable,17.35,0,,,5,,,130,Sound,,,
0,FORT,2,1,1776625433.396702,26.09,Game,1,Predictable,17.36,0,,,5,,,130,Sound,,,
0,FORT,2,1,1776625433.396702,26.1,Game,1,Predictable,17.37,0,,,5,,,130,Sound,,,
0,FORT,2,1,1776625433.396702,26.11,Game,1,Predictable,17.38,0,,,5,,,130,Sound,,,
0,FORT,2,1,1776625433.396702,26.12,Game,1,Predictable,17.39,0,,,5,,,130,Sound,,,
0,FORT,2,1,1776625433.396702,26.13,Game,1,Predictable,17.4,0,,,5,,,130,Sound,,,
0,FORT,2,1,1776625433.396702,26.14,Game,1,Predictable,17.41,0,,,5,,,130,Sound,,,
0,FORT,2,1,1776625433.396702,26.16,Game,1,Predictable,17.42,0,,,5,,,130,Sound,,,
0,FORT,2,1,1776625433.396702,26.17,Game,1,Predictable,17.44,0,,,5,,,130,Sound,,,
0,FORT,2,1,1776625433.396702,26.18,Game,1,Predictable,17.45,0,,,5,,,130,Sound,,,
0,FORT,2,1,1776625433.396702,26.19,Game,1,Predictable,17.46,0,,,5,,,130,Sound,,,
0,FORT,2,1,1776625433.396702,26.2,Game,1,Predictable,17.47,0,,,5,,,130,Sound,,,
0,FORT,2,1,1776625433.396702,26.21,Game,1,Predictable,17.48,0,,,5,,,130,Sound,,,
0,FORT,2,1,1776625433.396702,26.22,Game,1,Predictable,17.49,0,,,5,,,130,Sound,,,
0,FORT,2,1,1776625433.396702,26.23,Game,1,Predictable,17.5,0,,,5,,,130,Sound,,,
0,FORT,2,1,1776625433.396702,26.24,Game,1,Predictable,17.51,0,,,5,,,130,Sound,,,
0,FORT,2,1,1776625433.396702,26.26,Game,1,Predictable,17.52,0,,,5,,,130,Sound,,,
0,FORT,2,1,1776625433.396702,26.27,Game,1,Predictable,17.54,0,,,5,,,130,Sound,,,
0,FORT,2,1,1776625433.396702,26.28,Game,1,Predictable,17.55,0,,,5,,,130,Sound,,,
0,FORT,2,1,1776625433.396702,26.29,Game,1,Predictable,17.56,0,,,5,,,130,Sound,,,
0,FORT,2,1,1776625433.396702,26.3,Game,1,Predictable,17.57,0,,,5,,,130,Sound,,,
0,FORT,2,1,1776625433.396702,26.31,Game,1,Predictable,17.58,0,,,5,,,130,Sound,,,
0,FORT,2,1,1776625433.396702,26.32,Game,1,Predictable,17.59,0,,,5,,,130,Sound,,,
0,FORT,2,1,1776625433.396702,26.33,Game,1,Predictable,17.6,0,,,5,,,130,Sound,,,
0,FORT,2,1,1776625433.396702,26.34,Game,1,Predictable,17.61,0,,,5,,,130,Sound,,,
0,FORT,2,1,1776625433.396702,26.36,Game,1,Predictable,17.62,0,,,5,,,130,Sound,,,
0,FORT,2,1,1776625433.396702,26.37,Game,1,Predictable,17.64,0,,,5,,,130,Sound,,,
0,FORT,2,1,1776625433.396702,26.38,Game,1,Predictable,17.65,0,,,5,,,130,Sound,,,
0,FORT,2,1,1776625433.396702,26.39,Game,1,Predictable,17.66,0,,,5,,,130,Sound,,,
0,FORT,2,1,1776625433.396702,26.4,Game,1,Predictable,17.67,0,,,5,,,130,Sound,,,
0,FORT,2,1,1776625433.396702,26.41,Game,1,Predictable,17.68,0,,,5,,,130,Sound,,,
0,FORT,2,1,1776625433.396702,26.42,Game,1,Predictable,17.69,0,,,5,,,130,Sound,,,
0,FORT,2,1,1776625433.396702,26.43,Game,1,Predictable,17.7,0,,,5,,,130,Sound,,,
0,FORT,2,1,1776625433.396702,26.44,Game,1,Predictable,17.71,0,,,5,,,130,Sound,,,
0,FORT,2,1,1776625433.396702,26.46,Game,1,Predictable,17.72,0,,,5,,,130,Sound,,,
0,FORT,2,1,1776625433.396702,26.47,Game,1,Predictable,17.74,0,,,5,,,130,Sound,,,
0,FORT,2,1,1776625433.396702,26.48,Game,1,Predictable,17.75,0,,,5,,,130,Sound,,,
0,FORT,2,1,1776625433.396702,26.49,Game,1,Predictable,17.76,0,,,5,,,130,Sound,,,
0,FORT,2,1,1776625433.396702,26.5,Game,1,Predictable,17.77,0,,,5,,,130,Sound,,,
0,FORT,2,1,1776625433.396702,26.51,Game,1,Predictable,17.78,0,,,5,,,130,Sound,,,
0,FORT,2,1,1776625433.396702,26.52,Game,1,Predictable,17.79,0,,,5,,,130,Sound,,,
0,FORT,2,1,1776625433.396702,26.53,Game,1,Predictable,17.8,0,,,5,,,130,Sound,,,
0,FORT,2,1,1776625433.396702,26.54,Game,1,Predictable,17.81,0,,,5,,,130,Sound,,,
0,FORT,2,1,1776625433.396702,26.56,Game,1,Predictable,17.82,0,,,5,,,130,Sound,,,
0,FORT,2,1,1776625433.396702,26.57,Game,1,Predictable,17.84,0,,,5,,,130,Sound,,,
0,FORT,2,1,1776625433.396702,26.58,Game,1,Predictable,17.85,0,,,5,,,130,Sound,,,
0,FORT,2,1,1776625433.396702,26.59,Game,1,Predictable,17.86,0,,,5,,,130,Sound,,,
0,FORT,2,1,1776625433.396702,26.6,Game,1,Predictable,17.87,0,,,5,,,130,Sound,,,
0,FORT,2,1,1776625433.396702,26.61,Game,1,Predictable,17.88,0,,,5,,,130,Sound,,,
0,FORT,2,1,1776625433.396702,26.62,Game,1,Predictable,17.89,0,,,5,,,130,Sound,,,
0,FORT,2,1,1776625433.396702,26.63,Game,1,Predictable,17.9,0,,,5,,,130,Sound,,,
0,FORT,2,1,1776625433.396702,26.64,Game,1,Predictable,17.91,0,,,5,,,130,Sound,,,
0,FORT,2,1,1776625433.396702,26.66,Game,1,Predictable,17.92,0,,,5,,,130,Sound,,,
0,FORT,2,1,1776625433.396702,26.67,Game,1,Predictable,17.94,0,,,5,,,130,Sound,,,
0,FORT,2,1,1776625433.396702,26.68,Game,1,Predictable,17.95,0,,,5,,,130,Sound,,,
0,FORT,2,1,1776625433.396702,26.69,Game,1,Predictable,17.96,0,,,5,,,130,Sound,,,
0,FORT,2,1,1776625433.396702,26.7,Game,1,Predictable,17.97,0,,,5,,,130,Sound,,,
0,FORT,2,1,1776625433.396702,26.71,Game,1,Predictable,17.98,0,,,5,,,130,Sound,,,
0,FORT,2,1,1776625433.396702,26.72,Game,1,Predictable,17.99,0,,,5,,,130,Sound,,,
0,FORT,2,1,1776625433.396702,26.73,Game,1,Predictable,18.0,0,,,5,,,130,Sound,,,
0,FORT,2,1,1776625433.396702,26.74,Game,1,Predictable,18.01,0,,,5,,,130,Sound,,,
0,FORT,2,1,1776625433.396702,26.76,Game,1,Predictable,18.02,0,,,5,,,130,Sound,,,
0,FORT,2,1,1776625433.396702,26.77,Game,1,Predictable,18.04,0,,,5,,,130,Sound,,,
0,FORT,2,1,1776625433.396702,26.78,Game,1,Predictable,18.05,0,,,5,,,130,Sound,,,
0,FORT,2,1,1776625433.396702,26.79,Game,1,Predictable,18.06,0,,,5,,,130,Sound,,,
0,FORT,2,1,1776625433.396702,26.8,Game,1,Predictable,18.07,0,,,5,,,130,Sound,,,
0,FORT,2,1,1776625433.396702,26.81,Game,1,Predictable,18.08,0,,,5,,,130,Sound,,,
0,FORT,2,1,1776625433.396702,26.82,Game,1,Predictable,18.09,0,,,5,,,130,Sound,,,
0,FORT,2,1,1776625433.396702,26.83,Game,1,Predictable,18.1,0,,,5,,,130,Sound,,,
0,FORT,2,1,1776625433.396702,26.84,Game,1,Predictable,18.11,0,,,5,,,130,Sound,,,
0,FORT,2,1,1776625433.396702,26.86,Game,1,Predictable,18.12,0,,,5,,,130,Sound,,,
0,FORT,2,1,1776625433.396702,26.87,Game,1,Predictable,18.14,0,,,5,,,130,Sound,,,
0,FORT,2,1,1776625433.396702,26.88,Game,1,Predictable,18.15,0,,,5,,,130,Sound,,,
0,FORT,2,1,1776625433.396702,26.89,Game,1,Predictable,18.16,0,,,5,,,130,Sound,,,
0,FORT,2,1,1776625433.396702,26.9,Game,1,Predictable,18.17,0,,,5,,,130,Sound,,,
0,FORT,2,1,1776625433.396702,26.91,Game,1,Predictable,18.18,0,,,5,,,130,Sound,,,
0,FORT,2,1,1776625433.396702,26.92,Game,1,Predictable,18.19,0,,,5,,,130,Sound,,,
0,FORT,2,1,1776625433.396702,26.93,Game,1,Predictable,18.2,0,,,5,,,130,Sound,,,
0,FORT,2,1,1776625433.396702,26.94,Game,1,Predictable,18.21,0,,,5,,,130,Sound,,,
0,FORT,2,1,1776625433.396702,26.96,Game,1,Predictable,18.22,0,,,5,,,130,Sound,,,
0,FORT,2,1,1776625433.396702,26.97,Game,1,Predictable,18.24,0,,,5,,,130,Sound,,,
0,FORT,2,1,1776625433.396702,26.98,Game,1,Predictable,18.25,0,,,5,,,130,Sound,,,
0,FORT,2,1,1776625433.396702,26.99,Game,1,Predictable,18.26,0,,,5,,,130,Sound,,,
0,FORT,2,1,1776625433.396702,27.0,Game,1,Predictable,18.27,0,,,5,,,130,Sound,,,
0,FORT,2,1,1776625433.396702,27.01,Game,1,Predictable,18.28,0,,,5,,,130,Sound,,,
0,FORT,2,1,1776625433.396702,27.02,Game,1,Predictable,18.29,0,,,5,,,130,Sound,,,
0,FORT,2,1,1776625433.396702,27.03,Game,1,Predictable,18.3,0,,,5,,,130,Sound,,,
0,FORT,2,1,1776625433.396702,27.04,Game,1,Predictable,18.31,0,,,5,,,130,Sound,,,
0,FORT,2,1,1776625433.396702,27.06,Game,1,Predictable,18.32,0,,,5,,,130,Sound,,,
0,FORT,2,1,1776625433.396702,27.07,Game,1,Predictable,18.34,0,,,5,,,130,Sound,,,
0,FORT,2,1,1776625433.396702,27.08,Game,1,Predictable,18.35,0,,,5,,,130,Sound,,,
0,FORT,2,1,1776625433.396702,27.09,Game,1,Predictable,18.36,0,,,5,,,130,Sound,,,
0,FORT,2,1,1776625433.396702,27.1,Game,1,Predictable,18.37,0,,,5,,,130,Sound,,,
0,FORT,2,1,1776625433.396702,27.11,Game,1,Predictable,18.38,0,,,5,,,130,Sound,,,
0,FORT,2,1,1776625433.396702,27.12,Game,1,Predictable,18.39,0,,,5,,,130,Sound,,,
0,FORT,2,1,1776625433.396702,27.13,Game,1,Predictable,18.4,0,,,5,,,130,Sound,,,
0,FORT,2,1,1776625433.396702,27.14,Game,1,Predictable,18.41,0,,,5,,,130,Sound,,,
0,FORT,2,1,1776625433.396702,27.16,Game,1,Predictable,18.42,0,,,5,,,130,Sound,,,
0,FORT,2,1,1776625433.396702,27.17,Game,1,Predictable,18.44,0,,,5,,,130,Sound,,,
0,FORT,2,1,1776625433.396702,27.18,Game,1,Predictable,18.45,0,,,5,,,130,Sound,,,
0,FORT,2,1,1776625433.396702,27.19,Game,1,Predictable,18.46,0,,,5,,,130,Sound,,,
0,FORT,2,1,1776625433.396702,27.2,Game,1,Predictable,18.47,0,,,5,,,130,Sound,,,
0,FORT,2,1,1776625433.396702,27.21,Game,1,Predictable,18.48,0,,,5,,,130,Sound,,,
0,FORT,2,1,1776625433.396702,27.22,Game,1,Predictable,18.49,0,,,5,,,130,Sound,,,
0,FORT,2,1,1776625433.396702,27.23,Game,1,Predictable,18.5,0,,,5,,,130,Sound,,,
0,FORT,2,1,1776625433.396702,27.24,Game,1,Predictable,18.51,0,,,5,,,130,Sound,,,
0,FORT,2,1,1776625433.396702,27.26,Game,1,Predictable,18.52,0,,,5,,,130,Sound,,,
0,FORT,2,1,1776625433.396702,27.27,Game,1,Predictable,18.54,0,,,5,,,130,Sound,,,
0,FORT,2,1,1776625433.396702,27.28,Game,1,Predictable,18.55,0,,,5,,,130,Sound,,,
0,FORT,2,1,1776625433.396702,27.29,Game,1,Predictable,18.56,0,,,5,,,130,Sound,,,
0,FORT,2,1,1776625433.396702,27.3,Game,1,Predictable,18.57,0,,,5,,,130,Sound,,,
0,FORT,2,1,1776625433.396702,27.31,Game,1,Predictable,18.58,0,,,5,,,130,Sound,,,
0,FORT,2,1,1776625433.396702,27.32,Game,1,Predictable,18.59,0,,,5,,,130,Sound,,,
0,FORT,2,1,1776625433.396702,27.33,Game,1,Predictable,18.6,0,,,5,,,130,Sound,,,
0,FORT,2,1,1776625433.396702,27.34,Game,1,Predictable,18.61,0,,,5,,,130,Sound,,,
0,FORT,2,1,1776625433.396702,27.36,Game,1,Predictable,18.62,0,,,5,,,130,Sound,,,
0,FORT,2,1,1776625433.396702,27.37,Game,1,Predictable,18.64,0,,,5,,,130,Sound,,,
0,FORT,2,1,1776625433.396702,27.38,Game,1,Predictable,18.65,0,,,5,,,130,Sound,,,
0,FORT,2,1,1776625433.396702,27.39,Game,1,Predictable,18.66,0,,,5,,,130,Sound,,,
0,FORT,2,1,1776625433.396702,27.4,Game,1,Predictable,18.67,0,,,5,,,130,Sound,,,
0,FORT,2,1,1776625433.396702,27.41,Game,1,Predictable,18.68,0,,,5,,,130,Sound,,,
0,FORT,2,1,1776625433.396702,27.42,Game,1,Predictable,18.69,0,,,5,,,130,Sound,,,
0,FORT,2,1,1776625433.396702,27.43,Game,1,Predictable,18.7,0,,,5,,,130,Sound,,,
0,FORT,2,1,1776625433.396702,27.44,Game,1,Predictable,18.71,0,,,5,,,130,Sound,,,
0,FORT,2,1,1776625433.396702,27.46,Game,1,Predictable,18.72,0,,,5,,,130,Sound,,,
0,FORT,2,1,1776625433.396702,27.47,Game,1,Predictable,18.74,0,,,5,,,130,Sound,,,
0,FORT,2,1,1776625433.396702,27.48,Game,1,Predictable,18.75,0,,,5,,,130,Sound,,,
0,FORT,2,1,1776625433.396702,27.49,Game,1,Predictable,18.76,0,,,5,,,130,Sound,,,
0,FORT,2,1,1776625433.396702,27.5,Game,1,Predictable,18.77,0,,,5,,,130,Sound,,,
0,FORT,2,1,1776625433.396702,27.51,Game,1,Predictable,18.78,0,,,5,,,130,Sound,,,
0,FORT,2,1,1776625433.396702,27.52,Game,1,Predictable,18.79,0,,,5,,,130,Sound,,,
0,FORT,2,1,1776625433.396702,27.53,Game,1,Predictable,18.8,0,,,5,,,130,Sound,,,
0,FORT,2,1,1776625433.396702,27.54,Game,1,Predictable,18.81,0,,,5,,,130,Sound,,,
0,FORT,2,1,1776625433.396702,27.56,Game,1,Predictable,18.82,0,,,5,,,130,Sound,,,
0,FORT,2,1,1776625433.396702,27.57,Game,1,Predictable,18.84,0,,,5,,,130,Sound,,,
0,FORT,2,1,1776625433.396702,27.58,Game,1,Predictable,18.85,0,,,5,,,130,Sound,,,
0,FORT,2,1,1776625433.396702,27.59,Game,1,Predictable,18.86,0,,,5,,,130,Sound,,,
0,FORT,2,1,1776625433.396702,27.6,Game,1,Predictable,18.87,0,,,5,,,130,Sound,,,
0,FORT,2,1,1776625433.396702,27.61,Game,1,Predictable,18.88,0,,,5,,,130,Sound,,,
0,FORT,2,1,1776625433.396702,27.62,Game,1,Predictable,18.89,0,,,5,,,130,Sound,,,
0,FORT,2,1,1776625433.396702,27.63,Game,1,Predictable,18.9,0,,,5,,,130,Sound,,,
0,FORT,2,1,1776625433.396702,27.64,Game,1,Predictable,18.91,0,,,5,,,130,Sound,,,
0,FORT,2,1,1776625433.396702,27.66,Game,1,Predictable,18.92,0,,,5,,,130,Sound,,,
0,FORT,2,1,1776625433.396702,27.67,Game,1,Predictable,18.94,0,,,5,,,130,Sound,,,
0,FORT,2,1,1776625433.396702,27.68,Game,1,Predictable,18.95,0,,,5,,,130,Sound,,,
0,FORT,2,1,1776625433.396702,27.69,Game,1,Predictable,18.96,0,,,5,,,130,Sound,,,
0,FORT,2,1,1776625433.396702,27.7,Game,1,Predictable,18.97,0,,,5,,,130,Sound,,,
0,FORT,2,1,1776625433.396702,27.71,Game,1,Predictable,18.98,0,,,5,,,130,Sound,,,
0,FORT,2,1,1776625433.396702,27.72,Game,1,Predictable,18.99,0,,,5,,,130,Sound,,,
0,FORT,2,1,1776625433.396702,27.73,Game,1,Predictable,19.0,0,,,5,,,130,Sound,,,
0,FORT,2,1,1776625433.396702,27.74,Game,1,Predictable,19.01,0,,,5,,,130,Sound,,,
0,FORT,2,1,1776625433.396702,27.76,Game,1,Predictable,19.02,0,,,5,,,130,Sound,,,
0,FORT,2,1,1776625433.396702,27.77,Game,1,Predictable,19.04,0,,,5,,,130,Sound,,,
0,FORT,2,1,1776625433.396702,27.78,Game,1,Predictable,19.05,0,,,5,,,130,Sound,,,
0,FORT,2,1,1776625433.396702,27.79,Game,1,Predictable,19.06,0,,,5,,,130,Sound,,,
0,FORT,2,1,1776625433.396702,27.8,Game,1,Predictable,19.07,0,,,5,,,130,Sound,,,
0,FORT,2,1,1776625433.396702,27.81,Game,1,Predictable,19.08,0,,,5,,,130,Sound,,,
0,FORT,2,1,1776625433.396702,27.82,Game,1,Predictable,19.09,0,,,5,,,130,Sound,,,
0,FORT,2,1,1776625433.396702,27.83,Game,1,Predictable,19.1,0,,,5,,,130,Sound,,,
0,FORT,2,1,1776625433.396702,27.84,Game,1,Predictable,19.11,0,,,5,,,130,Sound,,,
0,FORT,2,1,1776625433.396702,27.86,Game,1,Predictable,19.12,0,,,5,,,130,Sound,,,
0,FORT,2,1,1776625433.396702,27.87,Game,1,Predictable,19.14,0,,,5,,,130,Sound,,,
0,FORT,2,1,1776625433.396702,27.88,Game,1,Predictable,19.15,0,,,5,,,130,Sound,,,
0,FORT,2,1,1776625433.396702,27.89,Game,1,Predictable,19.16,0,,,5,,,130,Sound,,,
0,FORT,2,1,1776625433.396702,27.9,Game,1,Predictable,19.17,0,,,5,,,130,Sound,,,
0,FORT,2,1,1776625433.396702,27.91,Game,1,Predictable,19.18,0,,,5,,,130,Sound,,,
0,FORT,2,1,1776625433.396702,27.92,Game,1,Predictable,19.19,0,,,5,,,130,Sound,,,
0,FORT,2,1,1776625433.396702,27.93,Game,1,Predictable,19.2,0,,,5,,,130,Sound,,,
0,FORT,2,1,1776625433.396702,27.95,Game,1,Predictable,19.21,0,,,5,,,130,Sound,,,
0,FORT,2,1,1776625433.396702,27.96,Game,1,Predictable,19.23,0,,,5,,,130,Sound,,,
0,FORT,2,1,1776625433.396702,27.97,Game,1,Predictable,19.24,0,,,5,,,130,Sound,,,
0,FORT,2,1,1776625433.396702,27.98,Game,1,Predictable,19.25,0,,,5,,,130,Sound,,,
0,FORT,2,1,1776625433.396702,27.99,Game,1,Predictable,19.26,0,,,5,,,130,Sound,,,
0,FORT,2,1,1776625433.396702,28.0,Game,1,Predictable,19.27,0,,,5,,,130,Sound,,,
0,FORT,2,1,1776625433.396702,28.01,Game,1,Predictable,19.28,0,,,5,,,130,Sound,,,
0,FORT,2,1,1776625433.396702,28.02,Game,1,Predictable,19.29,0,,,5,,,130,Sound,,,
0,FORT,2,1,1776625433.396702,28.03,Game,1,Predictable,19.3,0,,,5,,,130,Sound,,,
0,FORT,2,1,1776625433.396702,28.04,Game,1,Predictable,19.31,0,,,5,,,130,Sound,,,
0,FORT,2,1,1776625433.396702,28.06,Game,1,Predictable,19.32,0,,,5,,,130,Sound,,,
0,FORT,2,1,1776625433.396702,28.07,Game,1,Predictable,19.34,0,,,5,,,130,Sound,,,
0,FORT,2,1,1776625433.396702,28.08,Game,1,Predictable,19.35,0,,,5,,,130,Sound,,,
0,FORT,2,1,1776625433.396702,28.09,Game,1,Predictable,19.36,0,,,5,,,130,Sound,,,
0,FORT,2,1,1776625433.396702,28.1,Game,1,Predictable,19.37,0,,,5,,,130,Sound,,,
0,FORT,2,1,1776625433.396702,28.11,Game,1,Predictable,19.38,0,,,5,,,130,Sound,,,
0,FORT,2,1,1776625433.396702,28.12,Game,1,Predictable,19.39,0,,,5,,,130,Sound,,,
0,FORT,2,1,1776625433.396702,28.13,Game,1,Predictable,19.4,0,,,5,,,130,Sound,,,
0,FORT,2,1,1776625433.396702,28.14,Game,1,Predictable,19.41,0,,,5,,,130,Sound,,,
0,FORT,2,1,1776625433.396702,28.16,Game,1,Predictable,19.42,0,,,5,,,130,Sound,,,
0,FORT,2,1,1776625433.396702,28.17,Game,1,Predictable,19.44,0,,,5,,,130,Sound,,,
0,FORT,2,1,1776625433.396702,28.18,Game,1,Predictable,19.45,0,,,5,,,130,Sound,,,
0,FORT,2,1,1776625433.396702,28.19,Game,1,Predictable,19.46,0,,,5,,,130,Sound,,,
0,FORT,2,1,1776625433.396702,28.2,Game,1,Predictable,19.47,0,,,5,,,130,Sound,,,
0,FORT,2,1,1776625433.396702,28.21,Game,1,Predictable,19.48,0,,,5,,,130,Sound,,,
0,FORT,2,1,1776625433.396702,28.22,Game,1,Predictable,19.49,0,,,5,,,130,Sound,,,
0,FORT,2,1,1776625433.396702,28.23,Game,1,Predictable,19.5,0,,,5,,,130,Sound,,,
0,FORT,2,1,1776625433.396702,28.24,Game,1,Predictable,19.51,0,,,5,,,130,Sound,,,
0,FORT,2,1,1776625433.396702,28.26,Game,1,Predictable,19.52,0,,,5,,,130,Sound,,,
0,FORT,2,1,1776625433.396702,28.27,Game,1,Predictable,19.54,0,,,5,,,130,Sound,,,
0,FORT,2,1,1776625433.396702,28.28,Game,1,Predictable,19.55,0,,,5,,,130,Sound,,,
0,FORT,2,1,1776625433.396702,28.29,Game,1,Predictable,19.56,0,,,5,,,130,Sound,,,
0,FORT,2,1,1776625433.396702,28.3,Game,1,Predictable,19.57,0,,,5,,,130,Sound,,,
0,FORT,2,1,1776625433.396702,28.31,Game,1,Predictable,19.58,0,,,5,,,130,Sound,,,
0,FORT,2,1,1776625433.396702,28.32,Game,1,Predictable,19.59,0,,,5,,,130,Sound,,,
0,FORT,2,1,1776625433.396702,28.33,Game,1,Predictable,19.6,0,,,5,,,130,Sound,,,
0,FORT,2,1,1776625433.396702,28.34,Game,1,Predictable,19.61,0,,,5,,,130,Sound,,,
0,FORT,2,1,1776625433.396702,28.36,Game,1,Predictable,19.62,0,,,5,,,130,Sound,,,
0,FORT,2,1,1776625433.396702,28.37,Game,1,Predictable,19.64,0,,,5,,,130,Sound,,,
0,FORT,2,1,1776625433.396702,28.38,Game,1,Predictable,19.65,0,,,5,,,130,Sound,,,
0,FORT,2,1,1776625433.396702,28.39,Game,1,Predictable,19.66,0,,,5,,,130,Sound,,,
0,FORT,2,1,1776625433.396702,28.4,Game,1,Predictable,19.67,0,,,5,,,130,Sound,,,
0,FORT,2,1,1776625433.396702,28.41,Game,1,Predictable,19.68,0,,,5,,,130,Sound,,,
0,FORT,2,1,1776625433.396702,28.42,Game,1,Predictable,19.69,0,,,5,,,130,Sound,,,
0,FORT,2,1,1776625433.396702,28.43,Game,1,Predictable,19.7,0,,,5,,,130,Sound,,,
0,FORT,2,1,1776625433.396702,28.44,Game,1,Predictable,19.71,0,,,5,,,130,Sound,,,
0,FORT,2,1,1776625433.396702,28.46,Game,1,Predictable,19.72,0,,,5,,,130,Sound,,,
0,FORT,2,1,1776625433.396702,28.47,Game,1,Predictable,19.74,0,,,5,,,130,Sound,,,
0,FORT,2,1,1776625433.396702,28.48,Game,1,Predictable,19.75,0,,,5,,,130,Sound,,,
0,FORT,2,1,1776625433.396702,28.49,Game,1,Predictable,19.76,0,,,5,,,130,Sound,,,
0,FORT,2,1,1776625433.396702,28.5,Game,1,Predictable,19.77,0,,,5,,,130,Sound,,,
0,FORT,2,1,1776625433.396702,28.51,Game,1,Predictable,19.78,0,,,5,,,130,Sound,,,
0,FORT,2,1,1776625433.396702,28.52,Game,1,Predictable,19.79,0,,,5,,,130,Sound,,,
0,FORT,2,1,1776625433.396702,28.53,Game,1,Predictable,19.8,0,,,5,,,130,Sound,,,
0,FORT,2,1,1776625433.396702,28.54,Game,1,Predictable,19.81,0,,,5,,,130,Sound,,,
0,FORT,2,1,1776625433.396702,28.56,Game,1,Predictable,19.82,0,,,5,,,130,Sound,,,
0,FORT,2,1,1776625433.396702,28.57,Game,1,Predictable,19.84,0,,,5,,,130,Sound,,,
0,FORT,2,1,1776625433.396702,28.58,Game,1,Predictable,19.85,0,,,5,,,130,Sound,,,
0,FORT,2,1,1776625433.396702,28.59,Game,1,Predictable,19.86,0,,,5,,,130,Sound,,,
0,FORT,2,1,1776625433.396702,28.6,Game,1,Predictable,19.87,0,,,5,,,130,Sound,,,
0,FORT,2,1,1776625433.396702,28.61,Game,1,Predictable,19.88,0,,,5,,,130,Sound,,,
0,FORT,2,1,1776625433.396702,28.62,Game,1,Predictable,19.89,0,,,5,,,130,Sound,,,
0,FORT,2,1,1776625433.396702,28.63,Game,1,Predictable,19.9,0,,,5,,,130,Sound,,,
0,FORT,2,1,1776625433.396702,28.64,Game,1,Predictable,19.91,0,,,5,,,130,Sound,,,
0,FORT,2,1,1776625433.396702,28.66,Game,1,Predictable,19.92,0,,,5,,,130,Sound,,,
0,FORT,2,1,1776625433.396702,28.67,Game,1,Predictable,19.94,0,,,5,,,130,Sound,,,
0,FORT,2,1,1776625433.396702,28.68,Game,1,Predictable,19.95,0,,,5,,,130,Sound,,,
0,FORT,2,1,1776625433.396702,28.69,Game,1,Predictable,19.96,0,,,5,,,130,Sound,,,
0,FORT,2,1,1776625433.396702,28.7,Game,1,Predictable,19.97,0,,,5,,,130,Sound,,,
0,FORT,2,1,1776625433.396702,28.71,Game,1,Predictable,19.98,0,,,5,,,130,Sound,,,
0,FORT,2,1,1776625433.396702,28.72,Game,1,Predictable,19.99,0,,,5,,,130,Sound,,,
0,FORT,2,1,1776625433.396702,28.99,Game,1,Predictable,20.0,0,1,,5,,,131,Sound,,,
0,FORT,2,1,1776625433.396702,29.05,Game,1,Predictable,20.0,0,1,,5,,,131,Sound,,,
0,FORT,2,1,1776625433.396702,29.1,Game,1,Predictable,20.0,0,1,,5,,,131,Sound,,,
0,FORT,2,1,1776625433.396702,29.16,Game,1,Predictable,20.0,0,1,,5,,,131,Sound,,,
0,FORT,2,1,1776625433.396702,29.22,Game,1,Predictable,20.0,0,1,,5,,,131,Sound,,,
0,FORT,2,1,1776625433.396702,29.27,Game,1,Predictable,20.0,0,1,,5,,,131,Sound,,,
0,FORT,2,1,1776625433.396702,29.33,Game,1,Predictable,20.0,0,1,,5,,,131,Sound,,,
0,FORT,2,1,1776625433.396702,29.38,Game,1,Predictable,20.0,0,1,,5,,,131,Sound,,,
0,FORT,2,1,1776625433.396702,29.44,Game,1,Predictable,20.0,0,1,,5,,,131,Sound,,,
0,FORT,2,1,1776625433.396702,29.5,Game,1,Predictable,20.0,0,1,,5,,,131,Sound,,,
0,FORT,2,1,1776625433.396702,29.55,Game,1,Predictable,20.0,0,1,,5,,,131,Sound,,,
0,FORT,2,1,1776625433.396702,29.61,Game,1,Predictable,20.0,0,1,,5,,,131,Sound,,,
0,FORT,2,1,1776625433.396702,29.66,Game,1,Predictable,20.0,0,1,,5,,,131,Sound,,,
0,FORT,2,1,1776625433.396702,29.72,Game,1,Predictable,20.0,0,1,,5,,,131,Sound,,,
0,FORT,2,1,1776625433.396702,29.78,Game,1,Predictable,20.0,0,1,,5,,,131,Sound,,,
0,FORT,2,1,1776625433.396702,29.83,Game,1,Predictable,20.0,0,1,,5,,,131,Sound,,,
0,FORT,2,1,1776625433.396702,29.89,Game,1,Predictable,20.0,0,1,,5,,,131,Sound,,,
0,FORT,2,1,1776625433.396702,29.94,Game,1,Predictable,20.0,0,1,,5,,,131,Sound,,,
0,FORT,2,1,1776625433.396702,30.01,Game,1,Predictable,20.0,0,,,5,,,130,Sound,,,
0,FORT,2,1,1776625433.396702,30.02,Game,1,Predictable,21.29,0,,,5,,,130,Sound,,,
0,FORT,2,1,1776625433.396702,30.03,Game,1,Predictable,21.3,0,,,5,,,130,Sound,,,
0,FORT,2,1,1776625433.396702,30.04,Game,1,Predictable,21.31,0,,,5,,,130,Sound,,,
0,FORT,2,1,1776625433.396702,30.06,Game,1,Predictable,21.32,0,,,5,,,130,Sound,,,
0,FORT,2,1,1776625433.396702,30.07,Game,1,Predictable,21.34,0,,,5,,,130,Sound,,,
0,FORT,2,1,1776625433.396702,30.08,Game,1,Predictable,21.35,0,,,5,,,130,Sound,,,
0,FORT,2,1,1776625433.396702,30.09,Game,1,Predictable,21.35,0,,,5,,,130,Sound,,,
0,FORT,2,1,1776625433.396702,30.1,Game,1,Predictable,21.37,0,,,5,,,130,Sound,,,
0,FORT,2,1,1776625433.396702,30.11,Game,1,Predictable,21.38,0,,,5,,,130,Sound,,,
0,FORT,2,1,1776625433.396702,30.12,Game,1,Predictable,21.39,0,,,5,,,130,Sound,,,
0,FORT,2,1,1776625433.396702,30.13,Game,1,Predictable,21.4,0,,,5,,,130,Sound,,,
0,FORT,2,1,1776625433.396702,30.14,Game,1,Predictable,21.41,0,,,5,,,130,Sound,,,
0,FORT,2,1,1776625433.396702,30.16,Game,1,Predictable,21.42,0,,,5,,,130,Sound,,,
0,FORT,2,1,1776625433.396702,30.17,Game,1,Predictable,21.44,0,,,5,,,130,Sound,,,
0,FORT,2,1,1776625433.396702,30.18,Game,1,Predictable,21.45,0,,,5,,,130,Sound,,,
0,FORT,2,1,1776625433.396702,30.19,Game,1,Predictable,21.45,0,,,5,,,130,Sound,,,
0,FORT,2,1,1776625433.396702,30.2,Game,1,Predictable,21.47,0,,,5,,,130,Sound,,,
0,FORT,2,1,1776625433.396702,30.21,Game,1,Predictable,21.48,0,,,5,,,130,Sound,,,
0,FORT,2,1,1776625433.396702,30.22,Game,1,Predictable,21.49,0,,,5,,,130,Sound,,,
0,FORT,2,1,1776625433.396702,30.23,Game,1,Predictable,21.5,0,,,5,,,130,Sound,,,
0,FORT,2,1,1776625433.396702,30.25,Game,1,Predictable,21.51,0,,,5,,,130,Sound,,,
0,FORT,2,1,1776625433.396702,30.26,Game,1,Predictable,21.52,0,,,5,,,130,Sound,,,
0,FORT,2,1,1776625433.396702,30.27,Game,1,Predictable,21.54,0,,,5,,,130,Sound,,,
0,FORT,2,1,1776625433.396702,30.28,Game,1,Predictable,21.55,0,,,5,,,130,Sound,,,
0,FORT,2,1,1776625433.396702,30.29,Game,1,Predictable,21.56,0,,,5,,,130,Sound,,,
0,FORT,2,1,1776625433.396702,30.3,Game,1,Predictable,21.57,0,,,5,,,130,Sound,,,
0,FORT,2,1,1776625433.396702,30.31,Game,1,Predictable,21.58,0,,,5,,,130,Sound,,,
0,FORT,2,1,1776625433.396702,30.32,Game,1,Predictable,21.59,0,,,5,,,130,Sound,,,
0,FORT,2,1,1776625433.396702,30.33,Game,1,Predictable,21.6,0,,,5,,,130,Sound,,,
0,FORT,2,1,1776625433.396702,30.34,Game,1,Predictable,21.61,0,,,5,,,130,Sound,,,
0,FORT,2,1,1776625433.396702,30.36,Game,1,Predictable,21.62,0,,,5,,,130,Sound,,,
0,FORT,2,1,1776625433.396702,30.37,Game,1,Predictable,21.64,0,,,5,,,130,Sound,,,
0,FORT,2,1,1776625433.396702,30.38,Game,1,Predictable,21.64,0,,,5,,,130,Sound,,,
0,FORT,2,1,1776625433.396702,30.39,Game,1,Predictable,21.65,0,,,5,,,130,Sound,,,
0,FORT,2,1,1776625433.396702,30.4,Game,1,Predictable,21.67,0,,,5,,,130,Sound,,,
0,FORT,2,1,1776625433.396702,30.41,Game,1,Predictable,21.68,0,,,5,,,130,Sound,,,
0,FORT,2,1,1776625433.396702,30.42,Game,1,Predictable,21.69,0,,,5,,,130,Sound,,,
0,FORT,2,1,1776625433.396702,30.43,Game,1,Predictable,21.7,0,,,5,,,130,Sound,,,
0,FORT,2,1,1776625433.396702,30.44,Game,1,Predictable,21.71,0,,,5,,,130,Sound,,,
0,FORT,2,1,1776625433.396702,30.46,Game,1,Predictable,21.72,0,,,5,,,130,Sound,,,
0,FORT,2,1,1776625433.396702,30.47,Game,1,Predictable,21.74,0,,,5,,,130,Sound,,,
0,FORT,2,1,1776625433.396702,30.48,Game,1,Predictable,21.75,0,,,5,,,130,Sound,,,
0,FORT,2,1,1776625433.396702,30.49,Game,1,Predictable,21.76,0,,,5,,,130,Sound,,,
0,FORT,2,1,1776625433.396702,30.5,Game,1,Predictable,21.77,0,,,5,,,130,Sound,,,
0,FORT,2,1,1776625433.396702,30.51,Game,1,Predictable,21.78,0,,,5,,,130,Sound,,,
0,FORT,2,1,1776625433.396702,30.52,Game,1,Predictable,21.79,0,,,5,,,130,Sound,,,
0,FORT,2,1,1776625433.396702,30.53,Game,1,Predictable,21.8,0,,,5,,,130,Sound,,,
0,FORT,2,1,1776625433.396702,30.54,Game,1,Predictable,21.81,0,,,5,,,130,Sound,,,
0,FORT,2,1,1776625433.396702,30.56,Game,1,Predictable,21.82,0,,,5,,,130,Sound,,,
0,FORT,2,1,1776625433.396702,30.57,Game,1,Predictable,21.84,0,,,5,,,130,Sound,,,
0,FORT,2,1,1776625433.396702,30.58,Game,1,Predictable,21.84,0,,,5,,,130,Sound,,,
0,FORT,2,1,1776625433.396702,30.59,Game,1,Predictable,21.85,0,,,5,,,130,Sound,,,
0,FORT,2,1,1776625433.396702,30.6,Game,1,Predictable,21.87,0,,,5,,,130,Sound,,,
0,FORT,2,1,1776625433.396702,30.61,Game,1,Predictable,21.88,0,,,5,,,130,Sound,,,
0,FORT,2,1,1776625433.396702,30.62,Game,1,Predictable,21.89,0,,,5,,,130,Sound,,,
0,FORT,2,1,1776625433.396702,30.63,Game,1,Predictable,21.9,0,,,5,,,130,Sound,,,
0,FORT,2,1,1776625433.396702,30.64,Game,1,Predictable,21.91,0,,,5,,,130,Sound,,,
0,FORT,2,1,1776625433.396702,30.66,Game,1,Predictable,21.92,0,,,5,,,130,Sound,,,
0,FORT,2,1,1776625433.396702,30.67,Game,1,Predictable,21.94,0,,,5,,,130,Sound,,,
0,FORT,2,1,1776625433.396702,30.68,Game,1,Predictable,21.95,0,,,5,,,130,Sound,,,
0,FORT,2,1,1776625433.396702,30.69,Game,1,Predictable,21.96,0,,,5,,,130,Sound,,,
0,FORT,2,1,1776625433.396702,30.7,Game,1,Predictable,21.97,0,,,5,,,130,Sound,,,
0,FORT,2,1,1776625433.396702,30.71,Game,1,Predictable,21.98,0,,,5,,,130,Sound,,,
0,FORT,2,1,1776625433.396702,30.72,Game,1,Predictable,21.99,0,,,5,,,130,Sound,,,
0,FORT,2,1,1776625433.396702,30.73,Game,1,Predictable,22.0,0,,,5,,,130,Sound,,,
0,FORT,2,1,1776625433.396702,30.74,Game,1,Predictable,22.01,0,,,5,,,130,Sound,,,
0,FORT,2,1,1776625433.396702,30.76,Game,1,Predictable,22.02,0,,,5,,,130,Sound,,,
0,FORT,2,1,1776625433.396702,30.77,Game,1,Predictable,22.04,0,,,5,,,130,Sound,,,
0,FORT,2,1,1776625433.396702,30.78,Game,1,Predictable,22.05,0,,,5,,,130,Sound,,,
0,FORT,2,1,1776625433.396702,30.79,Game,1,Predictable,22.05,0,,,5,,,130,Sound,,,
0,FORT,2,1,1776625433.396702,30.8,Game,1,Predictable,22.07,0,,,5,,,130,Sound,,,
0,FORT,2,1,1776625433.396702,30.81,Game,1,Predictable,22.08,0,,,5,,,130,Sound,,,
0,FORT,2,1,1776625433.396702,30.82,Game,1,Predictable,22.09,0,,,5,,,130,Sound,,,
0,FORT,2,1,1776625433.396702,30.83,Game,1,Predictable,22.1,0,,,5,,,130,Sound,,,
0,FORT,2,1,1776625433.396702,30.84,Game,1,Predictable,22.11,0,,,5,,,130,Sound,,,
0,FORT,2,1,1776625433.396702,30.86,Game,1,Predictable,22.12,0,,,5,,,130,Sound,,,
0,FORT,2,1,1776625433.396702,30.87,Game,1,Predictable,22.14,0,,,5,,,130,Sound,,,
0,FORT,2,1,1776625433.396702,30.88,Game,1,Predictable,22.15,0,,,5,,,130,Sound,,,
0,FORT,2,1,1776625433.396702,30.89,Game,1,Predictable,22.15,0,,,5,,,130,Sound,,,
0,FORT,2,1,1776625433.396702,30.9,Game,1,Predictable,22.17,0,,,5,,,130,Sound,,,
0,FORT,2,1,1776625433.396702,30.91,Game,1,Predictable,22.18,0,,,5,,,130,Sound,,,
0,FORT,2,1,1776625433.396702,30.92,Game,1,Predictable,22.19,0,,,5,,,130,Sound,,,
0,FORT,2,1,1776625433.396702,30.93,Game,1,Predictable,22.2,0,,,5,,,130,Sound,,,
0,FORT,2,1,1776625433.396702,30.94,Game,1,Predictable,22.21,0,,,5,,,130,Sound,,,
0,FORT,2,1,1776625433.396702,30.96,Game,1,Predictable,22.22,0,,,5,,,130,Sound,,,
0,FORT,2,1,1776625433.396702,30.97,Game,1,Predictable,22.24,0,,,5,,,130,Sound,,,
0,FORT,2,1,1776625433.396702,30.98,Game,1,Predictable,22.25,0,,,5,,,130,Sound,,,
0,FORT,2,1,1776625433.396702,30.99,Game,1,Predictable,22.25,0,,,5,,,130,Sound,,,
0,FORT,2,1,1776625433.396702,31.0,Game,1,Predictable,22.27,0,,,5,,,130,Sound,,,
0,FORT,2,1,1776625433.396702,31.01,Game,1,Predictable,22.28,0,,,5,,,130,Sound,,,
0,FORT,2,1,1776625433.396702,31.02,Game,1,Predictable,22.29,0,,,5,,,130,Sound,,,
0,FORT,2,1,1776625433.396702,31.03,Game,1,Predictable,22.3,0,,,5,,,130,Sound,,,
0,FORT,2,1,1776625433.396702,31.04,Game,1,Predictable,22.31,0,,,5,,,130,Sound,,,
0,FORT,2,1,1776625433.396702,31.06,Game,1,Predictable,22.32,0,,,5,,,130,Sound,,,
0,FORT,2,1,1776625433.396702,31.07,Game,1,Predictable,22.34,0,,,5,,,130,Sound,,,
0,FORT,2,1,1776625433.396702,31.08,Game,1,Predictable,22.35,0,,,5,,,130,Sound,,,
0,FORT,2,1,1776625433.396702,31.09,Game,1,Predictable,22.35,0,,,5,,,130,Sound,,,
0,FORT,2,1,1776625433.396702,31.1,Game,1,Predictable,22.37,0,,,5,,,130,Sound,,,
0,FORT,2,1,1776625433.396702,31.11,Game,1,Predictable,22.38,0,,,5,,,130,Sound,,,
0,FORT,2,1,1776625433.396702,31.12,Game,1,Predictable,22.39,0,,,5,,,130,Sound,,,
0,FORT,2,1,1776625433.396702,31.13,Game,1,Predictable,22.4,0,,,5,,,130,Sound,,,
0,FORT,2,1,1776625433.396702,31.14,Game,1,Predictable,22.41,0,,,5,,,130,Sound,,,
0,FORT,2,1,1776625433.396702,31.16,Game,1,Predictable,22.42,0,,,5,,,130,Sound,,,
0,FORT,2,1,1776625433.396702,31.17,Game,1,Predictable,22.44,0,,,5,,,130,Sound,,,
0,FORT,2,1,1776625433.396702,31.18,Game,1,Predictable,22.45,0,,,5,,,130,Sound,,,
0,FORT,2,1,1776625433.396702,31.19,Game,1,Predictable,22.46,0,,,5,,,130,Sound,,,
0,FORT,2,1,1776625433.396702,31.2,Game,1,Predictable,22.47,0,,,5,,,130,Sound,,,
0,FORT,2,1,1776625433.396702,31.21,Game,1,Predictable,22.48,0,,,5,,,130,Sound,,,
0,FORT,2,1,1776625433.396702,31.22,Game,1,Predictable,22.49,0,,,5,,,130,Sound,,,
0,FORT,2,1,1776625433.396702,31.23,Game,1,Predictable,22.5,0,,,5,,,130,Sound,,,
0,FORT,2,1,1776625433.396702,31.24,Game,1,Predictable,22.51,0,,,5,,,130,Sound,,,
0,FORT,2,1,1776625433.396702,31.26,Game,1,Predictable,22.52,0,,,5,,,130,Sound,,,
0,FORT,2,1,1776625433.396702,31.27,Game,1,Predictable,22.54,0,,,5,,,130,Sound,,,
0,FORT,2,1,1776625433.396702,31.28,Game,1,Predictable,22.55,0,,,5,,,130,Sound,,,
0,FORT,2,1,1776625433.396702,31.29,Game,1,Predictable,22.55,0,,,5,,,130,Sound,,,
0,FORT,2,1,1776625433.396702,31.3,Game,1,Predictable,22.57,0,,,5,,,130,Sound,,,
0,FORT,2,1,1776625433.396702,31.31,Game,1,Predictable,22.58,0,,,5,,,130,Sound,,,
0,FORT,2,1,1776625433.396702,31.32,Game,1,Predictable,22.59,0,,,5,,,130,Sound,,,
0,FORT,2,1,1776625433.396702,31.33,Game,1,Predictable,22.6,0,,,5,,,130,Sound,,,
0,FORT,2,1,1776625433.396702,31.34,Game,1,Predictable,22.61,0,,,5,,,130,Sound,,,
0,FORT,2,1,1776625433.396702,31.36,Game,1,Predictable,22.62,0,,,5,,,130,Sound,,,
0,FORT,2,1,1776625433.396702,31.37,Game,1,Predictable,22.64,0,,,5,,,130,Sound,,,
0,FORT,2,1,1776625433.396702,31.38,Game,1,Predictable,22.65,0,,,5,,,130,Sound,,,
0,FORT,2,1,1776625433.396702,31.39,Game,1,Predictable,22.65,0,,,5,,,130,Sound,,,
0,FORT,2,1,1776625433.396702,31.4,Game,1,Predictable,22.67,0,,,5,,,130,Sound,,,
0,FORT,2,1,1776625433.396702,31.41,Game,1,Predictable,22.68,0,,,5,,,130,Sound,,,
0,FORT,2,1,1776625433.396702,31.42,Game,1,Predictable,22.69,0,,,5,,,130,Sound,,,
0,FORT,2,1,1776625433.396702,31.43,Game,1,Predictable,22.7,0,,,5,,,130,Sound,,,
0,FORT,2,1,1776625433.396702,31.44,Game,1,Predictable,22.71,0,,,5,,,130,Sound,,,
0,FORT,2,1,1776625433.396702,31.46,Game,1,Predictable,22.72,0,,,5,,,130,Sound,,,
0,FORT,2,1,1776625433.396702,31.47,Game,1,Predictable,22.74,0,,,5,,,130,Sound,,,
0,FORT,2,1,1776625433.396702,31.48,Game,1,Predictable,22.75,0,,,5,,,130,Sound,,,
0,FORT,2,1,1776625433.396702,31.49,Game,1,Predictable,22.75,0,,,5,,,130,Sound,,,
0,FORT,2,1,1776625433.396702,31.5,Game,1,Predictable,22.77,0,,,5,,,130,Sound,,,
0,FORT,2,1,1776625433.396702,31.51,Game,1,Predictable,22.78,0,,,5,,,130,Sound,,,
0,FORT,2,1,1776625433.396702,31.52,Game,1,Predictable,22.79,0,,,5,,,130,Sound,,,
0,FORT,2,1,1776625433.396702,31.53,Game,1,Predictable,22.8,0,,,5,,,130,Sound,,,
0,FORT,2,1,1776625433.396702,31.54,Game,1,Predictable,22.81,0,,,5,,,130,Sound,,,
0,FORT,2,1,1776625433.396702,31.56,Game,1,Predictable,22.82,0,,,5,,,130,Sound,,,
0,FORT,2,1,1776625433.396702,31.57,Game,1,Predictable,22.84,0,,,5,,,130,Sound,,,
0,FORT,2,1,1776625433.396702,31.58,Game,1,Predictable,22.85,0,,,5,,,130,Sound,,,
0,FORT,2,1,1776625433.396702,31.59,Game,1,Predictable,22.85,0,,,5,,,130,Sound,,,
0,FORT,2,1,1776625433.396702,31.6,Game,1,Predictable,22.87,0,,,5,,,130,Sound,,,
0,FORT,2,1,1776625433.396702,31.61,Game,1,Predictable,22.88,0,,,5,,,130,Sound,,,
0,FORT,2,1,1776625433.396702,31.62,Game,1,Predictable,22.89,0,,,5,,,130,Sound,,,
0,FORT,2,1,1776625433.396702,31.63,Game,1,Predictable,22.9,0,,,5,,,130,Sound,,,
0,FORT,2,1,1776625433.396702,31.64,Game,1,Predictable,22.91,0,,,5,,,130,Sound,,,
0,FORT,2,1,1776625433.396702,31.66,Game,1,Predictable,22.92,0,,,5,,,130,Sound,,,
0,FORT,2,1,1776625433.396702,31.67,Game,1,Predictable,22.94,0,,,5,,,130,Sound,,,
0,FORT,2,1,1776625433.396702,31.68,Game,1,Predictable,22.95,0,,,5,,,130,Sound,,,
0,FORT,2,1,1776625433.396702,31.69,Game,1,Predictable,22.96,0,,,5,,,130,Sound,,,
0,FORT,2,1,1776625433.396702,31.7,Game,1,Predictable,22.97,0,,,5,,,130,Sound,,,
0,FORT,2,1,1776625433.396702,31.71,Game,1,Predictable,22.98,0,,,5,,,130,Sound,,,
0,FORT,2,1,1776625433.396702,31.72,Game,1,Predictable,22.99,0,,,5,,,130,Sound,,,
0,FORT,2,1,1776625433.396702,31.73,Game,1,Predictable,23.0,0,,,5,,,130,Sound,,,
0,FORT,2,1,1776625433.396702,31.74,Game,1,Predictable,23.01,0,,,5,,,130,Sound,,,
0,FORT,2,1,1776625433.396702,31.76,Game,1,Predictable,23.02,0,,,5,,,130,Sound,,,
0,FORT,2,1,1776625433.396702,31.77,Game,1,Predictable,23.04,0,,,5,,,130,Sound,,,
0,FORT,2,1,1776625433.396702,31.78,Game,1,Predictable,23.05,0,,,5,,,130,Sound,,,
0,FORT,2,1,1776625433.396702,31.79,Game,1,Predictable,23.06,0,,,5,,,130,Sound,,,
0,FORT,2,1,1776625433.396702,31.8,Game,1,Predictable,23.07,0,,,5,,,130,Sound,,,
0,FORT,2,1,1776625433.396702,31.81,Game,1,Predictable,23.08,0,,,5,,,130,Sound,,,
0,FORT,2,1,1776625433.396702,31.82,Game,1,Predictable,23.09,0,,,5,,,130,Sound,,,
0,FORT,2,1,1776625433.396702,31.83,Game,1,Predictable,23.1,0,,,5,,,130,Sound,,,
0,FORT,2,1,1776625433.396702,31.84,Game,1,Predictable,23.11,0,,,5,,,130,Sound,,,
0,FORT,2,1,1776625433.396702,31.86,Game,1,Predictable,23.12,0,,,5,,,130,Sound,,,
0,FORT,2,1,1776625433.396702,31.87,Game,1,Predictable,23.14,0,,,5,,,130,Sound,,,
0,FORT,2,1,1776625433.396702,31.88,Game,1,Predictable,23.15,0,,,5,,,130,Sound,,,
0,FORT,2,1,1776625433.396702,31.89,Game,1,Predictable,23.16,0,,,5,,,130,Sound,,,
0,FORT,2,1,1776625433.396702,31.9,Game,1,Predictable,23.17,0,,,5,,,130,Sound,,,
0,FORT,2,1,1776625433.396702,31.91,Game,1,Predictable,23.18,0,,,5,,,130,Sound,,,
0,FORT,2,1,1776625433.396702,31.92,Game,1,Predictable,23.19,0,,,5,,,130,Sound,,,
0,FORT,2,1,1776625433.396702,31.93,Game,1,Predictable,23.2,0,,,5,,,130,Sound,,,
0,FORT,2,1,1776625433.396702,31.94,Game,1,Predictable,23.21,0,,,5,,,130,Sound,,,
0,FORT,2,1,1776625433.396702,31.96,Game,1,Predictable,23.22,0,,,5,,,130,Sound,,,
0,FORT,2,1,1776625433.396702,31.97,Game,1,Predictable,23.24,0,,,5,,,130,Sound,,,
0,FORT,2,1,1776625433.396702,31.98,Game,1,Predictable,23.25,0,,,5,,,130,Sound,,,
0,FORT,2,1,1776625433.396702,31.99,Game,1,Predictable,23.26,0,,,5,,,130,Sound,,,
0,FORT,2,1,1776625433.396702,32.0,Game,1,Predictable,23.27,0,,,5,,,130,Sound,,,
0,FORT,2,1,1776625433.396702,32.01,Game,1,Predictable,23.28,0,,,5,,,130,Sound,,,
0,FORT,2,1,1776625433.396702,32.02,Game,1,Predictable,23.29,0,,,5,,,130,Sound,,,
0,FORT,2,1,1776625433.396702,32.03,Game,1,Predictable,23.3,0,,,5,,,130,Sound,,,
0,FORT,2,1,1776625433.396702,32.04,Game,1,Predictable,23.31,0,,,5,,,130,Sound,,,
0,FORT,2,1,1776625433.396702,32.06,Game,1,Predictable,23.32,0,,,5,,,130,Sound,,,
0,FORT,2,1,1776625433.396702,32.07,Game,1,Predictable,23.34,0,,,5,,,130,Sound,,,
0,FORT,2,1,1776625433.396702,32.08,Game,1,Predictable,23.35,0,,,5,,,130,Sound,,,
0,FORT,2,1,1776625433.396702,32.09,Game,1,Predictable,23.36,0,,,5,,,130,Sound,,,
0,FORT,2,1,1776625433.396702,32.1,Game,1,Predictable,23.37,0,,,5,,,130,Sound,,,
0,FORT,2,1,1776625433.396702,32.11,Game,1,Predictable,23.38,0,,,5,,,130,Sound,,,
0,FORT,2,1,1776625433.396702,32.12,Game,1,Predictable,23.39,0,,,5,,,130,Sound,,,
0,FORT,2,1,1776625433.396702,32.13,Game,1,Predictable,23.4,0,,,5,,,130,Sound,,,
0,FORT,2,1,1776625433.396702,32.14,Game,1,Predictable,23.41,0,,,5,,,130,Sound,,,
0,FORT,2,1,1776625433.396702,32.16,Game,1,Predictable,23.42,0,,,5,,,130,Sound,,,
0,FORT,2,1,1776625433.396702,32.17,Game,1,Predictable,23.44,0,,,5,,,130,Sound,,,
0,FORT,2,1,1776625433.396702,32.18,Game,1,Predictable,23.45,0,,,5,,,130,Sound,,,
0,FORT,2,1,1776625433.396702,32.19,Game,1,Predictable,23.46,0,,,5,,,130,Sound,,,
0,FORT,2,1,1776625433.396702,32.2,Game,1,Predictable,23.47,0,,,5,,,130,Sound,,,
0,FORT,2,1,1776625433.396702,32.21,Game,1,Predictable,23.48,0,,,5,,,130,Sound,,,
0,FORT,2,1,1776625433.396702,32.22,Game,1,Predictable,23.49,0,,,5,,,130,Sound,,,
0,FORT,2,1,1776625433.396702,32.23,Game,1,Predictable,23.5,0,,,5,,,130,Sound,,,
0,FORT,2,1,1776625433.396702,32.24,Game,1,Predictable,23.51,0,,,5,,,130,Sound,,,
0,FORT,2,1,1776625433.396702,32.26,Game,1,Predictable,23.52,0,,,5,,,130,Sound,,,
0,FORT,2,1,1776625433.396702,32.27,Game,1,Predictable,23.54,0,,,5,,,130,Sound,,,
0,FORT,2,1,1776625433.396702,32.28,Game,1,Predictable,23.55,0,,,5,,,130,Sound,,,
0,FORT,2,1,1776625433.396702,32.29,Game,1,Predictable,23.56,0,,,5,,,130,Sound,,,
0,FORT,2,1,1776625433.396702,32.3,Game,1,Predictable,23.57,0,,,5,,,130,Sound,,,
0,FORT,2,1,1776625433.396702,32.31,Game,1,Predictable,23.58,0,,,5,,,130,Sound,,,
0,FORT,2,1,1776625433.396702,32.32,Game,1,Predictable,23.59,0,,,5,,,130,Sound,,,
0,FORT,2,1,1776625433.396702,32.33,Game,1,Predictable,23.6,0,,,5,,,130,Sound,,,
0,FORT,2,1,1776625433.396702,32.34,Game,1,Predictable,23.61,0,,,5,,,130,Sound,,,
0,FORT,2,1,1776625433.396702,32.36,Game,1,Predictable,23.62,0,,,5,,,130,Sound,,,
0,FORT,2,1,1776625433.396702,32.37,Game,1,Predictable,23.64,0,,,5,,,130,Sound,,,
0,FORT,2,1,1776625433.396702,32.38,Game,1,Predictable,23.65,0,,,5,,,130,Sound,,,
0,FORT,2,1,1776625433.396702,32.39,Game,1,Predictable,23.66,0,,,5,,,130,Sound,,,
0,FORT,2,1,1776625433.396702,32.4,Game,1,Predictable,23.67,0,,,5,,,130,Sound,,,
0,FORT,2,1,1776625433.396702,32.41,Game,1,Predictable,23.68,0,,,5,,,130,Sound,,,
0,FORT,2,1,1776625433.396702,32.42,Game,1,Predictable,23.69,0,,,5,,,130,Sound,,,
0,FORT,2,1,1776625433.396702,32.43,Game,1,Predictable,23.7,0,,,5,,,130,Sound,,,
0,FORT,2,1,1776625433.396702,32.44,Game,1,Predictable,23.71,0,,,5,,,130,Sound,,,
0,FORT,2,1,1776625433.396702,32.46,Game,1,Predictable,23.72,0,,,5,,,130,Sound,,,
0,FORT,2,1,1776625433.396702,32.47,Game,1,Predictable,23.74,0,,,5,,,130,Sound,,,
0,FORT,2,1,1776625433.396702,32.48,Game,1,Predictable,23.75,0,,,5,,,130,Sound,,,
0,FORT,2,1,1776625433.396702,32.49,Game,1,Predictable,23.76,0,,,5,,,130,Sound,,,
0,FORT,2,1,1776625433.396702,32.5,Game,1,Predictable,23.77,0,,,5,,,130,Sound,,,
0,FORT,2,1,1776625433.396702,32.51,Game,1,Predictable,23.78,0,,,5,,,130,Sound,,,
0,FORT,2,1,1776625433.396702,32.52,Game,1,Predictable,23.79,0,,,5,,,130,Sound,,,
0,FORT,2,1,1776625433.396702,32.53,Game,1,Predictable,23.8,0,,,5,,,130,Sound,,,
0,FORT,2,1,1776625433.396702,32.54,Game,1,Predictable,23.81,0,,,5,,,130,Sound,,,
0,FORT,2,1,1776625433.396702,32.56,Game,1,Predictable,23.82,0,,,5,,,130,Sound,,,
0,FORT,2,1,1776625433.396702,32.57,Game,1,Predictable,23.84,0,,,5,,,130,Sound,,,
0,FORT,2,1,1776625433.396702,32.58,Game,1,Predictable,23.85,0,,,5,,,130,Sound,,,
0,FORT,2,1,1776625433.396702,32.59,Game,1,Predictable,23.86,0,,,5,,,130,Sound,,,
0,FORT,2,1,1776625433.396702,32.6,Game,1,Predictable,23.87,0,,,5,,,130,Sound,,,
0,FORT,2,1,1776625433.396702,32.61,Game,1,Predictable,23.88,0,,,5,,,130,Sound,,,
0,FORT,2,1,1776625433.396702,32.62,Game,1,Predictable,23.89,0,,,5,,,130,Sound,,,
0,FORT,2,1,1776625433.396702,32.63,Game,1,Predictable,23.9,0,,,5,,,130,Sound,,,
0,FORT,2,1,1776625433.396702,32.64,Game,1,Predictable,23.91,0,,,5,,,130,Sound,,,
0,FORT,2,1,1776625433.396702,32.66,Game,1,Predictable,23.92,0,,,5,,,130,Sound,,,
0,FORT,2,1,1776625433.396702,32.67,Game,1,Predictable,23.94,0,,,5,,,130,Sound,,,
0,FORT,2,1,1776625433.396702,32.68,Game,1,Predictable,23.95,0,,,5,,,130,Sound,,,
0,FORT,2,1,1776625433.396702,32.69,Game,1,Predictable,23.96,0,,,5,,,130,Sound,,,
0,FORT,2,1,1776625433.396702,32.7,Game,1,Predictable,23.97,0,,,5,,,130,Sound,,,
0,FORT,2,1,1776625433.396702,32.71,Game,1,Predictable,23.98,0,,,5,,,130,Sound,,,
0,FORT,2,1,1776625433.396702,32.72,Game,1,Predictable,23.99,0,,,5,,,130,Sound,,,
0,FORT,2,1,1776625433.396702,32.73,Game,1,Predictable,24.0,0,,,5,,,130,Sound,,,
0,FORT,2,1,1776625433.396702,32.74,Game,1,Predictable,24.01,0,,,5,,,130,Sound,,,
0,FORT,2,1,1776625433.396702,32.76,Game,1,Predictable,24.02,0,,,5,,,130,Sound,,,
0,FORT,2,1,1776625433.396702,32.77,Game,1,Predictable,24.04,0,,,5,,,130,Sound,,,
0,FORT,2,1,1776625433.396702,32.78,Game,1,Predictable,24.05,0,,,5,,,130,Sound,,,
0,FORT,2,1,1776625433.396702,32.79,Game,1,Predictable,24.06,0,,,5,,,130,Sound,,,
0,FORT,2,1,1776625433.396702,32.8,Game,1,Predictable,24.07,0,,,5,,,130,Sound,,,
0,FORT,2,1,1776625433.396702,32.81,Game,1,Predictable,24.08,0,,,5,,,130,Sound,,,
0,FORT,2,1,1776625433.396702,32.82,Game,1,Predictable,24.09,0,,,5,,,130,Sound,,,
0,FORT,2,1,1776625433.396702,32.83,Game,1,Predictable,24.1,0,,,5,,,130,Sound,,,
0,FORT,2,1,1776625433.396702,32.84,Game,1,Predictable,24.11,0,,,5,,,130,Sound,,,
0,FORT,2,1,1776625433.396702,32.86,Game,1,Predictable,24.12,0,,,5,,,130,Sound,,,
0,FORT,2,1,1776625433.396702,32.87,Game,1,Predictable,24.14,0,,,5,,,130,Sound,,,
0,FORT,2,1,1776625433.396702,32.88,Game,1,Predictable,24.15,0,,,5,,,130,Sound,,,
0,FORT,2,1,1776625433.396702,32.89,Game,1,Predictable,24.16,0,,,5,,,130,Sound,,,
0,FORT,2,1,1776625433.396702,32.9,Game,1,Predictable,24.17,0,,,5,,,130,Sound,,,
0,FORT,2,1,1776625433.396702,32.91,Game,1,Predictable,24.18,0,,,5,,,130,Sound,,,
0,FORT,2,1,1776625433.396702,32.92,Game,1,Predictable,24.19,0,,,5,,,130,Sound,,,
0,FORT,2,1,1776625433.396702,32.93,Game,1,Predictable,24.2,0,,,5,,,130,Sound,,,
0,FORT,2,1,1776625433.396702,32.94,Game,1,Predictable,24.21,0,,,5,,,130,Sound,,,
0,FORT,2,1,1776625433.396702,32.96,Game,1,Predictable,24.22,0,,,5,,,130,Sound,,,
0,FORT,2,1,1776625433.396702,32.97,Game,1,Predictable,24.24,0,,,5,,,130,Sound,,,
0,FORT,2,1,1776625433.396702,32.98,Game,1,Predictable,24.25,0,,,5,,,130,Sound,,,
0,FORT,2,1,1776625433.396702,32.99,Game,1,Predictable,24.26,0,,,5,,,130,Sound,,,
0,FORT,2,1,1776625433.396702,33.0,Game,1,Predictable,24.27,0,,,5,,,130,Sound,,,
0,FORT,2,1,1776625433.396702,33.01,Game,1,Predictable,24.28,0,,,5,,,130,Sound,,,
0,FORT,2,1,1776625433.396702,33.02,Game,1,Predictable,24.29,0,,,5,,,130,Sound,,,
0,FORT,2,1,1776625433.396702,33.03,Game,1,Predictable,24.3,0,,,5,,,130,Sound,,,
0,FORT,2,1,1776625433.396702,33.04,Game,1,Predictable,24.31,0,,,5,,,130,Sound,,,
0,FORT,2,1,1776625433.396702,33.06,Game,1,Predictable,24.32,0,,,5,,,130,Sound,,,
0,FORT,2,1,1776625433.396702,33.07,Game,1,Predictable,24.34,0,,,5,,,130,Sound,,,
0,FORT,2,1,1776625433.396702,33.08,Game,1,Predictable,24.35,0,,,5,,,130,Sound,,,
0,FORT,2,1,1776625433.396702,33.09,Game,1,Predictable,24.36,0,,,5,,,130,Sound,,,
0,FORT,2,1,1776625433.396702,33.1,Game,1,Predictable,24.37,0,,,5,,,130,Sound,,,
0,FORT,2,1,1776625433.396702,33.11,Game,1,Predictable,24.38,0,,,5,,,130,Sound,,,
0,FORT,2,1,1776625433.396702,33.12,Game,1,Predictable,24.39,0,,,5,,,130,Sound,,,
0,FORT,2,1,1776625433.396702,33.13,Game,1,Predictable,24.4,0,,,5,,,130,Sound,,,
0,FORT,2,1,1776625433.396702,33.14,Game,1,Predictable,24.41,0,,,5,,,130,Sound,,,
0,FORT,2,1,1776625433.396702,33.16,Game,1,Predictable,24.42,0,,,5,,,130,Sound,,,
0,FORT,2,1,1776625433.396702,33.17,Game,1,Predictable,24.44,0,,,5,,,130,Sound,,,
0,FORT,2,1,1776625433.396702,33.18,Game,1,Predictable,24.45,0,,,5,,,130,Sound,,,
0,FORT,2,1,1776625433.396702,33.19,Game,1,Predictable,24.46,0,,,5,,,130,Sound,,,
0,FORT,2,1,1776625433.396702,33.2,Game,1,Predictable,24.47,0,,,5,,,130,Sound,,,
0,FORT,2,1,1776625433.396702,33.21,Game,1,Predictable,24.48,0,,,5,,,130,Sound,,,
0,FORT,2,1,1776625433.396702,33.22,Game,1,Predictable,24.49,0,,,5,,,130,Sound,,,
0,FORT,2,1,1776625433.396702,33.23,Game,1,Predictable,24.5,0,,,5,,,130,Sound,,,
0,FORT,2,1,1776625433.396702,33.24,Game,1,Predictable,24.51,0,,,5,,,130,Sound,,,
0,FORT,2,1,1776625433.396702,33.26,Game,1,Predictable,24.52,0,,,5,,,130,Sound,,,
0,FORT,2,1,1776625433.396702,33.27,Game,1,Predictable,24.54,0,,,5,,,130,Sound,,,
0,FORT,2,1,1776625433.396702,33.28,Game,1,Predictable,24.55,0,,,5,,,130,Sound,,,
0,FORT,2,1,1776625433.396702,33.29,Game,1,Predictable,24.56,0,,,5,,,130,Sound,,,
0,FORT,2,1,1776625433.396702,33.3,Game,1,Predictable,24.57,0,,,5,,,130,Sound,,,
0,FORT,2,1,1776625433.396702,33.31,Game,1,Predictable,24.58,0,,,5,,,130,Sound,,,
0,FORT,2,1,1776625433.396702,33.32,Game,1,Predictable,24.59,0,,,5,,,130,Sound,,,
0,FORT,2,1,1776625433.396702,33.33,Game,1,Predictable,24.6,0,,,5,,,130,Sound,,,
0,FORT,2,1,1776625433.396702,33.34,Game,1,Predictable,24.61,0,,,5,,,130,Sound,,,
0,FORT,2,1,1776625433.396702,33.36,Game,1,Predictable,24.62,0,,,5,,,130,Sound,,,
0,FORT,2,1,1776625433.396702,33.37,Game,1,Predictable,24.64,0,,,5,,,130,Sound,,,
0,FORT,2,1,1776625433.396702,33.38,Game,1,Predictable,24.65,0,,,5,,,130,Sound,,,
0,FORT,2,1,1776625433.396702,33.39,Game,1,Predictable,24.66,0,,,5,,,130,Sound,,,
0,FORT,2,1,1776625433.396702,33.4,Game,1,Predictable,24.67,0,,,5,,,130,Sound,,,
0,FORT,2,1,1776625433.396702,33.41,Game,1,Predictable,24.68,0,,,5,,,130,Sound,,,
0,FORT,2,1,1776625433.396702,33.42,Game,1,Predictable,24.69,0,,,5,,,130,Sound,,,
0,FORT,2,1,1776625433.396702,33.43,Game,1,Predictable,24.7,0,,,5,,,130,Sound,,,
0,FORT,2,1,1776625433.396702,33.44,Game,1,Predictable,24.71,0,,,5,,,130,Sound,,,
0,FORT,2,1,1776625433.396702,33.46,Game,1,Predictable,24.72,0,,,5,,,130,Sound,,,
0,FORT,2,1,1776625433.396702,33.47,Game,1,Predictable,24.74,0,,,5,,,130,Sound,,,
0,FORT,2,1,1776625433.396702,33.48,Game,1,Predictable,24.75,0,,,5,,,130,Sound,,,
0,FORT,2,1,1776625433.396702,33.49,Game,1,Predictable,24.76,0,,,5,,,130,Sound,,,
0,FORT,2,1,1776625433.396702,33.5,Game,1,Predictable,24.77,0,,,5,,,130,Sound,,,
0,FORT,2,1,1776625433.396702,33.51,Game,1,Predictable,24.78,0,,,5,,,130,Sound,,,
0,FORT,2,1,1776625433.396702,33.52,Game,1,Predictable,24.79,0,,,5,,,130,Sound,,,
0,FORT,2,1,1776625433.396702,33.53,Game,1,Predictable,24.8,0,,,5,,,130,Sound,,,
0,FORT,2,1,1776625433.396702,33.54,Game,1,Predictable,24.81,0,,,5,,,130,Sound,,,
0,FORT,2,1,1776625433.396702,33.56,Game,1,Predictable,24.82,0,,,5,,,130,Sound,,,
0,FORT,2,1,1776625433.396702,33.57,Game,1,Predictable,24.84,0,,,5,,,130,Sound,,,
0,FORT,2,1,1776625433.396702,33.58,Game,1,Predictable,24.85,0,,,5,,,130,Sound,,,
0,FORT,2,1,1776625433.396702,33.59,Game,1,Predictable,24.86,0,,,5,,,130,Sound,,,
0,FORT,2,1,1776625433.396702,33.6,Game,1,Predictable,24.87,0,,,5,,,130,Sound,,,
0,FORT,2,1,1776625433.396702,33.61,Game,1,Predictable,24.88,0,,,5,,,130,Sound,,,
0,FORT,2,1,1776625433.396702,33.62,Game,1,Predictable,24.89,0,,,5,,,130,Sound,,,
0,FORT,2,1,1776625433.396702,33.63,Game,1,Predictable,24.9,0,,,5,,,130,Sound,,,
0,FORT,2,1,1776625433.396702,33.64,Game,1,Predictable,24.91,0,,,5,,,130,Sound,,,
0,FORT,2,1,1776625433.396702,33.66,Game,1,Predictable,24.92,0,,,5,,,130,Sound,,,
0,FORT,2,1,1776625433.396702,33.67,Game,1,Predictable,24.94,0,,,5,,,130,Sound,,,
0,FORT,2,1,1776625433.396702,33.68,Game,1,Predictable,24.95,0,,,5,,,130,Sound,,,
0,FORT,2,1,1776625433.396702,33.69,Game,1,Predictable,24.96,0,,,5,,,130,Sound,,,
0,FORT,2,1,1776625433.396702,33.7,Game,1,Predictable,24.97,0,,,5,,,130,Sound,,,
0,FORT,2,1,1776625433.396702,33.71,Game,1,Predictable,24.98,0,,,5,,,130,Sound,,,
0,FORT,2,1,1776625433.396702,33.72,Game,1,Predictable,24.99,0,,,5,,,130,Sound,,,
0,FORT,2,1,1776625433.396702,33.82,Game,1,Predictable,25.1,1,,,5,25.1,,120,Sound,,,
0,FORT,2,1,1776625433.396702,33.86,Game,1,Predictable,25.1,1,,,5,25.1,,120,Sound,,,
0,FORT,2,1,1776625433.396702,33.87,Game,1,Predictable,25.14,1,,,5,25.1,,120,Sound,,,
0,FORT,2,1,1776625433.396702,33.88,Game,1,Predictable,25.15,1,,,5,25.1,,120,Sound,,,
0,FORT,2,1,1776625433.396702,33.89,Game,1,Predictable,25.16,1,,,5,25.1,,120,Sound,,,
0,FORT,2,1,1776625433.396702,33.91,Game,1,Predictable,25.17,1,,,5,25.1,,120,Sound,,,
0,FORT,2,1,1776625433.396702,33.91,Game,1,Predictable,25.18,1,,,5,25.1,,120,Sound,,,
0,FORT,2,1,1776625433.396702,33.94,Game,1,Predictable,25.19,1,,,5,25.1,,120,Sound,,,
0,FORT,2,1,1776625433.396702,33.96,Game,1,Predictable,25.22,1,,,5,25.1,,120,Sound,,,
0,FORT,2,1,1776625433.396702,33.96,Game,1,Predictable,25.23,1,,,5,25.1,,120,Sound,,,
0,FORT,2,1,1776625433.396702,33.99,Game,1,Predictable,25.24,1,,,5,25.1,,120,Sound,,,
0,FORT,2,1,1776625433.396702,34.01,Game,1,Predictable,25.27,1,,,5,25.1,,120,Sound,,,
0,FORT,2,1,1776625433.396702,34.01,Game,1,Predictable,25.28,1,,,5,25.1,,120,Sound,,,
0,FORT,2,1,1776625433.396702,34.03,Game,1,Predictable,25.29,1,,,5,25.1,,120,Sound,,,
0,FORT,2,1,1776625433.396702,34.04,Game,1,Predictable,25.3,1,,,5,25.1,,120,Sound,,,
0,FORT,2,1,1776625433.396702,34.05,Game,1,Predictable,25.32,1,,,5,25.1,,120,Sound,,,
0,FORT,2,1,1776625433.396702,34.07,Game,1,Predictable,25.33,1,,,5,25.1,,120,Sound,,,
0,FORT,2,1,1776625433.396702,34.08,Game,1,Predictable,25.35,1,,,5,25.1,,120,Sound,,,
0,FORT,2,1,1776625433.396702,34.11,Game,1,Predictable,25.36,1,,,5,25.1,,120,Sound,,,
0,FORT,2,1,1776625433.396702,34.12,Game,1,Predictable,25.38,1,,,5,25.1,,120,Sound,,,
0,FORT,2,1,1776625433.396702,34.13,Game,1,Predictable,25.4,1,,,5,25.1,,120,Sound,,,
0,FORT,2,1,1776625433.396702,34.14,Game,1,Predictable,25.41,1,,,5,25.1,,120,Sound,,,
0,FORT,2,1,1776625433.396702,34.16,Game,1,Predictable,25.42,1,,,5,25.1,,120,Sound,,,
0,FORT,2,1,1776625433.396702,34.16,Game,1,Predictable,25.43,1,,,5,25.1,,120,Sound,,,
0,FORT,2,1,1776625433.396702,34.18,Game,1,Predictable,25.44,1,,,5,25.1,,120,Sound,,,
0,FORT,2,1,1776625433.396702,34.19,Game,1,Predictable,25.45,1,,,5,25.1,,120,Sound,,,
0,FORT,2,1,1776625433.396702,34.2,Game,1,Predictable,25.47,1,,,5,25.1,,120,Sound,,,
0,FORT,2,1,1776625433.396702,34.21,Game,1,Predictable,25.48,1,,,5,25.1,,120,Sound,,,
0,FORT,2,1,1776625433.396702,34.22,Game,1,Predictable,25.49,1,,,5,25.1,,120,Sound,,,
0,FORT,2,1,1776625433.396702,34.23,Game,1,Predictable,25.5,1,,,5,25.1,,120,Sound,,,
0,FORT,2,1,1776625433.396702,34.26,Game,1,Predictable,25.51,1,,,5,25.1,,120,Sound,,,
0,FORT,2,1,1776625433.396702,34.27,Game,1,Predictable,25.53,1,,,5,25.1,,120,Sound,,,
0,FORT,2,1,1776625433.396702,34.28,Game,1,Predictable,25.55,1,,,5,25.1,,120,Sound,,,
0,FORT,2,1,1776625433.396702,34.31,Game,1,Predictable,25.56,1,,,5,25.1,,120,Sound,,,
0,FORT,2,1,1776625433.396702,34.32,Game,1,Predictable,25.58,1,,,5,25.1,,120,Sound,,,
0,FORT,2,1,1776625433.396702,34.33,Game,1,Predictable,25.6,1,,,5,25.1,,120,Sound,,,
0,FORT,2,1,1776625433.396702,34.34,Game,1,Predictable,25.61,1,,,5,25.1,,120,Sound,,,
0,FORT,2,1,1776625433.396702,34.36,Game,1,Predictable,25.62,1,,,5,25.1,,120,Sound,,,
0,FORT,2,1,1776625433.396702,34.36,Game,1,Predictable,25.63,1,,,5,25.1,,120,Sound,,,
0,FORT,2,1,1776625433.396702,34.38,Game,1,Predictable,25.64,1,,,5,25.1,,120,Sound,,,
0,FORT,2,1,1776625433.396702,34.39,Game,1,Predictable,25.65,1,,,5,25.1,,120,Sound,,,
0,FORT,2,1,1776625433.396702,34.4,Game,1,Predictable,25.67,1,,,5,25.1,,120,Sound,,,
0,FORT,2,1,1776625433.396702,34.42,Game,1,Predictable,25.68,1,,,5,25.1,,120,Sound,,,
0,FORT,2,1,1776625433.396702,34.43,Game,1,Predictable,25.7,1,,,5,25.1,,120,Sound,,,
0,FORT,2,1,1776625433.396702,34.46,Game,1,Predictable,25.71,1,,,5,25.1,,120,Sound,,,
0,FORT,2,1,1776625433.396702,34.47,Game,1,Predictable,25.73,1,,,5,25.1,,120,Sound,,,
0,FORT,2,1,1776625433.396702,34.48,Game,1,Predictable,25.75,1,,,5,25.1,,120,Sound,,,
0,FORT,2,1,1776625433.396702,34.51,Game,1,Predictable,25.76,1,,,5,25.1,,120,Sound,,,
0,FORT,2,1,1776625433.396702,34.52,Game,1,Predictable,25.78,1,,,5,25.1,,120,Sound,,,
0,FORT,2,1,1776625433.396702,34.53,Game,1,Predictable,25.8,1,,,5,25.1,,120,Sound,,,
0,FORT,2,1,1776625433.396702,34.54,Game,1,Predictable,25.81,1,,,5,25.1,,120,Sound,,,
0,FORT,2,1,1776625433.396702,34.56,Game,1,Predictable,25.82,1,,,5,25.1,,120,Sound,,,
0,FORT,2,1,1776625433.396702,34.56,Game,1,Predictable,25.83,1,,,5,25.1,,120,Sound,,,
0,FORT,2,1,1776625433.396702,34.58,Game,1,Predictable,25.84,1,,,5,25.1,,120,Sound,,,
0,FORT,2,1,1776625433.396702,34.59,Game,1,Predictable,25.85,1,,,5,25.1,,120,Sound,,,
0,FORT,2,1,1776625433.396702,34.6,Game,1,Predictable,25.87,1,,,5,25.1,,120,Sound,,,
0,FORT,2,1,1776625433.396702,34.62,Game,1,Predictable,25.88,1,,,5,25.1,,120,Sound,,,
0,FORT,2,1,1776625433.396702,34.64,Game,1,Predictable,25.9,1,,,5,25.1,,120,Sound,,,
0,FORT,2,1,1776625433.396702,34.65,Game,1,Predictable,25.92,1,,,5,25.1,,120,Sound,,,
0,FORT,2,1,1776625433.396702,34.67,Game,1,Predictable,25.93,1,,,5,25.1,,120,Sound,,,
0,FORT,2,1,1776625433.396702,34.69,Game,1,Predictable,25.95,1,,,5,25.1,,120,Sound,,,
0,FORT,2,1,1776625433.396702,34.7,Game,1,Predictable,25.97,1,,,5,25.1,,120,Sound,,,
0,FORT,2,1,1776625433.396702,34.71,Game,1,Predictable,25.98,1,,,5,25.1,,120,Sound,,,
0,FORT,2,1,1776625433.396702,34.72,Game,1,Predictable,25.99,1,,,5,25.1,,120,Sound,,,
0,FORT,2,1,1776625433.396702,34.73,Game,1,Predictable,26.0,1,,,5,25.1,,120,Sound,,,
0,FORT,2,1,1776625433.396702,34.74,Game,1,Predictable,26.01,1,,,5,25.1,,120,Sound,,,
0,FORT,2,1,1776625433.396702,34.76,Game,1,Predictable,26.02,1,,,5,25.1,,120,Sound,,,
0,FORT,2,1,1776625433.396702,34.76,Game,1,Predictable,26.03,1,,,5,25.1,,120,Sound,,,
0,FORT,2,1,1776625433.396702,34.79,Game,1,Predictable,26.04,1,,,5,25.1,,120,Sound,,,
0,FORT,2,1,1776625433.396702,34.81,Game,1,Predictable,26.07,1,,,5,25.1,,120,Sound,,,
0,FORT,2,1,1776625433.396702,34.81,Game,1,Predictable,26.08,1,,,5,25.1,,120,Sound,,,
0,FORT,2,1,1776625433.396702,34.83,Game,1,Predictable,26.09,1,,,5,25.1,,120,Sound,,,
0,FORT,2,1,1776625433.396702,34.84,Game,1,Predictable,26.1,1,,,5,25.1,,120,Sound,,,
0,FORT,2,1,1776625433.396702,34.85,Game,1,Predictable,26.12,1,,,5,25.1,,120,Sound,,,
0,FORT,2,1,1776625433.396702,34.86,Game,1,Predictable,26.13,1,,,5,25.1,,120,Sound,,,
0,FORT,2,1,1776625433.396702,34.87,Game,1,Predictable,26.14,1,,,5,25.1,,120,Sound,,,
0,FORT,2,1,1776625433.396702,34.88,Game,1,Predictable,26.15,1,,,5,25.1,,120,Sound,,,
0,FORT,2,1,1776625433.396702,34.91,Game,1,Predictable,26.16,1,,,5,25.1,,120,Sound,,,
0,FORT,2,1,1776625433.396702,34.92,Game,1,Predictable,26.18,1,,,5,25.1,,120,Sound,,,
0,FORT,2,1,1776625433.396702,34.93,Game,1,Predictable,26.2,1,,,5,25.1,,120,Sound,,,
0,FORT,2,1,1776625433.396702,34.94,Game,1,Predictable,26.21,1,,,5,25.1,,120,Sound,,,
0,FORT,2,1,1776625433.396702,34.96,Game,1,Predictable,26.22,1,,,5,25.1,,120,Sound,,,
0,FORT,2,1,1776625433.396702,34.96,Game,1,Predictable,26.23,1,,,5,25.1,,120,Sound,,,
0,FORT,2,1,1776625433.396702,34.99,Game,1,Predictable,26.24,1,,,5,25.1,,120,Sound,,,
0,FORT,2,1,1776625433.396702,35.01,Game,1,Predictable,26.27,1,,,5,25.1,,120,Sound,,,
0,FORT,2,1,1776625433.396702,35.02,Game,1,Predictable,26.28,1,,,5,25.1,,120,Sound,,,
0,FORT,2,1,1776625433.396702,35.03,Game,1,Predictable,26.29,1,,,5,25.1,,120,Sound,,,
0,FORT,2,1,1776625433.396702,35.04,Game,1,Predictable,26.3,1,,,5,25.1,,120,Sound,,,
0,FORT,2,1,1776625433.396702,35.05,Game,1,Predictable,26.32,1,,,5,25.1,,120,Sound,,,
0,FORT,2,1,1776625433.396702,35.07,Game,1,Predictable,26.33,1,,,5,25.1,,120,Sound,,,
0,FORT,2,1,1776625433.396702,35.08,Game,1,Predictable,26.35,1,,,5,25.1,,120,Sound,,,
0,FORT,2,1,1776625433.396702,35.09,Game,1,Predictable,26.36,1,,,5,25.1,,120,Sound,,,
0,FORT,2,1,1776625433.396702,35.11,Game,1,Predictable,26.37,1,,,5,25.1,,120,Sound,,,
0,FORT,2,1,1776625433.396702,35.11,Game,1,Predictable,26.38,1,,,5,25.1,,120,Sound,,,
0,FORT,2,1,1776625433.396702,35.14,Game,1,Predictable,26.39,1,,,5,25.1,,120,Sound,,,
0,FORT,2,1,1776625433.396702,35.16,Game,1,Predictable,26.42,1,,,5,25.1,,120,Sound,,,
0,FORT,2,1,1776625433.396702,35.17,Game,1,Predictable,26.43,1,,,5,25.1,,120,Sound,,,
0,FORT,2,1,1776625433.396702,35.18,Game,1,Predictable,26.44,1,,,5,25.1,,120,Sound,,,
0,FORT,2,1,1776625433.396702,35.19,Game,1,Predictable,26.45,1,,,5,25.1,,120,Sound,,,
0,FORT,2,1,1776625433.396702,35.2,Game,1,Predictable,26.47,1,,,5,25.1,,120,Sound,,,
0,FORT,2,1,1776625433.396702,35.21,Game,1,Predictable,26.48,1,,,5,25.1,,120,Sound,,,
0,FORT,2,1,1776625433.396702,35.22,Game,1,Predictable,26.49,1,,,5,25.1,,120,Sound,,,
0,FORT,2,1,1776625433.396702,35.23,Game,1,Predictable,26.5,1,,,5,25.1,,120,Sound,,,
0,FORT,2,1,1776625433.396702,35.24,Game,1,Predictable,26.51,1,,,5,25.1,,120,Sound,,,
0,FORT,2,1,1776625433.396702,35.26,Game,1,Predictable,26.52,1,,,5,25.1,,120,Sound,,,
0,FORT,2,1,1776625433.396702,35.26,Game,1,Predictable,26.53,1,,,5,25.1,,120,Sound,,,
0,FORT,2,1,1776625433.396702,35.29,Game,1,Predictable,26.54,1,,,5,25.1,,120,Sound,,,
0,FORT,2,1,1776625433.396702,35.31,Game,1,Predictable,26.57,1,,,5,25.1,,120,Sound,,,
0,FORT,2,1,1776625433.396702,35.32,Game,1,Predictable,26.58,1,,,5,25.1,,120,Sound,,,
0,FORT,2,1,1776625433.396702,35.33,Game,1,Predictable,26.59,1,,,5,25.1,,120,Sound,,,
0,FORT,2,1,1776625433.396702,35.34,Game,1,Predictable,26.6,1,,,5,25.1,,120,Sound,,,
0,FORT,2,1,1776625433.396702,35.35,Game,1,Predictable,26.62,1,,,5,25.1,,120,Sound,,,
0,FORT,2,1,1776625433.396702,35.36,Game,1,Predictable,26.63,1,,,5,25.1,,120,Sound,,,
0,FORT,2,1,1776625433.396702,35.37,Game,1,Predictable,26.64,1,,,5,25.1,,120,Sound,,,
0,FORT,2,1,1776625433.396702,35.38,Game,1,Predictable,26.65,1,,,5,25.1,,120,Sound,,,
0,FORT,2,1,1776625433.396702,35.41,Game,1,Predictable,26.66,1,,,5,25.1,,120,Sound,,,
0,FORT,2,1,1776625433.396702,35.42,Game,1,Predictable,26.68,1,,,5,25.1,,120,Sound,,,
0,FORT,2,1,1776625433.396702,35.43,Game,1,Predictable,26.7,1,,,5,25.1,,120,Sound,,,
0,FORT,2,1,1776625433.396702,35.44,Game,1,Predictable,26.71,1,,,5,25.1,,120,Sound,,,
0,FORT,2,1,1776625433.396702,35.46,Game,1,Predictable,26.72,1,,,5,25.1,,120,Sound,,,
0,FORT,2,1,1776625433.396702,35.46,Game,1,Predictable,26.73,1,,,5,25.1,,120,Sound,,,
0,FORT,2,1,1776625433.396702,35.48,Game,1,Predictable,26.74,1,,,5,25.1,,120,Sound,,,
0,FORT,2,1,1776625433.396702,35.49,Game,1,Predictable,26.75,1,,,5,25.1,,120,Sound,,,
0,FORT,2,1,1776625433.396702,35.5,Game,1,Predictable,26.77,1,,,5,25.1,,120,Sound,,,
0,FORT,2,1,1776625433.396702,35.52,Game,1,Predictable,26.78,1,,,5,25.1,,120,Sound,,,
0,FORT,2,1,1776625433.396702,35.54,Game,1,Predictable,26.8,1,,,5,25.1,,120,Sound,,,
0,FORT,2,1,1776625433.396702,35.55,Game,1,Predictable,26.82,1,,,5,25.1,,120,Sound,,,
0,FORT,2,1,1776625433.396702,35.56,Game,1,Predictable,26.83,1,,,5,25.1,,120,Sound,,,
0,FORT,2,1,1776625433.396702,35.57,Game,1,Predictable,26.84,1,,,5,25.1,,120,Sound,,,
0,FORT,2,1,1776625433.396702,35.58,Game,1,Predictable,26.85,1,,,5,25.1,,120,Sound,,,
0,FORT,2,1,1776625433.396702,35.61,Game,1,Predictable,26.86,1,,,5,25.1,,120,Sound,,,
0,FORT,2,1,1776625433.396702,35.62,Game,1,Predictable,26.88,1,,,5,25.1,,120,Sound,,,
0,FORT,2,1,1776625433.396702,35.63,Game,1,Predictable,26.9,1,,,5,25.1,,120,Sound,,,
0,FORT,2,1,1776625433.396702,35.64,Game,1,Predictable,26.91,1,,,5,25.1,,120,Sound,,,
0,FORT,2,1,1776625433.396702,35.66,Game,1,Predictable,26.92,1,,,5,25.1,,120,Sound,,,
0,FORT,2,1,1776625433.396702,35.66,Game,1,Predictable,26.93,1,,,5,25.1,,120,Sound,,,
0,FORT,2,1,1776625433.396702,35.68,Game,1,Predictable,26.94,1,,,5,25.1,,120,Sound,,,
0,FORT,2,1,1776625433.396702,35.69,Game,1,Predictable,26.95,1,,,5,25.1,,120,Sound,,,
0,FORT,2,1,1776625433.396702,35.7,Game,1,Predictable,26.97,1,,,5,25.1,,120,Sound,,,
0,FORT,2,1,1776625433.396702,35.71,Game,1,Predictable,26.98,1,,,5,25.1,,120,Sound,,,
0,FORT,2,1,1776625433.396702,35.72,Game,1,Predictable,26.99,1,,,5,25.1,,120,Sound,,,
0,FORT,2,1,1776625433.396702,35.73,Game,1,Predictable,27.0,1,,,5,25.1,,120,Sound,,,
0,FORT,2,1,1776625433.396702,35.74,Game,1,Predictable,27.01,1,,,5,25.1,,120,Sound,,,
0,FORT,2,1,1776625433.396702,35.76,Game,1,Predictable,27.02,1,,,5,25.1,,120,Sound,,,
0,FORT,2,1,1776625433.396702,35.77,Game,1,Predictable,27.03,1,,,5,25.1,,120,Sound,,,
0,FORT,2,1,1776625433.396702,35.78,Game,1,Predictable,27.04,1,,,5,25.1,,120,Sound,,,
0,FORT,2,1,1776625433.396702,35.79,Game,1,Predictable,27.05,1,,,5,25.1,,120,Sound,,,
0,FORT,2,1,1776625433.396702,35.8,Game,1,Predictable,27.07,1,,,5,25.1,,120,Sound,,,
0,FORT,2,1,1776625433.396702,35.81,Game,1,Predictable,27.08,1,,,5,25.1,,120,Sound,,,
0,FORT,2,1,1776625433.396702,35.82,Game,1,Predictable,27.09,1,,,5,25.1,,120,Sound,,,
0,FORT,2,1,1776625433.396702,35.83,Game,1,Predictable,27.1,1,,,5,25.1,,120,Sound,,,
0,FORT,2,1,1776625433.396702,35.84,Game,1,Predictable,27.11,1,,,5,25.1,,120,Sound,,,
0,FORT,2,1,1776625433.396702,35.86,Game,1,Predictable,27.12,1,,,5,25.1,,120,Sound,,,
0,FORT,2,1,1776625433.396702,35.87,Game,1,Predictable,27.13,1,,,5,25.1,,120,Sound,,,
0,FORT,2,1,1776625433.396702,35.88,Game,1,Predictable,27.14,1,,,5,25.1,,120,Sound,,,
0,FORT,2,1,1776625433.396702,35.89,Game,1,Predictable,27.15,1,,,5,25.1,,120,Sound,,,
0,FORT,2,1,1776625433.396702,35.9,Game,1,Predictable,27.17,1,,,5,25.1,,120,Sound,,,
0,FORT,2,1,1776625433.396702,35.91,Game,1,Predictable,27.18,1,,,5,25.1,,120,Sound,,,
0,FORT,2,1,1776625433.396702,35.92,Game,1,Predictable,27.19,1,,,5,25.1,,120,Sound,,,
0,FORT,2,1,1776625433.396702,35.93,Game,1,Predictable,27.2,1,,,5,25.1,,120,Sound,,,
0,FORT,2,1,1776625433.396702,35.94,Game,1,Predictable,27.21,1,,,5,25.1,,120,Sound,,,
0,FORT,2,1,1776625433.396702,35.96,Game,1,Predictable,27.22,1,,,5,25.1,,120,Sound,,,
0,FORT,2,1,1776625433.396702,35.96,Game,1,Predictable,27.23,1,,,5,25.1,,120,Sound,,,
0,FORT,2,1,1776625433.396702,35.98,Game,1,Predictable,27.24,1,,,5,25.1,,120,Sound,,,
0,FORT,2,1,1776625433.396702,35.99,Game,1,Predictable,27.25,1,,,5,25.1,,120,Sound,,,
0,FORT,2,1,1776625433.396702,36.0,Game,1,Predictable,27.27,1,,,5,25.1,,120,Sound,,,
0,FORT,2,1,1776625433.396702,36.01,Game,1,Predictable,27.28,1,,,5,25.1,,120,Sound,,,
0,FORT,2,1,1776625433.396702,36.02,Game,1,Predictable,27.29,1,,,5,25.1,,120,Sound,,,
0,FORT,2,1,1776625433.396702,36.03,Game,1,Predictable,27.3,1,,,5,25.1,,120,Sound,,,
0,FORT,2,1,1776625433.396702,36.04,Game,1,Predictable,27.31,1,,,5,25.1,,120,Sound,,,
0,FORT,2,1,1776625433.396702,36.06,Game,1,Predictable,27.32,1,,,5,25.1,,120,Sound,,,
0,FORT,2,1,1776625433.396702,36.07,Game,1,Predictable,27.33,1,,,5,25.1,,120,Sound,,,
0,FORT,2,1,1776625433.396702,36.08,Game,1,Predictable,27.34,1,,,5,25.1,,120,Sound,,,
0,FORT,2,1,1776625433.396702,36.09,Game,1,Predictable,27.35,1,,,5,25.1,,120,Sound,,,
0,FORT,2,1,1776625433.396702,36.1,Game,1,Predictable,27.37,1,,,5,25.1,,120,Sound,,,
0,FORT,2,1,1776625433.396702,36.11,Game,1,Predictable,27.38,1,,,5,25.1,,120,Sound,,,
0,FORT,2,1,1776625433.396702,36.12,Game,1,Predictable,27.39,1,,,5,25.1,,120,Sound,,,
0,FORT,2,1,1776625433.396702,36.13,Game,1,Predictable,27.4,1,,,5,25.1,,120,Sound,,,
0,FORT,2,1,1776625433.396702,36.14,Game,1,Predictable,27.41,1,,,5,25.1,,120,Sound,,,
0,FORT,2,1,1776625433.396702,36.16,Game,1,Predictable,27.42,1,,,5,25.1,,120,Sound,,,
0,FORT,2,1,1776625433.396702,36.16,Game,1,Predictable,27.43,1,,,5,25.1,,120,Sound,,,
0,FORT,2,1,1776625433.396702,36.18,Game,1,Predictable,27.44,1,,,5,25.1,,120,Sound,,,
0,FORT,2,1,1776625433.396702,36.19,Game,1,Predictable,27.45,1,,,5,25.1,,120,Sound,,,
0,FORT,2,1,1776625433.396702,36.2,Game,1,Predictable,27.47,1,,,5,25.1,,120,Sound,,,
0,FORT,2,1,1776625433.396702,36.21,Game,1,Predictable,27.48,1,,,5,25.1,,120,Sound,,,
0,FORT,2,1,1776625433.396702,36.22,Game,1,Predictable,27.49,1,,,5,25.1,,120,Sound,,,
0,FORT,2,1,1776625433.396702,36.23,Game,1,Predictable,27.5,1,,,5,25.1,,120,Sound,,,
0,FORT,2,1,1776625433.396702,36.24,Game,1,Predictable,27.51,1,,,5,25.1,,120,Sound,,,
0,FORT,2,1,1776625433.396702,36.26,Game,1,Predictable,27.52,1,,,5,25.1,,120,Sound,,,
0,FORT,2,1,1776625433.396702,36.26,Game,1,Predictable,27.53,1,,,5,25.1,,120,Sound,,,
0,FORT,2,1,1776625433.396702,36.28,Game,1,Predictable,27.54,1,,,5,25.1,,120,Sound,,,
0,FORT,2,1,1776625433.396702,36.29,Game,1,Predictable,27.55,1,,,5,25.1,,120,Sound,,,
0,FORT,2,1,1776625433.396702,36.3,Game,1,Predictable,27.57,1,,,5,25.1,,120,Sound,,,
0,FORT,2,1,1776625433.396702,36.31,Game,1,Predictable,27.58,1,,,5,25.1,,120,Sound,,,
0,FORT,2,1,1776625433.396702,36.32,Game,1,Predictable,27.59,1,,,5,25.1,,120,Sound,,,
0,FORT,2,1,1776625433.396702,36.33,Game,1,Predictable,27.6,1,,,5,25.1,,120,Sound,,,
0,FORT,2,1,1776625433.396702,36.34,Game,1,Predictable,27.61,1,,,5,25.1,,120,Sound,,,
0,FORT,2,1,1776625433.396702,36.35,Game,1,Predictable,27.62,1,1,,5,25.1,,121,Sound,,,
0,FORT,2,1,1776625433.396702,36.4,Game,1,Predictable,27.62,1,1,,5,25.1,,121,Sound,,,
0,FORT,2,1,1776625433.396702,36.46,Game,1,Predictable,27.62,1,1,,5,25.1,,121,Sound,,,
0,FORT,2,1,1776625433.396702,36.52,Game,1,Predictable,27.62,1,1,,5,25.1,,121,Sound,,,
0,FORT,2,1,1776625433.396702,36.57,Game,1,Predictable,27.62,1,1,,5,25.1,,121,Sound,,,
0,FORT,2,1,1776625433.396702,36.63,Game,1,Predictable,27.62,1,1,,5,25.1,,121,Sound,,,
0,FORT,2,1,1776625433.396702,36.68,Game,1,Predictable,27.62,1,1,,5,25.1,,121,Sound,,,
0,FORT,2,1,1776625433.396702,36.74,Game,1,Predictable,27.62,1,1,,5,25.1,,121,Sound,,,
0,FORT,2,1,1776625433.396702,36.79,Game,1,Predictable,27.62,1,1,,5,25.1,,121,Sound,,,
0,FORT,2,1,1776625433.396702,36.85,Game,1,Predictable,27.62,1,1,,5,25.1,,121,Sound,,,
0,FORT,2,1,1776625433.396702,36.9,Game,1,Predictable,27.62,1,1,,5,25.1,,121,Sound,,,
0,FORT,2,1,1776625433.396702,36.96,Game,1,Predictable,27.62,1,1,,5,25.1,,121,Sound,,,
0,FORT,2,1,1776625433.396702,37.01,Game,1,Predictable,27.62,1,1,,5,25.1,,121,Sound,,,
0,FORT,2,1,1776625433.396702,37.07,Game,1,Predictable,27.62,1,1,,5,25.1,,121,Sound,,,
0,FORT,2,1,1776625433.396702,37.12,Game,1,Predictable,27.62,1,1,,5,25.1,,121,Sound,,,
0,FORT,2,1,1776625433.396702,37.18,Game,1,Predictable,27.62,1,1,,5,25.1,,121,Sound,,,
0,FORT,2,1,1776625433.396702,37.24,Game,1,Predictable,27.62,1,1,,5,25.1,,121,Sound,,,
0,FORT,2,1,1776625433.396702,37.29,Game,1,Predictable,27.62,1,1,,5,25.1,,121,Sound,,,
0,FORT,2,1,1776625433.396702,37.35,Game,1,Predictable,27.62,1,1,,5,25.1,,121,Sound,,,
0,FORT,2,1,1776625433.396702,37.41,Game,1,Predictable,27.62,1,,,5,25.1,,120,Sound,,,
0,FORT,2,1,1776625433.396702,37.42,Game,1,Predictable,28.69,1,,,5,25.1,,120,Sound,,,
0,FORT,2,1,1776625433.396702,37.43,Game,1,Predictable,28.69,1,,,5,25.1,,120,Sound,,,
0,FORT,2,1,1776625433.396702,37.44,Game,1,Predictable,28.71,1,,,5,25.1,,120,Sound,,,
0,FORT,2,1,1776625433.396702,37.45,Game,1,Predictable,28.72,1,,,5,25.1,,120,Sound,,,
0,FORT,2,1,1776625433.396702,37.46,Game,1,Predictable,28.73,1,,,5,25.1,,120,Sound,,,
0,FORT,2,1,1776625433.396702,37.47,Game,1,Predictable,28.74,1,,,5,25.1,,120,Sound,,,
0,FORT,2,1,1776625433.396702,37.48,Game,1,Predictable,28.75,1,,,5,25.1,,120,Sound,,,
0,FORT,2,1,1776625433.396702,37.49,Game,1,Predictable,28.76,1,,,5,25.1,,120,Sound,,,
0,FORT,2,1,1776625433.396702,37.51,Game,1,Predictable,28.77,1,,,5,25.1,,120,Sound,,,
0,FORT,2,1,1776625433.396702,37.52,Game,1,Predictable,28.78,1,,,5,25.1,,120,Sound,,,
0,FORT,2,1,1776625433.396702,37.53,Game,1,Predictable,28.79,1,,,5,25.1,,120,Sound,,,
0,FORT,2,1,1776625433.396702,37.54,Game,1,Predictable,28.8,1,,,5,25.1,,120,Sound,,,
0,FORT,2,1,1776625433.396702,37.55,Game,1,Predictable,28.82,1,,,5,25.1,,120,Sound,,,
0,FORT,2,1,1776625433.396702,37.56,Game,1,Predictable,28.83,1,,,5,25.1,,120,Sound,,,
0,FORT,2,1,1776625433.396702,37.57,Game,1,Predictable,28.84,1,,,5,25.1,,120,Sound,,,
0,FORT,2,1,1776625433.396702,37.58,Game,1,Predictable,28.85,1,,,5,25.1,,120,Sound,,,
0,FORT,2,1,1776625433.396702,37.59,Game,1,Predictable,28.86,1,,,5,25.1,,120,Sound,,,
0,FORT,2,1,1776625433.396702,37.61,Game,1,Predictable,28.87,1,,,5,25.1,,120,Sound,,,
0,FORT,2,1,1776625433.396702,37.62,Game,1,Predictable,28.88,1,,,5,25.1,,120,Sound,,,
0,FORT,2,1,1776625433.396702,37.63,Game,1,Predictable,28.89,1,,,5,25.1,,120,Sound,,,
0,FORT,2,1,1776625433.396702,37.64,Game,1,Predictable,28.9,1,,,5,25.1,,120,Sound,,,
0,FORT,2,1,1776625433.396702,37.65,Game,1,Predictable,28.92,1,,,5,25.1,,120,Sound,,,
0,FORT,2,1,1776625433.396702,37.66,Game,1,Predictable,28.93,1,,,5,25.1,,120,Sound,,,
0,FORT,2,1,1776625433.396702,37.67,Game,1,Predictable,28.94,1,,,5,25.1,,120,Sound,,,
0,FORT,2,1,1776625433.396702,37.68,Game,1,Predictable,28.95,1,,,5,25.1,,120,Sound,,,
0,FORT,2,1,1776625433.396702,37.69,Game,1,Predictable,28.96,1,,,5,25.1,,120,Sound,,,
0,FORT,2,1,1776625433.396702,37.71,Game,1,Predictable,28.97,1,,,5,25.1,,120,Sound,,,
0,FORT,2,1,1776625433.396702,37.72,Game,1,Predictable,28.98,1,,,5,25.1,,120,Sound,,,
0,FORT,2,1,1776625433.396702,37.73,Game,1,Predictable,28.99,1,,,5,25.1,,120,Sound,,,
0,FORT,2,1,1776625433.396702,37.74,Game,1,Predictable,29.0,1,,,5,25.1,,120,Sound,,,
0,FORT,2,1,1776625433.396702,37.75,Game,1,Predictable,29.02,1,,,5,25.1,,120,Sound,,,
0,FORT,2,1,1776625433.396702,37.76,Game,1,Predictable,29.03,1,,,5,25.1,,120,Sound,,,
0,FORT,2,1,1776625433.396702,37.77,Game,1,Predictable,29.04,1,,,5,25.1,,120,Sound,,,
0,FORT,2,1,1776625433.396702,37.78,Game,1,Predictable,29.05,1,,,5,25.1,,120,Sound,,,
0,FORT,2,1,1776625433.396702,37.79,Game,1,Predictable,29.06,1,,,5,25.1,,120,Sound,,,
0,FORT,2,1,1776625433.396702,37.81,Game,1,Predictable,29.07,1,,,5,25.1,,120,Sound,,,
0,FORT,2,1,1776625433.396702,37.82,Game,1,Predictable,29.08,1,,,5,25.1,,120,Sound,,,
0,FORT,2,1,1776625433.396702,37.83,Game,1,Predictable,29.09,1,,,5,25.1,,120,Sound,,,
0,FORT,2,1,1776625433.396702,37.84,Game,1,Predictable,29.1,1,,,5,25.1,,120,Sound,,,
0,FORT,2,1,1776625433.396702,37.85,Game,1,Predictable,29.12,1,,,5,25.1,,120,Sound,,,
0,FORT,2,1,1776625433.396702,37.86,Game,1,Predictable,29.13,1,,,5,25.1,,120,Sound,,,
0,FORT,2,1,1776625433.396702,37.87,Game,1,Predictable,29.14,1,,,5,25.1,,120,Sound,,,
0,FORT,2,1,1776625433.396702,37.88,Game,1,Predictable,29.15,1,,,5,25.1,,120,Sound,,,
0,FORT,2,1,1776625433.396702,37.89,Game,1,Predictable,29.16,1,,,5,25.1,,120,Sound,,,
0,FORT,2,1,1776625433.396702,37.91,Game,1,Predictable,29.17,1,,,5,25.1,,120,Sound,,,
0,FORT,2,1,1776625433.396702,37.92,Game,1,Predictable,29.18,1,,,5,25.1,,120,Sound,,,
0,FORT,2,1,1776625433.396702,37.93,Game,1,Predictable,29.19,1,,,5,25.1,,120,Sound,,,
0,FORT,2,1,1776625433.396702,37.94,Game,1,Predictable,29.2,1,,,5,25.1,,120,Sound,,,
0,FORT,2,1,1776625433.396702,37.95,Game,1,Predictable,29.22,1,,,5,25.1,,120,Sound,,,
0,FORT,2,1,1776625433.396702,37.96,Game,1,Predictable,29.23,1,,,5,25.1,,120,Sound,,,
0,FORT,2,1,1776625433.396702,37.97,Game,1,Predictable,29.24,1,,,5,25.1,,120,Sound,,,
0,FORT,2,1,1776625433.396702,37.98,Game,1,Predictable,29.25,1,,,5,25.1,,120,Sound,,,
0,FORT,2,1,1776625433.396702,37.99,Game,1,Predictable,29.26,1,,,5,25.1,,120,Sound,,,
0,FORT,2,1,1776625433.396702,38.01,Game,1,Predictable,29.27,1,,,5,25.1,,120,Sound,,,
0,FORT,2,1,1776625433.396702,38.02,Game,1,Predictable,29.28,1,,,5,25.1,,120,Sound,,,
0,FORT,2,1,1776625433.396702,38.03,Game,1,Predictable,29.29,1,,,5,25.1,,120,Sound,,,
0,FORT,2,1,1776625433.396702,38.04,Game,1,Predictable,29.3,1,,,5,25.1,,120,Sound,,,
0,FORT,2,1,1776625433.396702,38.06,Game,1,Predictable,29.32,1,,,5,25.1,,120,Sound,,,
0,FORT,2,1,1776625433.396702,38.07,Game,1,Predictable,29.33,1,,,5,25.1,,120,Sound,,,
0,FORT,2,1,1776625433.396702,38.08,Game,1,Predictable,29.34,1,,,5,25.1,,120,Sound,,,
0,FORT,2,1,1776625433.396702,38.09,Game,1,Predictable,29.35,1,,,5,25.1,,120,Sound,,,
0,FORT,2,1,1776625433.396702,38.1,Game,1,Predictable,29.37,1,,,5,25.1,,120,Sound,,,
0,FORT,2,1,1776625433.396702,38.11,Game,1,Predictable,29.38,1,,,5,25.1,,120,Sound,,,
0,FORT,2,1,1776625433.396702,38.12,Game,1,Predictable,29.39,1,,,5,25.1,,120,Sound,,,
0,FORT,2,1,1776625433.396702,38.13,Game,1,Predictable,29.4,1,,,5,25.1,,120,Sound,,,
0,FORT,2,1,1776625433.396702,38.14,Game,1,Predictable,29.41,1,,,5,25.1,,120,Sound,,,
0,FORT,2,1,1776625433.396702,38.16,Game,1,Predictable,29.42,1,,,5,25.1,,120,Sound,,,
0,FORT,2,1,1776625433.396702,38.17,Game,1,Predictable,29.43,1,,,5,25.1,,120,Sound,,,
0,FORT,2,1,1776625433.396702,38.18,Game,1,Predictable,29.44,1,,,5,25.1,,120,Sound,,,
0,FORT,2,1,1776625433.396702,38.19,Game,1,Predictable,29.45,1,,,5,25.1,,120,Sound,,,
0,FORT,2,1,1776625433.396702,38.2,Game,1,Predictable,29.47,1,,,5,25.1,,120,Sound,,,
0,FORT,2,1,1776625433.396702,38.21,Game,1,Predictable,29.48,1,,,5,25.1,,120,Sound,,,
0,FORT,2,1,1776625433.396702,38.22,Game,1,Predictable,29.49,1,,,5,25.1,,120,Sound,,,
0,FORT,2,1,1776625433.396702,38.23,Game,1,Predictable,29.5,1,,,5,25.1,,120,Sound,,,
0,FORT,2,1,1776625433.396702,38.24,Game,1,Predictable,29.51,1,,,5,25.1,,120,Sound,,,
0,FORT,2,1,1776625433.396702,38.26,Game,1,Predictable,29.52,1,,,5,25.1,,120,Sound,,,
0,FORT,2,1,1776625433.396702,38.27,Game,1,Predictable,29.53,1,,,5,25.1,,120,Sound,,,
0,FORT,2,1,1776625433.396702,38.28,Game,1,Predictable,29.54,1,,,5,25.1,,120,Sound,,,
0,FORT,2,1,1776625433.396702,38.29,Game,1,Predictable,29.55,1,,,5,25.1,,120,Sound,,,
0,FORT,2,1,1776625433.396702,38.3,Game,1,Predictable,29.57,1,,,5,25.1,,120,Sound,,,
0,FORT,2,1,1776625433.396702,38.31,Game,1,Predictable,29.58,1,,,5,25.1,,120,Sound,,,
0,FORT,2,1,1776625433.396702,38.32,Game,1,Predictable,29.59,1,,,5,25.1,,120,Sound,,,
0,FORT,2,1,1776625433.396702,38.33,Game,1,Predictable,29.6,1,,,5,25.1,,120,Sound,,,
0,FORT,2,1,1776625433.396702,38.34,Game,1,Predictable,29.61,1,,,5,25.1,,120,Sound,,,
0,FORT,2,1,1776625433.396702,38.36,Game,1,Predictable,29.62,1,,,5,25.1,,120,Sound,,,
0,FORT,2,1,1776625433.396702,38.37,Game,1,Predictable,29.63,1,,,5,25.1,,120,Sound,,,
0,FORT,2,1,1776625433.396702,38.38,Game,1,Predictable,29.64,1,,,5,25.1,,120,Sound,,,
0,FORT,2,1,1776625433.396702,38.39,Game,1,Predictable,29.65,1,,,5,25.1,,120,Sound,,,
0,FORT,2,1,1776625433.396702,38.4,Game,1,Predictable,29.67,1,,,5,25.1,,120,Sound,,,
0,FORT,2,1,1776625433.396702,38.41,Game,1,Predictable,29.68,1,,,5,25.1,,120,Sound,,,
0,FORT,2,1,1776625433.396702,38.42,Game,1,Predictable,29.69,1,,,5,25.1,,120,Sound,,,
0,FORT,2,1,1776625433.396702,38.43,Game,1,Predictable,29.7,1,,,5,25.1,,120,Sound,,,
0,FORT,2,1,1776625433.396702,38.44,Game,1,Predictable,29.71,1,,,5,25.1,,120,Sound,,,
0,FORT,2,1,1776625433.396702,38.46,Game,1,Predictable,29.72,1,,,5,25.1,,120,Sound,,,
0,FORT,2,1,1776625433.396702,38.47,Game,1,Predictable,29.73,1,,,5,25.1,,120,Sound,,,
0,FORT,2,1,1776625433.396702,38.48,Game,1,Predictable,29.74,1,,,5,25.1,,120,Sound,,,
0,FORT,2,1,1776625433.396702,38.49,Game,1,Predictable,29.75,1,,,5,25.1,,120,Sound,,,
0,FORT,2,1,1776625433.396702,38.5,Game,1,Predictable,29.77,1,,,5,25.1,,120,Sound,,,
0,FORT,2,1,1776625433.396702,38.51,Game,1,Predictable,29.78,1,,,5,25.1,,120,Sound,,,
0,FORT,2,1,1776625433.396702,38.52,Game,1,Predictable,29.79,1,,,5,25.1,,120,Sound,,,
0,FORT,2,1,1776625433.396702,38.53,Game,1,Predictable,29.8,1,,,5,25.1,,120,Sound,,,
0,FORT,2,1,1776625433.396702,38.54,Game,1,Predictable,29.81,1,,,5,25.1,,120,Sound,,,
0,FORT,2,1,1776625433.396702,38.56,Game,1,Predictable,29.82,1,,,5,25.1,,120,Sound,,,
0,FORT,2,1,1776625433.396702,38.57,Game,1,Predictable,29.83,1,,,5,25.1,,120,Sound,,,
0,FORT,2,1,1776625433.396702,38.58,Game,1,Predictable,29.84,1,,,5,25.1,,120,Sound,,,
0,FORT,2,1,1776625433.396702,38.59,Game,1,Predictable,29.85,1,,,5,25.1,,120,Sound,,,
0,FORT,2,1,1776625433.396702,38.6,Game,1,Predictable,29.87,1,,,5,25.1,,120,Sound,,,
0,FORT,2,1,1776625433.396702,38.61,Game,1,Predictable,29.88,1,,,5,25.1,,120,Sound,,,
0,FORT,2,1,1776625433.396702,38.62,Game,1,Predictable,29.89,1,,,5,25.1,,120,Sound,,,
0,FORT,2,1,1776625433.396702,38.63,Game,1,Predictable,29.9,1,,,5,25.1,,120,Sound,,,
0,FORT,2,1,1776625433.396702,38.64,Game,1,Predictable,29.91,1,,,5,25.1,,120,Sound,,,
0,FORT,2,1,1776625433.396702,38.66,Game,1,Predictable,29.92,1,,,5,25.1,,120,Sound,,,
0,FORT,2,1,1776625433.396702,38.67,Game,1,Predictable,29.93,1,,,5,25.1,,120,Sound,,,
0,FORT,2,1,1776625433.396702,38.67,Game,1,Predictable,29.94,1,,,5,25.1,,120,Sound,,,
0,FORT,2,1,1776625433.396702,38.69,Game,1,Predictable,29.95,1,,,5,25.1,,120,Sound,,,
0,FORT,2,1,1776625433.396702,38.7,Game,1,Predictable,29.97,1,,,5,25.1,,120,Sound,,,
0,FORT,2,1,1776625433.396702,38.71,Game,1,Predictable,29.98,1,,,5,25.1,,120,Sound,,,
0,FORT,2,1,1776625433.396702,38.72,Game,1,Predictable,29.99,1,,,5,25.1,,120,Sound,,,
0,FORT,2,1,1776625433.396702,38.73,Game,1,Predictable,30.0,1,,,5,25.1,,120,Sound,,,
0,FORT,2,1,1776625433.396702,38.74,Game,1,Predictable,30.01,1,,,5,25.1,,120,Sound,,,
0,FORT,2,1,1776625433.396702,38.76,Game,1,Predictable,30.02,1,,,5,25.1,,120,Sound,,,
0,FORT,2,1,1776625433.396702,38.77,Game,1,Predictable,30.03,1,,,5,25.1,,120,Sound,,,
0,FORT,2,1,1776625433.396702,38.78,Game,1,Predictable,30.04,1,,,5,25.1,,120,Sound,,,
0,FORT,2,1,1776625433.396702,38.79,Game,1,Predictable,30.05,1,,,5,25.1,,120,Sound,,,
0,FORT,2,1,1776625433.396702,38.8,Game,1,Predictable,30.07,1,,,5,25.1,,120,Sound,,,
0,FORT,2,1,1776625433.396702,38.81,Game,1,Predictable,30.08,1,,,5,25.1,,120,Sound,,,
0,FORT,2,1,1776625433.396702,38.82,Game,1,Predictable,30.09,1,,,5,25.1,,120,Sound,,,
0,FORT,2,1,1776625433.396702,38.83,Game,1,Predictable,30.1,1,,,5,25.1,,120,Sound,,,
0,FORT,2,1,1776625433.396702,38.84,Game,1,Predictable,30.11,1,,,5,25.1,,120,Sound,,,
0,FORT,2,1,1776625433.396702,38.86,Game,1,Predictable,30.12,1,,,5,25.1,,120,Sound,,,
0,FORT,2,1,1776625433.396702,38.87,Game,1,Predictable,30.14,1,,,5,25.1,,120,Sound,,,
0,FORT,2,1,1776625433.396702,38.88,Game,1,Predictable,30.14,1,,,5,25.1,,120,Sound,,,
0,FORT,2,1,1776625433.396702,38.89,Game,1,Predictable,30.15,1,,,5,25.1,,120,Sound,,,
0,FORT,2,1,1776625433.396702,38.9,Game,1,Predictable,30.17,1,,,5,25.1,,120,Sound,,,
0,FORT,2,1,1776625433.396702,38.91,Game,1,Predictable,30.18,1,,,5,25.1,,120,Sound,,,
0,FORT,2,1,1776625433.396702,38.92,Game,1,Predictable,30.19,1,,,5,25.1,,120,Sound,,,
0,FORT,2,1,1776625433.396702,38.93,Game,1,Predictable,30.2,1,,,5,25.1,,120,Sound,,,
0,FORT,2,1,1776625433.396702,38.94,Game,1,Predictable,30.21,1,,,5,25.1,,120,Sound,,,
0,FORT,2,1,1776625433.396702,38.96,Game,1,Predictable,30.22,1,,,5,25.1,,120,Sound,,,
0,FORT,2,1,1776625433.396702,38.97,Game,1,Predictable,30.23,1,,,5,25.1,,120,Sound,,,
0,FORT,2,1,1776625433.396702,38.98,Game,1,Predictable,30.24,1,,,5,25.1,,120,Sound,,,
0,FORT,2,1,1776625433.396702,38.99,Game,1,Predictable,30.25,1,,,5,25.1,,120,Sound,,,
0,FORT,2,1,1776625433.396702,39.0,Game,1,Predictable,30.27,1,,,5,25.1,,120,Sound,,,
0,FORT,2,1,1776625433.396702,39.01,Game,1,Predictable,30.28,1,,,5,25.1,,120,Sound,,,
0,FORT,2,1,1776625433.396702,39.02,Game,1,Predictable,30.29,1,,,5,25.1,,120,Sound,,,
0,FORT,2,1,1776625433.396702,39.03,Game,1,Predictable,30.3,1,,,5,25.1,,120,Sound,,,
0,FORT,2,1,1776625433.396702,39.04,Game,1,Predictable,30.31,1,,,5,25.1,,120,Sound,,,
0,FORT,2,1,1776625433.396702,39.06,Game,1,Predictable,30.32,1,,,5,25.1,,120,Sound,,,
0,FORT,2,1,1776625433.396702,39.07,Game,1,Predictable,30.33,1,,,5,25.1,,120,Sound,,,
0,FORT,2,1,1776625433.396702,39.08,Game,1,Predictable,30.34,1,,,5,25.1,,120,Sound,,,
0,FORT,2,1,1776625433.396702,39.09,Game,1,Predictable,30.35,1,,,5,25.1,,120,Sound,,,
0,FORT,2,1,1776625433.396702,39.1,Game,1,Predictable,30.37,1,,,5,25.1,,120,Sound,,,
0,FORT,2,1,1776625433.396702,39.11,Game,1,Predictable,30.38,1,,,5,25.1,,120,Sound,,,
0,FORT,2,1,1776625433.396702,39.12,Game,1,Predictable,30.39,1,,,5,25.1,,120,Sound,,,
0,FORT,2,1,1776625433.396702,39.13,Game,1,Predictable,30.4,1,,,5,25.1,,120,Sound,,,
0,FORT,2,1,1776625433.396702,39.14,Game,1,Predictable,30.41,1,,,5,25.1,,120,Sound,,,
0,FORT,2,1,1776625433.396702,39.16,Game,1,Predictable,30.42,1,,,5,25.1,,120,Sound,,,
0,FORT,2,1,1776625433.396702,39.17,Game,1,Predictable,30.44,1,,,5,25.1,,120,Sound,,,
0,FORT,2,1,1776625433.396702,39.18,Game,1,Predictable,30.44,1,,,5,25.1,,120,Sound,,,
0,FORT,2,1,1776625433.396702,39.19,Game,1,Predictable,30.45,1,,,5,25.1,,120,Sound,,,
0,FORT,2,1,1776625433.396702,39.2,Game,1,Predictable,30.47,1,,,5,25.1,,120,Sound,,,
0,FORT,2,1,1776625433.396702,39.21,Game,1,Predictable,30.48,1,,,5,25.1,,120,Sound,,,
0,FORT,2,1,1776625433.396702,39.22,Game,1,Predictable,30.49,1,,,5,25.1,,120,Sound,,,
0,FORT,2,1,1776625433.396702,39.23,Game,1,Predictable,30.5,1,,,5,25.1,,120,Sound,,,
0,FORT,2,1,1776625433.396702,39.24,Game,1,Predictable,30.51,1,,,5,25.1,,120,Sound,,,
0,FORT,2,1,1776625433.396702,39.26,Game,1,Predictable,30.52,1,,,5,25.1,,120,Sound,,,
0,FORT,2,1,1776625433.396702,39.27,Game,1,Predictable,30.54,1,,,5,25.1,,120,Sound,,,
0,FORT,2,1,1776625433.396702,39.28,Game,1,Predictable,30.54,1,,,5,25.1,,120,Sound,,,
0,FORT,2,1,1776625433.396702,39.29,Game,1,Predictable,30.55,1,,,5,25.1,,120,Sound,,,
0,FORT,2,1,1776625433.396702,39.3,Game,1,Predictable,30.57,1,,,5,25.1,,120,Sound,,,
0,FORT,2,1,1776625433.396702,39.31,Game,1,Predictable,30.58,1,,,5,25.1,,120,Sound,,,
0,FORT,2,1,1776625433.396702,39.32,Game,1,Predictable,30.59,1,,,5,25.1,,120,Sound,,,
0,FORT,2,1,1776625433.396702,39.33,Game,1,Predictable,30.6,1,,,5,25.1,,120,Sound,,,
0,FORT,2,1,1776625433.396702,39.34,Game,1,Predictable,30.61,1,,,5,25.1,,120,Sound,,,
0,FORT,2,1,1776625433.396702,39.36,Game,1,Predictable,30.62,1,,,5,25.1,,120,Sound,,,
0,FORT,2,1,1776625433.396702,39.37,Game,1,Predictable,30.63,1,,,5,25.1,,120,Sound,,,
0,FORT,2,1,1776625433.396702,39.38,Game,1,Predictable,30.64,1,,,5,25.1,,120,Sound,,,
0,FORT,2,1,1776625433.396702,39.39,Game,1,Predictable,30.65,1,,,5,25.1,,120,Sound,,,
0,FORT,2,1,1776625433.396702,39.4,Game,1,Predictable,30.67,1,,,5,25.1,,120,Sound,,,
0,FORT,2,1,1776625433.396702,39.41,Game,1,Predictable,30.68,1,,,5,25.1,,120,Sound,,,
0,FORT,2,1,1776625433.396702,39.42,Game,1,Predictable,30.69,1,,,5,25.1,,120,Sound,,,
0,FORT,2,1,1776625433.396702,39.43,Game,1,Predictable,30.7,1,,,5,25.1,,120,Sound,,,
0,FORT,2,1,1776625433.396702,39.44,Game,1,Predictable,30.71,1,,,5,25.1,,120,Sound,,,
0,FORT,2,1,1776625433.396702,39.46,Game,1,Predictable,30.72,1,,,5,25.1,,120,Sound,,,
0,FORT,2,1,1776625433.396702,39.47,Game,1,Predictable,30.74,1,,,5,25.1,,120,Sound,,,
0,FORT,2,1,1776625433.396702,39.48,Game,1,Predictable,30.74,1,,,5,25.1,,120,Sound,,,
0,FORT,2,1,1776625433.396702,39.49,Game,1,Predictable,30.75,1,,,5,25.1,,120,Sound,,,
0,FORT,2,1,1776625433.396702,39.5,Game,1,Predictable,30.77,1,,,5,25.1,,120,Sound,,,
0,FORT,2,1,1776625433.396702,39.51,Game,1,Predictable,30.78,1,,,5,25.1,,120,Sound,,,
0,FORT,2,1,1776625433.396702,39.52,Game,1,Predictable,30.79,1,,,5,25.1,,120,Sound,,,
0,FORT,2,1,1776625433.396702,39.53,Game,1,Predictable,30.8,1,,,5,25.1,,120,Sound,,,
0,FORT,2,1,1776625433.396702,39.54,Game,1,Predictable,30.81,1,,,5,25.1,,120,Sound,,,
0,FORT,2,1,1776625433.396702,39.56,Game,1,Predictable,30.82,1,,,5,25.1,,120,Sound,,,
0,FORT,2,1,1776625433.396702,39.57,Game,1,Predictable,30.83,1,,,5,25.1,,120,Sound,,,
0,FORT,2,1,1776625433.396702,39.58,Game,1,Predictable,30.84,1,,,5,25.1,,120,Sound,,,
0,FORT,2,1,1776625433.396702,39.59,Game,1,Predictable,30.85,1,,,5,25.1,,120,Sound,,,
0,FORT,2,1,1776625433.396702,39.6,Game,1,Predictable,30.87,1,,,5,25.1,,120,Sound,,,
0,FORT,2,1,1776625433.396702,39.61,Game,1,Predictable,30.88,1,,,5,25.1,,120,Sound,,,
0,FORT,2,1,1776625433.396702,39.62,Game,1,Predictable,30.89,1,,,5,25.1,,120,Sound,,,
0,FORT,2,1,1776625433.396702,39.63,Game,1,Predictable,30.9,1,,,5,25.1,,120,Sound,,,
0,FORT,2,1,1776625433.396702,39.64,Game,1,Predictable,30.91,1,,,5,25.1,,120,Sound,,,
0,FORT,2,1,1776625433.396702,39.66,Game,1,Predictable,30.92,1,,,5,25.1,,120,Sound,,,
0,FORT,2,1,1776625433.396702,39.67,Game,1,Predictable,30.93,1,,,5,25.1,,120,Sound,,,
0,FORT,2,1,1776625433.396702,39.68,Game,1,Predictable,30.94,1,,,5,25.1,,120,Sound,,,
0,FORT,2,1,1776625433.396702,39.69,Game,1,Predictable,30.95,1,,,5,25.1,,120,Sound,,,
0,FORT,2,1,1776625433.396702,39.7,Game,1,Predictable,30.97,1,,,5,25.1,,120,Sound,,,
0,FORT,2,1,1776625433.396702,39.71,Game,1,Predictable,30.98,1,,,5,25.1,,120,Sound,,,
0,FORT,2,1,1776625433.396702,39.72,Game,1,Predictable,30.99,1,,,5,25.1,,120,Sound,,,
0,FORT,2,1,1776625433.396702,39.73,Game,1,Predictable,31.0,1,,,5,25.1,,120,Sound,,,
0,FORT,2,1,1776625433.396702,39.74,Game,1,Predictable,31.01,1,,,5,25.1,,120,Sound,,,
0,FORT,2,1,1776625433.396702,39.76,Game,1,Predictable,31.02,1,,,5,25.1,,120,Sound,,,
0,FORT,2,1,1776625433.396702,39.77,Game,1,Predictable,31.03,1,,,5,25.1,,120,Sound,,,
0,FORT,2,1,1776625433.396702,39.78,Game,1,Predictable,31.04,1,,,5,25.1,,120,Sound,,,
0,FORT,2,1,1776625433.396702,39.79,Game,1,Predictable,31.05,1,,,5,25.1,,120,Sound,,,
0,FORT,2,1,1776625433.396702,39.8,Game,1,Predictable,31.07,1,,,5,25.1,,120,Sound,,,
0,FORT,2,1,1776625433.396702,39.81,Game,1,Predictable,31.08,1,,,5,25.1,,120,Sound,,,
0,FORT,2,1,1776625433.396702,39.82,Game,1,Predictable,31.09,1,,,5,25.1,,120,Sound,,,
0,FORT,2,1,1776625433.396702,39.83,Game,1,Predictable,31.1,1,,,5,25.1,,120,Sound,,,
0,FORT,2,1,1776625433.396702,39.84,Game,1,Predictable,31.11,1,,,5,25.1,,120,Sound,,,
0,FORT,2,1,1776625433.396702,39.86,Game,1,Predictable,31.12,1,,,5,25.1,,120,Sound,,,
0,FORT,2,1,1776625433.396702,39.87,Game,1,Predictable,31.14,1,,,5,25.1,,120,Sound,,,
0,FORT,2,1,1776625433.396702,39.88,Game,1,Predictable,31.14,1,,,5,25.1,,120,Sound,,,
0,FORT,2,1,1776625433.396702,39.89,Game,1,Predictable,31.15,1,,,5,25.1,,120,Sound,,,
0,FORT,2,1,1776625433.396702,39.9,Game,1,Predictable,31.17,1,,,5,25.1,,120,Sound,,,
0,FORT,2,1,1776625433.396702,39.91,Game,1,Predictable,31.18,1,,,5,25.1,,120,Sound,,,
0,FORT,2,1,1776625433.396702,39.92,Game,1,Predictable,31.19,1,,,5,25.1,,120,Sound,,,
0,FORT,2,1,1776625433.396702,39.93,Game,1,Predictable,31.2,1,,,5,25.1,,120,Sound,,,
0,FORT,2,1,1776625433.396702,39.94,Game,1,Predictable,31.21,1,,,5,25.1,,120,Sound,,,
0,FORT,2,1,1776625433.396702,39.96,Game,1,Predictable,31.22,1,,,5,25.1,,120,Sound,,,
0,FORT,2,1,1776625433.396702,39.97,Game,1,Predictable,31.24,1,,,5,25.1,,120,Sound,,,
0,FORT,2,1,1776625433.396702,39.98,Game,1,Predictable,31.24,1,,,5,25.1,,120,Sound,,,
0,FORT,2,1,1776625433.396702,39.99,Game,1,Predictable,31.25,1,,,5,25.1,,120,Sound,,,
0,FORT,2,1,1776625433.396702,40.0,Game,1,Predictable,31.27,1,,,5,25.1,,120,Sound,,,
0,FORT,2,1,1776625433.396702,40.01,Game,1,Predictable,31.28,1,,,5,25.1,,120,Sound,,,
0,FORT,2,1,1776625433.396702,40.02,Game,1,Predictable,31.29,1,,,5,25.1,,120,Sound,,,
0,FORT,2,1,1776625433.396702,40.03,Game,1,Predictable,31.3,1,,,5,25.1,,120,Sound,,,
0,FORT,2,1,1776625433.396702,40.04,Game,1,Predictable,31.31,1,,,5,25.1,,120,Sound,,,
0,FORT,2,1,1776625433.396702,40.06,Game,1,Predictable,31.32,1,,,5,25.1,,120,Sound,,,
0,FORT,2,1,1776625433.396702,40.07,Game,1,Predictable,31.34,1,,,5,25.1,,120,Sound,,,
0,FORT,2,1,1776625433.396702,40.08,Game,1,Predictable,31.34,1,,,5,25.1,,120,Sound,,,
0,FORT,2,1,1776625433.396702,40.09,Game,1,Predictable,31.35,1,,,5,25.1,,120,Sound,,,
0,FORT,2,1,1776625433.396702,40.1,Game,1,Predictable,31.37,1,,,5,25.1,,120,Sound,,,
0,FORT,2,1,1776625433.396702,40.11,Game,1,Predictable,31.38,1,,,5,25.1,,120,Sound,,,
0,FORT,2,1,1776625433.396702,40.12,Game,1,Predictable,31.39,1,,,5,25.1,,120,Sound,,,
0,FORT,2,1,1776625433.396702,40.13,Game,1,Predictable,31.4,1,,,5,25.1,,120,Sound,,,
0,FORT,2,1,1776625433.396702,40.14,Game,1,Predictable,31.41,1,,,5,25.1,,120,Sound,,,
0,FORT,2,1,1776625433.396702,40.16,Game,1,Predictable,31.42,1,,,5,25.1,,120,Sound,,,
0,FORT,2,1,1776625433.396702,40.17,Game,1,Predictable,31.44,1,,,5,25.1,,120,Sound,,,
0,FORT,2,1,1776625433.396702,40.18,Game,1,Predictable,31.44,1,,,5,25.1,,120,Sound,,,
0,FORT,2,1,1776625433.396702,40.19,Game,1,Predictable,31.45,1,,,5,25.1,,120,Sound,,,
0,FORT,2,1,1776625433.396702,40.2,Game,1,Predictable,31.47,1,,,5,25.1,,120,Sound,,,
0,FORT,2,1,1776625433.396702,40.21,Game,1,Predictable,31.48,1,,,5,25.1,,120,Sound,,,
0,FORT,2,1,1776625433.396702,40.22,Game,1,Predictable,31.49,1,,,5,25.1,,120,Sound,,,
0,FORT,2,1,1776625433.396702,40.23,Game,1,Predictable,31.5,1,,,5,25.1,,120,Sound,,,
0,FORT,2,1,1776625433.396702,40.24,Game,1,Predictable,31.51,1,,,5,25.1,,120,Sound,,,
0,FORT,2,1,1776625433.396702,40.26,Game,1,Predictable,31.52,1,,,5,25.1,,120,Sound,,,
0,FORT,2,1,1776625433.396702,40.27,Game,1,Predictable,31.54,1,,,5,25.1,,120,Sound,,,
0,FORT,2,1,1776625433.396702,40.28,Game,1,Predictable,31.54,1,,,5,25.1,,120,Sound,,,
0,FORT,2,1,1776625433.396702,40.29,Game,1,Predictable,31.55,1,,,5,25.1,,120,Sound,,,
0,FORT,2,1,1776625433.396702,40.3,Game,1,Predictable,31.57,1,,,5,25.1,,120,Sound,,,
0,FORT,2,1,1776625433.396702,40.31,Game,1,Predictable,31.58,1,,,5,25.1,,120,Sound,,,
0,FORT,2,1,1776625433.396702,40.32,Game,1,Predictable,31.59,1,,,5,25.1,,120,Sound,,,
0,FORT,2,1,1776625433.396702,40.33,Game,1,Predictable,31.6,1,,,5,25.1,,120,Sound,,,
0,FORT,2,1,1776625433.396702,40.34,Game,1,Predictable,31.61,1,,,5,25.1,,120,Sound,,,
0,FORT,2,1,1776625433.396702,40.36,Game,1,Predictable,31.62,1,,,5,25.1,,120,Sound,,,
0,FORT,2,1,1776625433.396702,40.37,Game,1,Predictable,31.64,1,,,5,25.1,,120,Sound,,,
0,FORT,2,1,1776625433.396702,40.39,Game,1,Predictable,31.65,1,,,5,25.1,,120,Sound,,,
0,FORT,2,1,1776625433.396702,40.4,Game,1,Predictable,31.67,1,,,5,25.1,,120,Sound,,,
0,FORT,2,1,1776625433.396702,40.41,Game,1,Predictable,31.68,1,,,5,25.1,,120,Sound,,,
0,FORT,2,1,1776625433.396702,40.42,Game,1,Predictable,31.69,1,,,5,25.1,,120,Sound,,,
0,FORT,2,1,1776625433.396702,40.43,Game,1,Predictable,31.7,1,,,5,25.1,,120,Sound,,,
0,FORT,2,1,1776625433.396702,40.44,Game,1,Predictable,31.71,1,,,5,25.1,,120,Sound,,,
0,FORT,2,1,1776625433.396702,40.46,Game,1,Predictable,31.72,1,,,5,25.1,,120,Sound,,,
0,FORT,2,1,1776625433.396702,40.47,Game,1,Predictable,31.74,1,,,5,25.1,,120,Sound,,,
0,FORT,2,1,1776625433.396702,40.48,Game,1,Predictable,31.74,1,,,5,25.1,,120,Sound,,,
0,FORT,2,1,1776625433.396702,40.49,Game,1,Predictable,31.75,1,,,5,25.1,,120,Sound,,,
0,FORT,2,1,1776625433.396702,40.5,Game,1,Predictable,31.77,1,,,5,25.1,,120,Sound,,,
0,FORT,2,1,1776625433.396702,40.51,Game,1,Predictable,31.78,1,,,5,25.1,,120,Sound,,,
0,FORT,2,1,1776625433.396702,40.52,Game,1,Predictable,31.79,1,,,5,25.1,,120,Sound,,,
0,FORT,2,1,1776625433.396702,40.53,Game,1,Predictable,31.8,1,,,5,25.1,,120,Sound,,,
0,FORT,2,1,1776625433.396702,40.54,Game,1,Predictable,31.81,1,,,5,25.1,,120,Sound,,,
0,FORT,2,1,1776625433.396702,40.56,Game,1,Predictable,31.82,1,,,5,25.1,,120,Sound,,,
0,FORT,2,1,1776625433.396702,40.57,Game,1,Predictable,31.84,1,,,5,25.1,,120,Sound,,,
0,FORT,2,1,1776625433.396702,40.58,Game,1,Predictable,31.84,1,,,5,25.1,,120,Sound,,,
0,FORT,2,1,1776625433.396702,40.59,Game,1,Predictable,31.85,1,,,5,25.1,,120,Sound,,,
0,FORT,2,1,1776625433.396702,40.6,Game,1,Predictable,31.87,1,,,5,25.1,,120,Sound,,,
0,FORT,2,1,1776625433.396702,40.61,Game,1,Predictable,31.88,1,,,5,25.1,,120,Sound,,,
0,FORT,2,1,1776625433.396702,40.62,Game,1,Predictable,31.89,1,,,5,25.1,,120,Sound,,,
0,FORT,2,1,1776625433.396702,40.63,Game,1,Predictable,31.9,1,,,5,25.1,,120,Sound,,,
0,FORT,2,1,1776625433.396702,40.64,Game,1,Predictable,31.91,1,,,5,25.1,,120,Sound,,,
0,FORT,2,1,1776625433.396702,40.66,Game,1,Predictable,31.92,1,,,5,25.1,,120,Sound,,,
0,FORT,2,1,1776625433.396702,40.67,Game,1,Predictable,31.94,1,,,5,25.1,,120,Sound,,,
0,FORT,2,1,1776625433.396702,40.68,Game,1,Predictable,31.94,1,,,5,25.1,,120,Sound,,,
0,FORT,2,1,1776625433.396702,40.69,Game,1,Predictable,31.95,1,,,5,25.1,,120,Sound,,,
0,FORT,2,1,1776625433.396702,40.7,Game,1,Predictable,31.97,1,,,5,25.1,,120,Sound,,,
0,FORT,2,1,1776625433.396702,40.71,Game,1,Predictable,31.98,1,,,5,25.1,,120,Sound,,,
0,FORT,2,1,1776625433.396702,40.72,Game,1,Predictable,31.99,1,,,5,25.1,,120,Sound,,,
0,FORT,2,1,1776625433.396702,40.73,Game,1,Predictable,32.0,1,,,5,25.1,,120,Sound,,,
0,FORT,2,1,1776625433.396702,40.74,Game,1,Predictable,32.01,1,,,5,25.1,,120,Sound,,,
0,FORT,2,1,1776625433.396702,40.76,Game,1,Predictable,32.02,1,,,5,25.1,,120,Sound,,,
0,FORT,2,1,1776625433.396702,40.77,Game,1,Predictable,32.04,1,,,5,25.1,,120,Sound,,,
0,FORT,2,1,1776625433.396702,40.78,Game,1,Predictable,32.04,1,,,5,25.1,,120,Sound,,,
0,FORT,2,1,1776625433.396702,40.79,Game,1,Predictable,32.05,1,,,5,25.1,,120,Sound,,,
0,FORT,2,1,1776625433.396702,40.8,Game,1,Predictable,32.07,1,,,5,25.1,,120,Sound,,,
0,FORT,2,1,1776625433.396702,40.81,Game,1,Predictable,32.08,1,,,5,25.1,,120,Sound,,,
0,FORT,2,1,1776625433.396702,40.82,Game,1,Predictable,32.09,1,,,5,25.1,,120,Sound,,,
0,FORT,2,1,1776625433.396702,40.83,Game,1,Predictable,32.1,1,,,5,25.1,,120,Sound,,,
0,FORT,2,1,1776625433.396702,40.84,Game,1,Predictable,32.11,1,,,5,25.1,,120,Sound,,,
0,FORT,2,1,1776625433.396702,40.86,Game,1,Predictable,32.12,1,,,5,25.1,,120,Sound,,,
0,FORT,2,1,1776625433.396702,40.87,Game,1,Predictable,32.14,1,,,5,25.1,,120,Sound,,,
0,FORT,2,1,1776625433.396702,40.88,Game,1,Predictable,32.14,1,,,5,25.1,,120,Sound,,,
0,FORT,2,1,1776625433.396702,40.89,Game,1,Predictable,32.15,1,,,5,25.1,,120,Sound,,,
0,FORT,2,1,1776625433.396702,40.9,Game,1,Predictable,32.17,1,,,5,25.1,,120,Sound,,,
0,FORT,2,1,1776625433.396702,40.91,Game,1,Predictable,32.18,1,,,5,25.1,,120,Sound,,,
0,FORT,2,1,1776625433.396702,40.92,Game,1,Predictable,32.19,1,,,5,25.1,,120,Sound,,,
0,FORT,2,1,1776625433.396702,40.93,Game,1,Predictable,32.2,1,,,5,25.1,,120,Sound,,,
0,FORT,2,1,1776625433.396702,40.94,Game,1,Predictable,32.21,1,,,5,25.1,,120,Sound,,,
0,FORT,2,1,1776625433.396702,40.96,Game,1,Predictable,32.22,1,,,5,25.1,,120,Sound,,,
0,FORT,2,1,1776625433.396702,40.97,Game,1,Predictable,32.24,1,,,5,25.1,,120,Sound,,,
0,FORT,2,1,1776625433.396702,40.98,Game,1,Predictable,32.24,1,,,5,25.1,,120,Sound,,,
0,FORT,2,1,1776625433.396702,40.99,Game,1,Predictable,32.25,1,,,5,25.1,,120,Sound,,,
0,FORT,2,1,1776625433.396702,41.0,Game,1,Predictable,32.27,1,,,5,25.1,,120,Sound,,,
0,FORT,2,1,1776625433.396702,41.01,Game,1,Predictable,32.28,1,,,5,25.1,,120,Sound,,,
0,FORT,2,1,1776625433.396702,41.02,Game,1,Predictable,32.29,1,,,5,25.1,,120,Sound,,,
0,FORT,2,1,1776625433.396702,41.03,Game,1,Predictable,32.3,1,,,5,25.1,,120,Sound,,,
0,FORT,2,1,1776625433.396702,41.04,Game,1,Predictable,32.31,1,,,5,25.1,,120,Sound,,,
0,FORT,2,1,1776625433.396702,41.06,Game,1,Predictable,32.32,1,,,5,25.1,,120,Sound,,,
0,FORT,2,1,1776625433.396702,41.07,Game,1,Predictable,32.34,1,,,5,25.1,,120,Sound,,,
0,FORT,2,1,1776625433.396702,41.08,Game,1,Predictable,32.34,1,,,5,25.1,,120,Sound,,,
0,FORT,2,1,1776625433.396702,41.09,Game,1,Predictable,32.35,1,,,5,25.1,,120,Sound,,,
0,FORT,2,1,1776625433.396702,41.1,Game,1,Predictable,32.37,1,,,5,25.1,,120,Sound,,,
0,FORT,2,1,1776625433.396702,41.11,Game,1,Predictable,32.38,1,,,5,25.1,,120,Sound,,,
0,FORT,2,1,1776625433.396702,41.12,Game,1,Predictable,32.39,1,,,5,25.1,,120,Sound,,,
0,FORT,2,1,1776625433.396702,41.13,Game,1,Predictable,32.4,1,,,5,25.1,,120,Sound,,,
0,FORT,2,1,1776625433.396702,41.14,Game,1,Predictable,32.41,1,,,5,25.1,,120,Sound,,,
0,FORT,2,1,1776625433.396702,41.16,Game,1,Predictable,32.42,1,,,5,25.1,,120,Sound,,,
0,FORT,2,1,1776625433.396702,41.17,Game,1,Predictable,32.44,1,,,5,25.1,,120,Sound,,,
0,FORT,2,1,1776625433.396702,41.18,Game,1,Predictable,32.44,1,,,5,25.1,,120,Sound,,,
0,FORT,2,1,1776625433.396702,41.19,Game,1,Predictable,32.45,1,,,5,25.1,,120,Sound,,,
0,FORT,2,1,1776625433.396702,41.2,Game,1,Predictable,32.47,1,,,5,25.1,,120,Sound,,,
0,FORT,2,1,1776625433.396702,41.21,Game,1,Predictable,32.48,1,,,5,25.1,,120,Sound,,,
0,FORT,2,1,1776625433.396702,41.22,Game,1,Predictable,32.49,1,,,5,25.1,,120,Sound,,,
0,FORT,2,1,1776625433.396702,41.23,Game,1,Predictable,32.5,1,,,5,25.1,,120,Sound,,,
0,FORT,2,1,1776625433.396702,41.24,Game,1,Predictable,32.51,1,,,5,25.1,,120,Sound,,,
0,FORT,2,1,1776625433.396702,41.26,Game,1,Predictable,32.52,1,,,5,25.1,,120,Sound,,,
0,FORT,2,1,1776625433.396702,41.27,Game,1,Predictable,32.54,1,,,5,25.1,,120,Sound,,,
0,FORT,2,1,1776625433.396702,41.28,Game,1,Predictable,32.54,1,,,5,25.1,,120,Sound,,,
0,FORT,2,1,1776625433.396702,41.29,Game,1,Predictable,32.55,1,,,5,25.1,,120,Sound,,,
0,FORT,2,1,1776625433.396702,41.3,Game,1,Predictable,32.57,1,,,5,25.1,,120,Sound,,,
0,FORT,2,1,1776625433.396702,41.31,Game,1,Predictable,32.58,1,,1,5,25.1,,122,Sound,,,
0,FORT,2,1,1776625433.396702,41.37,Game,1,Predictable,32.58,1,,1,5,25.1,,122,Sound,,,
0,FORT,2,1,1776625433.396702,41.42,Game,1,Predictable,32.58,1,,1,5,25.1,,122,Sound,,,
0,FORT,2,1,1776625433.396702,41.47,Game,1,Predictable,32.58,1,,1,5,25.1,,122,Sound,,,
0,FORT,2,1,1776625433.396702,41.53,Game,1,Predictable,32.58,1,,1,5,25.1,,122,Sound,,,
0,FORT,2,1,1776625433.396702,41.58,Game,1,Predictable,32.58,1,,1,5,25.1,,122,Sound,,,
0,FORT,2,1,1776625433.396702,41.63,Game,1,Predictable,32.58,1,,1,5,25.1,,122,Sound,,,
0,FORT,2,1,1776625433.396702,41.69,Game,1,Predictable,32.58,1,,1,5,25.1,,122,Sound,,,
0,FORT,2,1,1776625433.396702,41.74,Game,1,Predictable,32.58,1,,1,5,25.1,,122,Sound,,,
0,FORT,2,1,1776625433.396702,41.8,Game,1,Predictable,32.58,1,,1,5,25.1,,122,Sound,,,
0,FORT,2,1,1776625433.396702,41.85,Game,1,Predictable,32.58,1,,1,5,25.1,,122,Sound,,,
0,FORT,2,1,1776625433.396702,41.9,Game,1,Predictable,32.58,1,,1,5,25.1,,122,Sound,,,
0,FORT,2,1,1776625433.396702,41.96,Game,1,Predictable,32.58,1,,1,5,25.1,,122,Sound,,,
0,FORT,2,1,1776625433.396702,42.01,Game,1,Predictable,32.58,1,,1,5,25.1,,122,Sound,,,
0,FORT,2,1,1776625433.396702,42.06,Game,1,Predictable,32.58,1,,1,5,25.1,,122,Sound,,,
0,FORT,2,1,1776625433.396702,42.12,Game,1,Predictable,32.58,1,,1,5,25.1,,122,Sound,,,
0,FORT,2,1,1776625433.396702,42.17,Game,1,Predictable,32.58,1,,1,5,25.1,,122,Sound,,,
0,FORT,2,1,1776625433.396702,42.23,Game,1,Predictable,32.58,1,,1,5,25.1,,122,Sound,,,
0,FORT,2,1,1776625433.396702,42.28,Game,1,Predictable,32.58,1,,1,5,25.1,,122,Sound,,,
0,FORT,2,1,1776625433.396702,42.33,Game,1,Predictable,32.58,1,,1,5,25.1,,122,Sound,,,
0,FORT,2,1,1776625433.396702,42.39,Game,1,Predictable,32.58,1,,1,5,25.1,,122,Sound,,,
0,FORT,2,1,1776625433.396702,42.44,Game,1,Predictable,32.58,1,,1,5,25.1,,122,Sound,,,
0,FORT,2,1,1776625433.396702,42.49,Game,1,Predictable,32.58,1,,1,5,25.1,,122,Sound,,,
0,FORT,2,1,1776625433.396702,42.55,Game,1,Predictable,32.58,1,,1,5,25.1,,122,Sound,,,
0,FORT,2,1,1776625433.396702,42.6,Game,1,Predictable,32.58,1,,1,5,25.1,,122,Sound,,,
0,FORT,2,1,1776625433.396702,42.66,Game,1,Predictable,32.58,1,,1,5,25.1,,122,Sound,,,
0,FORT,2,1,1776625433.396702,42.71,Game,1,Predictable,32.58,1,,1,5,25.1,,122,Sound,,,
0,FORT,2,1,1776625433.396702,42.76,Game,1,Predictable,32.58,1,,1,5,25.1,,122,Sound,,,
0,FORT,2,1,1776625433.396702,42.82,Game,1,Predictable,32.58,1,,,5,25.1,,120,Sound,,,
0,FORT,2,1,1776625433.396702,42.83,Game,1,Predictable,34.1,1,,,5,25.1,,120,Sound,,,
0,FORT,2,1,1776625433.396702,42.84,Game,1,Predictable,34.11,1,,,5,25.1,,120,Sound,,,
0,FORT,2,1,1776625433.396702,42.85,Game,1,Predictable,34.12,1,,,5,25.1,,120,Sound,,,
0,FORT,2,1,1776625433.396702,42.86,Game,1,Predictable,34.12,1,,,5,25.1,,120,Sound,,,
0,FORT,2,1,1776625433.396702,42.86,Game,1,Predictable,34.13,1,,,5,25.1,,120,Sound,,,
0,FORT,2,1,1776625433.396702,42.87,Game,1,Predictable,34.14,1,,,5,25.1,,120,Sound,,,
0,FORT,2,1,1776625433.396702,42.88,Game,1,Predictable,34.15,1,,,5,25.1,,120,Sound,,,
0,FORT,2,1,1776625433.396702,42.89,Game,1,Predictable,34.16,1,,,5,25.1,,120,Sound,,,
0,FORT,2,1,1776625433.396702,42.9,Game,1,Predictable,34.17,1,,,5,25.1,,120,Sound,,,
0,FORT,2,1,1776625433.396702,42.91,Game,1,Predictable,34.17,1,,,5,25.1,,120,Sound,,,
0,FORT,2,1,1776625433.396702,42.91,Game,1,Predictable,34.18,1,,,5,25.1,,120,Sound,,,
0,FORT,2,1,1776625433.396702,42.92,Game,1,Predictable,34.19,1,,,5,25.1,,120,Sound,,,
0,FORT,2,1,1776625433.396702,42.93,Game,1,Predictable,34.2,1,,,5,25.1,,120,Sound,,,
0,FORT,2,1,1776625433.396702,42.94,Game,1,Predictable,34.21,1,,,5,25.1,,120,Sound,,,
0,FORT,2,1,1776625433.396702,42.95,Game,1,Predictable,34.22,1,,,5,25.1,,120,Sound,,,
0,FORT,2,1,1776625433.396702,42.96,Game,1,Predictable,34.22,1,,,5,25.1,,120,Sound,,,
0,FORT,2,1,1776625433.396702,42.96,Game,1,Predictable,34.23,1,,,5,25.1,,120,Sound,,,
0,FORT,2,1,1776625433.396702,42.97,Game,1,Predictable,34.24,1,,,5,25.1,,120,Sound,,,
0,FORT,2,1,1776625433.396702,42.98,Game,1,Predictable,34.25,1,,,5,25.1,,120,Sound,,,
0,FORT,2,1,1776625433.396702,42.99,Game,1,Predictable,34.26,1,,,5,25.1,,120,Sound,,,
0,FORT,2,1,1776625433.396702,43.0,Game,1,Predictable,34.27,1,,,5,25.1,,120,Sound,,,
0,FORT,2,1,1776625433.396702,43.01,Game,1,Predictable,34.27,1,,,5,25.1,,120,Sound,,,
0,FORT,2,1,1776625433.396702,43.01,Game,1,Predictable,34.28,1,,,5,25.1,,120,Sound,,,
0,FORT,2,1,1776625433.396702,43.02,Game,1,Predictable,34.29,1,,,5,25.1,,120,Sound,,,
0,FORT,2,1,1776625433.396702,43.03,Game,1,Predictable,34.3,1,,,5,25.1,,120,Sound,,,
0,FORT,2,1,1776625433.396702,43.04,Game,1,Predictable,34.31,1,,,5,25.1,,120,Sound,,,
0,FORT,2,1,1776625433.396702,43.05,Game,1,Predictable,34.32,1,,,5,25.1,,120,Sound,,,
0,FORT,2,1,1776625433.396702,43.06,Game,1,Predictable,34.32,1,,,5,25.1,,120,Sound,,,
0,FORT,2,1,1776625433.396702,43.06,Game,1,Predictable,34.33,1,,,5,25.1,,120,Sound,,,
0,FORT,2,1,1776625433.396702,43.07,Game,1,Predictable,34.34,1,,,5,25.1,,120,Sound,,,
0,FORT,2,1,1776625433.396702,43.08,Game,1,Predictable,34.35,1,,,5,25.1,,120,Sound,,,
0,FORT,2,1,1776625433.396702,43.09,Game,1,Predictable,34.36,1,,,5,25.1,,120,Sound,,,
0,FORT,2,1,1776625433.396702,43.1,Game,1,Predictable,34.37,1,,,5,25.1,,120,Sound,,,
0,FORT,2,1,1776625433.396702,43.11,Game,1,Predictable,34.37,1,,,5,25.1,,120,Sound,,,
0,FORT,2,1,1776625433.396702,43.11,Game,1,Predictable,34.38,1,,,5,25.1,,120,Sound,,,
0,FORT,2,1,1776625433.396702,43.12,Game,1,Predictable,34.39,1,,,5,25.1,,120,Sound,,,
0,FORT,2,1,1776625433.396702,43.13,Game,1,Predictable,34.4,1,,,5,25.1,,120,Sound,,,
0,FORT,2,1,1776625433.396702,43.14,Game,1,Predictable,34.41,1,,,5,25.1,,120,Sound,,,
0,FORT,2,1,1776625433.396702,43.15,Game,1,Predictable,34.42,1,,,5,25.1,,120,Sound,,,
0,FORT,2,1,1776625433.396702,43.16,Game,1,Predictable,34.42,1,,,5,25.1,,120,Sound,,,
0,FORT,2,1,1776625433.396702,43.16,Game,1,Predictable,34.43,1,,,5,25.1,,120,Sound,,,
0,FORT,2,1,1776625433.396702,43.17,Game,1,Predictable,34.44,1,,,5,25.1,,120,Sound,,,
0,FORT,2,1,1776625433.396702,43.18,Game,1,Predictable,34.45,1,,,5,25.1,,120,Sound,,,
0,FORT,2,1,1776625433.396702,43.19,Game,1,Predictable,34.46,1,,,5,25.1,,120,Sound,,,
0,FORT,2,1,1776625433.396702,43.2,Game,1,Predictable,34.47,1,,,5,25.1,,120,Sound,,,
0,FORT,2,1,1776625433.396702,43.21,Game,1,Predictable,34.47,1,,,5,25.1,,120,Sound,,,
0,FORT,2,1,1776625433.396702,43.21,Game,1,Predictable,34.48,1,,,5,25.1,,120,Sound,,,
0,FORT,2,1,1776625433.396702,43.22,Game,1,Predictable,34.49,1,,,5,25.1,,120,Sound,,,
0,FORT,2,1,1776625433.396702,43.23,Game,1,Predictable,34.5,1,,,5,25.1,,120,Sound,,,
0,FORT,2,1,1776625433.396702,43.24,Game,1,Predictable,34.51,1,,,5,25.1,,120,Sound,,,
0,FORT,2,1,1776625433.396702,43.25,Game,1,Predictable,34.52,1,,,5,25.1,,120,Sound,,,
0,FORT,2,1,1776625433.396702,43.26,Game,1,Predictable,34.52,1,,,5,25.1,,120,Sound,,,
0,FORT,2,1,1776625433.396702,43.26,Game,1,Predictable,34.53,1,,,5,25.1,,120,Sound,,,
0,FORT,2,1,1776625433.396702,43.27,Game,1,Predictable,34.54,1,,,5,25.1,,120,Sound,,,
0,FORT,2,1,1776625433.396702,43.28,Game,1,Predictable,34.55,1,,,5,25.1,,120,Sound,,,
0,FORT,2,1,1776625433.396702,43.29,Game,1,Predictable,34.56,1,,,5,25.1,,120,Sound,,,
0,FORT,2,1,1776625433.396702,43.3,Game,1,Predictable,34.57,1,,,5,25.1,,120,Sound,,,
0,FORT,2,1,1776625433.396702,43.31,Game,1,Predictable,34.57,1,,,5,25.1,,120,Sound,,,
0,FORT,2,1,1776625433.396702,43.31,Game,1,Predictable,34.58,1,,,5,25.1,,120,Sound,,,
0,FORT,2,1,1776625433.396702,43.32,Game,1,Predictable,34.59,1,,,5,25.1,,120,Sound,,,
0,FORT,2,1,1776625433.396702,43.33,Game,1,Predictable,34.6,1,,,5,25.1,,120,Sound,,,
0,FORT,2,1,1776625433.396702,43.34,Game,1,Predictable,34.61,1,,,5,25.1,,120,Sound,,,
0,FORT,2,1,1776625433.396702,43.35,Game,1,Predictable,34.62,1,,,5,25.1,,120,Sound,,,
0,FORT,2,1,1776625433.396702,43.36,Game,1,Predictable,34.62,1,,,5,25.1,,120,Sound,,,
0,FORT,2,1,1776625433.396702,43.36,Game,1,Predictable,34.63,1,,,5,25.1,,120,Sound,,,
0,FORT,2,1,1776625433.396702,43.37,Game,1,Predictable,34.64,1,,,5,25.1,,120,Sound,,,
0,FORT,2,1,1776625433.396702,43.38,Game,1,Predictable,34.65,1,,,5,25.1,,120,Sound,,,
0,FORT,2,1,1776625433.396702,43.39,Game,1,Predictable,34.66,1,,,5,25.1,,120,Sound,,,
0,FORT,2,1,1776625433.396702,43.4,Game,1,Predictable,34.67,1,,,5,25.1,,120,Sound,,,
0,FORT,2,1,1776625433.396702,43.41,Game,1,Predictable,34.67,1,,,5,25.1,,120,Sound,,,
0,FORT,2,1,1776625433.396702,43.41,Game,1,Predictable,34.68,1,,,5,25.1,,120,Sound,,,
0,FORT,2,1,1776625433.396702,43.42,Game,1,Predictable,34.69,1,,,5,25.1,,120,Sound,,,
0,FORT,2,1,1776625433.396702,43.43,Game,1,Predictable,34.7,1,,,5,25.1,,120,Sound,,,
0,FORT,2,1,1776625433.396702,43.44,Game,1,Predictable,34.71,1,,,5,25.1,,120,Sound,,,
0,FORT,2,1,1776625433.396702,43.45,Game,1,Predictable,34.72,1,,,5,25.1,,120,Sound,,,
0,FORT,2,1,1776625433.396702,43.46,Game,1,Predictable,34.72,1,,,5,25.1,,120,Sound,,,
0,FORT,2,1,1776625433.396702,43.46,Game,1,Predictable,34.73,1,,,5,25.1,,120,Sound,,,
0,FORT,2,1,1776625433.396702,43.47,Game,1,Predictable,34.74,1,,,5,25.1,,120,Sound,,,
0,FORT,2,1,1776625433.396702,43.48,Game,1,Predictable,34.75,1,,,5,25.1,,120,Sound,,,
0,FORT,2,1,1776625433.396702,43.49,Game,1,Predictable,34.76,1,,,5,25.1,,120,Sound,,,
0,FORT,2,1,1776625433.396702,43.5,Game,1,Predictable,34.77,1,,,5,25.1,,120,Sound,,,
0,FORT,2,1,1776625433.396702,43.51,Game,1,Predictable,34.77,1,,,5,25.1,,120,Sound,,,
0,FORT,2,1,1776625433.396702,43.51,Game,1,Predictable,34.78,1,,,5,25.1,,120,Sound,,,
0,FORT,2,1,1776625433.396702,43.52,Game,1,Predictable,34.79,1,,,5,25.1,,120,Sound,,,
0,FORT,2,1,1776625433.396702,43.53,Game,1,Predictable,34.8,1,,,5,25.1,,120,Sound,,,
0,FORT,2,1,1776625433.396702,43.54,Game,1,Predictable,34.81,1,,,5,25.1,,120,Sound,,,
0,FORT,2,1,1776625433.396702,43.55,Game,1,Predictable,34.82,1,,,5,25.1,,120,Sound,,,
0,FORT,2,1,1776625433.396702,43.56,Game,1,Predictable,34.82,1,,,5,25.1,,120,Sound,,,
0,FORT,2,1,1776625433.396702,43.56,Game,1,Predictable,34.83,1,,,5,25.1,,120,Sound,,,
0,FORT,2,1,1776625433.396702,43.57,Game,1,Predictable,34.84,1,,,5,25.1,,120,Sound,,,
0,FORT,2,1,1776625433.396702,43.58,Game,1,Predictable,34.85,1,,,5,25.1,,120,Sound,,,
0,FORT,2,1,1776625433.396702,43.59,Game,1,Predictable,34.86,1,,,5,25.1,,120,Sound,,,
0,FORT,2,1,1776625433.396702,43.6,Game,1,Predictable,34.87,1,,,5,25.1,,120,Sound,,,
0,FORT,2,1,1776625433.396702,43.61,Game,1,Predictable,34.87,1,,,5,25.1,,120,Sound,,,
0,FORT,2,1,1776625433.396702,43.61,Game,1,Predictable,34.88,1,,,5,25.1,,120,Sound,,,
0,FORT,2,1,1776625433.396702,43.62,Game,1,Predictable,34.89,1,,,5,25.1,,120,Sound,,,
0,FORT,2,1,1776625433.396702,43.63,Game,1,Predictable,34.9,1,,,5,25.1,,120,Sound,,,
0,FORT,2,1,1776625433.396702,43.64,Game,1,Predictable,34.91,1,,,5,25.1,,120,Sound,,,
0,FORT,2,1,1776625433.396702,43.65,Game,1,Predictable,34.92,1,,,5,25.1,,120,Sound,,,
0,FORT,2,1,1776625433.396702,43.66,Game,1,Predictable,34.92,1,,,5,25.1,,120,Sound,,,
0,FORT,2,1,1776625433.396702,43.66,Game,1,Predictable,34.93,1,,,5,25.1,,120,Sound,,,
0,FORT,2,1,1776625433.396702,43.67,Game,1,Predictable,34.94,1,,,5,25.1,,120,Sound,,,
0,FORT,2,1,1776625433.396702,43.68,Game,1,Predictable,34.95,1,,,5,25.1,,120,Sound,,,
0,FORT,2,1,1776625433.396702,43.69,Game,1,Predictable,34.96,1,,,5,25.1,,120,Sound,,,
0,FORT,2,1,1776625433.396702,43.7,Game,1,Predictable,34.97,1,,,5,25.1,,120,Sound,,,
0,FORT,2,1,1776625433.396702,43.71,Game,1,Predictable,34.98,1,,,5,25.1,,120,Sound,,,
0,FORT,2,1,1776625433.396702,43.72,Game,1,Predictable,34.99,1,,,5,25.1,,120,Sound,,,
0,FORT,2,1,1776625433.396702,43.73,Game,1,Predictable,35.0,1,,,5,25.1,,120,Sound,,,
0,FORT,2,1,1776625433.396702,43.74,Game,1,Predictable,35.01,1,,,5,25.1,,120,Sound,,,
0,FORT,2,1,1776625433.396702,43.75,Game,1,Predictable,35.02,1,,,5,25.1,,120,Sound,,,
0,FORT,2,1,1776625433.396702,43.76,Game,1,Predictable,35.02,1,,,5,25.1,,120,Sound,,,
0,FORT,2,1,1776625433.396702,43.76,Game,1,Predictable,35.03,1,,,5,25.1,,120,Sound,,,
0,FORT,2,1,1776625433.396702,43.77,Game,1,Predictable,35.04,1,,,5,25.1,,120,Sound,,,
0,FORT,2,1,1776625433.396702,43.78,Game,1,Predictable,35.05,1,,,5,25.1,,120,Sound,,,
0,FORT,2,1,1776625433.396702,43.79,Game,1,Predictable,35.06,1,,,5,25.1,,120,Sound,,,
0,FORT,2,1,1776625433.396702,43.8,Game,1,Predictable,35.07,1,,,5,25.1,,120,Sound,,,
0,FORT,2,1,1776625433.396702,43.81,Game,1,Predictable,35.07,1,,,5,25.1,,120,Sound,,,
0,FORT,2,1,1776625433.396702,43.81,Game,1,Predictable,35.08,1,,,5,25.1,,120,Sound,,,
0,FORT,2,1,1776625433.396702,43.83,Game,1,Predictable,35.09,1,,,5,25.1,,120,Sound,,,
0,FORT,2,1,1776625433.396702,43.84,Game,1,Predictable,35.1,1,,,5,25.1,,120,Sound,,,
0,FORT,2,1,1776625433.396702,43.85,Game,1,Predictable,35.12,1,,,5,25.1,,120,Sound,,,
0,FORT,2,1,1776625433.396702,43.86,Game,1,Predictable,35.12,1,,,5,25.1,,120,Sound,,,
0,FORT,2,1,1776625433.396702,43.86,Game,1,Predictable,35.13,1,,,5,25.1,,120,Sound,,,
0,FORT,2,1,1776625433.396702,43.87,Game,1,Predictable,35.14,1,,,5,25.1,,120,Sound,,,
0,FORT,2,1,1776625433.396702,43.88,Game,1,Predictable,35.15,1,,,5,25.1,,120,Sound,,,
0,FORT,2,1,1776625433.396702,43.89,Game,1,Predictable,35.16,1,,,5,25.1,,120,Sound,,,
0,FORT,2,1,1776625433.396702,43.9,Game,1,Predictable,35.17,1,,,5,25.1,,120,Sound,,,
0,FORT,2,1,1776625433.396702,43.91,Game,1,Predictable,35.17,1,,,5,25.1,,120,Sound,,,
0,FORT,2,1,1776625433.396702,43.91,Game,1,Predictable,35.18,1,,,5,25.1,,120,Sound,,,
0,FORT,2,1,1776625433.396702,43.92,Game,1,Predictable,35.19,1,,,5,25.1,,120,Sound,,,
0,FORT,2,1,1776625433.396702,43.93,Game,1,Predictable,35.2,1,,,5,25.1,,120,Sound,,,
0,FORT,2,1,1776625433.396702,43.94,Game,1,Predictable,35.21,1,,,5,25.1,,120,Sound,,,
0,FORT,2,1,1776625433.396702,43.95,Game,1,Predictable,35.22,1,,,5,25.1,,120,Sound,,,
0,FORT,2,1,1776625433.396702,43.96,Game,1,Predictable,35.22,1,,,5,25.1,,120,Sound,,,
0,FORT,2,1,1776625433.396702,43.96,Game,1,Predictable,35.23,1,,,5,25.1,,120,Sound,,,
0,FORT,2,1,1776625433.396702,43.97,Game,1,Predictable,35.24,1,,,5,25.1,,120,Sound,,,
0,FORT,2,1,1776625433.396702,43.98,Game,1,Predictable,35.25,1,,,5,25.1,,120,Sound,,,
0,FORT,2,1,1776625433.396702,43.99,Game,1,Predictable,35.26,1,,,5,25.1,,120,Sound,,,
0,FORT,2,1,1776625433.396702,44.0,Game,1,Predictable,35.27,1,,,5,25.1,,120,Sound,,,
0,FORT,2,1,1776625433.396702,44.01,Game,1,Predictable,35.27,1,,,5,25.1,,120,Sound,,,
0,FORT,2,1,1776625433.396702,44.01,Game,1,Predictable,35.28,1,,,5,25.1,,120,Sound,,,
0,FORT,2,1,1776625433.396702,44.02,Game,1,Predictable,35.29,1,,,5,25.1,,120,Sound,,,
0,FORT,2,1,1776625433.396702,44.03,Game,1,Predictable,35.3,1,,,5,25.1,,120,Sound,,,
0,FORT,2,1,1776625433.396702,44.04,Game,1,Predictable,35.31,1,,,5,25.1,,120,Sound,,,
0,FORT,2,1,1776625433.396702,44.05,Game,1,Predictable,35.32,1,,,5,25.1,,120,Sound,,,
0,FORT,2,1,1776625433.396702,44.06,Game,1,Predictable,35.32,1,,,5,25.1,,120,Sound,,,
0,FORT,2,1,1776625433.396702,44.06,Game,1,Predictable,35.33,1,,,5,25.1,,120,Sound,,,
0,FORT,2,1,1776625433.396702,44.07,Game,1,Predictable,35.34,1,,,5,25.1,,120,Sound,,,
0,FORT,2,1,1776625433.396702,44.08,Game,1,Predictable,35.35,1,,,5,25.1,,120,Sound,,,
0,FORT,2,1,1776625433.396702,44.09,Game,1,Predictable,35.36,1,,,5,25.1,,120,Sound,,,
0,FORT,2,1,1776625433.396702,44.1,Game,1,Predictable,35.37,1,,,5,25.1,,120,Sound,,,
0,FORT,2,1,1776625433.396702,44.11,Game,1,Predictable,35.37,1,,,5,25.1,,120,Sound,,,
0,FORT,2,1,1776625433.396702,44.11,Game,1,Predictable,35.38,1,,,5,25.1,,120,Sound,,,
0,FORT,2,1,1776625433.396702,44.12,Game,1,Predictable,35.39,1,,,5,25.1,,120,Sound,,,
0,FORT,2,1,1776625433.396702,44.13,Game,1,Predictable,35.4,1,,,5,25.1,,120,Sound,,,
0,FORT,2,1,1776625433.396702,44.14,Game,1,Predictable,35.41,1,,,5,25.1,,120,Sound,,,
0,FORT,2,1,1776625433.396702,44.15,Game,1,Predictable,35.42,1,,,5,25.1,,120,Sound,,,
0,FORT,2,1,1776625433.396702,44.16,Game,1,Predictable,35.42,1,,,5,25.1,,120,Sound,,,
0,FORT,2,1,1776625433.396702,44.16,Game,1,Predictable,35.43,1,,,5,25.1,,120,Sound,,,
0,FORT,2,1,1776625433.396702,44.17,Game,1,Predictable,35.44,1,,,5,25.1,,120,Sound,,,
0,FORT,2,1,1776625433.396702,44.18,Game,1,Predictable,35.45,1,,,5,25.1,,120,Sound,,,
0,FORT,2,1,1776625433.396702,44.19,Game,1,Predictable,35.46,1,,,5,25.1,,120,Sound,,,
0,FORT,2,1,1776625433.396702,44.2,Game,1,Predictable,35.47,1,,,5,25.1,,120,Sound,,,
0,FORT,2,1,1776625433.396702,44.21,Game,1,Predictable,35.47,1,,,5,25.1,,120,Sound,,,
0,FORT,2,1,1776625433.396702,44.21,Game,1,Predictable,35.48,1,,,5,25.1,,120,Sound,,,
0,FORT,2,1,1776625433.396702,44.22,Game,1,Predictable,35.49,1,,,5,25.1,,120,Sound,,,
0,FORT,2,1,1776625433.396702,44.23,Game,1,Predictable,35.5,1,,,5,25.1,,120,Sound,,,
0,FORT,2,1,1776625433.396702,44.24,Game,1,Predictable,35.51,1,,,5,25.1,,120,Sound,,,
0,FORT,2,1,1776625433.396702,44.25,Game,1,Predictable,35.52,1,,,5,25.1,,120,Sound,,,
0,FORT,2,1,1776625433.396702,44.26,Game,1,Predictable,35.52,1,,,5,25.1,,120,Sound,,,
0,FORT,2,1,1776625433.396702,44.26,Game,1,Predictable,35.53,1,,,5,25.1,,120,Sound,,,
0,FORT,2,1,1776625433.396702,44.27,Game,1,Predictable,35.54,1,,,5,25.1,,120,Sound,,,
0,FORT,2,1,1776625433.396702,44.28,Game,1,Predictable,35.55,1,,,5,25.1,,120,Sound,,,
0,FORT,2,1,1776625433.396702,44.29,Game,1,Predictable,35.56,1,,,5,25.1,,120,Sound,,,
0,FORT,2,1,1776625433.396702,44.3,Game,1,Predictable,35.57,1,,,5,25.1,,120,Sound,,,
0,FORT,2,1,1776625433.396702,44.31,Game,1,Predictable,35.57,1,,,5,25.1,,120,Sound,,,
0,FORT,2,1,1776625433.396702,44.31,Game,1,Predictable,35.58,1,,,5,25.1,,120,Sound,,,
0,FORT,2,1,1776625433.396702,44.32,Game,1,Predictable,35.59,1,,,5,25.1,,120,Sound,,,
0,FORT,2,1,1776625433.396702,44.33,Game,1,Predictable,35.6,1,,,5,25.1,,120,Sound,,,
0,FORT,2,1,1776625433.396702,44.34,Game,1,Predictable,35.61,1,,,5,25.1,,120,Sound,,,
0,FORT,2,1,1776625433.396702,44.35,Game,1,Predictable,35.62,1,,,5,25.1,,120,Sound,,,
0,FORT,2,1,1776625433.396702,44.36,Game,1,Predictable,35.62,1,,,5,25.1,,120,Sound,,,
0,FORT,2,1,1776625433.396702,44.36,Game,1,Predictable,35.63,1,,,5,25.1,,120,Sound,,,
0,FORT,2,1,1776625433.396702,44.37,Game,1,Predictable,35.64,1,,,5,25.1,,120,Sound,,,
0,FORT,2,1,1776625433.396702,44.38,Game,1,Predictable,35.65,1,,,5,25.1,,120,Sound,,,
0,FORT,2,1,1776625433.396702,44.39,Game,1,Predictable,35.66,1,,,5,25.1,,120,Sound,,,
0,FORT,2,1,1776625433.396702,44.4,Game,1,Predictable,35.67,1,,,5,25.1,,120,Sound,,,
0,FORT,2,1,1776625433.396702,44.41,Game,1,Predictable,35.67,1,,,5,25.1,,120,Sound,,,
0,FORT,2,1,1776625433.396702,44.41,Game,1,Predictable,35.68,1,,,5,25.1,,120,Sound,,,
0,FORT,2,1,1776625433.396702,44.42,Game,1,Predictable,35.69,1,,,5,25.1,,120,Sound,,,
0,FORT,2,1,1776625433.396702,44.43,Game,1,Predictable,35.7,1,,,5,25.1,,120,Sound,,,
0,FORT,2,1,1776625433.396702,44.44,Game,1,Predictable,35.71,1,,,5,25.1,,120,Sound,,,
0,FORT,2,1,1776625433.396702,44.45,Game,1,Predictable,35.72,1,,,5,25.1,,120,Sound,,,
0,FORT,2,1,1776625433.396702,44.46,Game,1,Predictable,35.72,1,,,5,25.1,,120,Sound,,,
0,FORT,2,1,1776625433.396702,44.46,Game,1,Predictable,35.73,1,,,5,25.1,,120,Sound,,,
0,FORT,2,1,1776625433.396702,44.47,Game,1,Predictable,35.74,1,,,5,25.1,,120,Sound,,,
0,FORT,2,1,1776625433.396702,44.48,Game,1,Predictable,35.75,1,,,5,25.1,,120,Sound,,,
0,FORT,2,1,1776625433.396702,44.49,Game,1,Predictable,35.76,1,,,5,25.1,,120,Sound,,,
0,FORT,2,1,1776625433.396702,44.5,Game,1,Predictable,35.77,1,,,5,25.1,,120,Sound,,,
0,FORT,2,1,1776625433.396702,44.51,Game,1,Predictable,35.77,1,,,5,25.1,,120,Sound,,,
0,FORT,2,1,1776625433.396702,44.51,Game,1,Predictable,35.78,1,,,5,25.1,,120,Sound,,,
0,FORT,2,1,1776625433.396702,44.52,Game,1,Predictable,35.79,1,,,5,25.1,,120,Sound,,,
0,FORT,2,1,1776625433.396702,44.53,Game,1,Predictable,35.8,1,,,5,25.1,,120,Sound,,,
0,FORT,2,1,1776625433.396702,44.54,Game,1,Predictable,35.81,1,,,5,25.1,,120,Sound,,,
0,FORT,2,1,1776625433.396702,44.55,Game,1,Predictable,35.82,1,,,5,25.1,,120,Sound,,,
0,FORT,2,1,1776625433.396702,44.56,Game,1,Predictable,35.82,1,,,5,25.1,,120,Sound,,,
0,FORT,2,1,1776625433.396702,44.56,Game,1,Predictable,35.83,1,,,5,25.1,,120,Sound,,,
0,FORT,2,1,1776625433.396702,44.57,Game,1,Predictable,35.84,1,,,5,25.1,,120,Sound,,,
0,FORT,2,1,1776625433.396702,44.58,Game,1,Predictable,35.85,1,,,5,25.1,,120,Sound,,,
0,FORT,2,1,1776625433.396702,44.59,Game,1,Predictable,35.86,1,,,5,25.1,,120,Sound,,,
0,FORT,2,1,1776625433.396702,44.6,Game,1,Predictable,35.87,1,,,5,25.1,,120,Sound,,,
0,FORT,2,1,1776625433.396702,44.61,Game,1,Predictable,35.87,1,,,5,25.1,,120,Sound,,,
0,FORT,2,1,1776625433.396702,44.61,Game,1,Predictable,35.88,1,,,5,25.1,,120,Sound,,,
0,FORT,2,1,1776625433.396702,44.62,Game,1,Predictable,35.89,1,,,5,25.1,,120,Sound,,,
0,FORT,2,1,1776625433.396702,44.63,Game,1,Predictable,35.9,1,,,5,25.1,,120,Sound,,,
0,FORT,2,1,1776625433.396702,44.64,Game,1,Predictable,35.91,1,,,5,25.1,,120,Sound,,,
0,FORT,2,1,1776625433.396702,44.65,Game,1,Predictable,35.92,1,,,5,25.1,,120,Sound,,,
0,FORT,2,1,1776625433.396702,44.66,Game,1,Predictable,35.92,1,,,5,25.1,,120,Sound,,,
0,FORT,2,1,1776625433.396702,44.66,Game,1,Predictable,35.93,1,,,5,25.1,,120,Sound,,,
0,FORT,2,1,1776625433.396702,44.67,Game,1,Predictable,35.94,1,,,5,25.1,,120,Sound,,,
0,FORT,2,1,1776625433.396702,44.68,Game,1,Predictable,35.95,1,,,5,25.1,,120,Sound,,,
0,FORT,2,1,1776625433.396702,44.69,Game,1,Predictable,35.96,1,,,5,25.1,,120,Sound,,,
0,FORT,2,1,1776625433.396702,44.7,Game,1,Predictable,35.97,1,,,5,25.1,,120,Sound,,,
0,FORT,2,1,1776625433.396702,44.71,Game,1,Predictable,35.97,1,,,5,25.1,,120,Sound,,,
0,FORT,2,1,1776625433.396702,44.71,Game,1,Predictable,35.98,1,,,5,25.1,,120,Sound,,,
0,FORT,2,1,1776625433.396702,44.72,Game,1,Predictable,35.99,1,,,5,25.1,,120,Sound,,,
0,FORT,2,1,1776625433.396702,44.73,Game,1,Predictable,36.0,1,,,5,25.1,,120,Sound,,,
0,FORT,2,1,1776625433.396702,44.74,Game,1,Predictable,36.01,1,,,5,25.1,,120,Sound,,,
0,FORT,2,1,1776625433.396702,44.75,Game,1,Predictable,36.02,1,,,5,25.1,,120,Sound,,,
0,FORT,2,1,1776625433.396702,44.76,Game,1,Predictable,36.02,1,,,5,25.1,,120,Sound,,,
0,FORT,2,1,1776625433.396702,44.76,Game,1,Predictable,36.03,1,,,5,25.1,,120,Sound,,,
0,FORT,2,1,1776625433.396702,44.77,Game,1,Predictable,36.04,1,,,5,25.1,,120,Sound,,,
0,FORT,2,1,1776625433.396702,44.78,Game,1,Predictable,36.05,1,,,5,25.1,,120,Sound,,,
0,FORT,2,1,1776625433.396702,44.79,Game,1,Predictable,36.06,1,,,5,25.1,,120,Sound,,,
0,FORT,2,1,1776625433.396702,44.8,Game,1,Predictable,36.07,1,,,5,25.1,,120,Sound,,,
0,FORT,2,1,1776625433.396702,44.81,Game,1,Predictable,36.07,1,,,5,25.1,,120,Sound,,,
0,FORT,2,1,1776625433.396702,44.81,Game,1,Predictable,36.08,1,,,5,25.1,,120,Sound,,,
0,FORT,2,1,1776625433.396702,44.82,Game,1,Predictable,36.09,1,,,5,25.1,,120,Sound,,,
0,FORT,2,1,1776625433.396702,44.83,Game,1,Predictable,36.1,1,,,5,25.1,,120,Sound,,,
0,FORT,2,1,1776625433.396702,44.84,Game,1,Predictable,36.11,1,,,5,25.1,,120,Sound,,,
0,FORT,2,1,1776625433.396702,44.85,Game,1,Predictable,36.12,1,,,5,25.1,,120,Sound,,,
0,FORT,2,1,1776625433.396702,44.86,Game,1,Predictable,36.12,1,,,5,25.1,,120,Sound,,,
0,FORT,2,1,1776625433.396702,44.86,Game,1,Predictable,36.13,1,,,5,25.1,,120,Sound,,,
0,FORT,2,1,1776625433.396702,44.87,Game,1,Predictable,36.14,1,,,5,25.1,,120,Sound,,,
0,FORT,2,1,1776625433.396702,44.88,Game,1,Predictable,36.15,1,,,5,25.1,,120,Sound,,,
0,FORT,2,1,1776625433.396702,44.89,Game,1,Predictable,36.16,1,,,5,25.1,,120,Sound,,,
0,FORT,2,1,1776625433.396702,44.9,Game,1,Predictable,36.17,1,,,5,25.1,,120,Sound,,,
0,FORT,2,1,1776625433.396702,44.91,Game,1,Predictable,36.17,1,,,5,25.1,,120,Sound,,,
0,FORT,2,1,1776625433.396702,44.91,Game,1,Predictable,36.18,1,,,5,25.1,,120,Sound,,,
0,FORT,2,1,1776625433.396702,44.92,Game,1,Predictable,36.19,1,,,5,25.1,,120,Sound,,,
0,FORT,2,1,1776625433.396702,44.93,Game,1,Predictable,36.2,1,,,5,25.1,,120,Sound,,,
0,FORT,2,1,1776625433.396702,44.94,Game,1,Predictable,36.21,1,,,5,25.1,,120,Sound,,,
0,FORT,2,1,1776625433.396702,44.95,Game,1,Predictable,36.22,1,,,5,25.1,,120,Sound,,,
0,FORT,2,1,1776625433.396702,44.96,Game,1,Predictable,36.22,1,,,5,25.1,,120,Sound,,,
0,FORT,2,1,1776625433.396702,44.96,Game,1,Predictable,36.23,1,,,5,25.1,,120,Sound,,,
0,FORT,2,1,1776625433.396702,44.97,Game,1,Predictable,36.24,1,,,5,25.1,,120,Sound,,,
0,FORT,2,1,1776625433.396702,44.98,Game,1,Predictable,36.25,1,,,5,25.1,,120,Sound,,,
0,FORT,2,1,1776625433.396702,44.99,Game,1,Predictable,36.26,1,,,5,25.1,,120,Sound,,,
0,FORT,2,1,1776625433.396702,45.0,Game,1,Predictable,36.27,1,,,5,25.1,,120,Sound,,,
0,FORT,2,1,1776625433.396702,45.01,Game,1,Predictable,36.27,1,,,5,25.1,,120,Sound,,,
0,FORT,2,1,1776625433.396702,45.01,Game,1,Predictable,36.28,1,,,5,25.1,,120,Sound,,,
0,FORT,2,1,1776625433.396702,45.02,Game,1,Predictable,36.29,1,,,5,25.1,,120,Sound,,,
0,FORT,2,1,1776625433.396702,45.03,Game,1,Predictable,36.3,1,,,5,25.1,,120,Sound,,,
0,FORT,2,1,1776625433.396702,45.04,Game,1,Predictable,36.31,1,,,5,25.1,,120,Sound,,,
0,FORT,2,1,1776625433.396702,45.05,Game,1,Predictable,36.32,1,,,5,25.1,,120,Sound,,,
0,FORT,2,1,1776625433.396702,45.06,Game,1,Predictable,36.32,1,,,5,25.1,,120,Sound,,,
0,FORT,2,1,1776625433.396702,45.06,Game,1,Predictable,36.33,1,,,5,25.1,,120,Sound,,,
0,FORT,2,1,1776625433.396702,45.07,Game,1,Predictable,36.34,1,,,5,25.1,,120,Sound,,,
0,FORT,2,1,1776625433.396702,45.08,Game,1,Predictable,36.35,1,,,5,25.1,,120,Sound,,,
0,FORT,2,1,1776625433.396702,45.09,Game,1,Predictable,36.36,1,,,5,25.1,,120,Sound,,,
0,FORT,2,1,1776625433.396702,45.1,Game,1,Predictable,36.37,1,,,5,25.1,,120,Sound,,,
0,FORT,2,1,1776625433.396702,45.11,Game,1,Predictable,36.37,1,,,5,25.1,,120,Sound,,,
0,FORT,2,1,1776625433.396702,45.11,Game,1,Predictable,36.38,1,,,5,25.1,,120,Sound,,,
0,FORT,2,1,1776625433.396702,45.12,Game,1,Predictable,36.39,1,,,5,25.1,,120,Sound,,,
0,FORT,2,1,1776625433.396702,45.13,Game,1,Predictable,36.4,1,,,5,25.1,,120,Sound,,,
0,FORT,2,1,1776625433.396702,45.14,Game,1,Predictable,36.41,1,,,5,25.1,,120,Sound,,,
0,FORT,2,1,1776625433.396702,45.15,Game,1,Predictable,36.42,1,,,5,25.1,,120,Sound,,,
0,FORT,2,1,1776625433.396702,45.16,Game,1,Predictable,36.42,1,,,5,25.1,,120,Sound,,,
0,FORT,2,1,1776625433.396702,45.16,Game,1,Predictable,36.43,1,,,5,25.1,,120,Sound,,,
0,FORT,2,1,1776625433.396702,45.17,Game,1,Predictable,36.44,1,,,5,25.1,,120,Sound,,,
0,FORT,2,1,1776625433.396702,45.18,Game,1,Predictable,36.45,1,,,5,25.1,,120,Sound,,,
0,FORT,2,1,1776625433.396702,45.19,Game,1,Predictable,36.46,1,,,5,25.1,,120,Sound,,,
0,FORT,2,1,1776625433.396702,45.2,Game,1,Predictable,36.47,1,,,5,25.1,,120,Sound,,,
0,FORT,2,1,1776625433.396702,45.21,Game,1,Predictable,36.47,1,,,5,25.1,,120,Sound,,,
0,FORT,2,1,1776625433.396702,45.21,Game,1,Predictable,36.48,1,,,5,25.1,,120,Sound,,,
0,FORT,2,1,1776625433.396702,45.22,Game,1,Predictable,36.49,1,,,5,25.1,,120,Sound,,,
0,FORT,2,1,1776625433.396702,45.23,Game,1,Predictable,36.5,1,,,5,25.1,,120,Sound,,,
0,FORT,2,1,1776625433.396702,45.24,Game,1,Predictable,36.51,1,,,5,25.1,,120,Sound,,,
0,FORT,2,1,1776625433.396702,45.25,Game,1,Predictable,36.52,1,,,5,25.1,,120,Sound,,,
0,FORT,2,1,1776625433.396702,45.26,Game,1,Predictable,36.52,1,,,5,25.1,,120,Sound,,,
0,FORT,2,1,1776625433.396702,45.26,Game,1,Predictable,36.53,1,,,5,25.1,,120,Sound,,,
0,FORT,2,1,1776625433.396702,45.27,Game,1,Predictable,36.54,1,,,5,25.1,,120,Sound,,,
0,FORT,2,1,1776625433.396702,45.28,Game,1,Predictable,36.55,1,,,5,25.1,,120,Sound,,,
0,FORT,2,1,1776625433.396702,45.29,Game,1,Predictable,36.56,1,,,5,25.1,,120,Sound,,,
0,FORT,2,1,1776625433.396702,45.3,Game,1,Predictable,36.57,1,,,5,25.1,,120,Sound,,,
0,FORT,2,1,1776625433.396702,45.31,Game,1,Predictable,36.57,1,,,5,25.1,,120,Sound,,,
0,FORT,2,1,1776625433.396702,45.31,Game,1,Predictable,36.58,1,,,5,25.1,,120,Sound,,,
0,FORT,2,1,1776625433.396702,45.32,Game,1,Predictable,36.59,1,,,5,25.1,,120,Sound,,,
0,FORT,2,1,1776625433.396702,45.33,Game,1,Predictable,36.6,1,,,5,25.1,,120,Sound,,,
0,FORT,2,1,1776625433.396702,45.34,Game,1,Predictable,36.61,1,,,5,25.1,,120,Sound,,,
0,FORT,2,1,1776625433.396702,45.35,Game,1,Predictable,36.62,1,,,5,25.1,,120,Sound,,,
0,FORT,2,1,1776625433.396702,45.36,Game,1,Predictable,36.62,1,,,5,25.1,,120,Sound,,,
0,FORT,2,1,1776625433.396702,45.36,Game,1,Predictable,36.63,1,,,5,25.1,,120,Sound,,,
0,FORT,2,1,1776625433.396702,45.37,Game,1,Predictable,36.64,1,,,5,25.1,,120,Sound,,,
0,FORT,2,1,1776625433.396702,45.38,Game,1,Predictable,36.65,1,,,5,25.1,,120,Sound,,,
0,FORT,2,1,1776625433.396702,45.39,Game,1,Predictable,36.66,1,,,5,25.1,,120,Sound,,,
0,FORT,2,1,1776625433.396702,45.4,Game,1,Predictable,36.67,1,,,5,25.1,,120,Sound,,,
0,FORT,2,1,1776625433.396702,45.41,Game,1,Predictable,36.67,1,,,5,25.1,,120,Sound,,,
0,FORT,2,1,1776625433.396702,45.41,Game,1,Predictable,36.68,1,,,5,25.1,,120,Sound,,,
0,FORT,2,1,1776625433.396702,45.42,Game,1,Predictable,36.69,1,,,5,25.1,,120,Sound,,,
0,FORT,2,1,1776625433.396702,45.43,Game,1,Predictable,36.7,1,,,5,25.1,,120,Sound,,,
0,FORT,2,1,1776625433.396702,45.44,Game,1,Predictable,36.71,1,,,5,25.1,,120,Sound,,,
0,FORT,2,1,1776625433.396702,45.45,Game,1,Predictable,36.72,1,,,5,25.1,,120,Sound,,,
0,FORT,2,1,1776625433.396702,45.46,Game,1,Predictable,36.72,1,,,5,25.1,,120,Sound,,,
0,FORT,2,1,1776625433.396702,45.46,Game,1,Predictable,36.73,1,,,5,25.1,,120,Sound,,,
0,FORT,2,1,1776625433.396702,45.47,Game,1,Predictable,36.74,1,,,5,25.1,,120,Sound,,,
0,FORT,2,1,1776625433.396702,45.48,Game,1,Predictable,36.75,1,,,5,25.1,,120,Sound,,,
0,FORT,2,1,1776625433.396702,45.49,Game,1,Predictable,36.76,1,,,5,25.1,,120,Sound,,,
0,FORT,2,1,1776625433.396702,45.5,Game,1,Predictable,36.77,1,,,5,25.1,,120,Sound,,,
0,FORT,2,1,1776625433.396702,45.51,Game,1,Predictable,36.77,1,,,5,25.1,,120,Sound,,,
0,FORT,2,1,1776625433.396702,45.51,Game,1,Predictable,36.78,1,,,5,25.1,,120,Sound,,,
0,FORT,2,1,1776625433.396702,45.52,Game,1,Predictable,36.79,1,,,5,25.1,,120,Sound,,,
0,FORT,2,1,1776625433.396702,45.53,Game,1,Predictable,36.8,1,,,5,25.1,,120,Sound,,,
0,FORT,2,1,1776625433.396702,45.54,Game,1,Predictable,36.81,1,,,5,25.1,,120,Sound,,,
0,FORT,2,1,1776625433.396702,45.55,Game,1,Predictable,36.82,1,,,5,25.1,,120,Sound,,,
0,FORT,2,1,1776625433.396702,45.56,Game,1,Predictable,36.82,1,,,5,25.1,,120,Sound,,,
0,FORT,2,1,1776625433.396702,45.56,Game,1,Predictable,36.83,1,,,5,25.1,,120,Sound,,,
0,FORT,2,1,1776625433.396702,45.57,Game,1,Predictable,36.84,1,,,5,25.1,,120,Sound,,,
0,FORT,2,1,1776625433.396702,45.58,Game,1,Predictable,36.85,1,,,5,25.1,,120,Sound,,,
0,FORT,2,1,1776625433.396702,45.59,Game,1,Predictable,36.86,1,,,5,25.1,,120,Sound,,,
0,FORT,2,1,1776625433.396702,45.6,Game,1,Predictable,36.87,1,,,5,25.1,,120,Sound,,,
0,FORT,2,1,1776625433.396702,45.61,Game,1,Predictable,36.87,1,,,5,25.1,,120,Sound,,,
0,FORT,2,1,1776625433.396702,45.61,Game,1,Predictable,36.88,1,,,5,25.1,,120,Sound,,,
0,FORT,2,1,1776625433.396702,45.62,Game,1,Predictable,36.89,1,,,5,25.1,,120,Sound,,,
0,FORT,2,1,1776625433.396702,45.63,Game,1,Predictable,36.9,1,,,5,25.1,,120,Sound,,,
0,FORT,2,1,1776625433.396702,45.64,Game,1,Predictable,36.91,1,,,5,25.1,,120,Sound,,,
0,FORT,2,1,1776625433.396702,45.65,Game,1,Predictable,36.92,1,,,5,25.1,,120,Sound,,,
0,FORT,2,1,1776625433.396702,45.66,Game,1,Predictable,36.93,1,,,5,25.1,,120,Sound,,,
0,FORT,2,1,1776625433.396702,45.67,Game,1,Predictable,36.94,1,,,5,25.1,,120,Sound,,,
0,FORT,2,1,1776625433.396702,45.68,Game,1,Predictable,36.95,1,,,5,25.1,,120,Sound,,,
0,FORT,2,1,1776625433.396702,45.69,Game,1,Predictable,36.96,1,,,5,25.1,,120,Sound,,,
0,FORT,2,1,1776625433.396702,45.7,Game,1,Predictable,36.97,1,,,5,25.1,,120,Sound,,,
0,FORT,2,1,1776625433.396702,45.71,Game,1,Predictable,36.97,1,,,5,25.1,,120,Sound,,,
0,FORT,2,1,1776625433.396702,45.71,Game,1,Predictable,36.98,1,,,5,25.1,,120,Sound,,,
0,FORT,2,1,1776625433.396702,45.72,Game,1,Predictable,36.99,1,,,5,25.1,,120,Sound,,,
0,FORT,2,1,1776625433.396702,45.73,Game,1,Predictable,37.0,1,,,5,25.1,,120,Sound,,,
0,FORT,2,1,1776625433.396702,45.79,Game,1,Predictable,37.06,0,,,5,,,130,Sound,,,
0,FORT,2,1,1776625433.396702,45.82,Game,1,Predictable,37.06,0,,,5,,,130,Sound,,,
0,FORT,2,1,1776625433.396702,45.83,Game,1,Predictable,37.09,0,,,5,,,130,Sound,,,
0,FORT,2,1,1776625433.396702,45.84,Game,1,Predictable,37.1,0,,,5,,,130,Sound,,,
0,FORT,2,1,1776625433.396702,45.85,Game,1,Predictable,37.12,0,,,5,,,130,Sound,,,
0,FORT,2,1,1776625433.396702,45.86,Game,1,Predictable,37.12,0,,,5,,,130,Sound,,,
0,FORT,2,1,1776625433.396702,45.86,Game,1,Predictable,37.13,0,,,5,,,130,Sound,,,
0,FORT,2,1,1776625433.396702,45.87,Game,1,Predictable,37.14,0,,,5,,,130,Sound,,,
0,FORT,2,1,1776625433.396702,45.88,Game,1,Predictable,37.15,0,,,5,,,130,Sound,,,
0,FORT,2,1,1776625433.396702,45.89,Game,1,Predictable,37.16,0,,,5,,,130,Sound,,,
0,FORT,2,1,1776625433.396702,45.9,Game,1,Predictable,37.17,0,,,5,,,130,Sound,,,
0,FORT,2,1,1776625433.396702,45.91,Game,1,Predictable,37.17,0,,,5,,,130,Sound,,,
0,FORT,2,1,1776625433.396702,45.91,Game,1,Predictable,37.18,0,,,5,,,130,Sound,,,
0,FORT,2,1,1776625433.396702,45.92,Game,1,Predictable,37.19,0,,,5,,,130,Sound,,,
0,FORT,2,1,1776625433.396702,45.93,Game,1,Predictable,37.2,0,,,5,,,130,Sound,,,
0,FORT,2,1,1776625433.396702,45.94,Game,1,Predictable,37.21,0,,,5,,,130,Sound,,,
0,FORT,2,1,1776625433.396702,45.95,Game,1,Predictable,37.22,0,,,5,,,130,Sound,,,
0,FORT,2,1,1776625433.396702,45.96,Game,1,Predictable,37.22,0,,,5,,,130,Sound,,,
0,FORT,2,1,1776625433.396702,45.96,Game,1,Predictable,37.23,0,,,5,,,130,Sound,,,
0,FORT,2,1,1776625433.396702,45.97,Game,1,Predictable,37.24,0,,,5,,,130,Sound,,,
0,FORT,2,1,1776625433.396702,45.98,Game,1,Predictable,37.25,0,,,5,,,130,Sound,,,
0,FORT,2,1,1776625433.396702,45.99,Game,1,Predictable,37.26,0,,,5,,,130,Sound,,,
0,FORT,2,1,1776625433.396702,46.0,Game,1,Predictable,37.27,0,,,5,,,130,Sound,,,
0,FORT,2,1,1776625433.396702,46.01,Game,1,Predictable,37.27,0,,,5,,,130,Sound,,,
0,FORT,2,1,1776625433.396702,46.01,Game,1,Predictable,37.28,0,,,5,,,130,Sound,,,
0,FORT,2,1,1776625433.396702,46.02,Game,1,Predictable,37.29,0,,,5,,,130,Sound,,,
0,FORT,2,1,1776625433.396702,46.03,Game,1,Predictable,37.3,0,,,5,,,130,Sound,,,
0,FORT,2,1,1776625433.396702,46.04,Game,1,Predictable,37.31,0,,,5,,,130,Sound,,,
0,FORT,2,1,1776625433.396702,46.05,Game,1,Predictable,37.32,0,,,5,,,130,Sound,,,
0,FORT,2,1,1776625433.396702,46.06,Game,1,Predictable,37.32,0,,,5,,,130,Sound,,,
0,FORT,2,1,1776625433.396702,46.06,Game,1,Predictable,37.33,0,,,5,,,130,Sound,,,
0,FORT,2,1,1776625433.396702,46.07,Game,1,Predictable,37.34,0,,,5,,,130,Sound,,,
0,FORT,2,1,1776625433.396702,46.08,Game,1,Predictable,37.35,0,,,5,,,130,Sound,,,
0,FORT,2,1,1776625433.396702,46.09,Game,1,Predictable,37.36,0,,,5,,,130,Sound,,,
0,FORT,2,1,1776625433.396702,46.1,Game,1,Predictable,37.37,0,,,5,,,130,Sound,,,
0,FORT,2,1,1776625433.396702,46.11,Game,1,Predictable,37.37,0,,,5,,,130,Sound,,,
0,FORT,2,1,1776625433.396702,46.11,Game,1,Predictable,37.38,0,,,5,,,130,Sound,,,
0,FORT,2,1,1776625433.396702,46.12,Game,1,Predictable,37.39,0,,,5,,,130,Sound,,,
0,FORT,2,1,1776625433.396702,46.13,Game,1,Predictable,37.4,0,,,5,,,130,Sound,,,
0,FORT,2,1,1776625433.396702,46.14,Game,1,Predictable,37.41,0,,,5,,,130,Sound,,,
0,FORT,2,1,1776625433.396702,46.15,Game,1,Predictable,37.42,0,,,5,,,130,Sound,,,
0,FORT,2,1,1776625433.396702,46.16,Game,1,Predictable,37.42,0,,,5,,,130,Sound,,,
0,FORT,2,1,1776625433.396702,46.16,Game,1,Predictable,37.43,0,,,5,,,130,Sound,,,
0,FORT,2,1,1776625433.396702,46.17,Game,1,Predictable,37.44,0,,,5,,,130,Sound,,,
0,FORT,2,1,1776625433.396702,46.18,Game,1,Predictable,37.45,0,,,5,,,130,Sound,,,
0,FORT,2,1,1776625433.396702,46.19,Game,1,Predictable,37.46,0,,,5,,,130,Sound,,,
0,FORT,2,1,1776625433.396702,46.2,Game,1,Predictable,37.47,0,,,5,,,130,Sound,,,
0,FORT,2,1,1776625433.396702,46.21,Game,1,Predictable,37.47,0,,,5,,,130,Sound,,,
0,FORT,2,1,1776625433.396702,46.21,Game,1,Predictable,37.48,0,,,5,,,130,Sound,,,
0,FORT,2,1,1776625433.396702,46.22,Game,1,Predictable,37.49,0,,,5,,,130,Sound,,,
0,FORT,2,1,1776625433.396702,46.23,Game,1,Predictable,37.5,0,,,5,,,130,Sound,,,
0,FORT,2,1,1776625433.396702,46.24,Game,1,Predictable,37.51,0,,,5,,,130,Sound,,,
0,FORT,2,1,1776625433.396702,46.25,Game,1,Predictable,37.52,0,,,5,,,130,Sound,,,
0,FORT,2,1,1776625433.396702,46.26,Game,1,Predictable,37.52,0,,,5,,,130,Sound,,,
0,FORT,2,1,1776625433.396702,46.26,Game,1,Predictable,37.53,0,,,5,,,130,Sound,,,
0,FORT,2,1,1776625433.396702,46.27,Game,1,Predictable,37.54,0,,,5,,,130,Sound,,,
0,FORT,2,1,1776625433.396702,46.28,Game,1,Predictable,37.55,0,,,5,,,130,Sound,,,
0,FORT,2,1,1776625433.396702,46.29,Game,1,Predictable,37.56,0,,,5,,,130,Sound,,,
0,FORT,2,1,1776625433.396702,46.3,Game,1,Predictable,37.57,0,,,5,,,130,Sound,,,
0,FORT,2,1,1776625433.396702,46.31,Game,1,Predictable,37.57,0,,,5,,,130,Sound,,,
0,FORT,2,1,1776625433.396702,46.31,Game,1,Predictable,37.58,0,,,5,,,130,Sound,,,
0,FORT,2,1,1776625433.396702,46.32,Game,1,Predictable,37.59,0,,,5,,,130,Sound,,,
0,FORT,2,1,1776625433.396702,46.33,Game,1,Predictable,37.6,0,,,5,,,130,Sound,,,
0,FORT,2,1,1776625433.396702,46.34,Game,1,Predictable,37.61,0,,,5,,,130,Sound,,,
0,FORT,2,1,1776625433.396702,46.35,Game,1,Predictable,37.62,0,,,5,,,130,Sound,,,
0,FORT,2,1,1776625433.396702,46.36,Game,1,Predictable,37.62,0,,,5,,,130,Sound,,,
0,FORT,2,1,1776625433.396702,46.36,Game,1,Predictable,37.63,0,,,5,,,130,Sound,,,
0,FORT,2,1,1776625433.396702,46.37,Game,1,Predictable,37.64,0,,,5,,,130,Sound,,,
0,FORT,2,1,1776625433.396702,46.38,Game,1,Predictable,37.65,0,,,5,,,130,Sound,,,
0,FORT,2,1,1776625433.396702,46.39,Game,1,Predictable,37.66,0,,,5,,,130,Sound,,,
0,FORT,2,1,1776625433.396702,46.4,Game,1,Predictable,37.67,0,,,5,,,130,Sound,,,
0,FORT,2,1,1776625433.396702,46.41,Game,1,Predictable,37.67,0,,,5,,,130,Sound,,,
0,FORT,2,1,1776625433.396702,46.41,Game,1,Predictable,37.68,0,,,5,,,130,Sound,,,
0,FORT,2,1,1776625433.396702,46.42,Game,1,Predictable,37.69,0,,,5,,,130,Sound,,,
0,FORT,2,1,1776625433.396702,46.43,Game,1,Predictable,37.7,0,,,5,,,130,Sound,,,
0,FORT,2,1,1776625433.396702,46.44,Game,1,Predictable,37.71,0,,,5,,,130,Sound,,,
0,FORT,2,1,1776625433.396702,46.45,Game,1,Predictable,37.72,0,,,5,,,130,Sound,,,
0,FORT,2,1,1776625433.396702,46.46,Game,1,Predictable,37.72,0,,,5,,,130,Sound,,,
0,FORT,2,1,1776625433.396702,46.46,Game,1,Predictable,37.73,0,,,5,,,130,Sound,,,
0,FORT,2,1,1776625433.396702,46.47,Game,1,Predictable,37.74,0,,,5,,,130,Sound,,,
0,FORT,2,1,1776625433.396702,46.48,Game,1,Predictable,37.75,0,,,5,,,130,Sound,,,
0,FORT,2,1,1776625433.396702,46.49,Game,1,Predictable,37.76,0,,,5,,,130,Sound,,,
0,FORT,2,1,1776625433.396702,46.5,Game,1,Predictable,37.77,0,,,5,,,130,Sound,,,
0,FORT,2,1,1776625433.396702,46.51,Game,1,Predictable,37.77,0,,,5,,,130,Sound,,,
0,FORT,2,1,1776625433.396702,46.51,Game,1,Predictable,37.78,0,,,5,,,130,Sound,,,
0,FORT,2,1,1776625433.396702,46.52,Game,1,Predictable,37.79,0,,,5,,,130,Sound,,,
0,FORT,2,1,1776625433.396702,46.53,Game,1,Predictable,37.8,0,,,5,,,130,Sound,,,
0,FORT,2,1,1776625433.396702,46.54,Game,1,Predictable,37.81,0,,,5,,,130,Sound,,,
0,FORT,2,1,1776625433.396702,46.55,Game,1,Predictable,37.82,0,,,5,,,130,Sound,,,
0,FORT,2,1,1776625433.396702,46.56,Game,1,Predictable,37.82,0,,,5,,,130,Sound,,,
0,FORT,2,1,1776625433.396702,46.56,Game,1,Predictable,37.83,0,,,5,,,130,Sound,,,
0,FORT,2,1,1776625433.396702,46.57,Game,1,Predictable,37.84,0,,,5,,,130,Sound,,,
0,FORT,2,1,1776625433.396702,46.58,Game,1,Predictable,37.85,0,,,5,,,130,Sound,,,
0,FORT,2,1,1776625433.396702,46.59,Game,1,Predictable,37.86,0,,,5,,,130,Sound,,,
0,FORT,2,1,1776625433.396702,46.6,Game,1,Predictable,37.87,0,,,5,,,130,Sound,,,
0,FORT,2,1,1776625433.396702,46.61,Game,1,Predictable,37.87,0,,,5,,,130,Sound,,,
0,FORT,2,1,1776625433.396702,46.61,Game,1,Predictable,37.88,0,,,5,,,130,Sound,,,
0,FORT,2,1,1776625433.396702,46.62,Game,1,Predictable,37.89,0,,,5,,,130,Sound,,,
0,FORT,2,1,1776625433.396702,46.63,Game,1,Predictable,37.9,0,,,5,,,130,Sound,,,
0,FORT,2,1,1776625433.396702,46.64,Game,1,Predictable,37.91,0,,,5,,,130,Sound,,,
0,FORT,2,1,1776625433.396702,46.65,Game,1,Predictable,37.92,0,,,5,,,130,Sound,,,
0,FORT,2,1,1776625433.396702,46.66,Game,1,Predictable,37.92,0,,,5,,,130,Sound,,,
0,FORT,2,1,1776625433.396702,46.66,Game,1,Predictable,37.93,0,,,5,,,130,Sound,,,
0,FORT,2,1,1776625433.396702,46.67,Game,1,Predictable,37.94,0,,,5,,,130,Sound,,,
0,FORT,2,1,1776625433.396702,46.68,Game,1,Predictable,37.95,0,,,5,,,130,Sound,,,
0,FORT,2,1,1776625433.396702,46.69,Game,1,Predictable,37.96,0,,,5,,,130,Sound,,,
0,FORT,2,1,1776625433.396702,46.7,Game,1,Predictable,37.97,0,,,5,,,130,Sound,,,
0,FORT,2,1,1776625433.396702,46.71,Game,1,Predictable,37.97,0,,,5,,,130,Sound,,,
0,FORT,2,1,1776625433.396702,46.71,Game,1,Predictable,37.98,0,,,5,,,130,Sound,,,
0,FORT,2,1,1776625433.396702,46.72,Game,1,Predictable,37.99,0,,,5,,,130,Sound,,,
0,FORT,2,1,1776625433.396702,46.73,Game,1,Predictable,38.0,0,,,5,,,130,Sound,,,
0,FORT,2,1,1776625433.396702,46.74,Game,1,Predictable,38.01,0,,,5,,,130,Sound,,,
0,FORT,2,1,1776625433.396702,46.75,Game,1,Predictable,38.02,0,,,5,,,130,Sound,,,
0,FORT,2,1,1776625433.396702,46.76,Game,1,Predictable,38.02,0,,,5,,,130,Sound,,,
0,FORT,2,1,1776625433.396702,46.76,Game,1,Predictable,38.03,0,,,5,,,130,Sound,,,
0,FORT,2,1,1776625433.396702,46.77,Game,1,Predictable,38.04,0,,,5,,,130,Sound,,,
0,FORT,2,1,1776625433.396702,46.78,Game,1,Predictable,38.05,0,,,5,,,130,Sound,,,
0,FORT,2,1,1776625433.396702,46.79,Game,1,Predictable,38.06,0,,,5,,,130,Sound,,,
0,FORT,2,1,1776625433.396702,46.8,Game,1,Predictable,38.07,0,,,5,,,130,Sound,,,
0,FORT,2,1,1776625433.396702,46.81,Game,1,Predictable,38.07,0,,,5,,,130,Sound,,,
0,FORT,2,1,1776625433.396702,46.81,Game,1,Predictable,38.08,0,,,5,,,130,Sound,,,
0,FORT,2,1,1776625433.396702,46.82,Game,1,Predictable,38.09,0,,,5,,,130,Sound,,,
0,FORT,2,1,1776625433.396702,46.83,Game,1,Predictable,38.1,0,,,5,,,130,Sound,,,
0,FORT,2,1,1776625433.396702,46.84,Game,1,Predictable,38.11,0,,,5,,,130,Sound,,,
0,FORT,2,1,1776625433.396702,46.85,Game,1,Predictable,38.12,0,,,5,,,130,Sound,,,
0,FORT,2,1,1776625433.396702,46.86,Game,1,Predictable,38.12,0,,,5,,,130,Sound,,,
0,FORT,2,1,1776625433.396702,46.86,Game,1,Predictable,38.13,0,,,5,,,130,Sound,,,
0,FORT,2,1,1776625433.396702,46.87,Game,1,Predictable,38.14,0,,,5,,,130,Sound,,,
0,FORT,2,1,1776625433.396702,46.88,Game,1,Predictable,38.15,0,,,5,,,130,Sound,,,
0,FORT,2,1,1776625433.396702,46.89,Game,1,Predictable,38.16,0,,,5,,,130,Sound,,,
0,FORT,2,1,1776625433.396702,46.9,Game,1,Predictable,38.17,0,,,5,,,130,Sound,,,
0,FORT,2,1,1776625433.396702,46.91,Game,1,Predictable,38.17,0,,,5,,,130,Sound,,,
0,FORT,2,1,1776625433.396702,46.91,Game,1,Predictable,38.18,0,,,5,,,130,Sound,,,
0,FORT,2,1,1776625433.396702,46.92,Game,1,Predictable,38.19,0,,,5,,,130,Sound,,,
0,FORT,2,1,1776625433.396702,46.93,Game,1,Predictable,38.2,0,,,5,,,130,Sound,,,
0,FORT,2,1,1776625433.396702,46.94,Game,1,Predictable,38.21,0,,,5,,,130,Sound,,,
0,FORT,2,1,1776625433.396702,46.95,Game,1,Predictable,38.22,0,,,5,,,130,Sound,,,
0,FORT,2,1,1776625433.396702,46.96,Game,1,Predictable,38.22,0,,,5,,,130,Sound,,,
0,FORT,2,1,1776625433.396702,46.96,Game,1,Predictable,38.23,0,,,5,,,130,Sound,,,
0,FORT,2,1,1776625433.396702,46.97,Game,1,Predictable,38.24,0,,,5,,,130,Sound,,,
0,FORT,2,1,1776625433.396702,46.98,Game,1,Predictable,38.25,0,,,5,,,130,Sound,,,
0,FORT,2,1,1776625433.396702,46.99,Game,1,Predictable,38.26,0,,,5,,,130,Sound,,,
0,FORT,2,1,1776625433.396702,47.0,Game,1,Predictable,38.27,0,,,5,,,130,Sound,,,
0,FORT,2,1,1776625433.396702,47.01,Game,1,Predictable,38.27,0,,,5,,,130,Sound,,,
0,FORT,2,1,1776625433.396702,47.01,Game,1,Predictable,38.28,0,,,5,,,130,Sound,,,
0,FORT,2,1,1776625433.396702,47.02,Game,1,Predictable,38.29,0,,,5,,,130,Sound,,,
0,FORT,2,1,1776625433.396702,47.03,Game,1,Predictable,38.3,0,,,5,,,130,Sound,,,
0,FORT,2,1,1776625433.396702,47.04,Game,1,Predictable,38.31,0,,,5,,,130,Sound,,,
0,FORT,2,1,1776625433.396702,47.05,Game,1,Predictable,38.32,0,,,5,,,130,Sound,,,
0,FORT,2,1,1776625433.396702,47.06,Game,1,Predictable,38.32,0,,,5,,,130,Sound,,,
0,FORT,2,1,1776625433.396702,47.06,Game,1,Predictable,38.33,0,,,5,,,130,Sound,,,
0,FORT,2,1,1776625433.396702,47.07,Game,1,Predictable,38.34,0,,,5,,,130,Sound,,,
0,FORT,2,1,1776625433.396702,47.08,Game,1,Predictable,38.35,0,,,5,,,130,Sound,,,
0,FORT,2,1,1776625433.396702,47.09,Game,1,Predictable,38.36,0,,,5,,,130,Sound,,,
0,FORT,2,1,1776625433.396702,47.1,Game,1,Predictable,38.37,0,,,5,,,130,Sound,,,
0,FORT,2,1,1776625433.396702,47.11,Game,1,Predictable,38.37,0,,,5,,,130,Sound,,,
0,FORT,2,1,1776625433.396702,47.11,Game,1,Predictable,38.38,0,,,5,,,130,Sound,,,
0,FORT,2,1,1776625433.396702,47.12,Game,1,Predictable,38.39,0,,,5,,,130,Sound,,,
0,FORT,2,1,1776625433.396702,47.13,Game,1,Predictable,38.4,0,,,5,,,130,Sound,,,
0,FORT,2,1,1776625433.396702,47.14,Game,1,Predictable,38.41,0,,,5,,,130,Sound,,,
0,FORT,2,1,1776625433.396702,47.15,Game,1,Predictable,38.42,0,,,5,,,130,Sound,,,
0,FORT,2,1,1776625433.396702,47.16,Game,1,Predictable,38.42,0,,,5,,,130,Sound,,,
0,FORT,2,1,1776625433.396702,47.16,Game,1,Predictable,38.43,0,,,5,,,130,Sound,,,
0,FORT,2,1,1776625433.396702,47.17,Game,1,Predictable,38.44,0,,,5,,,130,Sound,,,
0,FORT,2,1,1776625433.396702,47.18,Game,1,Predictable,38.45,0,,,5,,,130,Sound,,,
0,FORT,2,1,1776625433.396702,47.19,Game,1,Predictable,38.46,0,,,5,,,130,Sound,,,
0,FORT,2,1,1776625433.396702,47.2,Game,1,Predictable,38.47,0,,,5,,,130,Sound,,,
0,FORT,2,1,1776625433.396702,47.21,Game,1,Predictable,38.47,0,,,5,,,130,Sound,,,
0,FORT,2,1,1776625433.396702,47.21,Game,1,Predictable,38.48,0,,,5,,,130,Sound,,,
0,FORT,2,1,1776625433.396702,47.22,Game,1,Predictable,38.49,0,,,5,,,130,Sound,,,
0,FORT,2,1,1776625433.396702,47.23,Game,1,Predictable,38.5,0,,,5,,,130,Sound,,,
0,FORT,2,1,1776625433.396702,47.24,Game,1,Predictable,38.51,0,,,5,,,130,Sound,,,
0,FORT,2,1,1776625433.396702,47.25,Game,1,Predictable,38.52,0,,,5,,,130,Sound,,,
0,FORT,2,1,1776625433.396702,47.26,Game,1,Predictable,38.52,0,,,5,,,130,Sound,,,
0,FORT,2,1,1776625433.396702,47.26,Game,1,Predictable,38.53,0,,,5,,,130,Sound,,,
0,FORT,2,1,1776625433.396702,47.27,Game,1,Predictable,38.54,0,,,5,,,130,Sound,,,
0,FORT,2,1,1776625433.396702,47.28,Game,1,Predictable,38.55,0,,,5,,,130,Sound,,,
0,FORT,2,1,1776625433.396702,47.29,Game,1,Predictable,38.56,0,,,5,,,130,Sound,,,
0,FORT,2,1,1776625433.396702,47.3,Game,1,Predictable,38.57,0,,,5,,,130,Sound,,,
0,FORT,2,1,1776625433.396702,47.31,Game,1,Predictable,38.57,0,,,5,,,130,Sound,,,
0,FORT,2,1,1776625433.396702,47.31,Game,1,Predictable,38.58,0,,,5,,,130,Sound,,,
0,FORT,2,1,1776625433.396702,47.32,Game,1,Predictable,38.59,0,,,5,,,130,Sound,,,
0,FORT,2,1,1776625433.396702,47.33,Game,1,Predictable,38.6,0,,,5,,,130,Sound,,,
0,FORT,2,1,1776625433.396702,47.34,Game,1,Predictable,38.61,0,,,5,,,130,Sound,,,
0,FORT,2,1,1776625433.396702,47.35,Game,1,Predictable,38.62,0,,,5,,,130,Sound,,,
0,FORT,2,1,1776625433.396702,47.36,Game,1,Predictable,38.62,0,,,5,,,130,Sound,,,
0,FORT,2,1,1776625433.396702,47.36,Game,1,Predictable,38.63,0,,,5,,,130,Sound,,,
0,FORT,2,1,1776625433.396702,47.37,Game,1,Predictable,38.64,0,,,5,,,130,Sound,,,
0,FORT,2,1,1776625433.396702,47.38,Game,1,Predictable,38.65,0,,,5,,,130,Sound,,,
0,FORT,2,1,1776625433.396702,47.39,Game,1,Predictable,38.66,0,,,5,,,130,Sound,,,
0,FORT,2,1,1776625433.396702,47.4,Game,1,Predictable,38.67,0,,,5,,,130,Sound,,,
0,FORT,2,1,1776625433.396702,47.41,Game,1,Predictable,38.67,0,,,5,,,130,Sound,,,
0,FORT,2,1,1776625433.396702,47.41,Game,1,Predictable,38.68,0,,,5,,,130,Sound,,,
0,FORT,2,1,1776625433.396702,47.42,Game,1,Predictable,38.69,0,,,5,,,130,Sound,,,
0,FORT,2,1,1776625433.396702,47.43,Game,1,Predictable,38.7,0,,,5,,,130,Sound,,,
0,FORT,2,1,1776625433.396702,47.44,Game,1,Predictable,38.71,0,,,5,,,130,Sound,,,
0,FORT,2,1,1776625433.396702,47.45,Game,1,Predictable,38.72,0,,,5,,,130,Sound,,,
0,FORT,2,1,1776625433.396702,47.46,Game,1,Predictable,38.72,0,,,5,,,130,Sound,,,
0,FORT,2,1,1776625433.396702,47.46,Game,1,Predictable,38.73,0,,,5,,,130,Sound,,,
0,FORT,2,1,1776625433.396702,47.47,Game,1,Predictable,38.74,0,,,5,,,130,Sound,,,
0,FORT,2,1,1776625433.396702,47.48,Game,1,Predictable,38.75,0,,,5,,,130,Sound,,,
0,FORT,2,1,1776625433.396702,47.49,Game,1,Predictable,38.76,0,,,5,,,130,Sound,,,
0,FORT,2,1,1776625433.396702,47.5,Game,1,Predictable,38.77,0,,,5,,,130,Sound,,,
0,FORT,2,1,1776625433.396702,47.51,Game,1,Predictable,38.77,0,,,5,,,130,Sound,,,
0,FORT,2,1,1776625433.396702,47.51,Game,1,Predictable,38.78,0,,,5,,,130,Sound,,,
0,FORT,2,1,1776625433.396702,47.52,Game,1,Predictable,38.79,0,,,5,,,130,Sound,,,
0,FORT,2,1,1776625433.396702,47.53,Game,1,Predictable,38.8,0,,,5,,,130,Sound,,,
0,FORT,2,1,1776625433.396702,47.54,Game,1,Predictable,38.81,0,,,5,,,130,Sound,,,
0,FORT,2,1,1776625433.396702,47.55,Game,1,Predictable,38.82,0,,,5,,,130,Sound,,,
0,FORT,2,1,1776625433.396702,47.56,Game,1,Predictable,38.82,0,,,5,,,130,Sound,,,
0,FORT,2,1,1776625433.396702,47.56,Game,1,Predictable,38.83,0,,,5,,,130,Sound,,,
0,FORT,2,1,1776625433.396702,47.57,Game,1,Predictable,38.84,0,,,5,,,130,Sound,,,
0,FORT,2,1,1776625433.396702,47.58,Game,1,Predictable,38.85,0,,,5,,,130,Sound,,,
0,FORT,2,1,1776625433.396702,47.59,Game,1,Predictable,38.86,0,,,5,,,130,Sound,,,
0,FORT,2,1,1776625433.396702,47.6,Game,1,Predictable,38.87,0,,,5,,,130,Sound,,,
0,FORT,2,1,1776625433.396702,47.61,Game,1,Predictable,38.87,0,,,5,,,130,Sound,,,
0,FORT,2,1,1776625433.396702,47.61,Game,1,Predictable,38.88,0,,,5,,,130,Sound,,,
0,FORT,2,1,1776625433.396702,47.62,Game,1,Predictable,38.89,0,,,5,,,130,Sound,,,
0,FORT,2,1,1776625433.396702,47.63,Game,1,Predictable,38.9,0,,,5,,,130,Sound,,,
0,FORT,2,1,1776625433.396702,47.64,Game,1,Predictable,38.91,0,,,5,,,130,Sound,,,
0,FORT,2,1,1776625433.396702,47.65,Game,1,Predictable,38.92,0,,,5,,,130,Sound,,,
0,FORT,2,1,1776625433.396702,47.66,Game,1,Predictable,38.92,0,,,5,,,130,Sound,,,
0,FORT,2,1,1776625433.396702,47.66,Game,1,Predictable,38.93,0,,,5,,,130,Sound,,,
0,FORT,2,1,1776625433.396702,47.67,Game,1,Predictable,38.94,0,,,5,,,130,Sound,,,
0,FORT,2,1,1776625433.396702,47.68,Game,1,Predictable,38.95,0,,,5,,,130,Sound,,,
0,FORT,2,1,1776625433.396702,47.69,Game,1,Predictable,38.96,0,,,5,,,130,Sound,,,
0,FORT,2,1,1776625433.396702,47.7,Game,1,Predictable,38.97,0,,,5,,,130,Sound,,,
0,FORT,2,1,1776625433.396702,47.71,Game,1,Predictable,38.97,0,,,5,,,130,Sound,,,
0,FORT,2,1,1776625433.396702,47.71,Game,1,Predictable,38.98,0,,,5,,,130,Sound,,,
0,FORT,2,1,1776625433.396702,47.72,Game,1,Predictable,38.99,0,,,5,,,130,Sound,,,
0,FORT,2,1,1776625433.396702,47.73,Game,1,Predictable,39.0,0,,,5,,,130,Sound,,,
0,FORT,2,1,1776625433.396702,47.74,Game,1,Predictable,39.01,0,,,5,,,130,Sound,,,
0,FORT,2,1,1776625433.396702,47.75,Game,1,Predictable,39.02,0,,,5,,,130,Sound,,,
0,FORT,2,1,1776625433.396702,47.76,Game,1,Predictable,39.02,0,,,5,,,130,Sound,,,
0,FORT,2,1,1776625433.396702,47.76,Game,1,Predictable,39.03,0,,,5,,,130,Sound,,,
0,FORT,2,1,1776625433.396702,47.77,Game,1,Predictable,39.04,0,,,5,,,130,Sound,,,
0,FORT,2,1,1776625433.396702,47.78,Game,1,Predictable,39.05,0,,,5,,,130,Sound,,,
0,FORT,2,1,1776625433.396702,47.79,Game,1,Predictable,39.06,0,,,5,,,130,Sound,,,
0,FORT,2,1,1776625433.396702,47.8,Game,1,Predictable,39.07,0,,,5,,,130,Sound,,,
0,FORT,2,1,1776625433.396702,47.81,Game,1,Predictable,39.08,0,,,5,,,130,Sound,,,
0,FORT,2,1,1776625433.396702,47.82,Game,1,Predictable,39.09,0,,,5,,,130,Sound,,,
0,FORT,2,1,1776625433.396702,47.83,Game,1,Predictable,39.1,0,,,5,,,130,Sound,,,
0,FORT,2,1,1776625433.396702,47.84,Game,1,Predictable,39.11,0,,,5,,,130,Sound,,,
0,FORT,2,1,1776625433.396702,47.85,Game,1,Predictable,39.12,0,,,5,,,130,Sound,,,
0,FORT,2,1,1776625433.396702,47.86,Game,1,Predictable,39.12,0,,,5,,,130,Sound,,,
0,FORT,2,1,1776625433.396702,47.86,Game,1,Predictable,39.13,0,,,5,,,130,Sound,,,
0,FORT,2,1,1776625433.396702,47.87,Game,1,Predictable,39.14,0,,,5,,,130,Sound,,,
0,FORT,2,1,1776625433.396702,47.88,Game,1,Predictable,39.15,0,,,5,,,130,Sound,,,
0,FORT,2,1,1776625433.396702,47.89,Game,1,Predictable,39.16,0,,,5,,,130,Sound,,,
0,FORT,2,1,1776625433.396702,47.9,Game,1,Predictable,39.17,0,,,5,,,130,Sound,,,
0,FORT,2,1,1776625433.396702,47.91,Game,1,Predictable,39.17,0,,,5,,,130,Sound,,,
0,FORT,2,1,1776625433.396702,47.91,Game,1,Predictable,39.18,0,,,5,,,130,Sound,,,
0,FORT,2,1,1776625433.396702,47.92,Game,1,Predictable,39.19,0,,,5,,,130,Sound,,,
0,FORT,2,1,1776625433.396702,47.93,Game,1,Predictable,39.2,0,,,5,,,130,Sound,,,
0,FORT,2,1,1776625433.396702,47.94,Game,1,Predictable,39.21,0,,,5,,,130,Sound,,,
0,FORT,2,1,1776625433.396702,47.95,Game,1,Predictable,39.22,0,,,5,,,130,Sound,,,
0,FORT,2,1,1776625433.396702,47.96,Game,1,Predictable,39.22,0,,,5,,,130,Sound,,,
0,FORT,2,1,1776625433.396702,47.96,Game,1,Predictable,39.23,0,,,5,,,130,Sound,,,
0,FORT,2,1,1776625433.396702,47.97,Game,1,Predictable,39.24,0,,,5,,,130,Sound,,,
0,FORT,2,1,1776625433.396702,47.98,Game,1,Predictable,39.25,0,,,5,,,130,Sound,,,
0,FORT,2,1,1776625433.396702,47.99,Game,1,Predictable,39.26,0,,,5,,,130,Sound,,,
0,FORT,2,1,1776625433.396702,48.0,Game,1,Predictable,39.27,0,,,5,,,130,Sound,,,
0,FORT,2,1,1776625433.396702,48.01,Game,1,Predictable,39.27,0,,,5,,,130,Sound,,,
0,FORT,2,1,1776625433.396702,48.01,Game,1,Predictable,39.28,0,,,5,,,130,Sound,,,
0,FORT,2,1,1776625433.396702,48.02,Game,1,Predictable,39.29,0,,,5,,,130,Sound,,,
0,FORT,2,1,1776625433.396702,48.03,Game,1,Predictable,39.3,0,,,5,,,130,Sound,,,
0,FORT,2,1,1776625433.396702,48.04,Game,1,Predictable,39.31,0,,,5,,,130,Sound,,,
0,FORT,2,1,1776625433.396702,48.05,Game,1,Predictable,39.32,0,,,5,,,130,Sound,,,
0,FORT,2,1,1776625433.396702,48.06,Game,1,Predictable,39.32,0,,,5,,,130,Sound,,,
0,FORT,2,1,1776625433.396702,48.06,Game,1,Predictable,39.33,0,,,5,,,130,Sound,,,
0,FORT,2,1,1776625433.396702,48.07,Game,1,Predictable,39.34,0,,,5,,,130,Sound,,,
0,FORT,2,1,1776625433.396702,48.08,Game,1,Predictable,39.35,0,,,5,,,130,Sound,,,
0,FORT,2,1,1776625433.396702,48.09,Game,1,Predictable,39.36,0,,,5,,,130,Sound,,,
0,FORT,2,1,1776625433.396702,48.1,Game,1,Predictable,39.37,0,,,5,,,130,Sound,,,
0,FORT,2,1,1776625433.396702,48.11,Game,1,Predictable,39.37,0,,,5,,,130,Sound,,,
0,FORT,2,1,1776625433.396702,48.11,Game,1,Predictable,39.38,0,,,5,,,130,Sound,,,
0,FORT,2,1,1776625433.396702,48.12,Game,1,Predictable,39.39,0,,,5,,,130,Sound,,,
0,FORT,2,1,1776625433.396702,48.13,Game,1,Predictable,39.4,0,,,5,,,130,Sound,,,
0,FORT,2,1,1776625433.396702,48.14,Game,1,Predictable,39.41,0,,,5,,,130,Sound,,,
0,FORT,2,1,1776625433.396702,48.15,Game,1,Predictable,39.42,0,,,5,,,130,Sound,,,
0,FORT,2,1,1776625433.396702,48.16,Game,1,Predictable,39.42,0,,,5,,,130,Sound,,,
0,FORT,2,1,1776625433.396702,48.16,Game,1,Predictable,39.43,0,,,5,,,130,Sound,,,
0,FORT,2,1,1776625433.396702,48.17,Game,1,Predictable,39.44,0,,,5,,,130,Sound,,,
0,FORT,2,1,1776625433.396702,48.18,Game,1,Predictable,39.45,0,,,5,,,130,Sound,,,
0,FORT,2,1,1776625433.396702,48.19,Game,1,Predictable,39.46,0,,,5,,,130,Sound,,,
0,FORT,2,1,1776625433.396702,48.2,Game,1,Predictable,39.47,0,,,5,,,130,Sound,,,
0,FORT,2,1,1776625433.396702,48.21,Game,1,Predictable,39.47,0,,,5,,,130,Sound,,,
0,FORT,2,1,1776625433.396702,48.21,Game,1,Predictable,39.48,0,,,5,,,130,Sound,,,
0,FORT,2,1,1776625433.396702,48.22,Game,1,Predictable,39.49,0,,,5,,,130,Sound,,,
0,FORT,2,1,1776625433.396702,48.23,Game,1,Predictable,39.5,0,,,5,,,130,Sound,,,
0,FORT,2,1,1776625433.396702,48.24,Game,1,Predictable,39.51,0,,,5,,,130,Sound,,,
0,FORT,2,1,1776625433.396702,48.25,Game,1,Predictable,39.52,0,,,5,,,130,Sound,,,
0,FORT,2,1,1776625433.396702,48.26,Game,1,Predictable,39.52,0,,,5,,,130,Sound,,,
0,FORT,2,1,1776625433.396702,48.26,Game,1,Predictable,39.53,0,,,5,,,130,Sound,,,
0,FORT,2,1,1776625433.396702,48.27,Game,1,Predictable,39.54,0,,,5,,,130,Sound,,,
0,FORT,2,1,1776625433.396702,48.28,Game,1,Predictable,39.55,0,,,5,,,130,Sound,,,
0,FORT,2,1,1776625433.396702,48.29,Game,1,Predictable,39.56,0,,,5,,,130,Sound,,,
0,FORT,2,1,1776625433.396702,48.3,Game,1,Predictable,39.57,0,,,5,,,130,Sound,,,
0,FORT,2,1,1776625433.396702,48.31,Game,1,Predictable,39.57,0,,,5,,,130,Sound,,,
0,FORT,2,1,1776625433.396702,48.31,Game,1,Predictable,39.58,0,,,5,,,130,Sound,,,
0,FORT,2,1,1776625433.396702,48.32,Game,1,Predictable,39.59,0,,,5,,,130,Sound,,,
0,FORT,2,1,1776625433.396702,48.33,Game,1,Predictable,39.6,0,,,5,,,130,Sound,,,
0,FORT,2,1,1776625433.396702,48.34,Game,1,Predictable,39.61,0,,,5,,,130,Sound,,,
0,FORT,2,1,1776625433.396702,48.35,Game,1,Predictable,39.62,0,,,5,,,130,Sound,,,
0,FORT,2,1,1776625433.396702,48.36,Game,1,Predictable,39.62,0,,,5,,,130,Sound,,,
0,FORT,2,1,1776625433.396702,48.36,Game,1,Predictable,39.63,0,,,5,,,130,Sound,,,
0,FORT,2,1,1776625433.396702,48.37,Game,1,Predictable,39.64,0,,,5,,,130,Sound,,,
0,FORT,2,1,1776625433.396702,48.38,Game,1,Predictable,39.65,0,,,5,,,130,Sound,,,
0,FORT,2,1,1776625433.396702,48.39,Game,1,Predictable,39.66,0,,,5,,,130,Sound,,,
0,FORT,2,1,1776625433.396702,48.4,Game,1,Predictable,39.67,0,,,5,,,130,Sound,,,
0,FORT,2,1,1776625433.396702,48.41,Game,1,Predictable,39.67,0,,,5,,,130,Sound,,,
0,FORT,2,1,1776625433.396702,48.41,Game,1,Predictable,39.68,0,,,5,,,130,Sound,,,
0,FORT,2,1,1776625433.396702,48.42,Game,1,Predictable,39.69,0,,,5,,,130,Sound,,,
0,FORT,2,1,1776625433.396702,48.43,Game,1,Predictable,39.7,0,,,5,,,130,Sound,,,
0,FORT,2,1,1776625433.396702,48.44,Game,1,Predictable,39.71,0,,,5,,,130,Sound,,,
0,FORT,2,1,1776625433.396702,48.45,Game,1,Predictable,39.72,0,,,5,,,130,Sound,,,
0,FORT,2,1,1776625433.396702,48.46,Game,1,Predictable,39.72,0,,,5,,,130,Sound,,,
0,FORT,2,1,1776625433.396702,48.46,Game,1,Predictable,39.73,0,,,5,,,130,Sound,,,
0,FORT,2,1,1776625433.396702,48.47,Game,1,Predictable,39.74,0,,,5,,,130,Sound,,,
0,FORT,2,1,1776625433.396702,48.48,Game,1,Predictable,39.75,0,,,5,,,130,Sound,,,
0,FORT,2,1,1776625433.396702,48.49,Game,1,Predictable,39.76,0,,,5,,,130,Sound,,,
0,FORT,2,1,1776625433.396702,48.5,Game,1,Predictable,39.77,0,,,5,,,130,Sound,,,
0,FORT,2,1,1776625433.396702,48.51,Game,1,Predictable,39.77,0,,,5,,,130,Sound,,,
0,FORT,2,1,1776625433.396702,48.51,Game,1,Predictable,39.78,0,,,5,,,130,Sound,,,
0,FORT,2,1,1776625433.396702,48.52,Game,1,Predictable,39.79,0,,,5,,,130,Sound,,,
0,FORT,2,1,1776625433.396702,48.53,Game,1,Predictable,39.8,0,,,5,,,130,Sound,,,
0,FORT,2,1,1776625433.396702,48.54,Game,1,Predictable,39.81,0,,,5,,,130,Sound,,,
0,FORT,2,1,1776625433.396702,48.55,Game,1,Predictable,39.82,0,,,5,,,130,Sound,,,
0,FORT,2,1,1776625433.396702,48.56,Game,1,Predictable,39.82,0,,,5,,,130,Sound,,,
0,FORT,2,1,1776625433.396702,48.56,Game,1,Predictable,39.83,0,,,5,,,130,Sound,,,
0,FORT,2,1,1776625433.396702,48.57,Game,1,Predictable,39.84,0,,,5,,,130,Sound,,,
0,FORT,2,1,1776625433.396702,48.58,Game,1,Predictable,39.85,0,,,5,,,130,Sound,,,
0,FORT,2,1,1776625433.396702,48.59,Game,1,Predictable,39.86,0,,,5,,,130,Sound,,,
0,FORT,2,1,1776625433.396702,48.6,Game,1,Predictable,39.87,0,,,5,,,130,Sound,,,
0,FORT,2,1,1776625433.396702,48.61,Game,1,Predictable,39.87,0,,,5,,,130,Sound,,,
0,FORT,2,1,1776625433.396702,48.61,Game,1,Predictable,39.88,0,,,5,,,130,Sound,,,
0,FORT,2,1,1776625433.396702,48.62,Game,1,Predictable,39.89,0,,,5,,,130,Sound,,,
0,FORT,2,1,1776625433.396702,48.63,Game,1,Predictable,39.9,0,,,5,,,130,Sound,,,
0,FORT,2,1,1776625433.396702,48.64,Game,1,Predictable,39.91,0,,,5,,,130,Sound,,,
0,FORT,2,1,1776625433.396702,48.65,Game,1,Predictable,39.92,0,,,5,,,130,Sound,,,
0,FORT,2,1,1776625433.396702,48.66,Game,1,Predictable,39.92,0,,,5,,,130,Sound,,,
0,FORT,2,1,1776625433.396702,48.66,Game,1,Predictable,39.93,0,,,5,,,130,Sound,,,
0,FORT,2,1,1776625433.396702,48.67,Game,1,Predictable,39.94,0,,,5,,,130,Sound,,,
0,FORT,2,1,1776625433.396702,48.68,Game,1,Predictable,39.95,0,,,5,,,130,Sound,,,
0,FORT,2,1,1776625433.396702,48.69,Game,1,Predictable,39.96,0,,,5,,,130,Sound,,,
0,FORT,2,1,1776625433.396702,48.7,Game,1,Predictable,39.97,0,,,5,,,130,Sound,,,
0,FORT,2,1,1776625433.396702,48.71,Game,1,Predictable,39.97,0,,,5,,,130,Sound,,,
0,FORT,2,1,1776625433.396702,48.71,Game,1,Predictable,39.98,0,,,5,,,130,Sound,,,
0,FORT,2,1,1776625433.396702,48.72,Game,1,Predictable,39.99,0,,,5,,,130,Sound,,,
0,FORT,2,1,1776625433.396702,48.73,Game,1,Predictable,40.0,0,,,5,,,130,Sound,,,
0,FORT,2,1,1776625433.396702,48.74,Game,1,Predictable,40.01,0,,,5,,,130,Sound,,,
0,FORT,2,1,1776625433.396702,48.75,Game,1,Predictable,40.02,0,,,5,,,130,Sound,,,
0,FORT,2,1,1776625433.396702,48.76,Game,1,Predictable,40.02,0,,,5,,,130,Sound,,,
0,FORT,2,1,1776625433.396702,48.76,Game,1,Predictable,40.03,0,,,5,,,130,Sound,,,
0,FORT,2,1,1776625433.396702,48.77,Game,1,Predictable,40.04,0,,,5,,,130,Sound,,,
0,FORT,2,1,1776625433.396702,48.78,Game,1,Predictable,40.05,0,,,5,,,130,Sound,,,
0,FORT,2,1,1776625433.396702,48.79,Game,1,Predictable,40.06,0,,,5,,,130,Sound,,,
0,FORT,2,1,1776625433.396702,48.8,Game,1,Predictable,40.07,0,,,5,,,130,Sound,,,
0,FORT,2,1,1776625433.396702,48.81,Game,1,Predictable,40.07,0,,,5,,,130,Sound,,,
0,FORT,2,1,1776625433.396702,48.81,Game,1,Predictable,40.08,0,,,5,,,130,Sound,,,
0,FORT,2,1,1776625433.396702,48.82,Game,1,Predictable,40.09,0,,,5,,,130,Sound,,,
0,FORT,2,1,1776625433.396702,48.83,Game,1,Predictable,40.1,0,,,5,,,130,Sound,,,
0,FORT,2,1,1776625433.396702,48.84,Game,1,Predictable,40.11,0,,,5,,,130,Sound,,,
0,FORT,2,1,1776625433.396702,48.85,Game,1,Predictable,40.12,0,,,5,,,130,Sound,,,
0,FORT,2,1,1776625433.396702,48.86,Game,1,Predictable,40.12,0,,,5,,,130,Sound,,,
0,FORT,2,1,1776625433.396702,48.86,Game,1,Predictable,40.13,0,,,5,,,130,Sound,,,
0,FORT,2,1,1776625433.396702,48.87,Game,1,Predictable,40.14,0,,,5,,,130,Sound,,,
0,FORT,2,1,1776625433.396702,48.88,Game,1,Predictable,40.15,0,,,5,,,130,Sound,,,
0,FORT,2,1,1776625433.396702,48.89,Game,1,Predictable,40.16,0,,,5,,,130,Sound,,,
0,FORT,2,1,1776625433.396702,48.9,Game,1,Predictable,40.17,0,,,5,,,130,Sound,,,
0,FORT,2,1,1776625433.396702,48.91,Game,1,Predictable,40.17,0,,,5,,,130,Sound,,,
0,FORT,2,1,1776625433.396702,48.91,Game,1,Predictable,40.18,0,,,5,,,130,Sound,,,
0,FORT,2,1,1776625433.396702,48.92,Game,1,Predictable,40.19,0,,,5,,,130,Sound,,,
0,FORT,2,1,1776625433.396702,48.93,Game,1,Predictable,40.2,0,,,5,,,130,Sound,,,
0,FORT,2,1,1776625433.396702,48.94,Game,1,Predictable,40.21,0,,,5,,,130,Sound,,,
0,FORT,2,1,1776625433.396702,48.95,Game,1,Predictable,40.22,0,,,5,,,130,Sound,,,
0,FORT,2,1,1776625433.396702,48.96,Game,1,Predictable,40.22,0,,,5,,,130,Sound,,,
0,FORT,2,1,1776625433.396702,48.96,Game,1,Predictable,40.23,0,,,5,,,130,Sound,,,
0,FORT,2,1,1776625433.396702,48.97,Game,1,Predictable,40.24,0,,,5,,,130,Sound,,,
0,FORT,2,1,1776625433.396702,48.98,Game,1,Predictable,40.25,0,,,5,,,130,Sound,,,
0,FORT,2,1,1776625433.396702,48.99,Game,1,Predictable,40.26,0,,,5,,,130,Sound,,,
0,FORT,2,1,1776625433.396702,49.0,Game,1,Predictable,40.27,0,,,5,,,130,Sound,,,
0,FORT,2,1,1776625433.396702,49.01,Game,1,Predictable,40.27,0,,,5,,,130,Sound,,,
0,FORT,2,1,1776625433.396702,49.01,Game,1,Predictable,40.28,0,,,5,,,130,Sound,,,
0,FORT,2,1,1776625433.396702,49.02,Game,1,Predictable,40.29,0,,,5,,,130,Sound,,,
0,FORT,2,1,1776625433.396702,49.03,Game,1,Predictable,40.3,0,,,5,,,130,Sound,,,
0,FORT,2,1,1776625433.396702,49.04,Game,1,Predictable,40.31,0,,,5,,,130,Sound,,,
0,FORT,2,1,1776625433.396702,49.05,Game,1,Predictable,40.32,0,,,5,,,130,Sound,,,
0,FORT,2,1,1776625433.396702,49.06,Game,1,Predictable,40.32,0,,,5,,,130,Sound,,,
0,FORT,2,1,1776625433.396702,49.06,Game,1,Predictable,40.33,0,,,5,,,130,Sound,,,
0,FORT,2,1,1776625433.396702,49.07,Game,1,Predictable,40.34,0,,,5,,,130,Sound,,,
0,FORT,2,1,1776625433.396702,49.08,Game,1,Predictable,40.35,0,,,5,,,130,Sound,,,
0,FORT,2,1,1776625433.396702,49.09,Game,1,Predictable,40.36,0,,,5,,,130,Sound,,,
0,FORT,2,1,1776625433.396702,49.1,Game,1,Predictable,40.37,0,,,5,,,130,Sound,,,
0,FORT,2,1,1776625433.396702,49.11,Game,1,Predictable,40.37,0,,,5,,,130,Sound,,,
0,FORT,2,1,1776625433.396702,49.11,Game,1,Predictable,40.38,0,,,5,,,130,Sound,,,
0,FORT,2,1,1776625433.396702,49.12,Game,1,Predictable,40.39,0,,,5,,,130,Sound,,,
0,FORT,2,1,1776625433.396702,49.13,Game,1,Predictable,40.4,0,,,5,,,130,Sound,,,
0,FORT,2,1,1776625433.396702,49.14,Game,1,Predictable,40.41,0,,,5,,,130,Sound,,,
0,FORT,2,1,1776625433.396702,49.15,Game,1,Predictable,40.42,0,,,5,,,130,Sound,,,
0,FORT,2,1,1776625433.396702,49.16,Game,1,Predictable,40.42,0,,,5,,,130,Sound,,,
0,FORT,2,1,1776625433.396702,49.16,Game,1,Predictable,40.43,0,,,5,,,130,Sound,,,
0,FORT,2,1,1776625433.396702,49.17,Game,1,Predictable,40.44,0,,,5,,,130,Sound,,,
0,FORT,2,1,1776625433.396702,49.18,Game,1,Predictable,40.45,0,,,5,,,130,Sound,,,
0,FORT,2,1,1776625433.396702,49.19,Game,1,Predictable,40.46,0,,,5,,,130,Sound,,,
0,FORT,2,1,1776625433.396702,49.2,Game,1,Predictable,40.47,0,,,5,,,130,Sound,,,
0,FORT,2,1,1776625433.396702,49.21,Game,1,Predictable,40.47,0,,,5,,,130,Sound,,,
0,FORT,2,1,1776625433.396702,49.21,Game,1,Predictable,40.48,0,,,5,,,130,Sound,,,
0,FORT,2,1,1776625433.396702,49.22,Game,1,Predictable,40.49,0,,,5,,,130,Sound,,,
0,FORT,2,1,1776625433.396702,49.23,Game,1,Predictable,40.5,0,,,5,,,130,Sound,,,
0,FORT,2,1,1776625433.396702,49.24,Game,1,Predictable,40.51,0,,,5,,,130,Sound,,,
0,FORT,2,1,1776625433.396702,49.25,Game,1,Predictable,40.52,0,,,5,,,130,Sound,,,
0,FORT,2,1,1776625433.396702,49.26,Game,1,Predictable,40.52,0,,,5,,,130,Sound,,,
0,FORT,2,1,1776625433.396702,49.26,Game,1,Predictable,40.53,0,,,5,,,130,Sound,,,
0,FORT,2,1,1776625433.396702,49.27,Game,1,Predictable,40.54,0,,,5,,,130,Sound,,,
0,FORT,2,1,1776625433.396702,49.28,Game,1,Predictable,40.55,0,,,5,,,130,Sound,,,
0,FORT,2,1,1776625433.396702,49.29,Game,1,Predictable,40.56,0,,,5,,,130,Sound,,,
0,FORT,2,1,1776625433.396702,49.3,Game,1,Predictable,40.57,0,,,5,,,130,Sound,,,
0,FORT,2,1,1776625433.396702,49.31,Game,1,Predictable,40.57,0,,,5,,,130,Sound,,,
0,FORT,2,1,1776625433.396702,49.31,Game,1,Predictable,40.58,0,,,5,,,130,Sound,,,
0,FORT,2,1,1776625433.396702,49.32,Game,1,Predictable,40.59,0,,,5,,,130,Sound,,,
0,FORT,2,1,1776625433.396702,49.33,Game,1,Predictable,40.6,0,,,5,,,130,Sound,,,
0,FORT,2,1,1776625433.396702,49.34,Game,1,Predictable,40.61,0,,,5,,,130,Sound,,,
0,FORT,2,1,1776625433.396702,49.35,Game,1,Predictable,40.62,0,,,5,,,130,Sound,,,
0,FORT,2,1,1776625433.396702,49.36,Game,1,Predictable,40.62,0,,,5,,,130,Sound,,,
0,FORT,2,1,1776625433.396702,49.36,Game,1,Predictable,40.63,0,,,5,,,130,Sound,,,
0,FORT,2,1,1776625433.396702,49.37,Game,1,Predictable,40.64,0,,,5,,,130,Sound,,,
0,FORT,2,1,1776625433.396702,49.38,Game,1,Predictable,40.65,0,,,5,,,130,Sound,,,
0,FORT,2,1,1776625433.396702,49.39,Game,1,Predictable,40.66,0,,,5,,,130,Sound,,,
0,FORT,2,1,1776625433.396702,49.4,Game,1,Predictable,40.67,0,,,5,,,130,Sound,,,
0,FORT,2,1,1776625433.396702,49.41,Game,1,Predictable,40.67,0,,,5,,,130,Sound,,,
0,FORT,2,1,1776625433.396702,49.41,Game,1,Predictable,40.68,0,,,5,,,130,Sound,,,
0,FORT,2,1,1776625433.396702,49.42,Game,1,Predictable,40.69,0,,,5,,,130,Sound,,,
0,FORT,2,1,1776625433.396702,49.43,Game,1,Predictable,40.7,0,,,5,,,130,Sound,,,
0,FORT,2,1,1776625433.396702,49.44,Game,1,Predictable,40.71,0,,,5,,,130,Sound,,,
0,FORT,2,1,1776625433.396702,49.45,Game,1,Predictable,40.72,0,,,5,,,130,Sound,,,
0,FORT,2,1,1776625433.396702,49.46,Game,1,Predictable,40.72,0,,,5,,,130,Sound,,,
0,FORT,2,1,1776625433.396702,49.46,Game,1,Predictable,40.73,0,,,5,,,130,Sound,,,
0,FORT,2,1,1776625433.396702,49.47,Game,1,Predictable,40.74,0,,,5,,,130,Sound,,,
0,FORT,2,1,1776625433.396702,49.48,Game,1,Predictable,40.75,0,,,5,,,130,Sound,,,
0,FORT,2,1,1776625433.396702,49.49,Game,1,Predictable,40.76,0,,,5,,,130,Sound,,,
0,FORT,2,1,1776625433.396702,49.5,Game,1,Predictable,40.77,0,,,5,,,130,Sound,,,
0,FORT,2,1,1776625433.396702,49.51,Game,1,Predictable,40.77,0,,,5,,,130,Sound,,,
0,FORT,2,1,1776625433.396702,49.51,Game,1,Predictable,40.78,0,,,5,,,130,Sound,,,
0,FORT,2,1,1776625433.396702,49.52,Game,1,Predictable,40.79,0,,,5,,,130,Sound,,,
0,FORT,2,1,1776625433.396702,49.53,Game,1,Predictable,40.8,0,,,5,,,130,Sound,,,
0,FORT,2,1,1776625433.396702,49.54,Game,1,Predictable,40.81,0,,,5,,,130,Sound,,,
0,FORT,2,1,1776625433.396702,49.55,Game,1,Predictable,40.82,0,,,5,,,130,Sound,,,
0,FORT,2,1,1776625433.396702,49.56,Game,1,Predictable,40.82,0,,,5,,,130,Sound,,,
0,FORT,2,1,1776625433.396702,49.56,Game,1,Predictable,40.83,0,,,5,,,130,Sound,,,
0,FORT,2,1,1776625433.396702,49.57,Game,1,Predictable,40.84,0,,,5,,,130,Sound,,,
0,FORT,2,1,1776625433.396702,49.58,Game,1,Predictable,40.85,0,,,5,,,130,Sound,,,
0,FORT,2,1,1776625433.396702,49.59,Game,1,Predictable,40.86,0,,,5,,,130,Sound,,,
0,FORT,2,1,1776625433.396702,49.6,Game,1,Predictable,40.87,0,,,5,,,130,Sound,,,
0,FORT,2,1,1776625433.396702,49.61,Game,1,Predictable,40.87,0,,,5,,,130,Sound,,,
0,FORT,2,1,1776625433.396702,49.61,Game,1,Predictable,40.88,0,,,5,,,130,Sound,,,
0,FORT,2,1,1776625433.396702,49.62,Game,1,Predictable,40.89,0,,,5,,,130,Sound,,,
0,FORT,2,1,1776625433.396702,49.63,Game,1,Predictable,40.9,0,,,5,,,130,Sound,,,
0,FORT,2,1,1776625433.396702,49.64,Game,1,Predictable,40.91,0,,,5,,,130,Sound,,,
0,FORT,2,1,1776625433.396702,49.65,Game,1,Predictable,40.92,0,,,5,,,130,Sound,,,
0,FORT,2,1,1776625433.396702,49.66,Game,1,Predictable,40.92,0,,,5,,,130,Sound,,,
0,FORT,2,1,1776625433.396702,49.66,Game,1,Predictable,40.93,0,,,5,,,130,Sound,,,
0,FORT,2,1,1776625433.396702,49.67,Game,1,Predictable,40.94,0,,,5,,,130,Sound,,,
0,FORT,2,1,1776625433.396702,49.68,Game,1,Predictable,40.95,0,,,5,,,130,Sound,,,
0,FORT,2,1,1776625433.396702,49.69,Game,1,Predictable,40.96,0,,,5,,,130,Sound,,,
0,FORT,2,1,1776625433.396702,49.7,Game,1,Predictable,40.97,0,,,5,,,130,Sound,,,
0,FORT,2,1,1776625433.396702,49.71,Game,1,Predictable,40.97,0,,,5,,,130,Sound,,,
0,FORT,2,1,1776625433.396702,49.71,Game,1,Predictable,40.98,0,,,5,,,130,Sound,,,
0,FORT,2,1,1776625433.396702,49.72,Game,1,Predictable,40.99,0,,,5,,,130,Sound,,,
0,FORT,2,1,1776625433.396702,49.73,Game,1,Predictable,41.0,0,,,5,,,130,Sound,,,
0,FORT,2,1,1776625433.396702,49.74,Game,1,Predictable,41.01,0,,,5,,,130,Sound,,,
0,FORT,2,1,1776625433.396702,49.75,Game,1,Predictable,41.02,0,,,5,,,130,Sound,,,
0,FORT,2,1,1776625433.396702,49.76,Game,1,Predictable,41.02,0,,,5,,,130,Sound,,,
0,FORT,2,1,1776625433.396702,49.76,Game,1,Predictable,41.03,0,,,5,,,130,Sound,,,
0,FORT,2,1,1776625433.396702,49.77,Game,1,Predictable,41.04,0,,,5,,,130,Sound,,,
0,FORT,2,1,1776625433.396702,49.78,Game,1,Predictable,41.05,0,,,5,,,130,Sound,,,
0,FORT,2,1,1776625433.396702,49.79,Game,1,Predictable,41.06,0,,,5,,,130,Sound,,,
0,FORT,2,1,1776625433.396702,49.8,Game,1,Predictable,41.07,0,,,5,,,130,Sound,,,
0,FORT,2,1,1776625433.396702,49.81,Game,1,Predictable,41.07,0,,,5,,,130,Sound,,,
0,FORT,2,1,1776625433.396702,49.81,Game,1,Predictable,41.08,0,,,5,,,130,Sound,,,
0,FORT,2,1,1776625433.396702,49.82,Game,1,Predictable,41.09,0,,,5,,,130,Sound,,,
0,FORT,2,1,1776625433.396702,49.83,Game,1,Predictable,41.1,0,,,5,,,130,Sound,,,
0,FORT,2,1,1776625433.396702,49.84,Game,1,Predictable,41.11,0,,,5,,,130,Sound,,,
0,FORT,2,1,1776625433.396702,49.85,Game,1,Predictable,41.12,0,,,5,,,130,Sound,,,
0,FORT,2,1,1776625433.396702,49.86,Game,1,Predictable,41.12,0,,,5,,,130,Sound,,,
0,FORT,2,1,1776625433.396702,49.86,Game,1,Predictable,41.13,0,,,5,,,130,Sound,,,
0,FORT,2,1,1776625433.396702,49.87,Game,1,Predictable,41.14,0,,,5,,,130,Sound,,,
0,FORT,2,1,1776625433.396702,49.88,Game,1,Predictable,41.15,0,,,5,,,130,Sound,,,
0,FORT,2,1,1776625433.396702,49.89,Game,1,Predictable,41.16,0,,,5,,,130,Sound,,,
0,FORT,2,1,1776625433.396702,49.9,Game,1,Predictable,41.17,0,,,5,,,130,Sound,,,
0,FORT,2,1,1776625433.396702,49.91,Game,1,Predictable,41.17,0,,,5,,,130,Sound,,,
0,FORT,2,1,1776625433.396702,49.91,Game,1,Predictable,41.18,0,,,5,,,130,Sound,,,
0,FORT,2,1,1776625433.396702,49.92,Game,1,Predictable,41.19,0,,,5,,,130,Sound,,,
0,FORT,2,1,1776625433.396702,49.93,Game,1,Predictable,41.2,0,,,5,,,130,Sound,,,
0,FORT,2,1,1776625433.396702,49.94,Game,1,Predictable,41.21,0,,,5,,,130,Sound,,,
0,FORT,2,1,1776625433.396702,49.95,Game,1,Predictable,41.22,0,,,5,,,130,Sound,,,
0,FORT,2,1,1776625433.396702,49.96,Game,1,Predictable,41.22,0,,,5,,,130,Sound,,,
0,FORT,2,1,1776625433.396702,49.96,Game,1,Predictable,41.23,0,,,5,,,130,Sound,,,
0,FORT,2,1,1776625433.396702,49.97,Game,1,Predictable,41.24,0,,,5,,,130,Sound,,,
0,FORT,2,1,1776625433.396702,49.98,Game,1,Predictable,41.25,0,,,5,,,130,Sound,,,
0,FORT,2,1,1776625433.396702,49.99,Game,1,Predictable,41.26,0,,,5,,,130,Sound,,,
0,FORT,2,1,1776625433.396702,50.0,Game,1,Predictable,41.27,0,,,5,,,130,Sound,,,
0,FORT,2,1,1776625433.396702,50.01,Game,1,Predictable,41.27,0,,,5,,,130,Sound,,,
0,FORT,2,1,1776625433.396702,50.01,Game,1,Predictable,41.28,0,,,5,,,130,Sound,,,
0,FORT,2,1,1776625433.396702,50.02,Game,1,Predictable,41.29,0,,,5,,,130,Sound,,,
0,FORT,2,1,1776625433.396702,50.03,Game,1,Predictable,41.3,0,,,5,,,130,Sound,,,
0,FORT,2,1,1776625433.396702,50.04,Game,1,Predictable,41.31,0,,,5,,,130,Sound,,,
0,FORT,2,1,1776625433.396702,50.05,Game,1,Predictable,41.32,0,,,5,,,130,Sound,,,
0,FORT,2,1,1776625433.396702,50.06,Game,1,Predictable,41.32,0,,,5,,,130,Sound,,,
0,FORT,2,1,1776625433.396702,50.06,Game,1,Predictable,41.33,0,,,5,,,130,Sound,,,
0,FORT,2,1,1776625433.396702,50.07,Game,1,Predictable,41.34,0,,,5,,,130,Sound,,,
0,FORT,2,1,1776625433.396702,50.08,Game,1,Predictable,41.35,0,,,5,,,130,Sound,,,
0,FORT,2,1,1776625433.396702,50.09,Game,1,Predictable,41.36,0,,,5,,,130,Sound,,,
0,FORT,2,1,1776625433.396702,50.1,Game,1,Predictable,41.37,0,,,5,,,130,Sound,,,
0,FORT,2,1,1776625433.396702,50.11,Game,1,Predictable,41.37,0,,,5,,,130,Sound,,,
0,FORT,2,1,1776625433.396702,50.11,Game,1,Predictable,41.38,0,,,5,,,130,Sound,,,
0,FORT,2,1,1776625433.396702,50.12,Game,1,Predictable,41.39,0,,,5,,,130,Sound,,,
0,FORT,2,1,1776625433.396702,50.13,Game,1,Predictable,41.4,0,,,5,,,130,Sound,,,
0,FORT,2,1,1776625433.396702,50.14,Game,1,Predictable,41.41,0,,,5,,,130,Sound,,,
0,FORT,2,1,1776625433.396702,50.15,Game,1,Predictable,41.42,0,,,5,,,130,Sound,,,
0,FORT,2,1,1776625433.396702,50.16,Game,1,Predictable,41.43,0,,,5,,,130,Sound,,,
0,FORT,2,1,1776625433.396702,50.17,Game,1,Predictable,41.44,0,,,5,,,130,Sound,,,
0,FORT,2,1,1776625433.396702,50.18,Game,1,Predictable,41.45,0,,,5,,,130,Sound,,,
0,FORT,2,1,1776625433.396702,50.19,Game,1,Predictable,41.46,0,,,5,,,130,Sound,,,
0,FORT,2,1,1776625433.396702,50.2,Game,1,Predictable,41.47,0,,,5,,,130,Sound,,,
0,FORT,2,1,1776625433.396702,50.21,Game,1,Predictable,41.47,0,,,5,,,130,Sound,,,
0,FORT,2,1,1776625433.396702,50.21,Game,1,Predictable,41.48,0,,,5,,,130,Sound,,,
0,FORT,2,1,1776625433.396702,50.22,Game,1,Predictable,41.49,0,,,5,,,130,Sound,,,
0,FORT,2,1,1776625433.396702,50.23,Game,1,Predictable,41.5,0,,,5,,,130,Sound,,,
0,FORT,2,1,1776625433.396702,50.24,Game,1,Predictable,41.51,0,,,5,,,130,Sound,,,
0,FORT,2,1,1776625433.396702,50.25,Game,1,Predictable,41.52,0,,,5,,,130,Sound,,,
0,FORT,2,1,1776625433.396702,50.26,Game,1,Predictable,41.53,0,,,5,,,130,Sound,,,
0,FORT,2,1,1776625433.396702,50.27,Game,1,Predictable,41.54,0,,,5,,,130,Sound,,,
0,FORT,2,1,1776625433.396702,50.28,Game,1,Predictable,41.55,0,,,5,,,130,Sound,,,
0,FORT,2,1,1776625433.396702,50.29,Game,1,Predictable,41.56,0,,,5,,,130,Sound,,,
0,FORT,2,1,1776625433.396702,50.3,Game,1,Predictable,41.57,0,,,5,,,130,Sound,,,
0,FORT,2,1,1776625433.396702,50.31,Game,1,Predictable,41.57,0,,,5,,,130,Sound,,,
0,FORT,2,1,1776625433.396702,50.31,Game,1,Predictable,41.58,0,,,5,,,130,Sound,,,
0,FORT,2,1,1776625433.396702,50.32,Game,1,Predictable,41.59,0,,,5,,,130,Sound,,,
0,FORT,2,1,1776625433.396702,50.33,Game,1,Predictable,41.6,0,,,5,,,130,Sound,,,
0,FORT,2,1,1776625433.396702,50.34,Game,1,Predictable,41.61,0,,,5,,,130,Sound,,,
0,FORT,2,1,1776625433.396702,50.35,Game,1,Predictable,41.62,0,,,5,,,130,Sound,,,
0,FORT,2,1,1776625433.396702,50.36,Game,1,Predictable,41.62,0,,,5,,,130,Sound,,,
0,FORT,2,1,1776625433.396702,50.36,Game,1,Predictable,41.63,0,,,5,,,130,Sound,,,
0,FORT,2,1,1776625433.396702,50.37,Game,1,Predictable,41.64,0,,,5,,,130,Sound,,,
0,FORT,2,1,1776625433.396702,50.38,Game,1,Predictable,41.65,0,,,5,,,130,Sound,,,
0,FORT,2,1,1776625433.396702,50.39,Game,1,Predictable,41.66,0,,,5,,,130,Sound,,,
0,FORT,2,1,1776625433.396702,50.4,Game,1,Predictable,41.67,0,,,5,,,130,Sound,,,
0,FORT,2,1,1776625433.396702,50.41,Game,1,Predictable,41.68,0,,,5,,,130,Sound,,,
0,FORT,2,1,1776625433.396702,50.42,Game,1,Predictable,41.69,0,,,5,,,130,Sound,,,
0,FORT,2,1,1776625433.396702,50.43,Game,1,Predictable,41.7,0,,,5,,,130,Sound,,,
0,FORT,2,1,1776625433.396702,50.44,Game,1,Predictable,41.71,0,,,5,,,130,Sound,,,
0,FORT,2,1,1776625433.396702,50.45,Game,1,Predictable,41.72,0,,,5,,,130,Sound,,,
0,FORT,2,1,1776625433.396702,50.46,Game,1,Predictable,41.72,0,,,5,,,130,Sound,,,
0,FORT,2,1,1776625433.396702,50.46,Game,1,Predictable,41.73,0,,,5,,,130,Sound,,,
0,FORT,2,1,1776625433.396702,50.47,Game,1,Predictable,41.74,0,,,5,,,130,Sound,,,
0,FORT,2,1,1776625433.396702,50.48,Game,1,Predictable,41.75,0,,,5,,,130,Sound,,,
0,FORT,2,1,1776625433.396702,50.49,Game,1,Predictable,41.76,0,,,5,,,130,Sound,,,
0,FORT,2,1,1776625433.396702,50.5,Game,1,Predictable,41.77,0,,,5,,,130,Sound,,,
0,FORT,2,1,1776625433.396702,50.51,Game,1,Predictable,41.77,0,,,5,,,130,Sound,,,
0,FORT,2,1,1776625433.396702,50.51,Game,1,Predictable,41.78,0,,,5,,,130,Sound,,,
0,FORT,2,1,1776625433.396702,50.52,Game,1,Predictable,41.79,0,,,5,,,130,Sound,,,
0,FORT,2,1,1776625433.396702,50.53,Game,1,Predictable,41.8,0,,,5,,,130,Sound,,,
0,FORT,2,1,1776625433.396702,50.54,Game,1,Predictable,41.81,0,,,5,,,130,Sound,,,
0,FORT,2,1,1776625433.396702,50.55,Game,1,Predictable,41.82,0,,,5,,,130,Sound,,,
0,FORT,2,1,1776625433.396702,50.56,Game,1,Predictable,41.83,0,,,5,,,130,Sound,,,
0,FORT,2,1,1776625433.396702,50.57,Game,1,Predictable,41.84,0,,,5,,,130,Sound,,,
0,FORT,2,1,1776625433.396702,50.58,Game,1,Predictable,41.85,0,,,5,,,130,Sound,,,
0,FORT,2,1,1776625433.396702,50.59,Game,1,Predictable,41.86,0,,,5,,,130,Sound,,,
0,FORT,2,1,1776625433.396702,50.6,Game,1,Predictable,41.87,0,,,5,,,130,Sound,,,
0,FORT,2,1,1776625433.396702,50.61,Game,1,Predictable,41.88,0,,,5,,,130,Sound,,,
0,FORT,2,1,1776625433.396702,50.62,Game,1,Predictable,41.89,0,,,5,,,130,Sound,,,
0,FORT,2,1,1776625433.396702,50.63,Game,1,Predictable,41.9,0,,,5,,,130,Sound,,,
0,FORT,2,1,1776625433.396702,50.64,Game,1,Predictable,41.91,0,,,5,,,130,Sound,,,
0,FORT,2,1,1776625433.396702,50.65,Game,1,Predictable,41.92,0,,,5,,,130,Sound,,,
0,FORT,2,1,1776625433.396702,50.66,Game,1,Predictable,41.93,0,,,5,,,130,Sound,,,
0,FORT,2,1,1776625433.396702,50.67,Game,1,Predictable,41.94,0,,,5,,,130,Sound,,,
0,FORT,2,1,1776625433.396702,50.68,Game,1,Predictable,41.95,0,,,5,,,130,Sound,,,
0,FORT,2,1,1776625433.396702,50.69,Game,1,Predictable,41.96,0,,,5,,,130,Sound,,,
0,FORT,2,1,1776625433.396702,50.7,Game,1,Predictable,41.97,0,,,5,,,130,Sound,,,
0,FORT,2,1,1776625433.396702,50.71,Game,1,Predictable,41.98,0,,,5,,,130,Sound,,,
0,FORT,2,1,1776625433.396702,50.72,Game,1,Predictable,41.99,0,,,5,,,130,Sound,,,
0,FORT,2,1,1776625433.396702,50.73,Game,1,Predictable,42.0,0,,,5,,,130,Sound,,,
0,FORT,2,1,1776625433.396702,50.76,Game,1,Predictable,42.01,0,,,5,,,130,Sound,,,
0,FORT,2,1,1776625433.396702,50.77,Game,1,Predictable,42.03,0,,,5,,,130,Sound,,,
0,FORT,2,1,1776625433.396702,50.78,Game,1,Predictable,42.05,0,,,5,,,130,Sound,,,
0,FORT,2,1,1776625433.396702,50.79,Game,1,Predictable,42.06,0,,,5,,,130,Sound,,,
0,FORT,2,1,1776625433.396702,50.8,Game,1,Predictable,42.07,0,,,5,,,130,Sound,,,
0,FORT,2,1,1776625433.396702,50.81,Game,1,Predictable,42.08,0,,,5,,,130,Sound,,,
0,FORT,2,1,1776625433.396702,50.82,Game,1,Predictable,42.09,0,,,5,,,130,Sound,,,
0,FORT,2,1,1776625433.396702,50.83,Game,1,Predictable,42.1,0,,,5,,,130,Sound,,,
0,FORT,2,1,1776625433.396702,50.84,Game,1,Predictable,42.11,0,,,5,,,130,Sound,,,
0,FORT,2,1,1776625433.396702,50.85,Game,1,Predictable,42.12,0,,,5,,,130,Sound,,,
0,FORT,2,1,1776625433.396702,50.86,Game,1,Predictable,42.13,0,,,5,,,130,Sound,,,
0,FORT,2,1,1776625433.396702,50.87,Game,1,Predictable,42.14,0,,,5,,,130,Sound,,,
0,FORT,2,1,1776625433.396702,50.88,Game,1,Predictable,42.15,0,,,5,,,130,Sound,,,
0,FORT,2,1,1776625433.396702,50.89,Game,1,Predictable,42.16,0,,,5,,,130,Sound,,,
0,FORT,2,1,1776625433.396702,50.9,Game,1,Predictable,42.17,0,,,5,,,130,Sound,,,
0,FORT,2,1,1776625433.396702,50.91,Game,1,Predictable,42.18,0,,,5,,,130,Sound,,,
0,FORT,2,1,1776625433.396702,50.92,Game,1,Predictable,42.19,0,,,5,,,130,Sound,,,
0,FORT,2,1,1776625433.396702,50.93,Game,1,Predictable,42.2,0,,,5,,,130,Sound,,,
0,FORT,2,1,1776625433.396702,50.94,Game,1,Predictable,42.21,0,,,5,,,130,Sound,,,
0,FORT,2,1,1776625433.396702,50.95,Game,1,Predictable,42.22,0,,,5,,,130,Sound,,,
0,FORT,2,1,1776625433.396702,50.96,Game,1,Predictable,42.23,0,,,5,,,130,Sound,,,
0,FORT,2,1,1776625433.396702,50.97,Game,1,Predictable,42.24,0,,,5,,,130,Sound,,,
0,FORT,2,1,1776625433.396702,50.98,Game,1,Predictable,42.25,0,,,5,,,130,Sound,,,
0,FORT,2,1,1776625433.396702,50.99,Game,1,Predictable,42.26,0,,,5,,,130,Sound,,,
0,FORT,2,1,1776625433.396702,51.0,Game,1,Predictable,42.27,0,,,5,,,130,Sound,,,
0,FORT,2,1,1776625433.396702,51.01,Game,1,Predictable,42.27,0,,,5,,,130,Sound,,,
0,FORT,2,1,1776625433.396702,51.01,Game,1,Predictable,42.28,0,,,5,,,130,Sound,,,
0,FORT,2,1,1776625433.396702,51.02,Game,1,Predictable,42.29,0,,,5,,,130,Sound,,,
0,FORT,2,1,1776625433.396702,51.03,Game,1,Predictable,42.3,0,,,5,,,130,Sound,,,
0,FORT,2,1,1776625433.396702,51.04,Game,1,Predictable,42.31,0,,,5,,,130,Sound,,,
0,FORT,2,1,1776625433.396702,51.05,Game,1,Predictable,42.32,0,,,5,,,130,Sound,,,
0,FORT,2,1,1776625433.396702,51.06,Game,1,Predictable,42.32,0,,,5,,,130,Sound,,,
0,FORT,2,1,1776625433.396702,51.06,Game,1,Predictable,42.33,0,,,5,,,130,Sound,,,
0,FORT,2,1,1776625433.396702,51.07,Game,1,Predictable,42.34,0,,,5,,,130,Sound,,,
0,FORT,2,1,1776625433.396702,51.08,Game,1,Predictable,42.35,0,,,5,,,130,Sound,,,
0,FORT,2,1,1776625433.396702,51.09,Game,1,Predictable,42.36,0,,,5,,,130,Sound,,,
0,FORT,2,1,1776625433.396702,51.1,Game,1,Predictable,42.37,0,,,5,,,130,Sound,,,
0,FORT,2,1,1776625433.396702,51.11,Game,1,Predictable,42.38,0,,,5,,,130,Sound,,,
0,FORT,2,1,1776625433.396702,51.12,Game,1,Predictable,42.39,0,,,5,,,130,Sound,,,
0,FORT,2,1,1776625433.396702,51.13,Game,1,Predictable,42.4,0,,,5,,,130,Sound,,,
0,FORT,2,1,1776625433.396702,51.14,Game,1,Predictable,42.41,0,,,5,,,130,Sound,,,
0,FORT,2,1,1776625433.396702,51.15,Game,1,Predictable,42.42,0,,,5,,,130,Sound,,,
0,FORT,2,1,1776625433.396702,51.16,Game,1,Predictable,42.43,0,,,5,,,130,Sound,,,
0,FORT,2,1,1776625433.396702,51.17,Game,1,Predictable,42.44,0,,,5,,,130,Sound,,,
0,FORT,2,1,1776625433.396702,51.18,Game,1,Predictable,42.45,0,,,5,,,130,Sound,,,
0,FORT,2,1,1776625433.396702,51.19,Game,1,Predictable,42.46,0,,,5,,,130,Sound,,,
0,FORT,2,1,1776625433.396702,51.2,Game,1,Predictable,42.47,0,,,5,,,130,Sound,,,
0,FORT,2,1,1776625433.396702,51.21,Game,1,Predictable,42.48,0,,,5,,,130,Sound,,,
0,FORT,2,1,1776625433.396702,51.22,Game,1,Predictable,42.49,0,,,5,,,130,Sound,,,
0,FORT,2,1,1776625433.396702,51.23,Game,1,Predictable,42.5,0,,,5,,,130,Sound,,,
0,FORT,2,1,1776625433.396702,51.24,Game,1,Predictable,42.51,0,,,5,,,130,Sound,,,
0,FORT,2,1,1776625433.396702,51.25,Game,1,Predictable,42.52,0,,,5,,,130,Sound,,,
0,FORT,2,1,1776625433.396702,51.26,Game,1,Predictable,42.52,0,,,5,,,130,Sound,,,
0,FORT,2,1,1776625433.396702,51.26,Game,1,Predictable,42.53,0,,,5,,,130,Sound,,,
0,FORT,2,1,1776625433.396702,51.27,Game,1,Predictable,42.54,0,,,5,,,130,Sound,,,
0,FORT,2,1,1776625433.396702,51.28,Game,1,Predictable,42.55,0,,,5,,,130,Sound,,,
0,FORT,2,1,1776625433.396702,51.29,Game,1,Predictable,42.56,0,,,5,,,130,Sound,,,
0,FORT,2,1,1776625433.396702,51.3,Game,1,Predictable,42.57,0,,,5,,,130,Sound,,,
0,FORT,2,1,1776625433.396702,51.31,Game,1,Predictable,42.58,0,,,5,,,130,Sound,,,
0,FORT,2,1,1776625433.396702,51.32,Game,1,Predictable,42.59,0,,,5,,,130,Sound,,,
0,FORT,2,1,1776625433.396702,51.33,Game,1,Predictable,42.6,0,,,5,,,130,Sound,,,
0,FORT,2,1,1776625433.396702,51.34,Game,1,Predictable,42.61,0,,,5,,,130,Sound,,,
0,FORT,2,1,1776625433.396702,51.35,Game,1,Predictable,42.62,0,,,5,,,130,Sound,,,
0,FORT,2,1,1776625433.396702,51.36,Game,1,Predictable,42.63,0,,,5,,,130,Sound,,,
0,FORT,2,1,1776625433.396702,51.37,Game,1,Predictable,42.64,0,,,5,,,130,Sound,,,
0,FORT,2,1,1776625433.396702,51.38,Game,1,Predictable,42.65,0,,,5,,,130,Sound,,,
0,FORT,2,1,1776625433.396702,51.39,Game,1,Predictable,42.66,0,,,5,,,130,Sound,,,
0,FORT,2,1,1776625433.396702,51.4,Game,1,Predictable,42.67,0,,,5,,,130,Sound,,,
0,FORT,2,1,1776625433.396702,51.41,Game,1,Predictable,42.68,0,,,5,,,130,Sound,,,
0,FORT,2,1,1776625433.396702,51.42,Game,1,Predictable,42.69,0,,,5,,,130,Sound,,,
0,FORT,2,1,1776625433.396702,51.43,Game,1,Predictable,42.7,0,,,5,,,130,Sound,,,
0,FORT,2,1,1776625433.396702,51.44,Game,1,Predictable,42.71,0,,,5,,,130,Sound,,,
0,FORT,2,1,1776625433.396702,51.45,Game,1,Predictable,42.72,0,,,5,,,130,Sound,,,
0,FORT,2,1,1776625433.396702,51.46,Game,1,Predictable,42.73,0,,,5,,,130,Sound,,,
0,FORT,2,1,1776625433.396702,51.47,Game,1,Predictable,42.74,0,,,5,,,130,Sound,,,
0,FORT,2,1,1776625433.396702,51.48,Game,1,Predictable,42.75,0,,,5,,,130,Sound,,,
0,FORT,2,1,1776625433.396702,51.49,Game,1,Predictable,42.76,0,,,5,,,130,Sound,,,
0,FORT,2,1,1776625433.396702,51.5,Game,1,Predictable,42.77,0,,,5,,,130,Sound,,,
0,FORT,2,1,1776625433.396702,51.51,Game,1,Predictable,42.78,0,,,5,,,130,Sound,,,
0,FORT,2,1,1776625433.396702,51.52,Game,1,Predictable,42.79,0,,,5,,,130,Sound,,,
0,FORT,2,1,1776625433.396702,51.53,Game,1,Predictable,42.8,0,,,5,,,130,Sound,,,
0,FORT,2,1,1776625433.396702,51.54,Game,1,Predictable,42.81,0,,,5,,,130,Sound,,,
0,FORT,2,1,1776625433.396702,51.55,Game,1,Predictable,42.82,0,,,5,,,130,Sound,,,
0,FORT,2,1,1776625433.396702,51.56,Game,1,Predictable,42.83,0,,,5,,,130,Sound,,,
0,FORT,2,1,1776625433.396702,51.57,Game,1,Predictable,42.84,0,,,5,,,130,Sound,,,
0,FORT,2,1,1776625433.396702,51.58,Game,1,Predictable,42.85,0,,,5,,,130,Sound,,,
0,FORT,2,1,1776625433.396702,51.59,Game,1,Predictable,42.86,0,,,5,,,130,Sound,,,
0,FORT,2,1,1776625433.396702,51.6,Game,1,Predictable,42.87,0,,,5,,,130,Sound,,,
0,FORT,2,1,1776625433.396702,51.61,Game,1,Predictable,42.88,0,,,5,,,130,Sound,,,
0,FORT,2,1,1776625433.396702,51.62,Game,1,Predictable,42.89,0,,,5,,,130,Sound,,,
0,FORT,2,1,1776625433.396702,51.63,Game,1,Predictable,42.9,0,,,5,,,130,Sound,,,
0,FORT,2,1,1776625433.396702,51.64,Game,1,Predictable,42.91,0,,,5,,,130,Sound,,,
0,FORT,2,1,1776625433.396702,51.65,Game,1,Predictable,42.92,0,,,5,,,130,Sound,,,
0,FORT,2,1,1776625433.396702,51.66,Game,1,Predictable,42.93,0,,,5,,,130,Sound,,,
0,FORT,2,1,1776625433.396702,51.67,Game,1,Predictable,42.94,0,,,5,,,130,Sound,,,
0,FORT,2,1,1776625433.396702,51.68,Game,1,Predictable,42.95,0,,,5,,,130,Sound,,,
0,FORT,2,1,1776625433.396702,51.69,Game,1,Predictable,42.96,0,,,5,,,130,Sound,,,
0,FORT,2,1,1776625433.396702,51.7,Game,1,Predictable,42.97,0,,,5,,,130,Sound,,,
0,FORT,2,1,1776625433.396702,51.71,Game,1,Predictable,42.98,0,,,5,,,130,Sound,,,
0,FORT,2,1,1776625433.396702,51.72,Game,1,Predictable,42.99,0,,,5,,,130,Sound,,,
0,FORT,2,1,1776625433.396702,51.73,Game,1,Predictable,43.0,0,,,5,,,130,Sound,,,
0,FORT,2,1,1776625433.396702,51.74,Game,1,Predictable,43.01,0,,,5,,,130,Sound,,,
0,FORT,2,1,1776625433.396702,51.75,Game,1,Predictable,43.02,0,,,5,,,130,Sound,,,
0,FORT,2,1,1776625433.396702,51.76,Game,1,Predictable,43.03,0,,,5,,,130,Sound,,,
0,FORT,2,1,1776625433.396702,51.77,Game,1,Predictable,43.04,0,,,5,,,130,Sound,,,
0,FORT,2,1,1776625433.396702,51.78,Game,1,Predictable,43.05,0,,,5,,,130,Sound,,,
0,FORT,2,1,1776625433.396702,51.79,Game,1,Predictable,43.06,0,,,5,,,130,Sound,,,
0,FORT,2,1,1776625433.396702,51.8,Game,1,Predictable,43.07,0,,,5,,,130,Sound,,,
0,FORT,2,1,1776625433.396702,51.81,Game,1,Predictable,43.08,0,,,5,,,130,Sound,,,
0,FORT,2,1,1776625433.396702,51.82,Game,1,Predictable,43.09,0,,,5,,,130,Sound,,,
0,FORT,2,1,1776625433.396702,51.83,Game,1,Predictable,43.1,0,,,5,,,130,Sound,,,
0,FORT,2,1,1776625433.396702,51.84,Game,1,Predictable,43.11,0,,,5,,,130,Sound,,,
0,FORT,2,1,1776625433.396702,51.85,Game,1,Predictable,43.12,0,,,5,,,130,Sound,,,
0,FORT,2,1,1776625433.396702,51.86,Game,1,Predictable,43.13,0,,,5,,,130,Sound,,,
0,FORT,2,1,1776625433.396702,51.87,Game,1,Predictable,43.14,0,,,5,,,130,Sound,,,
0,FORT,2,1,1776625433.396702,51.88,Game,1,Predictable,43.15,0,,,5,,,130,Sound,,,
0,FORT,2,1,1776625433.396702,51.89,Game,1,Predictable,43.16,0,,,5,,,130,Sound,,,
0,FORT,2,1,1776625433.396702,51.9,Game,1,Predictable,43.17,0,,,5,,,130,Sound,,,
0,FORT,2,1,1776625433.396702,51.91,Game,1,Predictable,43.18,0,,,5,,,130,Sound,,,
0,FORT,2,1,1776625433.396702,51.92,Game,1,Predictable,43.19,0,,,5,,,130,Sound,,,
0,FORT,2,1,1776625433.396702,51.93,Game,1,Predictable,43.2,0,,,5,,,130,Sound,,,
0,FORT,2,1,1776625433.396702,51.94,Game,1,Predictable,43.21,0,,,5,,,130,Sound,,,
0,FORT,2,1,1776625433.396702,51.95,Game,1,Predictable,43.22,0,,,5,,,130,Sound,,,
0,FORT,2,1,1776625433.396702,51.96,Game,1,Predictable,43.22,0,,,5,,,130,Sound,,,
0,FORT,2,1,1776625433.396702,51.96,Game,1,Predictable,43.23,0,,,5,,,130,Sound,,,
0,FORT,2,1,1776625433.396702,51.97,Game,1,Predictable,43.24,0,,,5,,,130,Sound,,,
0,FORT,2,1,1776625433.396702,51.98,Game,1,Predictable,43.25,0,,,5,,,130,Sound,,,
0,FORT,2,1,1776625433.396702,51.99,Game,1,Predictable,43.26,0,,,5,,,130,Sound,,,
0,FORT,2,1,1776625433.396702,52.0,Game,1,Predictable,43.27,0,,,5,,,130,Sound,,,
0,FORT,2,1,1776625433.396702,52.01,Game,1,Predictable,43.28,0,,,5,,,130,Sound,,,
0,FORT,2,1,1776625433.396702,52.02,Game,1,Predictable,43.29,0,,,5,,,130,Sound,,,
0,FORT,2,1,1776625433.396702,52.03,Game,1,Predictable,43.3,0,,,5,,,130,Sound,,,
0,FORT,2,1,1776625433.396702,52.04,Game,1,Predictable,43.31,0,,,5,,,130,Sound,,,
0,FORT,2,1,1776625433.396702,52.05,Game,1,Predictable,43.32,0,,,5,,,130,Sound,,,
0,FORT,2,1,1776625433.396702,52.06,Game,1,Predictable,43.32,0,,,5,,,130,Sound,,,
0,FORT,2,1,1776625433.396702,52.06,Game,1,Predictable,43.33,0,,,5,,,130,Sound,,,
0,FORT,2,1,1776625433.396702,52.07,Game,1,Predictable,43.34,0,,,5,,,130,Sound,,,
0,FORT,2,1,1776625433.396702,52.08,Game,1,Predictable,43.35,0,,,5,,,130,Sound,,,
0,FORT,2,1,1776625433.396702,52.09,Game,1,Predictable,43.36,0,,,5,,,130,Sound,,,
0,FORT,2,1,1776625433.396702,52.1,Game,1,Predictable,43.37,0,,,5,,,130,Sound,,,
0,FORT,2,1,1776625433.396702,52.11,Game,1,Predictable,43.38,0,,,5,,,130,Sound,,,
0,FORT,2,1,1776625433.396702,52.12,Game,1,Predictable,43.39,0,,,5,,,130,Sound,,,
0,FORT,2,1,1776625433.396702,52.13,Game,1,Predictable,43.4,0,,,5,,,130,Sound,,,
0,FORT,2,1,1776625433.396702,52.14,Game,1,Predictable,43.41,0,,,5,,,130,Sound,,,
0,FORT,2,1,1776625433.396702,52.15,Game,1,Predictable,43.42,0,,,5,,,130,Sound,,,
0,FORT,2,1,1776625433.396702,52.16,Game,1,Predictable,43.43,0,,,5,,,130,Sound,,,
0,FORT,2,1,1776625433.396702,52.17,Game,1,Predictable,43.44,0,,,5,,,130,Sound,,,
0,FORT,2,1,1776625433.396702,52.18,Game,1,Predictable,43.45,0,,,5,,,130,Sound,,,
0,FORT,2,1,1776625433.396702,52.19,Game,1,Predictable,43.46,0,,,5,,,130,Sound,,,
0,FORT,2,1,1776625433.396702,52.2,Game,1,Predictable,43.47,0,,,5,,,130,Sound,,,
0,FORT,2,1,1776625433.396702,52.22,Game,1,Predictable,43.48,0,,,5,,,130,Sound,,,
0,FORT,2,1,1776625433.396702,52.24,Game,1,Predictable,43.5,0,,,5,,,130,Sound,,,
0,FORT,2,1,1776625433.396702,52.25,Game,1,Predictable,43.52,0,,,5,,,130,Sound,,,
0,FORT,2,1,1776625433.396702,52.26,Game,1,Predictable,43.53,0,,,5,,,130,Sound,,,
0,FORT,2,1,1776625433.396702,52.27,Game,1,Predictable,43.54,0,,,5,,,130,Sound,,,
0,FORT,2,1,1776625433.396702,52.28,Game,1,Predictable,43.55,0,,,5,,,130,Sound,,,
0,FORT,2,1,1776625433.396702,52.29,Game,1,Predictable,43.56,0,,,5,,,130,Sound,,,
0,FORT,2,1,1776625433.396702,52.3,Game,1,Predictable,43.57,0,,,5,,,130,Sound,,,
0,FORT,2,1,1776625433.396702,52.31,Game,1,Predictable,43.58,0,,,5,,,130,Sound,,,
0,FORT,2,1,1776625433.396702,52.32,Game,1,Predictable,43.59,0,,,5,,,130,Sound,,,
0,FORT,2,1,1776625433.396702,52.33,Game,1,Predictable,43.6,0,,,5,,,130,Sound,,,
0,FORT,2,1,1776625433.396702,52.34,Game,1,Predictable,43.61,0,,,5,,,130,Sound,,,
0,FORT,2,1,1776625433.396702,52.35,Game,1,Predictable,43.62,0,,,5,,,130,Sound,,,
0,FORT,2,1,1776625433.396702,52.36,Game,1,Predictable,43.63,0,,,5,,,130,Sound,,,
0,FORT,2,1,1776625433.396702,52.37,Game,1,Predictable,43.64,0,,,5,,,130,Sound,,,
0,FORT,2,1,1776625433.396702,52.38,Game,1,Predictable,43.65,0,,,5,,,130,Sound,,,
0,FORT,2,1,1776625433.396702,52.39,Game,1,Predictable,43.66,0,,,5,,,130,Sound,,,
0,FORT,2,1,1776625433.396702,52.4,Game,1,Predictable,43.67,0,,,5,,,130,Sound,,,
0,FORT,2,1,1776625433.396702,52.41,Game,1,Predictable,43.68,0,,,5,,,130,Sound,,,
0,FORT,2,1,1776625433.396702,52.42,Game,1,Predictable,43.69,0,,,5,,,130,Sound,,,
0,FORT,2,1,1776625433.396702,52.43,Game,1,Predictable,43.7,0,,,5,,,130,Sound,,,
0,FORT,2,1,1776625433.396702,52.44,Game,1,Predictable,43.71,0,,,5,,,130,Sound,,,
0,FORT,2,1,1776625433.396702,52.45,Game,1,Predictable,43.72,0,,,5,,,130,Sound,,,
0,FORT,2,1,1776625433.396702,52.46,Game,1,Predictable,43.73,0,,,5,,,130,Sound,,,
0,FORT,2,1,1776625433.396702,52.47,Game,1,Predictable,43.74,0,,,5,,,130,Sound,,,
0,FORT,2,1,1776625433.396702,52.48,Game,1,Predictable,43.75,0,,,5,,,130,Sound,,,
0,FORT,2,1,1776625433.396702,52.49,Game,1,Predictable,43.76,0,,,5,,,130,Sound,,,
0,FORT,2,1,1776625433.396702,52.5,Game,1,Predictable,43.77,0,,,5,,,130,Sound,,,
0,FORT,2,1,1776625433.396702,52.51,Game,1,Predictable,43.78,0,,,5,,,130,Sound,,,
0,FORT,2,1,1776625433.396702,52.52,Game,1,Predictable,43.79,0,,,5,,,130,Sound,,,
0,FORT,2,1,1776625433.396702,52.53,Game,1,Predictable,43.8,0,,,5,,,130,Sound,,,
0,FORT,2,1,1776625433.396702,52.54,Game,1,Predictable,43.81,0,,,5,,,130,Sound,,,
0,FORT,2,1,1776625433.396702,52.55,Game,1,Predictable,43.82,0,,,5,,,130,Sound,,,
0,FORT,2,1,1776625433.396702,52.56,Game,1,Predictable,43.83,0,,,5,,,130,Sound,,,
0,FORT,2,1,1776625433.396702,52.57,Game,1,Predictable,43.84,0,,,5,,,130,Sound,,,
0,FORT,2,1,1776625433.396702,52.58,Game,1,Predictable,43.85,0,,,5,,,130,Sound,,,
0,FORT,2,1,1776625433.396702,52.59,Game,1,Predictable,43.86,0,,,5,,,130,Sound,,,
0,FORT,2,1,1776625433.396702,52.6,Game,1,Predictable,43.87,0,,,5,,,130,Sound,,,
0,FORT,2,1,1776625433.396702,52.61,Game,1,Predictable,43.88,0,,,5,,,130,Sound,,,
0,FORT,2,1,1776625433.396702,52.62,Game,1,Predictable,43.89,0,,,5,,,130,Sound,,,
0,FORT,2,1,1776625433.396702,52.63,Game,1,Predictable,43.9,0,,,5,,,130,Sound,,,
0,FORT,2,1,1776625433.396702,52.64,Game,1,Predictable,43.91,0,,,5,,,130,Sound,,,
0,FORT,2,1,1776625433.396702,52.65,Game,1,Predictable,43.92,0,,,5,,,130,Sound,,,
0,FORT,2,1,1776625433.396702,52.66,Game,1,Predictable,43.92,0,,,5,,,130,Sound,,,
0,FORT,2,1,1776625433.396702,52.66,Game,1,Predictable,43.93,0,,,5,,,130,Sound,,,
0,FORT,2,1,1776625433.396702,52.67,Game,1,Predictable,43.94,0,,,5,,,130,Sound,,,
0,FORT,2,1,1776625433.396702,52.68,Game,1,Predictable,43.95,0,,,5,,,130,Sound,,,
0,FORT,2,1,1776625433.396702,52.69,Game,1,Predictable,43.96,0,,,5,,,130,Sound,,,
0,FORT,2,1,1776625433.396702,52.7,Game,1,Predictable,43.97,0,,,5,,,130,Sound,,,
0,FORT,2,1,1776625433.396702,52.71,Game,1,Predictable,43.98,0,,,5,,,130,Sound,,,
0,FORT,2,1,1776625433.396702,52.72,Game,1,Predictable,43.99,0,,,5,,,130,Sound,,,
0,FORT,2,1,1776625433.396702,52.73,Game,1,Predictable,44.0,0,,,5,,,130,Sound,,,
0,FORT,2,1,1776625433.396702,52.74,Game,1,Predictable,44.01,0,,,5,,,130,Sound,,,
0,FORT,2,1,1776625433.396702,52.75,Game,1,Predictable,44.02,0,,,5,,,130,Sound,,,
0,FORT,2,1,1776625433.396702,52.76,Game,1,Predictable,44.03,0,,,5,,,130,Sound,,,
0,FORT,2,1,1776625433.396702,52.77,Game,1,Predictable,44.04,0,,,5,,,130,Sound,,,
0,FORT,2,1,1776625433.396702,52.78,Game,1,Predictable,44.05,0,,,5,,,130,Sound,,,
0,FORT,2,1,1776625433.396702,52.79,Game,1,Predictable,44.06,0,,,5,,,130,Sound,,,
0,FORT,2,1,1776625433.396702,52.8,Game,1,Predictable,44.07,0,,,5,,,130,Sound,,,
0,FORT,2,1,1776625433.396702,52.81,Game,1,Predictable,44.08,0,,,5,,,130,Sound,,,
0,FORT,2,1,1776625433.396702,52.82,Game,1,Predictable,44.09,0,,,5,,,130,Sound,,,
0,FORT,2,1,1776625433.396702,52.83,Game,1,Predictable,44.1,0,,,5,,,130,Sound,,,
0,FORT,2,1,1776625433.396702,52.84,Game,1,Predictable,44.11,0,,,5,,,130,Sound,,,
0,FORT,2,1,1776625433.396702,52.85,Game,1,Predictable,44.12,0,,,5,,,130,Sound,,,
0,FORT,2,1,1776625433.396702,52.86,Game,1,Predictable,44.13,0,,,5,,,130,Sound,,,
0,FORT,2,1,1776625433.396702,52.87,Game,1,Predictable,44.14,0,,,5,,,130,Sound,,,
0,FORT,2,1,1776625433.396702,52.88,Game,1,Predictable,44.15,0,,,5,,,130,Sound,,,
0,FORT,2,1,1776625433.396702,52.89,Game,1,Predictable,44.16,0,,,5,,,130,Sound,,,
0,FORT,2,1,1776625433.396702,52.9,Game,1,Predictable,44.17,0,,,5,,,130,Sound,,,
0,FORT,2,1,1776625433.396702,52.91,Game,1,Predictable,44.18,0,,,5,,,130,Sound,,,
0,FORT,2,1,1776625433.396702,52.92,Game,1,Predictable,44.19,0,,,5,,,130,Sound,,,
0,FORT,2,1,1776625433.396702,52.93,Game,1,Predictable,44.2,0,,,5,,,130,Sound,,,
0,FORT,2,1,1776625433.396702,52.94,Game,1,Predictable,44.21,0,,,5,,,130,Sound,,,
0,FORT,2,1,1776625433.396702,52.95,Game,1,Predictable,44.22,0,,,5,,,130,Sound,,,
0,FORT,2,1,1776625433.396702,52.96,Game,1,Predictable,44.23,0,,,5,,,130,Sound,,,
0,FORT,2,1,1776625433.396702,52.97,Game,1,Predictable,44.24,0,,,5,,,130,Sound,,,
0,FORT,2,1,1776625433.396702,52.98,Game,1,Predictable,44.25,0,,,5,,,130,Sound,,,
0,FORT,2,1,1776625433.396702,52.99,Game,1,Predictable,44.26,0,,,5,,,130,Sound,,,
0,FORT,2,1,1776625433.396702,53.0,Game,1,Predictable,44.27,0,,,5,,,130,Sound,,,
0,FORT,2,1,1776625433.396702,53.01,Game,1,Predictable,44.28,0,,,5,,,130,Sound,,,
0,FORT,2,1,1776625433.396702,53.02,Game,1,Predictable,44.29,0,,,5,,,130,Sound,,,
0,FORT,2,1,1776625433.396702,53.03,Game,1,Predictable,44.3,0,,,5,,,130,Sound,,,
0,FORT,2,1,1776625433.396702,53.04,Game,1,Predictable,44.31,0,,,5,,,130,Sound,,,
0,FORT,2,1,1776625433.396702,53.05,Game,1,Predictable,44.32,0,,,5,,,130,Sound,,,
0,FORT,2,1,1776625433.396702,53.06,Game,1,Predictable,44.33,0,,,5,,,130,Sound,,,
0,FORT,2,1,1776625433.396702,53.07,Game,1,Predictable,44.34,0,,,5,,,130,Sound,,,
0,FORT,2,1,1776625433.396702,53.08,Game,1,Predictable,44.35,0,,,5,,,130,Sound,,,
0,FORT,2,1,1776625433.396702,53.09,Game,1,Predictable,44.36,0,,,5,,,130,Sound,,,
0,FORT,2,1,1776625433.396702,53.1,Game,1,Predictable,44.37,0,,,5,,,130,Sound,,,
0,FORT,2,1,1776625433.396702,53.11,Game,1,Predictable,44.38,0,,,5,,,130,Sound,,,
0,FORT,2,1,1776625433.396702,53.12,Game,1,Predictable,44.39,0,,,5,,,130,Sound,,,
0,FORT,2,1,1776625433.396702,53.13,Game,1,Predictable,44.4,0,,,5,,,130,Sound,,,
0,FORT,2,1,1776625433.396702,53.14,Game,1,Predictable,44.41,0,,,5,,,130,Sound,,,
0,FORT,2,1,1776625433.396702,53.15,Game,1,Predictable,44.42,0,,,5,,,130,Sound,,,
0,FORT,2,1,1776625433.396702,53.16,Game,1,Predictable,44.43,0,,,5,,,130,Sound,,,
0,FORT,2,1,1776625433.396702,53.17,Game,1,Predictable,44.44,0,,,5,,,130,Sound,,,
0,FORT,2,1,1776625433.396702,53.18,Game,1,Predictable,44.45,0,,,5,,,130,Sound,,,
0,FORT,2,1,1776625433.396702,53.19,Game,1,Predictable,44.46,0,,,5,,,130,Sound,,,
0,FORT,2,1,1776625433.396702,53.2,Game,1,Predictable,44.47,0,,,5,,,130,Sound,,,
0,FORT,2,1,1776625433.396702,53.21,Game,1,Predictable,44.48,0,,,5,,,130,Sound,,,
0,FORT,2,1,1776625433.396702,53.22,Game,1,Predictable,44.49,0,,,5,,,130,Sound,,,
0,FORT,2,1,1776625433.396702,53.23,Game,1,Predictable,44.5,0,,,5,,,130,Sound,,,
0,FORT,2,1,1776625433.396702,53.24,Game,1,Predictable,44.51,0,,,5,,,130,Sound,,,
0,FORT,2,1,1776625433.396702,53.25,Game,1,Predictable,44.52,0,,,5,,,130,Sound,,,
0,FORT,2,1,1776625433.396702,53.26,Game,1,Predictable,44.53,0,,,5,,,130,Sound,,,
0,FORT,2,1,1776625433.396702,53.27,Game,1,Predictable,44.54,0,,,5,,,130,Sound,,,
0,FORT,2,1,1776625433.396702,53.28,Game,1,Predictable,44.55,0,,,5,,,130,Sound,,,
0,FORT,2,1,1776625433.396702,53.29,Game,1,Predictable,44.56,0,,,5,,,130,Sound,,,
0,FORT,2,1,1776625433.396702,53.3,Game,1,Predictable,44.57,0,,,5,,,130,Sound,,,
0,FORT,2,1,1776625433.396702,53.31,Game,1,Predictable,44.58,0,,,5,,,130,Sound,,,
0,FORT,2,1,1776625433.396702,53.32,Game,1,Predictable,44.59,0,,,5,,,130,Sound,,,
0,FORT,2,1,1776625433.396702,53.33,Game,1,Predictable,44.6,0,,,5,,,130,Sound,,,
0,FORT,2,1,1776625433.396702,53.34,Game,1,Predictable,44.61,0,,,5,,,130,Sound,,,
0,FORT,2,1,1776625433.396702,53.35,Game,1,Predictable,44.62,0,,,5,,,130,Sound,,,
0,FORT,2,1,1776625433.396702,53.36,Game,1,Predictable,44.63,0,,,5,,,130,Sound,,,
0,FORT,2,1,1776625433.396702,53.37,Game,1,Predictable,44.64,0,,,5,,,130,Sound,,,
0,FORT,2,1,1776625433.396702,53.38,Game,1,Predictable,44.65,0,,,5,,,130,Sound,,,
0,FORT,2,1,1776625433.396702,53.39,Game,1,Predictable,44.66,0,,,5,,,130,Sound,,,
0,FORT,2,1,1776625433.396702,53.4,Game,1,Predictable,44.67,0,,,5,,,130,Sound,,,
0,FORT,2,1,1776625433.396702,53.41,Game,1,Predictable,44.68,0,,,5,,,130,Sound,,,
0,FORT,2,1,1776625433.396702,53.42,Game,1,Predictable,44.69,0,,,5,,,130,Sound,,,
0,FORT,2,1,1776625433.396702,53.43,Game,1,Predictable,44.7,0,,,5,,,130,Sound,,,
0,FORT,2,1,1776625433.396702,53.44,Game,1,Predictable,44.71,0,,,5,,,130,Sound,,,
0,FORT,2,1,1776625433.396702,53.45,Game,1,Predictable,44.72,0,,,5,,,130,Sound,,,
0,FORT,2,1,1776625433.396702,53.46,Game,1,Predictable,44.73,0,,,5,,,130,Sound,,,
0,FORT,2,1,1776625433.396702,53.47,Game,1,Predictable,44.74,0,,,5,,,130,Sound,,,
0,FORT,2,1,1776625433.396702,53.48,Game,1,Predictable,44.75,0,,,5,,,130,Sound,,,
0,FORT,2,1,1776625433.396702,53.49,Game,1,Predictable,44.76,0,,,5,,,130,Sound,,,
0,FORT,2,1,1776625433.396702,53.5,Game,1,Predictable,44.77,0,,,5,,,130,Sound,,,
0,FORT,2,1,1776625433.396702,53.51,Game,1,Predictable,44.78,0,,,5,,,130,Sound,,,
0,FORT,2,1,1776625433.396702,53.52,Game,1,Predictable,44.79,0,,,5,,,130,Sound,,,
0,FORT,2,1,1776625433.396702,53.53,Game,1,Predictable,44.8,0,,,5,,,130,Sound,,,
0,FORT,2,1,1776625433.396702,53.54,Game,1,Predictable,44.81,0,,,5,,,130,Sound,,,
0,FORT,2,1,1776625433.396702,53.55,Game,1,Predictable,44.82,0,,,5,,,130,Sound,,,
0,FORT,2,1,1776625433.396702,53.56,Game,1,Predictable,44.83,0,,,5,,,130,Sound,,,
0,FORT,2,1,1776625433.396702,53.57,Game,1,Predictable,44.84,0,,,5,,,130,Sound,,,
0,FORT,2,1,1776625433.396702,53.58,Game,1,Predictable,44.85,0,,,5,,,130,Sound,,,
0,FORT,2,1,1776625433.396702,53.59,Game,1,Predictable,44.86,0,,,5,,,130,Sound,,,
0,FORT,2,1,1776625433.396702,53.6,Game,1,Predictable,44.87,0,,,5,,,130,Sound,,,
0,FORT,2,1,1776625433.396702,53.61,Game,1,Predictable,44.88,0,,,5,,,130,Sound,,,
0,FORT,2,1,1776625433.396702,53.62,Game,1,Predictable,44.89,0,,,5,,,130,Sound,,,
0,FORT,2,1,1776625433.396702,53.63,Game,1,Predictable,44.9,0,,,5,,,130,Sound,,,
0,FORT,2,1,1776625433.396702,53.64,Game,1,Predictable,44.91,0,,,5,,,130,Sound,,,
0,FORT,2,1,1776625433.396702,53.65,Game,1,Predictable,44.92,0,,,5,,,130,Sound,,,
0,FORT,2,1,1776625433.396702,53.66,Game,1,Predictable,44.93,0,,,5,,,130,Sound,,,
0,FORT,2,1,1776625433.396702,53.67,Game,1,Predictable,44.94,0,,,5,,,130,Sound,,,
0,FORT,2,1,1776625433.396702,53.68,Game,1,Predictable,44.95,0,,,5,,,130,Sound,,,
0,FORT,2,1,1776625433.396702,53.69,Game,1,Predictable,44.96,0,,,5,,,130,Sound,,,
0,FORT,2,1,1776625433.396702,53.7,Game,1,Predictable,44.97,0,,,5,,,130,Sound,,,
0,FORT,2,1,1776625433.396702,53.72,Game,1,Predictable,44.98,0,,,5,,,130,Sound,,,
0,FORT,2,1,1776625433.396702,53.74,Game,1,Predictable,45.0,0,,,5,,,130,Sound,,,
0,FORT,2,1,1776625433.396702,53.75,Game,1,Predictable,45.02,0,,,5,,,130,Sound,,,
0,FORT,2,1,1776625433.396702,53.76,Game,1,Predictable,45.03,0,,,5,,,130,Sound,,,
0,FORT,2,1,1776625433.396702,53.77,Game,1,Predictable,45.04,0,,,5,,,130,Sound,,,
0,FORT,2,1,1776625433.396702,53.78,Game,1,Predictable,45.05,0,,,5,,,130,Sound,,,
0,FORT,2,1,1776625433.396702,53.79,Game,1,Predictable,45.06,0,,,5,,,130,Sound,,,
0,FORT,2,1,1776625433.396702,53.8,Game,1,Predictable,45.07,0,,,5,,,130,Sound,,,
0,FORT,2,1,1776625433.396702,53.81,Game,1,Predictable,45.08,0,,,5,,,130,Sound,,,
0,FORT,2,1,1776625433.396702,53.82,Game,1,Predictable,45.09,0,,,5,,,130,Sound,,,
0,FORT,2,1,1776625433.396702,53.83,Game,1,Predictable,45.1,0,,,5,,,130,Sound,,,
0,FORT,2,1,1776625433.396702,53.84,Game,1,Predictable,45.11,0,,,5,,,130,Sound,,,
0,FORT,2,1,1776625433.396702,53.85,Game,1,Predictable,45.12,0,,,5,,,130,Sound,,,
0,FORT,2,1,1776625433.396702,53.86,Game,1,Predictable,45.13,0,,,5,,,130,Sound,,,
0,FORT,2,1,1776625433.396702,53.87,Game,1,Predictable,45.14,0,,,5,,,130,Sound,,,
0,FORT,2,1,1776625433.396702,53.88,Game,1,Predictable,45.15,0,,,5,,,130,Sound,,,
0,FORT,2,1,1776625433.396702,53.89,Game,1,Predictable,45.16,0,,,5,,,130,Sound,,,
0,FORT,2,1,1776625433.396702,53.9,Game,1,Predictable,45.17,0,,,5,,,130,Sound,,,
0,FORT,2,1,1776625433.396702,53.91,Game,1,Predictable,45.18,0,,,5,,,130,Sound,,,
0,FORT,2,1,1776625433.396702,53.92,Game,1,Predictable,45.19,0,,,5,,,130,Sound,,,
0,FORT,2,1,1776625433.396702,53.93,Game,1,Predictable,45.2,0,,,5,,,130,Sound,,,
0,FORT,2,1,1776625433.396702,53.94,Game,1,Predictable,45.21,0,,,5,,,130,Sound,,,
0,FORT,2,1,1776625433.396702,53.95,Game,1,Predictable,45.22,0,,,5,,,130,Sound,,,
0,FORT,2,1,1776625433.396702,53.96,Game,1,Predictable,45.23,0,,,5,,,130,Sound,,,
0,FORT,2,1,1776625433.396702,53.97,Game,1,Predictable,45.24,0,,,5,,,130,Sound,,,
0,FORT,2,1,1776625433.396702,53.98,Game,1,Predictable,45.25,0,,,5,,,130,Sound,,,
0,FORT,2,1,1776625433.396702,53.99,Game,1,Predictable,45.26,0,,,5,,,130,Sound,,,
0,FORT,2,1,1776625433.396702,54.0,Game,1,Predictable,45.27,0,,,5,,,130,Sound,,,
0,FORT,2,1,1776625433.396702,54.01,Game,1,Predictable,45.28,0,,,5,,,130,Sound,,,
0,FORT,2,1,1776625433.396702,54.02,Game,1,Predictable,45.29,0,,,5,,,130,Sound,,,
0,FORT,2,1,1776625433.396702,54.03,Game,1,Predictable,45.3,0,,,5,,,130,Sound,,,
0,FORT,2,1,1776625433.396702,54.06,Game,1,Predictable,45.31,0,,,5,,,130,Sound,,,
0,FORT,2,1,1776625433.396702,54.07,Game,1,Predictable,45.33,0,,,5,,,130,Sound,,,
0,FORT,2,1,1776625433.396702,54.08,Game,1,Predictable,45.35,0,,,5,,,130,Sound,,,
0,FORT,2,1,1776625433.396702,54.09,Game,1,Predictable,45.36,0,,,5,,,130,Sound,,,
0,FORT,2,1,1776625433.396702,54.1,Game,1,Predictable,45.37,0,,,5,,,130,Sound,,,
0,FORT,2,1,1776625433.396702,54.11,Game,1,Predictable,45.38,0,,,5,,,130,Sound,,,
0,FORT,2,1,1776625433.396702,54.12,Game,1,Predictable,45.39,0,,,5,,,130,Sound,,,
0,FORT,2,1,1776625433.396702,54.13,Game,1,Predictable,45.4,0,,,5,,,130,Sound,,,
0,FORT,2,1,1776625433.396702,54.14,Game,1,Predictable,45.41,0,,,5,,,130,Sound,,,
0,FORT,2,1,1776625433.396702,54.15,Game,1,Predictable,45.42,0,,,5,,,130,Sound,,,
0,FORT,2,1,1776625433.396702,54.16,Game,1,Predictable,45.43,0,,,5,,,130,Sound,,,
0,FORT,2,1,1776625433.396702,54.17,Game,1,Predictable,45.44,0,,,5,,,130,Sound,,,
0,FORT,2,1,1776625433.396702,54.18,Game,1,Predictable,45.45,0,,,5,,,130,Sound,,,
0,FORT,2,1,1776625433.396702,54.19,Game,1,Predictable,45.46,0,,,5,,,130,Sound,,,
0,FORT,2,1,1776625433.396702,54.2,Game,1,Predictable,45.47,0,,,5,,,130,Sound,,,
0,FORT,2,1,1776625433.396702,54.22,Game,1,Predictable,45.48,0,,,5,,,130,Sound,,,
0,FORT,2,1,1776625433.396702,54.24,Game,1,Predictable,45.5,0,,,5,,,130,Sound,,,
0,FORT,2,1,1776625433.396702,54.25,Game,1,Predictable,45.52,0,,,5,,,130,Sound,,,
0,FORT,2,1,1776625433.396702,54.27,Game,1,Predictable,45.53,0,,,5,,,130,Sound,,,
0,FORT,2,1,1776625433.396702,54.29,Game,1,Predictable,45.55,0,,,5,,,130,Sound,,,
0,FORT,2,1,1776625433.396702,54.3,Game,1,Predictable,45.57,0,,,5,,,130,Sound,,,
0,FORT,2,1,1776625433.396702,54.32,Game,1,Predictable,45.58,0,,,5,,,130,Sound,,,
0,FORT,2,1,1776625433.396702,54.34,Game,1,Predictable,45.6,0,,,5,,,130,Sound,,,
0,FORT,2,1,1776625433.396702,54.35,Game,1,Predictable,45.62,0,,,5,,,130,Sound,,,
0,FORT,2,1,1776625433.396702,54.37,Game,1,Predictable,45.63,0,,,5,,,130,Sound,,,
0,FORT,2,1,1776625433.396702,54.39,Game,1,Predictable,45.65,0,,,5,,,130,Sound,,,
0,FORT,2,1,1776625433.396702,54.4,Game,1,Predictable,45.67,0,,,5,,,130,Sound,,,
0,FORT,2,1,1776625433.396702,54.42,Game,1,Predictable,45.68,0,,,5,,,130,Sound,,,
0,FORT,2,1,1776625433.396702,54.44,Game,1,Predictable,45.7,0,,,5,,,130,Sound,,,
0,FORT,2,1,1776625433.396702,54.45,Game,1,Predictable,45.72,0,,,5,,,130,Sound,,,
0,FORT,2,1,1776625433.396702,54.47,Game,1,Predictable,45.73,0,,,5,,,130,Sound,,,
0,FORT,2,1,1776625433.396702,54.48,Game,1,Predictable,45.75,0,,,5,,,130,Sound,,,
0,FORT,2,1,1776625433.396702,54.51,Game,1,Predictable,45.76,0,,,5,,,130,Sound,,,
0,FORT,2,1,1776625433.396702,54.52,Game,1,Predictable,45.78,0,,,5,,,130,Sound,,,
0,FORT,2,1,1776625433.396702,54.53,Game,1,Predictable,45.8,0,,,5,,,130,Sound,,,
0,FORT,2,1,1776625433.396702,54.56,Game,1,Predictable,45.81,0,,,5,,,130,Sound,,,
0,FORT,2,1,1776625433.396702,54.57,Game,1,Predictable,45.83,0,,,5,,,130,Sound,,,
0,FORT,2,1,1776625433.396702,54.58,Game,1,Predictable,45.85,0,,,5,,,130,Sound,,,
0,FORT,2,1,1776625433.396702,54.61,Game,1,Predictable,45.86,0,,,5,,,130,Sound,,,
0,FORT,2,1,1776625433.396702,54.62,Game,1,Predictable,45.88,0,,,5,,,130,Sound,,,
0,FORT,2,1,1776625433.396702,54.63,Game,1,Predictable,45.9,0,,,5,,,130,Sound,,,
0,FORT,2,1,1776625433.396702,54.66,Game,1,Predictable,45.91,0,,,5,,,130,Sound,,,
0,FORT,2,1,1776625433.396702,54.67,Game,1,Predictable,45.93,0,,,5,,,130,Sound,,,
0,FORT,2,1,1776625433.396702,54.68,Game,1,Predictable,45.95,0,,,5,,,130,Sound,,,
0,FORT,2,1,1776625433.396702,54.71,Game,1,Predictable,45.96,0,,,5,,,130,Sound,,,
0,FORT,2,1,1776625433.396702,54.72,Game,1,Predictable,45.98,0,,,5,,,130,Sound,,,
0,FORT,2,1,1776625433.396702,54.73,Game,1,Predictable,46.0,0,,,5,,,130,Sound,,,
0,FORT,2,1,1776625433.396702,54.74,Game,1,Predictable,46.01,0,,,5,,,130,Sound,,,
0,FORT,2,1,1776625433.396702,54.76,Game,1,Predictable,46.02,0,,,5,,,130,Sound,,,
0,FORT,2,1,1776625433.396702,54.76,Game,1,Predictable,46.03,0,,,5,,,130,Sound,,,
0,FORT,2,1,1776625433.396702,54.79,Game,1,Predictable,46.04,0,,,5,,,130,Sound,,,
0,FORT,2,1,1776625433.396702,54.81,Game,1,Predictable,46.07,0,,,5,,,130,Sound,,,
0,FORT,2,1,1776625433.396702,54.81,Game,1,Predictable,46.08,0,,,5,,,130,Sound,,,
0,FORT,2,1,1776625433.396702,54.84,Game,1,Predictable,46.09,0,,,5,,,130,Sound,,,
0,FORT,2,1,1776625433.396702,54.86,Game,1,Predictable,46.12,0,,,5,,,130,Sound,,,
0,FORT,2,1,1776625433.396702,54.86,Game,1,Predictable,46.13,0,,,5,,,130,Sound,,,
0,FORT,2,1,1776625433.396702,54.89,Game,1,Predictable,46.14,0,,,5,,,130,Sound,,,
0,FORT,2,1,1776625433.396702,54.91,Game,1,Predictable,46.17,0,,,5,,,130,Sound,,,
0,FORT,2,1,1776625433.396702,54.91,Game,1,Predictable,46.18,0,,,5,,,130,Sound,,,
0,FORT,2,1,1776625433.396702,54.94,Game,1,Predictable,46.19,0,,,5,,,130,Sound,,,
0,FORT,2,1,1776625433.396702,54.96,Game,1,Predictable,46.22,0,,,5,,,130,Sound,,,
0,FORT,2,1,1776625433.396702,54.96,Game,1,Predictable,46.23,0,,,5,,,130,Sound,,,
0,FORT,2,1,1776625433.396702,54.99,Game,1,Predictable,46.24,0,,,5,,,130,Sound,,,
0,FORT,2,1,1776625433.396702,55.01,Game,1,Predictable,46.27,0,,,5,,,130,Sound,,,
0,FORT,2,1,1776625433.396702,55.01,Game,1,Predictable,46.28,0,,,5,,,130,Sound,,,
0,FORT,2,1,1776625433.396702,55.04,Game,1,Predictable,46.29,0,,,5,,,130,Sound,,,
0,FORT,2,1,1776625433.396702,55.06,Game,1,Predictable,46.32,0,,,5,,,130,Sound,,,
0,FORT,2,1,1776625433.396702,55.06,Game,1,Predictable,46.33,0,,,5,,,130,Sound,,,
0,FORT,2,1,1776625433.396702,55.09,Game,1,Predictable,46.34,0,,,5,,,130,Sound,,,
0,FORT,2,1,1776625433.396702,55.11,Game,1,Predictable,46.37,0,,,5,,,130,Sound,,,
0,FORT,2,1,1776625433.396702,55.11,Game,1,Predictable,46.38,0,,,5,,,130,Sound,,,
0,FORT,2,1,1776625433.396702,55.14,Game,1,Predictable,46.39,0,,,5,,,130,Sound,,,
0,FORT,2,1,1776625433.396702,55.16,Game,1,Predictable,46.42,0,,,5,,,130,Sound,,,
0,FORT,2,1,1776625433.396702,55.16,Game,1,Predictable,46.43,0,,,5,,,130,Sound,,,
0,FORT,2,1,1776625433.396702,55.19,Game,1,Predictable,46.44,0,,,5,,,130,Sound,,,
0,FORT,2,1,1776625433.396702,55.21,Game,1,Predictable,46.47,0,,,5,,,130,Sound,,,
0,FORT,2,1,1776625433.396702,55.21,Game,1,Predictable,46.48,0,,,5,,,130,Sound,,,
0,FORT,2,1,1776625433.396702,55.23,Game,1,Predictable,46.49,0,,,5,,,130,Sound,,,
0,FORT,2,1,1776625433.396702,55.24,Game,1,Predictable,46.5,0,,,5,,,130,Sound,,,
0,FORT,2,1,1776625433.396702,55.25,Game,1,Predictable,46.52,0,,,5,,,130,Sound,,,
0,FORT,2,1,1776625433.396702,55.27,Game,1,Predictable,46.53,0,,,5,,,130,Sound,,,
0,FORT,2,1,1776625433.396702,55.29,Game,1,Predictable,46.55,0,,,5,,,130,Sound,,,
0,FORT,2,1,1776625433.396702,55.3,Game,1,Predictable,46.57,0,,,5,,,130,Sound,,,
0,FORT,2,1,1776625433.396702,55.32,Game,1,Predictable,46.58,0,,,5,,,130,Sound,,,
0,FORT,2,1,1776625433.396702,55.34,Game,1,Predictable,46.6,0,,,5,,,130,Sound,,,
0,FORT,2,1,1776625433.396702,55.35,Game,1,Predictable,46.62,0,,,5,,,130,Sound,,,
0,FORT,2,1,1776625433.396702,55.37,Game,1,Predictable,46.63,0,,,5,,,130,Sound,,,
0,FORT,2,1,1776625433.396702,55.39,Game,1,Predictable,46.65,0,,,5,,,130,Sound,,,
0,FORT,2,1,1776625433.396702,55.4,Game,1,Predictable,46.67,0,,,5,,,130,Sound,,,
0,FORT,2,1,1776625433.396702,55.42,Game,1,Predictable,46.68,0,,,5,,,130,Sound,,,
0,FORT,2,1,1776625433.396702,55.44,Game,1,Predictable,46.7,0,,,5,,,130,Sound,,,
0,FORT,2,1,1776625433.396702,55.45,Game,1,Predictable,46.72,0,,,5,,,130,Sound,,,
0,FORT,2,1,1776625433.396702,55.47,Game,1,Predictable,46.73,0,,,5,,,130,Sound,,,
0,FORT,2,1,1776625433.396702,55.48,Game,1,Predictable,46.75,0,,,5,,,130,Sound,,,
0,FORT,2,1,1776625433.396702,55.49,Game,1,Predictable,46.76,0,,,5,,,130,Sound,,,
0,FORT,2,1,1776625433.396702,55.51,Game,1,Predictable,46.77,0,,,5,,,130,Sound,,,
0,FORT,2,1,1776625433.396702,55.51,Game,1,Predictable,46.78,0,,,5,,,130,Sound,,,
0,FORT,2,1,1776625433.396702,55.54,Game,1,Predictable,46.79,0,,,5,,,130,Sound,,,
0,FORT,2,1,1776625433.396702,55.56,Game,1,Predictable,46.82,0,,,5,,,130,Sound,,,
0,FORT,2,1,1776625433.396702,55.56,Game,1,Predictable,46.83,0,,,5,,,130,Sound,,,
0,FORT,2,1,1776625433.396702,55.59,Game,1,Predictable,46.84,0,,,5,,,130,Sound,,,
0,FORT,2,1,1776625433.396702,55.61,Game,1,Predictable,46.87,0,,,5,,,130,Sound,,,
0,FORT,2,1,1776625433.396702,55.61,Game,1,Predictable,46.88,0,,,5,,,130,Sound,,,
0,FORT,2,1,1776625433.396702,55.63,Game,1,Predictable,46.89,0,,,5,,,130,Sound,,,
0,FORT,2,1,1776625433.396702,55.64,Game,1,Predictable,46.9,0,,,5,,,130,Sound,,,
0,FORT,2,1,1776625433.396702,55.65,Game,1,Predictable,46.92,0,,,5,,,130,Sound,,,
0,FORT,2,1,1776625433.396702,55.67,Game,1,Predictable,46.93,0,,,5,,,130,Sound,,,
0,FORT,2,1,1776625433.396702,55.69,Game,1,Predictable,46.95,0,,,5,,,130,Sound,,,
0,FORT,2,1,1776625433.396702,55.7,Game,1,Predictable,46.97,0,,,5,,,130,Sound,,,
0,FORT,2,1,1776625433.396702,55.72,Game,1,Predictable,46.98,0,,,5,,,130,Sound,,,
0,FORT,2,1,1776625433.396702,55.74,Game,1,Predictable,47.0,0,,,5,,,130,Sound,,,
0,FORT,2,1,1776625433.396702,55.75,Game,1,Predictable,47.02,0,,,5,,,130,Sound,,,
0,FORT,2,1,1776625433.396702,55.77,Game,1,Predictable,47.03,0,,,5,,,130,Sound,,,
0,FORT,2,1,1776625433.396702,55.79,Game,1,Predictable,47.05,0,,,5,,,130,Sound,,,
0,FORT,2,1,1776625433.396702,55.8,Game,1,Predictable,47.07,0,,,5,,,130,Sound,,,
0,FORT,2,1,1776625433.396702,55.82,Game,1,Predictable,47.08,0,,,5,,,130,Sound,,,
0,FORT,2,1,1776625433.396702,55.84,Game,1,Predictable,47.1,0,,,5,,,130,Sound,,,
0,FORT,2,1,1776625433.396702,55.85,Game,1,Predictable,47.12,0,,,5,,,130,Sound,,,
0,FORT,2,1,1776625433.396702,55.87,Game,1,Predictable,47.13,0,,,5,,,130,Sound,,,
0,FORT,2,1,1776625433.396702,55.89,Game,1,Predictable,47.15,0,,,5,,,130,Sound,,,
0,FORT,2,1,1776625433.396702,55.9,Game,1,Predictable,47.17,0,,,5,,,130,Sound,,,
0,FORT,2,1,1776625433.396702,55.92,Game,1,Predictable,47.18,0,,,5,,,130,Sound,,,
0,FORT,2,1,1776625433.396702,55.94,Game,1,Predictable,47.2,0,,,5,,,130,Sound,,,
0,FORT,2,1,1776625433.396702,55.95,Game,1,Predictable,47.22,0,,,5,,,130,Sound,,,
0,FORT,2,1,1776625433.396702,55.97,Game,1,Predictable,47.23,0,,,5,,,130,Sound,,,
0,FORT,2,1,1776625433.396702,55.99,Game,1,Predictable,47.25,0,,,5,,,130,Sound,,,
0,FORT,2,1,1776625433.396702,56.0,Game,1,Predictable,47.27,0,,,5,,,130,Sound,,,
0,FORT,2,1,1776625433.396702,56.02,Game,1,Predictable,47.28,0,,,5,,,130,Sound,,,
0,FORT,2,1,1776625433.396702,56.04,Game,1,Predictable,47.3,0,,,5,,,130,Sound,,,
0,FORT,2,1,1776625433.396702,56.05,Game,1,Predictable,47.32,0,,,5,,,130,Sound,,,
0,FORT,2,1,1776625433.396702,56.07,Game,1,Predictable,47.33,0,,,5,,,130,Sound,,,
0,FORT,2,1,1776625433.396702,56.09,Game,1,Predictable,47.35,0,,,5,,,130,Sound,,,
0,FORT,2,1,1776625433.396702,56.1,Game,1,Predictable,47.37,0,,,5,,,130,Sound,,,
0,FORT,2,1,1776625433.396702,56.12,Game,1,Predictable,47.38,0,,,5,,,130,Sound,,,
0,FORT,2,1,1776625433.396702,56.13,Game,1,Predictable,47.4,0,,,5,,,130,Sound,,,
0,FORT,2,1,1776625433.396702,56.16,Game,1,Predictable,47.41,0,,,5,,,130,Sound,,,
0,FORT,2,1,1776625433.396702,56.17,Game,1,Predictable,47.43,0,,,5,,,130,Sound,,,
0,FORT,2,1,1776625433.396702,56.18,Game,1,Predictable,47.45,0,,,5,,,130,Sound,,,
0,FORT,2,1,1776625433.396702,56.21,Game,1,Predictable,47.46,0,,,5,,,130,Sound,,,
0,FORT,2,1,1776625433.396702,56.22,Game,1,Predictable,47.48,0,,,5,,,130,Sound,,,
0,FORT,2,1,1776625433.396702,56.23,Game,1,Predictable,47.5,0,,,5,,,130,Sound,,,
0,FORT,2,1,1776625433.396702,56.26,Game,1,Predictable,47.51,0,,,5,,,130,Sound,,,
0,FORT,2,1,1776625433.396702,56.27,Game,1,Predictable,47.53,0,,,5,,,130,Sound,,,
0,FORT,2,1,1776625433.396702,56.28,Game,1,Predictable,47.55,0,,,5,,,130,Sound,,,
0,FORT,2,1,1776625433.396702,56.31,Game,1,Predictable,47.56,0,,,5,,,130,Sound,,,
0,FORT,2,1,1776625433.396702,56.32,Game,1,Predictable,47.58,0,,,5,,,130,Sound,,,
0,FORT,2,1,1776625433.396702,56.33,Game,1,Predictable,47.6,0,,,5,,,130,Sound,,,
0,FORT,2,1,1776625433.396702,56.36,Game,1,Predictable,47.61,0,,,5,,,130,Sound,,,
0,FORT,2,1,1776625433.396702,56.37,Game,1,Predictable,47.63,0,,,5,,,130,Sound,,,
0,FORT,2,1,1776625433.396702,56.38,Game,1,Predictable,47.65,0,,,5,,,130,Sound,,,
0,FORT,2,1,1776625433.396702,56.41,Game,1,Predictable,47.66,0,,,5,,,130,Sound,,,
0,FORT,2,1,1776625433.396702,56.42,Game,1,Predictable,47.68,0,,,5,,,130,Sound,,,
0,FORT,2,1,1776625433.396702,56.43,Game,1,Predictable,47.7,0,,,5,,,130,Sound,,,
0,FORT,2,1,1776625433.396702,56.44,Game,1,Predictable,47.71,0,,,5,,,130,Sound,,,
0,FORT,2,1,1776625433.396702,56.46,Game,1,Predictable,47.72,0,,,5,,,130,Sound,,,
0,FORT,2,1,1776625433.396702,56.46,Game,1,Predictable,47.73,0,,,5,,,130,Sound,,,
0,FORT,2,1,1776625433.396702,56.49,Game,1,Predictable,47.74,0,,,5,,,130,Sound,,,
0,FORT,2,1,1776625433.396702,56.51,Game,1,Predictable,47.77,0,,,5,,,130,Sound,,,
0,FORT,2,1,1776625433.396702,56.51,Game,1,Predictable,47.78,0,,,5,,,130,Sound,,,
0,FORT,2,1,1776625433.396702,56.54,Game,1,Predictable,47.79,0,,,5,,,130,Sound,,,
0,FORT,2,1,1776625433.396702,56.56,Game,1,Predictable,47.82,0,,,5,,,130,Sound,,,
0,FORT,2,1,1776625433.396702,56.56,Game,1,Predictable,47.83,0,,,5,,,130,Sound,,,
0,FORT,2,1,1776625433.396702,56.59,Game,1,Predictable,47.84,0,,,5,,,130,Sound,,,
0,FORT,2,1,1776625433.396702,56.61,Game,1,Predictable,47.87,0,,,5,,,130,Sound,,,
0,FORT,2,1,1776625433.396702,56.61,Game,1,Predictable,47.88,0,,,5,,,130,Sound,,,
0,FORT,2,1,1776625433.396702,56.64,Game,1,Predictable,47.89,0,,,5,,,130,Sound,,,
0,FORT,2,1,1776625433.396702,56.66,Game,1,Predictable,47.92,0,,,5,,,130,Sound,,,
0,FORT,2,1,1776625433.396702,56.66,Game,1,Predictable,47.93,0,,,5,,,130,Sound,,,
0,FORT,2,1,1776625433.396702,56.69,Game,1,Predictable,47.94,0,,,5,,,130,Sound,,,
0,FORT,2,1,1776625433.396702,56.71,Game,1,Predictable,47.97,0,,,5,,,130,Sound,,,
0,FORT,2,1,1776625433.396702,56.71,Game,1,Predictable,47.98,0,,,5,,,130,Sound,,,
0,FORT,2,1,1776625433.396702,56.73,Game,1,Predictable,47.99,0,,,5,,,130,Sound,,,
0,FORT,2,1,1776625433.396702,56.74,Game,1,Predictable,48.0,0,,,5,,,130,Sound,,,
0,FORT,2,1,1776625433.396702,56.75,Game,1,Predictable,48.02,0,,,5,,,130,Sound,,,
0,FORT,2,1,1776625433.396702,56.77,Game,1,Predictable,48.03,0,,,5,,,130,Sound,,,
0,FORT,2,1,1776625433.396702,56.79,Game,1,Predictable,48.05,0,,,5,,,130,Sound,,,
0,FORT,2,1,1776625433.396702,56.8,Game,1,Predictable,48.07,0,,,5,,,130,Sound,,,
0,FORT,2,1,1776625433.396702,56.81,Game,1,Predictable,48.08,0,,,5,,,130,Sound,,,
0,FORT,2,1,1776625433.396702,56.82,Game,1,Predictable,48.09,0,,,5,,,130,Sound,,,
0,FORT,2,1,1776625433.396702,56.83,Game,1,Predictable,48.1,0,,,5,,,130,Sound,,,
0,FORT,2,1,1776625433.396702,56.86,Game,1,Predictable,48.11,0,,,5,,,130,Sound,,,
0,FORT,2,1,1776625433.396702,56.87,Game,1,Predictable,48.13,0,,,5,,,130,Sound,,,
0,FORT,2,1,1776625433.396702,56.88,Game,1,Predictable,48.15,0,,,5,,,130,Sound,,,
0,FORT,2,1,1776625433.396702,56.91,Game,1,Predictable,48.16,0,,,5,,,130,Sound,,,
0,FORT,2,1,1776625433.396702,56.92,Game,1,Predictable,48.18,0,,,5,,,130,Sound,,,
0,FORT,2,1,1776625433.396702,56.93,Game,1,Predictable,48.2,0,,,5,,,130,Sound,,,
0,FORT,2,1,1776625433.396702,56.96,Game,1,Predictable,48.21,0,,,5,,,130,Sound,,,
0,FORT,2,1,1776625433.396702,56.97,Game,1,Predictable,48.23,0,,,5,,,130,Sound,,,
0,FORT,2,1,1776625433.396702,56.98,Game,1,Predictable,48.25,0,,,5,,,130,Sound,,,
0,FORT,2,1,1776625433.396702,57.01,Game,1,Predictable,48.26,0,,,5,,,130,Sound,,,
0,FORT,2,1,1776625433.396702,57.02,Game,1,Predictable,48.28,0,,,5,,,130,Sound,,,
0,FORT,2,1,1776625433.396702,57.03,Game,1,Predictable,48.3,0,,,5,,,130,Sound,,,
0,FORT,2,1,1776625433.396702,57.06,Game,1,Predictable,48.31,0,,,5,,,130,Sound,,,
0,FORT,2,1,1776625433.396702,57.07,Game,1,Predictable,48.33,0,,,5,,,130,Sound,,,
0,FORT,2,1,1776625433.396702,57.08,Game,1,Predictable,48.35,0,,,5,,,130,Sound,,,
0,FORT,2,1,1776625433.396702,57.11,Game,1,Predictable,48.36,0,,,5,,,130,Sound,,,
0,FORT,2,1,1776625433.396702,57.12,Game,1,Predictable,48.38,0,,,5,,,130,Sound,,,
0,FORT,2,1,1776625433.396702,57.13,Game,1,Predictable,48.4,0,,,5,,,130,Sound,,,
0,FORT,2,1,1776625433.396702,57.16,Game,1,Predictable,48.41,0,,,5,,,130,Sound,,,
0,FORT,2,1,1776625433.396702,57.17,Game,1,Predictable,48.43,0,,,5,,,130,Sound,,,
0,FORT,2,1,1776625433.396702,57.18,Game,1,Predictable,48.45,0,,,5,,,130,Sound,,,
0,FORT,2,1,1776625433.396702,57.21,Game,1,Predictable,48.46,0,,,5,,,130,Sound,,,
0,FORT,2,1,1776625433.396702,57.22,Game,1,Predictable,48.48,0,,,5,,,130,Sound,,,
0,FORT,2,1,1776625433.396702,57.23,Game,1,Predictable,48.5,0,,,5,,,130,Sound,,,
0,FORT,2,1,1776625433.396702,57.24,Game,1,Predictable,48.51,0,,,5,,,130,Sound,,,
0,FORT,2,1,1776625433.396702,57.26,Game,1,Predictable,48.52,0,,,5,,,130,Sound,,,
0,FORT,2,1,1776625433.396702,57.26,Game,1,Predictable,48.53,0,,,5,,,130,Sound,,,
0,FORT,2,1,1776625433.396702,57.27,Game,1,Predictable,48.54,0,,,5,,,130,Sound,,,
0,FORT,2,1,1776625433.396702,57.29,Game,1,Predictable,48.55,0,,,5,,,130,Sound,,,
0,FORT,2,1,1776625433.396702,57.3,Game,1,Predictable,48.57,0,,,5,,,130,Sound,,,
0,FORT,2,1,1776625433.396702,57.32,Game,1,Predictable,48.58,0,,,5,,,130,Sound,,,
0,FORT,2,1,1776625433.396702,57.34,Game,1,Predictable,48.6,0,,,5,,,130,Sound,,,
0,FORT,2,1,1776625433.396702,57.35,Game,1,Predictable,48.62,0,,,5,,,130,Sound,,,
0,FORT,2,1,1776625433.396702,57.37,Game,1,Predictable,48.63,0,,,5,,,130,Sound,,,
0,FORT,2,1,1776625433.396702,57.39,Game,1,Predictable,48.65,0,,,5,,,130,Sound,,,
0,FORT,2,1,1776625433.396702,57.4,Game,1,Predictable,48.67,0,,,5,,,130,Sound,,,
0,FORT,2,1,1776625433.396702,57.42,Game,1,Predictable,48.68,0,,,5,,,130,Sound,,,
0,FORT,2,1,1776625433.396702,57.44,Game,1,Predictable,48.7,0,,,5,,,130,Sound,,,
0,FORT,2,1,1776625433.396702,57.45,Game,1,Predictable,48.72,0,,,5,,,130,Sound,,,
0,FORT,2,1,1776625433.396702,57.47,Game,1,Predictable,48.73,0,,,5,,,130,Sound,,,
0,FORT,2,1,1776625433.396702,57.48,Game,1,Predictable,48.75,0,,,5,,,130,Sound,,,
0,FORT,2,1,1776625433.396702,57.49,Game,1,Predictable,48.76,0,,,5,,,130,Sound,,,
0,FORT,2,1,1776625433.396702,57.51,Game,1,Predictable,48.77,0,,,5,,,130,Sound,,,
0,FORT,2,1,1776625433.396702,57.51,Game,1,Predictable,48.78,0,,,5,,,130,Sound,,,
0,FORT,2,1,1776625433.396702,57.54,Game,1,Predictable,48.79,0,,,5,,,130,Sound,,,
0,FORT,2,1,1776625433.396702,57.56,Game,1,Predictable,48.82,0,,,5,,,130,Sound,,,
0,FORT,2,1,1776625433.396702,57.56,Game,1,Predictable,48.83,0,,,5,,,130,Sound,,,
0,FORT,2,1,1776625433.396702,57.59,Game,1,Predictable,48.84,0,,,5,,,130,Sound,,,
0,FORT,2,1,1776625433.396702,57.61,Game,1,Predictable,48.87,0,,,5,,,130,Sound,,,
0,FORT,2,1,1776625433.396702,57.61,Game,1,Predictable,48.88,0,,,5,,,130,Sound,,,
0,FORT,2,1,1776625433.396702,57.64,Game,1,Predictable,48.89,0,,,5,,,130,Sound,,,
0,FORT,2,1,1776625433.396702,57.66,Game,1,Predictable,48.92,0,,,5,,,130,Sound,,,
0,FORT,2,1,1776625433.396702,57.66,Game,1,Predictable,48.93,0,,,5,,,130,Sound,,,
0,FORT,2,1,1776625433.396702,57.69,Game,1,Predictable,48.94,0,,,5,,,130,Sound,,,
0,FORT,2,1,1776625433.396702,57.71,Game,1,Predictable,48.97,0,,,5,,,130,Sound,,,
0,FORT,2,1,1776625433.396702,57.72,Game,1,Predictable,48.98,0,,,5,,,130,Sound,,,
0,FORT,2,1,1776625433.396702,57.73,Game,1,Predictable,48.99,0,,,5,,,130,Sound,,,
0,FORT,2,1,1776625433.396702,57.74,Game,1,Predictable,49.0,0,,,5,,,130,Sound,,,
0,FORT,2,1,1776625433.396702,57.75,Game,1,Predictable,49.02,0,,,5,,,130,Sound,,,
0,FORT,2,1,1776625433.396702,57.77,Game,1,Predictable,49.03,0,,,5,,,130,Sound,,,
0,FORT,2,1,1776625433.396702,57.79,Game,1,Predictable,49.05,0,,,5,,,130,Sound,,,
0,FORT,2,1,1776625433.396702,57.8,Game,1,Predictable,49.07,0,,,5,,,130,Sound,,,
0,FORT,2,1,1776625433.396702,57.81,Game,1,Predictable,49.08,0,,,5,,,130,Sound,,,
0,FORT,2,1,1776625433.396702,57.82,Game,1,Predictable,49.09,0,,,5,,,130,Sound,,,
0,FORT,2,1,1776625433.396702,57.83,Game,1,Predictable,49.1,0,,,5,,,130,Sound,,,
0,FORT,2,1,1776625433.396702,57.86,Game,1,Predictable,49.11,0,,,5,,,130,Sound,,,
0,FORT,2,1,1776625433.396702,57.87,Game,1,Predictable,49.13,0,,,5,,,130,Sound,,,
0,FORT,2,1,1776625433.396702,57.88,Game,1,Predictable,49.15,0,,,5,,,130,Sound,,,
0,FORT,2,1,1776625433.396702,57.91,Game,1,Predictable,49.16,0,,,5,,,130,Sound,,,
0,FORT,2,1,1776625433.396702,57.92,Game,1,Predictable,49.18,0,,,5,,,130,Sound,,,
0,FORT,2,1,1776625433.396702,57.93,Game,1,Predictable,49.2,0,,,5,,,130,Sound,,,
0,FORT,2,1,1776625433.396702,57.96,Game,1,Predictable,49.21,0,,,5,,,130,Sound,,,
0,FORT,2,1,1776625433.396702,57.97,Game,1,Predictable,49.23,0,,,5,,,130,Sound,,,
0,FORT,2,1,1776625433.396702,57.98,Game,1,Predictable,49.25,0,,,5,,,130,Sound,,,
0,FORT,2,1,1776625433.396702,58.01,Game,1,Predictable,49.26,0,,,5,,,130,Sound,,,
0,FORT,2,1,1776625433.396702,58.02,Game,1,Predictable,49.28,0,,,5,,,130,Sound,,,
0,FORT,2,1,1776625433.396702,58.03,Game,1,Predictable,49.3,0,,,5,,,130,Sound,,,
0,FORT,2,1,1776625433.396702,58.06,Game,1,Predictable,49.31,0,,,5,,,130,Sound,,,
0,FORT,2,1,1776625433.396702,58.07,Game,1,Predictable,49.33,0,,,5,,,130,Sound,,,
0,FORT,2,1,1776625433.396702,58.08,Game,1,Predictable,49.35,0,,,5,,,130,Sound,,,
0,FORT,2,1,1776625433.396702,58.11,Game,1,Predictable,49.36,0,,,5,,,130,Sound,,,
0,FORT,2,1,1776625433.396702,58.12,Game,1,Predictable,49.38,0,,,5,,,130,Sound,,,
0,FORT,2,1,1776625433.396702,58.13,Game,1,Predictable,49.4,0,,,5,,,130,Sound,,,
0,FORT,2,1,1776625433.396702,58.16,Game,1,Predictable,49.41,0,,,5,,,130,Sound,,,
0,FORT,2,1,1776625433.396702,58.17,Game,1,Predictable,49.43,0,,,5,,,130,Sound,,,
0,FORT,2,1,1776625433.396702,58.18,Game,1,Predictable,49.45,0,,,5,,,130,Sound,,,
0,FORT,2,1,1776625433.396702,58.19,Game,1,Predictable,49.46,0,,,5,,,130,Sound,,,
0,FORT,2,1,1776625433.396702,58.21,Game,1,Predictable,49.47,0,,,5,,,130,Sound,,,
0,FORT,2,1,1776625433.396702,58.22,Game,1,Predictable,49.48,0,,,5,,,130,Sound,,,
0,FORT,2,1,1776625433.396702,58.23,Game,1,Predictable,49.49,0,,,5,,,130,Sound,,,
0,FORT,2,1,1776625433.396702,58.24,Game,1,Predictable,49.5,0,,,5,,,130,Sound,,,
0,FORT,2,1,1776625433.396702,58.25,Game,1,Predictable,49.52,0,,,5,,,130,Sound,,,
0,FORT,2,1,1776625433.396702,58.27,Game,1,Predictable,49.53,0,,,5,,,130,Sound,,,
0,FORT,2,1,1776625433.396702,58.29,Game,1,Predictable,49.55,0,,,5,,,130,Sound,,,
0,FORT,2,1,1776625433.396702,58.3,Game,1,Predictable,49.57,0,,,5,,,130,Sound,,,
0,FORT,2,1,1776625433.396702,58.31,Game,1,Predictable,49.58,0,,,5,,,130,Sound,,,
0,FORT,2,1,1776625433.396702,58.32,Game,1,Predictable,49.59,0,,,5,,,130,Sound,,,
0,FORT,2,1,1776625433.396702,58.33,Game,1,Predictable,49.6,0,,,5,,,130,Sound,,,
0,FORT,2,1,1776625433.396702,58.36,Game,1,Predictable,49.61,0,,,5,,,130,Sound,,,
0,FORT,2,1,1776625433.396702,58.37,Game,1,Predictable,49.63,0,,,5,,,130,Sound,,,
0,FORT,2,1,1776625433.396702,58.38,Game,1,Predictable,49.65,0,,,5,,,130,Sound,,,
0,FORT,2,1,1776625433.396702,58.39,Game,1,Predictable,49.66,0,,,5,,,130,Sound,,,
0,FORT,2,1,1776625433.396702,58.41,Game,1,Predictable,49.67,0,,,5,,,130,Sound,,,
0,FORT,2,1,1776625433.396702,58.41,Game,1,Predictable,49.68,0,,,5,,,130,Sound,,,
0,FORT,2,1,1776625433.396702,58.44,Game,1,Predictable,49.69,0,,,5,,,130,Sound,,,
0,FORT,2,1,1776625433.396702,58.46,Game,1,Predictable,49.72,0,,,5,,,130,Sound,,,
0,FORT,2,1,1776625433.396702,58.46,Game,1,Predictable,49.73,0,,,5,,,130,Sound,,,
0,FORT,2,1,1776625433.396702,58.49,Game,1,Predictable,49.74,0,,,5,,,130,Sound,,,
0,FORT,2,1,1776625433.396702,58.51,Game,1,Predictable,49.77,0,,,5,,,130,Sound,,,
0,FORT,2,1,1776625433.396702,58.51,Game,1,Predictable,49.78,0,,,5,,,130,Sound,,,
0,FORT,2,1,1776625433.396702,58.53,Game,1,Predictable,49.79,0,,,5,,,130,Sound,,,
0,FORT,2,1,1776625433.396702,58.54,Game,1,Predictable,49.8,0,,,5,,,130,Sound,,,
0,FORT,2,1,1776625433.396702,58.55,Game,1,Predictable,49.82,0,,,5,,,130,Sound,,,
0,FORT,2,1,1776625433.396702,58.57,Game,1,Predictable,49.83,0,,,5,,,130,Sound,,,
0,FORT,2,1,1776625433.396702,58.59,Game,1,Predictable,49.85,0,,,5,,,130,Sound,,,
0,FORT,2,1,1776625433.396702,58.6,Game,1,Predictable,49.87,0,,,5,,,130,Sound,,,
0,FORT,2,1,1776625433.396702,58.61,Game,1,Predictable,49.88,0,,,5,,,130,Sound,,,
0,FORT,2,1,1776625433.396702,58.62,Game,1,Predictable,49.89,0,,,5,,,130,Sound,,,
0,FORT,2,1,1776625433.396702,58.63,Game,1,Predictable,49.9,0,,,5,,,130,Sound,,,
0,FORT,2,1,1776625433.396702,58.66,Game,1,Predictable,49.91,0,,,5,,,130,Sound,,,
0,FORT,2,1,1776625433.396702,58.67,Game,1,Predictable,49.93,0,,,5,,,130,Sound,,,
0,FORT,2,1,1776625433.396702,58.68,Game,1,Predictable,49.95,0,,,5,,,130,Sound,,,
0,FORT,2,1,1776625433.396702,58.69,Game,1,Predictable,49.96,0,,,5,,,130,Sound,,,
0,FORT,2,1,1776625433.396702,58.7,Game,1,Predictable,49.97,0,,,5,,,130,Sound,,,
0,FORT,2,1,1776625433.396702,58.72,Game,1,Predictable,49.98,0,,,5,,,130,Sound,,,
0,FORT,2,1,1776625433.396702,58.74,Game,1,Predictable,50.0,0,,,5,,,130,Sound,,,
0,FORT,2,1,1776625433.396702,58.75,Game,1,Predictable,50.02,0,,,5,,,130,Sound,,,
0,FORT,2,1,1776625433.396702,58.76,Game,1,Predictable,50.03,0,,,5,,,130,Sound,,,
0,FORT,2,1,1776625433.396702,58.77,Game,1,Predictable,50.04,0,,,5,,,130,Sound,,,
0,FORT,2,1,1776625433.396702,58.78,Game,1,Predictable,50.05,0,,,5,,,130,Sound,,,
0,FORT,2,1,1776625433.396702,58.81,Game,1,Predictable,50.06,0,,,5,,,130,Sound,,,
0,FORT,2,1,1776625433.396702,58.82,Game,1,Predictable,50.08,0,,,5,,,130,Sound,,,
0,FORT,2,1,1776625433.396702,58.83,Game,1,Predictable,50.1,0,,,5,,,130,Sound,,,
0,FORT,2,1,1776625433.396702,58.86,Game,1,Predictable,50.11,0,,,5,,,130,Sound,,,
0,FORT,2,1,1776625433.396702,58.87,Game,1,Predictable,50.13,0,,,5,,,130,Sound,,,
0,FORT,2,1,1776625433.396702,58.88,Game,1,Predictable,50.15,0,,,5,,,130,Sound,,,
0,FORT,2,1,1776625433.396702,58.91,Game,1,Predictable,50.16,0,,,5,,,130,Sound,,,
0,FORT,2,1,1776625433.396702,58.92,Game,1,Predictable,50.18,0,,,5,,,130,Sound,,,
0,FORT,2,1,1776625433.396702,58.93,Game,1,Predictable,50.2,0,,,5,,,130,Sound,,,
0,FORT,2,1,1776625433.396702,58.96,Game,1,Predictable,50.21,0,,,5,,,130,Sound,,,
0,FORT,2,1,1776625433.396702,58.97,Game,1,Predictable,50.23,0,,,5,,,130,Sound,,,
0,FORT,2,1,1776625433.396702,58.98,Game,1,Predictable,50.25,0,,,5,,,130,Sound,,,
0,FORT,2,1,1776625433.396702,59.01,Game,1,Predictable,50.26,0,,,5,,,130,Sound,,,
0,FORT,2,1,1776625433.396702,59.02,Game,1,Predictable,50.28,0,,,5,,,130,Sound,,,
0,FORT,2,1,1776625433.396702,59.03,Game,1,Predictable,50.3,0,,,5,,,130,Sound,,,
0,FORT,2,1,1776625433.396702,59.06,Game,1,Predictable,50.31,0,,,5,,,130,Sound,,,
0,FORT,2,1,1776625433.396702,59.07,Game,1,Predictable,50.33,0,,,5,,,130,Sound,,,
0,FORT,2,1,1776625433.396702,59.08,Game,1,Predictable,50.35,0,,,5,,,130,Sound,,,
0,FORT,2,1,1776625433.396702,59.09,Game,1,Predictable,50.36,0,,,5,,,130,Sound,,,
0,FORT,2,1,1776625433.396702,59.11,Game,1,Predictable,50.37,0,,,5,,,130,Sound,,,
0,FORT,2,1,1776625433.396702,59.11,Game,1,Predictable,50.38,0,,,5,,,130,Sound,,,
0,FORT,2,1,1776625433.396702,59.13,Game,1,Predictable,50.39,0,,,5,,,130,Sound,,,
0,FORT,2,1,1776625433.396702,59.14,Game,1,Predictable,50.4,0,,,5,,,130,Sound,,,
0,FORT,2,1,1776625433.396702,59.15,Game,1,Predictable,50.42,0,,,5,,,130,Sound,,,
0,FORT,2,1,1776625433.396702,59.17,Game,1,Predictable,50.43,0,,,5,,,130,Sound,,,
0,FORT,2,1,1776625433.396702,59.19,Game,1,Predictable,50.45,0,,,5,,,130,Sound,,,
0,FORT,2,1,1776625433.396702,59.2,Game,1,Predictable,50.47,0,,,5,,,130,Sound,,,
0,FORT,2,1,1776625433.396702,59.21,Game,1,Predictable,50.48,0,,,5,,,130,Sound,,,
0,FORT,2,1,1776625433.396702,59.22,Game,1,Predictable,50.49,0,,,5,,,130,Sound,,,
0,FORT,2,1,1776625433.396702,59.23,Game,1,Predictable,50.5,0,,,5,,,130,Sound,,,
0,FORT,2,1,1776625433.396702,59.26,Game,1,Predictable,50.51,0,,,5,,,130,Sound,,,
0,FORT,2,1,1776625433.396702,59.27,Game,1,Predictable,50.53,0,,,5,,,130,Sound,,,
0,FORT,2,1,1776625433.396702,59.28,Game,1,Predictable,50.55,0,,,5,,,130,Sound,,,
0,FORT,2,1,1776625433.396702,59.31,Game,1,Predictable,50.56,0,,,5,,,130,Sound,,,
0,FORT,2,1,1776625433.396702,59.32,Game,1,Predictable,50.58,0,,,5,,,130,Sound,,,
0,FORT,2,1,1776625433.396702,59.33,Game,1,Predictable,50.6,0,,,5,,,130,Sound,,,
0,FORT,2,1,1776625433.396702,59.34,Game,1,Predictable,50.61,0,,,5,,,130,Sound,,,
0,FORT,2,1,1776625433.396702,59.36,Game,1,Predictable,50.62,0,,,5,,,130,Sound,,,
0,FORT,2,1,1776625433.396702,59.36,Game,1,Predictable,50.63,0,,,5,,,130,Sound,,,
0,FORT,2,1,1776625433.396702,59.38,Game,1,Predictable,50.64,0,,,5,,,130,Sound,,,
0,FORT,2,1,1776625433.396702,59.39,Game,1,Predictable,50.65,0,,,5,,,130,Sound,,,
0,FORT,2,1,1776625433.396702,59.4,Game,1,Predictable,50.67,0,,,5,,,130,Sound,,,
0,FORT,2,1,1776625433.396702,59.42,Game,1,Predictable,50.68,0,,,5,,,130,Sound,,,
0,FORT,2,1,1776625433.396702,59.44,Game,1,Predictable,50.7,0,,,5,,,130,Sound,,,
0,FORT,2,1,1776625433.396702,59.45,Game,1,Predictable,50.72,0,,,5,,,130,Sound,,,
0,FORT,2,1,1776625433.396702,59.47,Game,1,Predictable,50.73,0,,,5,,,130,Sound,,,
0,FORT,2,1,1776625433.396702,59.49,Game,1,Predictable,50.75,0,,,5,,,130,Sound,,,
0,FORT,2,1,1776625433.396702,59.5,Game,1,Predictable,50.77,0,,,5,,,130,Sound,,,
0,FORT,2,1,1776625433.396702,59.51,Game,1,Predictable,50.78,0,,,5,,,130,Sound,,,
0,FORT,2,1,1776625433.396702,59.52,Game,1,Predictable,50.79,0,,,5,,,130,Sound,,,
0,FORT,2,1,1776625433.396702,59.53,Game,1,Predictable,50.8,0,,,5,,,130,Sound,,,
0,FORT,2,1,1776625433.396702,59.56,Game,1,Predictable,50.81,0,,,5,,,130,Sound,,,
0,FORT,2,1,1776625433.396702,59.57,Game,1,Predictable,50.83,0,,,5,,,130,Sound,,,
0,FORT,2,1,1776625433.396702,59.58,Game,1,Predictable,50.85,0,,,5,,,130,Sound,,,
0,FORT,2,1,1776625433.396702,59.59,Game,1,Predictable,50.86,0,,,5,,,130,Sound,,,
0,FORT,2,1,1776625433.396702,59.6,Game,1,Predictable,50.87,0,,,5,,,130,Sound,,,
0,FORT,2,1,1776625433.396702,59.62,Game,1,Predictable,50.88,0,,,5,,,130,Sound,,,
0,FORT,2,1,1776625433.396702,59.64,Game,1,Predictable,50.9,0,,,5,,,130,Sound,,,
0,FORT,2,1,1776625433.396702,59.65,Game,1,Predictable,50.92,0,,,5,,,130,Sound,,,
0,FORT,2,1,1776625433.396702,59.67,Game,1,Predictable,50.93,0,,,5,,,130,Sound,,,
0,FORT,2,1,1776625433.396702,59.69,Game,1,Predictable,50.95,0,,,5,,,130,Sound,,,
0,FORT,2,1,1776625433.396702,59.7,Game,1,Predictable,50.97,0,,,5,,,130,Sound,,,
0,FORT,2,1,1776625433.396702,59.71,Game,1,Predictable,50.98,0,,,5,,,130,Sound,,,
0,FORT,2,1,1776625433.396702,59.72,Game,1,Predictable,50.99,0,,,5,,,130,Sound,,,
0,FORT,2,1,1776625433.396702,59.73,Game,1,Predictable,51.0,0,,,5,,,130,Sound,,,
0,FORT,2,1,1776625433.396702,59.74,Game,1,Predictable,51.01,0,,,5,,,130,Sound,,,
0,FORT,2,1,1776625433.396702,59.76,Game,1,Predictable,51.02,0,,,5,,,130,Sound,,,
0,FORT,2,1,1776625433.396702,59.76,Game,1,Predictable,51.03,0,,,5,,,130,Sound,,,
0,FORT,2,1,1776625433.396702,59.79,Game,1,Predictable,51.04,0,,,5,,,130,Sound,,,
0,FORT,2,1,1776625433.396702,59.81,Game,1,Predictable,51.07,0,,,5,,,130,Sound,,,
0,FORT,2,1,1776625433.396702,59.81,Game,1,Predictable,51.08,0,,,5,,,130,Sound,,,
0,FORT,2,1,1776625433.396702,59.84,Game,1,Predictable,51.09,0,,,5,,,130,Sound,,,
0,FORT,2,1,1776625433.396702,59.86,Game,1,Predictable,51.12,0,,,5,,,130,Sound,,,
0,FORT,2,1,1776625433.396702,59.86,Game,1,Predictable,51.13,0,,,5,,,130,Sound,,,
0,FORT,2,1,1776625433.396702,59.88,Game,1,Predictable,51.14,0,,,5,,,130,Sound,,,
0,FORT,2,1,1776625433.396702,59.89,Game,1,Predictable,51.15,0,,,5,,,130,Sound,,,
0,FORT,2,1,1776625433.396702,59.9,Game,1,Predictable,51.17,0,,,5,,,130,Sound,,,
0,FORT,2,1,1776625433.396702,59.92,Game,1,Predictable,51.18,0,,,5,,,130,Sound,,,
0,FORT,2,1,1776625433.396702,59.93,Game,1,Predictable,51.2,0,,,5,,,130,Sound,,,
0,FORT,2,1,1776625433.396702,59.94,Game,1,Predictable,51.21,0,,,5,,,130,Sound,,,
0,FORT,2,1,1776625433.396702,59.96,Game,1,Predictable,51.22,0,,,5,,,130,Sound,,,
0,FORT,2,1,1776625433.396702,59.96,Game,1,Predictable,51.23,0,,,5,,,130,Sound,,,
0,FORT,2,1,1776625433.396702,59.99,Game,1,Predictable,51.24,0,,,5,,,130,Sound,,,
0,FORT,2,1,1776625433.396702,60.0,Game,1,Predictable,51.27,0,,,5,,,130,Sound,,,
0,FORT,2,1,1776625433.396702,60.01,Game,1,Predictable,51.28,0,,,5,,,130,Sound,,,
0,FORT,2,1,1776625433.396702,60.02,Game,1,Predictable,51.29,0,,,5,,,130,Sound,,,
0,FORT,2,1,1776625433.396702,60.03,Game,1,Predictable,51.3,0,,,5,,,130,Sound,,,
0,FORT,2,1,1776625433.396702,60.04,Game,1,Predictable,51.31,0,,,5,,,130,Sound,,,
0,FORT,2,1,1776625433.396702,60.06,Game,1,Predictable,51.32,0,,,5,,,130,Sound,,,
0,FORT,2,1,1776625433.396702,60.06,Game,1,Predictable,51.33,0,,,5,,,130,Sound,,,
0,FORT,2,1,1776625433.396702,60.09,Game,1,Predictable,51.34,0,,,5,,,130,Sound,,,
0,FORT,2,1,1776625433.396702,60.1,Game,1,Predictable,51.37,0,,,5,,,130,Sound,,,
0,FORT,2,1,1776625433.396702,60.11,Game,1,Predictable,51.38,0,,,5,,,130,Sound,,,
0,FORT,2,1,1776625433.396702,60.12,Game,1,Predictable,51.39,0,,,5,,,130,Sound,,,
0,FORT,2,1,1776625433.396702,60.13,Game,1,Predictable,51.4,0,,,5,,,130,Sound,,,
0,FORT,2,1,1776625433.396702,60.16,Game,1,Predictable,51.41,0,,,5,,,130,Sound,,,
0,FORT,2,1,1776625433.396702,60.16,Game,1,Predictable,51.43,0,,,5,,,130,Sound,,,
0,FORT,2,1,1776625433.396702,60.19,Game,1,Predictable,51.44,0,,,5,,,130,Sound,,,
0,FORT,2,1,1776625433.396702,60.2,Game,1,Predictable,51.47,0,,,5,,,130,Sound,,,
0,FORT,2,1,1776625433.396702,60.22,Game,1,Predictable,51.48,0,,,5,,,130,Sound,,,
0,FORT,2,1,1776625433.396702,60.23,Game,1,Predictable,51.5,0,,,5,,,130,Sound,,,
0,FORT,2,1,1776625433.396702,60.24,Game,1,Predictable,51.51,0,,,5,,,130,Sound,,,
0,FORT,2,1,1776625433.396702,60.26,Game,1,Predictable,51.52,0,,,5,,,130,Sound,,,
0,FORT,2,1,1776625433.396702,60.28,Game,1,Predictable,51.54,0,,,5,,,130,Sound,,,
0,FORT,2,1,1776625433.396702,60.29,Game,1,Predictable,51.56,0,,,5,,,130,Sound,,,
0,FORT,2,1,1776625433.396702,60.3,Game,1,Predictable,51.57,0,,,5,,,130,Sound,,,
0,FORT,2,1,1776625433.396702,60.31,Game,1,Predictable,51.58,0,,,5,,,130,Sound,,,
0,FORT,2,1,1776625433.396702,60.32,Game,1,Predictable,51.59,0,,,5,,,130,Sound,,,
0,FORT,2,1,1776625433.396702,60.33,Game,1,Predictable,51.6,0,,,5,,,130,Sound,,,
0,FORT,2,1,1776625433.396702,60.34,Game,1,Predictable,51.61,0,,,5,,,130,Sound,,,
0,FORT,2,1,1776625433.396702,60.36,Game,1,Predictable,51.62,0,,,5,,,130,Sound,,,
0,FORT,2,1,1776625433.396702,60.36,Game,1,Predictable,51.63,0,,,5,,,130,Sound,,,
0,FORT,2,1,1776625433.396702,60.38,Game,1,Predictable,51.64,0,,,5,,,130,Sound,,,
0,FORT,2,1,1776625433.396702,60.39,Game,1,Predictable,51.65,0,,,5,,,130,Sound,,,
0,FORT,2,1,1776625433.396702,60.4,Game,1,Predictable,51.67,0,,,5,,,130,Sound,,,
0,FORT,2,1,1776625433.396702,60.41,Game,1,Predictable,51.68,0,,,5,,,130,Sound,,,
0,FORT,2,1,1776625433.396702,60.42,Game,1,Predictable,51.69,0,,,5,,,130,Sound,,,
0,FORT,2,1,1776625433.396702,60.43,Game,1,Predictable,51.7,0,,,5,,,130,Sound,,,
0,FORT,2,1,1776625433.396702,60.44,Game,1,Predictable,51.71,0,,,5,,,130,Sound,,,
0,FORT,2,1,1776625433.396702,60.46,Game,1,Predictable,51.72,0,,,5,,,130,Sound,,,
0,FORT,2,1,1776625433.396702,60.46,Game,1,Predictable,51.73,0,,,5,,,130,Sound,,,
0,FORT,2,1,1776625433.396702,60.49,Game,1,Predictable,51.74,0,,,5,,,130,Sound,,,
0,FORT,2,1,1776625433.396702,60.5,Game,1,Predictable,51.77,0,,,5,,,130,Sound,,,
0,FORT,2,1,1776625433.396702,60.51,Game,1,Predictable,51.78,0,,,5,,,130,Sound,,,
0,FORT,2,1,1776625433.396702,60.52,Game,1,Predictable,51.79,0,,,5,,,130,Sound,,,
0,FORT,2,1,1776625433.396702,60.53,Game,1,Predictable,51.8,0,,,5,,,130,Sound,,,
0,FORT,2,1,1776625433.396702,60.56,Game,1,Predictable,51.81,0,,,5,,,130,Sound,,,
0,FORT,2,1,1776625433.396702,60.57,Game,1,Predictable,51.83,0,,,5,,,130,Sound,,,
0,FORT,2,1,1776625433.396702,60.58,Game,1,Predictable,51.85,0,,,5,,,130,Sound,,,
0,FORT,2,1,1776625433.396702,60.61,Game,1,Predictable,51.86,0,,,5,,,130,Sound,,,
0,FORT,2,1,1776625433.396702,60.62,Game,1,Predictable,51.88,0,,,5,,,130,Sound,,,
0,FORT,2,1,1776625433.396702,60.63,Game,1,Predictable,51.9,0,,,5,,,130,Sound,,,
0,FORT,2,1,1776625433.396702,60.64,Game,1,Predictable,51.91,0,,,5,,,130,Sound,,,
0,FORT,2,1,1776625433.396702,60.66,Game,1,Predictable,51.92,0,,,5,,,130,Sound,,,
0,FORT,2,1,1776625433.396702,60.66,Game,1,Predictable,51.93,0,,,5,,,130,Sound,,,
0,FORT,2,1,1776625433.396702,60.69,Game,1,Predictable,51.94,0,,,5,,,130,Sound,,,
0,FORT,2,1,1776625433.396702,60.71,Game,1,Predictable,51.97,0,,,5,,,130,Sound,,,
0,FORT,2,1,1776625433.396702,60.72,Game,1,Predictable,51.98,0,,,5,,,130,Sound,,,
0,FORT,2,1,1776625433.396702,60.73,Game,1,Predictable,51.99,0,,,5,,,130,Sound,,,
0,FORT,2,1,1776625433.396702,60.74,Game,1,Predictable,52.0,0,,,5,,,130,Sound,,,
0,FORT,2,1,1776625433.396702,60.75,Game,1,Predictable,52.02,0,,,5,,,130,Sound,,,
0,FORT,2,1,1776625433.396702,60.76,Game,1,Predictable,52.03,0,,,5,,,130,Sound,,,
0,FORT,2,1,1776625433.396702,60.77,Game,1,Predictable,52.04,0,,,5,,,130,Sound,,,
0,FORT,2,1,1776625433.396702,60.78,Game,1,Predictable,52.05,0,,,5,,,130,Sound,,,
0,FORT,2,1,1776625433.396702,60.79,Game,1,Predictable,52.06,0,,,5,,,130,Sound,,,
0,FORT,2,1,1776625433.396702,60.81,Game,1,Predictable,52.07,0,,,5,,,130,Sound,,,
0,FORT,2,1,1776625433.396702,60.81,Game,1,Predictable,52.08,0,,,5,,,130,Sound,,,
0,FORT,2,1,1776625433.396702,60.83,Game,1,Predictable,52.09,0,,,5,,,130,Sound,,,
0,FORT,2,1,1776625433.396702,60.84,Game,1,Predictable,52.1,0,,,5,,,130,Sound,,,
0,FORT,2,1,1776625433.396702,60.85,Game,1,Predictable,52.12,0,,,5,,,130,Sound,,,
0,FORT,2,1,1776625433.396702,60.87,Game,1,Predictable,52.13,0,,,5,,,130,Sound,,,
0,FORT,2,1,1776625433.396702,60.89,Game,1,Predictable,52.15,0,,,5,,,130,Sound,,,
0,FORT,2,1,1776625433.396702,60.9,Game,1,Predictable,52.17,0,,,5,,,130,Sound,,,
0,FORT,2,1,1776625433.396702,60.91,Game,1,Predictable,52.18,0,,,5,,,130,Sound,,,
0,FORT,2,1,1776625433.396702,60.92,Game,1,Predictable,52.19,0,,,5,,,130,Sound,,,
0,FORT,2,1,1776625433.396702,60.93,Game,1,Predictable,52.2,0,,,5,,,130,Sound,,,
0,FORT,2,1,1776625433.396702,60.94,Game,1,Predictable,52.21,0,,,5,,,130,Sound,,,
0,FORT,2,1,1776625433.396702,60.96,Game,1,Predictable,52.22,0,,,5,,,130,Sound,,,
0,FORT,2,1,1776625433.396702,60.96,Game,1,Predictable,52.23,0,,,5,,,130,Sound,,,
0,FORT,2,1,1776625433.396702,60.98,Game,1,Predictable,52.24,0,,,5,,,130,Sound,,,
0,FORT,2,1,1776625433.396702,60.99,Game,1,Predictable,52.25,0,,,5,,,130,Sound,,,
0,FORT,2,1,1776625433.396702,61.0,Game,1,Predictable,52.27,0,,,5,,,130,Sound,,,
0,FORT,2,1,1776625433.396702,61.01,Game,1,Predictable,52.28,0,,,5,,,130,Sound,,,
0,FORT,2,1,1776625433.396702,61.02,Game,1,Predictable,52.29,0,,,5,,,130,Sound,,,
0,FORT,2,1,1776625433.396702,61.03,Game,1,Predictable,52.3,0,,,5,,,130,Sound,,,
0,FORT,2,1,1776625433.396702,61.06,Game,1,Predictable,52.31,0,,,5,,,130,Sound,,,
0,FORT,2,1,1776625433.396702,61.07,Game,1,Predictable,52.33,0,,,5,,,130,Sound,,,
0,FORT,2,1,1776625433.396702,61.08,Game,1,Predictable,52.35,0,,,5,,,130,Sound,,,
0,FORT,2,1,1776625433.396702,61.09,Game,1,Predictable,52.36,0,,,5,,,130,Sound,,,
0,FORT,2,1,1776625433.396702,61.11,Game,1,Predictable,52.37,0,,,5,,,130,Sound,,,
0,FORT,2,1,1776625433.396702,61.11,Game,1,Predictable,52.38,0,,,5,,,130,Sound,,,
0,FORT,2,1,1776625433.396702,61.13,Game,1,Predictable,52.39,0,,,5,,,130,Sound,,,
0,FORT,2,1,1776625433.396702,61.14,Game,1,Predictable,52.4,0,,,5,,,130,Sound,,,
0,FORT,2,1,1776625433.396702,61.15,Game,1,Predictable,52.42,0,,,5,,,130,Sound,,,
0,FORT,2,1,1776625433.396702,61.16,Game,1,Predictable,52.43,0,,,5,,,130,Sound,,,
0,FORT,2,1,1776625433.396702,61.17,Game,1,Predictable,52.44,0,,,5,,,130,Sound,,,
0,FORT,2,1,1776625433.396702,61.18,Game,1,Predictable,52.45,0,,,5,,,130,Sound,,,
0,FORT,2,1,1776625433.396702,61.19,Game,1,Predictable,52.46,0,,,5,,,130,Sound,,,
0,FORT,2,1,1776625433.396702,61.21,Game,1,Predictable,52.47,0,,,5,,,130,Sound,,,
0,FORT,2,1,1776625433.396702,61.22,Game,1,Predictable,52.48,0,,,5,,,130,Sound,,,
0,FORT,2,1,1776625433.396702,61.23,Game,1,Predictable,52.49,0,,,5,,,130,Sound,,,
0,FORT,2,1,1776625433.396702,61.24,Game,1,Predictable,52.5,0,,,5,,,130,Sound,,,
0,FORT,2,1,1776625433.396702,61.25,Game,1,Predictable,52.52,0,,,5,,,130,Sound,,,
0,FORT,2,1,1776625433.396702,61.26,Game,1,Predictable,52.53,0,,,5,,,130,Sound,,,
0,FORT,2,1,1776625433.396702,61.27,Game,1,Predictable,52.54,0,,,5,,,130,Sound,,,
0,FORT,2,1,1776625433.396702,61.28,Game,1,Predictable,52.55,0,,,5,,,130,Sound,,,
0,FORT,2,1,1776625433.396702,61.29,Game,1,Predictable,52.56,0,,,5,,,130,Sound,,,
0,FORT,2,1,1776625433.396702,61.31,Game,1,Predictable,52.57,0,,,5,,,130,Sound,,,
0,FORT,2,1,1776625433.396702,61.31,Game,1,Predictable,52.58,0,,,5,,,130,Sound,,,
0,FORT,2,1,1776625433.396702,61.33,Game,1,Predictable,52.59,0,,,5,,,130,Sound,,,
0,FORT,2,1,1776625433.396702,61.34,Game,1,Predictable,52.6,0,,,5,,,130,Sound,,,
0,FORT,2,1,1776625433.396702,61.35,Game,1,Predictable,52.62,0,,,5,,,130,Sound,,,
0,FORT,2,1,1776625433.396702,61.37,Game,1,Predictable,52.63,0,,,5,,,130,Sound,,,
0,FORT,2,1,1776625433.396702,61.38,Game,1,Predictable,52.65,0,,,5,,,130,Sound,,,
0,FORT,2,1,1776625433.396702,61.39,Game,1,Predictable,52.66,0,,,5,,,130,Sound,,,
0,FORT,2,1,1776625433.396702,61.41,Game,1,Predictable,52.67,0,,,5,,,130,Sound,,,
0,FORT,2,1,1776625433.396702,61.41,Game,1,Predictable,52.68,0,,,5,,,130,Sound,,,
0,FORT,2,1,1776625433.396702,61.43,Game,1,Predictable,52.69,0,,,5,,,130,Sound,,,
0,FORT,2,1,1776625433.396702,61.44,Game,1,Predictable,52.7,0,,,5,,,130,Sound,,,
0,FORT,2,1,1776625433.396702,61.45,Game,1,Predictable,52.72,0,,,5,,,130,Sound,,,
0,FORT,2,1,1776625433.396702,61.46,Game,1,Predictable,52.73,0,,,5,,,130,Sound,,,
0,FORT,2,1,1776625433.396702,61.47,Game,1,Predictable,52.74,0,,,5,,,130,Sound,,,
0,FORT,2,1,1776625433.396702,61.48,Game,1,Predictable,52.75,0,,,5,,,130,Sound,,,
0,FORT,2,1,1776625433.396702,61.49,Game,1,Predictable,52.76,0,,,5,,,130,Sound,,,
0,FORT,2,1,1776625433.396702,61.51,Game,1,Predictable,52.77,0,,,5,,,130,Sound,,,
0,FORT,2,1,1776625433.396702,61.51,Game,1,Predictable,52.78,0,,,5,,,130,Sound,,,
0,FORT,2,1,1776625433.396702,61.53,Game,1,Predictable,52.79,0,,,5,,,130,Sound,,,
0,FORT,2,1,1776625433.396702,61.54,Game,1,Predictable,52.8,0,,,5,,,130,Sound,,,
0,FORT,2,1,1776625433.396702,61.55,Game,1,Predictable,52.82,0,,,5,,,130,Sound,,,
0,FORT,2,1,1776625433.396702,61.56,Game,1,Predictable,52.83,0,,,5,,,130,Sound,,,
0,FORT,2,1,1776625433.396702,61.57,Game,1,Predictable,52.84,0,,,5,,,130,Sound,,,
0,FORT,2,1,1776625433.396702,61.58,Game,1,Predictable,52.85,0,,,5,,,130,Sound,,,
0,FORT,2,1,1776625433.396702,61.61,Game,1,Predictable,52.86,0,,,5,,,130,Sound,,,
0,FORT,2,1,1776625433.396702,61.62,Game,1,Predictable,52.88,0,,,5,,,130,Sound,,,
0,FORT,2,1,1776625433.396702,61.63,Game,1,Predictable,52.9,0,,,5,,,130,Sound,,,
0,FORT,2,1,1776625433.396702,61.64,Game,1,Predictable,52.91,0,,,5,,,130,Sound,,,
0,FORT,2,1,1776625433.396702,61.66,Game,1,Predictable,52.92,0,,,5,,,130,Sound,,,
0,FORT,2,1,1776625433.396702,61.66,Game,1,Predictable,52.93,0,,,5,,,130,Sound,,,
0,FORT,2,1,1776625433.396702,61.69,Game,1,Predictable,52.94,0,,,5,,,130,Sound,,,
0,FORT,2,1,1776625433.396702,61.71,Game,1,Predictable,52.97,0,,,5,,,130,Sound,,,
0,FORT,2,1,1776625433.396702,61.72,Game,1,Predictable,52.98,0,,,5,,,130,Sound,,,
0,FORT,2,1,1776625433.396702,61.73,Game,1,Predictable,52.99,0,,,5,,,130,Sound,,,
0,FORT,2,1,1776625433.396702,61.74,Game,1,Predictable,53.0,0,,,5,,,130,Sound,,,
0,FORT,2,1,1776625433.396702,61.75,Game,1,Predictable,53.02,0,,,5,,,130,Sound,,,
0,FORT,2,1,1776625433.396702,61.77,Game,1,Predictable,53.03,0,,,5,,,130,Sound,,,
0,FORT,2,1,1776625433.396702,61.79,Game,1,Predictable,53.05,0,,,5,,,130,Sound,,,
0,FORT,2,1,1776625433.396702,61.8,Game,1,Predictable,53.07,0,,,5,,,130,Sound,,,
0,FORT,2,1,1776625433.396702,61.81,Game,1,Predictable,53.08,0,,,5,,,130,Sound,,,
0,FORT,2,1,1776625433.396702,61.82,Game,1,Predictable,53.09,0,,,5,,,130,Sound,,,
0,FORT,2,1,1776625433.396702,61.83,Game,1,Predictable,53.1,0,,,5,,,130,Sound,,,
0,FORT,2,1,1776625433.396702,61.84,Game,1,Predictable,53.11,0,,,5,,,130,Sound,,,
0,FORT,2,1,1776625433.396702,61.86,Game,1,Predictable,53.12,0,,,5,,,130,Sound,,,
0,FORT,2,1,1776625433.396702,61.86,Game,1,Predictable,53.13,0,,,5,,,130,Sound,,,
0,FORT,2,1,1776625433.396702,61.88,Game,1,Predictable,53.14,0,,,5,,,130,Sound,,,
0,FORT,2,1,1776625433.396702,61.89,Game,1,Predictable,53.15,0,,,5,,,130,Sound,,,
0,FORT,2,1,1776625433.396702,61.9,Game,1,Predictable,53.17,0,,,5,,,130,Sound,,,
0,FORT,2,1,1776625433.396702,61.91,Game,1,Predictable,53.18,0,,,5,,,130,Sound,,,
0,FORT,2,1,1776625433.396702,61.92,Game,1,Predictable,53.19,0,,,5,,,130,Sound,,,
0,FORT,2,1,1776625433.396702,61.93,Game,1,Predictable,53.2,0,,,5,,,130,Sound,,,
0,FORT,2,1,1776625433.396702,61.94,Game,1,Predictable,53.21,0,,,5,,,130,Sound,,,
0,FORT,2,1,1776625433.396702,61.96,Game,1,Predictable,53.22,0,,,5,,,130,Sound,,,
0,FORT,2,1,1776625433.396702,61.96,Game,1,Predictable,53.23,0,,,5,,,130,Sound,,,
0,FORT,2,1,1776625433.396702,61.98,Game,1,Predictable,53.24,0,,,5,,,130,Sound,,,
0,FORT,2,1,1776625433.396702,61.99,Game,1,Predictable,53.25,0,,,5,,,130,Sound,,,
0,FORT,2,1,1776625433.396702,62.0,Game,1,Predictable,53.27,0,,,5,,,130,Sound,,,
0,FORT,2,1,1776625433.396702,62.01,Game,1,Predictable,53.28,0,,,5,,,130,Sound,,,
0,FORT,2,1,1776625433.396702,62.02,Game,1,Predictable,53.29,0,,,5,,,130,Sound,,,
0,FORT,2,1,1776625433.396702,62.03,Game,1,Predictable,53.3,0,,,5,,,130,Sound,,,
0,FORT,2,1,1776625433.396702,62.06,Game,1,Predictable,53.31,0,,,5,,,130,Sound,,,
0,FORT,2,1,1776625433.396702,62.07,Game,1,Predictable,53.33,0,,,5,,,130,Sound,,,
0,FORT,2,1,1776625433.396702,62.08,Game,1,Predictable,53.35,0,,,5,,,130,Sound,,,
0,FORT,2,1,1776625433.396702,62.09,Game,1,Predictable,53.36,0,,,5,,,130,Sound,,,
0,FORT,2,1,1776625433.396702,62.11,Game,1,Predictable,53.37,0,,,5,,,130,Sound,,,
0,FORT,2,1,1776625433.396702,62.11,Game,1,Predictable,53.38,0,,,5,,,130,Sound,,,
0,FORT,2,1,1776625433.396702,62.13,Game,1,Predictable,53.39,0,,,5,,,130,Sound,,,
0,FORT,2,1,1776625433.396702,62.14,Game,1,Predictable,53.4,0,,,5,,,130,Sound,,,
0,FORT,2,1,1776625433.396702,62.15,Game,1,Predictable,53.42,0,,,5,,,130,Sound,,,
0,FORT,2,1,1776625433.396702,62.17,Game,1,Predictable,53.43,0,,,5,,,130,Sound,,,
0,FORT,2,1,1776625433.396702,62.19,Game,1,Predictable,53.45,0,,,5,,,130,Sound,,,
0,FORT,2,1,1776625433.396702,62.2,Game,1,Predictable,53.47,0,,,5,,,130,Sound,,,
0,FORT,2,1,1776625433.396702,62.21,Game,1,Predictable,53.48,0,,,5,,,130,Sound,,,
0,FORT,2,1,1776625433.396702,62.22,Game,1,Predictable,53.49,0,,,5,,,130,Sound,,,
0,FORT,2,1,1776625433.396702,62.23,Game,1,Predictable,53.5,0,,,5,,,130,Sound,,,
0,FORT,2,1,1776625433.396702,62.24,Game,1,Predictable,53.51,0,,,5,,,130,Sound,,,
0,FORT,2,1,1776625433.396702,62.26,Game,1,Predictable,53.52,0,,,5,,,130,Sound,,,
0,FORT,2,1,1776625433.396702,62.26,Game,1,Predictable,53.53,0,,,5,,,130,Sound,,,
0,FORT,2,1,1776625433.396702,62.28,Game,1,Predictable,53.54,0,,,5,,,130,Sound,,,
0,FORT,2,1,1776625433.396702,62.29,Game,1,Predictable,53.55,0,,,5,,,130,Sound,,,
0,FORT,2,1,1776625433.396702,62.3,Game,1,Predictable,53.57,0,,,5,,,130,Sound,,,
0,FORT,2,1,1776625433.396702,62.31,Game,1,Predictable,53.58,0,,,5,,,130,Sound,,,
0,FORT,2,1,1776625433.396702,62.32,Game,1,Predictable,53.59,0,,,5,,,130,Sound,,,
0,FORT,2,1,1776625433.396702,62.33,Game,1,Predictable,53.6,0,,,5,,,130,Sound,,,
0,FORT,2,1,1776625433.396702,62.34,Game,1,Predictable,53.61,0,,,5,,,130,Sound,,,
0,FORT,2,1,1776625433.396702,62.36,Game,1,Predictable,53.62,0,,,5,,,130,Sound,,,
0,FORT,2,1,1776625433.396702,62.36,Game,1,Predictable,53.63,0,,,5,,,130,Sound,,,
0,FORT,2,1,1776625433.396702,62.38,Game,1,Predictable,53.64,0,,,5,,,130,Sound,,,
0,FORT,2,1,1776625433.396702,62.39,Game,1,Predictable,53.65,0,,,5,,,130,Sound,,,
0,FORT,2,1,1776625433.396702,62.4,Game,1,Predictable,53.67,0,,,5,,,130,Sound,,,
0,FORT,2,1,1776625433.396702,62.41,Game,1,Predictable,53.68,0,,,5,,,130,Sound,,,
0,FORT,2,1,1776625433.396702,62.42,Game,1,Predictable,53.69,0,,,5,,,130,Sound,,,
0,FORT,2,1,1776625433.396702,62.43,Game,1,Predictable,53.7,0,,,5,,,130,Sound,,,
0,FORT,2,1,1776625433.396702,62.44,Game,1,Predictable,53.71,0,,,5,,,130,Sound,,,
0,FORT,2,1,1776625433.396702,62.46,Game,1,Predictable,53.72,0,,,5,,,130,Sound,,,
0,FORT,2,1,1776625433.396702,62.46,Game,1,Predictable,53.73,0,,,5,,,130,Sound,,,
0,FORT,2,1,1776625433.396702,62.48,Game,1,Predictable,53.74,0,,,5,,,130,Sound,,,
0,FORT,2,1,1776625433.396702,62.49,Game,1,Predictable,53.75,0,,,5,,,130,Sound,,,
0,FORT,2,1,1776625433.396702,62.5,Game,1,Predictable,53.77,0,,,5,,,130,Sound,,,
0,FORT,2,1,1776625433.396702,62.51,Game,1,Predictable,53.78,0,,,5,,,130,Sound,,,
0,FORT,2,1,1776625433.396702,62.52,Game,1,Predictable,53.79,0,,,5,,,130,Sound,,,
0,FORT,2,1,1776625433.396702,62.53,Game,1,Predictable,53.8,0,,,5,,,130,Sound,,,
0,FORT,2,1,1776625433.396702,62.56,Game,1,Predictable,53.81,0,,,5,,,130,Sound,,,
0,FORT,2,1,1776625433.396702,62.57,Game,1,Predictable,53.83,0,,,5,,,130,Sound,,,
0,FORT,2,1,1776625433.396702,62.58,Game,1,Predictable,53.85,0,,,5,,,130,Sound,,,
0,FORT,2,1,1776625433.396702,62.59,Game,1,Predictable,53.86,0,,,5,,,130,Sound,,,
0,FORT,2,1,1776625433.396702,62.61,Game,1,Predictable,53.87,0,,,5,,,130,Sound,,,
0,FORT,2,1,1776625433.396702,62.61,Game,1,Predictable,53.88,0,,,5,,,130,Sound,,,
0,FORT,2,1,1776625433.396702,62.63,Game,1,Predictable,53.89,0,,,5,,,130,Sound,,,
0,FORT,2,1,1776625433.396702,62.64,Game,1,Predictable,53.9,0,,,5,,,130,Sound,,,
0,FORT,2,1,1776625433.396702,62.65,Game,1,Predictable,53.92,0,,,5,,,130,Sound,,,
0,FORT,2,1,1776625433.396702,62.66,Game,1,Predictable,53.93,0,,,5,,,130,Sound,,,
0,FORT,2,1,1776625433.396702,62.67,Game,1,Predictable,53.94,0,,,5,,,130,Sound,,,
0,FORT,2,1,1776625433.396702,62.68,Game,1,Predictable,53.95,0,,,5,,,130,Sound,,,
0,FORT,2,1,1776625433.396702,62.69,Game,1,Predictable,53.96,0,,,5,,,130,Sound,,,
0,FORT,2,1,1776625433.396702,62.71,Game,1,Predictable,53.97,0,,,5,,,130,Sound,,,
0,FORT,2,1,1776625433.396702,62.71,Game,1,Predictable,53.98,0,,,5,,,130,Sound,,,
0,FORT,2,1,1776625433.396702,62.73,Game,1,Predictable,53.99,0,,,5,,,130,Sound,,,
0,FORT,2,1,1776625433.396702,62.74,Game,1,Predictable,54.0,0,,,5,,,130,Sound,,,
0,FORT,2,1,1776625433.396702,62.75,Game,1,Predictable,54.02,0,,,5,,,130,Sound,,,
0,FORT,2,1,1776625433.396702,62.76,Game,1,Predictable,54.03,0,,,5,,,130,Sound,,,
0,FORT,2,1,1776625433.396702,62.77,Game,1,Predictable,54.04,0,,,5,,,130,Sound,,,
0,FORT,2,1,1776625433.396702,62.78,Game,1,Predictable,54.05,0,,,5,,,130,Sound,,,
0,FORT,2,1,1776625433.396702,62.79,Game,1,Predictable,54.06,0,,,5,,,130,Sound,,,
0,FORT,2,1,1776625433.396702,62.81,Game,1,Predictable,54.07,0,,,5,,,130,Sound,,,
0,FORT,2,1,1776625433.396702,62.81,Game,1,Predictable,54.08,0,,,5,,,130,Sound,,,
0,FORT,2,1,1776625433.396702,62.83,Game,1,Predictable,54.09,0,,,5,,,130,Sound,,,
0,FORT,2,1,1776625433.396702,62.84,Game,1,Predictable,54.1,0,,,5,,,130,Sound,,,
0,FORT,2,1,1776625433.396702,62.85,Game,1,Predictable,54.12,0,,,5,,,130,Sound,,,
0,FORT,2,1,1776625433.396702,62.86,Game,1,Predictable,54.13,0,,,5,,,130,Sound,,,
0,FORT,2,1,1776625433.396702,62.87,Game,1,Predictable,54.14,0,,,5,,,130,Sound,,,
0,FORT,2,1,1776625433.396702,62.88,Game,1,Predictable,54.15,0,,,5,,,130,Sound,,,
0,FORT,2,1,1776625433.396702,62.89,Game,1,Predictable,54.16,0,,,5,,,130,Sound,,,
0,FORT,2,1,1776625433.396702,62.91,Game,1,Predictable,54.17,0,,,5,,,130,Sound,,,
0,FORT,2,1,1776625433.396702,62.91,Game,1,Predictable,54.18,0,,,5,,,130,Sound,,,
0,FORT,2,1,1776625433.396702,62.93,Game,1,Predictable,54.19,0,,,5,,,130,Sound,,,
0,FORT,2,1,1776625433.396702,62.94,Game,1,Predictable,54.2,0,,,5,,,130,Sound,,,
0,FORT,2,1,1776625433.396702,62.95,Game,1,Predictable,54.22,0,,,5,,,130,Sound,,,
0,FORT,2,1,1776625433.396702,62.96,Game,1,Predictable,54.23,0,,,5,,,130,Sound,,,
0,FORT,2,1,1776625433.396702,62.97,Game,1,Predictable,54.24,0,,,5,,,130,Sound,,,
0,FORT,2,1,1776625433.396702,62.98,Game,1,Predictable,54.25,0,,,5,,,130,Sound,,,
0,FORT,2,1,1776625433.396702,62.99,Game,1,Predictable,54.26,0,,,5,,,130,Sound,,,
0,FORT,2,1,1776625433.396702,63.01,Game,1,Predictable,54.27,0,,,5,,,130,Sound,,,
0,FORT,2,1,1776625433.396702,63.01,Game,1,Predictable,54.28,0,,,5,,,130,Sound,,,
0,FORT,2,1,1776625433.396702,63.03,Game,1,Predictable,54.29,0,,,5,,,130,Sound,,,
0,FORT,2,1,1776625433.396702,63.04,Game,1,Predictable,54.3,0,,,5,,,130,Sound,,,
0,FORT,2,1,1776625433.396702,63.05,Game,1,Predictable,54.32,0,,,5,,,130,Sound,,,
0,FORT,2,1,1776625433.396702,63.06,Game,1,Predictable,54.33,0,,,5,,,130,Sound,,,
0,FORT,2,1,1776625433.396702,63.07,Game,1,Predictable,54.34,0,,,5,,,130,Sound,,,
0,FORT,2,1,1776625433.396702,63.08,Game,1,Predictable,54.35,0,,,5,,,130,Sound,,,
0,FORT,2,1,1776625433.396702,63.09,Game,1,Predictable,54.36,0,,,5,,,130,Sound,,,
0,FORT,2,1,1776625433.396702,63.11,Game,1,Predictable,54.37,0,,,5,,,130,Sound,,,
0,FORT,2,1,1776625433.396702,63.12,Game,1,Predictable,54.38,0,,,5,,,130,Sound,,,
0,FORT,2,1,1776625433.396702,63.13,Game,1,Predictable,54.39,0,,,5,,,130,Sound,,,
0,FORT,2,1,1776625433.396702,63.14,Game,1,Predictable,54.4,0,,,5,,,130,Sound,,,
0,FORT,2,1,1776625433.396702,63.15,Game,1,Predictable,54.42,0,,,5,,,130,Sound,,,
0,FORT,2,1,1776625433.396702,63.16,Game,1,Predictable,54.43,0,,,5,,,130,Sound,,,
0,FORT,2,1,1776625433.396702,63.17,Game,1,Predictable,54.44,0,,,5,,,130,Sound,,,
0,FORT,2,1,1776625433.396702,63.18,Game,1,Predictable,54.45,0,,,5,,,130,Sound,,,
0,FORT,2,1,1776625433.396702,63.19,Game,1,Predictable,54.46,0,,,5,,,130,Sound,,,
0,FORT,2,1,1776625433.396702,63.21,Game,1,Predictable,54.47,0,,,5,,,130,Sound,,,
0,FORT,2,1,1776625433.396702,63.22,Game,1,Predictable,54.48,0,,,5,,,130,Sound,,,
0,FORT,2,1,1776625433.396702,63.23,Game,1,Predictable,54.49,0,,,5,,,130,Sound,,,
0,FORT,2,1,1776625433.396702,63.24,Game,1,Predictable,54.5,0,,,5,,,130,Sound,,,
0,FORT,2,1,1776625433.396702,63.25,Game,1,Predictable,54.52,0,,,5,,,130,Sound,,,
0,FORT,2,1,1776625433.396702,63.26,Game,1,Predictable,54.53,0,,,5,,,130,Sound,,,
0,FORT,2,1,1776625433.396702,63.27,Game,1,Predictable,54.54,0,,,5,,,130,Sound,,,
0,FORT,2,1,1776625433.396702,63.28,Game,1,Predictable,54.55,0,,,5,,,130,Sound,,,
0,FORT,2,1,1776625433.396702,63.29,Game,1,Predictable,54.56,0,,,5,,,130,Sound,,,
0,FORT,2,1,1776625433.396702,63.31,Game,1,Predictable,54.57,0,,,5,,,130,Sound,,,
0,FORT,2,1,1776625433.396702,63.31,Game,1,Predictable,54.58,0,,,5,,,130,Sound,,,
0,FORT,2,1,1776625433.396702,63.33,Game,1,Predictable,54.59,0,,,5,,,130,Sound,,,
0,FORT,2,1,1776625433.396702,63.34,Game,1,Predictable,54.6,0,,,5,,,130,Sound,,,
0,FORT,2,1,1776625433.396702,63.35,Game,1,Predictable,54.62,0,,,5,,,130,Sound,,,
0,FORT,2,1,1776625433.396702,63.36,Game,1,Predictable,54.63,0,,,5,,,130,Sound,,,
0,FORT,2,1,1776625433.396702,63.37,Game,1,Predictable,54.64,0,,,5,,,130,Sound,,,
0,FORT,2,1,1776625433.396702,63.38,Game,1,Predictable,54.65,0,,,5,,,130,Sound,,,
0,FORT,2,1,1776625433.396702,63.39,Game,1,Predictable,54.66,0,,,5,,,130,Sound,,,
0,FORT,2,1,1776625433.396702,63.41,Game,1,Predictable,54.67,0,,,5,,,130,Sound,,,
0,FORT,2,1,1776625433.396702,63.42,Game,1,Predictable,54.68,0,,,5,,,130,Sound,,,
0,FORT,2,1,1776625433.396702,63.43,Game,1,Predictable,54.69,0,,,5,,,130,Sound,,,
0,FORT,2,1,1776625433.396702,63.44,Game,1,Predictable,54.7,0,,,5,,,130,Sound,,,
0,FORT,2,1,1776625433.396702,63.45,Game,1,Predictable,54.72,0,,,5,,,130,Sound,,,
0,FORT,2,1,1776625433.396702,63.46,Game,1,Predictable,54.73,0,,,5,,,130,Sound,,,
0,FORT,2,1,1776625433.396702,63.47,Game,1,Predictable,54.74,0,,,5,,,130,Sound,,,
0,FORT,2,1,1776625433.396702,63.48,Game,1,Predictable,54.75,0,,,5,,,130,Sound,,,
0,FORT,2,1,1776625433.396702,63.49,Game,1,Predictable,54.76,0,,,5,,,130,Sound,,,
0,FORT,2,1,1776625433.396702,63.51,Game,1,Predictable,54.77,0,,,5,,,130,Sound,,,
0,FORT,2,1,1776625433.396702,63.51,Game,1,Predictable,54.78,0,,,5,,,130,Sound,,,
0,FORT,2,1,1776625433.396702,63.53,Game,1,Predictable,54.79,0,,,5,,,130,Sound,,,
0,FORT,2,1,1776625433.396702,63.54,Game,1,Predictable,54.8,0,,,5,,,130,Sound,,,
0,FORT,2,1,1776625433.396702,63.55,Game,1,Predictable,54.82,0,,,5,,,130,Sound,,,
0,FORT,2,1,1776625433.396702,63.56,Game,1,Predictable,54.83,0,,,5,,,130,Sound,,,
0,FORT,2,1,1776625433.396702,63.57,Game,1,Predictable,54.84,0,,,5,,,130,Sound,,,
0,FORT,2,1,1776625433.396702,63.58,Game,1,Predictable,54.85,0,,,5,,,130,Sound,,,
0,FORT,2,1,1776625433.396702,63.59,Game,1,Predictable,54.86,0,,,5,,,130,Sound,,,
0,FORT,2,1,1776625433.396702,63.61,Game,1,Predictable,54.87,0,,,5,,,130,Sound,,,
0,FORT,2,1,1776625433.396702,63.61,Game,1,Predictable,54.88,0,,,5,,,130,Sound,,,
0,FORT,2,1,1776625433.396702,63.63,Game,1,Predictable,54.89,0,,,5,,,130,Sound,,,
0,FORT,2,1,1776625433.396702,63.64,Game,1,Predictable,54.9,0,,,5,,,130,Sound,,,
0,FORT,2,1,1776625433.396702,63.65,Game,1,Predictable,54.92,0,,,5,,,130,Sound,,,
0,FORT,2,1,1776625433.396702,63.66,Game,1,Predictable,54.93,0,,,5,,,130,Sound,,,
0,FORT,2,1,1776625433.396702,63.67,Game,1,Predictable,54.94,0,,,5,,,130,Sound,,,
0,FORT,2,1,1776625433.396702,63.68,Game,1,Predictable,54.95,0,,,5,,,130,Sound,,,
0,FORT,2,1,1776625433.396702,63.69,Game,1,Predictable,54.96,0,,,5,,,130,Sound,,,
0,FORT,2,1,1776625433.396702,63.71,Game,1,Predictable,54.97,0,,,5,,,130,Sound,,,
0,FORT,2,1,1776625433.396702,63.72,Game,1,Predictable,54.98,0,,,5,,,130,Sound,,,
0,FORT,2,1,1776625433.396702,63.73,Game,1,Predictable,54.99,0,,,5,,,130,Sound,,,
0,FORT,2,1,1776625433.396702,63.74,Game,1,Predictable,55.0,0,,,5,,,130,Sound,,,
0,FORT,2,1,1776625433.396702,63.75,Game,1,Predictable,55.02,0,,,5,,,130,Sound,,,
0,FORT,2,1,1776625433.396702,63.76,Game,1,Predictable,55.03,0,,,5,,,130,Sound,,,
0,FORT,2,1,1776625433.396702,63.77,Game,1,Predictable,55.04,0,,,5,,,130,Sound,,,
0,FORT,2,1,1776625433.396702,63.78,Game,1,Predictable,55.05,0,,,5,,,130,Sound,,,
0,FORT,2,1,1776625433.396702,63.79,Game,1,Predictable,55.06,0,,,5,,,130,Sound,,,
0,FORT,2,1,1776625433.396702,63.81,Game,1,Predictable,55.07,0,,,5,,,130,Sound,,,
0,FORT,2,1,1776625433.396702,63.81,Game,1,Predictable,55.08,0,,,5,,,130,Sound,,,
0,FORT,2,1,1776625433.396702,63.83,Game,1,Predictable,55.09,0,,,5,,,130,Sound,,,
0,FORT,2,1,1776625433.396702,63.84,Game,1,Predictable,55.1,0,,,5,,,130,Sound,,,
0,FORT,2,1,1776625433.396702,63.85,Game,1,Predictable,55.12,0,,,5,,,130,Sound,,,
0,FORT,2,1,1776625433.396702,63.86,Game,1,Predictable,55.13,0,,,5,,,130,Sound,,,
0,FORT,2,1,1776625433.396702,63.87,Game,1,Predictable,55.14,0,,,5,,,130,Sound,,,
0,FORT,2,1,1776625433.396702,63.88,Game,1,Predictable,55.15,0,,,5,,,130,Sound,,,
0,FORT,2,1,1776625433.396702,63.89,Game,1,Predictable,55.16,0,,,5,,,130,Sound,,,
0,FORT,2,1,1776625433.396702,63.91,Game,1,Predictable,55.17,0,,,5,,,130,Sound,,,
0,FORT,2,1,1776625433.396702,63.91,Game,1,Predictable,55.18,0,,,5,,,130,Sound,,,
0,FORT,2,1,1776625433.396702,63.93,Game,1,Predictable,55.19,0,,,5,,,130,Sound,,,
0,FORT,2,1,1776625433.396702,63.94,Game,1,Predictable,55.2,0,,,5,,,130,Sound,,,
0,FORT,2,1,1776625433.396702,63.95,Game,1,Predictable,55.22,0,,,5,,,130,Sound,,,
0,FORT,2,1,1776625433.396702,63.96,Game,1,Predictable,55.23,0,,,5,,,130,Sound,,,
0,FORT,2,1,1776625433.396702,63.97,Game,1,Predictable,55.24,0,,,5,,,130,Sound,,,
0,FORT,2,1,1776625433.396702,63.98,Game,1,Predictable,55.25,0,,,5,,,130,Sound,,,
0,FORT,2,1,1776625433.396702,63.99,Game,1,Predictable,55.26,0,,,5,,,130,Sound,,,
0,FORT,2,1,1776625433.396702,64.01,Game,1,Predictable,55.27,0,,,5,,,130,Sound,,,
0,FORT,2,1,1776625433.396702,64.01,Game,1,Predictable,55.28,0,,,5,,,130,Sound,,,
0,FORT,2,1,1776625433.396702,64.03,Game,1,Predictable,55.29,0,,,5,,,130,Sound,,,
0,FORT,2,1,1776625433.396702,64.04,Game,1,Predictable,55.3,0,,,5,,,130,Sound,,,
0,FORT,2,1,1776625433.396702,64.05,Game,1,Predictable,55.32,0,,,5,,,130,Sound,,,
0,FORT,2,1,1776625433.396702,64.06,Game,1,Predictable,55.33,0,,,5,,,130,Sound,,,
0,FORT,2,1,1776625433.396702,64.07,Game,1,Predictable,55.34,0,,,5,,,130,Sound,,,
0,FORT,2,1,1776625433.396702,64.08,Game,1,Predictable,55.35,0,,,5,,,130,Sound,,,
0,FORT,2,1,1776625433.396702,64.09,Game,1,Predictable,55.36,0,,,5,,,130,Sound,,,
0,FORT,2,1,1776625433.396702,64.11,Game,1,Predictable,55.37,0,,,5,,,130,Sound,,,
0,FORT,2,1,1776625433.396702,64.12,Game,1,Predictable,55.38,0,,,5,,,130,Sound,,,
0,FORT,2,1,1776625433.396702,64.13,Game,1,Predictable,55.39,0,,,5,,,130,Sound,,,
0,FORT,2,1,1776625433.396702,64.14,Game,1,Predictable,55.4,0,,,5,,,130,Sound,,,
0,FORT,2,1,1776625433.396702,64.15,Game,1,Predictable,55.42,0,,,5,,,130,Sound,,,
0,FORT,2,1,1776625433.396702,64.16,Game,1,Predictable,55.43,0,,,5,,,130,Sound,,,
0,FORT,2,1,1776625433.396702,64.17,Game,1,Predictable,55.44,0,,,5,,,130,Sound,,,
0,FORT,2,1,1776625433.396702,64.18,Game,1,Predictable,55.45,0,,,5,,,130,Sound,,,
0,FORT,2,1,1776625433.396702,64.19,Game,1,Predictable,55.46,0,,,5,,,130,Sound,,,
0,FORT,2,1,1776625433.396702,64.21,Game,1,Predictable,55.47,0,,,5,,,130,Sound,,,
0,FORT,2,1,1776625433.396702,64.22,Game,1,Predictable,55.48,0,,,5,,,130,Sound,,,
0,FORT,2,1,1776625433.396702,64.23,Game,1,Predictable,55.49,0,,,5,,,130,Sound,,,
0,FORT,2,1,1776625433.396702,64.24,Game,1,Predictable,55.5,0,,,5,,,130,Sound,,,
0,FORT,2,1,1776625433.396702,64.25,Game,1,Predictable,55.52,0,,,5,,,130,Sound,,,
0,FORT,2,1,1776625433.396702,64.26,Game,1,Predictable,55.53,0,,,5,,,130,Sound,,,
0,FORT,2,1,1776625433.396702,64.27,Game,1,Predictable,55.54,0,,,5,,,130,Sound,,,
0,FORT,2,1,1776625433.396702,64.28,Game,1,Predictable,55.55,0,,,5,,,130,Sound,,,
0,FORT,2,1,1776625433.396702,64.29,Game,1,Predictable,55.56,0,,,5,,,130,Sound,,,
0,FORT,2,1,1776625433.396702,64.31,Game,1,Predictable,55.57,0,,,5,,,130,Sound,,,
0,FORT,2,1,1776625433.396702,64.31,Game,1,Predictable,55.58,0,,,5,,,130,Sound,,,
0,FORT,2,1,1776625433.396702,64.33,Game,1,Predictable,55.59,0,,,5,,,130,Sound,,,
0,FORT,2,1,1776625433.396702,64.34,Game,1,Predictable,55.6,0,,,5,,,130,Sound,,,
0,FORT,2,1,1776625433.396702,64.35,Game,1,Predictable,55.62,0,,,5,,,130,Sound,,,
0,FORT,2,1,1776625433.396702,64.36,Game,1,Predictable,55.63,0,,,5,,,130,Sound,,,
0,FORT,2,1,1776625433.396702,64.37,Game,1,Predictable,55.64,0,,,5,,,130,Sound,,,
0,FORT,2,1,1776625433.396702,64.38,Game,1,Predictable,55.65,0,,,5,,,130,Sound,,,
0,FORT,2,1,1776625433.396702,64.39,Game,1,Predictable,55.66,0,,,5,,,130,Sound,,,
0,FORT,2,1,1776625433.396702,64.41,Game,1,Predictable,55.67,0,,,5,,,130,Sound,,,
0,FORT,2,1,1776625433.396702,64.41,Game,1,Predictable,55.68,0,,,5,,,130,Sound,,,
0,FORT,2,1,1776625433.396702,64.43,Game,1,Predictable,55.69,0,,,5,,,130,Sound,,,
0,FORT,2,1,1776625433.396702,64.44,Game,1,Predictable,55.7,0,,,5,,,130,Sound,,,
0,FORT,2,1,1776625433.396702,64.45,Game,1,Predictable,55.72,0,,,5,,,130,Sound,,,
0,FORT,2,1,1776625433.396702,64.46,Game,1,Predictable,55.73,0,,,5,,,130,Sound,,,
0,FORT,2,1,1776625433.396702,64.47,Game,1,Predictable,55.74,0,,,5,,,130,Sound,,,
0,FORT,2,1,1776625433.396702,64.48,Game,1,Predictable,55.75,0,,,5,,,130,Sound,,,
0,FORT,2,1,1776625433.396702,64.49,Game,1,Predictable,55.76,0,,,5,,,130,Sound,,,
0,FORT,2,1,1776625433.396702,64.51,Game,1,Predictable,55.77,0,,,5,,,130,Sound,,,
0,FORT,2,1,1776625433.396702,64.52,Game,1,Predictable,55.78,0,,,5,,,130,Sound,,,
0,FORT,2,1,1776625433.396702,64.52,Game,1,Predictable,55.79,0,,,5,,,130,Sound,,,
0,FORT,2,1,1776625433.396702,64.54,Game,1,Predictable,55.8,0,,,5,,,130,Sound,,,
0,FORT,2,1,1776625433.396702,64.55,Game,1,Predictable,55.82,0,,,5,,,130,Sound,,,
0,FORT,2,1,1776625433.396702,64.56,Game,1,Predictable,55.83,0,,,5,,,130,Sound,,,
0,FORT,2,1,1776625433.396702,64.57,Game,1,Predictable,55.84,0,,,5,,,130,Sound,,,
0,FORT,2,1,1776625433.396702,64.58,Game,1,Predictable,55.85,0,,,5,,,130,Sound,,,
0,FORT,2,1,1776625433.396702,64.59,Game,1,Predictable,55.86,0,,,5,,,130,Sound,,,
0,FORT,2,1,1776625433.396702,64.61,Game,1,Predictable,55.87,0,,,5,,,130,Sound,,,
0,FORT,2,1,1776625433.396702,64.62,Game,1,Predictable,55.88,0,,,5,,,130,Sound,,,
0,FORT,2,1,1776625433.396702,64.63,Game,1,Predictable,55.89,0,,,5,,,130,Sound,,,
0,FORT,2,1,1776625433.396702,64.64,Game,1,Predictable,55.9,0,,,5,,,130,Sound,,,
0,FORT,2,1,1776625433.396702,64.65,Game,1,Predictable,55.92,0,,,5,,,130,Sound,,,
0,FORT,2,1,1776625433.396702,64.66,Game,1,Predictable,55.93,0,,,5,,,130,Sound,,,
0,FORT,2,1,1776625433.396702,64.67,Game,1,Predictable,55.94,0,,,5,,,130,Sound,,,
0,FORT,2,1,1776625433.396702,64.68,Game,1,Predictable,55.95,0,,,5,,,130,Sound,,,
0,FORT,2,1,1776625433.396702,64.69,Game,1,Predictable,55.96,0,,,5,,,130,Sound,,,
0,FORT,2,1,1776625433.396702,64.71,Game,1,Predictable,55.97,0,,,5,,,130,Sound,,,
0,FORT,2,1,1776625433.396702,64.72,Game,1,Predictable,55.98,0,,,5,,,130,Sound,,,
0,FORT,2,1,1776625433.396702,64.73,Game,1,Predictable,55.99,0,,,5,,,130,Sound,,,
0,FORT,2,1,1776625433.396702,64.74,Game,1,Predictable,56.0,0,,,5,,,130,Sound,,,
0,FORT,2,1,1776625433.396702,64.75,Game,1,Predictable,56.02,0,,,5,,,130,Sound,,,
0,FORT,2,1,1776625433.396702,64.76,Game,1,Predictable,56.03,0,,,5,,,130,Sound,,,
0,FORT,2,1,1776625433.396702,64.77,Game,1,Predictable,56.04,0,,,5,,,130,Sound,,,
0,FORT,2,1,1776625433.396702,64.78,Game,1,Predictable,56.05,0,,,5,,,130,Sound,,,
0,FORT,2,1,1776625433.396702,64.79,Game,1,Predictable,56.06,0,,,5,,,130,Sound,,,
0,FORT,2,1,1776625433.396702,64.81,Game,1,Predictable,56.07,0,,,5,,,130,Sound,,,
0,FORT,2,1,1776625433.396702,64.82,Game,1,Predictable,56.08,0,,,5,,,130,Sound,,,
0,FORT,2,1,1776625433.396702,64.83,Game,1,Predictable,56.09,0,,,5,,,130,Sound,,,
0,FORT,2,1,1776625433.396702,64.84,Game,1,Predictable,56.1,0,,,5,,,130,Sound,,,
0,FORT,2,1,1776625433.396702,64.85,Game,1,Predictable,56.12,0,,,5,,,130,Sound,,,
0,FORT,2,1,1776625433.396702,64.86,Game,1,Predictable,56.13,0,,,5,,,130,Sound,,,
0,FORT,2,1,1776625433.396702,64.87,Game,1,Predictable,56.14,0,,,5,,,130,Sound,,,
0,FORT,2,1,1776625433.396702,64.88,Game,1,Predictable,56.15,0,,,5,,,130,Sound,,,
0,FORT,2,1,1776625433.396702,64.89,Game,1,Predictable,56.16,0,,,5,,,130,Sound,,,
0,FORT,2,1,1776625433.396702,64.91,Game,1,Predictable,56.17,0,,,5,,,130,Sound,,,
0,FORT,2,1,1776625433.396702,64.91,Game,1,Predictable,56.18,0,,,5,,,130,Sound,,,
0,FORT,2,1,1776625433.396702,64.93,Game,1,Predictable,56.19,0,,,5,,,130,Sound,,,
0,FORT,2,1,1776625433.396702,64.94,Game,1,Predictable,56.2,0,,,5,,,130,Sound,,,
0,FORT,2,1,1776625433.396702,64.95,Game,1,Predictable,56.22,0,,,5,,,130,Sound,,,
0,FORT,2,1,1776625433.396702,64.96,Game,1,Predictable,56.23,0,,,5,,,130,Sound,,,
0,FORT,2,1,1776625433.396702,64.97,Game,1,Predictable,56.24,0,,,5,,,130,Sound,,,
0,FORT,2,1,1776625433.396702,64.98,Game,1,Predictable,56.25,0,,,5,,,130,Sound,,,
0,FORT,2,1,1776625433.396702,64.99,Game,1,Predictable,56.26,0,,,5,,,130,Sound,,,
0,FORT,2,1,1776625433.396702,65.01,Game,1,Predictable,56.27,0,,,5,,,130,Sound,,,
0,FORT,2,1,1776625433.396702,65.01,Game,1,Predictable,56.28,0,,,5,,,130,Sound,,,
0,FORT,2,1,1776625433.396702,65.03,Game,1,Predictable,56.29,0,,,5,,,130,Sound,,,
0,FORT,2,1,1776625433.396702,65.04,Game,1,Predictable,56.3,0,,,5,,,130,Sound,,,
0,FORT,2,1,1776625433.396702,65.05,Game,1,Predictable,56.32,0,,,5,,,130,Sound,,,
0,FORT,2,1,1776625433.396702,65.06,Game,1,Predictable,56.33,0,,,5,,,130,Sound,,,
0,FORT,2,1,1776625433.396702,65.07,Game,1,Predictable,56.34,0,,,5,,,130,Sound,,,
0,FORT,2,1,1776625433.396702,65.08,Game,1,Predictable,56.35,0,,,5,,,130,Sound,,,
0,FORT,2,1,1776625433.396702,65.09,Game,1,Predictable,56.36,0,,,5,,,130,Sound,,,
0,FORT,2,1,1776625433.396702,65.11,Game,1,Predictable,56.37,0,,,5,,,130,Sound,,,
0,FORT,2,1,1776625433.396702,65.11,Game,1,Predictable,56.38,0,,,5,,,130,Sound,,,
0,FORT,2,1,1776625433.396702,65.12,Game,1,Predictable,56.39,0,,,5,,,130,Sound,,,
0,FORT,2,1,1776625433.396702,65.14,Game,1,Predictable,56.4,0,,,5,,,130,Sound,,,
0,FORT,2,1,1776625433.396702,65.15,Game,1,Predictable,56.42,0,,,5,,,130,Sound,,,
0,FORT,2,1,1776625433.396702,65.16,Game,1,Predictable,56.43,0,,,5,,,130,Sound,,,
0,FORT,2,1,1776625433.396702,65.17,Game,1,Predictable,56.44,0,,,5,,,130,Sound,,,
0,FORT,2,1,1776625433.396702,65.18,Game,1,Predictable,56.45,0,,,5,,,130,Sound,,,
0,FORT,2,1,1776625433.396702,65.19,Game,1,Predictable,56.46,0,,,5,,,130,Sound,,,
0,FORT,2,1,1776625433.396702,65.21,Game,1,Predictable,56.47,0,,,5,,,130,Sound,,,
0,FORT,2,1,1776625433.396702,65.22,Game,1,Predictable,56.48,0,,,5,,,130,Sound,,,
0,FORT,2,1,1776625433.396702,65.22,Game,1,Predictable,56.49,0,,,5,,,130,Sound,,,
0,FORT,2,1,1776625433.396702,65.24,Game,1,Predictable,56.5,0,,,5,,,130,Sound,,,
0,FORT,2,1,1776625433.396702,65.25,Game,1,Predictable,56.52,0,,,5,,,130,Sound,,,
0,FORT,2,1,1776625433.396702,65.26,Game,1,Predictable,56.53,0,,,5,,,130,Sound,,,
0,FORT,2,1,1776625433.396702,65.27,Game,1,Predictable,56.54,0,,,5,,,130,Sound,,,
0,FORT,2,1,1776625433.396702,65.28,Game,1,Predictable,56.55,0,,,5,,,130,Sound,,,
0,FORT,2,1,1776625433.396702,65.29,Game,1,Predictable,56.56,0,,,5,,,130,Sound,,,
0,FORT,2,1,1776625433.396702,65.31,Game,1,Predictable,56.57,0,,,5,,,130,Sound,,,
0,FORT,2,1,1776625433.396702,65.31,Game,1,Predictable,56.58,0,,,5,,,130,Sound,,,
0,FORT,2,1,1776625433.396702,65.33,Game,1,Predictable,56.59,0,,,5,,,130,Sound,,,
0,FORT,2,1,1776625433.396702,65.34,Game,1,Predictable,56.6,0,,,5,,,130,Sound,,,
0,FORT,2,1,1776625433.396702,65.35,Game,1,Predictable,56.62,0,,,5,,,130,Sound,,,
0,FORT,2,1,1776625433.396702,65.36,Game,1,Predictable,56.63,0,,,5,,,130,Sound,,,
0,FORT,2,1,1776625433.396702,65.37,Game,1,Predictable,56.64,0,,,5,,,130,Sound,,,
0,FORT,2,1,1776625433.396702,65.38,Game,1,Predictable,56.65,0,,,5,,,130,Sound,,,
0,FORT,2,1,1776625433.396702,65.39,Game,1,Predictable,56.66,0,,,5,,,130,Sound,,,
0,FORT,2,1,1776625433.396702,65.41,Game,1,Predictable,56.67,0,,,5,,,130,Sound,,,
0,FORT,2,1,1776625433.396702,65.42,Game,1,Predictable,56.68,0,,,5,,,130,Sound,,,
0,FORT,2,1,1776625433.396702,65.43,Game,1,Predictable,56.69,0,,,5,,,130,Sound,,,
0,FORT,2,1,1776625433.396702,65.44,Game,1,Predictable,56.7,0,,,5,,,130,Sound,,,
0,FORT,2,1,1776625433.396702,65.45,Game,1,Predictable,56.72,0,,,5,,,130,Sound,,,
0,FORT,2,1,1776625433.396702,65.46,Game,1,Predictable,56.73,0,,,5,,,130,Sound,,,
0,FORT,2,1,1776625433.396702,65.47,Game,1,Predictable,56.74,0,,,5,,,130,Sound,,,
0,FORT,2,1,1776625433.396702,65.48,Game,1,Predictable,56.75,0,,,5,,,130,Sound,,,
0,FORT,2,1,1776625433.396702,65.49,Game,1,Predictable,56.76,0,,,5,,,130,Sound,,,
0,FORT,2,1,1776625433.396702,65.51,Game,1,Predictable,56.77,0,,,5,,,130,Sound,,,
0,FORT,2,1,1776625433.396702,65.52,Game,1,Predictable,56.78,0,,,5,,,130,Sound,,,
0,FORT,2,1,1776625433.396702,65.53,Game,1,Predictable,56.79,0,,,5,,,130,Sound,,,
0,FORT,2,1,1776625433.396702,65.54,Game,1,Predictable,56.8,0,,,5,,,130,Sound,,,
0,FORT,2,1,1776625433.396702,65.55,Game,1,Predictable,56.82,0,,,5,,,130,Sound,,,
0,FORT,2,1,1776625433.396702,65.56,Game,1,Predictable,56.83,0,,,5,,,130,Sound,,,
0,FORT,2,1,1776625433.396702,65.57,Game,1,Predictable,56.84,0,,,5,,,130,Sound,,,
0,FORT,2,1,1776625433.396702,65.58,Game,1,Predictable,56.85,0,,,5,,,130,Sound,,,
0,FORT,2,1,1776625433.396702,65.59,Game,1,Predictable,56.86,0,,,5,,,130,Sound,,,
0,FORT,2,1,1776625433.396702,65.61,Game,1,Predictable,56.87,0,,,5,,,130,Sound,,,
0,FORT,2,1,1776625433.396702,65.62,Game,1,Predictable,56.88,0,,,5,,,130,Sound,,,
0,FORT,2,1,1776625433.396702,65.63,Game,1,Predictable,56.89,0,,,5,,,130,Sound,,,
0,FORT,2,1,1776625433.396702,65.64,Game,1,Predictable,56.9,0,,,5,,,130,Sound,,,
0,FORT,2,1,1776625433.396702,65.65,Game,1,Predictable,56.92,0,,,5,,,130,Sound,,,
0,FORT,2,1,1776625433.396702,65.66,Game,1,Predictable,56.93,0,,,5,,,130,Sound,,,
0,FORT,2,1,1776625433.396702,65.67,Game,1,Predictable,56.94,0,,,5,,,130,Sound,,,
0,FORT,2,1,1776625433.396702,65.68,Game,1,Predictable,56.95,0,,,5,,,130,Sound,,,
0,FORT,2,1,1776625433.396702,65.69,Game,1,Predictable,56.96,0,,,5,,,130,Sound,,,
0,FORT,2,1,1776625433.396702,65.71,Game,1,Predictable,56.97,0,,,5,,,130,Sound,,,
0,FORT,2,1,1776625433.396702,65.72,Game,1,Predictable,56.98,0,,,5,,,130,Sound,,,
0,FORT,2,1,1776625433.396702,65.73,Game,1,Predictable,56.99,0,,,5,,,130,Sound,,,
0,FORT,2,1,1776625433.396702,65.74,Game,1,Predictable,57.0,0,,,5,,,130,Sound,,,
0,FORT,2,1,1776625433.396702,65.75,Game,1,Predictable,57.02,0,,,5,,,130,Sound,,,
0,FORT,2,1,1776625433.396702,65.76,Game,1,Predictable,57.03,0,,,5,,,130,Sound,,,
0,FORT,2,1,1776625433.396702,65.77,Game,1,Predictable,57.04,0,,,5,,,130,Sound,,,
0,FORT,2,1,1776625433.396702,65.78,Game,1,Predictable,57.05,0,,,5,,,130,Sound,,,
0,FORT,2,1,1776625433.396702,65.79,Game,1,Predictable,57.06,0,,,5,,,130,Sound,,,
0,FORT,2,1,1776625433.396702,65.81,Game,1,Predictable,57.07,0,,,5,,,130,Sound,,,
0,FORT,2,1,1776625433.396702,65.82,Game,1,Predictable,57.08,0,,,5,,,130,Sound,,,
0,FORT,2,1,1776625433.396702,65.83,Game,1,Predictable,57.09,0,,,5,,,130,Sound,,,
0,FORT,2,1,1776625433.396702,65.84,Game,1,Predictable,57.1,0,,,5,,,130,Sound,,,
0,FORT,2,1,1776625433.396702,65.85,Game,1,Predictable,57.12,0,,,5,,,130,Sound,,,
0,FORT,2,1,1776625433.396702,65.86,Game,1,Predictable,57.13,0,,,5,,,130,Sound,,,
0,FORT,2,1,1776625433.396702,65.87,Game,1,Predictable,57.14,0,,,5,,,130,Sound,,,
0,FORT,2,1,1776625433.396702,65.88,Game,1,Predictable,57.15,0,,,5,,,130,Sound,,,
0,FORT,2,1,1776625433.396702,65.89,Game,1,Predictable,57.16,0,,,5,,,130,Sound,,,
0,FORT,2,1,1776625433.396702,65.91,Game,1,Predictable,57.17,0,,,5,,,130,Sound,,,
0,FORT,2,1,1776625433.396702,65.92,Game,1,Predictable,57.18,0,,,5,,,130,Sound,,,
0,FORT,2,1,1776625433.396702,65.93,Game,1,Predictable,57.19,0,,,5,,,130,Sound,,,
0,FORT,2,1,1776625433.396702,65.94,Game,1,Predictable,57.2,0,,,5,,,130,Sound,,,
0,FORT,2,1,1776625433.396702,65.95,Game,1,Predictable,57.22,0,,,5,,,130,Sound,,,
0,FORT,2,1,1776625433.396702,65.96,Game,1,Predictable,57.23,0,,,5,,,130,Sound,,,
0,FORT,2,1,1776625433.396702,65.97,Game,1,Predictable,57.24,0,,,5,,,130,Sound,,,
0,FORT,2,1,1776625433.396702,65.98,Game,1,Predictable,57.25,0,,,5,,,130,Sound,,,
0,FORT,2,1,1776625433.396702,65.99,Game,1,Predictable,57.26,0,,,5,,,130,Sound,,,
0,FORT,2,1,1776625433.396702,66.01,Game,1,Predictable,57.27,0,,,5,,,130,Sound,,,
0,FORT,2,1,1776625433.396702,66.02,Game,1,Predictable,57.28,0,,,5,,,130,Sound,,,
0,FORT,2,1,1776625433.396702,66.03,Game,1,Predictable,57.29,0,,,5,,,130,Sound,,,
0,FORT,2,1,1776625433.396702,66.04,Game,1,Predictable,57.3,0,,,5,,,130,Sound,,,
0,FORT,2,1,1776625433.396702,66.05,Game,1,Predictable,57.32,0,,,5,,,130,Sound,,,
0,FORT,2,1,1776625433.396702,66.06,Game,1,Predictable,57.33,0,,,5,,,130,Sound,,,
0,FORT,2,1,1776625433.396702,66.07,Game,1,Predictable,57.34,0,,,5,,,130,Sound,,,
0,FORT,2,1,1776625433.396702,66.08,Game,1,Predictable,57.35,0,,,5,,,130,Sound,,,
0,FORT,2,1,1776625433.396702,66.09,Game,1,Predictable,57.36,0,,,5,,,130,Sound,,,
0,FORT,2,1,1776625433.396702,66.11,Game,1,Predictable,57.37,0,,,5,,,130,Sound,,,
0,FORT,2,1,1776625433.396702,66.11,Game,1,Predictable,57.38,0,,,5,,,130,Sound,,,
0,FORT,2,1,1776625433.396702,66.13,Game,1,Predictable,57.39,0,,,5,,,130,Sound,,,
0,FORT,2,1,1776625433.396702,66.14,Game,1,Predictable,57.4,0,,,5,,,130,Sound,,,
0,FORT,2,1,1776625433.396702,66.15,Game,1,Predictable,57.42,0,,,5,,,130,Sound,,,
0,FORT,2,1,1776625433.396702,66.16,Game,1,Predictable,57.43,0,,,5,,,130,Sound,,,
0,FORT,2,1,1776625433.396702,66.17,Game,1,Predictable,57.44,0,,,5,,,130,Sound,,,
0,FORT,2,1,1776625433.396702,66.18,Game,1,Predictable,57.45,0,,,5,,,130,Sound,,,
0,FORT,2,1,1776625433.396702,66.19,Game,1,Predictable,57.46,0,,,5,,,130,Sound,,,
0,FORT,2,1,1776625433.396702,66.21,Game,1,Predictable,57.47,0,,,5,,,130,Sound,,,
0,FORT,2,1,1776625433.396702,66.22,Game,1,Predictable,57.48,0,,,5,,,130,Sound,,,
0,FORT,2,1,1776625433.396702,66.23,Game,1,Predictable,57.49,0,,,5,,,130,Sound,,,
0,FORT,2,1,1776625433.396702,66.24,Game,1,Predictable,57.5,0,,,5,,,130,Sound,,,
0,FORT,2,1,1776625433.396702,66.25,Game,1,Predictable,57.52,0,,,5,,,130,Sound,,,
0,FORT,2,1,1776625433.396702,66.26,Game,1,Predictable,57.53,0,,,5,,,130,Sound,,,
0,FORT,2,1,1776625433.396702,66.27,Game,1,Predictable,57.54,0,,,5,,,130,Sound,,,
0,FORT,2,1,1776625433.396702,66.28,Game,1,Predictable,57.55,0,,,5,,,130,Sound,,,
0,FORT,2,1,1776625433.396702,66.29,Game,1,Predictable,57.56,0,,,5,,,130,Sound,,,
0,FORT,2,1,1776625433.396702,66.31,Game,1,Predictable,57.57,0,,,5,,,130,Sound,,,
0,FORT,2,1,1776625433.396702,66.32,Game,1,Predictable,57.58,0,,,5,,,130,Sound,,,
0,FORT,2,1,1776625433.396702,66.33,Game,1,Predictable,57.59,0,,,5,,,130,Sound,,,
0,FORT,2,1,1776625433.396702,66.34,Game,1,Predictable,57.6,0,,,5,,,130,Sound,,,
0,FORT,2,1,1776625433.396702,66.35,Game,1,Predictable,57.62,0,,,5,,,130,Sound,,,
0,FORT,2,1,1776625433.396702,66.36,Game,1,Predictable,57.63,0,,,5,,,130,Sound,,,
0,FORT,2,1,1776625433.396702,66.37,Game,1,Predictable,57.64,0,,,5,,,130,Sound,,,
0,FORT,2,1,1776625433.396702,66.38,Game,1,Predictable,57.65,0,,,5,,,130,Sound,,,
0,FORT,2,1,1776625433.396702,66.39,Game,1,Predictable,57.66,0,,,5,,,130,Sound,,,
0,FORT,2,1,1776625433.396702,66.41,Game,1,Predictable,57.67,0,,,5,,,130,Sound,,,
0,FORT,2,1,1776625433.396702,66.42,Game,1,Predictable,57.68,0,,,5,,,130,Sound,,,
0,FORT,2,1,1776625433.396702,66.43,Game,1,Predictable,57.69,0,,,5,,,130,Sound,,,
0,FORT,2,1,1776625433.396702,66.44,Game,1,Predictable,57.7,0,,,5,,,130,Sound,,,
0,FORT,2,1,1776625433.396702,66.45,Game,1,Predictable,57.72,0,,,5,,,130,Sound,,,
0,FORT,2,1,1776625433.396702,66.46,Game,1,Predictable,57.73,0,,,5,,,130,Sound,,,
0,FORT,2,1,1776625433.396702,66.47,Game,1,Predictable,57.74,0,,,5,,,130,Sound,,,
0,FORT,2,1,1776625433.396702,66.48,Game,1,Predictable,57.75,0,,,5,,,130,Sound,,,
0,FORT,2,1,1776625433.396702,66.49,Game,1,Predictable,57.76,0,,,5,,,130,Sound,,,
0,FORT,2,1,1776625433.396702,66.51,Game,1,Predictable,57.77,0,,,5,,,130,Sound,,,
0,FORT,2,1,1776625433.396702,66.52,Game,1,Predictable,57.78,0,,,5,,,130,Sound,,,
0,FORT,2,1,1776625433.396702,66.52,Game,1,Predictable,57.79,0,,,5,,,130,Sound,,,
0,FORT,2,1,1776625433.396702,66.54,Game,1,Predictable,57.8,0,,,5,,,130,Sound,,,
0,FORT,2,1,1776625433.396702,66.55,Game,1,Predictable,57.82,0,,,5,,,130,Sound,,,
0,FORT,2,1,1776625433.396702,66.56,Game,1,Predictable,57.83,0,,,5,,,130,Sound,,,
0,FORT,2,1,1776625433.396702,66.57,Game,1,Predictable,57.84,0,,,5,,,130,Sound,,,
0,FORT,2,1,1776625433.396702,66.58,Game,1,Predictable,57.85,0,,,5,,,130,Sound,,,
0,FORT,2,1,1776625433.396702,66.59,Game,1,Predictable,57.86,0,,,5,,,130,Sound,,,
0,FORT,2,1,1776625433.396702,66.61,Game,1,Predictable,57.87,0,,,5,,,130,Sound,,,
0,FORT,2,1,1776625433.396702,66.62,Game,1,Predictable,57.88,0,,,5,,,130,Sound,,,
0,FORT,2,1,1776625433.396702,66.63,Game,1,Predictable,57.89,0,,,5,,,130,Sound,,,
0,FORT,2,1,1776625433.396702,66.64,Game,1,Predictable,57.9,0,,,5,,,130,Sound,,,
0,FORT,2,1,1776625433.396702,66.65,Game,1,Predictable,57.92,0,,,5,,,130,Sound,,,
0,FORT,2,1,1776625433.396702,66.66,Game,1,Predictable,57.93,0,,,5,,,130,Sound,,,
0,FORT,2,1,1776625433.396702,66.67,Game,1,Predictable,57.94,0,,,5,,,130,Sound,,,
0,FORT,2,1,1776625433.396702,66.68,Game,1,Predictable,57.95,0,,,5,,,130,Sound,,,
0,FORT,2,1,1776625433.396702,66.69,Game,1,Predictable,57.96,0,,,5,,,130,Sound,,,
0,FORT,2,1,1776625433.396702,66.71,Game,1,Predictable,57.97,0,,,5,,,130,Sound,,,
0,FORT,2,1,1776625433.396702,66.72,Game,1,Predictable,57.98,0,,,5,,,130,Sound,,,
0,FORT,2,1,1776625433.396702,66.73,Game,1,Predictable,57.99,0,,,5,,,130,Sound,,,
0,FORT,2,1,1776625433.396702,66.74,Game,1,Predictable,58.0,0,,,5,,,130,Sound,,,
0,FORT,2,1,1776625433.396702,66.75,Game,1,Predictable,58.02,0,,,5,,,130,Sound,,,
0,FORT,2,1,1776625433.396702,66.76,Game,1,Predictable,58.03,0,,,5,,,130,Sound,,,
0,FORT,2,1,1776625433.396702,66.77,Game,1,Predictable,58.04,0,,,5,,,130,Sound,,,
0,FORT,2,1,1776625433.396702,66.78,Game,1,Predictable,58.05,0,,,5,,,130,Sound,,,
0,FORT,2,1,1776625433.396702,66.79,Game,1,Predictable,58.06,0,,,5,,,130,Sound,,,
0,FORT,2,1,1776625433.396702,66.81,Game,1,Predictable,58.07,0,,,5,,,130,Sound,,,
0,FORT,2,1,1776625433.396702,66.82,Game,1,Predictable,58.08,0,,,5,,,130,Sound,,,
0,FORT,2,1,1776625433.396702,66.83,Game,1,Predictable,58.09,0,,,5,,,130,Sound,,,
0,FORT,2,1,1776625433.396702,66.84,Game,1,Predictable,58.1,0,,,5,,,130,Sound,,,
0,FORT,2,1,1776625433.396702,66.85,Game,1,Predictable,58.12,0,,,5,,,130,Sound,,,
0,FORT,2,1,1776625433.396702,66.86,Game,1,Predictable,58.13,0,,,5,,,130,Sound,,,
0,FORT,2,1,1776625433.396702,66.87,Game,1,Predictable,58.14,0,,,5,,,130,Sound,,,
0,FORT,2,1,1776625433.396702,66.88,Game,1,Predictable,58.15,0,,,5,,,130,Sound,,,
0,FORT,2,1,1776625433.396702,66.89,Game,1,Predictable,58.16,0,,,5,,,130,Sound,,,
0,FORT,2,1,1776625433.396702,66.91,Game,1,Predictable,58.17,0,,,5,,,130,Sound,,,
0,FORT,2,1,1776625433.396702,66.92,Game,1,Predictable,58.18,0,,,5,,,130,Sound,,,
0,FORT,2,1,1776625433.396702,66.93,Game,1,Predictable,58.19,0,,,5,,,130,Sound,,,
0,FORT,2,1,1776625433.396702,66.94,Game,1,Predictable,58.2,0,,,5,,,130,Sound,,,
0,FORT,2,1,1776625433.396702,66.95,Game,1,Predictable,58.22,0,,,5,,,130,Sound,,,
0,FORT,2,1,1776625433.396702,66.96,Game,1,Predictable,58.23,0,,,5,,,130,Sound,,,
0,FORT,2,1,1776625433.396702,66.97,Game,1,Predictable,58.24,0,,,5,,,130,Sound,,,
0,FORT,2,1,1776625433.396702,66.98,Game,1,Predictable,58.25,0,,,5,,,130,Sound,,,
0,FORT,2,1,1776625433.396702,66.99,Game,1,Predictable,58.26,0,,,5,,,130,Sound,,,
0,FORT,2,1,1776625433.396702,67.01,Game,1,Predictable,58.27,0,,,5,,,130,Sound,,,
0,FORT,2,1,1776625433.396702,67.02,Game,1,Predictable,58.28,0,,,5,,,130,Sound,,,
0,FORT,2,1,1776625433.396702,67.03,Game,1,Predictable,58.29,0,,,5,,,130,Sound,,,
0,FORT,2,1,1776625433.396702,67.04,Game,1,Predictable,58.3,0,,,5,,,130,Sound,,,
0,FORT,2,1,1776625433.396702,67.05,Game,1,Predictable,58.32,0,,,5,,,130,Sound,,,
0,FORT,2,1,1776625433.396702,67.06,Game,1,Predictable,58.33,0,,,5,,,130,Sound,,,
0,FORT,2,1,1776625433.396702,67.07,Game,1,Predictable,58.34,0,,,5,,,130,Sound,,,
0,FORT,2,1,1776625433.396702,67.08,Game,1,Predictable,58.35,0,,,5,,,130,Sound,,,
0,FORT,2,1,1776625433.396702,67.09,Game,1,Predictable,58.36,0,,,5,,,130,Sound,,,
0,FORT,2,1,1776625433.396702,67.11,Game,1,Predictable,58.37,0,,,5,,,130,Sound,,,
0,FORT,2,1,1776625433.396702,67.12,Game,1,Predictable,58.38,0,,,5,,,130,Sound,,,
0,FORT,2,1,1776625433.396702,67.13,Game,1,Predictable,58.39,0,,,5,,,130,Sound,,,
0,FORT,2,1,1776625433.396702,67.14,Game,1,Predictable,58.4,0,,,5,,,130,Sound,,,
0,FORT,2,1,1776625433.396702,67.15,Game,1,Predictable,58.42,0,,,5,,,130,Sound,,,
0,FORT,2,1,1776625433.396702,67.16,Game,1,Predictable,58.43,0,,,5,,,130,Sound,,,
0,FORT,2,1,1776625433.396702,67.17,Game,1,Predictable,58.44,0,,,5,,,130,Sound,,,
0,FORT,2,1,1776625433.396702,67.18,Game,1,Predictable,58.45,0,,,5,,,130,Sound,,,
0,FORT,2,1,1776625433.396702,67.19,Game,1,Predictable,58.46,0,,,5,,,130,Sound,,,
0,FORT,2,1,1776625433.396702,67.21,Game,1,Predictable,58.47,0,,,5,,,130,Sound,,,
0,FORT,2,1,1776625433.396702,67.22,Game,1,Predictable,58.49,0,,,5,,,130,Sound,,,
0,FORT,2,1,1776625433.396702,67.23,Game,1,Predictable,58.49,0,,,5,,,130,Sound,,,
0,FORT,2,1,1776625433.396702,67.24,Game,1,Predictable,58.5,0,,,5,,,130,Sound,,,
0,FORT,2,1,1776625433.396702,67.25,Game,1,Predictable,58.52,0,,,5,,,130,Sound,,,
0,FORT,2,1,1776625433.396702,67.26,Game,1,Predictable,58.53,0,,,5,,,130,Sound,,,
0,FORT,2,1,1776625433.396702,67.27,Game,1,Predictable,58.54,0,,,5,,,130,Sound,,,
0,FORT,2,1,1776625433.396702,67.28,Game,1,Predictable,58.55,0,,,5,,,130,Sound,,,
0,FORT,2,1,1776625433.396702,67.29,Game,1,Predictable,58.56,0,,,5,,,130,Sound,,,
0,FORT,2,1,1776625433.396702,67.31,Game,1,Predictable,58.57,0,,,5,,,130,Sound,,,
0,FORT,2,1,1776625433.396702,67.32,Game,1,Predictable,58.58,0,,,5,,,130,Sound,,,
0,FORT,2,1,1776625433.396702,67.33,Game,1,Predictable,58.59,0,,,5,,,130,Sound,,,
0,FORT,2,1,1776625433.396702,67.34,Game,1,Predictable,58.6,0,,,5,,,130,Sound,,,
0,FORT,2,1,1776625433.396702,67.35,Game,1,Predictable,58.62,0,,,5,,,130,Sound,,,
0,FORT,2,1,1776625433.396702,67.36,Game,1,Predictable,58.63,0,,,5,,,130,Sound,,,
0,FORT,2,1,1776625433.396702,67.37,Game,1,Predictable,58.64,0,,,5,,,130,Sound,,,
0,FORT,2,1,1776625433.396702,67.38,Game,1,Predictable,58.65,0,,,5,,,130,Sound,,,
0,FORT,2,1,1776625433.396702,67.39,Game,1,Predictable,58.66,0,,,5,,,130,Sound,,,
0,FORT,2,1,1776625433.396702,67.41,Game,1,Predictable,58.67,0,,,5,,,130,Sound,,,
0,FORT,2,1,1776625433.396702,67.42,Game,1,Predictable,58.69,0,,,5,,,130,Sound,,,
0,FORT,2,1,1776625433.396702,67.43,Game,1,Predictable,58.69,0,,,5,,,130,Sound,,,
0,FORT,2,1,1776625433.396702,67.44,Game,1,Predictable,58.7,0,,,5,,,130,Sound,,,
0,FORT,2,1,1776625433.396702,67.45,Game,1,Predictable,58.72,0,,,5,,,130,Sound,,,
0,FORT,2,1,1776625433.396702,67.46,Game,1,Predictable,58.73,0,,,5,,,130,Sound,,,
0,FORT,2,1,1776625433.396702,67.47,Game,1,Predictable,58.74,0,,,5,,,130,Sound,,,
0,FORT,2,1,1776625433.396702,67.48,Game,1,Predictable,58.75,0,,,5,,,130,Sound,,,
0,FORT,2,1,1776625433.396702,67.49,Game,1,Predictable,58.76,0,,,5,,,130,Sound,,,
0,FORT,2,1,1776625433.396702,67.51,Game,1,Predictable,58.77,0,,,5,,,130,Sound,,,
0,FORT,2,1,1776625433.396702,67.52,Game,1,Predictable,58.78,0,,,5,,,130,Sound,,,
0,FORT,2,1,1776625433.396702,67.53,Game,1,Predictable,58.79,0,,,5,,,130,Sound,,,
0,FORT,2,1,1776625433.396702,67.54,Game,1,Predictable,58.8,0,,,5,,,130,Sound,,,
0,FORT,2,1,1776625433.396702,67.55,Game,1,Predictable,58.82,0,,,5,,,130,Sound,,,
0,FORT,2,1,1776625433.396702,67.56,Game,1,Predictable,58.83,0,,,5,,,130,Sound,,,
0,FORT,2,1,1776625433.396702,67.57,Game,1,Predictable,58.84,0,,,5,,,130,Sound,,,
0,FORT,2,1,1776625433.396702,67.58,Game,1,Predictable,58.85,0,,,5,,,130,Sound,,,
0,FORT,2,1,1776625433.396702,67.59,Game,1,Predictable,58.86,0,,,5,,,130,Sound,,,
0,FORT,2,1,1776625433.396702,67.61,Game,1,Predictable,58.87,0,,,5,,,130,Sound,,,
0,FORT,2,1,1776625433.396702,67.62,Game,1,Predictable,58.88,0,,,5,,,130,Sound,,,
0,FORT,2,1,1776625433.396702,67.63,Game,1,Predictable,58.89,0,,,5,,,130,Sound,,,
0,FORT,2,1,1776625433.396702,67.64,Game,1,Predictable,58.9,0,,,5,,,130,Sound,,,
0,FORT,2,1,1776625433.396702,67.65,Game,1,Predictable,58.92,0,,,5,,,130,Sound,,,
0,FORT,2,1,1776625433.396702,67.66,Game,1,Predictable,58.93,0,,,5,,,130,Sound,,,
0,FORT,2,1,1776625433.396702,67.67,Game,1,Predictable,58.94,0,,,5,,,130,Sound,,,
0,FORT,2,1,1776625433.396702,67.68,Game,1,Predictable,58.95,0,,,5,,,130,Sound,,,
0,FORT,2,1,1776625433.396702,67.69,Game,1,Predictable,58.96,0,,,5,,,130,Sound,,,
0,FORT,2,1,1776625433.396702,67.71,Game,1,Predictable,58.97,0,,,5,,,130,Sound,,,
0,FORT,2,1,1776625433.396702,67.72,Game,1,Predictable,58.98,0,,,5,,,130,Sound,,,
0,FORT,2,1,1776625433.396702,67.73,Game,1,Predictable,58.99,0,,,5,,,130,Sound,,,
0,FORT,2,1,1776625433.396702,67.74,Game,1,Predictable,59.0,0,,,5,,,130,Sound,,,
0,FORT,2,1,1776625433.396702,67.75,Game,1,Predictable,59.02,0,,,5,,,130,Sound,,,
0,FORT,2,1,1776625433.396702,67.76,Game,1,Predictable,59.03,0,,,5,,,130,Sound,,,
0,FORT,2,1,1776625433.396702,67.77,Game,1,Predictable,59.04,0,,,5,,,130,Sound,,,
0,FORT,2,1,1776625433.396702,67.78,Game,1,Predictable,59.05,0,,,5,,,130,Sound,,,
0,FORT,2,1,1776625433.396702,67.79,Game,1,Predictable,59.06,0,,,5,,,130,Sound,,,
0,FORT,2,1,1776625433.396702,67.81,Game,1,Predictable,59.07,0,,,5,,,130,Sound,,,
0,FORT,2,1,1776625433.396702,67.82,Game,1,Predictable,59.08,0,,,5,,,130,Sound,,,
0,FORT,2,1,1776625433.396702,67.83,Game,1,Predictable,59.09,0,,,5,,,130,Sound,,,
0,FORT,2,1,1776625433.396702,67.84,Game,1,Predictable,59.1,0,,,5,,,130,Sound,,,
0,FORT,2,1,1776625433.396702,67.85,Game,1,Predictable,59.12,0,,,5,,,130,Sound,,,
0,FORT,2,1,1776625433.396702,67.86,Game,1,Predictable,59.13,0,,,5,,,130,Sound,,,
0,FORT,2,1,1776625433.396702,67.87,Game,1,Predictable,59.14,0,,,5,,,130,Sound,,,
0,FORT,2,1,1776625433.396702,67.88,Game,1,Predictable,59.15,0,,,5,,,130,Sound,,,
0,FORT,2,1,1776625433.396702,67.89,Game,1,Predictable,59.16,0,,,5,,,130,Sound,,,
0,FORT,2,1,1776625433.396702,67.91,Game,1,Predictable,59.17,0,,,5,,,130,Sound,,,
0,FORT,2,1,1776625433.396702,67.92,Game,1,Predictable,59.18,0,,,5,,,130,Sound,,,
0,FORT,2,1,1776625433.396702,67.93,Game,1,Predictable,59.19,0,,,5,,,130,Sound,,,
0,FORT,2,1,1776625433.396702,67.94,Game,1,Predictable,59.2,0,,,5,,,130,Sound,,,
0,FORT,2,1,1776625433.396702,67.95,Game,1,Predictable,59.22,0,,,5,,,130,Sound,,,
0,FORT,2,1,1776625433.396702,67.96,Game,1,Predictable,59.23,0,,,5,,,130,Sound,,,
0,FORT,2,1,1776625433.396702,67.97,Game,1,Predictable,59.24,0,,,5,,,130,Sound,,,
0,FORT,2,1,1776625433.396702,67.98,Game,1,Predictable,59.25,0,,,5,,,130,Sound,,,
0,FORT,2,1,1776625433.396702,67.99,Game,1,Predictable,59.26,0,,,5,,,130,Sound,,,
0,FORT,2,1,1776625433.396702,68.01,Game,1,Predictable,59.27,0,,,5,,,130,Sound,,,
0,FORT,2,1,1776625433.396702,68.02,Game,1,Predictable,59.28,0,,,5,,,130,Sound,,,
0,FORT,2,1,1776625433.396702,68.03,Game,1,Predictable,59.29,0,,,5,,,130,Sound,,,
0,FORT,2,1,1776625433.396702,68.04,Game,1,Predictable,59.3,0,,,5,,,130,Sound,,,
0,FORT,2,1,1776625433.396702,68.05,Game,1,Predictable,59.32,0,,,5,,,130,Sound,,,
0,FORT,2,1,1776625433.396702,68.06,Game,1,Predictable,59.33,0,,,5,,,130,Sound,,,
0,FORT,2,1,1776625433.396702,68.07,Game,1,Predictable,59.34,0,,,5,,,130,Sound,,,
0,FORT,2,1,1776625433.396702,68.08,Game,1,Predictable,59.35,0,,,5,,,130,Sound,,,
0,FORT,2,1,1776625433.396702,68.09,Game,1,Predictable,59.36,0,,,5,,,130,Sound,,,
0,FORT,2,1,1776625433.396702,68.11,Game,1,Predictable,59.37,0,,,5,,,130,Sound,,,
0,FORT,2,1,1776625433.396702,68.12,Game,1,Predictable,59.39,0,,,5,,,130,Sound,,,
0,FORT,2,1,1776625433.396702,68.13,Game,1,Predictable,59.39,0,,,5,,,130,Sound,,,
0,FORT,2,1,1776625433.396702,68.14,Game,1,Predictable,59.4,0,,,5,,,130,Sound,,,
0,FORT,2,1,1776625433.396702,68.15,Game,1,Predictable,59.42,0,,,5,,,130,Sound,,,
0,FORT,2,1,1776625433.396702,68.16,Game,1,Predictable,59.43,0,,,5,,,130,Sound,,,
0,FORT,2,1,1776625433.396702,68.17,Game,1,Predictable,59.44,0,,,5,,,130,Sound,,,
0,FORT,2,1,1776625433.396702,68.18,Game,1,Predictable,59.45,0,,,5,,,130,Sound,,,
0,FORT,2,1,1776625433.396702,68.19,Game,1,Predictable,59.46,0,,,5,,,130,Sound,,,
0,FORT,2,1,1776625433.396702,68.21,Game,1,Predictable,59.47,0,,,5,,,130,Sound,,,
0,FORT,2,1,1776625433.396702,68.22,Game,1,Predictable,59.48,0,,,5,,,130,Sound,,,
0,FORT,2,1,1776625433.396702,68.23,Game,1,Predictable,59.49,0,,,5,,,130,Sound,,,
0,FORT,2,1,1776625433.396702,68.24,Game,1,Predictable,59.5,0,,,5,,,130,Sound,,,
0,FORT,2,1,1776625433.396702,68.25,Game,1,Predictable,59.52,0,,,5,,,130,Sound,,,
0,FORT,2,1,1776625433.396702,68.26,Game,1,Predictable,59.53,0,,,5,,,130,Sound,,,
0,FORT,2,1,1776625433.396702,68.27,Game,1,Predictable,59.54,0,,,5,,,130,Sound,,,
0,FORT,2,1,1776625433.396702,68.28,Game,1,Predictable,59.55,0,,,5,,,130,Sound,,,
0,FORT,2,1,1776625433.396702,68.29,Game,1,Predictable,59.56,0,,,5,,,130,Sound,,,
0,FORT,2,1,1776625433.396702,68.31,Game,1,Predictable,59.57,0,,,5,,,130,Sound,,,
0,FORT,2,1,1776625433.396702,68.32,Game,1,Predictable,59.58,0,,,5,,,130,Sound,,,
0,FORT,2,1,1776625433.396702,68.33,Game,1,Predictable,59.59,0,,,5,,,130,Sound,,,
0,FORT,2,1,1776625433.396702,68.34,Game,1,Predictable,59.6,0,,,5,,,130,Sound,,,
0,FORT,2,1,1776625433.396702,68.35,Game,1,Predictable,59.62,0,,,5,,,130,Sound,,,
0,FORT,2,1,1776625433.396702,68.36,Game,1,Predictable,59.63,0,,,5,,,130,Sound,,,
0,FORT,2,1,1776625433.396702,68.37,Game,1,Predictable,59.64,0,,,5,,,130,Sound,,,
0,FORT,2,1,1776625433.396702,68.38,Game,1,Predictable,59.65,0,,,5,,,130,Sound,,,
0,FORT,2,1,1776625433.396702,68.39,Game,1,Predictable,59.66,0,,,5,,,130,Sound,,,
0,FORT,2,1,1776625433.396702,68.41,Game,1,Predictable,59.67,0,,,5,,,130,Sound,,,
0,FORT,2,1,1776625433.396702,68.42,Game,1,Predictable,59.68,0,,,5,,,130,Sound,,,
0,FORT,2,1,1776625433.396702,68.43,Game,1,Predictable,59.69,0,,,5,,,130,Sound,,,
0,FORT,2,1,1776625433.396702,68.44,Game,1,Predictable,59.7,0,,,5,,,130,Sound,,,
0,FORT,2,1,1776625433.396702,68.45,Game,1,Predictable,59.72,0,,,5,,,130,Sound,,,
0,FORT,2,1,1776625433.396702,68.46,Game,1,Predictable,59.73,0,,,5,,,130,Sound,,,
0,FORT,2,1,1776625433.396702,68.47,Game,1,Predictable,59.74,0,,,5,,,130,Sound,,,
0,FORT,2,1,1776625433.396702,68.48,Game,1,Predictable,59.75,0,,,5,,,130,Sound,,,
0,FORT,2,1,1776625433.396702,68.49,Game,1,Predictable,59.76,0,,,5,,,130,Sound,,,
0,FORT,2,1,1776625433.396702,68.51,Game,1,Predictable,59.77,0,,,5,,,130,Sound,,,
0,FORT,2,1,1776625433.396702,68.52,Game,1,Predictable,59.78,0,,,5,,,130,Sound,,,
0,FORT,2,1,1776625433.396702,68.53,Game,1,Predictable,59.79,0,,,5,,,130,Sound,,,
0,FORT,2,1,1776625433.396702,68.54,Game,1,Predictable,59.8,0,,,5,,,130,Sound,,,
0,FORT,2,1,1776625433.396702,68.55,Game,1,Predictable,59.82,0,,,5,,,130,Sound,,,
0,FORT,2,1,1776625433.396702,68.56,Game,1,Predictable,59.83,0,,,5,,,130,Sound,,,
0,FORT,2,1,1776625433.396702,68.57,Game,1,Predictable,59.84,0,,,5,,,130,Sound,,,
0,FORT,2,1,1776625433.396702,68.58,Game,1,Predictable,59.85,0,,,5,,,130,Sound,,,
0,FORT,2,1,1776625433.396702,68.59,Game,1,Predictable,59.86,0,,,5,,,130,Sound,,,
0,FORT,2,1,1776625433.396702,68.61,Game,1,Predictable,59.87,0,,,5,,,130,Sound,,,
0,FORT,2,1,1776625433.396702,68.62,Game,1,Predictable,59.88,0,,,5,,,130,Sound,,,
0,FORT,2,1,1776625433.396702,68.63,Game,1,Predictable,59.89,0,,,5,,,130,Sound,,,
0,FORT,2,1,1776625433.396702,68.64,Game,1,Predictable,59.9,0,,,5,,,130,Sound,,,
0,FORT,2,1,1776625433.396702,68.65,Game,1,Predictable,59.92,0,,,5,,,130,Sound,,,
0,FORT,2,1,1776625433.396702,68.66,Game,1,Predictable,59.93,0,,,5,,,130,Sound,,,
0,FORT,2,1,1776625433.396702,68.67,Game,1,Predictable,59.94,0,,,5,,,130,Sound,,,
0,FORT,2,1,1776625433.396702,68.68,Game,1,Predictable,59.95,0,,,5,,,130,Sound,,,
0,FORT,2,1,1776625433.396702,68.69,Game,1,Predictable,59.96,0,,,5,,,130,Sound,,,
0,FORT,2,1,1776625433.396702,68.71,Game,1,Predictable,59.97,0,,,5,,,130,Sound,,,
0,FORT,2,1,1776625433.396702,68.72,Game,1,Predictable,59.98,0,,,5,,,130,Sound,,,
0,FORT,2,1,1776625433.396702,68.73,Game,1,Predictable,59.99,0,,,5,,,130,Sound,,,
0,FORT,2,1,1776625433.396702,68.74,Game,1,Predictable,60.0,0,,,5,,,130,Sound,,,
0,FORT,2,1,1776625433.396702,68.75,Game,1,Predictable,60.02,0,,,5,,,130,Sound,,,
0,FORT,2,1,1776625433.396702,68.76,Game,1,Predictable,60.03,0,,,5,,,130,Sound,,,
0,FORT,2,1,1776625433.396702,68.77,Game,1,Predictable,60.04,0,,,5,,,130,Sound,,,
0,FORT,2,1,1776625433.396702,68.78,Game,1,Predictable,60.05,0,,,5,,,130,Sound,,,
0,FORT,2,1,1776625433.396702,68.79,Game,1,Predictable,60.06,0,,,5,,,130,Sound,,,
0,FORT,2,1,1776625433.396702,68.81,Game,1,Predictable,60.07,0,,,5,,,130,Sound,,,
0,FORT,2,1,1776625433.396702,68.82,Game,1,Predictable,60.08,0,,,5,,,130,Sound,,,
0,FORT,2,1,1776625433.396702,68.83,Game,1,Predictable,60.09,0,,,5,,,130,Sound,,,
0,FORT,2,1,1776625433.396702,68.84,Game,1,Predictable,60.1,0,,,5,,,130,Sound,,,
0,FORT,2,1,1776625433.396702,68.85,Game,1,Predictable,60.12,0,,,5,,,130,Sound,,,
0,FORT,2,1,1776625433.396702,68.86,Game,1,Predictable,60.13,0,,,5,,,130,Sound,,,
0,FORT,2,1,1776625433.396702,68.87,Game,1,Predictable,60.14,0,,,5,,,130,Sound,,,
0,FORT,2,1,1776625433.396702,68.88,Game,1,Predictable,60.15,0,,,5,,,130,Sound,,,
0,FORT,2,1,1776625433.396702,68.89,Game,1,Predictable,60.16,0,,,5,,,130,Sound,,,
0,FORT,2,1,1776625433.396702,68.91,Game,1,Predictable,60.17,0,,,5,,,130,Sound,,,
0,FORT,2,1,1776625433.396702,68.92,Game,1,Predictable,60.19,0,,,5,,,130,Sound,,,
0,FORT,2,1,1776625433.396702,68.93,Game,1,Predictable,60.19,0,,,5,,,130,Sound,,,
0,FORT,2,1,1776625433.396702,68.94,Game,1,Predictable,60.2,0,,,5,,,130,Sound,,,
0,FORT,2,1,1776625433.396702,68.95,Game,1,Predictable,60.22,0,,,5,,,130,Sound,,,
0,FORT,2,1,1776625433.396702,68.96,Game,1,Predictable,60.23,0,,,5,,,130,Sound,,,
0,FORT,2,1,1776625433.396702,68.97,Game,1,Predictable,60.24,0,,,5,,,130,Sound,,,
0,FORT,2,1,1776625433.396702,68.98,Game,1,Predictable,60.25,0,,,5,,,130,Sound,,,
0,FORT,2,1,1776625433.396702,68.99,Game,1,Predictable,60.26,0,,,5,,,130,Sound,,,
0,FORT,2,1,1776625433.396702,69.01,Game,1,Predictable,60.27,0,,,5,,,130,Sound,,,
0,FORT,2,1,1776625433.396702,69.02,Game,1,Predictable,60.28,0,,,5,,,130,Sound,,,
0,FORT,2,1,1776625433.396702,69.03,Game,1,Predictable,60.29,0,,,5,,,130,Sound,,,
0,FORT,2,1,1776625433.396702,69.04,Game,1,Predictable,60.3,0,,,5,,,130,Sound,,,
0,FORT,2,1,1776625433.396702,69.05,Game,1,Predictable,60.32,0,,,5,,,130,Sound,,,
0,FORT,2,1,1776625433.396702,69.06,Game,1,Predictable,60.33,0,,,5,,,130,Sound,,,
0,FORT,2,1,1776625433.396702,69.07,Game,1,Predictable,60.34,0,,,5,,,130,Sound,,,
0,FORT,2,1,1776625433.396702,69.08,Game,1,Predictable,60.35,0,,,5,,,130,Sound,,,
0,FORT,2,1,1776625433.396702,69.09,Game,1,Predictable,60.36,0,,,5,,,130,Sound,,,
0,FORT,2,1,1776625433.396702,69.11,Game,1,Predictable,60.37,0,,,5,,,130,Sound,,,
0,FORT,2,1,1776625433.396702,69.12,Game,1,Predictable,60.38,0,,,5,,,130,Sound,,,
0,FORT,2,1,1776625433.396702,69.13,Game,1,Predictable,60.39,0,,,5,,,130,Sound,,,
0,FORT,2,1,1776625433.396702,69.14,Game,1,Predictable,60.4,0,,,5,,,130,Sound,,,
0,FORT,2,1,1776625433.396702,69.15,Game,1,Predictable,60.42,0,,,5,,,130,Sound,,,
0,FORT,2,1,1776625433.396702,69.16,Game,1,Predictable,60.43,0,,,5,,,130,Sound,,,
0,FORT,2,1,1776625433.396702,69.17,Game,1,Predictable,60.44,0,,,5,,,130,Sound,,,
0,FORT,2,1,1776625433.396702,69.18,Game,1,Predictable,60.45,0,,,5,,,130,Sound,,,
0,FORT,2,1,1776625433.396702,69.19,Game,1,Predictable,60.46,0,,,5,,,130,Sound,,,
0,FORT,2,1,1776625433.396702,69.21,Game,1,Predictable,60.47,0,,,5,,,130,Sound,,,
0,FORT,2,1,1776625433.396702,69.22,Game,1,Predictable,60.49,0,,,5,,,130,Sound,,,
0,FORT,2,1,1776625433.396702,69.23,Game,1,Predictable,60.49,0,,,5,,,130,Sound,,,
0,FORT,2,1,1776625433.396702,69.24,Game,1,Predictable,60.5,0,,,5,,,130,Sound,,,
0,FORT,2,1,1776625433.396702,69.25,Game,1,Predictable,60.52,0,,,5,,,130,Sound,,,
0,FORT,2,1,1776625433.396702,69.26,Game,1,Predictable,60.53,0,,,5,,,130,Sound,,,
0,FORT,2,1,1776625433.396702,69.27,Game,1,Predictable,60.54,0,,,5,,,130,Sound,,,
0,FORT,2,1,1776625433.396702,69.28,Game,1,Predictable,60.55,0,,,5,,,130,Sound,,,
0,FORT,2,1,1776625433.396702,69.29,Game,1,Predictable,60.56,0,,,5,,,130,Sound,,,
0,FORT,2,1,1776625433.396702,69.31,Game,1,Predictable,60.57,0,,,5,,,130,Sound,,,
0,FORT,2,1,1776625433.396702,69.32,Game,1,Predictable,60.59,0,,,5,,,130,Sound,,,
0,FORT,2,1,1776625433.396702,69.33,Game,1,Predictable,60.59,0,,,5,,,130,Sound,,,
0,FORT,2,1,1776625433.396702,69.34,Game,1,Predictable,60.6,0,,,5,,,130,Sound,,,
0,FORT,2,1,1776625433.396702,69.35,Game,1,Predictable,60.62,0,,,5,,,130,Sound,,,
0,FORT,2,1,1776625433.396702,69.36,Game,1,Predictable,60.63,0,,,5,,,130,Sound,,,
0,FORT,2,1,1776625433.396702,69.37,Game,1,Predictable,60.64,0,,,5,,,130,Sound,,,
0,FORT,2,1,1776625433.396702,69.38,Game,1,Predictable,60.65,0,,,5,,,130,Sound,,,
0,FORT,2,1,1776625433.396702,69.39,Game,1,Predictable,60.66,0,,,5,,,130,Sound,,,
0,FORT,2,1,1776625433.396702,69.41,Game,1,Predictable,60.67,0,,,5,,,130,Sound,,,
0,FORT,2,1,1776625433.396702,69.42,Game,1,Predictable,60.68,0,,,5,,,130,Sound,,,
0,FORT,2,1,1776625433.396702,69.43,Game,1,Predictable,60.69,0,,,5,,,130,Sound,,,
0,FORT,2,1,1776625433.396702,69.44,Game,1,Predictable,60.7,0,,,5,,,130,Sound,,,
0,FORT,2,1,1776625433.396702,69.45,Game,1,Predictable,60.72,0,,,5,,,130,Sound,,,
0,FORT,2,1,1776625433.396702,69.46,Game,1,Predictable,60.73,0,,,5,,,130,Sound,,,
0,FORT,2,1,1776625433.396702,69.47,Game,1,Predictable,60.74,0,,,5,,,130,Sound,,,
0,FORT,2,1,1776625433.396702,69.48,Game,1,Predictable,60.75,0,,,5,,,130,Sound,,,
0,FORT,2,1,1776625433.396702,69.49,Game,1,Predictable,60.76,0,,,5,,,130,Sound,,,
0,FORT,2,1,1776625433.396702,69.51,Game,1,Predictable,60.77,0,,,5,,,130,Sound,,,
0,FORT,2,1,1776625433.396702,69.52,Game,1,Predictable,60.79,0,,,5,,,130,Sound,,,
0,FORT,2,1,1776625433.396702,69.53,Game,1,Predictable,60.79,0,,,5,,,130,Sound,,,
0,FORT,2,1,1776625433.396702,69.54,Game,1,Predictable,60.8,0,,,5,,,130,Sound,,,
0,FORT,2,1,1776625433.396702,69.55,Game,1,Predictable,60.82,0,,,5,,,130,Sound,,,
0,FORT,2,1,1776625433.396702,69.56,Game,1,Predictable,60.83,0,,,5,,,130,Sound,,,
0,FORT,2,1,1776625433.396702,69.57,Game,1,Predictable,60.84,0,,,5,,,130,Sound,,,
0,FORT,2,1,1776625433.396702,69.58,Game,1,Predictable,60.85,0,,,5,,,130,Sound,,,
0,FORT,2,1,1776625433.396702,69.59,Game,1,Predictable,60.86,0,,,5,,,130,Sound,,,
0,FORT,2,1,1776625433.396702,69.61,Game,1,Predictable,60.87,0,,,5,,,130,Sound,,,
0,FORT,2,1,1776625433.396702,69.62,Game,1,Predictable,60.89,0,,,5,,,130,Sound,,,
0,FORT,2,1,1776625433.396702,69.63,Game,1,Predictable,60.89,0,,,5,,,130,Sound,,,
0,FORT,2,1,1776625433.396702,69.64,Game,1,Predictable,60.9,0,,,5,,,130,Sound,,,
0,FORT,2,1,1776625433.396702,69.65,Game,1,Predictable,60.92,0,,,5,,,130,Sound,,,
0,FORT,2,1,1776625433.396702,69.66,Game,1,Predictable,60.93,0,,,5,,,130,Sound,,,
0,FORT,2,1,1776625433.396702,69.67,Game,1,Predictable,60.94,0,,,5,,,130,Sound,,,
0,FORT,2,1,1776625433.396702,69.68,Game,1,Predictable,60.95,0,,,5,,,130,Sound,,,
0,FORT,2,1,1776625433.396702,69.69,Game,1,Predictable,60.96,0,,,5,,,130,Sound,,,
0,FORT,2,1,1776625433.396702,69.71,Game,1,Predictable,60.97,0,,,5,,,130,Sound,,,
0,FORT,2,1,1776625433.396702,69.72,Game,1,Predictable,60.99,0,,,5,,,130,Sound,,,
0,FORT,2,1,1776625433.396702,69.73,Game,1,Predictable,61.0,0,,,5,,,130,Sound,,,
0,FORT,2,1,1776625433.396702,69.74,Game,1,Predictable,61.01,0,,,5,,,130,Sound,,,
0,FORT,2,1,1776625433.396702,69.75,Game,1,Predictable,61.02,0,,,5,,,130,Sound,,,
0,FORT,2,1,1776625433.396702,69.76,Game,1,Predictable,61.03,0,,,5,,,130,Sound,,,
0,FORT,2,1,1776625433.396702,69.77,Game,1,Predictable,61.04,0,,,5,,,130,Sound,,,
0,FORT,2,1,1776625433.396702,69.78,Game,1,Predictable,61.05,0,,,5,,,130,Sound,,,
0,FORT,2,1,1776625433.396702,69.79,Game,1,Predictable,61.06,0,,,5,,,130,Sound,,,
0,FORT,2,1,1776625433.396702,69.81,Game,1,Predictable,61.07,0,,,5,,,130,Sound,,,
0,FORT,2,1,1776625433.396702,69.82,Game,1,Predictable,61.09,0,,,5,,,130,Sound,,,
0,FORT,2,1,1776625433.396702,69.84,Game,1,Predictable,61.1,0,,,5,,,130,Sound,,,
0,FORT,2,1,1776625433.396702,69.85,Game,1,Predictable,61.12,0,,,5,,,130,Sound,,,
0,FORT,2,1,1776625433.396702,69.86,Game,1,Predictable,61.13,0,,,5,,,130,Sound,,,
0,FORT,2,1,1776625433.396702,69.87,Game,1,Predictable,61.14,0,,,5,,,130,Sound,,,
0,FORT,2,1,1776625433.396702,69.88,Game,1,Predictable,61.15,0,,,5,,,130,Sound,,,
0,FORT,2,1,1776625433.396702,69.89,Game,1,Predictable,61.16,0,,,5,,,130,Sound,,,
0,FORT,2,1,1776625433.396702,69.91,Game,1,Predictable,61.17,0,,,5,,,130,Sound,,,
0,FORT,2,1,1776625433.396702,69.92,Game,1,Predictable,61.18,0,,,5,,,130,Sound,,,
0,FORT,2,1,1776625433.396702,69.93,Game,1,Predictable,61.19,0,,,5,,,130,Sound,,,
0,FORT,2,1,1776625433.396702,69.94,Game,1,Predictable,61.2,0,,,5,,,130,Sound,,,
0,FORT,2,1,1776625433.396702,69.95,Game,1,Predictable,61.22,0,,,5,,,130,Sound,,,
0,FORT,2,1,1776625433.396702,69.96,Game,1,Predictable,61.23,0,,,5,,,130,Sound,,,
0,FORT,2,1,1776625433.396702,69.97,Game,1,Predictable,61.24,0,,,5,,,130,Sound,,,
0,FORT,2,1,1776625433.396702,69.98,Game,1,Predictable,61.25,0,,,5,,,130,Sound,,,
0,FORT,2,1,1776625433.396702,69.99,Game,1,Predictable,61.26,0,,,5,,,130,Sound,,,
0,FORT,2,1,1776625433.396702,70.01,Game,1,Predictable,61.27,0,,,5,,,130,Sound,,,
0,FORT,2,1,1776625433.396702,70.02,Game,1,Predictable,61.29,0,,,5,,,130,Sound,,,
0,FORT,2,1,1776625433.396702,70.03,Game,1,Predictable,61.29,0,,,5,,,130,Sound,,,
0,FORT,2,1,1776625433.396702,70.04,Game,1,Predictable,61.3,0,,,5,,,130,Sound,,,
0,FORT,2,1,1776625433.396702,70.05,Game,1,Predictable,61.32,0,,,5,,,130,Sound,,,
0,FORT,2,1,1776625433.396702,70.06,Game,1,Predictable,61.33,0,,,5,,,130,Sound,,,
0,FORT,2,1,1776625433.396702,70.07,Game,1,Predictable,61.34,0,,,5,,,130,Sound,,,
0,FORT,2,1,1776625433.396702,70.08,Game,1,Predictable,61.35,0,,,5,,,130,Sound,,,
0,FORT,2,1,1776625433.396702,70.09,Game,1,Predictable,61.36,0,,,5,,,130,Sound,,,
0,FORT,2,1,1776625433.396702,70.11,Game,1,Predictable,61.37,0,,,5,,,130,Sound,,,
0,FORT,2,1,1776625433.396702,70.12,Game,1,Predictable,61.39,0,,,5,,,130,Sound,,,
0,FORT,2,1,1776625433.396702,70.13,Game,1,Predictable,61.39,0,,,5,,,130,Sound,,,
0,FORT,2,1,1776625433.396702,70.14,Game,1,Predictable,61.4,0,,,5,,,130,Sound,,,
0,FORT,2,1,1776625433.396702,70.15,Game,1,Predictable,61.42,0,,,5,,,130,Sound,,,
0,FORT,2,1,1776625433.396702,70.16,Game,1,Predictable,61.43,0,,,5,,,130,Sound,,,
0,FORT,2,1,1776625433.396702,70.17,Game,1,Predictable,61.44,0,,,5,,,130,Sound,,,
0,FORT,2,1,1776625433.396702,70.18,Game,1,Predictable,61.45,0,,,5,,,130,Sound,,,
0,FORT,2,1,1776625433.396702,70.19,Game,1,Predictable,61.46,0,,,5,,,130,Sound,,,
0,FORT,2,1,1776625433.396702,70.21,Game,1,Predictable,61.47,0,,,5,,,130,Sound,,,
0,FORT,2,1,1776625433.396702,70.22,Game,1,Predictable,61.49,0,,,5,,,130,Sound,,,
0,FORT,2,1,1776625433.396702,70.23,Game,1,Predictable,61.49,0,,,5,,,130,Sound,,,
0,FORT,2,1,1776625433.396702,70.24,Game,1,Predictable,61.5,0,,,5,,,130,Sound,,,
0,FORT,2,1,1776625433.396702,70.25,Game,1,Predictable,61.52,0,,,5,,,130,Sound,,,
0,FORT,2,1,1776625433.396702,70.26,Game,1,Predictable,61.53,0,,,5,,,130,Sound,,,
0,FORT,2,1,1776625433.396702,70.27,Game,1,Predictable,61.54,0,,,5,,,130,Sound,,,
0,FORT,2,1,1776625433.396702,70.28,Game,1,Predictable,61.55,0,,,5,,,130,Sound,,,
0,FORT,2,1,1776625433.396702,70.29,Game,1,Predictable,61.56,0,,,5,,,130,Sound,,,
0,FORT,2,1,1776625433.396702,70.31,Game,1,Predictable,61.57,0,,,5,,,130,Sound,,,
0,FORT,2,1,1776625433.396702,70.32,Game,1,Predictable,61.59,0,,,5,,,130,Sound,,,
0,FORT,2,1,1776625433.396702,70.33,Game,1,Predictable,61.59,0,,,5,,,130,Sound,,,
0,FORT,2,1,1776625433.396702,70.34,Game,1,Predictable,61.6,0,,,5,,,130,Sound,,,
0,FORT,2,1,1776625433.396702,70.35,Game,1,Predictable,61.62,0,,,5,,,130,Sound,,,
0,FORT,2,1,1776625433.396702,70.36,Game,1,Predictable,61.63,0,,,5,,,130,Sound,,,
0,FORT,2,1,1776625433.396702,70.37,Game,1,Predictable,61.64,0,,,5,,,130,Sound,,,
0,FORT,2,1,1776625433.396702,70.38,Game,1,Predictable,61.65,0,,,5,,,130,Sound,,,
0,FORT,2,1,1776625433.396702,70.39,Game,1,Predictable,61.66,0,,,5,,,130,Sound,,,
0,FORT,2,1,1776625433.396702,70.41,Game,1,Predictable,61.67,0,,,5,,,130,Sound,,,
0,FORT,2,1,1776625433.396702,70.42,Game,1,Predictable,61.69,0,,,5,,,130,Sound,,,
0,FORT,2,1,1776625433.396702,70.43,Game,1,Predictable,61.69,0,,,5,,,130,Sound,,,
0,FORT,2,1,1776625433.396702,70.44,Game,1,Predictable,61.7,0,,,5,,,130,Sound,,,
0,FORT,2,1,1776625433.396702,70.45,Game,1,Predictable,61.72,0,,,5,,,130,Sound,,,
0,FORT,2,1,1776625433.396702,70.46,Game,1,Predictable,61.73,0,,,5,,,130,Sound,,,
0,FORT,2,1,1776625433.396702,70.47,Game,1,Predictable,61.74,0,,,5,,,130,Sound,,,
0,FORT,2,1,1776625433.396702,70.48,Game,1,Predictable,61.75,0,,,5,,,130,Sound,,,
0,FORT,2,1,1776625433.396702,70.49,Game,1,Predictable,61.76,0,,,5,,,130,Sound,,,
0,FORT,2,1,1776625433.396702,70.51,Game,1,Predictable,61.77,0,,,5,,,130,Sound,,,
0,FORT,2,1,1776625433.396702,70.52,Game,1,Predictable,61.79,0,,,5,,,130,Sound,,,
0,FORT,2,1,1776625433.396702,70.53,Game,1,Predictable,61.79,0,,,5,,,130,Sound,,,
0,FORT,2,1,1776625433.396702,70.54,Game,1,Predictable,61.8,0,,,5,,,130,Sound,,,
0,FORT,2,1,1776625433.396702,70.55,Game,1,Predictable,61.82,0,,,5,,,130,Sound,,,
0,FORT,2,1,1776625433.396702,70.56,Game,1,Predictable,61.83,0,,,5,,,130,Sound,,,
0,FORT,2,1,1776625433.396702,70.57,Game,1,Predictable,61.84,0,,,5,,,130,Sound,,,
0,FORT,2,1,1776625433.396702,70.58,Game,1,Predictable,61.85,0,,,5,,,130,Sound,,,
0,FORT,2,1,1776625433.396702,70.59,Game,1,Predictable,61.86,0,,,5,,,130,Sound,,,
0,FORT,2,1,1776625433.396702,70.61,Game,1,Predictable,61.87,0,,,5,,,130,Sound,,,
0,FORT,2,1,1776625433.396702,70.62,Game,1,Predictable,61.89,0,,,5,,,130,Sound,,,
0,FORT,2,1,1776625433.396702,70.63,Game,1,Predictable,61.89,0,,,5,,,130,Sound,,,
0,FORT,2,1,1776625433.396702,70.64,Game,1,Predictable,61.9,0,,,5,,,130,Sound,,,
0,FORT,2,1,1776625433.396702,70.65,Game,1,Predictable,61.92,0,,,5,,,130,Sound,,,
0,FORT,2,1,1776625433.396702,70.66,Game,1,Predictable,61.93,0,,,5,,,130,Sound,,,
0,FORT,2,1,1776625433.396702,70.67,Game,1,Predictable,61.94,0,,,5,,,130,Sound,,,
0,FORT,2,1,1776625433.396702,70.68,Game,1,Predictable,61.95,0,,,5,,,130,Sound,,,
0,FORT,2,1,1776625433.396702,70.69,Game,1,Predictable,61.96,0,,,5,,,130,Sound,,,
0,FORT,2,1,1776625433.396702,70.71,Game,1,Predictable,61.97,0,,,5,,,130,Sound,,,
0,FORT,2,1,1776625433.396702,70.72,Game,1,Predictable,61.99,0,,,5,,,130,Sound,,,
0,FORT,2,1,1776625433.396702,70.73,Game,1,Predictable,62.0,0,,,5,,,130,Sound,,,
0,FORT,2,1,1776625433.396702,70.74,Game,1,Predictable,62.0,0,,,5,,,130,Sound,,,
0,FORT,2,1,1776625433.396702,70.75,Game,1,Predictable,62.02,0,,,5,,,130,Sound,,,
0,FORT,2,1,1776625433.396702,70.76,Game,1,Predictable,62.03,0,,,5,,,130,Sound,,,
0,FORT,2,1,1776625433.396702,70.77,Game,1,Predictable,62.04,0,,,5,,,130,Sound,,,
0,FORT,2,1,1776625433.396702,70.78,Game,1,Predictable,62.05,0,,,5,,,130,Sound,,,
0,FORT,2,1,1776625433.396702,70.79,Game,1,Predictable,62.06,0,,,5,,,130,Sound,,,
0,FORT,2,1,1776625433.396702,70.81,Game,1,Predictable,62.07,0,,,5,,,130,Sound,,,
0,FORT,2,1,1776625433.396702,70.82,Game,1,Predictable,62.09,0,,,5,,,130,Sound,,,
0,FORT,2,1,1776625433.396702,70.83,Game,1,Predictable,62.09,0,,,5,,,130,Sound,,,
0,FORT,2,1,1776625433.396702,70.84,Game,1,Predictable,62.1,0,,,5,,,130,Sound,,,
0,FORT,2,1,1776625433.396702,70.85,Game,1,Predictable,62.12,0,,,5,,,130,Sound,,,
0,FORT,2,1,1776625433.396702,70.86,Game,1,Predictable,62.13,0,,,5,,,130,Sound,,,
0,FORT,2,1,1776625433.396702,70.87,Game,1,Predictable,62.14,0,,,5,,,130,Sound,,,
0,FORT,2,1,1776625433.396702,70.88,Game,1,Predictable,62.15,0,,,5,,,130,Sound,,,
0,FORT,2,1,1776625433.396702,70.89,Game,1,Predictable,62.16,0,,,5,,,130,Sound,,,
0,FORT,2,1,1776625433.396702,70.91,Game,1,Predictable,62.17,0,,,5,,,130,Sound,,,
0,FORT,2,1,1776625433.396702,70.92,Game,1,Predictable,62.19,0,,,5,,,130,Sound,,,
0,FORT,2,1,1776625433.396702,70.93,Game,1,Predictable,62.19,0,,,5,,,130,Sound,,,
0,FORT,2,1,1776625433.396702,70.94,Game,1,Predictable,62.2,0,,,5,,,130,Sound,,,
0,FORT,2,1,1776625433.396702,70.95,Game,1,Predictable,62.22,0,,,5,,,130,Sound,,,
0,FORT,2,1,1776625433.396702,70.96,Game,1,Predictable,62.23,0,,,5,,,130,Sound,,,
0,FORT,2,1,1776625433.396702,70.97,Game,1,Predictable,62.24,0,,,5,,,130,Sound,,,
0,FORT,2,1,1776625433.396702,70.98,Game,1,Predictable,62.25,0,,,5,,,130,Sound,,,
0,FORT,2,1,1776625433.396702,70.99,Game,1,Predictable,62.26,0,,,5,,,130,Sound,,,
0,FORT,2,1,1776625433.396702,71.01,Game,1,Predictable,62.27,0,,,5,,,130,Sound,,,
0,FORT,2,1,1776625433.396702,71.02,Game,1,Predictable,62.29,0,,,5,,,130,Sound,,,
0,FORT,2,1,1776625433.396702,71.03,Game,1,Predictable,62.29,0,,,5,,,130,Sound,,,
0,FORT,2,1,1776625433.396702,71.04,Game,1,Predictable,62.3,0,,,5,,,130,Sound,,,
0,FORT,2,1,1776625433.396702,71.05,Game,1,Predictable,62.32,0,,,5,,,130,Sound,,,
0,FORT,2,1,1776625433.396702,71.06,Game,1,Predictable,62.33,0,,,5,,,130,Sound,,,
0,FORT,2,1,1776625433.396702,71.07,Game,1,Predictable,62.34,0,,,5,,,130,Sound,,,
0,FORT,2,1,1776625433.396702,71.08,Game,1,Predictable,62.35,0,,,5,,,130,Sound,,,
0,FORT,2,1,1776625433.396702,71.09,Game,1,Predictable,62.36,0,,,5,,,130,Sound,,,
0,FORT,2,1,1776625433.396702,71.11,Game,1,Predictable,62.37,0,,,5,,,130,Sound,,,
0,FORT,2,1,1776625433.396702,71.12,Game,1,Predictable,62.39,0,,,5,,,130,Sound,,,
0,FORT,2,1,1776625433.396702,71.14,Game,1,Predictable,62.4,0,,,5,,,130,Sound,,,
0,FORT,2,1,1776625433.396702,71.15,Game,1,Predictable,62.42,0,,,5,,,130,Sound,,,
0,FORT,2,1,1776625433.396702,71.16,Game,1,Predictable,62.43,0,,,5,,,130,Sound,,,
0,FORT,2,1,1776625433.396702,71.17,Game,1,Predictable,62.44,0,,,5,,,130,Sound,,,
0,FORT,2,1,1776625433.396702,71.18,Game,1,Predictable,62.45,0,,,5,,,130,Sound,,,
0,FORT,2,1,1776625433.396702,71.19,Game,1,Predictable,62.46,0,,,5,,,130,Sound,,,
0,FORT,2,1,1776625433.396702,71.21,Game,1,Predictable,62.47,0,,,5,,,130,Sound,,,
0,FORT,2,1,1776625433.396702,71.22,Game,1,Predictable,62.49,0,,,5,,,130,Sound,,,
0,FORT,2,1,1776625433.396702,71.23,Game,1,Predictable,62.49,0,,,5,,,130,Sound,,,
0,FORT,2,1,1776625433.396702,71.24,Game,1,Predictable,62.5,0,,,5,,,130,Sound,,,
0,FORT,2,1,1776625433.396702,71.25,Game,1,Predictable,62.52,0,,,5,,,130,Sound,,,
0,FORT,2,1,1776625433.396702,71.26,Game,1,Predictable,62.53,0,,,5,,,130,Sound,,,
0,FORT,2,1,1776625433.396702,71.27,Game,1,Predictable,62.54,0,,,5,,,130,Sound,,,
0,FORT,2,1,1776625433.396702,71.28,Game,1,Predictable,62.55,0,,,5,,,130,Sound,,,
0,FORT,2,1,1776625433.396702,71.29,Game,1,Predictable,62.56,0,,,5,,,130,Sound,,,
0,FORT,2,1,1776625433.396702,71.31,Game,1,Predictable,62.57,0,,,5,,,130,Sound,,,
0,FORT,2,1,1776625433.396702,71.32,Game,1,Predictable,62.59,0,,,5,,,130,Sound,,,
0,FORT,2,1,1776625433.396702,71.33,Game,1,Predictable,62.59,0,,,5,,,130,Sound,,,
0,FORT,2,1,1776625433.396702,71.34,Game,1,Predictable,62.6,0,,,5,,,130,Sound,,,
0,FORT,2,1,1776625433.396702,71.35,Game,1,Predictable,62.62,0,,,5,,,130,Sound,,,
0,FORT,2,1,1776625433.396702,71.36,Game,1,Predictable,62.63,0,,,5,,,130,Sound,,,
0,FORT,2,1,1776625433.396702,71.37,Game,1,Predictable,62.64,0,,,5,,,130,Sound,,,
0,FORT,2,1,1776625433.396702,71.38,Game,1,Predictable,62.65,0,,,5,,,130,Sound,,,
0,FORT,2,1,1776625433.396702,71.39,Game,1,Predictable,62.66,0,,,5,,,130,Sound,,,
0,FORT,2,1,1776625433.396702,71.41,Game,1,Predictable,62.67,0,,,5,,,130,Sound,,,
0,FORT,2,1,1776625433.396702,71.42,Game,1,Predictable,62.69,0,,,5,,,130,Sound,,,
0,FORT,2,1,1776625433.396702,71.44,Game,1,Predictable,62.7,0,,,5,,,130,Sound,,,
0,FORT,2,1,1776625433.396702,71.45,Game,1,Predictable,62.72,0,,,5,,,130,Sound,,,
0,FORT,2,1,1776625433.396702,71.46,Game,1,Predictable,62.73,0,,,5,,,130,Sound,,,
0,FORT,2,1,1776625433.396702,71.47,Game,1,Predictable,62.74,0,,,5,,,130,Sound,,,
0,FORT,2,1,1776625433.396702,71.48,Game,1,Predictable,62.75,0,,,5,,,130,Sound,,,
0,FORT,2,1,1776625433.396702,71.49,Game,1,Predictable,62.76,0,,,5,,,130,Sound,,,
0,FORT,2,1,1776625433.396702,71.51,Game,1,Predictable,62.77,0,,,5,,,130,Sound,,,
0,FORT,2,1,1776625433.396702,71.52,Game,1,Predictable,62.79,0,,,5,,,130,Sound,,,
0,FORT,2,1,1776625433.396702,71.53,Game,1,Predictable,62.79,0,,,5,,,130,Sound,,,
0,FORT,2,1,1776625433.396702,71.54,Game,1,Predictable,62.8,0,,,5,,,130,Sound,,,
0,FORT,2,1,1776625433.396702,71.55,Game,1,Predictable,62.82,0,,,5,,,130,Sound,,,
0,FORT,2,1,1776625433.396702,71.56,Game,1,Predictable,62.83,0,,,5,,,130,Sound,,,
0,FORT,2,1,1776625433.396702,71.57,Game,1,Predictable,62.84,0,,,5,,,130,Sound,,,
0,FORT,2,1,1776625433.396702,71.58,Game,1,Predictable,62.85,0,,,5,,,130,Sound,,,
0,FORT,2,1,1776625433.396702,71.59,Game,1,Predictable,62.86,0,,,5,,,130,Sound,,,
0,FORT,2,1,1776625433.396702,71.61,Game,1,Predictable,62.87,0,,,5,,,130,Sound,,,
0,FORT,2,1,1776625433.396702,71.62,Game,1,Predictable,62.89,0,,,5,,,130,Sound,,,
0,FORT,2,1,1776625433.396702,71.63,Game,1,Predictable,62.89,0,,,5,,,130,Sound,,,
0,FORT,2,1,1776625433.396702,71.64,Game,1,Predictable,62.9,0,,,5,,,130,Sound,,,
0,FORT,2,1,1776625433.396702,71.65,Game,1,Predictable,62.92,0,,,5,,,130,Sound,,,
0,FORT,2,1,1776625433.396702,71.66,Game,1,Predictable,62.93,0,,,5,,,130,Sound,,,
0,FORT,2,1,1776625433.396702,71.67,Game,1,Predictable,62.94,0,,,5,,,130,Sound,,,
0,FORT,2,1,1776625433.396702,71.68,Game,1,Predictable,62.95,0,,,5,,,130,Sound,,,
0,FORT,2,1,1776625433.396702,71.69,Game,1,Predictable,62.96,0,,,5,,,130,Sound,,,
0,FORT,2,1,1776625433.396702,71.71,Game,1,Predictable,62.97,0,,,5,,,130,Sound,,,
0,FORT,2,1,1776625433.396702,71.72,Game,1,Predictable,62.99,0,,,5,,,130,Sound,,,
0,FORT,2,1,1776625433.396702,71.73,Game,1,Predictable,63.0,0,,,5,,,130,Sound,,,
0,FORT,2,1,1776625433.396702,71.74,Game,1,Predictable,63.0,0,,,5,,,130,Sound,,,
0,FORT,2,1,1776625433.396702,71.75,Game,1,Predictable,63.02,0,,,5,,,130,Sound,,,
0,FORT,2,1,1776625433.396702,71.76,Game,1,Predictable,63.03,0,,,5,,,130,Sound,,,
0,FORT,2,1,1776625433.396702,71.77,Game,1,Predictable,63.04,0,,,5,,,130,Sound,,,
0,FORT,2,1,1776625433.396702,71.78,Game,1,Predictable,63.05,0,,,5,,,130,Sound,,,
0,FORT,2,1,1776625433.396702,71.79,Game,1,Predictable,63.06,0,,,5,,,130,Sound,,,
0,FORT,2,1,1776625433.396702,71.81,Game,1,Predictable,63.07,0,,,5,,,130,Sound,,,
0,FORT,2,1,1776625433.396702,71.82,Game,1,Predictable,63.09,0,,,5,,,130,Sound,,,
0,FORT,2,1,1776625433.396702,71.83,Game,1,Predictable,63.09,0,,,5,,,130,Sound,,,
0,FORT,2,1,1776625433.396702,71.84,Game,1,Predictable,63.1,0,,,5,,,130,Sound,,,
0,FORT,2,1,1776625433.396702,71.85,Game,1,Predictable,63.12,0,,,5,,,130,Sound,,,
0,FORT,2,1,1776625433.396702,71.86,Game,1,Predictable,63.13,0,,,5,,,130,Sound,,,
0,FORT,2,1,1776625433.396702,71.87,Game,1,Predictable,63.14,0,,,5,,,130,Sound,,,
0,FORT,2,1,1776625433.396702,71.88,Game,1,Predictable,63.15,0,,,5,,,130,Sound,,,
0,FORT,2,1,1776625433.396702,71.89,Game,1,Predictable,63.16,0,,,5,,,130,Sound,,,
0,FORT,2,1,1776625433.396702,71.91,Game,1,Predictable,63.17,0,,,5,,,130,Sound,,,
0,FORT,2,1,1776625433.396702,71.92,Game,1,Predictable,63.19,0,,,5,,,130,Sound,,,
0,FORT,2,1,1776625433.396702,71.93,Game,1,Predictable,63.19,0,,,5,,,130,Sound,,,
0,FORT,2,1,1776625433.396702,71.94,Game,1,Predictable,63.2,0,,,5,,,130,Sound,,,
0,FORT,2,1,1776625433.396702,71.95,Game,1,Predictable,63.22,0,,,5,,,130,Sound,,,
0,FORT,2,1,1776625433.396702,71.96,Game,1,Predictable,63.23,0,,,5,,,130,Sound,,,
0,FORT,2,1,1776625433.396702,71.97,Game,1,Predictable,63.24,0,,,5,,,130,Sound,,,
0,FORT,2,1,1776625433.396702,71.98,Game,1,Predictable,63.25,0,,,5,,,130,Sound,,,
0,FORT,2,1,1776625433.396702,71.99,Game,1,Predictable,63.26,0,,,5,,,130,Sound,,,
0,FORT,2,1,1776625433.396702,72.01,Game,1,Predictable,63.27,0,,,5,,,130,Sound,,,
0,FORT,2,1,1776625433.396702,72.02,Game,1,Predictable,63.29,0,,,5,,,130,Sound,,,
0,FORT,2,1,1776625433.396702,72.03,Game,1,Predictable,63.29,0,,,5,,,130,Sound,,,
0,FORT,2,1,1776625433.396702,72.04,Game,1,Predictable,63.3,0,,,5,,,130,Sound,,,
0,FORT,2,1,1776625433.396702,72.05,Game,1,Predictable,63.32,0,,,5,,,130,Sound,,,
0,FORT,2,1,1776625433.396702,72.06,Game,1,Predictable,63.33,0,,,5,,,130,Sound,,,
0,FORT,2,1,1776625433.396702,72.07,Game,1,Predictable,63.34,0,,,5,,,130,Sound,,,
0,FORT,2,1,1776625433.396702,72.08,Game,1,Predictable,63.35,0,,,5,,,130,Sound,,,
0,FORT,2,1,1776625433.396702,72.09,Game,1,Predictable,63.36,0,,,5,,,130,Sound,,,
0,FORT,2,1,1776625433.396702,72.11,Game,1,Predictable,63.37,0,,,5,,,130,Sound,,,
0,FORT,2,1,1776625433.396702,72.12,Game,1,Predictable,63.39,0,,,5,,,130,Sound,,,
0,FORT,2,1,1776625433.396702,72.13,Game,1,Predictable,63.39,0,,,5,,,130,Sound,,,
0,FORT,2,1,1776625433.396702,72.14,Game,1,Predictable,63.4,0,,,5,,,130,Sound,,,
0,FORT,2,1,1776625433.396702,72.15,Game,1,Predictable,63.42,0,,,5,,,130,Sound,,,
0,FORT,2,1,1776625433.396702,72.16,Game,1,Predictable,63.43,0,,,5,,,130,Sound,,,
0,FORT,2,1,1776625433.396702,72.17,Game,1,Predictable,63.44,0,,,5,,,130,Sound,,,
0,FORT,2,1,1776625433.396702,72.18,Game,1,Predictable,63.45,0,,,5,,,130,Sound,,,
0,FORT,2,1,1776625433.396702,72.19,Game,1,Predictable,63.46,0,,,5,,,130,Sound,,,
0,FORT,2,1,1776625433.396702,72.21,Game,1,Predictable,63.47,0,,,5,,,130,Sound,,,
0,FORT,2,1,1776625433.396702,72.22,Game,1,Predictable,63.49,0,,,5,,,130,Sound,,,
0,FORT,2,1,1776625433.396702,72.23,Game,1,Predictable,63.49,0,,,5,,,130,Sound,,,
0,FORT,2,1,1776625433.396702,72.24,Game,1,Predictable,63.5,0,,,5,,,130,Sound,,,
0,FORT,2,1,1776625433.396702,72.25,Game,1,Predictable,63.52,0,,,5,,,130,Sound,,,
0,FORT,2,1,1776625433.396702,72.26,Game,1,Predictable,63.53,0,,,5,,,130,Sound,,,
0,FORT,2,1,1776625433.396702,72.27,Game,1,Predictable,63.54,0,,,5,,,130,Sound,,,
0,FORT,2,1,1776625433.396702,72.28,Game,1,Predictable,63.55,0,,,5,,,130,Sound,,,
0,FORT,2,1,1776625433.396702,72.29,Game,1,Predictable,63.56,0,,,5,,,130,Sound,,,
0,FORT,2,1,1776625433.396702,72.31,Game,1,Predictable,63.57,0,,,5,,,130,Sound,,,
0,FORT,2,1,1776625433.396702,72.32,Game,1,Predictable,63.59,0,,,5,,,130,Sound,,,
0,FORT,2,1,1776625433.396702,72.33,Game,1,Predictable,63.59,0,,,5,,,130,Sound,,,
0,FORT,2,1,1776625433.396702,72.34,Game,1,Predictable,63.6,0,,,5,,,130,Sound,,,
0,FORT,2,1,1776625433.396702,72.35,Game,1,Predictable,63.62,0,,,5,,,130,Sound,,,
0,FORT,2,1,1776625433.396702,72.36,Game,1,Predictable,63.63,0,,,5,,,130,Sound,,,
0,FORT,2,1,1776625433.396702,72.37,Game,1,Predictable,63.64,0,,,5,,,130,Sound,,,
0,FORT,2,1,1776625433.396702,72.38,Game,1,Predictable,63.65,0,,,5,,,130,Sound,,,
0,FORT,2,1,1776625433.396702,72.39,Game,1,Predictable,63.66,0,,,5,,,130,Sound,,,
0,FORT,2,1,1776625433.396702,72.41,Game,1,Predictable,63.67,0,,,5,,,130,Sound,,,
0,FORT,2,1,1776625433.396702,72.42,Game,1,Predictable,63.69,0,,,5,,,130,Sound,,,
0,FORT,2,1,1776625433.396702,72.43,Game,1,Predictable,63.69,0,,,5,,,130,Sound,,,
0,FORT,2,1,1776625433.396702,72.44,Game,1,Predictable,63.7,0,,,5,,,130,Sound,,,
0,FORT,2,1,1776625433.396702,72.45,Game,1,Predictable,63.72,0,,,5,,,130,Sound,,,
0,FORT,2,1,1776625433.396702,72.46,Game,1,Predictable,63.73,0,,,5,,,130,Sound,,,
0,FORT,2,1,1776625433.396702,72.47,Game,1,Predictable,63.74,0,,,5,,,130,Sound,,,
0,FORT,2,1,1776625433.396702,72.48,Game,1,Predictable,63.75,0,,,5,,,130,Sound,,,
0,FORT,2,1,1776625433.396702,72.49,Game,1,Predictable,63.76,0,,,5,,,130,Sound,,,
0,FORT,2,1,1776625433.396702,72.51,Game,1,Predictable,63.77,0,,,5,,,130,Sound,,,
0,FORT,2,1,1776625433.396702,72.52,Game,1,Predictable,63.79,0,,,5,,,130,Sound,,,
0,FORT,2,1,1776625433.396702,72.53,Game,1,Predictable,63.79,0,,,5,,,130,Sound,,,
0,FORT,2,1,1776625433.396702,72.54,Game,1,Predictable,63.8,0,,,5,,,130,Sound,,,
0,FORT,2,1,1776625433.396702,72.55,Game,1,Predictable,63.82,0,,,5,,,130,Sound,,,
0,FORT,2,1,1776625433.396702,72.56,Game,1,Predictable,63.83,0,,,5,,,130,Sound,,,
0,FORT,2,1,1776625433.396702,72.57,Game,1,Predictable,63.84,0,,,5,,,130,Sound,,,
0,FORT,2,1,1776625433.396702,72.58,Game,1,Predictable,63.85,0,,,5,,,130,Sound,,,
0,FORT,2,1,1776625433.396702,72.59,Game,1,Predictable,63.86,0,,,5,,,130,Sound,,,
0,FORT,2,1,1776625433.396702,72.61,Game,1,Predictable,63.87,0,,,5,,,130,Sound,,,
0,FORT,2,1,1776625433.396702,72.62,Game,1,Predictable,63.89,0,,,5,,,130,Sound,,,
0,FORT,2,1,1776625433.396702,72.63,Game,1,Predictable,63.89,0,,,5,,,130,Sound,,,
0,FORT,2,1,1776625433.396702,72.64,Game,1,Predictable,63.9,0,,,5,,,130,Sound,,,
0,FORT,2,1,1776625433.396702,72.65,Game,1,Predictable,63.92,0,,,5,,,130,Sound,,,
0,FORT,2,1,1776625433.396702,72.66,Game,1,Predictable,63.93,0,,,5,,,130,Sound,,,
0,FORT,2,1,1776625433.396702,72.67,Game,1,Predictable,63.94,0,,,5,,,130,Sound,,,
0,FORT,2,1,1776625433.396702,72.68,Game,1,Predictable,63.95,0,,,5,,,130,Sound,,,
0,FORT,2,1,1776625433.396702,72.69,Game,1,Predictable,63.96,0,,,5,,,130,Sound,,,
0,FORT,2,1,1776625433.396702,72.71,Game,1,Predictable,63.97,0,,,5,,,130,Sound,,,
0,FORT,2,1,1776625433.396702,72.72,Game,1,Predictable,63.99,0,,,5,,,130,Sound,,,
0,FORT,2,1,1776625433.396702,72.73,Game,1,Predictable,63.99,0,,,5,,,130,Sound,,,
0,FORT,2,1,1776625433.396702,72.73,Game,1,Predictable,64.0,0,1,,5,,,131,Sound,,,
0,FORT,2,1,1776625433.396702,72.79,Game,1,Predictable,64.0,0,1,,5,,,131,Sound,,,
0,FORT,2,1,1776625433.396702,72.85,Game,1,Predictable,64.0,0,1,,5,,,131,Sound,,,
0,FORT,2,1,1776625433.396702,72.9,Game,1,Predictable,64.0,0,1,,5,,,131,Sound,,,
0,FORT,2,1,1776625433.396702,72.96,Game,1,Predictable,64.0,0,1,,5,,,131,Sound,,,
0,FORT,2,1,1776625433.396702,73.01,Game,1,Predictable,64.0,0,1,,5,,,131,Sound,,,
0,FORT,2,1,1776625433.396702,73.07,Game,1,Predictable,64.0,0,1,,5,,,131,Sound,,,
0,FORT,2,1,1776625433.396702,73.12,Game,1,Predictable,64.0,0,1,,5,,,131,Sound,,,
0,FORT,2,1,1776625433.396702,73.18,Game,1,Predictable,64.0,0,1,,5,,,131,Sound,,,
0,FORT,2,1,1776625433.396702,73.24,Game,1,Predictable,64.0,0,1,,5,,,131,Sound,,,
0,FORT,2,1,1776625433.396702,73.29,Game,1,Predictable,64.0,0,1,,5,,,131,Sound,,,
0,FORT,2,1,1776625433.396702,73.35,Game,1,Predictable,64.0,0,1,,5,,,131,Sound,,,
0,FORT,2,1,1776625433.396702,73.4,Game,1,Predictable,64.0,0,1,,5,,,131,Sound,,,
0,FORT,2,1,1776625433.396702,73.46,Game,1,Predictable,64.0,0,1,,5,,,131,Sound,,,
0,FORT,2,1,1776625433.396702,73.52,Game,1,Predictable,64.0,0,1,,5,,,131,Sound,,,
0,FORT,2,1,1776625433.396702,73.57,Game,1,Predictable,64.0,0,1,,5,,,131,Sound,,,
0,FORT,2,1,1776625433.396702,73.63,Game,1,Predictable,64.0,0,1,,5,,,131,Sound,,,
0,FORT,2,1,1776625433.396702,73.68,Game,1,Predictable,64.0,0,1,,5,,,131,Sound,,,
0,FORT,2,1,1776625433.396702,73.74,Game,1,Predictable,64.0,0,,,5,,,130,Sound,,,
0,FORT,2,1,1776625433.396702,73.75,Game,1,Predictable,65.02,0,,,5,,,130,Sound,,,
0,FORT,2,1,1776625433.396702,73.78,Game,1,Predictable,65.03,0,,,5,,,130,Sound,,,
0,FORT,2,1,1776625433.396702,73.79,Game,1,Predictable,65.06,0,,,5,,,130,Sound,,,
0,FORT,2,1,1776625433.396702,73.8,Game,1,Predictable,65.07,0,,,5,,,130,Sound,,,
0,FORT,2,1,1776625433.396702,73.81,Game,1,Predictable,65.08,0,,,5,,,130,Sound,,,
0,FORT,2,1,1776625433.396702,73.82,Game,1,Predictable,65.09,0,,,5,,,130,Sound,,,
0,FORT,2,1,1776625433.396702,73.83,Game,1,Predictable,65.1,0,,,5,,,130,Sound,,,
0,FORT,2,1,1776625433.396702,73.84,Game,1,Predictable,65.11,0,,,5,,,130,Sound,,,
0,FORT,2,1,1776625433.396702,73.86,Game,1,Predictable,65.12,0,,,5,,,130,Sound,,,
0,FORT,2,1,1776625433.396702,73.87,Game,1,Predictable,65.14,0,,,5,,,130,Sound,,,
0,FORT,2,1,1776625433.396702,73.89,Game,1,Predictable,65.15,0,,,5,,,130,Sound,,,
0,FORT,2,1,1776625433.396702,73.9,Game,1,Predictable,65.17,0,,,5,,,130,Sound,,,
0,FORT,2,1,1776625433.396702,73.91,Game,1,Predictable,65.18,0,,,5,,,130,Sound,,,
0,FORT,2,1,1776625433.396702,73.92,Game,1,Predictable,65.19,0,,,5,,,130,Sound,,,
0,FORT,2,1,1776625433.396702,73.93,Game,1,Predictable,65.2,0,,,5,,,130,Sound,,,
0,FORT,2,1,1776625433.396702,73.94,Game,1,Predictable,65.21,0,,,5,,,130,Sound,,,
0,FORT,2,1,1776625433.396702,73.96,Game,1,Predictable,65.22,0,,,5,,,130,Sound,,,
0,FORT,2,1,1776625433.396702,73.97,Game,1,Predictable,65.24,0,,,5,,,130,Sound,,,
0,FORT,2,1,1776625433.396702,73.98,Game,1,Predictable,65.24,0,,,5,,,130,Sound,,,
0,FORT,2,1,1776625433.396702,73.99,Game,1,Predictable,65.25,0,,,5,,,130,Sound,,,
0,FORT,2,1,1776625433.396702,74.0,Game,1,Predictable,65.27,0,,,5,,,130,Sound,,,
0,FORT,2,1,1776625433.396702,74.01,Game,1,Predictable,65.28,0,,,5,,,130,Sound,,,
0,FORT,2,1,1776625433.396702,74.02,Game,1,Predictable,65.29,0,,,5,,,130,Sound,,,
0,FORT,2,1,1776625433.396702,74.03,Game,1,Predictable,65.3,0,,,5,,,130,Sound,,,
0,FORT,2,1,1776625433.396702,74.04,Game,1,Predictable,65.31,0,,,5,,,130,Sound,,,
0,FORT,2,1,1776625433.396702,74.06,Game,1,Predictable,65.32,0,,,5,,,130,Sound,,,
0,FORT,2,1,1776625433.396702,74.07,Game,1,Predictable,65.34,0,,,5,,,130,Sound,,,
0,FORT,2,1,1776625433.396702,74.08,Game,1,Predictable,65.34,0,,,5,,,130,Sound,,,
0,FORT,2,1,1776625433.396702,74.09,Game,1,Predictable,65.35,0,,,5,,,130,Sound,,,
0,FORT,2,1,1776625433.396702,74.1,Game,1,Predictable,65.37,0,,,5,,,130,Sound,,,
0,FORT,2,1,1776625433.396702,74.11,Game,1,Predictable,65.38,0,,,5,,,130,Sound,,,
0,FORT,2,1,1776625433.396702,74.12,Game,1,Predictable,65.39,0,,,5,,,130,Sound,,,
0,FORT,2,1,1776625433.396702,74.13,Game,1,Predictable,65.4,0,,,5,,,130,Sound,,,
0,FORT,2,1,1776625433.396702,74.14,Game,1,Predictable,65.41,0,,,5,,,130,Sound,,,
0,FORT,2,1,1776625433.396702,74.16,Game,1,Predictable,65.42,0,,,5,,,130,Sound,,,
0,FORT,2,1,1776625433.396702,74.17,Game,1,Predictable,65.44,0,,,5,,,130,Sound,,,
0,FORT,2,1,1776625433.396702,74.18,Game,1,Predictable,65.44,0,,,5,,,130,Sound,,,
0,FORT,2,1,1776625433.396702,74.19,Game,1,Predictable,65.45,0,,,5,,,130,Sound,,,
0,FORT,2,1,1776625433.396702,74.2,Game,1,Predictable,65.47,0,,,5,,,130,Sound,,,
0,FORT,2,1,1776625433.396702,74.21,Game,1,Predictable,65.48,0,,,5,,,130,Sound,,,
0,FORT,2,1,1776625433.396702,74.22,Game,1,Predictable,65.49,0,,,5,,,130,Sound,,,
0,FORT,2,1,1776625433.396702,74.23,Game,1,Predictable,65.5,0,,,5,,,130,Sound,,,
0,FORT,2,1,1776625433.396702,74.24,Game,1,Predictable,65.51,0,,,5,,,130,Sound,,,
0,FORT,2,1,1776625433.396702,74.26,Game,1,Predictable,65.52,0,,,5,,,130,Sound,,,
0,FORT,2,1,1776625433.396702,74.27,Game,1,Predictable,65.54,0,,,5,,,130,Sound,,,
0,FORT,2,1,1776625433.396702,74.28,Game,1,Predictable,65.55,0,,,5,,,130,Sound,,,
0,FORT,2,1,1776625433.396702,74.29,Game,1,Predictable,65.55,0,,,5,,,130,Sound,,,
0,FORT,2,1,1776625433.396702,74.3,Game,1,Predictable,65.57,0,,,5,,,130,Sound,,,
0,FORT,2,1,1776625433.396702,74.31,Game,1,Predictable,65.58,0,,,5,,,130,Sound,,,
0,FORT,2,1,1776625433.396702,74.32,Game,1,Predictable,65.59,0,,,5,,,130,Sound,,,
0,FORT,2,1,1776625433.396702,74.33,Game,1,Predictable,65.6,0,,,5,,,130,Sound,,,
0,FORT,2,1,1776625433.396702,74.34,Game,1,Predictable,65.61,0,,,5,,,130,Sound,,,
0,FORT,2,1,1776625433.396702,74.36,Game,1,Predictable,65.62,0,,,5,,,130,Sound,,,
0,FORT,2,1,1776625433.396702,74.37,Game,1,Predictable,65.64,0,,,5,,,130,Sound,,,
0,FORT,2,1,1776625433.396702,74.38,Game,1,Predictable,65.64,0,,,5,,,130,Sound,,,
0,FORT,2,1,1776625433.396702,74.39,Game,1,Predictable,65.65,0,,,5,,,130,Sound,,,
0,FORT,2,1,1776625433.396702,74.4,Game,1,Predictable,65.67,0,,,5,,,130,Sound,,,
0,FORT,2,1,1776625433.396702,74.41,Game,1,Predictable,65.68,0,,,5,,,130,Sound,,,
0,FORT,2,1,1776625433.396702,74.42,Game,1,Predictable,65.69,0,,,5,,,130,Sound,,,
0,FORT,2,1,1776625433.396702,74.43,Game,1,Predictable,65.7,0,,,5,,,130,Sound,,,
0,FORT,2,1,1776625433.396702,74.44,Game,1,Predictable,65.71,0,,,5,,,130,Sound,,,
0,FORT,2,1,1776625433.396702,74.46,Game,1,Predictable,65.72,0,,,5,,,130,Sound,,,
0,FORT,2,1,1776625433.396702,74.47,Game,1,Predictable,65.74,0,,,5,,,130,Sound,,,
0,FORT,2,1,1776625433.396702,74.48,Game,1,Predictable,65.74,0,,,5,,,130,Sound,,,
0,FORT,2,1,1776625433.396702,74.49,Game,1,Predictable,65.75,0,,,5,,,130,Sound,,,
0,FORT,2,1,1776625433.396702,74.5,Game,1,Predictable,65.77,0,,,5,,,130,Sound,,,
0,FORT,2,1,1776625433.396702,74.51,Game,1,Predictable,65.78,0,,,5,,,130,Sound,,,
0,FORT,2,1,1776625433.396702,74.52,Game,1,Predictable,65.79,0,,,5,,,130,Sound,,,
0,FORT,2,1,1776625433.396702,74.53,Game,1,Predictable,65.8,0,,,5,,,130,Sound,,,
0,FORT,2,1,1776625433.396702,74.54,Game,1,Predictable,65.81,0,,,5,,,130,Sound,,,
0,FORT,2,1,1776625433.396702,74.56,Game,1,Predictable,65.82,0,,,5,,,130,Sound,,,
0,FORT,2,1,1776625433.396702,74.57,Game,1,Predictable,65.84,0,,,5,,,130,Sound,,,
0,FORT,2,1,1776625433.396702,74.58,Game,1,Predictable,65.84,0,,,5,,,130,Sound,,,
0,FORT,2,1,1776625433.396702,74.59,Game,1,Predictable,65.85,0,,,5,,,130,Sound,,,
0,FORT,2,1,1776625433.396702,74.6,Game,1,Predictable,65.87,0,,,5,,,130,Sound,,,
0,FORT,2,1,1776625433.396702,74.61,Game,1,Predictable,65.88,0,,,5,,,130,Sound,,,
0,FORT,2,1,1776625433.396702,74.62,Game,1,Predictable,65.89,0,,,5,,,130,Sound,,,
0,FORT,2,1,1776625433.396702,74.63,Game,1,Predictable,65.9,0,,,5,,,130,Sound,,,
0,FORT,2,1,1776625433.396702,74.64,Game,1,Predictable,65.91,0,,,5,,,130,Sound,,,
0,FORT,2,1,1776625433.396702,74.66,Game,1,Predictable,65.92,0,,,5,,,130,Sound,,,
0,FORT,2,1,1776625433.396702,74.67,Game,1,Predictable,65.94,0,,,5,,,130,Sound,,,
0,FORT,2,1,1776625433.396702,74.68,Game,1,Predictable,65.94,0,,,5,,,130,Sound,,,
0,FORT,2,1,1776625433.396702,74.69,Game,1,Predictable,65.95,0,,,5,,,130,Sound,,,
0,FORT,2,1,1776625433.396702,74.7,Game,1,Predictable,65.97,0,,,5,,,130,Sound,,,
0,FORT,2,1,1776625433.396702,74.71,Game,1,Predictable,65.98,0,,,5,,,130,Sound,,,
0,FORT,2,1,1776625433.396702,74.72,Game,1,Predictable,65.99,0,,,5,,,130,Sound,,,
0,FORT,2,1,1776625433.396702,74.73,Game,1,Predictable,66.0,0,,,5,,,130,Sound,,,
0,FORT,2,1,1776625433.396702,74.74,Game,1,Predictable,66.01,0,,,5,,,130,Sound,,,
0,FORT,2,1,1776625433.396702,74.76,Game,1,Predictable,66.02,0,,,5,,,130,Sound,,,
0,FORT,2,1,1776625433.396702,74.77,Game,1,Predictable,66.04,0,,,5,,,130,Sound,,,
0,FORT,2,1,1776625433.396702,74.78,Game,1,Predictable,66.04,0,,,5,,,130,Sound,,,
0,FORT,2,1,1776625433.396702,74.79,Game,1,Predictable,66.05,0,,,5,,,130,Sound,,,
0,FORT,2,1,1776625433.396702,74.8,Game,1,Predictable,66.07,0,,,5,,,130,Sound,,,
0,FORT,2,1,1776625433.396702,74.81,Game,1,Predictable,66.08,0,,,5,,,130,Sound,,,
0,FORT,2,1,1776625433.396702,74.82,Game,1,Predictable,66.09,0,,,5,,,130,Sound,,,
0,FORT,2,1,1776625433.396702,74.83,Game,1,Predictable,66.1,0,,,5,,,130,Sound,,,
0,FORT,2,1,1776625433.396702,74.84,Game,1,Predictable,66.11,0,,,5,,,130,Sound,,,
0,FORT,2,1,1776625433.396702,74.86,Game,1,Predictable,66.12,0,,,5,,,130,Sound,,,
0,FORT,2,1,1776625433.396702,74.87,Game,1,Predictable,66.14,0,,,5,,,130,Sound,,,
0,FORT,2,1,1776625433.396702,74.88,Game,1,Predictable,66.15,0,,,5,,,130,Sound,,,
0,FORT,2,1,1776625433.396702,74.89,Game,1,Predictable,66.15,0,,,5,,,130,Sound,,,
0,FORT,2,1,1776625433.396702,74.9,Game,1,Predictable,66.17,0,,,5,,,130,Sound,,,
0,FORT,2,1,1776625433.396702,74.91,Game,1,Predictable,66.18,0,,,5,,,130,Sound,,,
0,FORT,2,1,1776625433.396702,74.92,Game,1,Predictable,66.19,0,,,5,,,130,Sound,,,
0,FORT,2,1,1776625433.396702,74.93,Game,1,Predictable,66.2,0,,,5,,,130,Sound,,,
0,FORT,2,1,1776625433.396702,74.94,Game,1,Predictable,66.21,0,,,5,,,130,Sound,,,
0,FORT,2,1,1776625433.396702,74.96,Game,1,Predictable,66.22,0,,,5,,,130,Sound,,,
0,FORT,2,1,1776625433.396702,74.97,Game,1,Predictable,66.24,0,,,5,,,130,Sound,,,
0,FORT,2,1,1776625433.396702,74.98,Game,1,Predictable,66.24,0,,,5,,,130,Sound,,,
0,FORT,2,1,1776625433.396702,74.99,Game,1,Predictable,66.25,0,,,5,,,130,Sound,,,
0,FORT,2,1,1776625433.396702,75.0,Game,1,Predictable,66.27,0,,,5,,,130,Sound,,,
0,FORT,2,1,1776625433.396702,75.01,Game,1,Predictable,66.28,0,,,5,,,130,Sound,,,
0,FORT,2,1,1776625433.396702,75.02,Game,1,Predictable,66.29,0,,,5,,,130,Sound,,,
0,FORT,2,1,1776625433.396702,75.03,Game,1,Predictable,66.3,0,,,5,,,130,Sound,,,
0,FORT,2,1,1776625433.396702,75.04,Game,1,Predictable,66.31,0,,,5,,,130,Sound,,,
0,FORT,2,1,1776625433.396702,75.06,Game,1,Predictable,66.32,0,,,5,,,130,Sound,,,
0,FORT,2,1,1776625433.396702,75.07,Game,1,Predictable,66.34,0,,,5,,,130,Sound,,,
0,FORT,2,1,1776625433.396702,75.08,Game,1,Predictable,66.35,0,,,5,,,130,Sound,,,
0,FORT,2,1,1776625433.396702,75.09,Game,1,Predictable,66.36,0,,,5,,,130,Sound,,,
0,FORT,2,1,1776625433.396702,75.1,Game,1,Predictable,66.37,0,,,5,,,130,Sound,,,
0,FORT,2,1,1776625433.396702,75.11,Game,1,Predictable,66.38,0,,,5,,,130,Sound,,,
0,FORT,2,1,1776625433.396702,75.12,Game,1,Predictable,66.39,0,,,5,,,130,Sound,,,
0,FORT,2,1,1776625433.396702,75.13,Game,1,Predictable,66.4,0,,,5,,,130,Sound,,,
0,FORT,2,1,1776625433.396702,75.14,Game,1,Predictable,66.41,0,,,5,,,130,Sound,,,
0,FORT,2,1,1776625433.396702,75.16,Game,1,Predictable,66.42,0,,,5,,,130,Sound,,,
0,FORT,2,1,1776625433.396702,75.17,Game,1,Predictable,66.44,0,,,5,,,130,Sound,,,
0,FORT,2,1,1776625433.396702,75.18,Game,1,Predictable,66.44,0,,,5,,,130,Sound,,,
0,FORT,2,1,1776625433.396702,75.19,Game,1,Predictable,66.45,0,,,5,,,130,Sound,,,
0,FORT,2,1,1776625433.396702,75.2,Game,1,Predictable,66.47,0,,,5,,,130,Sound,,,
0,FORT,2,1,1776625433.396702,75.22,Game,1,Predictable,66.48,0,,,5,,,130,Sound,,,
0,FORT,2,1,1776625433.396702,75.23,Game,1,Predictable,66.5,0,,,5,,,130,Sound,,,
0,FORT,2,1,1776625433.396702,75.24,Game,1,Predictable,66.51,0,,,5,,,130,Sound,,,
0,FORT,2,1,1776625433.396702,75.26,Game,1,Predictable,66.52,0,,,5,,,130,Sound,,,
0,FORT,2,1,1776625433.396702,75.27,Game,1,Predictable,66.54,0,,,5,,,130,Sound,,,
0,FORT,2,1,1776625433.396702,75.28,Game,1,Predictable,66.55,0,,,5,,,130,Sound,,,
0,FORT,2,1,1776625433.396702,75.29,Game,1,Predictable,66.55,0,,,5,,,130,Sound,,,
0,FORT,2,1,1776625433.396702,75.3,Game,1,Predictable,66.57,0,,,5,,,130,Sound,,,
0,FORT,2,1,1776625433.396702,75.31,Game,1,Predictable,66.58,0,,,5,,,130,Sound,,,
0,FORT,2,1,1776625433.396702,75.32,Game,1,Predictable,66.59,0,,,5,,,130,Sound,,,
0,FORT,2,1,1776625433.396702,75.33,Game,1,Predictable,66.6,0,,,5,,,130,Sound,,,
0,FORT,2,1,1776625433.396702,75.34,Game,1,Predictable,66.61,0,,,5,,,130,Sound,,,
0,FORT,2,1,1776625433.396702,75.36,Game,1,Predictable,66.62,0,,,5,,,130,Sound,,,
0,FORT,2,1,1776625433.396702,75.37,Game,1,Predictable,66.64,0,,,5,,,130,Sound,,,
0,FORT,2,1,1776625433.396702,75.38,Game,1,Predictable,66.65,0,,,5,,,130,Sound,,,
0,FORT,2,1,1776625433.396702,75.39,Game,1,Predictable,66.65,0,,,5,,,130,Sound,,,
0,FORT,2,1,1776625433.396702,75.4,Game,1,Predictable,66.67,0,,,5,,,130,Sound,,,
0,FORT,2,1,1776625433.396702,75.41,Game,1,Predictable,66.68,0,,,5,,,130,Sound,,,
0,FORT,2,1,1776625433.396702,75.42,Game,1,Predictable,66.69,0,,,5,,,130,Sound,,,
0,FORT,2,1,1776625433.396702,75.43,Game,1,Predictable,66.7,0,,,5,,,130,Sound,,,
0,FORT,2,1,1776625433.396702,75.44,Game,1,Predictable,66.71,0,,,5,,,130,Sound,,,
0,FORT,2,1,1776625433.396702,75.46,Game,1,Predictable,66.72,0,,,5,,,130,Sound,,,
0,FORT,2,1,1776625433.396702,75.47,Game,1,Predictable,66.74,0,,,5,,,130,Sound,,,
0,FORT,2,1,1776625433.396702,75.48,Game,1,Predictable,66.75,0,,,5,,,130,Sound,,,
0,FORT,2,1,1776625433.396702,75.49,Game,1,Predictable,66.75,0,,,5,,,130,Sound,,,
0,FORT,2,1,1776625433.396702,75.5,Game,1,Predictable,66.77,0,,,5,,,130,Sound,,,
0,FORT,2,1,1776625433.396702,75.51,Game,1,Predictable,66.78,0,,,5,,,130,Sound,,,
0,FORT,2,1,1776625433.396702,75.52,Game,1,Predictable,66.79,0,,,5,,,130,Sound,,,
0,FORT,2,1,1776625433.396702,75.53,Game,1,Predictable,66.8,0,,,5,,,130,Sound,,,
0,FORT,2,1,1776625433.396702,75.54,Game,1,Predictable,66.81,0,,,5,,,130,Sound,,,
0,FORT,2,1,1776625433.396702,75.56,Game,1,Predictable,66.82,0,,,5,,,130,Sound,,,
0,FORT,2,1,1776625433.396702,75.57,Game,1,Predictable,66.84,0,,,5,,,130,Sound,,,
0,FORT,2,1,1776625433.396702,75.58,Game,1,Predictable,66.85,0,,,5,,,130,Sound,,,
0,FORT,2,1,1776625433.396702,75.59,Game,1,Predictable,66.85,0,,,5,,,130,Sound,,,
0,FORT,2,1,1776625433.396702,75.6,Game,1,Predictable,66.87,0,,,5,,,130,Sound,,,
0,FORT,2,1,1776625433.396702,75.61,Game,1,Predictable,66.88,0,,,5,,,130,Sound,,,
0,FORT,2,1,1776625433.396702,75.62,Game,1,Predictable,66.89,0,,,5,,,130,Sound,,,
0,FORT,2,1,1776625433.396702,75.63,Game,1,Predictable,66.9,0,,,5,,,130,Sound,,,
0,FORT,2,1,1776625433.396702,75.64,Game,1,Predictable,66.91,0,,,5,,,130,Sound,,,
0,FORT,2,1,1776625433.396702,75.66,Game,1,Predictable,66.92,0,,,5,,,130,Sound,,,
0,FORT,2,1,1776625433.396702,75.67,Game,1,Predictable,66.94,0,,,5,,,130,Sound,,,
0,FORT,2,1,1776625433.396702,75.68,Game,1,Predictable,66.95,0,,,5,,,130,Sound,,,
0,FORT,2,1,1776625433.396702,75.69,Game,1,Predictable,66.95,0,,,5,,,130,Sound,,,
0,FORT,2,1,1776625433.396702,75.7,Game,1,Predictable,66.97,0,,,5,,,130,Sound,,,
0,FORT,2,1,1776625433.396702,75.71,Game,1,Predictable,66.98,0,,,5,,,130,Sound,,,
0,FORT,2,1,1776625433.396702,75.72,Game,1,Predictable,66.99,0,,,5,,,130,Sound,,,
0,FORT,2,1,1776625433.396702,75.73,Game,1,Predictable,67.0,0,,,5,,,130,Sound,,,
0,FORT,2,1,1776625433.396702,75.74,Game,1,Predictable,67.01,0,,,5,,,130,Sound,,,
0,FORT,2,1,1776625433.396702,75.76,Game,1,Predictable,67.02,0,,,5,,,130,Sound,,,
0,FORT,2,1,1776625433.396702,75.77,Game,1,Predictable,67.04,0,,,5,,,130,Sound,,,
0,FORT,2,1,1776625433.396702,75.78,Game,1,Predictable,67.05,0,,,5,,,130,Sound,,,
0,FORT,2,1,1776625433.396702,75.79,Game,1,Predictable,67.05,0,,,5,,,130,Sound,,,
0,FORT,2,1,1776625433.396702,75.8,Game,1,Predictable,67.07,0,,,5,,,130,Sound,,,
0,FORT,2,1,1776625433.396702,75.81,Game,1,Predictable,67.08,0,,,5,,,130,Sound,,,
0,FORT,2,1,1776625433.396702,75.82,Game,1,Predictable,67.09,0,,,5,,,130,Sound,,,
0,FORT,2,1,1776625433.396702,75.83,Game,1,Predictable,67.1,0,,,5,,,130,Sound,,,
0,FORT,2,1,1776625433.396702,75.84,Game,1,Predictable,67.11,0,,,5,,,130,Sound,,,
0,FORT,2,1,1776625433.396702,75.86,Game,1,Predictable,67.12,0,,,5,,,130,Sound,,,
0,FORT,2,1,1776625433.396702,75.87,Game,1,Predictable,67.14,0,,,5,,,130,Sound,,,
0,FORT,2,1,1776625433.396702,75.88,Game,1,Predictable,67.15,0,,,5,,,130,Sound,,,
0,FORT,2,1,1776625433.396702,75.89,Game,1,Predictable,67.15,0,,,5,,,130,Sound,,,
0,FORT,2,1,1776625433.396702,75.9,Game,1,Predictable,67.17,0,,,5,,,130,Sound,,,
0,FORT,2,1,1776625433.396702,75.91,Game,1,Predictable,67.18,0,,,5,,,130,Sound,,,
0,FORT,2,1,1776625433.396702,75.92,Game,1,Predictable,67.19,0,,,5,,,130,Sound,,,
0,FORT,2,1,1776625433.396702,75.93,Game,1,Predictable,67.2,0,,,5,,,130,Sound,,,
0,FORT,2,1,1776625433.396702,75.94,Game,1,Predictable,67.21,0,,,5,,,130,Sound,,,
0,FORT,2,1,1776625433.396702,75.96,Game,1,Predictable,67.22,0,,,5,,,130,Sound,,,
0,FORT,2,1,1776625433.396702,75.97,Game,1,Predictable,67.24,0,,,5,,,130,Sound,,,
0,FORT,2,1,1776625433.396702,75.98,Game,1,Predictable,67.24,0,,,5,,,130,Sound,,,
0,FORT,2,1,1776625433.396702,75.99,Game,1,Predictable,67.25,0,,,5,,,130,Sound,,,
0,FORT,2,1,1776625433.396702,76.0,Game,1,Predictable,67.27,0,,,5,,,130,Sound,,,
0,FORT,2,1,1776625433.396702,76.01,Game,1,Predictable,67.28,0,,,5,,,130,Sound,,,
0,FORT,2,1,1776625433.396702,76.02,Game,1,Predictable,67.29,0,,,5,,,130,Sound,,,
0,FORT,2,1,1776625433.396702,76.03,Game,1,Predictable,67.3,0,,,5,,,130,Sound,,,
0,FORT,2,1,1776625433.396702,76.04,Game,1,Predictable,67.31,0,,,5,,,130,Sound,,,
0,FORT,2,1,1776625433.396702,76.06,Game,1,Predictable,67.32,0,,,5,,,130,Sound,,,
0,FORT,2,1,1776625433.396702,76.07,Game,1,Predictable,67.34,0,,,5,,,130,Sound,,,
0,FORT,2,1,1776625433.396702,76.08,Game,1,Predictable,67.34,0,,,5,,,130,Sound,,,
0,FORT,2,1,1776625433.396702,76.09,Game,1,Predictable,67.35,0,,,5,,,130,Sound,,,
0,FORT,2,1,1776625433.396702,76.1,Game,1,Predictable,67.37,0,,,5,,,130,Sound,,,
0,FORT,2,1,1776625433.396702,76.11,Game,1,Predictable,67.38,0,,,5,,,130,Sound,,,
0,FORT,2,1,1776625433.396702,76.12,Game,1,Predictable,67.39,0,,,5,,,130,Sound,,,
0,FORT,2,1,1776625433.396702,76.13,Game,1,Predictable,67.4,0,,,5,,,130,Sound,,,
0,FORT,2,1,1776625433.396702,76.14,Game,1,Predictable,67.41,0,,,5,,,130,Sound,,,
0,FORT,2,1,1776625433.396702,76.16,Game,1,Predictable,67.42,0,,,5,,,130,Sound,,,
0,FORT,2,1,1776625433.396702,76.17,Game,1,Predictable,67.44,0,,,5,,,130,Sound,,,
0,FORT,2,1,1776625433.396702,76.18,Game,1,Predictable,67.44,0,,,5,,,130,Sound,,,
0,FORT,2,1,1776625433.396702,76.19,Game,1,Predictable,67.45,0,,,5,,,130,Sound,,,
0,FORT,2,1,1776625433.396702,76.2,Game,1,Predictable,67.47,0,,,5,,,130,Sound,,,
0,FORT,2,1,1776625433.396702,76.21,Game,1,Predictable,67.48,0,,,5,,,130,Sound,,,
0,FORT,2,1,1776625433.396702,76.22,Game,1,Predictable,67.49,0,,,5,,,130,Sound,,,
0,FORT,2,1,1776625433.396702,76.23,Game,1,Predictable,67.5,0,,,5,,,130,Sound,,,
0,FORT,2,1,1776625433.396702,76.24,Game,1,Predictable,67.51,0,,,5,,,130,Sound,,,
0,FORT,2,1,1776625433.396702,76.26,Game,1,Predictable,67.52,0,,,5,,,130,Sound,,,
0,FORT,2,1,1776625433.396702,76.27,Game,1,Predictable,67.54,0,,,5,,,130,Sound,,,
0,FORT,2,1,1776625433.396702,76.28,Game,1,Predictable,67.55,0,,,5,,,130,Sound,,,
0,FORT,2,1,1776625433.396702,76.29,Game,1,Predictable,67.56,0,,,5,,,130,Sound,,,
0,FORT,2,1,1776625433.396702,76.3,Game,1,Predictable,67.57,0,,,5,,,130,Sound,,,
0,FORT,2,1,1776625433.396702,76.31,Game,1,Predictable,67.58,0,,,5,,,130,Sound,,,
0,FORT,2,1,1776625433.396702,76.32,Game,1,Predictable,67.59,0,,,5,,,130,Sound,,,
0,FORT,2,1,1776625433.396702,76.33,Game,1,Predictable,67.6,0,,,5,,,130,Sound,,,
0,FORT,2,1,1776625433.396702,76.34,Game,1,Predictable,67.61,0,,,5,,,130,Sound,,,
0,FORT,2,1,1776625433.396702,76.36,Game,1,Predictable,67.62,0,,,5,,,130,Sound,,,
0,FORT,2,1,1776625433.396702,76.37,Game,1,Predictable,67.64,0,,,5,,,130,Sound,,,
0,FORT,2,1,1776625433.396702,76.38,Game,1,Predictable,67.65,0,,,5,,,130,Sound,,,
0,FORT,2,1,1776625433.396702,76.39,Game,1,Predictable,67.65,0,,,5,,,130,Sound,,,
0,FORT,2,1,1776625433.396702,76.4,Game,1,Predictable,67.67,0,,,5,,,130,Sound,,,
0,FORT,2,1,1776625433.396702,76.41,Game,1,Predictable,67.68,0,,,5,,,130,Sound,,,
0,FORT,2,1,1776625433.396702,76.42,Game,1,Predictable,67.69,0,,,5,,,130,Sound,,,
0,FORT,2,1,1776625433.396702,76.43,Game,1,Predictable,67.7,0,,,5,,,130,Sound,,,
0,FORT,2,1,1776625433.396702,76.44,Game,1,Predictable,67.71,0,,,5,,,130,Sound,,,
0,FORT,2,1,1776625433.396702,76.46,Game,1,Predictable,67.72,0,,,5,,,130,Sound,,,
0,FORT,2,1,1776625433.396702,76.47,Game,1,Predictable,67.74,0,,,5,,,130,Sound,,,
0,FORT,2,1,1776625433.396702,76.48,Game,1,Predictable,67.75,0,,,5,,,130,Sound,,,
0,FORT,2,1,1776625433.396702,76.49,Game,1,Predictable,67.75,0,,,5,,,130,Sound,,,
0,FORT,2,1,1776625433.396702,76.5,Game,1,Predictable,67.77,0,,,5,,,130,Sound,,,
0,FORT,2,1,1776625433.396702,76.51,Game,1,Predictable,67.78,0,,,5,,,130,Sound,,,
0,FORT,2,1,1776625433.396702,76.52,Game,1,Predictable,67.79,0,,,5,,,130,Sound,,,
0,FORT,2,1,1776625433.396702,76.53,Game,1,Predictable,67.8,0,,,5,,,130,Sound,,,
0,FORT,2,1,1776625433.396702,76.54,Game,1,Predictable,67.81,0,,,5,,,130,Sound,,,
0,FORT,2,1,1776625433.396702,76.56,Game,1,Predictable,67.82,0,,,5,,,130,Sound,,,
0,FORT,2,1,1776625433.396702,76.57,Game,1,Predictable,67.84,0,,,5,,,130,Sound,,,
0,FORT,2,1,1776625433.396702,76.58,Game,1,Predictable,67.85,0,,,5,,,130,Sound,,,
0,FORT,2,1,1776625433.396702,76.59,Game,1,Predictable,67.86,0,,,5,,,130,Sound,,,
0,FORT,2,1,1776625433.396702,76.6,Game,1,Predictable,67.87,0,,,5,,,130,Sound,,,
0,FORT,2,1,1776625433.396702,76.61,Game,1,Predictable,67.88,0,,,5,,,130,Sound,,,
0,FORT,2,1,1776625433.396702,76.62,Game,1,Predictable,67.89,0,,,5,,,130,Sound,,,
0,FORT,2,1,1776625433.396702,76.63,Game,1,Predictable,67.9,0,,,5,,,130,Sound,,,
0,FORT,2,1,1776625433.396702,76.64,Game,1,Predictable,67.91,0,,,5,,,130,Sound,,,
0,FORT,2,1,1776625433.396702,76.66,Game,1,Predictable,67.92,0,,,5,,,130,Sound,,,
0,FORT,2,1,1776625433.396702,76.67,Game,1,Predictable,67.94,0,,,5,,,130,Sound,,,
0,FORT,2,1,1776625433.396702,76.68,Game,1,Predictable,67.95,0,,,5,,,130,Sound,,,
0,FORT,2,1,1776625433.396702,76.69,Game,1,Predictable,67.96,0,,,5,,,130,Sound,,,
0,FORT,2,1,1776625433.396702,76.7,Game,1,Predictable,67.97,0,,,5,,,130,Sound,,,
0,FORT,2,1,1776625433.396702,76.71,Game,1,Predictable,67.98,0,,,5,,,130,Sound,,,
0,FORT,2,1,1776625433.396702,76.72,Game,1,Predictable,67.99,0,,,5,,,130,Sound,,,
0,FORT,2,1,1776625433.396702,76.73,Game,1,Predictable,68.0,0,,,5,,,130,Sound,,,
0,FORT,2,1,1776625433.396702,76.82,Game,1,Predictable,68.1,1,,,5,68.1,,120,Sound,,,
0,FORT,2,1,1776625433.396702,76.86,Game,1,Predictable,68.1,1,,,5,68.1,,120,Sound,,,
0,FORT,2,1,1776625433.396702,76.87,Game,1,Predictable,68.14,1,,,5,68.1,,120,Sound,,,
0,FORT,2,1,1776625433.396702,76.88,Game,1,Predictable,68.15,1,,,5,68.1,,120,Sound,,,
0,FORT,2,1,1776625433.396702,76.89,Game,1,Predictable,68.16,1,,,5,68.1,,120,Sound,,,
0,FORT,2,1,1776625433.396702,76.91,Game,1,Predictable,68.17,1,,,5,68.1,,120,Sound,,,
0,FORT,2,1,1776625433.396702,76.92,Game,1,Predictable,68.19,1,,,5,68.1,,120,Sound,,,
0,FORT,2,1,1776625433.396702,76.93,Game,1,Predictable,68.2,1,,,5,68.1,,120,Sound,,,
0,FORT,2,1,1776625433.396702,76.94,Game,1,Predictable,68.2,1,,,5,68.1,,120,Sound,,,
0,FORT,2,1,1776625433.396702,76.95,Game,1,Predictable,68.22,1,,,5,68.1,,120,Sound,,,
0,FORT,2,1,1776625433.396702,76.96,Game,1,Predictable,68.23,1,,,5,68.1,,120,Sound,,,
0,FORT,2,1,1776625433.396702,76.97,Game,1,Predictable,68.24,1,,,5,68.1,,120,Sound,,,
0,FORT,2,1,1776625433.396702,76.98,Game,1,Predictable,68.25,1,,,5,68.1,,120,Sound,,,
0,FORT,2,1,1776625433.396702,76.99,Game,1,Predictable,68.26,1,,,5,68.1,,120,Sound,,,
0,FORT,2,1,1776625433.396702,77.01,Game,1,Predictable,68.27,1,,,5,68.1,,120,Sound,,,
0,FORT,2,1,1776625433.396702,77.02,Game,1,Predictable,68.29,1,,,5,68.1,,120,Sound,,,
0,FORT,2,1,1776625433.396702,77.03,Game,1,Predictable,68.3,1,,,5,68.1,,120,Sound,,,
0,FORT,2,1,1776625433.396702,77.04,Game,1,Predictable,68.3,1,,,5,68.1,,120,Sound,,,
0,FORT,2,1,1776625433.396702,77.05,Game,1,Predictable,68.32,1,,,5,68.1,,120,Sound,,,
0,FORT,2,1,1776625433.396702,77.06,Game,1,Predictable,68.33,1,,,5,68.1,,120,Sound,,,
0,FORT,2,1,1776625433.396702,77.07,Game,1,Predictable,68.34,1,,,5,68.1,,120,Sound,,,
0,FORT,2,1,1776625433.396702,77.08,Game,1,Predictable,68.35,1,,,5,68.1,,120,Sound,,,
0,FORT,2,1,1776625433.396702,77.09,Game,1,Predictable,68.36,1,,,5,68.1,,120,Sound,,,
0,FORT,2,1,1776625433.396702,77.11,Game,1,Predictable,68.37,1,,,5,68.1,,120,Sound,,,
0,FORT,2,1,1776625433.396702,77.12,Game,1,Predictable,68.39,1,,,5,68.1,,120,Sound,,,
0,FORT,2,1,1776625433.396702,77.13,Game,1,Predictable,68.4,1,,,5,68.1,,120,Sound,,,
0,FORT,2,1,1776625433.396702,77.14,Game,1,Predictable,68.4,1,,,5,68.1,,120,Sound,,,
0,FORT,2,1,1776625433.396702,77.15,Game,1,Predictable,68.42,1,,,5,68.1,,120,Sound,,,
0,FORT,2,1,1776625433.396702,77.16,Game,1,Predictable,68.43,1,,,5,68.1,,120,Sound,,,
0,FORT,2,1,1776625433.396702,77.17,Game,1,Predictable,68.44,1,,,5,68.1,,120,Sound,,,
0,FORT,2,1,1776625433.396702,77.18,Game,1,Predictable,68.45,1,,,5,68.1,,120,Sound,,,
0,FORT,2,1,1776625433.396702,77.19,Game,1,Predictable,68.46,1,,,5,68.1,,120,Sound,,,
0,FORT,2,1,1776625433.396702,77.21,Game,1,Predictable,68.47,1,,,5,68.1,,120,Sound,,,
0,FORT,2,1,1776625433.396702,77.22,Game,1,Predictable,68.49,1,,,5,68.1,,120,Sound,,,
0,FORT,2,1,1776625433.396702,77.23,Game,1,Predictable,68.5,1,,,5,68.1,,120,Sound,,,
0,FORT,2,1,1776625433.396702,77.24,Game,1,Predictable,68.51,1,,,5,68.1,,120,Sound,,,
0,FORT,2,1,1776625433.396702,77.25,Game,1,Predictable,68.52,1,,,5,68.1,,120,Sound,,,
0,FORT,2,1,1776625433.396702,77.26,Game,1,Predictable,68.53,1,,,5,68.1,,120,Sound,,,
0,FORT,2,1,1776625433.396702,77.27,Game,1,Predictable,68.54,1,,,5,68.1,,120,Sound,,,
0,FORT,2,1,1776625433.396702,77.28,Game,1,Predictable,68.55,1,,,5,68.1,,120,Sound,,,
0,FORT,2,1,1776625433.396702,77.29,Game,1,Predictable,68.56,1,,,5,68.1,,120,Sound,,,
0,FORT,2,1,1776625433.396702,77.31,Game,1,Predictable,68.57,1,,,5,68.1,,120,Sound,,,
0,FORT,2,1,1776625433.396702,77.32,Game,1,Predictable,68.59,1,,,5,68.1,,120,Sound,,,
0,FORT,2,1,1776625433.396702,77.33,Game,1,Predictable,68.6,1,,,5,68.1,,120,Sound,,,
0,FORT,2,1,1776625433.396702,77.34,Game,1,Predictable,68.61,1,,,5,68.1,,120,Sound,,,
0,FORT,2,1,1776625433.396702,77.35,Game,1,Predictable,68.62,1,,,5,68.1,,120,Sound,,,
0,FORT,2,1,1776625433.396702,77.36,Game,1,Predictable,68.63,1,,,5,68.1,,120,Sound,,,
0,FORT,2,1,1776625433.396702,77.37,Game,1,Predictable,68.64,1,,,5,68.1,,120,Sound,,,
0,FORT,2,1,1776625433.396702,77.38,Game,1,Predictable,68.65,1,,,5,68.1,,120,Sound,,,
0,FORT,2,1,1776625433.396702,77.39,Game,1,Predictable,68.66,1,,,5,68.1,,120,Sound,,,
0,FORT,2,1,1776625433.396702,77.41,Game,1,Predictable,68.67,1,,,5,68.1,,120,Sound,,,
0,FORT,2,1,1776625433.396702,77.42,Game,1,Predictable,68.69,1,,,5,68.1,,120,Sound,,,
0,FORT,2,1,1776625433.396702,77.43,Game,1,Predictable,68.7,1,,,5,68.1,,120,Sound,,,
0,FORT,2,1,1776625433.396702,77.44,Game,1,Predictable,68.71,1,,,5,68.1,,120,Sound,,,
0,FORT,2,1,1776625433.396702,77.45,Game,1,Predictable,68.72,1,,,5,68.1,,120,Sound,,,
0,FORT,2,1,1776625433.396702,77.46,Game,1,Predictable,68.73,1,,,5,68.1,,120,Sound,,,
0,FORT,2,1,1776625433.396702,77.47,Game,1,Predictable,68.74,1,,,5,68.1,,120,Sound,,,
0,FORT,2,1,1776625433.396702,77.48,Game,1,Predictable,68.75,1,,,5,68.1,,120,Sound,,,
0,FORT,2,1,1776625433.396702,77.49,Game,1,Predictable,68.76,1,,,5,68.1,,120,Sound,,,
0,FORT,2,1,1776625433.396702,77.51,Game,1,Predictable,68.77,1,,,5,68.1,,120,Sound,,,
0,FORT,2,1,1776625433.396702,77.52,Game,1,Predictable,68.79,1,,,5,68.1,,120,Sound,,,
0,FORT,2,1,1776625433.396702,77.53,Game,1,Predictable,68.8,1,,,5,68.1,,120,Sound,,,
0,FORT,2,1,1776625433.396702,77.54,Game,1,Predictable,68.81,1,,,5,68.1,,120,Sound,,,
0,FORT,2,1,1776625433.396702,77.55,Game,1,Predictable,68.82,1,,,5,68.1,,120,Sound,,,
0,FORT,2,1,1776625433.396702,77.56,Game,1,Predictable,68.83,1,,,5,68.1,,120,Sound,,,
0,FORT,2,1,1776625433.396702,77.57,Game,1,Predictable,68.84,1,,,5,68.1,,120,Sound,,,
0,FORT,2,1,1776625433.396702,77.58,Game,1,Predictable,68.85,1,,,5,68.1,,120,Sound,,,
0,FORT,2,1,1776625433.396702,77.59,Game,1,Predictable,68.86,1,,,5,68.1,,120,Sound,,,
0,FORT,2,1,1776625433.396702,77.61,Game,1,Predictable,68.87,1,,,5,68.1,,120,Sound,,,
0,FORT,2,1,1776625433.396702,77.62,Game,1,Predictable,68.89,1,,,5,68.1,,120,Sound,,,
0,FORT,2,1,1776625433.396702,77.63,Game,1,Predictable,68.9,1,,,5,68.1,,120,Sound,,,
0,FORT,2,1,1776625433.396702,77.64,Game,1,Predictable,68.9,1,,,5,68.1,,120,Sound,,,
0,FORT,2,1,1776625433.396702,77.65,Game,1,Predictable,68.92,1,,,5,68.1,,120,Sound,,,
0,FORT,2,1,1776625433.396702,77.66,Game,1,Predictable,68.93,1,,,5,68.1,,120,Sound,,,
0,FORT,2,1,1776625433.396702,77.67,Game,1,Predictable,68.94,1,,,5,68.1,,120,Sound,,,
0,FORT,2,1,1776625433.396702,77.68,Game,1,Predictable,68.95,1,,,5,68.1,,120,Sound,,,
0,FORT,2,1,1776625433.396702,77.69,Game,1,Predictable,68.96,1,,,5,68.1,,120,Sound,,,
0,FORT,2,1,1776625433.396702,77.71,Game,1,Predictable,68.97,1,,,5,68.1,,120,Sound,,,
0,FORT,2,1,1776625433.396702,77.72,Game,1,Predictable,68.99,1,,,5,68.1,,120,Sound,,,
0,FORT,2,1,1776625433.396702,77.73,Game,1,Predictable,69.0,1,,,5,68.1,,120,Sound,,,
0,FORT,2,1,1776625433.396702,77.74,Game,1,Predictable,69.01,1,,,5,68.1,,120,Sound,,,
0,FORT,2,1,1776625433.396702,77.75,Game,1,Predictable,69.02,1,,,5,68.1,,120,Sound,,,
0,FORT,2,1,1776625433.396702,77.76,Game,1,Predictable,69.03,1,,,5,68.1,,120,Sound,,,
0,FORT,2,1,1776625433.396702,77.77,Game,1,Predictable,69.04,1,,,5,68.1,,120,Sound,,,
0,FORT,2,1,1776625433.396702,77.78,Game,1,Predictable,69.05,1,,,5,68.1,,120,Sound,,,
0,FORT,2,1,1776625433.396702,77.79,Game,1,Predictable,69.06,1,,,5,68.1,,120,Sound,,,
0,FORT,2,1,1776625433.396702,77.81,Game,1,Predictable,69.07,1,,,5,68.1,,120,Sound,,,
0,FORT,2,1,1776625433.396702,77.82,Game,1,Predictable,69.09,1,,,5,68.1,,120,Sound,,,
0,FORT,2,1,1776625433.396702,77.83,Game,1,Predictable,69.1,1,,,5,68.1,,120,Sound,,,
0,FORT,2,1,1776625433.396702,77.84,Game,1,Predictable,69.1,1,,,5,68.1,,120,Sound,,,
0,FORT,2,1,1776625433.396702,77.85,Game,1,Predictable,69.12,1,,,5,68.1,,120,Sound,,,
0,FORT,2,1,1776625433.396702,77.86,Game,1,Predictable,69.13,1,,,5,68.1,,120,Sound,,,
0,FORT,2,1,1776625433.396702,77.87,Game,1,Predictable,69.14,1,,,5,68.1,,120,Sound,,,
0,FORT,2,1,1776625433.396702,77.88,Game,1,Predictable,69.15,1,,,5,68.1,,120,Sound,,,
0,FORT,2,1,1776625433.396702,77.89,Game,1,Predictable,69.16,1,,,5,68.1,,120,Sound,,,
0,FORT,2,1,1776625433.396702,77.91,Game,1,Predictable,69.17,1,,,5,68.1,,120,Sound,,,
0,FORT,2,1,1776625433.396702,77.92,Game,1,Predictable,69.19,1,,,5,68.1,,120,Sound,,,
0,FORT,2,1,1776625433.396702,77.93,Game,1,Predictable,69.2,1,,,5,68.1,,120,Sound,,,
0,FORT,2,1,1776625433.396702,77.94,Game,1,Predictable,69.21,1,,,5,68.1,,120,Sound,,,
0,FORT,2,1,1776625433.396702,77.95,Game,1,Predictable,69.22,1,,,5,68.1,,120,Sound,,,
0,FORT,2,1,1776625433.396702,77.96,Game,1,Predictable,69.23,1,,,5,68.1,,120,Sound,,,
0,FORT,2,1,1776625433.396702,77.97,Game,1,Predictable,69.24,1,,,5,68.1,,120,Sound,,,
0,FORT,2,1,1776625433.396702,77.98,Game,1,Predictable,69.25,1,,,5,68.1,,120,Sound,,,
0,FORT,2,1,1776625433.396702,77.99,Game,1,Predictable,69.26,1,,,5,68.1,,120,Sound,,,
0,FORT,2,1,1776625433.396702,78.01,Game,1,Predictable,69.27,1,,,5,68.1,,120,Sound,,,
0,FORT,2,1,1776625433.396702,78.02,Game,1,Predictable,69.29,1,,,5,68.1,,120,Sound,,,
0,FORT,2,1,1776625433.396702,78.03,Game,1,Predictable,69.3,1,,,5,68.1,,120,Sound,,,
0,FORT,2,1,1776625433.396702,78.04,Game,1,Predictable,69.31,1,,,5,68.1,,120,Sound,,,
0,FORT,2,1,1776625433.396702,78.05,Game,1,Predictable,69.32,1,,,5,68.1,,120,Sound,,,
0,FORT,2,1,1776625433.396702,78.06,Game,1,Predictable,69.33,1,,,5,68.1,,120,Sound,,,
0,FORT,2,1,1776625433.396702,78.07,Game,1,Predictable,69.34,1,,,5,68.1,,120,Sound,,,
0,FORT,2,1,1776625433.396702,78.08,Game,1,Predictable,69.35,1,,,5,68.1,,120,Sound,,,
0,FORT,2,1,1776625433.396702,78.09,Game,1,Predictable,69.36,1,,,5,68.1,,120,Sound,,,
0,FORT,2,1,1776625433.396702,78.11,Game,1,Predictable,69.37,1,,,5,68.1,,120,Sound,,,
0,FORT,2,1,1776625433.396702,78.12,Game,1,Predictable,69.39,1,,,5,68.1,,120,Sound,,,
0,FORT,2,1,1776625433.396702,78.13,Game,1,Predictable,69.4,1,,,5,68.1,,120,Sound,,,
0,FORT,2,1,1776625433.396702,78.14,Game,1,Predictable,69.41,1,,,5,68.1,,120,Sound,,,
0,FORT,2,1,1776625433.396702,78.15,Game,1,Predictable,69.42,1,,,5,68.1,,120,Sound,,,
0,FORT,2,1,1776625433.396702,78.16,Game,1,Predictable,69.43,1,,,5,68.1,,120,Sound,,,
0,FORT,2,1,1776625433.396702,78.17,Game,1,Predictable,69.44,1,,,5,68.1,,120,Sound,,,
0,FORT,2,1,1776625433.396702,78.18,Game,1,Predictable,69.45,1,,,5,68.1,,120,Sound,,,
0,FORT,2,1,1776625433.396702,78.19,Game,1,Predictable,69.46,1,,,5,68.1,,120,Sound,,,
0,FORT,2,1,1776625433.396702,78.21,Game,1,Predictable,69.47,1,,,5,68.1,,120,Sound,,,
0,FORT,2,1,1776625433.396702,78.22,Game,1,Predictable,69.49,1,,,5,68.1,,120,Sound,,,
0,FORT,2,1,1776625433.396702,78.23,Game,1,Predictable,69.5,1,,,5,68.1,,120,Sound,,,
0,FORT,2,1,1776625433.396702,78.24,Game,1,Predictable,69.51,1,,,5,68.1,,120,Sound,,,
0,FORT,2,1,1776625433.396702,78.25,Game,1,Predictable,69.52,1,,,5,68.1,,120,Sound,,,
0,FORT,2,1,1776625433.396702,78.26,Game,1,Predictable,69.53,1,,,5,68.1,,120,Sound,,,
0,FORT,2,1,1776625433.396702,78.27,Game,1,Predictable,69.54,1,,,5,68.1,,120,Sound,,,
0,FORT,2,1,1776625433.396702,78.28,Game,1,Predictable,69.55,1,,,5,68.1,,120,Sound,,,
0,FORT,2,1,1776625433.396702,78.29,Game,1,Predictable,69.56,1,,,5,68.1,,120,Sound,,,
0,FORT,2,1,1776625433.396702,78.31,Game,1,Predictable,69.57,1,,,5,68.1,,120,Sound,,,
0,FORT,2,1,1776625433.396702,78.32,Game,1,Predictable,69.59,1,,,5,68.1,,120,Sound,,,
0,FORT,2,1,1776625433.396702,78.33,Game,1,Predictable,69.6,1,,,5,68.1,,120,Sound,,,
0,FORT,2,1,1776625433.396702,78.34,Game,1,Predictable,69.61,1,,,5,68.1,,120,Sound,,,
0,FORT,2,1,1776625433.396702,78.35,Game,1,Predictable,69.62,1,,,5,68.1,,120,Sound,,,
0,FORT,2,1,1776625433.396702,78.36,Game,1,Predictable,69.63,1,,,5,68.1,,120,Sound,,,
0,FORT,2,1,1776625433.396702,78.37,Game,1,Predictable,69.64,1,,,5,68.1,,120,Sound,,,
0,FORT,2,1,1776625433.396702,78.38,Game,1,Predictable,69.65,1,,,5,68.1,,120,Sound,,,
0,FORT,2,1,1776625433.396702,78.39,Game,1,Predictable,69.66,1,,,5,68.1,,120,Sound,,,
0,FORT,2,1,1776625433.396702,78.41,Game,1,Predictable,69.67,1,,,5,68.1,,120,Sound,,,
0,FORT,2,1,1776625433.396702,78.42,Game,1,Predictable,69.69,1,,,5,68.1,,120,Sound,,,
0,FORT,2,1,1776625433.396702,78.43,Game,1,Predictable,69.7,1,,,5,68.1,,120,Sound,,,
0,FORT,2,1,1776625433.396702,78.44,Game,1,Predictable,69.71,1,,,5,68.1,,120,Sound,,,
0,FORT,2,1,1776625433.396702,78.45,Game,1,Predictable,69.72,1,,,5,68.1,,120,Sound,,,
0,FORT,2,1,1776625433.396702,78.46,Game,1,Predictable,69.73,1,,,5,68.1,,120,Sound,,,
0,FORT,2,1,1776625433.396702,78.47,Game,1,Predictable,69.74,1,,,5,68.1,,120,Sound,,,
0,FORT,2,1,1776625433.396702,78.48,Game,1,Predictable,69.75,1,,,5,68.1,,120,Sound,,,
0,FORT,2,1,1776625433.396702,78.49,Game,1,Predictable,69.76,1,,,5,68.1,,120,Sound,,,
0,FORT,2,1,1776625433.396702,78.51,Game,1,Predictable,69.77,1,,,5,68.1,,120,Sound,,,
0,FORT,2,1,1776625433.396702,78.52,Game,1,Predictable,69.79,1,,,5,68.1,,120,Sound,,,
0,FORT,2,1,1776625433.396702,78.53,Game,1,Predictable,69.8,1,,,5,68.1,,120,Sound,,,
0,FORT,2,1,1776625433.396702,78.54,Game,1,Predictable,69.81,1,,,5,68.1,,120,Sound,,,
0,FORT,2,1,1776625433.396702,78.55,Game,1,Predictable,69.82,1,,,5,68.1,,120,Sound,,,
0,FORT,2,1,1776625433.396702,78.56,Game,1,Predictable,69.83,1,,,5,68.1,,120,Sound,,,
0,FORT,2,1,1776625433.396702,78.57,Game,1,Predictable,69.84,1,,,5,68.1,,120,Sound,,,
0,FORT,2,1,1776625433.396702,78.58,Game,1,Predictable,69.85,1,,,5,68.1,,120,Sound,,,
0,FORT,2,1,1776625433.396702,78.59,Game,1,Predictable,69.86,1,,,5,68.1,,120,Sound,,,
0,FORT,2,1,1776625433.396702,78.61,Game,1,Predictable,69.87,1,,,5,68.1,,120,Sound,,,
0,FORT,2,1,1776625433.396702,78.62,Game,1,Predictable,69.89,1,,,5,68.1,,120,Sound,,,
0,FORT,2,1,1776625433.396702,78.63,Game,1,Predictable,69.9,1,,,5,68.1,,120,Sound,,,
0,FORT,2,1,1776625433.396702,78.64,Game,1,Predictable,69.91,1,,,5,68.1,,120,Sound,,,
0,FORT,2,1,1776625433.396702,78.65,Game,1,Predictable,69.92,1,,,5,68.1,,120,Sound,,,
0,FORT,2,1,1776625433.396702,78.66,Game,1,Predictable,69.93,1,,,5,68.1,,120,Sound,,,
0,FORT,2,1,1776625433.396702,78.67,Game,1,Predictable,69.94,1,,,5,68.1,,120,Sound,,,
0,FORT,2,1,1776625433.396702,78.68,Game,1,Predictable,69.95,1,,,5,68.1,,120,Sound,,,
0,FORT,2,1,1776625433.396702,78.69,Game,1,Predictable,69.96,1,,,5,68.1,,120,Sound,,,
0,FORT,2,1,1776625433.396702,78.71,Game,1,Predictable,69.97,1,,,5,68.1,,120,Sound,,,
0,FORT,2,1,1776625433.396702,78.72,Game,1,Predictable,69.99,1,,,5,68.1,,120,Sound,,,
0,FORT,2,1,1776625433.396702,78.73,Game,1,Predictable,70.0,1,,,5,68.1,,120,Sound,,,
0,FORT,2,1,1776625433.396702,78.74,Game,1,Predictable,70.01,1,,,5,68.1,,120,Sound,,,
0,FORT,2,1,1776625433.396702,78.75,Game,1,Predictable,70.02,1,,,5,68.1,,120,Sound,,,
0,FORT,2,1,1776625433.396702,78.76,Game,1,Predictable,70.03,1,,,5,68.1,,120,Sound,,,
0,FORT,2,1,1776625433.396702,78.77,Game,1,Predictable,70.04,1,,,5,68.1,,120,Sound,,,
0,FORT,2,1,1776625433.396702,78.78,Game,1,Predictable,70.05,1,,,5,68.1,,120,Sound,,,
0,FORT,2,1,1776625433.396702,78.79,Game,1,Predictable,70.06,1,,,5,68.1,,120,Sound,,,
0,FORT,2,1,1776625433.396702,78.81,Game,1,Predictable,70.07,1,,,5,68.1,,120,Sound,,,
0,FORT,2,1,1776625433.396702,78.82,Game,1,Predictable,70.09,1,,,5,68.1,,120,Sound,,,
0,FORT,2,1,1776625433.396702,78.83,Game,1,Predictable,70.1,1,,,5,68.1,,120,Sound,,,
0,FORT,2,1,1776625433.396702,78.84,Game,1,Predictable,70.11,1,,,5,68.1,,120,Sound,,,
0,FORT,2,1,1776625433.396702,78.85,Game,1,Predictable,70.12,1,,,5,68.1,,120,Sound,,,
0,FORT,2,1,1776625433.396702,78.86,Game,1,Predictable,70.13,1,,,5,68.1,,120,Sound,,,
0,FORT,2,1,1776625433.396702,78.87,Game,1,Predictable,70.14,1,,,5,68.1,,120,Sound,,,
0,FORT,2,1,1776625433.396702,78.88,Game,1,Predictable,70.15,1,,,5,68.1,,120,Sound,,,
0,FORT,2,1,1776625433.396702,78.89,Game,1,Predictable,70.16,1,,,5,68.1,,120,Sound,,,
0,FORT,2,1,1776625433.396702,78.91,Game,1,Predictable,70.17,1,,,5,68.1,,120,Sound,,,
0,FORT,2,1,1776625433.396702,78.92,Game,1,Predictable,70.19,1,,,5,68.1,,120,Sound,,,
0,FORT,2,1,1776625433.396702,78.93,Game,1,Predictable,70.2,1,,,5,68.1,,120,Sound,,,
0,FORT,2,1,1776625433.396702,78.94,Game,1,Predictable,70.21,1,,,5,68.1,,120,Sound,,,
0,FORT,2,1,1776625433.396702,78.95,Game,1,Predictable,70.22,1,,,5,68.1,,120,Sound,,,
0,FORT,2,1,1776625433.396702,78.96,Game,1,Predictable,70.23,1,,,5,68.1,,120,Sound,,,
0,FORT,2,1,1776625433.396702,78.97,Game,1,Predictable,70.24,1,,,5,68.1,,120,Sound,,,
0,FORT,2,1,1776625433.396702,78.98,Game,1,Predictable,70.25,1,,,5,68.1,,120,Sound,,,
0,FORT,2,1,1776625433.396702,78.99,Game,1,Predictable,70.26,1,,,5,68.1,,120,Sound,,,
0,FORT,2,1,1776625433.396702,79.01,Game,1,Predictable,70.27,1,,,5,68.1,,120,Sound,,,
0,FORT,2,1,1776625433.396702,79.02,Game,1,Predictable,70.29,1,,,5,68.1,,120,Sound,,,
0,FORT,2,1,1776625433.396702,79.03,Game,1,Predictable,70.3,1,,,5,68.1,,120,Sound,,,
0,FORT,2,1,1776625433.396702,79.04,Game,1,Predictable,70.3,1,,,5,68.1,,120,Sound,,,
0,FORT,2,1,1776625433.396702,79.05,Game,1,Predictable,70.32,1,,,5,68.1,,120,Sound,,,
0,FORT,2,1,1776625433.396702,79.06,Game,1,Predictable,70.33,1,,,5,68.1,,120,Sound,,,
0,FORT,2,1,1776625433.396702,79.07,Game,1,Predictable,70.34,1,,,5,68.1,,120,Sound,,,
0,FORT,2,1,1776625433.396702,79.08,Game,1,Predictable,70.35,1,,,5,68.1,,120,Sound,,,
0,FORT,2,1,1776625433.396702,79.09,Game,1,Predictable,70.36,1,,,5,68.1,,120,Sound,,,
0,FORT,2,1,1776625433.396702,79.11,Game,1,Predictable,70.37,1,,,5,68.1,,120,Sound,,,
0,FORT,2,1,1776625433.396702,79.12,Game,1,Predictable,70.39,1,,,5,68.1,,120,Sound,,,
0,FORT,2,1,1776625433.396702,79.13,Game,1,Predictable,70.4,1,,,5,68.1,,120,Sound,,,
0,FORT,2,1,1776625433.396702,79.14,Game,1,Predictable,70.41,1,,,5,68.1,,120,Sound,,,
0,FORT,2,1,1776625433.396702,79.15,Game,1,Predictable,70.42,1,,,5,68.1,,120,Sound,,,
0,FORT,2,1,1776625433.396702,79.16,Game,1,Predictable,70.43,1,,,5,68.1,,120,Sound,,,
0,FORT,2,1,1776625433.396702,79.17,Game,1,Predictable,70.44,1,,,5,68.1,,120,Sound,,,
0,FORT,2,1,1776625433.396702,79.18,Game,1,Predictable,70.45,1,,,5,68.1,,120,Sound,,,
0,FORT,2,1,1776625433.396702,79.19,Game,1,Predictable,70.46,1,,,5,68.1,,120,Sound,,,
0,FORT,2,1,1776625433.396702,79.21,Game,1,Predictable,70.47,1,,,5,68.1,,120,Sound,,,
0,FORT,2,1,1776625433.396702,79.22,Game,1,Predictable,70.49,1,,,5,68.1,,120,Sound,,,
0,FORT,2,1,1776625433.396702,79.23,Game,1,Predictable,70.5,1,,,5,68.1,,120,Sound,,,
0,FORT,2,1,1776625433.396702,79.24,Game,1,Predictable,70.51,1,,,5,68.1,,120,Sound,,,
0,FORT,2,1,1776625433.396702,79.25,Game,1,Predictable,70.52,1,,,5,68.1,,120,Sound,,,
0,FORT,2,1,1776625433.396702,79.26,Game,1,Predictable,70.53,1,,,5,68.1,,120,Sound,,,
0,FORT,2,1,1776625433.396702,79.27,Game,1,Predictable,70.54,1,,,5,68.1,,120,Sound,,,
0,FORT,2,1,1776625433.396702,79.28,Game,1,Predictable,70.55,1,,,5,68.1,,120,Sound,,,
0,FORT,2,1,1776625433.396702,79.29,Game,1,Predictable,70.56,1,,,5,68.1,,120,Sound,,,
0,FORT,2,1,1776625433.396702,79.31,Game,1,Predictable,70.57,1,,,5,68.1,,120,Sound,,,
0,FORT,2,1,1776625433.396702,79.32,Game,1,Predictable,70.59,1,,,5,68.1,,120,Sound,,,
0,FORT,2,1,1776625433.396702,79.33,Game,1,Predictable,70.6,1,,,5,68.1,,120,Sound,,,
0,FORT,2,1,1776625433.396702,79.34,Game,1,Predictable,70.61,1,,,5,68.1,,120,Sound,,,
0,FORT,2,1,1776625433.396702,79.35,Game,1,Predictable,70.62,1,,,5,68.1,,120,Sound,,,
0,FORT,2,1,1776625433.396702,79.36,Game,1,Predictable,70.63,1,,,5,68.1,,120,Sound,,,
0,FORT,2,1,1776625433.396702,79.37,Game,1,Predictable,70.64,1,,,5,68.1,,120,Sound,,,
0,FORT,2,1,1776625433.396702,79.38,Game,1,Predictable,70.65,1,,,5,68.1,,120,Sound,,,
0,FORT,2,1,1776625433.396702,79.39,Game,1,Predictable,70.66,1,,,5,68.1,,120,Sound,,,
0,FORT,2,1,1776625433.396702,79.41,Game,1,Predictable,70.67,1,,,5,68.1,,120,Sound,,,
0,FORT,2,1,1776625433.396702,79.42,Game,1,Predictable,70.69,1,,,5,68.1,,120,Sound,,,
0,FORT,2,1,1776625433.396702,79.43,Game,1,Predictable,70.7,1,,,5,68.1,,120,Sound,,,
0,FORT,2,1,1776625433.396702,79.44,Game,1,Predictable,70.71,1,,,5,68.1,,120,Sound,,,
0,FORT,2,1,1776625433.396702,79.45,Game,1,Predictable,70.72,1,,,5,68.1,,120,Sound,,,
0,FORT,2,1,1776625433.396702,79.46,Game,1,Predictable,70.73,1,,,5,68.1,,120,Sound,,,
0,FORT,2,1,1776625433.396702,79.47,Game,1,Predictable,70.74,1,,,5,68.1,,120,Sound,,,
0,FORT,2,1,1776625433.396702,79.48,Game,1,Predictable,70.75,1,,,5,68.1,,120,Sound,,,
0,FORT,2,1,1776625433.396702,79.49,Game,1,Predictable,70.76,1,,,5,68.1,,120,Sound,,,
0,FORT,2,1,1776625433.396702,79.51,Game,1,Predictable,70.77,1,,,5,68.1,,120,Sound,,,
0,FORT,2,1,1776625433.396702,79.52,Game,1,Predictable,70.79,1,,,5,68.1,,120,Sound,,,
0,FORT,2,1,1776625433.396702,79.53,Game,1,Predictable,70.8,1,,,5,68.1,,120,Sound,,,
0,FORT,2,1,1776625433.396702,79.54,Game,1,Predictable,70.81,1,,,5,68.1,,120,Sound,,,
0,FORT,2,1,1776625433.396702,79.55,Game,1,Predictable,70.82,1,,,5,68.1,,120,Sound,,,
0,FORT,2,1,1776625433.396702,79.56,Game,1,Predictable,70.83,1,,,5,68.1,,120,Sound,,,
0,FORT,2,1,1776625433.396702,79.57,Game,1,Predictable,70.84,1,,,5,68.1,,120,Sound,,,
0,FORT,2,1,1776625433.396702,79.58,Game,1,Predictable,70.85,1,,,5,68.1,,120,Sound,,,
0,FORT,2,1,1776625433.396702,79.59,Game,1,Predictable,70.86,1,,,5,68.1,,120,Sound,,,
0,FORT,2,1,1776625433.396702,79.61,Game,1,Predictable,70.87,1,,,5,68.1,,120,Sound,,,
0,FORT,2,1,1776625433.396702,79.62,Game,1,Predictable,70.89,1,,,5,68.1,,120,Sound,,,
0,FORT,2,1,1776625433.396702,79.63,Game,1,Predictable,70.9,1,,,5,68.1,,120,Sound,,,
0,FORT,2,1,1776625433.396702,79.64,Game,1,Predictable,70.91,1,,,5,68.1,,120,Sound,,,
0,FORT,2,1,1776625433.396702,79.65,Game,1,Predictable,70.92,1,,,5,68.1,,120,Sound,,,
0,FORT,2,1,1776625433.396702,79.66,Game,1,Predictable,70.93,1,,,5,68.1,,120,Sound,,,
0,FORT,2,1,1776625433.396702,79.67,Game,1,Predictable,70.94,1,,,5,68.1,,120,Sound,,,
0,FORT,2,1,1776625433.396702,79.68,Game,1,Predictable,70.95,1,,,5,68.1,,120,Sound,,,
0,FORT,2,1,1776625433.396702,79.69,Game,1,Predictable,70.96,1,,,5,68.1,,120,Sound,,,
0,FORT,2,1,1776625433.396702,79.71,Game,1,Predictable,70.97,1,,,5,68.1,,120,Sound,,,
0,FORT,2,1,1776625433.396702,79.72,Game,1,Predictable,70.99,1,,,5,68.1,,120,Sound,,,
0,FORT,2,1,1776625433.396702,79.73,Game,1,Predictable,71.0,1,,,5,68.1,,120,Sound,,,
0,FORT,2,1,1776625433.396702,79.74,Game,1,Predictable,71.01,1,,,5,68.1,,120,Sound,,,
0,FORT,2,1,1776625433.396702,79.75,Game,1,Predictable,71.02,1,,,5,68.1,,120,Sound,,,
0,FORT,2,1,1776625433.396702,79.76,Game,1,Predictable,71.03,1,,,5,68.1,,120,Sound,,,
0,FORT,2,1,1776625433.396702,79.77,Game,1,Predictable,71.04,1,,,5,68.1,,120,Sound,,,
0,FORT,2,1,1776625433.396702,79.78,Game,1,Predictable,71.05,1,,,5,68.1,,120,Sound,,,
0,FORT,2,1,1776625433.396702,79.79,Game,1,Predictable,71.06,1,,,5,68.1,,120,Sound,,,
0,FORT,2,1,1776625433.396702,79.81,Game,1,Predictable,71.07,1,,,5,68.1,,120,Sound,,,
0,FORT,2,1,1776625433.396702,79.82,Game,1,Predictable,71.09,1,,,5,68.1,,120,Sound,,,
0,FORT,2,1,1776625433.396702,79.83,Game,1,Predictable,71.1,1,,,5,68.1,,120,Sound,,,
0,FORT,2,1,1776625433.396702,79.84,Game,1,Predictable,71.11,1,,,5,68.1,,120,Sound,,,
0,FORT,2,1,1776625433.396702,79.85,Game,1,Predictable,71.12,1,,,5,68.1,,120,Sound,,,
0,FORT,2,1,1776625433.396702,79.86,Game,1,Predictable,71.13,1,,,5,68.1,,120,Sound,,,
0,FORT,2,1,1776625433.396702,79.87,Game,1,Predictable,71.14,1,,,5,68.1,,120,Sound,,,
0,FORT,2,1,1776625433.396702,79.88,Game,1,Predictable,71.15,1,,,5,68.1,,120,Sound,,,
0,FORT,2,1,1776625433.396702,79.89,Game,1,Predictable,71.16,1,,,5,68.1,,120,Sound,,,
0,FORT,2,1,1776625433.396702,79.91,Game,1,Predictable,71.17,1,,,5,68.1,,120,Sound,,,
0,FORT,2,1,1776625433.396702,79.92,Game,1,Predictable,71.19,1,,,5,68.1,,120,Sound,,,
0,FORT,2,1,1776625433.396702,79.93,Game,1,Predictable,71.2,1,,,5,68.1,,120,Sound,,,
0,FORT,2,1,1776625433.396702,79.94,Game,1,Predictable,71.21,1,,,5,68.1,,120,Sound,,,
0,FORT,2,1,1776625433.396702,79.95,Game,1,Predictable,71.22,1,,,5,68.1,,120,Sound,,,
0,FORT,2,1,1776625433.396702,79.96,Game,1,Predictable,71.23,1,,,5,68.1,,120,Sound,,,
0,FORT,2,1,1776625433.396702,79.97,Game,1,Predictable,71.24,1,,,5,68.1,,120,Sound,,,
0,FORT,2,1,1776625433.396702,79.98,Game,1,Predictable,71.25,1,,,5,68.1,,120,Sound,,,
0,FORT,2,1,1776625433.396702,79.99,Game,1,Predictable,71.26,1,,,5,68.1,,120,Sound,,,
0,FORT,2,1,1776625433.396702,80.01,Game,1,Predictable,71.27,1,,,5,68.1,,120,Sound,,,
0,FORT,2,1,1776625433.396702,80.02,Game,1,Predictable,71.29,1,,,5,68.1,,120,Sound,,,
0,FORT,2,1,1776625433.396702,80.03,Game,1,Predictable,71.3,1,,,5,68.1,,120,Sound,,,
0,FORT,2,1,1776625433.396702,80.04,Game,1,Predictable,71.31,1,,,5,68.1,,120,Sound,,,
0,FORT,2,1,1776625433.396702,80.05,Game,1,Predictable,71.32,1,,,5,68.1,,120,Sound,,,
0,FORT,2,1,1776625433.396702,80.06,Game,1,Predictable,71.33,1,,,5,68.1,,120,Sound,,,
0,FORT,2,1,1776625433.396702,80.07,Game,1,Predictable,71.34,1,,,5,68.1,,120,Sound,,,
0,FORT,2,1,1776625433.396702,80.08,Game,1,Predictable,71.35,1,,,5,68.1,,120,Sound,,,
0,FORT,2,1,1776625433.396702,80.09,Game,1,Predictable,71.36,1,,,5,68.1,,120,Sound,,,
0,FORT,2,1,1776625433.396702,80.11,Game,1,Predictable,71.37,1,,,5,68.1,,120,Sound,,,
0,FORT,2,1,1776625433.396702,80.12,Game,1,Predictable,71.39,1,,,5,68.1,,120,Sound,,,
0,FORT,2,1,1776625433.396702,80.13,Game,1,Predictable,71.4,1,,,5,68.1,,120,Sound,,,
0,FORT,2,1,1776625433.396702,80.14,Game,1,Predictable,71.41,1,,,5,68.1,,120,Sound,,,
0,FORT,2,1,1776625433.396702,80.15,Game,1,Predictable,71.42,1,,,5,68.1,,120,Sound,,,
0,FORT,2,1,1776625433.396702,80.16,Game,1,Predictable,71.43,1,,,5,68.1,,120,Sound,,,
0,FORT,2,1,1776625433.396702,80.17,Game,1,Predictable,71.44,1,,,5,68.1,,120,Sound,,,
0,FORT,2,1,1776625433.396702,80.18,Game,1,Predictable,71.45,1,,,5,68.1,,120,Sound,,,
0,FORT,2,1,1776625433.396702,80.19,Game,1,Predictable,71.46,1,,,5,68.1,,120,Sound,,,
0,FORT,2,1,1776625433.396702,80.21,Game,1,Predictable,71.47,1,,,5,68.1,,120,Sound,,,
0,FORT,2,1,1776625433.396702,80.22,Game,1,Predictable,71.49,1,,,5,68.1,,120,Sound,,,
0,FORT,2,1,1776625433.396702,80.23,Game,1,Predictable,71.5,1,,,5,68.1,,120,Sound,,,
0,FORT,2,1,1776625433.396702,80.24,Game,1,Predictable,71.51,1,,,5,68.1,,120,Sound,,,
0,FORT,2,1,1776625433.396702,80.25,Game,1,Predictable,71.52,1,,,5,68.1,,120,Sound,,,
0,FORT,2,1,1776625433.396702,80.26,Game,1,Predictable,71.53,1,,,5,68.1,,120,Sound,,,
0,FORT,2,1,1776625433.396702,80.27,Game,1,Predictable,71.54,1,,,5,68.1,,120,Sound,,,
0,FORT,2,1,1776625433.396702,80.28,Game,1,Predictable,71.55,1,,,5,68.1,,120,Sound,,,
0,FORT,2,1,1776625433.396702,80.29,Game,1,Predictable,71.56,1,,,5,68.1,,120,Sound,,,
0,FORT,2,1,1776625433.396702,80.31,Game,1,Predictable,71.57,1,,,5,68.1,,120,Sound,,,
0,FORT,2,1,1776625433.396702,80.32,Game,1,Predictable,71.59,1,,,5,68.1,,120,Sound,,,
0,FORT,2,1,1776625433.396702,80.33,Game,1,Predictable,71.6,1,,,5,68.1,,120,Sound,,,
0,FORT,2,1,1776625433.396702,80.34,Game,1,Predictable,71.61,1,,,5,68.1,,120,Sound,,,
0,FORT,2,1,1776625433.396702,80.35,Game,1,Predictable,71.62,1,,,5,68.1,,120,Sound,,,
0,FORT,2,1,1776625433.396702,80.36,Game,1,Predictable,71.63,1,,,5,68.1,,120,Sound,,,
0,FORT,2,1,1776625433.396702,80.37,Game,1,Predictable,71.64,1,,,5,68.1,,120,Sound,,,
0,FORT,2,1,1776625433.396702,80.38,Game,1,Predictable,71.65,1,,,5,68.1,,120,Sound,,,
0,FORT,2,1,1776625433.396702,80.39,Game,1,Predictable,71.66,1,,,5,68.1,,120,Sound,,,
0,FORT,2,1,1776625433.396702,80.41,Game,1,Predictable,71.67,1,,,5,68.1,,120,Sound,,,
0,FORT,2,1,1776625433.396702,80.42,Game,1,Predictable,71.69,1,,,5,68.1,,120,Sound,,,
0,FORT,2,1,1776625433.396702,80.43,Game,1,Predictable,71.7,1,,,5,68.1,,120,Sound,,,
0,FORT,2,1,1776625433.396702,80.44,Game,1,Predictable,71.71,1,,,5,68.1,,120,Sound,,,
0,FORT,2,1,1776625433.396702,80.45,Game,1,Predictable,71.72,1,,,5,68.1,,120,Sound,,,
0,FORT,2,1,1776625433.396702,80.46,Game,1,Predictable,71.73,1,,,5,68.1,,120,Sound,,,
0,FORT,2,1,1776625433.396702,80.47,Game,1,Predictable,71.74,1,,,5,68.1,,120,Sound,,,
0,FORT,2,1,1776625433.396702,80.48,Game,1,Predictable,71.75,1,,,5,68.1,,120,Sound,,,
0,FORT,2,1,1776625433.396702,80.49,Game,1,Predictable,71.76,1,,,5,68.1,,120,Sound,,,
0,FORT,2,1,1776625433.396702,80.51,Game,1,Predictable,71.77,1,,,5,68.1,,120,Sound,,,
0,FORT,2,1,1776625433.396702,80.52,Game,1,Predictable,71.79,1,,,5,68.1,,120,Sound,,,
0,FORT,2,1,1776625433.396702,80.53,Game,1,Predictable,71.8,1,,,5,68.1,,120,Sound,,,
0,FORT,2,1,1776625433.396702,80.54,Game,1,Predictable,71.81,1,,,5,68.1,,120,Sound,,,
0,FORT,2,1,1776625433.396702,80.55,Game,1,Predictable,71.82,1,,,5,68.1,,120,Sound,,,
0,FORT,2,1,1776625433.396702,80.56,Game,1,Predictable,71.83,1,,,5,68.1,,120,Sound,,,
0,FORT,2,1,1776625433.396702,80.57,Game,1,Predictable,71.84,1,,,5,68.1,,120,Sound,,,
0,FORT,2,1,1776625433.396702,80.58,Game,1,Predictable,71.85,1,,,5,68.1,,120,Sound,,,
0,FORT,2,1,1776625433.396702,80.59,Game,1,Predictable,71.86,1,,,5,68.1,,120,Sound,,,
0,FORT,2,1,1776625433.396702,80.61,Game,1,Predictable,71.87,1,,,5,68.1,,120,Sound,,,
0,FORT,2,1,1776625433.396702,80.62,Game,1,Predictable,71.89,1,,,5,68.1,,120,Sound,,,
0,FORT,2,1,1776625433.396702,80.63,Game,1,Predictable,71.9,1,,,5,68.1,,120,Sound,,,
0,FORT,2,1,1776625433.396702,80.64,Game,1,Predictable,71.91,1,,,5,68.1,,120,Sound,,,
0,FORT,2,1,1776625433.396702,80.65,Game,1,Predictable,71.92,1,,,5,68.1,,120,Sound,,,
0,FORT,2,1,1776625433.396702,80.66,Game,1,Predictable,71.93,1,,,5,68.1,,120,Sound,,,
0,FORT,2,1,1776625433.396702,80.67,Game,1,Predictable,71.94,1,,,5,68.1,,120,Sound,,,
0,FORT,2,1,1776625433.396702,80.68,Game,1,Predictable,71.95,1,,,5,68.1,,120,Sound,,,
0,FORT,2,1,1776625433.396702,80.69,Game,1,Predictable,71.96,1,,,5,68.1,,120,Sound,,,
0,FORT,2,1,1776625433.396702,80.71,Game,1,Predictable,71.97,1,,,5,68.1,,120,Sound,,,
0,FORT,2,1,1776625433.396702,80.72,Game,1,Predictable,71.99,1,,,5,68.1,,120,Sound,,,
0,FORT,2,1,1776625433.396702,80.73,Game,1,Predictable,72.0,1,,,5,68.1,,120,Sound,,,
0,FORT,2,1,1776625433.396702,80.74,Game,1,Predictable,72.01,1,,,5,68.1,,120,Sound,,,
0,FORT,2,1,1776625433.396702,80.75,Game,1,Predictable,72.02,1,,,5,68.1,,120,Sound,,,
0,FORT,2,1,1776625433.396702,80.76,Game,1,Predictable,72.03,1,,,5,68.1,,120,Sound,,,
0,FORT,2,1,1776625433.396702,80.77,Game,1,Predictable,72.04,1,,,5,68.1,,120,Sound,,,
0,FORT,2,1,1776625433.396702,80.78,Game,1,Predictable,72.05,1,,,5,68.1,,120,Sound,,,
0,FORT,2,1,1776625433.396702,80.79,Game,1,Predictable,72.06,1,,,5,68.1,,120,Sound,,,
0,FORT,2,1,1776625433.396702,80.81,Game,1,Predictable,72.07,1,,,5,68.1,,120,Sound,,,
0,FORT,2,1,1776625433.396702,80.82,Game,1,Predictable,72.09,1,,,5,68.1,,120,Sound,,,
0,FORT,2,1,1776625433.396702,80.83,Game,1,Predictable,72.1,1,,,5,68.1,,120,Sound,,,
0,FORT,2,1,1776625433.396702,80.84,Game,1,Predictable,72.11,1,,,5,68.1,,120,Sound,,,
0,FORT,2,1,1776625433.396702,80.85,Game,1,Predictable,72.12,1,,,5,68.1,,120,Sound,,,
0,FORT,2,1,1776625433.396702,80.86,Game,1,Predictable,72.13,1,,,5,68.1,,120,Sound,,,
0,FORT,2,1,1776625433.396702,80.87,Game,1,Predictable,72.14,1,,,5,68.1,,120,Sound,,,
0,FORT,2,1,1776625433.396702,80.88,Game,1,Predictable,72.15,1,,,5,68.1,,120,Sound,,,
0,FORT,2,1,1776625433.396702,80.89,Game,1,Predictable,72.16,1,,,5,68.1,,120,Sound,,,
0,FORT,2,1,1776625433.396702,80.91,Game,1,Predictable,72.17,1,,,5,68.1,,120,Sound,,,
0,FORT,2,1,1776625433.396702,80.92,Game,1,Predictable,72.19,1,,,5,68.1,,120,Sound,,,
0,FORT,2,1,1776625433.396702,80.93,Game,1,Predictable,72.2,1,,,5,68.1,,120,Sound,,,
0,FORT,2,1,1776625433.396702,80.94,Game,1,Predictable,72.21,1,,,5,68.1,,120,Sound,,,
0,FORT,2,1,1776625433.396702,80.95,Game,1,Predictable,72.22,1,,,5,68.1,,120,Sound,,,
0,FORT,2,1,1776625433.396702,80.96,Game,1,Predictable,72.23,1,,,5,68.1,,120,Sound,,,
0,FORT,2,1,1776625433.396702,80.97,Game,1,Predictable,72.24,1,,,5,68.1,,120,Sound,,,
0,FORT,2,1,1776625433.396702,80.98,Game,1,Predictable,72.25,1,,,5,68.1,,120,Sound,,,
0,FORT,2,1,1776625433.396702,80.99,Game,1,Predictable,72.26,1,,,5,68.1,,120,Sound,,,
0,FORT,2,1,1776625433.396702,81.01,Game,1,Predictable,72.27,1,,,5,68.1,,120,Sound,,,
0,FORT,2,1,1776625433.396702,81.02,Game,1,Predictable,72.29,1,,,5,68.1,,120,Sound,,,
0,FORT,2,1,1776625433.396702,81.03,Game,1,Predictable,72.3,1,,,5,68.1,,120,Sound,,,
0,FORT,2,1,1776625433.396702,81.04,Game,1,Predictable,72.31,1,,,5,68.1,,120,Sound,,,
0,FORT,2,1,1776625433.396702,81.05,Game,1,Predictable,72.32,1,,,5,68.1,,120,Sound,,,
0,FORT,2,1,1776625433.396702,81.06,Game,1,Predictable,72.33,1,,,5,68.1,,120,Sound,,,
0,FORT,2,1,1776625433.396702,81.07,Game,1,Predictable,72.34,1,,,5,68.1,,120,Sound,,,
0,FORT,2,1,1776625433.396702,81.08,Game,1,Predictable,72.35,1,,,5,68.1,,120,Sound,,,
0,FORT,2,1,1776625433.396702,81.09,Game,1,Predictable,72.36,1,,,5,68.1,,120,Sound,,,
0,FORT,2,1,1776625433.396702,81.11,Game,1,Predictable,72.37,1,,,5,68.1,,120,Sound,,,
0,FORT,2,1,1776625433.396702,81.12,Game,1,Predictable,72.39,1,,,5,68.1,,120,Sound,,,
0,FORT,2,1,1776625433.396702,81.13,Game,1,Predictable,72.4,1,,,5,68.1,,120,Sound,,,
0,FORT,2,1,1776625433.396702,81.14,Game,1,Predictable,72.41,1,,,5,68.1,,120,Sound,,,
0,FORT,2,1,1776625433.396702,81.15,Game,1,Predictable,72.42,1,,,5,68.1,,120,Sound,,,
0,FORT,2,1,1776625433.396702,81.16,Game,1,Predictable,72.43,1,,,5,68.1,,120,Sound,,,
0,FORT,2,1,1776625433.396702,81.17,Game,1,Predictable,72.44,1,,,5,68.1,,120,Sound,,,
0,FORT,2,1,1776625433.396702,81.18,Game,1,Predictable,72.45,1,,,5,68.1,,120,Sound,,,
0,FORT,2,1,1776625433.396702,81.19,Game,1,Predictable,72.46,1,,,5,68.1,,120,Sound,,,
0,FORT,2,1,1776625433.396702,81.21,Game,1,Predictable,72.47,1,,,5,68.1,,120,Sound,,,
0,FORT,2,1,1776625433.396702,81.22,Game,1,Predictable,72.49,1,,,5,68.1,,120,Sound,,,
0,FORT,2,1,1776625433.396702,81.23,Game,1,Predictable,72.5,1,,,5,68.1,,120,Sound,,,
0,FORT,2,1,1776625433.396702,81.24,Game,1,Predictable,72.51,1,,,5,68.1,,120,Sound,,,
0,FORT,2,1,1776625433.396702,81.25,Game,1,Predictable,72.52,1,,,5,68.1,,120,Sound,,,
0,FORT,2,1,1776625433.396702,81.26,Game,1,Predictable,72.53,1,,,5,68.1,,120,Sound,,,
0,FORT,2,1,1776625433.396702,81.27,Game,1,Predictable,72.54,1,,,5,68.1,,120,Sound,,,
0,FORT,2,1,1776625433.396702,81.28,Game,1,Predictable,72.55,1,,,5,68.1,,120,Sound,,,
0,FORT,2,1,1776625433.396702,81.29,Game,1,Predictable,72.56,1,,,5,68.1,,120,Sound,,,
0,FORT,2,1,1776625433.396702,81.31,Game,1,Predictable,72.57,1,,,5,68.1,,120,Sound,,,
0,FORT,2,1,1776625433.396702,81.32,Game,1,Predictable,72.59,1,,,5,68.1,,120,Sound,,,
0,FORT,2,1,1776625433.396702,81.33,Game,1,Predictable,72.6,1,,,5,68.1,,120,Sound,,,
0,FORT,2,1,1776625433.396702,81.33,Game,1,Predictable,72.61,1,1,,5,68.1,,121,Sound,,,
0,FORT,2,1,1776625433.396702,81.39,Game,1,Predictable,72.61,1,1,,5,68.1,,121,Sound,,,
0,FORT,2,1,1776625433.396702,81.45,Game,1,Predictable,72.61,1,1,,5,68.1,,121,Sound,,,
0,FORT,2,1,1776625433.396702,81.5,Game,1,Predictable,72.61,1,1,,5,68.1,,121,Sound,,,
0,FORT,2,1,1776625433.396702,81.56,Game,1,Predictable,72.61,1,1,,5,68.1,,121,Sound,,,
0,FORT,2,1,1776625433.396702,81.62,Game,1,Predictable,72.61,1,1,,5,68.1,,121,Sound,,,
0,FORT,2,1,1776625433.396702,81.67,Game,1,Predictable,72.61,1,1,,5,68.1,,121,Sound,,,
0,FORT,2,1,1776625433.396702,81.73,Game,1,Predictable,72.61,1,1,,5,68.1,,121,Sound,,,
0,FORT,2,1,1776625433.396702,81.79,Game,1,Predictable,72.61,1,1,,5,68.1,,121,Sound,,,
0,FORT,2,1,1776625433.396702,81.84,Game,1,Predictable,72.61,1,1,,5,68.1,,121,Sound,,,
0,FORT,2,1,1776625433.396702,81.9,Game,1,Predictable,72.61,1,1,,5,68.1,,121,Sound,,,
0,FORT,2,1,1776625433.396702,81.96,Game,1,Predictable,72.61,1,1,,5,68.1,,121,Sound,,,
0,FORT,2,1,1776625433.396702,82.02,Game,1,Predictable,72.61,1,1,,5,68.1,,121,Sound,,,
0,FORT,2,1,1776625433.396702,82.07,Game,1,Predictable,72.61,1,1,,5,68.1,,121,Sound,,,
0,FORT,2,1,1776625433.396702,82.13,Game,1,Predictable,72.61,1,1,,5,68.1,,121,Sound,,,
0,FORT,2,1,1776625433.396702,82.19,Game,1,Predictable,72.61,1,1,,5,68.1,,121,Sound,,,
0,FORT,2,1,1776625433.396702,82.24,Game,1,Predictable,72.61,1,1,,5,68.1,,121,Sound,,,
0,FORT,2,1,1776625433.396702,82.3,Game,1,Predictable,72.61,1,1,,5,68.1,,121,Sound,,,
0,FORT,2,1,1776625433.396702,82.36,Game,1,Predictable,72.61,1,,,5,68.1,,120,Sound,,,
0,FORT,2,1,1776625433.396702,82.37,Game,1,Predictable,73.64,1,,,5,68.1,,120,Sound,,,
0,FORT,2,1,1776625433.396702,82.38,Game,1,Predictable,73.65,1,,,5,68.1,,120,Sound,,,
0,FORT,2,1,1776625433.396702,82.39,Game,1,Predictable,73.66,1,,,5,68.1,,120,Sound,,,
0,FORT,2,1,1776625433.396702,82.41,Game,1,Predictable,73.67,1,,,5,68.1,,120,Sound,,,
0,FORT,2,1,1776625433.396702,82.42,Game,1,Predictable,73.69,1,,,5,68.1,,120,Sound,,,
0,FORT,2,1,1776625433.396702,82.43,Game,1,Predictable,73.7,1,,,5,68.1,,120,Sound,,,
0,FORT,2,1,1776625433.396702,82.44,Game,1,Predictable,73.71,1,,,5,68.1,,120,Sound,,,
0,FORT,2,1,1776625433.396702,82.45,Game,1,Predictable,73.72,1,,,5,68.1,,120,Sound,,,
0,FORT,2,1,1776625433.396702,82.46,Game,1,Predictable,73.73,1,,,5,68.1,,120,Sound,,,
0,FORT,2,1,1776625433.396702,82.47,Game,1,Predictable,73.74,1,,,5,68.1,,120,Sound,,,
0,FORT,2,1,1776625433.396702,82.48,Game,1,Predictable,73.75,1,,,5,68.1,,120,Sound,,,
0,FORT,2,1,1776625433.396702,82.49,Game,1,Predictable,73.76,1,,,5,68.1,,120,Sound,,,
0,FORT,2,1,1776625433.396702,82.51,Game,1,Predictable,73.77,1,,,5,68.1,,120,Sound,,,
0,FORT,2,1,1776625433.396702,82.52,Game,1,Predictable,73.79,1,,,5,68.1,,120,Sound,,,
0,FORT,2,1,1776625433.396702,82.53,Game,1,Predictable,73.8,1,,,5,68.1,,120,Sound,,,
0,FORT,2,1,1776625433.396702,82.54,Game,1,Predictable,73.81,1,,,5,68.1,,120,Sound,,,
0,FORT,2,1,1776625433.396702,82.55,Game,1,Predictable,73.82,1,,,5,68.1,,120,Sound,,,
0,FORT,2,1,1776625433.396702,82.56,Game,1,Predictable,73.83,1,,,5,68.1,,120,Sound,,,
0,FORT,2,1,1776625433.396702,82.57,Game,1,Predictable,73.84,1,,,5,68.1,,120,Sound,,,
0,FORT,2,1,1776625433.396702,82.58,Game,1,Predictable,73.85,1,,,5,68.1,,120,Sound,,,
0,FORT,2,1,1776625433.396702,82.59,Game,1,Predictable,73.86,1,,,5,68.1,,120,Sound,,,
0,FORT,2,1,1776625433.396702,82.61,Game,1,Predictable,73.87,1,,,5,68.1,,120,Sound,,,
0,FORT,2,1,1776625433.396702,82.62,Game,1,Predictable,73.89,1,,,5,68.1,,120,Sound,,,
0,FORT,2,1,1776625433.396702,82.63,Game,1,Predictable,73.9,1,,,5,68.1,,120,Sound,,,
0,FORT,2,1,1776625433.396702,82.64,Game,1,Predictable,73.91,1,,,5,68.1,,120,Sound,,,
0,FORT,2,1,1776625433.396702,82.65,Game,1,Predictable,73.92,1,,,5,68.1,,120,Sound,,,
0,FORT,2,1,1776625433.396702,82.66,Game,1,Predictable,73.93,1,,,5,68.1,,120,Sound,,,
0,FORT,2,1,1776625433.396702,82.67,Game,1,Predictable,73.94,1,,,5,68.1,,120,Sound,,,
0,FORT,2,1,1776625433.396702,82.68,Game,1,Predictable,73.95,1,,,5,68.1,,120,Sound,,,
0,FORT,2,1,1776625433.396702,82.69,Game,1,Predictable,73.96,1,,,5,68.1,,120,Sound,,,
0,FORT,2,1,1776625433.396702,82.71,Game,1,Predictable,73.97,1,,,5,68.1,,120,Sound,,,
0,FORT,2,1,1776625433.396702,82.72,Game,1,Predictable,73.99,1,,,5,68.1,,120,Sound,,,
0,FORT,2,1,1776625433.396702,82.73,Game,1,Predictable,74.0,1,,,5,68.1,,120,Sound,,,
0,FORT,2,1,1776625433.396702,82.74,Game,1,Predictable,74.01,1,,,5,68.1,,120,Sound,,,
0,FORT,2,1,1776625433.396702,82.75,Game,1,Predictable,74.02,1,,,5,68.1,,120,Sound,,,
0,FORT,2,1,1776625433.396702,82.76,Game,1,Predictable,74.03,1,,,5,68.1,,120,Sound,,,
0,FORT,2,1,1776625433.396702,82.77,Game,1,Predictable,74.04,1,,,5,68.1,,120,Sound,,,
0,FORT,2,1,1776625433.396702,82.78,Game,1,Predictable,74.05,1,,,5,68.1,,120,Sound,,,
0,FORT,2,1,1776625433.396702,82.79,Game,1,Predictable,74.06,1,,,5,68.1,,120,Sound,,,
0,FORT,2,1,1776625433.396702,82.81,Game,1,Predictable,74.07,1,,,5,68.1,,120,Sound,,,
0,FORT,2,1,1776625433.396702,82.82,Game,1,Predictable,74.09,1,,,5,68.1,,120,Sound,,,
0,FORT,2,1,1776625433.396702,82.83,Game,1,Predictable,74.1,1,,,5,68.1,,120,Sound,,,
0,FORT,2,1,1776625433.396702,82.84,Game,1,Predictable,74.11,1,,,5,68.1,,120,Sound,,,
0,FORT,2,1,1776625433.396702,82.85,Game,1,Predictable,74.12,1,,,5,68.1,,120,Sound,,,
0,FORT,2,1,1776625433.396702,82.86,Game,1,Predictable,74.13,1,,,5,68.1,,120,Sound,,,
0,FORT,2,1,1776625433.396702,82.87,Game,1,Predictable,74.14,1,,,5,68.1,,120,Sound,,,
0,FORT,2,1,1776625433.396702,82.88,Game,1,Predictable,74.15,1,,,5,68.1,,120,Sound,,,
0,FORT,2,1,1776625433.396702,82.89,Game,1,Predictable,74.16,1,,,5,68.1,,120,Sound,,,
0,FORT,2,1,1776625433.396702,82.91,Game,1,Predictable,74.17,1,,,5,68.1,,120,Sound,,,
0,FORT,2,1,1776625433.396702,82.92,Game,1,Predictable,74.19,1,,,5,68.1,,120,Sound,,,
0,FORT,2,1,1776625433.396702,82.93,Game,1,Predictable,74.2,1,,,5,68.1,,120,Sound,,,
0,FORT,2,1,1776625433.396702,82.94,Game,1,Predictable,74.21,1,,,5,68.1,,120,Sound,,,
0,FORT,2,1,1776625433.396702,82.95,Game,1,Predictable,74.22,1,,,5,68.1,,120,Sound,,,
0,FORT,2,1,1776625433.396702,82.96,Game,1,Predictable,74.23,1,,,5,68.1,,120,Sound,,,
0,FORT,2,1,1776625433.396702,82.97,Game,1,Predictable,74.24,1,,,5,68.1,,120,Sound,,,
0,FORT,2,1,1776625433.396702,82.98,Game,1,Predictable,74.25,1,,,5,68.1,,120,Sound,,,
0,FORT,2,1,1776625433.396702,82.99,Game,1,Predictable,74.26,1,,,5,68.1,,120,Sound,,,
0,FORT,2,1,1776625433.396702,83.01,Game,1,Predictable,74.27,1,,,5,68.1,,120,Sound,,,
0,FORT,2,1,1776625433.396702,83.02,Game,1,Predictable,74.29,1,,,5,68.1,,120,Sound,,,
0,FORT,2,1,1776625433.396702,83.03,Game,1,Predictable,74.3,1,,,5,68.1,,120,Sound,,,
0,FORT,2,1,1776625433.396702,83.04,Game,1,Predictable,74.31,1,,,5,68.1,,120,Sound,,,
0,FORT,2,1,1776625433.396702,83.05,Game,1,Predictable,74.32,1,,,5,68.1,,120,Sound,,,
0,FORT,2,1,1776625433.396702,83.06,Game,1,Predictable,74.33,1,,,5,68.1,,120,Sound,,,
0,FORT,2,1,1776625433.396702,83.07,Game,1,Predictable,74.34,1,,,5,68.1,,120,Sound,,,
0,FORT,2,1,1776625433.396702,83.08,Game,1,Predictable,74.35,1,,,5,68.1,,120,Sound,,,
0,FORT,2,1,1776625433.396702,83.09,Game,1,Predictable,74.36,1,,,5,68.1,,120,Sound,,,
0,FORT,2,1,1776625433.396702,83.11,Game,1,Predictable,74.37,1,,,5,68.1,,120,Sound,,,
0,FORT,2,1,1776625433.396702,83.12,Game,1,Predictable,74.39,1,,,5,68.1,,120,Sound,,,
0,FORT,2,1,1776625433.396702,83.13,Game,1,Predictable,74.4,1,,,5,68.1,,120,Sound,,,
0,FORT,2,1,1776625433.396702,83.14,Game,1,Predictable,74.41,1,,,5,68.1,,120,Sound,,,
0,FORT,2,1,1776625433.396702,83.15,Game,1,Predictable,74.42,1,,,5,68.1,,120,Sound,,,
0,FORT,2,1,1776625433.396702,83.16,Game,1,Predictable,74.43,1,,,5,68.1,,120,Sound,,,
0,FORT,2,1,1776625433.396702,83.17,Game,1,Predictable,74.44,1,,,5,68.1,,120,Sound,,,
0,FORT,2,1,1776625433.396702,83.18,Game,1,Predictable,74.45,1,,,5,68.1,,120,Sound,,,
0,FORT,2,1,1776625433.396702,83.19,Game,1,Predictable,74.46,1,,,5,68.1,,120,Sound,,,
0,FORT,2,1,1776625433.396702,83.21,Game,1,Predictable,74.47,1,,,5,68.1,,120,Sound,,,
0,FORT,2,1,1776625433.396702,83.22,Game,1,Predictable,74.49,1,,,5,68.1,,120,Sound,,,
0,FORT,2,1,1776625433.396702,83.23,Game,1,Predictable,74.5,1,,,5,68.1,,120,Sound,,,
0,FORT,2,1,1776625433.396702,83.24,Game,1,Predictable,74.51,1,,,5,68.1,,120,Sound,,,
0,FORT,2,1,1776625433.396702,83.25,Game,1,Predictable,74.52,1,,,5,68.1,,120,Sound,,,
0,FORT,2,1,1776625433.396702,83.26,Game,1,Predictable,74.53,1,,,5,68.1,,120,Sound,,,
0,FORT,2,1,1776625433.396702,83.27,Game,1,Predictable,74.54,1,,,5,68.1,,120,Sound,,,
0,FORT,2,1,1776625433.396702,83.28,Game,1,Predictable,74.55,1,,,5,68.1,,120,Sound,,,
0,FORT,2,1,1776625433.396702,83.29,Game,1,Predictable,74.56,1,,,5,68.1,,120,Sound,,,
0,FORT,2,1,1776625433.396702,83.31,Game,1,Predictable,74.57,1,,,5,68.1,,120,Sound,,,
0,FORT,2,1,1776625433.396702,83.32,Game,1,Predictable,74.59,1,,,5,68.1,,120,Sound,,,
0,FORT,2,1,1776625433.396702,83.33,Game,1,Predictable,74.6,1,,,5,68.1,,120,Sound,,,
0,FORT,2,1,1776625433.396702,83.34,Game,1,Predictable,74.61,1,,,5,68.1,,120,Sound,,,
0,FORT,2,1,1776625433.396702,83.35,Game,1,Predictable,74.62,1,,,5,68.1,,120,Sound,,,
0,FORT,2,1,1776625433.396702,83.36,Game,1,Predictable,74.63,1,,,5,68.1,,120,Sound,,,
0,FORT,2,1,1776625433.396702,83.37,Game,1,Predictable,74.64,1,,,5,68.1,,120,Sound,,,
0,FORT,2,1,1776625433.396702,83.38,Game,1,Predictable,74.65,1,,,5,68.1,,120,Sound,,,
0,FORT,2,1,1776625433.396702,83.39,Game,1,Predictable,74.66,1,,,5,68.1,,120,Sound,,,
0,FORT,2,1,1776625433.396702,83.41,Game,1,Predictable,74.67,1,,,5,68.1,,120,Sound,,,
0,FORT,2,1,1776625433.396702,83.42,Game,1,Predictable,74.69,1,,,5,68.1,,120,Sound,,,
0,FORT,2,1,1776625433.396702,83.43,Game,1,Predictable,74.7,1,,,5,68.1,,120,Sound,,,
0,FORT,2,1,1776625433.396702,83.44,Game,1,Predictable,74.71,1,,,5,68.1,,120,Sound,,,
0,FORT,2,1,1776625433.396702,83.45,Game,1,Predictable,74.72,1,,,5,68.1,,120,Sound,,,
0,FORT,2,1,1776625433.396702,83.46,Game,1,Predictable,74.73,1,,,5,68.1,,120,Sound,,,
0,FORT,2,1,1776625433.396702,83.47,Game,1,Predictable,74.74,1,,,5,68.1,,120,Sound,,,
0,FORT,2,1,1776625433.396702,83.48,Game,1,Predictable,74.75,1,,,5,68.1,,120,Sound,,,
0,FORT,2,1,1776625433.396702,83.49,Game,1,Predictable,74.76,1,,,5,68.1,,120,Sound,,,
0,FORT,2,1,1776625433.396702,83.51,Game,1,Predictable,74.77,1,,,5,68.1,,120,Sound,,,
0,FORT,2,1,1776625433.396702,83.52,Game,1,Predictable,74.79,1,,,5,68.1,,120,Sound,,,
0,FORT,2,1,1776625433.396702,83.53,Game,1,Predictable,74.8,1,,,5,68.1,,120,Sound,,,
0,FORT,2,1,1776625433.396702,83.54,Game,1,Predictable,74.81,1,,,5,68.1,,120,Sound,,,
0,FORT,2,1,1776625433.396702,83.55,Game,1,Predictable,74.82,1,,,5,68.1,,120,Sound,,,
0,FORT,2,1,1776625433.396702,83.56,Game,1,Predictable,74.83,1,,,5,68.1,,120,Sound,,,
0,FORT,2,1,1776625433.396702,83.57,Game,1,Predictable,74.84,1,,,5,68.1,,120,Sound,,,
0,FORT,2,1,1776625433.396702,83.58,Game,1,Predictable,74.85,1,,,5,68.1,,120,Sound,,,
0,FORT,2,1,1776625433.396702,83.59,Game,1,Predictable,74.86,1,,,5,68.1,,120,Sound,,,
0,FORT,2,1,1776625433.396702,83.61,Game,1,Predictable,74.87,1,,,5,68.1,,120,Sound,,,
0,FORT,2,1,1776625433.396702,83.62,Game,1,Predictable,74.89,1,,,5,68.1,,120,Sound,,,
0,FORT,2,1,1776625433.396702,83.63,Game,1,Predictable,74.9,1,,,5,68.1,,120,Sound,,,
0,FORT,2,1,1776625433.396702,83.64,Game,1,Predictable,74.91,1,,,5,68.1,,120,Sound,,,
0,FORT,2,1,1776625433.396702,83.65,Game,1,Predictable,74.92,1,,,5,68.1,,120,Sound,,,
0,FORT,2,1,1776625433.396702,83.66,Game,1,Predictable,74.93,1,,,5,68.1,,120,Sound,,,
0,FORT,2,1,1776625433.396702,83.67,Game,1,Predictable,74.94,1,,,5,68.1,,120,Sound,,,
0,FORT,2,1,1776625433.396702,83.68,Game,1,Predictable,74.95,1,,,5,68.1,,120,Sound,,,
0,FORT,2,1,1776625433.396702,83.69,Game,1,Predictable,74.96,1,,,5,68.1,,120,Sound,,,
0,FORT,2,1,1776625433.396702,83.71,Game,1,Predictable,74.97,1,,,5,68.1,,120,Sound,,,
0,FORT,2,1,1776625433.396702,83.72,Game,1,Predictable,74.99,1,,,5,68.1,,120,Sound,,,
0,FORT,2,1,1776625433.396702,83.73,Game,1,Predictable,75.0,1,,,5,68.1,,120,Sound,,,
0,FORT,2,1,1776625433.396702,83.74,Game,1,Predictable,75.01,1,,,5,68.1,,120,Sound,,,
0,FORT,2,1,1776625433.396702,83.76,Game,1,Predictable,75.02,1,,,5,68.1,,120,Sound,,,
0,FORT,2,1,1776625433.396702,83.77,Game,1,Predictable,75.04,1,,,5,68.1,,120,Sound,,,
0,FORT,2,1,1776625433.396702,83.78,Game,1,Predictable,75.05,1,,,5,68.1,,120,Sound,,,
0,FORT,2,1,1776625433.396702,83.81,Game,1,Predictable,75.06,1,,,5,68.1,,120,Sound,,,
0,FORT,2,1,1776625433.396702,83.82,Game,1,Predictable,75.09,1,,,5,68.1,,120,Sound,,,
0,FORT,2,1,1776625433.396702,83.83,Game,1,Predictable,75.1,1,,,5,68.1,,120,Sound,,,
0,FORT,2,1,1776625433.396702,83.84,Game,1,Predictable,75.11,1,,,5,68.1,,120,Sound,,,
0,FORT,2,1,1776625433.396702,83.86,Game,1,Predictable,75.12,1,,,5,68.1,,120,Sound,,,
0,FORT,2,1,1776625433.396702,83.87,Game,1,Predictable,75.14,1,,,5,68.1,,120,Sound,,,
0,FORT,2,1,1776625433.396702,83.88,Game,1,Predictable,75.15,1,,,5,68.1,,120,Sound,,,
0,FORT,2,1,1776625433.396702,83.89,Game,1,Predictable,75.16,1,,,5,68.1,,120,Sound,,,
0,FORT,2,1,1776625433.396702,83.9,Game,1,Predictable,75.17,1,,,5,68.1,,120,Sound,,,
0,FORT,2,1,1776625433.396702,83.91,Game,1,Predictable,75.18,1,,,5,68.1,,120,Sound,,,
0,FORT,2,1,1776625433.396702,83.92,Game,1,Predictable,75.19,1,,,5,68.1,,120,Sound,,,
0,FORT,2,1,1776625433.396702,83.93,Game,1,Predictable,75.2,1,,,5,68.1,,120,Sound,,,
0,FORT,2,1,1776625433.396702,83.94,Game,1,Predictable,75.21,1,,,5,68.1,,120,Sound,,,
0,FORT,2,1,1776625433.396702,83.96,Game,1,Predictable,75.22,1,,,5,68.1,,120,Sound,,,
0,FORT,2,1,1776625433.396702,83.97,Game,1,Predictable,75.24,1,,,5,68.1,,120,Sound,,,
0,FORT,2,1,1776625433.396702,83.98,Game,1,Predictable,75.25,1,,,5,68.1,,120,Sound,,,
0,FORT,2,1,1776625433.396702,83.99,Game,1,Predictable,75.26,1,,,5,68.1,,120,Sound,,,
0,FORT,2,1,1776625433.396702,84.0,Game,1,Predictable,75.27,1,,,5,68.1,,120,Sound,,,
0,FORT,2,1,1776625433.396702,84.01,Game,1,Predictable,75.28,1,,,5,68.1,,120,Sound,,,
0,FORT,2,1,1776625433.396702,84.02,Game,1,Predictable,75.29,1,,,5,68.1,,120,Sound,,,
0,FORT,2,1,1776625433.396702,84.03,Game,1,Predictable,75.3,1,,,5,68.1,,120,Sound,,,
0,FORT,2,1,1776625433.396702,84.04,Game,1,Predictable,75.31,1,,,5,68.1,,120,Sound,,,
0,FORT,2,1,1776625433.396702,84.06,Game,1,Predictable,75.32,1,,,5,68.1,,120,Sound,,,
0,FORT,2,1,1776625433.396702,84.07,Game,1,Predictable,75.34,1,,,5,68.1,,120,Sound,,,
0,FORT,2,1,1776625433.396702,84.08,Game,1,Predictable,75.35,1,,,5,68.1,,120,Sound,,,
0,FORT,2,1,1776625433.396702,84.09,Game,1,Predictable,75.36,1,,,5,68.1,,120,Sound,,,
0,FORT,2,1,1776625433.396702,84.1,Game,1,Predictable,75.37,1,,,5,68.1,,120,Sound,,,
0,FORT,2,1,1776625433.396702,84.11,Game,1,Predictable,75.38,1,,,5,68.1,,120,Sound,,,
0,FORT,2,1,1776625433.396702,84.12,Game,1,Predictable,75.39,1,,,5,68.1,,120,Sound,,,
0,FORT,2,1,1776625433.396702,84.13,Game,1,Predictable,75.4,1,,,5,68.1,,120,Sound,,,
0,FORT,2,1,1776625433.396702,84.14,Game,1,Predictable,75.41,1,,,5,68.1,,120,Sound,,,
0,FORT,2,1,1776625433.396702,84.16,Game,1,Predictable,75.42,1,,,5,68.1,,120,Sound,,,
0,FORT,2,1,1776625433.396702,84.17,Game,1,Predictable,75.44,1,,,5,68.1,,120,Sound,,,
0,FORT,2,1,1776625433.396702,84.18,Game,1,Predictable,75.45,1,,,5,68.1,,120,Sound,,,
0,FORT,2,1,1776625433.396702,84.19,Game,1,Predictable,75.46,1,,,5,68.1,,120,Sound,,,
0,FORT,2,1,1776625433.396702,84.2,Game,1,Predictable,75.47,1,,,5,68.1,,120,Sound,,,
0,FORT,2,1,1776625433.396702,84.21,Game,1,Predictable,75.48,1,,,5,68.1,,120,Sound,,,
0,FORT,2,1,1776625433.396702,84.22,Game,1,Predictable,75.49,1,,,5,68.1,,120,Sound,,,
0,FORT,2,1,1776625433.396702,84.23,Game,1,Predictable,75.5,1,,,5,68.1,,120,Sound,,,
0,FORT,2,1,1776625433.396702,84.24,Game,1,Predictable,75.51,1,,,5,68.1,,120,Sound,,,
0,FORT,2,1,1776625433.396702,84.26,Game,1,Predictable,75.52,1,,,5,68.1,,120,Sound,,,
0,FORT,2,1,1776625433.396702,84.27,Game,1,Predictable,75.54,1,,,5,68.1,,120,Sound,,,
0,FORT,2,1,1776625433.396702,84.28,Game,1,Predictable,75.55,1,,,5,68.1,,120,Sound,,,
0,FORT,2,1,1776625433.396702,84.29,Game,1,Predictable,75.56,1,,,5,68.1,,120,Sound,,,
0,FORT,2,1,1776625433.396702,84.3,Game,1,Predictable,75.57,1,,,5,68.1,,120,Sound,,,
0,FORT,2,1,1776625433.396702,84.31,Game,1,Predictable,75.58,1,,,5,68.1,,120,Sound,,,
0,FORT,2,1,1776625433.396702,84.32,Game,1,Predictable,75.59,1,,,5,68.1,,120,Sound,,,
0,FORT,2,1,1776625433.396702,84.33,Game,1,Predictable,75.6,1,,,5,68.1,,120,Sound,,,
0,FORT,2,1,1776625433.396702,84.34,Game,1,Predictable,75.61,1,,,5,68.1,,120,Sound,,,
0,FORT,2,1,1776625433.396702,84.36,Game,1,Predictable,75.62,1,,,5,68.1,,120,Sound,,,
0,FORT,2,1,1776625433.396702,84.37,Game,1,Predictable,75.64,1,,,5,68.1,,120,Sound,,,
0,FORT,2,1,1776625433.396702,84.38,Game,1,Predictable,75.65,1,,,5,68.1,,120,Sound,,,
0,FORT,2,1,1776625433.396702,84.39,Game,1,Predictable,75.66,1,,,5,68.1,,120,Sound,,,
0,FORT,2,1,1776625433.396702,84.4,Game,1,Predictable,75.67,1,,,5,68.1,,120,Sound,,,
0,FORT,2,1,1776625433.396702,84.41,Game,1,Predictable,75.68,1,,,5,68.1,,120,Sound,,,
0,FORT,2,1,1776625433.396702,84.42,Game,1,Predictable,75.69,1,,,5,68.1,,120,Sound,,,
0,FORT,2,1,1776625433.396702,84.43,Game,1,Predictable,75.7,1,,,5,68.1,,120,Sound,,,
0,FORT,2,1,1776625433.396702,84.44,Game,1,Predictable,75.71,1,,,5,68.1,,120,Sound,,,
0,FORT,2,1,1776625433.396702,84.46,Game,1,Predictable,75.72,1,,,5,68.1,,120,Sound,,,
0,FORT,2,1,1776625433.396702,84.47,Game,1,Predictable,75.74,1,,,5,68.1,,120,Sound,,,
0,FORT,2,1,1776625433.396702,84.48,Game,1,Predictable,75.75,1,,,5,68.1,,120,Sound,,,
0,FORT,2,1,1776625433.396702,84.49,Game,1,Predictable,75.76,1,,,5,68.1,,120,Sound,,,
0,FORT,2,1,1776625433.396702,84.5,Game,1,Predictable,75.77,1,,,5,68.1,,120,Sound,,,
0,FORT,2,1,1776625433.396702,84.51,Game,1,Predictable,75.78,1,,,5,68.1,,120,Sound,,,
0,FORT,2,1,1776625433.396702,84.52,Game,1,Predictable,75.79,1,,,5,68.1,,120,Sound,,,
0,FORT,2,1,1776625433.396702,84.53,Game,1,Predictable,75.8,1,,,5,68.1,,120,Sound,,,
0,FORT,2,1,1776625433.396702,84.54,Game,1,Predictable,75.81,1,,,5,68.1,,120,Sound,,,
0,FORT,2,1,1776625433.396702,84.56,Game,1,Predictable,75.82,1,,,5,68.1,,120,Sound,,,
0,FORT,2,1,1776625433.396702,84.57,Game,1,Predictable,75.84,1,,,5,68.1,,120,Sound,,,
0,FORT,2,1,1776625433.396702,84.58,Game,1,Predictable,75.85,1,,,5,68.1,,120,Sound,,,
0,FORT,2,1,1776625433.396702,84.59,Game,1,Predictable,75.86,1,,,5,68.1,,120,Sound,,,
0,FORT,2,1,1776625433.396702,84.6,Game,1,Predictable,75.87,1,,,5,68.1,,120,Sound,,,
0,FORT,2,1,1776625433.396702,84.61,Game,1,Predictable,75.88,1,,,5,68.1,,120,Sound,,,
0,FORT,2,1,1776625433.396702,84.62,Game,1,Predictable,75.89,1,,,5,68.1,,120,Sound,,,
0,FORT,2,1,1776625433.396702,84.63,Game,1,Predictable,75.9,1,,,5,68.1,,120,Sound,,,
0,FORT,2,1,1776625433.396702,84.64,Game,1,Predictable,75.91,1,,,5,68.1,,120,Sound,,,
0,FORT,2,1,1776625433.396702,84.66,Game,1,Predictable,75.92,1,,,5,68.1,,120,Sound,,,
0,FORT,2,1,1776625433.396702,84.67,Game,1,Predictable,75.94,1,,,5,68.1,,120,Sound,,,
0,FORT,2,1,1776625433.396702,84.68,Game,1,Predictable,75.95,1,,,5,68.1,,120,Sound,,,
0,FORT,2,1,1776625433.396702,84.69,Game,1,Predictable,75.96,1,,,5,68.1,,120,Sound,,,
0,FORT,2,1,1776625433.396702,84.7,Game,1,Predictable,75.97,1,,,5,68.1,,120,Sound,,,
0,FORT,2,1,1776625433.396702,84.71,Game,1,Predictable,75.98,1,,,5,68.1,,120,Sound,,,
0,FORT,2,1,1776625433.396702,84.72,Game,1,Predictable,75.99,1,,,5,68.1,,120,Sound,,,
0,FORT,2,1,1776625433.396702,84.73,Game,1,Predictable,76.0,1,,,5,68.1,,120,Sound,,,
0,FORT,2,1,1776625433.396702,84.74,Game,1,Predictable,76.01,1,,,5,68.1,,120,Sound,,,
0,FORT,2,1,1776625433.396702,84.76,Game,1,Predictable,76.02,1,,,5,68.1,,120,Sound,,,
0,FORT,2,1,1776625433.396702,84.77,Game,1,Predictable,76.04,1,,,5,68.1,,120,Sound,,,
0,FORT,2,1,1776625433.396702,84.78,Game,1,Predictable,76.05,1,,,5,68.1,,120,Sound,,,
0,FORT,2,1,1776625433.396702,84.79,Game,1,Predictable,76.06,1,,,5,68.1,,120,Sound,,,
0,FORT,2,1,1776625433.396702,84.8,Game,1,Predictable,76.07,1,,,5,68.1,,120,Sound,,,
0,FORT,2,1,1776625433.396702,84.81,Game,1,Predictable,76.08,1,,,5,68.1,,120,Sound,,,
0,FORT,2,1,1776625433.396702,84.82,Game,1,Predictable,76.09,1,,,5,68.1,,120,Sound,,,
0,FORT,2,1,1776625433.396702,84.83,Game,1,Predictable,76.1,1,,,5,68.1,,120,Sound,,,
0,FORT,2,1,1776625433.396702,84.84,Game,1,Predictable,76.11,1,,,5,68.1,,120,Sound,,,
0,FORT,2,1,1776625433.396702,84.86,Game,1,Predictable,76.12,1,,,5,68.1,,120,Sound,,,
0,FORT,2,1,1776625433.396702,84.87,Game,1,Predictable,76.14,1,,,5,68.1,,120,Sound,,,
0,FORT,2,1,1776625433.396702,84.88,Game,1,Predictable,76.15,1,,,5,68.1,,120,Sound,,,
0,FORT,2,1,1776625433.396702,84.89,Game,1,Predictable,76.16,1,,,5,68.1,,120,Sound,,,
0,FORT,2,1,1776625433.396702,84.9,Game,1,Predictable,76.17,1,,,5,68.1,,120,Sound,,,
0,FORT,2,1,1776625433.396702,84.91,Game,1,Predictable,76.18,1,,,5,68.1,,120,Sound,,,
0,FORT,2,1,1776625433.396702,84.92,Game,1,Predictable,76.19,1,,,5,68.1,,120,Sound,,,
0,FORT,2,1,1776625433.396702,84.93,Game,1,Predictable,76.2,1,,,5,68.1,,120,Sound,,,
0,FORT,2,1,1776625433.396702,84.94,Game,1,Predictable,76.21,1,,,5,68.1,,120,Sound,,,
0,FORT,2,1,1776625433.396702,84.96,Game,1,Predictable,76.22,1,,,5,68.1,,120,Sound,,,
0,FORT,2,1,1776625433.396702,84.97,Game,1,Predictable,76.24,1,,,5,68.1,,120,Sound,,,
0,FORT,2,1,1776625433.396702,84.98,Game,1,Predictable,76.25,1,,,5,68.1,,120,Sound,,,
0,FORT,2,1,1776625433.396702,84.99,Game,1,Predictable,76.26,1,,,5,68.1,,120,Sound,,,
0,FORT,2,1,1776625433.396702,85.0,Game,1,Predictable,76.27,1,,,5,68.1,,120,Sound,,,
0,FORT,2,1,1776625433.396702,85.01,Game,1,Predictable,76.28,1,,,5,68.1,,120,Sound,,,
0,FORT,2,1,1776625433.396702,85.02,Game,1,Predictable,76.29,1,,,5,68.1,,120,Sound,,,
0,FORT,2,1,1776625433.396702,85.03,Game,1,Predictable,76.3,1,,,5,68.1,,120,Sound,,,
0,FORT,2,1,1776625433.396702,85.05,Game,1,Predictable,76.31,1,,,5,68.1,,120,Sound,,,
0,FORT,2,1,1776625433.396702,85.06,Game,1,Predictable,76.33,1,,,5,68.1,,120,Sound,,,
0,FORT,2,1,1776625433.396702,85.07,Game,1,Predictable,76.34,1,,,5,68.1,,120,Sound,,,
0,FORT,2,1,1776625433.396702,85.08,Game,1,Predictable,76.35,1,,,5,68.1,,120,Sound,,,
0,FORT,2,1,1776625433.396702,85.1,Game,1,Predictable,76.36,1,,,5,68.1,,120,Sound,,,
0,FORT,2,1,1776625433.396702,85.11,Game,1,Predictable,76.38,1,,,5,68.1,,120,Sound,,,
0,FORT,2,1,1776625433.396702,85.12,Game,1,Predictable,76.39,1,,,5,68.1,,120,Sound,,,
0,FORT,2,1,1776625433.396702,85.13,Game,1,Predictable,76.4,1,,,5,68.1,,120,Sound,,,
0,FORT,2,1,1776625433.396702,85.14,Game,1,Predictable,76.41,1,,,5,68.1,,120,Sound,,,
0,FORT,2,1,1776625433.396702,85.15,Game,1,Predictable,76.42,1,,,5,68.1,,120,Sound,,,
0,FORT,2,1,1776625433.396702,85.16,Game,1,Predictable,76.43,1,,,5,68.1,,120,Sound,,,
0,FORT,2,1,1776625433.396702,85.17,Game,1,Predictable,76.44,1,,,5,68.1,,120,Sound,,,
0,FORT,2,1,1776625433.396702,85.18,Game,1,Predictable,76.45,1,,,5,68.1,,120,Sound,,,
0,FORT,2,1,1776625433.396702,85.19,Game,1,Predictable,76.46,1,,,5,68.1,,120,Sound,,,
0,FORT,2,1,1776625433.396702,85.21,Game,1,Predictable,76.47,1,,,5,68.1,,120,Sound,,,
0,FORT,2,1,1776625433.396702,85.22,Game,1,Predictable,76.49,1,,,5,68.1,,120,Sound,,,
0,FORT,2,1,1776625433.396702,85.23,Game,1,Predictable,76.5,1,,,5,68.1,,120,Sound,,,
0,FORT,2,1,1776625433.396702,85.24,Game,1,Predictable,76.51,1,,,5,68.1,,120,Sound,,,
0,FORT,2,1,1776625433.396702,85.25,Game,1,Predictable,76.52,1,,,5,68.1,,120,Sound,,,
0,FORT,2,1,1776625433.396702,85.26,Game,1,Predictable,76.53,1,,,5,68.1,,120,Sound,,,
0,FORT,2,1,1776625433.396702,85.27,Game,1,Predictable,76.54,1,,,5,68.1,,120,Sound,,,
0,FORT,2,1,1776625433.396702,85.28,Game,1,Predictable,76.55,1,,,5,68.1,,120,Sound,,,
0,FORT,2,1,1776625433.396702,85.29,Game,1,Predictable,76.56,1,,,5,68.1,,120,Sound,,,
0,FORT,2,1,1776625433.396702,85.31,Game,1,Predictable,76.57,1,,,5,68.1,,120,Sound,,,
0,FORT,2,1,1776625433.396702,85.32,Game,1,Predictable,76.59,1,,,5,68.1,,120,Sound,,,
0,FORT,2,1,1776625433.396702,85.33,Game,1,Predictable,76.6,1,,,5,68.1,,120,Sound,,,
0,FORT,2,1,1776625433.396702,85.34,Game,1,Predictable,76.61,1,,,5,68.1,,120,Sound,,,
0,FORT,2,1,1776625433.396702,85.35,Game,1,Predictable,76.62,1,,,5,68.1,,120,Sound,,,
0,FORT,2,1,1776625433.396702,85.36,Game,1,Predictable,76.63,1,,,5,68.1,,120,Sound,,,
0,FORT,2,1,1776625433.396702,85.37,Game,1,Predictable,76.64,1,,,5,68.1,,120,Sound,,,
0,FORT,2,1,1776625433.396702,85.38,Game,1,Predictable,76.65,1,,,5,68.1,,120,Sound,,,
0,FORT,2,1,1776625433.396702,85.39,Game,1,Predictable,76.66,1,,,5,68.1,,120,Sound,,,
0,FORT,2,1,1776625433.396702,85.41,Game,1,Predictable,76.67,1,,,5,68.1,,120,Sound,,,
0,FORT,2,1,1776625433.396702,85.42,Game,1,Predictable,76.69,1,,,5,68.1,,120,Sound,,,
0,FORT,2,1,1776625433.396702,85.43,Game,1,Predictable,76.7,1,,,5,68.1,,120,Sound,,,
0,FORT,2,1,1776625433.396702,85.44,Game,1,Predictable,76.71,1,,,5,68.1,,120,Sound,,,
0,FORT,2,1,1776625433.396702,85.45,Game,1,Predictable,76.72,1,,,5,68.1,,120,Sound,,,
0,FORT,2,1,1776625433.396702,85.46,Game,1,Predictable,76.73,1,,,5,68.1,,120,Sound,,,
0,FORT,2,1,1776625433.396702,85.47,Game,1,Predictable,76.74,1,,,5,68.1,,120,Sound,,,
0,FORT,2,1,1776625433.396702,85.48,Game,1,Predictable,76.75,1,,,5,68.1,,120,Sound,,,
0,FORT,2,1,1776625433.396702,85.49,Game,1,Predictable,76.76,1,,,5,68.1,,120,Sound,,,
0,FORT,2,1,1776625433.396702,85.51,Game,1,Predictable,76.77,1,,,5,68.1,,120,Sound,,,
0,FORT,2,1,1776625433.396702,85.52,Game,1,Predictable,76.79,1,,,5,68.1,,120,Sound,,,
0,FORT,2,1,1776625433.396702,85.53,Game,1,Predictable,76.8,1,,,5,68.1,,120,Sound,,,
0,FORT,2,1,1776625433.396702,85.54,Game,1,Predictable,76.81,1,,,5,68.1,,120,Sound,,,
0,FORT,2,1,1776625433.396702,85.55,Game,1,Predictable,76.82,1,,,5,68.1,,120,Sound,,,
0,FORT,2,1,1776625433.396702,85.56,Game,1,Predictable,76.83,1,,,5,68.1,,120,Sound,,,
0,FORT,2,1,1776625433.396702,85.57,Game,1,Predictable,76.84,1,,,5,68.1,,120,Sound,,,
0,FORT,2,1,1776625433.396702,85.58,Game,1,Predictable,76.85,1,,,5,68.1,,120,Sound,,,
0,FORT,2,1,1776625433.396702,85.59,Game,1,Predictable,76.86,1,,,5,68.1,,120,Sound,,,
0,FORT,2,1,1776625433.396702,85.61,Game,1,Predictable,76.87,1,,,5,68.1,,120,Sound,,,
0,FORT,2,1,1776625433.396702,85.62,Game,1,Predictable,76.89,1,,,5,68.1,,120,Sound,,,
0,FORT,2,1,1776625433.396702,85.63,Game,1,Predictable,76.9,1,,,5,68.1,,120,Sound,,,
0,FORT,2,1,1776625433.396702,85.64,Game,1,Predictable,76.91,1,,,5,68.1,,120,Sound,,,
0,FORT,2,1,1776625433.396702,85.65,Game,1,Predictable,76.92,1,,,5,68.1,,120,Sound,,,
0,FORT,2,1,1776625433.396702,85.66,Game,1,Predictable,76.93,1,,,5,68.1,,120,Sound,,,
0,FORT,2,1,1776625433.396702,85.67,Game,1,Predictable,76.94,1,,,5,68.1,,120,Sound,,,
0,FORT,2,1,1776625433.396702,85.68,Game,1,Predictable,76.95,1,,,5,68.1,,120,Sound,,,
0,FORT,2,1,1776625433.396702,85.69,Game,1,Predictable,76.96,1,,,5,68.1,,120,Sound,,,
0,FORT,2,1,1776625433.396702,85.71,Game,1,Predictable,76.97,1,,,5,68.1,,120,Sound,,,
0,FORT,2,1,1776625433.396702,85.72,Game,1,Predictable,76.99,1,,,5,68.1,,120,Sound,,,
0,FORT,2,1,1776625433.396702,85.73,Game,1,Predictable,77.0,1,,,5,68.1,,120,Sound,,,
0,FORT,2,1,1776625433.396702,85.74,Game,1,Predictable,77.01,1,,,5,68.1,,120,Sound,,,
0,FORT,2,1,1776625433.396702,85.75,Game,1,Predictable,77.02,1,,,5,68.1,,120,Sound,,,
0,FORT,2,1,1776625433.396702,85.76,Game,1,Predictable,77.03,1,,,5,68.1,,120,Sound,,,
0,FORT,2,1,1776625433.396702,85.77,Game,1,Predictable,77.04,1,,,5,68.1,,120,Sound,,,
0,FORT,2,1,1776625433.396702,85.78,Game,1,Predictable,77.05,1,,,5,68.1,,120,Sound,,,
0,FORT,2,1,1776625433.396702,85.79,Game,1,Predictable,77.06,1,,,5,68.1,,120,Sound,,,
0,FORT,2,1,1776625433.396702,85.81,Game,1,Predictable,77.07,1,,,5,68.1,,120,Sound,,,
0,FORT,2,1,1776625433.396702,85.82,Game,1,Predictable,77.09,1,,,5,68.1,,120,Sound,,,
0,FORT,2,1,1776625433.396702,85.83,Game,1,Predictable,77.1,1,,,5,68.1,,120,Sound,,,
0,FORT,2,1,1776625433.396702,85.84,Game,1,Predictable,77.11,1,,,5,68.1,,120,Sound,,,
0,FORT,2,1,1776625433.396702,85.85,Game,1,Predictable,77.12,1,,,5,68.1,,120,Sound,,,
0,FORT,2,1,1776625433.396702,85.86,Game,1,Predictable,77.13,1,,,5,68.1,,120,Sound,,,
0,FORT,2,1,1776625433.396702,85.87,Game,1,Predictable,77.14,1,,,5,68.1,,120,Sound,,,
0,FORT,2,1,1776625433.396702,85.88,Game,1,Predictable,77.15,1,,,5,68.1,,120,Sound,,,
0,FORT,2,1,1776625433.396702,85.89,Game,1,Predictable,77.16,1,,,5,68.1,,120,Sound,,,
0,FORT,2,1,1776625433.396702,85.91,Game,1,Predictable,77.17,1,,,5,68.1,,120,Sound,,,
0,FORT,2,1,1776625433.396702,85.92,Game,1,Predictable,77.19,1,,,5,68.1,,120,Sound,,,
0,FORT,2,1,1776625433.396702,85.93,Game,1,Predictable,77.2,1,,,5,68.1,,120,Sound,,,
0,FORT,2,1,1776625433.396702,85.94,Game,1,Predictable,77.21,1,,,5,68.1,,120,Sound,,,
0,FORT,2,1,1776625433.396702,85.95,Game,1,Predictable,77.22,1,,,5,68.1,,120,Sound,,,
0,FORT,2,1,1776625433.396702,85.96,Game,1,Predictable,77.23,1,,,5,68.1,,120,Sound,,,
0,FORT,2,1,1776625433.396702,85.97,Game,1,Predictable,77.24,1,,,5,68.1,,120,Sound,,,
0,FORT,2,1,1776625433.396702,85.98,Game,1,Predictable,77.25,1,,,5,68.1,,120,Sound,,,
0,FORT,2,1,1776625433.396702,85.99,Game,1,Predictable,77.26,1,,,5,68.1,,120,Sound,,,
0,FORT,2,1,1776625433.396702,86.01,Game,1,Predictable,77.27,1,,,5,68.1,,120,Sound,,,
0,FORT,2,1,1776625433.396702,86.02,Game,1,Predictable,77.29,1,,,5,68.1,,120,Sound,,,
0,FORT,2,1,1776625433.396702,86.03,Game,1,Predictable,77.3,1,,,5,68.1,,120,Sound,,,
0,FORT,2,1,1776625433.396702,86.04,Game,1,Predictable,77.31,1,,,5,68.1,,120,Sound,,,
0,FORT,2,1,1776625433.396702,86.05,Game,1,Predictable,77.32,1,,,5,68.1,,120,Sound,,,
0,FORT,2,1,1776625433.396702,86.06,Game,1,Predictable,77.33,1,,,5,68.1,,120,Sound,,,
0,FORT,2,1,1776625433.396702,86.07,Game,1,Predictable,77.34,1,,,5,68.1,,120,Sound,,,
0,FORT,2,1,1776625433.396702,86.08,Game,1,Predictable,77.35,1,,,5,68.1,,120,Sound,,,
0,FORT,2,1,1776625433.396702,86.09,Game,1,Predictable,77.36,1,,,5,68.1,,120,Sound,,,
0,FORT,2,1,1776625433.396702,86.11,Game,1,Predictable,77.37,1,,,5,68.1,,120,Sound,,,
0,FORT,2,1,1776625433.396702,86.12,Game,1,Predictable,77.39,1,,,5,68.1,,120,Sound,,,
0,FORT,2,1,1776625433.396702,86.13,Game,1,Predictable,77.4,1,,,5,68.1,,120,Sound,,,
0,FORT,2,1,1776625433.396702,86.14,Game,1,Predictable,77.41,1,,,5,68.1,,120,Sound,,,
0,FORT,2,1,1776625433.396702,86.15,Game,1,Predictable,77.42,1,,,5,68.1,,120,Sound,,,
0,FORT,2,1,1776625433.396702,86.16,Game,1,Predictable,77.43,1,,,5,68.1,,120,Sound,,,
0,FORT,2,1,1776625433.396702,86.17,Game,1,Predictable,77.44,1,,,5,68.1,,120,Sound,,,
0,FORT,2,1,1776625433.396702,86.18,Game,1,Predictable,77.45,1,,,5,68.1,,120,Sound,,,
0,FORT,2,1,1776625433.396702,86.19,Game,1,Predictable,77.46,1,,,5,68.1,,120,Sound,,,
0,FORT,2,1,1776625433.396702,86.21,Game,1,Predictable,77.47,1,,,5,68.1,,120,Sound,,,
0,FORT,2,1,1776625433.396702,86.22,Game,1,Predictable,77.49,1,,,5,68.1,,120,Sound,,,
0,FORT,2,1,1776625433.396702,86.23,Game,1,Predictable,77.5,1,,,5,68.1,,120,Sound,,,
0,FORT,2,1,1776625433.396702,86.24,Game,1,Predictable,77.51,1,,,5,68.1,,120,Sound,,,
0,FORT,2,1,1776625433.396702,86.25,Game,1,Predictable,77.52,1,,,5,68.1,,120,Sound,,,
0,FORT,2,1,1776625433.396702,86.26,Game,1,Predictable,77.53,1,,,5,68.1,,120,Sound,,,
0,FORT,2,1,1776625433.396702,86.27,Game,1,Predictable,77.54,1,,,5,68.1,,120,Sound,,,
0,FORT,2,1,1776625433.396702,86.28,Game,1,Predictable,77.55,1,,,5,68.1,,120,Sound,,,
0,FORT,2,1,1776625433.396702,86.29,Game,1,Predictable,77.56,1,,,5,68.1,,120,Sound,,,
0,FORT,2,1,1776625433.396702,86.31,Game,1,Predictable,77.57,1,,,5,68.1,,120,Sound,,,
0,FORT,2,1,1776625433.396702,86.32,Game,1,Predictable,77.59,1,,,5,68.1,,120,Sound,,,
0,FORT,2,1,1776625433.396702,86.33,Game,1,Predictable,77.6,1,,,5,68.1,,120,Sound,,,
0,FORT,2,1,1776625433.396702,86.34,Game,1,Predictable,77.61,1,,,5,68.1,,120,Sound,,,
0,FORT,2,1,1776625433.396702,86.35,Game,1,Predictable,77.62,1,,,5,68.1,,120,Sound,,,
0,FORT,2,1,1776625433.396702,86.36,Game,1,Predictable,77.63,1,,,5,68.1,,120,Sound,,,
0,FORT,2,1,1776625433.396702,86.37,Game,1,Predictable,77.64,1,,,5,68.1,,120,Sound,,,
0,FORT,2,1,1776625433.396702,86.38,Game,1,Predictable,77.65,1,,,5,68.1,,120,Sound,,,
0,FORT,2,1,1776625433.396702,86.39,Game,1,Predictable,77.66,1,,,5,68.1,,120,Sound,,,
0,FORT,2,1,1776625433.396702,86.41,Game,1,Predictable,77.67,1,,,5,68.1,,120,Sound,,,
0,FORT,2,1,1776625433.396702,86.42,Game,1,Predictable,77.69,1,,,5,68.1,,120,Sound,,,
0,FORT,2,1,1776625433.396702,86.43,Game,1,Predictable,77.7,1,,,5,68.1,,120,Sound,,,
0,FORT,2,1,1776625433.396702,86.44,Game,1,Predictable,77.71,1,,,5,68.1,,120,Sound,,,
0,FORT,2,1,1776625433.396702,86.45,Game,1,Predictable,77.72,1,,,5,68.1,,120,Sound,,,
0,FORT,2,1,1776625433.396702,86.46,Game,1,Predictable,77.73,1,,,5,68.1,,120,Sound,,,
0,FORT,2,1,1776625433.396702,86.47,Game,1,Predictable,77.74,1,,,5,68.1,,120,Sound,,,
0,FORT,2,1,1776625433.396702,86.48,Game,1,Predictable,77.75,1,,,5,68.1,,120,Sound,,,
0,FORT,2,1,1776625433.396702,86.49,Game,1,Predictable,77.76,1,,,5,68.1,,120,Sound,,,
0,FORT,2,1,1776625433.396702,86.51,Game,1,Predictable,77.77,1,,,5,68.1,,120,Sound,,,
0,FORT,2,1,1776625433.396702,86.52,Game,1,Predictable,77.79,1,,,5,68.1,,120,Sound,,,
0,FORT,2,1,1776625433.396702,86.53,Game,1,Predictable,77.8,1,,,5,68.1,,120,Sound,,,
0,FORT,2,1,1776625433.396702,86.54,Game,1,Predictable,77.81,1,,,5,68.1,,120,Sound,,,
0,FORT,2,1,1776625433.396702,86.55,Game,1,Predictable,77.82,1,,,5,68.1,,120,Sound,,,
0,FORT,2,1,1776625433.396702,86.56,Game,1,Predictable,77.83,1,,,5,68.1,,120,Sound,,,
0,FORT,2,1,1776625433.396702,86.57,Game,1,Predictable,77.84,1,,,5,68.1,,120,Sound,,,
0,FORT,2,1,1776625433.396702,86.58,Game,1,Predictable,77.85,1,,,5,68.1,,120,Sound,,,
0,FORT,2,1,1776625433.396702,86.59,Game,1,Predictable,77.86,1,,,5,68.1,,120,Sound,,,
0,FORT,2,1,1776625433.396702,86.61,Game,1,Predictable,77.87,1,,,5,68.1,,120,Sound,,,
0,FORT,2,1,1776625433.396702,86.62,Game,1,Predictable,77.89,1,,,5,68.1,,120,Sound,,,
0,FORT,2,1,1776625433.396702,86.63,Game,1,Predictable,77.9,1,,,5,68.1,,120,Sound,,,
0,FORT,2,1,1776625433.396702,86.64,Game,1,Predictable,77.91,1,,,5,68.1,,120,Sound,,,
0,FORT,2,1,1776625433.396702,86.65,Game,1,Predictable,77.92,1,,,5,68.1,,120,Sound,,,
0,FORT,2,1,1776625433.396702,86.66,Game,1,Predictable,77.93,1,,,5,68.1,,120,Sound,,,
0,FORT,2,1,1776625433.396702,86.67,Game,1,Predictable,77.94,1,,,5,68.1,,120,Sound,,,
0,FORT,2,1,1776625433.396702,86.68,Game,1,Predictable,77.95,1,,,5,68.1,,120,Sound,,,
0,FORT,2,1,1776625433.396702,86.69,Game,1,Predictable,77.96,1,,,5,68.1,,120,Sound,,,
0,FORT,2,1,1776625433.396702,86.71,Game,1,Predictable,77.97,1,,,5,68.1,,120,Sound,,,
0,FORT,2,1,1776625433.396702,86.72,Game,1,Predictable,77.99,1,,,5,68.1,,120,Sound,,,
0,FORT,2,1,1776625433.396702,86.73,Game,1,Predictable,78.0,1,,,5,68.1,,120,Sound,,,
0,FORT,2,1,1776625433.396702,86.74,Game,1,Predictable,78.01,1,,,5,68.1,,120,Sound,,,
0,FORT,2,1,1776625433.396702,86.75,Game,1,Predictable,78.02,1,,,5,68.1,,120,Sound,,,
0,FORT,2,1,1776625433.396702,86.76,Game,1,Predictable,78.03,1,,,5,68.1,,120,Sound,,,
0,FORT,2,1,1776625433.396702,86.77,Game,1,Predictable,78.04,1,,,5,68.1,,120,Sound,,,
0,FORT,2,1,1776625433.396702,86.78,Game,1,Predictable,78.05,1,,,5,68.1,,120,Sound,,,
0,FORT,2,1,1776625433.396702,86.79,Game,1,Predictable,78.06,1,,,5,68.1,,120,Sound,,,
0,FORT,2,1,1776625433.396702,86.81,Game,1,Predictable,78.07,1,,,5,68.1,,120,Sound,,,
0,FORT,2,1,1776625433.396702,86.82,Game,1,Predictable,78.09,1,,,5,68.1,,120,Sound,,,
0,FORT,2,1,1776625433.396702,86.83,Game,1,Predictable,78.1,1,,,5,68.1,,120,Sound,,,
0,FORT,2,1,1776625433.396702,86.84,Game,1,Predictable,78.11,1,,,5,68.1,,120,Sound,,,
0,FORT,2,1,1776625433.396702,86.85,Game,1,Predictable,78.12,1,,,5,68.1,,120,Sound,,,
0,FORT,2,1,1776625433.396702,86.86,Game,1,Predictable,78.13,1,,,5,68.1,,120,Sound,,,
0,FORT,2,1,1776625433.396702,86.87,Game,1,Predictable,78.14,1,,,5,68.1,,120,Sound,,,
0,FORT,2,1,1776625433.396702,86.88,Game,1,Predictable,78.15,1,,,5,68.1,,120,Sound,,,
0,FORT,2,1,1776625433.396702,86.89,Game,1,Predictable,78.16,1,,,5,68.1,,120,Sound,,,
0,FORT,2,1,1776625433.396702,86.91,Game,1,Predictable,78.17,1,,,5,68.1,,120,Sound,,,
0,FORT,2,1,1776625433.396702,86.92,Game,1,Predictable,78.19,1,,,5,68.1,,120,Sound,,,
0,FORT,2,1,1776625433.396702,86.93,Game,1,Predictable,78.2,1,,,5,68.1,,120,Sound,,,
0,FORT,2,1,1776625433.396702,86.94,Game,1,Predictable,78.21,1,,,5,68.1,,120,Sound,,,
0,FORT,2,1,1776625433.396702,86.95,Game,1,Predictable,78.22,1,,,5,68.1,,120,Sound,,,
0,FORT,2,1,1776625433.396702,86.96,Game,1,Predictable,78.23,1,,,5,68.1,,120,Sound,,,
0,FORT,2,1,1776625433.396702,86.97,Game,1,Predictable,78.24,1,,,5,68.1,,120,Sound,,,
0,FORT,2,1,1776625433.396702,86.98,Game,1,Predictable,78.25,1,,,5,68.1,,120,Sound,,,
0,FORT,2,1,1776625433.396702,86.99,Game,1,Predictable,78.26,1,,,5,68.1,,120,Sound,,,
0,FORT,2,1,1776625433.396702,87.01,Game,1,Predictable,78.27,1,,,5,68.1,,120,Sound,,,
0,FORT,2,1,1776625433.396702,87.02,Game,1,Predictable,78.29,1,,,5,68.1,,120,Sound,,,
0,FORT,2,1,1776625433.396702,87.03,Game,1,Predictable,78.3,1,,,5,68.1,,120,Sound,,,
0,FORT,2,1,1776625433.396702,87.04,Game,1,Predictable,78.31,1,,,5,68.1,,120,Sound,,,
0,FORT,2,1,1776625433.396702,87.05,Game,1,Predictable,78.32,1,,,5,68.1,,120,Sound,,,
0,FORT,2,1,1776625433.396702,87.06,Game,1,Predictable,78.33,1,,,5,68.1,,120,Sound,,,
0,FORT,2,1,1776625433.396702,87.07,Game,1,Predictable,78.34,1,,,5,68.1,,120,Sound,,,
0,FORT,2,1,1776625433.396702,87.08,Game,1,Predictable,78.35,1,,,5,68.1,,120,Sound,,,
0,FORT,2,1,1776625433.396702,87.09,Game,1,Predictable,78.36,1,,,5,68.1,,120,Sound,,,
0,FORT,2,1,1776625433.396702,87.11,Game,1,Predictable,78.37,1,,,5,68.1,,120,Sound,,,
0,FORT,2,1,1776625433.396702,87.12,Game,1,Predictable,78.39,1,,,5,68.1,,120,Sound,,,
0,FORT,2,1,1776625433.396702,87.13,Game,1,Predictable,78.4,1,,,5,68.1,,120,Sound,,,
0,FORT,2,1,1776625433.396702,87.14,Game,1,Predictable,78.41,1,,,5,68.1,,120,Sound,,,
0,FORT,2,1,1776625433.396702,87.15,Game,1,Predictable,78.42,1,,,5,68.1,,120,Sound,,,
0,FORT,2,1,1776625433.396702,87.16,Game,1,Predictable,78.43,1,,,5,68.1,,120,Sound,,,
0,FORT,2,1,1776625433.396702,87.17,Game,1,Predictable,78.44,1,,,5,68.1,,120,Sound,,,
0,FORT,2,1,1776625433.396702,87.18,Game,1,Predictable,78.45,1,,,5,68.1,,120,Sound,,,
0,FORT,2,1,1776625433.396702,87.19,Game,1,Predictable,78.46,1,,,5,68.1,,120,Sound,,,
0,FORT,2,1,1776625433.396702,87.21,Game,1,Predictable,78.47,1,,,5,68.1,,120,Sound,,,
0,FORT,2,1,1776625433.396702,87.22,Game,1,Predictable,78.49,1,,,5,68.1,,120,Sound,,,
0,FORT,2,1,1776625433.396702,87.23,Game,1,Predictable,78.5,1,,,5,68.1,,120,Sound,,,
0,FORT,2,1,1776625433.396702,87.24,Game,1,Predictable,78.51,1,,,5,68.1,,120,Sound,,,
0,FORT,2,1,1776625433.396702,87.25,Game,1,Predictable,78.52,1,,,5,68.1,,120,Sound,,,
0,FORT,2,1,1776625433.396702,87.26,Game,1,Predictable,78.53,1,,,5,68.1,,120,Sound,,,
0,FORT,2,1,1776625433.396702,87.27,Game,1,Predictable,78.54,1,,,5,68.1,,120,Sound,,,
0,FORT,2,1,1776625433.396702,87.28,Game,1,Predictable,78.55,1,,,5,68.1,,120,Sound,,,
0,FORT,2,1,1776625433.396702,87.29,Game,1,Predictable,78.56,1,,,5,68.1,,120,Sound,,,
0,FORT,2,1,1776625433.396702,87.31,Game,1,Predictable,78.57,1,,,5,68.1,,120,Sound,,,
0,FORT,2,1,1776625433.396702,87.32,Game,1,Predictable,78.59,1,,,5,68.1,,120,Sound,,,
0,FORT,2,1,1776625433.396702,87.33,Game,1,Predictable,78.6,1,,,5,68.1,,120,Sound,,,
0,FORT,2,1,1776625433.396702,87.34,Game,1,Predictable,78.61,1,,,5,68.1,,120,Sound,,,
0,FORT,2,1,1776625433.396702,87.35,Game,1,Predictable,78.62,1,,,5,68.1,,120,Sound,,,
0,FORT,2,1,1776625433.396702,87.36,Game,1,Predictable,78.63,1,,,5,68.1,,120,Sound,,,
0,FORT,2,1,1776625433.396702,87.37,Game,1,Predictable,78.64,1,,,5,68.1,,120,Sound,,,
0,FORT,2,1,1776625433.396702,87.38,Game,1,Predictable,78.65,1,,,5,68.1,,120,Sound,,,
0,FORT,2,1,1776625433.396702,87.39,Game,1,Predictable,78.66,1,,,5,68.1,,120,Sound,,,
0,FORT,2,1,1776625433.396702,87.41,Game,1,Predictable,78.67,1,,,5,68.1,,120,Sound,,,
0,FORT,2,1,1776625433.396702,87.42,Game,1,Predictable,78.69,1,,,5,68.1,,120,Sound,,,
0,FORT,2,1,1776625433.396702,87.43,Game,1,Predictable,78.7,1,,,5,68.1,,120,Sound,,,
0,FORT,2,1,1776625433.396702,87.44,Game,1,Predictable,78.71,1,,,5,68.1,,120,Sound,,,
0,FORT,2,1,1776625433.396702,87.45,Game,1,Predictable,78.72,1,,,5,68.1,,120,Sound,,,
0,FORT,2,1,1776625433.396702,87.46,Game,1,Predictable,78.73,1,,,5,68.1,,120,Sound,,,
0,FORT,2,1,1776625433.396702,87.47,Game,1,Predictable,78.74,1,,,5,68.1,,120,Sound,,,
0,FORT,2,1,1776625433.396702,87.48,Game,1,Predictable,78.75,1,,,5,68.1,,120,Sound,,,
0,FORT,2,1,1776625433.396702,87.49,Game,1,Predictable,78.76,1,,,5,68.1,,120,Sound,,,
0,FORT,2,1,1776625433.396702,87.51,Game,1,Predictable,78.77,1,,,5,68.1,,120,Sound,,,
0,FORT,2,1,1776625433.396702,87.52,Game,1,Predictable,78.79,1,,,5,68.1,,120,Sound,,,
0,FORT,2,1,1776625433.396702,87.53,Game,1,Predictable,78.8,1,,,5,68.1,,120,Sound,,,
0,FORT,2,1,1776625433.396702,87.54,Game,1,Predictable,78.81,1,,,5,68.1,,120,Sound,,,
0,FORT,2,1,1776625433.396702,87.55,Game,1,Predictable,78.82,1,,,5,68.1,,120,Sound,,,
0,FORT,2,1,1776625433.396702,87.56,Game,1,Predictable,78.83,1,,,5,68.1,,120,Sound,,,
0,FORT,2,1,1776625433.396702,87.57,Game,1,Predictable,78.84,1,,,5,68.1,,120,Sound,,,
0,FORT,2,1,1776625433.396702,87.58,Game,1,Predictable,78.85,1,,,5,68.1,,120,Sound,,,
0,FORT,2,1,1776625433.396702,87.59,Game,1,Predictable,78.86,1,,,5,68.1,,120,Sound,,,
0,FORT,2,1,1776625433.396702,87.61,Game,1,Predictable,78.87,1,,,5,68.1,,120,Sound,,,
0,FORT,2,1,1776625433.396702,87.62,Game,1,Predictable,78.89,1,,,5,68.1,,120,Sound,,,
0,FORT,2,1,1776625433.396702,87.63,Game,1,Predictable,78.9,1,,,5,68.1,,120,Sound,,,
0,FORT,2,1,1776625433.396702,87.64,Game,1,Predictable,78.91,1,,,5,68.1,,120,Sound,,,
0,FORT,2,1,1776625433.396702,87.65,Game,1,Predictable,78.92,1,,,5,68.1,,120,Sound,,,
0,FORT,2,1,1776625433.396702,87.66,Game,1,Predictable,78.93,1,,,5,68.1,,120,Sound,,,
0,FORT,2,1,1776625433.396702,87.67,Game,1,Predictable,78.94,1,,,5,68.1,,120,Sound,,,
0,FORT,2,1,1776625433.396702,87.68,Game,1,Predictable,78.95,1,,,5,68.1,,120,Sound,,,
0,FORT,2,1,1776625433.396702,87.69,Game,1,Predictable,78.96,1,,,5,68.1,,120,Sound,,,
0,FORT,2,1,1776625433.396702,87.71,Game,1,Predictable,78.97,1,,,5,68.1,,120,Sound,,,
0,FORT,2,1,1776625433.396702,87.72,Game,1,Predictable,78.99,1,,,5,68.1,,120,Sound,,,
0,FORT,2,1,1776625433.396702,87.73,Game,1,Predictable,79.0,1,,,5,68.1,,120,Sound,,,
0,FORT,2,1,1776625433.396702,87.74,Game,1,Predictable,79.01,1,,,5,68.1,,120,Sound,,,
0,FORT,2,1,1776625433.396702,87.75,Game,1,Predictable,79.02,1,,,5,68.1,,120,Sound,,,
0,FORT,2,1,1776625433.396702,87.76,Game,1,Predictable,79.03,1,,,5,68.1,,120,Sound,,,
0,FORT,2,1,1776625433.396702,87.77,Game,1,Predictable,79.04,1,,,5,68.1,,120,Sound,,,
0,FORT,2,1,1776625433.396702,87.78,Game,1,Predictable,79.05,1,,,5,68.1,,120,Sound,,,
0,FORT,2,1,1776625433.396702,87.79,Game,1,Predictable,79.06,1,,,5,68.1,,120,Sound,,,
0,FORT,2,1,1776625433.396702,87.81,Game,1,Predictable,79.07,1,,,5,68.1,,120,Sound,,,
0,FORT,2,1,1776625433.396702,87.82,Game,1,Predictable,79.09,1,,,5,68.1,,120,Sound,,,
0,FORT,2,1,1776625433.396702,87.83,Game,1,Predictable,79.1,1,,,5,68.1,,120,Sound,,,
0,FORT,2,1,1776625433.396702,87.84,Game,1,Predictable,79.11,1,,,5,68.1,,120,Sound,,,
0,FORT,2,1,1776625433.396702,87.85,Game,1,Predictable,79.12,1,,,5,68.1,,120,Sound,,,
0,FORT,2,1,1776625433.396702,87.86,Game,1,Predictable,79.13,1,,,5,68.1,,120,Sound,,,
0,FORT,2,1,1776625433.396702,87.87,Game,1,Predictable,79.14,1,,,5,68.1,,120,Sound,,,
0,FORT,2,1,1776625433.396702,87.88,Game,1,Predictable,79.15,1,,,5,68.1,,120,Sound,,,
0,FORT,2,1,1776625433.396702,87.89,Game,1,Predictable,79.16,1,,,5,68.1,,120,Sound,,,
0,FORT,2,1,1776625433.396702,87.91,Game,1,Predictable,79.17,1,,,5,68.1,,120,Sound,,,
0,FORT,2,1,1776625433.396702,87.92,Game,1,Predictable,79.19,1,,,5,68.1,,120,Sound,,,
0,FORT,2,1,1776625433.396702,87.93,Game,1,Predictable,79.2,1,,,5,68.1,,120,Sound,,,
0,FORT,2,1,1776625433.396702,87.94,Game,1,Predictable,79.21,1,,,5,68.1,,120,Sound,,,
0,FORT,2,1,1776625433.396702,87.95,Game,1,Predictable,79.22,1,,,5,68.1,,120,Sound,,,
0,FORT,2,1,1776625433.396702,87.96,Game,1,Predictable,79.23,1,,,5,68.1,,120,Sound,,,
0,FORT,2,1,1776625433.396702,87.97,Game,1,Predictable,79.24,1,,,5,68.1,,120,Sound,,,
0,FORT,2,1,1776625433.396702,87.98,Game,1,Predictable,79.25,1,,,5,68.1,,120,Sound,,,
0,FORT,2,1,1776625433.396702,87.99,Game,1,Predictable,79.26,1,,,5,68.1,,120,Sound,,,
0,FORT,2,1,1776625433.396702,88.01,Game,1,Predictable,79.27,1,,,5,68.1,,120,Sound,,,
0,FORT,2,1,1776625433.396702,88.02,Game,1,Predictable,79.29,1,,,5,68.1,,120,Sound,,,
0,FORT,2,1,1776625433.396702,88.03,Game,1,Predictable,79.3,1,,,5,68.1,,120,Sound,,,
0,FORT,2,1,1776625433.396702,88.04,Game,1,Predictable,79.31,1,,,5,68.1,,120,Sound,,,
0,FORT,2,1,1776625433.396702,88.05,Game,1,Predictable,79.32,1,,,5,68.1,,120,Sound,,,
0,FORT,2,1,1776625433.396702,88.06,Game,1,Predictable,79.33,1,,,5,68.1,,120,Sound,,,
0,FORT,2,1,1776625433.396702,88.07,Game,1,Predictable,79.34,1,,,5,68.1,,120,Sound,,,
0,FORT,2,1,1776625433.396702,88.08,Game,1,Predictable,79.35,1,,,5,68.1,,120,Sound,,,
0,FORT,2,1,1776625433.396702,88.09,Game,1,Predictable,79.36,1,,,5,68.1,,120,Sound,,,
0,FORT,2,1,1776625433.396702,88.11,Game,1,Predictable,79.37,1,,,5,68.1,,120,Sound,,,
0,FORT,2,1,1776625433.396702,88.12,Game,1,Predictable,79.39,1,,,5,68.1,,120,Sound,,,
0,FORT,2,1,1776625433.396702,88.13,Game,1,Predictable,79.4,1,,,5,68.1,,120,Sound,,,
0,FORT,2,1,1776625433.396702,88.14,Game,1,Predictable,79.41,1,,,5,68.1,,120,Sound,,,
0,FORT,2,1,1776625433.396702,88.15,Game,1,Predictable,79.42,1,,,5,68.1,,120,Sound,,,
0,FORT,2,1,1776625433.396702,88.16,Game,1,Predictable,79.43,1,,,5,68.1,,120,Sound,,,
0,FORT,2,1,1776625433.396702,88.17,Game,1,Predictable,79.44,1,,,5,68.1,,120,Sound,,,
0,FORT,2,1,1776625433.396702,88.18,Game,1,Predictable,79.45,1,,,5,68.1,,120,Sound,,,
0,FORT,2,1,1776625433.396702,88.19,Game,1,Predictable,79.46,1,,,5,68.1,,120,Sound,,,
0,FORT,2,1,1776625433.396702,88.21,Game,1,Predictable,79.47,1,,,5,68.1,,120,Sound,,,
0,FORT,2,1,1776625433.396702,88.22,Game,1,Predictable,79.49,1,,,5,68.1,,120,Sound,,,
0,FORT,2,1,1776625433.396702,88.23,Game,1,Predictable,79.5,1,,,5,68.1,,120,Sound,,,
0,FORT,2,1,1776625433.396702,88.24,Game,1,Predictable,79.51,1,,,5,68.1,,120,Sound,,,
0,FORT,2,1,1776625433.396702,88.25,Game,1,Predictable,79.52,1,,,5,68.1,,120,Sound,,,
0,FORT,2,1,1776625433.396702,88.26,Game,1,Predictable,79.53,1,,,5,68.1,,120,Sound,,,
0,FORT,2,1,1776625433.396702,88.27,Game,1,Predictable,79.54,1,,,5,68.1,,120,Sound,,,
0,FORT,2,1,1776625433.396702,88.28,Game,1,Predictable,79.55,1,,,5,68.1,,120,Sound,,,
0,FORT,2,1,1776625433.396702,88.29,Game,1,Predictable,79.56,1,,,5,68.1,,120,Sound,,,
0,FORT,2,1,1776625433.396702,88.31,Game,1,Predictable,79.57,1,,,5,68.1,,120,Sound,,,
0,FORT,2,1,1776625433.396702,88.32,Game,1,Predictable,79.59,1,,,5,68.1,,120,Sound,,,
0,FORT,2,1,1776625433.396702,88.33,Game,1,Predictable,79.6,1,,,5,68.1,,120,Sound,,,
0,FORT,2,1,1776625433.396702,88.34,Game,1,Predictable,79.61,1,,,5,68.1,,120,Sound,,,
0,FORT,2,1,1776625433.396702,88.35,Game,1,Predictable,79.62,1,,,5,68.1,,120,Sound,,,
0,FORT,2,1,1776625433.396702,88.36,Game,1,Predictable,79.63,1,,,5,68.1,,120,Sound,,,
0,FORT,2,1,1776625433.396702,88.37,Game,1,Predictable,79.64,1,,,5,68.1,,120,Sound,,,
0,FORT,2,1,1776625433.396702,88.38,Game,1,Predictable,79.65,1,,,5,68.1,,120,Sound,,,
0,FORT,2,1,1776625433.396702,88.39,Game,1,Predictable,79.66,1,,,5,68.1,,120,Sound,,,
0,FORT,2,1,1776625433.396702,88.41,Game,1,Predictable,79.67,1,,,5,68.1,,120,Sound,,,
0,FORT,2,1,1776625433.396702,88.42,Game,1,Predictable,79.69,1,,,5,68.1,,120,Sound,,,
0,FORT,2,1,1776625433.396702,88.43,Game,1,Predictable,79.7,1,,,5,68.1,,120,Sound,,,
0,FORT,2,1,1776625433.396702,88.44,Game,1,Predictable,79.71,1,,,5,68.1,,120,Sound,,,
0,FORT,2,1,1776625433.396702,88.45,Game,1,Predictable,79.72,1,,,5,68.1,,120,Sound,,,
0,FORT,2,1,1776625433.396702,88.46,Game,1,Predictable,79.73,1,,,5,68.1,,120,Sound,,,
0,FORT,2,1,1776625433.396702,88.47,Game,1,Predictable,79.74,1,,,5,68.1,,120,Sound,,,
0,FORT,2,1,1776625433.396702,88.48,Game,1,Predictable,79.75,1,,,5,68.1,,120,Sound,,,
0,FORT,2,1,1776625433.396702,88.49,Game,1,Predictable,79.76,1,,,5,68.1,,120,Sound,,,
0,FORT,2,1,1776625433.396702,88.51,Game,1,Predictable,79.77,1,,,5,68.1,,120,Sound,,,
0,FORT,2,1,1776625433.396702,88.52,Game,1,Predictable,79.79,1,,,5,68.1,,120,Sound,,,
0,FORT,2,1,1776625433.396702,88.53,Game,1,Predictable,79.8,1,,,5,68.1,,120,Sound,,,
0,FORT,2,1,1776625433.396702,88.54,Game,1,Predictable,79.81,1,,,5,68.1,,120,Sound,,,
0,FORT,2,1,1776625433.396702,88.55,Game,1,Predictable,79.82,1,,,5,68.1,,120,Sound,,,
0,FORT,2,1,1776625433.396702,88.56,Game,1,Predictable,79.83,1,,,5,68.1,,120,Sound,,,
0,FORT,2,1,1776625433.396702,88.57,Game,1,Predictable,79.84,1,,,5,68.1,,120,Sound,,,
0,FORT,2,1,1776625433.396702,88.58,Game,1,Predictable,79.85,1,,,5,68.1,,120,Sound,,,
0,FORT,2,1,1776625433.396702,88.59,Game,1,Predictable,79.86,1,,,5,68.1,,120,Sound,,,
0,FORT,2,1,1776625433.396702,88.61,Game,1,Predictable,79.87,1,,,5,68.1,,120,Sound,,,
0,FORT,2,1,1776625433.396702,88.62,Game,1,Predictable,79.89,1,,,5,68.1,,120,Sound,,,
0,FORT,2,1,1776625433.396702,88.63,Game,1,Predictable,79.9,1,,,5,68.1,,120,Sound,,,
0,FORT,2,1,1776625433.396702,88.64,Game,1,Predictable,79.91,1,,,5,68.1,,120,Sound,,,
0,FORT,2,1,1776625433.396702,88.65,Game,1,Predictable,79.92,1,,,5,68.1,,120,Sound,,,
0,FORT,2,1,1776625433.396702,88.66,Game,1,Predictable,79.93,1,,,5,68.1,,120,Sound,,,
0,FORT,2,1,1776625433.396702,88.67,Game,1,Predictable,79.94,1,,,5,68.1,,120,Sound,,,
0,FORT,2,1,1776625433.396702,88.68,Game,1,Predictable,79.95,1,,,5,68.1,,120,Sound,,,
0,FORT,2,1,1776625433.396702,88.69,Game,1,Predictable,79.96,1,,,5,68.1,,120,Sound,,,
0,FORT,2,1,1776625433.396702,88.71,Game,1,Predictable,79.97,1,,,5,68.1,,120,Sound,,,
0,FORT,2,1,1776625433.396702,88.72,Game,1,Predictable,79.99,1,,,5,68.1,,120,Sound,,,
0,FORT,2,1,1776625433.396702,88.73,Game,1,Predictable,80.0,1,,,5,68.1,,120,Sound,,,
0,FORT,2,1,1776625433.396702,88.74,Game,1,Predictable,80.01,1,,,5,68.1,,120,Sound,,,
0,FORT,2,1,1776625433.396702,88.81,Game,1,Predictable,80.08,0,,,5,,,130,Sound,,,
0,FORT,2,1,1776625433.396702,88.84,Game,1,Predictable,80.08,0,,,5,,,130,Sound,,,
0,FORT,2,1,1776625433.396702,88.86,Game,1,Predictable,80.12,0,,,5,,,130,Sound,,,
0,FORT,2,1,1776625433.396702,88.87,Game,1,Predictable,80.14,0,,,5,,,130,Sound,,,
0,FORT,2,1,1776625433.396702,88.88,Game,1,Predictable,80.15,0,,,5,,,130,Sound,,,
0,FORT,2,1,1776625433.396702,88.89,Game,1,Predictable,80.16,0,,,5,,,130,Sound,,,
0,FORT,2,1,1776625433.396702,88.9,Game,1,Predictable,80.17,0,,,5,,,130,Sound,,,
0,FORT,2,1,1776625433.396702,88.91,Game,1,Predictable,80.18,0,,,5,,,130,Sound,,,
0,FORT,2,1,1776625433.396702,88.92,Game,1,Predictable,80.19,0,,,5,,,130,Sound,,,
0,FORT,2,1,1776625433.396702,88.93,Game,1,Predictable,80.2,0,,,5,,,130,Sound,,,
0,FORT,2,1,1776625433.396702,88.94,Game,1,Predictable,80.21,0,,,5,,,130,Sound,,,
0,FORT,2,1,1776625433.396702,88.96,Game,1,Predictable,80.22,0,,,5,,,130,Sound,,,
0,FORT,2,1,1776625433.396702,88.97,Game,1,Predictable,80.24,0,,,5,,,130,Sound,,,
0,FORT,2,1,1776625433.396702,88.98,Game,1,Predictable,80.25,0,,,5,,,130,Sound,,,
0,FORT,2,1,1776625433.396702,88.99,Game,1,Predictable,80.26,0,,,5,,,130,Sound,,,
0,FORT,2,1,1776625433.396702,89.0,Game,1,Predictable,80.27,0,,,5,,,130,Sound,,,
0,FORT,2,1,1776625433.396702,89.01,Game,1,Predictable,80.28,0,,,5,,,130,Sound,,,
0,FORT,2,1,1776625433.396702,89.02,Game,1,Predictable,80.29,0,,,5,,,130,Sound,,,
0,FORT,2,1,1776625433.396702,89.03,Game,1,Predictable,80.3,0,,,5,,,130,Sound,,,
0,FORT,2,1,1776625433.396702,89.04,Game,1,Predictable,80.31,0,,,5,,,130,Sound,,,
0,FORT,2,1,1776625433.396702,89.06,Game,1,Predictable,80.32,0,,,5,,,130,Sound,,,
0,FORT,2,1,1776625433.396702,89.07,Game,1,Predictable,80.34,0,,,5,,,130,Sound,,,
0,FORT,2,1,1776625433.396702,89.08,Game,1,Predictable,80.35,0,,,5,,,130,Sound,,,
0,FORT,2,1,1776625433.396702,89.09,Game,1,Predictable,80.36,0,,,5,,,130,Sound,,,
0,FORT,2,1,1776625433.396702,89.1,Game,1,Predictable,80.37,0,,,5,,,130,Sound,,,
0,FORT,2,1,1776625433.396702,89.11,Game,1,Predictable,80.38,0,,,5,,,130,Sound,,,
0,FORT,2,1,1776625433.396702,89.12,Game,1,Predictable,80.39,0,,,5,,,130,Sound,,,
0,FORT,2,1,1776625433.396702,89.13,Game,1,Predictable,80.4,0,,,5,,,130,Sound,,,
0,FORT,2,1,1776625433.396702,89.14,Game,1,Predictable,80.41,0,,,5,,,130,Sound,,,
0,FORT,2,1,1776625433.396702,89.16,Game,1,Predictable,80.42,0,,,5,,,130,Sound,,,
0,FORT,2,1,1776625433.396702,89.17,Game,1,Predictable,80.44,0,,,5,,,130,Sound,,,
0,FORT,2,1,1776625433.396702,89.18,Game,1,Predictable,80.45,0,,,5,,,130,Sound,,,
0,FORT,2,1,1776625433.396702,89.19,Game,1,Predictable,80.46,0,,,5,,,130,Sound,,,
0,FORT,2,1,1776625433.396702,89.2,Game,1,Predictable,80.47,0,,,5,,,130,Sound,,,
0,FORT,2,1,1776625433.396702,89.21,Game,1,Predictable,80.48,0,,,5,,,130,Sound,,,
0,FORT,2,1,1776625433.396702,89.22,Game,1,Predictable,80.49,0,,,5,,,130,Sound,,,
0,FORT,2,1,1776625433.396702,89.23,Game,1,Predictable,80.5,0,,,5,,,130,Sound,,,
0,FORT,2,1,1776625433.396702,89.24,Game,1,Predictable,80.51,0,,,5,,,130,Sound,,,
0,FORT,2,1,1776625433.396702,89.26,Game,1,Predictable,80.52,0,,,5,,,130,Sound,,,
0,FORT,2,1,1776625433.396702,89.27,Game,1,Predictable,80.54,0,,,5,,,130,Sound,,,
0,FORT,2,1,1776625433.396702,89.28,Game,1,Predictable,80.55,0,,,5,,,130,Sound,,,
0,FORT,2,1,1776625433.396702,89.29,Game,1,Predictable,80.56,0,,,5,,,130,Sound,,,
0,FORT,2,1,1776625433.396702,89.3,Game,1,Predictable,80.57,0,,,5,,,130,Sound,,,
0,FORT,2,1,1776625433.396702,89.31,Game,1,Predictable,80.58,0,,,5,,,130,Sound,,,
0,FORT,2,1,1776625433.396702,89.32,Game,1,Predictable,80.59,0,,,5,,,130,Sound,,,
0,FORT,2,1,1776625433.396702,89.33,Game,1,Predictable,80.6,0,,,5,,,130,Sound,,,
0,FORT,2,1,1776625433.396702,89.34,Game,1,Predictable,80.61,0,,,5,,,130,Sound,,,
0,FORT,2,1,1776625433.396702,89.36,Game,1,Predictable,80.62,0,,,5,,,130,Sound,,,
0,FORT,2,1,1776625433.396702,89.37,Game,1,Predictable,80.64,0,,,5,,,130,Sound,,,
0,FORT,2,1,1776625433.396702,89.38,Game,1,Predictable,80.65,0,,,5,,,130,Sound,,,
0,FORT,2,1,1776625433.396702,89.39,Game,1,Predictable,80.66,0,,,5,,,130,Sound,,,
0,FORT,2,1,1776625433.396702,89.4,Game,1,Predictable,80.67,0,,,5,,,130,Sound,,,
0,FORT,2,1,1776625433.396702,89.41,Game,1,Predictable,80.68,0,,,5,,,130,Sound,,,
0,FORT,2,1,1776625433.396702,89.42,Game,1,Predictable,80.69,0,,,5,,,130,Sound,,,
0,FORT,2,1,1776625433.396702,89.43,Game,1,Predictable,80.7,0,,,5,,,130,Sound,,,
0,FORT,2,1,1776625433.396702,89.44,Game,1,Predictable,80.71,0,,,5,,,130,Sound,,,
0,FORT,2,1,1776625433.396702,89.46,Game,1,Predictable,80.72,0,,,5,,,130,Sound,,,
0,FORT,2,1,1776625433.396702,89.47,Game,1,Predictable,80.74,0,,,5,,,130,Sound,,,
0,FORT,2,1,1776625433.396702,89.48,Game,1,Predictable,80.75,0,,,5,,,130,Sound,,,
0,FORT,2,1,1776625433.396702,89.49,Game,1,Predictable,80.76,0,,,5,,,130,Sound,,,
0,FORT,2,1,1776625433.396702,89.5,Game,1,Predictable,80.77,0,,,5,,,130,Sound,,,
0,FORT,2,1,1776625433.396702,89.51,Game,1,Predictable,80.78,0,,,5,,,130,Sound,,,
0,FORT,2,1,1776625433.396702,89.52,Game,1,Predictable,80.79,0,,,5,,,130,Sound,,,
0,FORT,2,1,1776625433.396702,89.53,Game,1,Predictable,80.8,0,,,5,,,130,Sound,,,
0,FORT,2,1,1776625433.396702,89.54,Game,1,Predictable,80.81,0,,,5,,,130,Sound,,,
0,FORT,2,1,1776625433.396702,89.56,Game,1,Predictable,80.82,0,,,5,,,130,Sound,,,
0,FORT,2,1,1776625433.396702,89.57,Game,1,Predictable,80.84,0,,,5,,,130,Sound,,,
0,FORT,2,1,1776625433.396702,89.58,Game,1,Predictable,80.85,0,,,5,,,130,Sound,,,
0,FORT,2,1,1776625433.396702,89.59,Game,1,Predictable,80.86,0,,,5,,,130,Sound,,,
0,FORT,2,1,1776625433.396702,89.6,Game,1,Predictable,80.87,0,,,5,,,130,Sound,,,
0,FORT,2,1,1776625433.396702,89.61,Game,1,Predictable,80.88,0,,,5,,,130,Sound,,,
0,FORT,2,1,1776625433.396702,89.62,Game,1,Predictable,80.89,0,,,5,,,130,Sound,,,
0,FORT,2,1,1776625433.396702,89.63,Game,1,Predictable,80.9,0,,,5,,,130,Sound,,,
0,FORT,2,1,1776625433.396702,89.64,Game,1,Predictable,80.91,0,,,5,,,130,Sound,,,
0,FORT,2,1,1776625433.396702,89.66,Game,1,Predictable,80.92,0,,,5,,,130,Sound,,,
0,FORT,2,1,1776625433.396702,89.67,Game,1,Predictable,80.94,0,,,5,,,130,Sound,,,
0,FORT,2,1,1776625433.396702,89.68,Game,1,Predictable,80.95,0,,,5,,,130,Sound,,,
0,FORT,2,1,1776625433.396702,89.69,Game,1,Predictable,80.96,0,,,5,,,130,Sound,,,
0,FORT,2,1,1776625433.396702,89.7,Game,1,Predictable,80.97,0,,,5,,,130,Sound,,,
0,FORT,2,1,1776625433.396702,89.71,Game,1,Predictable,80.98,0,,,5,,,130,Sound,,,
0,FORT,2,1,1776625433.396702,89.72,Game,1,Predictable,80.99,0,,,5,,,130,Sound,,,
0,FORT,2,1,1776625433.396702,89.73,Game,1,Predictable,81.0,0,,,5,,,130,Sound,,,
0,FORT,2,1,1776625433.396702,89.74,Game,1,Predictable,81.01,0,,,5,,,130,Sound,,,
0,FORT,2,1,1776625433.396702,89.8,Game,1,Predictable,81.03,0,,,5,,,130,Sound,,,
0,FORT,2,1,1776625433.396702,89.81,Game,1,Predictable,81.08,0,,,5,,,130,Sound,,,
0,FORT,2,1,1776625433.396702,89.83,Game,1,Predictable,81.09,0,,,5,,,130,Sound,,,
0,FORT,2,1,1776625433.396702,89.84,Game,1,Predictable,81.11,0,,,5,,,130,Sound,,,
0,FORT,2,1,1776625433.396702,89.85,Game,1,Predictable,81.12,0,,,5,,,130,Sound,,,
0,FORT,2,1,1776625433.396702,89.86,Game,1,Predictable,81.13,0,,,5,,,130,Sound,,,
0,FORT,2,1,1776625433.396702,89.89,Game,1,Predictable,81.14,0,,,5,,,130,Sound,,,
0,FORT,2,1,1776625433.396702,89.91,Game,1,Predictable,81.17,0,,,5,,,130,Sound,,,
0,FORT,2,1,1776625433.396702,89.92,Game,1,Predictable,81.19,0,,,5,,,130,Sound,,,
0,FORT,2,1,1776625433.396702,89.93,Game,1,Predictable,81.2,0,,,5,,,130,Sound,,,
0,FORT,2,1,1776625433.396702,89.94,Game,1,Predictable,81.21,0,,,5,,,130,Sound,,,
0,FORT,2,1,1776625433.396702,89.96,Game,1,Predictable,81.22,0,,,5,,,130,Sound,,,
0,FORT,2,1,1776625433.396702,89.97,Game,1,Predictable,81.24,0,,,5,,,130,Sound,,,
0,FORT,2,1,1776625433.396702,89.98,Game,1,Predictable,81.25,0,,,5,,,130,Sound,,,
0,FORT,2,1,1776625433.396702,89.99,Game,1,Predictable,81.26,0,,,5,,,130,Sound,,,
0,FORT,2,1,1776625433.396702,90.0,Game,1,Predictable,81.27,0,,,5,,,130,Sound,,,
0,FORT,2,1,1776625433.396702,90.01,Game,1,Predictable,81.28,0,,,5,,,130,Sound,,,
0,FORT,2,1,1776625433.396702,90.02,Game,1,Predictable,81.29,0,,,5,,,130,Sound,,,
0,FORT,2,1,1776625433.396702,90.03,Game,1,Predictable,81.3,0,,,5,,,130,Sound,,,
0,FORT,2,1,1776625433.396702,90.04,Game,1,Predictable,81.31,0,,,5,,,130,Sound,,,
0,FORT,2,1,1776625433.396702,90.06,Game,1,Predictable,81.32,0,,,5,,,130,Sound,,,
0,FORT,2,1,1776625433.396702,90.07,Game,1,Predictable,81.34,0,,,5,,,130,Sound,,,
0,FORT,2,1,1776625433.396702,90.08,Game,1,Predictable,81.35,0,,,5,,,130,Sound,,,
0,FORT,2,1,1776625433.396702,90.09,Game,1,Predictable,81.36,0,,,5,,,130,Sound,,,
0,FORT,2,1,1776625433.396702,90.1,Game,1,Predictable,81.37,0,,,5,,,130,Sound,,,
0,FORT,2,1,1776625433.396702,90.11,Game,1,Predictable,81.38,0,,,5,,,130,Sound,,,
0,FORT,2,1,1776625433.396702,90.12,Game,1,Predictable,81.39,0,,,5,,,130,Sound,,,
0,FORT,2,1,1776625433.396702,90.13,Game,1,Predictable,81.4,0,,,5,,,130,Sound,,,
0,FORT,2,1,1776625433.396702,90.14,Game,1,Predictable,81.41,0,,,5,,,130,Sound,,,
0,FORT,2,1,1776625433.396702,90.16,Game,1,Predictable,81.42,0,,,5,,,130,Sound,,,
0,FORT,2,1,1776625433.396702,90.17,Game,1,Predictable,81.44,0,,,5,,,130,Sound,,,
0,FORT,2,1,1776625433.396702,90.18,Game,1,Predictable,81.45,0,,,5,,,130,Sound,,,
0,FORT,2,1,1776625433.396702,90.21,Game,1,Predictable,81.46,0,,,5,,,130,Sound,,,
0,FORT,2,1,1776625433.396702,90.22,Game,1,Predictable,81.49,0,,,5,,,130,Sound,,,
0,FORT,2,1,1776625433.396702,90.23,Game,1,Predictable,81.5,0,,,5,,,130,Sound,,,
0,FORT,2,1,1776625433.396702,90.24,Game,1,Predictable,81.51,0,,,5,,,130,Sound,,,
0,FORT,2,1,1776625433.396702,90.26,Game,1,Predictable,81.52,0,,,5,,,130,Sound,,,
0,FORT,2,1,1776625433.396702,90.27,Game,1,Predictable,81.54,0,,,5,,,130,Sound,,,
0,FORT,2,1,1776625433.396702,90.28,Game,1,Predictable,81.55,0,,,5,,,130,Sound,,,
0,FORT,2,1,1776625433.396702,90.31,Game,1,Predictable,81.56,0,,,5,,,130,Sound,,,
0,FORT,2,1,1776625433.396702,90.32,Game,1,Predictable,81.59,0,,,5,,,130,Sound,,,
0,FORT,2,1,1776625433.396702,90.33,Game,1,Predictable,81.6,0,,,5,,,130,Sound,,,
0,FORT,2,1,1776625433.396702,90.34,Game,1,Predictable,81.61,0,,,5,,,130,Sound,,,
0,FORT,2,1,1776625433.396702,90.36,Game,1,Predictable,81.62,0,,,5,,,130,Sound,,,
0,FORT,2,1,1776625433.396702,90.37,Game,1,Predictable,81.64,0,,,5,,,130,Sound,,,
0,FORT,2,1,1776625433.396702,90.38,Game,1,Predictable,81.65,0,,,5,,,130,Sound,,,
0,FORT,2,1,1776625433.396702,90.39,Game,1,Predictable,81.66,0,,,5,,,130,Sound,,,
0,FORT,2,1,1776625433.396702,90.4,Game,1,Predictable,81.67,0,,,5,,,130,Sound,,,
0,FORT,2,1,1776625433.396702,90.41,Game,1,Predictable,81.68,0,,,5,,,130,Sound,,,
0,FORT,2,1,1776625433.396702,90.42,Game,1,Predictable,81.69,0,,,5,,,130,Sound,,,
0,FORT,2,1,1776625433.396702,90.43,Game,1,Predictable,81.7,0,,,5,,,130,Sound,,,
0,FORT,2,1,1776625433.396702,90.44,Game,1,Predictable,81.71,0,,,5,,,130,Sound,,,
0,FORT,2,1,1776625433.396702,90.46,Game,1,Predictable,81.72,0,,,5,,,130,Sound,,,
0,FORT,2,1,1776625433.396702,90.47,Game,1,Predictable,81.74,0,,,5,,,130,Sound,,,
0,FORT,2,1,1776625433.396702,90.48,Game,1,Predictable,81.75,0,,,5,,,130,Sound,,,
0,FORT,2,1,1776625433.396702,90.49,Game,1,Predictable,81.76,0,,,5,,,130,Sound,,,
0,FORT,2,1,1776625433.396702,90.5,Game,1,Predictable,81.77,0,,,5,,,130,Sound,,,
0,FORT,2,1,1776625433.396702,90.51,Game,1,Predictable,81.78,0,,,5,,,130,Sound,,,
0,FORT,2,1,1776625433.396702,90.52,Game,1,Predictable,81.79,0,,,5,,,130,Sound,,,
0,FORT,2,1,1776625433.396702,90.53,Game,1,Predictable,81.8,0,,,5,,,130,Sound,,,
0,FORT,2,1,1776625433.396702,90.54,Game,1,Predictable,81.81,0,,,5,,,130,Sound,,,
0,FORT,2,1,1776625433.396702,90.56,Game,1,Predictable,81.82,0,,,5,,,130,Sound,,,
0,FORT,2,1,1776625433.396702,90.57,Game,1,Predictable,81.84,0,,,5,,,130,Sound,,,
0,FORT,2,1,1776625433.396702,90.58,Game,1,Predictable,81.85,0,,,5,,,130,Sound,,,
0,FORT,2,1,1776625433.396702,90.59,Game,1,Predictable,81.86,0,,,5,,,130,Sound,,,
0,FORT,2,1,1776625433.396702,90.6,Game,1,Predictable,81.87,0,,,5,,,130,Sound,,,
0,FORT,2,1,1776625433.396702,90.61,Game,1,Predictable,81.88,0,,,5,,,130,Sound,,,
0,FORT,2,1,1776625433.396702,90.62,Game,1,Predictable,81.89,0,,,5,,,130,Sound,,,
0,FORT,2,1,1776625433.396702,90.63,Game,1,Predictable,81.9,0,,,5,,,130,Sound,,,
0,FORT,2,1,1776625433.396702,90.64,Game,1,Predictable,81.91,0,,,5,,,130,Sound,,,
0,FORT,2,1,1776625433.396702,90.66,Game,1,Predictable,81.92,0,,,5,,,130,Sound,,,
0,FORT,2,1,1776625433.396702,90.67,Game,1,Predictable,81.94,0,,,5,,,130,Sound,,,
0,FORT,2,1,1776625433.396702,90.68,Game,1,Predictable,81.95,0,,,5,,,130,Sound,,,
0,FORT,2,1,1776625433.396702,90.69,Game,1,Predictable,81.96,0,,,5,,,130,Sound,,,
0,FORT,2,1,1776625433.396702,90.7,Game,1,Predictable,81.97,0,,,5,,,130,Sound,,,
0,FORT,2,1,1776625433.396702,90.71,Game,1,Predictable,81.98,0,,,5,,,130,Sound,,,
0,FORT,2,1,1776625433.396702,90.72,Game,1,Predictable,81.99,0,,,5,,,130,Sound,,,
0,FORT,2,1,1776625433.396702,90.73,Game,1,Predictable,82.0,0,,,5,,,130,Sound,,,
0,FORT,2,1,1776625433.396702,90.74,Game,1,Predictable,82.01,0,,,5,,,130,Sound,,,
0,FORT,2,1,1776625433.396702,90.76,Game,1,Predictable,82.02,0,,,5,,,130,Sound,,,
0,FORT,2,1,1776625433.396702,90.77,Game,1,Predictable,82.04,0,,,5,,,130,Sound,,,
0,FORT,2,1,1776625433.396702,90.78,Game,1,Predictable,82.05,0,,,5,,,130,Sound,,,
0,FORT,2,1,1776625433.396702,90.79,Game,1,Predictable,82.06,0,,,5,,,130,Sound,,,
0,FORT,2,1,1776625433.396702,90.8,Game,1,Predictable,82.07,0,,,5,,,130,Sound,,,
0,FORT,2,1,1776625433.396702,90.81,Game,1,Predictable,82.08,0,,,5,,,130,Sound,,,
0,FORT,2,1,1776625433.396702,90.82,Game,1,Predictable,82.09,0,,,5,,,130,Sound,,,
0,FORT,2,1,1776625433.396702,90.83,Game,1,Predictable,82.1,0,,,5,,,130,Sound,,,
0,FORT,2,1,1776625433.396702,90.84,Game,1,Predictable,82.11,0,,,5,,,130,Sound,,,
0,FORT,2,1,1776625433.396702,90.86,Game,1,Predictable,82.12,0,,,5,,,130,Sound,,,
0,FORT,2,1,1776625433.396702,90.87,Game,1,Predictable,82.14,0,,,5,,,130,Sound,,,
0,FORT,2,1,1776625433.396702,90.88,Game,1,Predictable,82.15,0,,,5,,,130,Sound,,,
0,FORT,2,1,1776625433.396702,90.89,Game,1,Predictable,82.16,0,,,5,,,130,Sound,,,
0,FORT,2,1,1776625433.396702,90.9,Game,1,Predictable,82.17,0,,,5,,,130,Sound,,,
0,FORT,2,1,1776625433.396702,90.91,Game,1,Predictable,82.18,0,,,5,,,130,Sound,,,
0,FORT,2,1,1776625433.396702,90.92,Game,1,Predictable,82.19,0,,,5,,,130,Sound,,,
0,FORT,2,1,1776625433.396702,90.93,Game,1,Predictable,82.2,0,,,5,,,130,Sound,,,
0,FORT,2,1,1776625433.396702,90.94,Game,1,Predictable,82.21,0,,,5,,,130,Sound,,,
0,FORT,2,1,1776625433.396702,90.96,Game,1,Predictable,82.22,0,,,5,,,130,Sound,,,
0,FORT,2,1,1776625433.396702,90.97,Game,1,Predictable,82.24,0,,,5,,,130,Sound,,,
0,FORT,2,1,1776625433.396702,90.98,Game,1,Predictable,82.25,0,,,5,,,130,Sound,,,
0,FORT,2,1,1776625433.396702,90.99,Game,1,Predictable,82.26,0,,,5,,,130,Sound,,,
0,FORT,2,1,1776625433.396702,91.0,Game,1,Predictable,82.27,0,,,5,,,130,Sound,,,
0,FORT,2,1,1776625433.396702,91.01,Game,1,Predictable,82.28,0,,,5,,,130,Sound,,,
0,FORT,2,1,1776625433.396702,91.02,Game,1,Predictable,82.29,0,,,5,,,130,Sound,,,
0,FORT,2,1,1776625433.396702,91.03,Game,1,Predictable,82.3,0,,,5,,,130,Sound,,,
0,FORT,2,1,1776625433.396702,91.04,Game,1,Predictable,82.31,0,,,5,,,130,Sound,,,
0,FORT,2,1,1776625433.396702,91.06,Game,1,Predictable,82.32,0,,,5,,,130,Sound,,,
0,FORT,2,1,1776625433.396702,91.07,Game,1,Predictable,82.34,0,,,5,,,130,Sound,,,
0,FORT,2,1,1776625433.396702,91.08,Game,1,Predictable,82.35,0,,,5,,,130,Sound,,,
0,FORT,2,1,1776625433.396702,91.09,Game,1,Predictable,82.36,0,,,5,,,130,Sound,,,
0,FORT,2,1,1776625433.396702,91.1,Game,1,Predictable,82.37,0,,,5,,,130,Sound,,,
0,FORT,2,1,1776625433.396702,91.11,Game,1,Predictable,82.38,0,,,5,,,130,Sound,,,
0,FORT,2,1,1776625433.396702,91.12,Game,1,Predictable,82.39,0,,,5,,,130,Sound,,,
0,FORT,2,1,1776625433.396702,91.13,Game,1,Predictable,82.4,0,,,5,,,130,Sound,,,
0,FORT,2,1,1776625433.396702,91.14,Game,1,Predictable,82.41,0,,,5,,,130,Sound,,,
0,FORT,2,1,1776625433.396702,91.16,Game,1,Predictable,82.42,0,,,5,,,130,Sound,,,
0,FORT,2,1,1776625433.396702,91.17,Game,1,Predictable,82.44,0,,,5,,,130,Sound,,,
0,FORT,2,1,1776625433.396702,91.18,Game,1,Predictable,82.45,0,,,5,,,130,Sound,,,
0,FORT,2,1,1776625433.396702,91.19,Game,1,Predictable,82.46,0,,,5,,,130,Sound,,,
0,FORT,2,1,1776625433.396702,91.2,Game,1,Predictable,82.47,0,,,5,,,130,Sound,,,
0,FORT,2,1,1776625433.396702,91.21,Game,1,Predictable,82.48,0,,,5,,,130,Sound,,,
0,FORT,2,1,1776625433.396702,91.22,Game,1,Predictable,82.49,0,,,5,,,130,Sound,,,
0,FORT,2,1,1776625433.396702,91.23,Game,1,Predictable,82.5,0,,,5,,,130,Sound,,,
0,FORT,2,1,1776625433.396702,91.24,Game,1,Predictable,82.51,0,,,5,,,130,Sound,,,
0,FORT,2,1,1776625433.396702,91.26,Game,1,Predictable,82.52,0,,,5,,,130,Sound,,,
0,FORT,2,1,1776625433.396702,91.27,Game,1,Predictable,82.54,0,,,5,,,130,Sound,,,
0,FORT,2,1,1776625433.396702,91.28,Game,1,Predictable,82.55,0,,,5,,,130,Sound,,,
0,FORT,2,1,1776625433.396702,91.29,Game,1,Predictable,82.56,0,,,5,,,130,Sound,,,
0,FORT,2,1,1776625433.396702,91.3,Game,1,Predictable,82.57,0,,,5,,,130,Sound,,,
0,FORT,2,1,1776625433.396702,91.31,Game,1,Predictable,82.58,0,,,5,,,130,Sound,,,
0,FORT,2,1,1776625433.396702,91.32,Game,1,Predictable,82.59,0,,,5,,,130,Sound,,,
0,FORT,2,1,1776625433.396702,91.33,Game,1,Predictable,82.6,0,,,5,,,130,Sound,,,
0,FORT,2,1,1776625433.396702,91.34,Game,1,Predictable,82.61,0,,,5,,,130,Sound,,,
0,FORT,2,1,1776625433.396702,91.36,Game,1,Predictable,82.62,0,,,5,,,130,Sound,,,
0,FORT,2,1,1776625433.396702,91.37,Game,1,Predictable,82.64,0,,,5,,,130,Sound,,,
0,FORT,2,1,1776625433.396702,91.38,Game,1,Predictable,82.65,0,,,5,,,130,Sound,,,
0,FORT,2,1,1776625433.396702,91.39,Game,1,Predictable,82.66,0,,,5,,,130,Sound,,,
0,FORT,2,1,1776625433.396702,91.4,Game,1,Predictable,82.67,0,,,5,,,130,Sound,,,
0,FORT,2,1,1776625433.396702,91.41,Game,1,Predictable,82.68,0,,,5,,,130,Sound,,,
0,FORT,2,1,1776625433.396702,91.42,Game,1,Predictable,82.69,0,,,5,,,130,Sound,,,
0,FORT,2,1,1776625433.396702,91.43,Game,1,Predictable,82.7,0,,,5,,,130,Sound,,,
0,FORT,2,1,1776625433.396702,91.44,Game,1,Predictable,82.71,0,,,5,,,130,Sound,,,
0,FORT,2,1,1776625433.396702,91.46,Game,1,Predictable,82.72,0,,,5,,,130,Sound,,,
0,FORT,2,1,1776625433.396702,91.47,Game,1,Predictable,82.74,0,,,5,,,130,Sound,,,
0,FORT,2,1,1776625433.396702,91.48,Game,1,Predictable,82.75,0,,,5,,,130,Sound,,,
0,FORT,2,1,1776625433.396702,91.49,Game,1,Predictable,82.76,0,,,5,,,130,Sound,,,
0,FORT,2,1,1776625433.396702,91.5,Game,1,Predictable,82.77,0,,,5,,,130,Sound,,,
0,FORT,2,1,1776625433.396702,91.51,Game,1,Predictable,82.78,0,,,5,,,130,Sound,,,
0,FORT,2,1,1776625433.396702,91.52,Game,1,Predictable,82.79,0,,,5,,,130,Sound,,,
0,FORT,2,1,1776625433.396702,91.53,Game,1,Predictable,82.8,0,,,5,,,130,Sound,,,
0,FORT,2,1,1776625433.396702,91.54,Game,1,Predictable,82.81,0,,,5,,,130,Sound,,,
0,FORT,2,1,1776625433.396702,91.56,Game,1,Predictable,82.82,0,,,5,,,130,Sound,,,
0,FORT,2,1,1776625433.396702,91.57,Game,1,Predictable,82.84,0,,,5,,,130,Sound,,,
0,FORT,2,1,1776625433.396702,91.58,Game,1,Predictable,82.85,0,,,5,,,130,Sound,,,
0,FORT,2,1,1776625433.396702,91.59,Game,1,Predictable,82.86,0,,,5,,,130,Sound,,,
0,FORT,2,1,1776625433.396702,91.6,Game,1,Predictable,82.87,0,,,5,,,130,Sound,,,
0,FORT,2,1,1776625433.396702,91.61,Game,1,Predictable,82.88,0,,,5,,,130,Sound,,,
0,FORT,2,1,1776625433.396702,91.62,Game,1,Predictable,82.89,0,,,5,,,130,Sound,,,
0,FORT,2,1,1776625433.396702,91.63,Game,1,Predictable,82.9,0,,,5,,,130,Sound,,,
0,FORT,2,1,1776625433.396702,91.64,Game,1,Predictable,82.91,0,,,5,,,130,Sound,,,
0,FORT,2,1,1776625433.396702,91.66,Game,1,Predictable,82.92,0,,,5,,,130,Sound,,,
0,FORT,2,1,1776625433.396702,91.67,Game,1,Predictable,82.94,0,,,5,,,130,Sound,,,
0,FORT,2,1,1776625433.396702,91.68,Game,1,Predictable,82.95,0,,,5,,,130,Sound,,,
0,FORT,2,1,1776625433.396702,91.69,Game,1,Predictable,82.96,0,,,5,,,130,Sound,,,
0,FORT,2,1,1776625433.396702,91.7,Game,1,Predictable,82.97,0,,,5,,,130,Sound,,,
0,FORT,2,1,1776625433.396702,91.71,Game,1,Predictable,82.98,0,,,5,,,130,Sound,,,
0,FORT,2,1,1776625433.396702,91.72,Game,1,Predictable,82.99,0,,,5,,,130,Sound,,,
0,FORT,2,1,1776625433.396702,91.73,Game,1,Predictable,83.0,0,,,5,,,130,Sound,,,
0,FORT,2,1,1776625433.396702,91.74,Game,1,Predictable,83.01,0,,,5,,,130,Sound,,,
0,FORT,2,1,1776625433.396702,91.76,Game,1,Predictable,83.02,0,,,5,,,130,Sound,,,
0,FORT,2,1,1776625433.396702,91.77,Game,1,Predictable,83.04,0,,,5,,,130,Sound,,,
0,FORT,2,1,1776625433.396702,91.78,Game,1,Predictable,83.05,0,,,5,,,130,Sound,,,
0,FORT,2,1,1776625433.396702,91.79,Game,1,Predictable,83.06,0,,,5,,,130,Sound,,,
0,FORT,2,1,1776625433.396702,91.8,Game,1,Predictable,83.07,0,,,5,,,130,Sound,,,
0,FORT,2,1,1776625433.396702,91.81,Game,1,Predictable,83.08,0,,,5,,,130,Sound,,,
0,FORT,2,1,1776625433.396702,91.82,Game,1,Predictable,83.09,0,,,5,,,130,Sound,,,
0,FORT,2,1,1776625433.396702,91.83,Game,1,Predictable,83.1,0,,,5,,,130,Sound,,,
0,FORT,2,1,1776625433.396702,91.84,Game,1,Predictable,83.11,0,,,5,,,130,Sound,,,
0,FORT,2,1,1776625433.396702,91.86,Game,1,Predictable,83.12,0,,,5,,,130,Sound,,,
0,FORT,2,1,1776625433.396702,91.87,Game,1,Predictable,83.14,0,,,5,,,130,Sound,,,
0,FORT,2,1,1776625433.396702,91.88,Game,1,Predictable,83.15,0,,,5,,,130,Sound,,,
0,FORT,2,1,1776625433.396702,91.89,Game,1,Predictable,83.16,0,,,5,,,130,Sound,,,
0,FORT,2,1,1776625433.396702,91.9,Game,1,Predictable,83.17,0,,,5,,,130,Sound,,,
0,FORT,2,1,1776625433.396702,91.91,Game,1,Predictable,83.18,0,,,5,,,130,Sound,,,
0,FORT,2,1,1776625433.396702,91.92,Game,1,Predictable,83.19,0,,,5,,,130,Sound,,,
0,FORT,2,1,1776625433.396702,91.93,Game,1,Predictable,83.2,0,,,5,,,130,Sound,,,
0,FORT,2,1,1776625433.396702,91.94,Game,1,Predictable,83.21,0,,,5,,,130,Sound,,,
0,FORT,2,1,1776625433.396702,91.96,Game,1,Predictable,83.22,0,,,5,,,130,Sound,,,
0,FORT,2,1,1776625433.396702,91.97,Game,1,Predictable,83.24,0,,,5,,,130,Sound,,,
0,FORT,2,1,1776625433.396702,91.98,Game,1,Predictable,83.25,0,,,5,,,130,Sound,,,
0,FORT,2,1,1776625433.396702,91.99,Game,1,Predictable,83.26,0,,,5,,,130,Sound,,,
0,FORT,2,1,1776625433.396702,92.0,Game,1,Predictable,83.27,0,,,5,,,130,Sound,,,
0,FORT,2,1,1776625433.396702,92.01,Game,1,Predictable,83.28,0,,,5,,,130,Sound,,,
0,FORT,2,1,1776625433.396702,92.02,Game,1,Predictable,83.29,0,,,5,,,130,Sound,,,
0,FORT,2,1,1776625433.396702,92.03,Game,1,Predictable,83.3,0,,,5,,,130,Sound,,,
0,FORT,2,1,1776625433.396702,92.04,Game,1,Predictable,83.31,0,,,5,,,130,Sound,,,
0,FORT,2,1,1776625433.396702,92.06,Game,1,Predictable,83.32,0,,,5,,,130,Sound,,,
0,FORT,2,1,1776625433.396702,92.07,Game,1,Predictable,83.34,0,,,5,,,130,Sound,,,
0,FORT,2,1,1776625433.396702,92.08,Game,1,Predictable,83.35,0,,,5,,,130,Sound,,,
0,FORT,2,1,1776625433.396702,92.09,Game,1,Predictable,83.36,0,,,5,,,130,Sound,,,
0,FORT,2,1,1776625433.396702,92.1,Game,1,Predictable,83.37,0,,,5,,,130,Sound,,,
0,FORT,2,1,1776625433.396702,92.11,Game,1,Predictable,83.38,0,,,5,,,130,Sound,,,
0,FORT,2,1,1776625433.396702,92.12,Game,1,Predictable,83.39,0,,,5,,,130,Sound,,,
0,FORT,2,1,1776625433.396702,92.13,Game,1,Predictable,83.4,0,,,5,,,130,Sound,,,
0,FORT,2,1,1776625433.396702,92.14,Game,1,Predictable,83.41,0,,,5,,,130,Sound,,,
0,FORT,2,1,1776625433.396702,92.16,Game,1,Predictable,83.42,0,,,5,,,130,Sound,,,
0,FORT,2,1,1776625433.396702,92.17,Game,1,Predictable,83.44,0,,,5,,,130,Sound,,,
0,FORT,2,1,1776625433.396702,92.18,Game,1,Predictable,83.45,0,,,5,,,130,Sound,,,
0,FORT,2,1,1776625433.396702,92.19,Game,1,Predictable,83.46,0,,,5,,,130,Sound,,,
0,FORT,2,1,1776625433.396702,92.2,Game,1,Predictable,83.47,0,,,5,,,130,Sound,,,
0,FORT,2,1,1776625433.396702,92.21,Game,1,Predictable,83.48,0,,,5,,,130,Sound,,,
0,FORT,2,1,1776625433.396702,92.22,Game,1,Predictable,83.49,0,,,5,,,130,Sound,,,
0,FORT,2,1,1776625433.396702,92.23,Game,1,Predictable,83.5,0,,,5,,,130,Sound,,,
0,FORT,2,1,1776625433.396702,92.24,Game,1,Predictable,83.51,0,,,5,,,130,Sound,,,
0,FORT,2,1,1776625433.396702,92.26,Game,1,Predictable,83.52,0,,,5,,,130,Sound,,,
0,FORT,2,1,1776625433.396702,92.27,Game,1,Predictable,83.54,0,,,5,,,130,Sound,,,
0,FORT,2,1,1776625433.396702,92.28,Game,1,Predictable,83.55,0,,,5,,,130,Sound,,,
0,FORT,2,1,1776625433.396702,92.29,Game,1,Predictable,83.56,0,,,5,,,130,Sound,,,
0,FORT,2,1,1776625433.396702,92.3,Game,1,Predictable,83.57,0,,,5,,,130,Sound,,,
0,FORT,2,1,1776625433.396702,92.31,Game,1,Predictable,83.58,0,,,5,,,130,Sound,,,
0,FORT,2,1,1776625433.396702,92.32,Game,1,Predictable,83.59,0,,,5,,,130,Sound,,,
0,FORT,2,1,1776625433.396702,92.33,Game,1,Predictable,83.6,0,,,5,,,130,Sound,,,
0,FORT,2,1,1776625433.396702,92.34,Game,1,Predictable,83.61,0,,,5,,,130,Sound,,,
0,FORT,2,1,1776625433.396702,92.36,Game,1,Predictable,83.62,0,,,5,,,130,Sound,,,
0,FORT,2,1,1776625433.396702,92.37,Game,1,Predictable,83.64,0,,,5,,,130,Sound,,,
0,FORT,2,1,1776625433.396702,92.38,Game,1,Predictable,83.65,0,,,5,,,130,Sound,,,
0,FORT,2,1,1776625433.396702,92.39,Game,1,Predictable,83.66,0,,,5,,,130,Sound,,,
0,FORT,2,1,1776625433.396702,92.4,Game,1,Predictable,83.67,0,,,5,,,130,Sound,,,
0,FORT,2,1,1776625433.396702,92.41,Game,1,Predictable,83.68,0,,,5,,,130,Sound,,,
0,FORT,2,1,1776625433.396702,92.42,Game,1,Predictable,83.69,0,,,5,,,130,Sound,,,
0,FORT,2,1,1776625433.396702,92.43,Game,1,Predictable,83.7,0,,,5,,,130,Sound,,,
0,FORT,2,1,1776625433.396702,92.44,Game,1,Predictable,83.71,0,,,5,,,130,Sound,,,
0,FORT,2,1,1776625433.396702,92.46,Game,1,Predictable,83.73,0,,,5,,,130,Sound,,,
0,FORT,2,1,1776625433.396702,92.47,Game,1,Predictable,83.74,0,,,5,,,130,Sound,,,
0,FORT,2,1,1776625433.396702,92.48,Game,1,Predictable,83.75,0,,,5,,,130,Sound,,,
0,FORT,2,1,1776625433.396702,92.49,Game,1,Predictable,83.76,0,,,5,,,130,Sound,,,
0,FORT,2,1,1776625433.396702,92.5,Game,1,Predictable,83.77,0,,,5,,,130,Sound,,,
0,FORT,2,1,1776625433.396702,92.51,Game,1,Predictable,83.78,0,,,5,,,130,Sound,,,
0,FORT,2,1,1776625433.396702,92.52,Game,1,Predictable,83.79,0,,,5,,,130,Sound,,,
0,FORT,2,1,1776625433.396702,92.53,Game,1,Predictable,83.8,0,,,5,,,130,Sound,,,
0,FORT,2,1,1776625433.396702,92.54,Game,1,Predictable,83.81,0,,,5,,,130,Sound,,,
0,FORT,2,1,1776625433.396702,92.56,Game,1,Predictable,83.82,0,,,5,,,130,Sound,,,
0,FORT,2,1,1776625433.396702,92.57,Game,1,Predictable,83.84,0,,,5,,,130,Sound,,,
0,FORT,2,1,1776625433.396702,92.58,Game,1,Predictable,83.85,0,,,5,,,130,Sound,,,
0,FORT,2,1,1776625433.396702,92.59,Game,1,Predictable,83.86,0,,,5,,,130,Sound,,,
0,FORT,2,1,1776625433.396702,92.6,Game,1,Predictable,83.87,0,,,5,,,130,Sound,,,
0,FORT,2,1,1776625433.396702,92.61,Game,1,Predictable,83.88,0,,,5,,,130,Sound,,,
0,FORT,2,1,1776625433.396702,92.62,Game,1,Predictable,83.89,0,,,5,,,130,Sound,,,
0,FORT,2,1,1776625433.396702,92.63,Game,1,Predictable,83.9,0,,,5,,,130,Sound,,,
0,FORT,2,1,1776625433.396702,92.64,Game,1,Predictable,83.91,0,,,5,,,130,Sound,,,
0,FORT,2,1,1776625433.396702,92.66,Game,1,Predictable,83.92,0,,,5,,,130,Sound,,,
0,FORT,2,1,1776625433.396702,92.67,Game,1,Predictable,83.94,0,,,5,,,130,Sound,,,
0,FORT,2,1,1776625433.396702,92.68,Game,1,Predictable,83.95,0,,,5,,,130,Sound,,,
0,FORT,2,1,1776625433.396702,92.69,Game,1,Predictable,83.96,0,,,5,,,130,Sound,,,
0,FORT,2,1,1776625433.396702,92.7,Game,1,Predictable,83.97,0,,,5,,,130,Sound,,,
0,FORT,2,1,1776625433.396702,92.71,Game,1,Predictable,83.98,0,,,5,,,130,Sound,,,
0,FORT,2,1,1776625433.396702,92.72,Game,1,Predictable,83.99,0,,,5,,,130,Sound,,,
0,FORT,2,1,1776625433.396702,92.73,Game,1,Predictable,84.0,0,,,5,,,130,Sound,,,
0,FORT,2,1,1776625433.396702,92.74,Game,1,Predictable,84.01,0,,,5,,,130,Sound,,,
0,FORT,2,1,1776625433.396702,92.76,Game,1,Predictable,84.02,0,,,5,,,130,Sound,,,
0,FORT,2,1,1776625433.396702,92.77,Game,1,Predictable,84.04,0,,,5,,,130,Sound,,,
0,FORT,2,1,1776625433.396702,92.78,Game,1,Predictable,84.05,0,,,5,,,130,Sound,,,
0,FORT,2,1,1776625433.396702,92.79,Game,1,Predictable,84.06,0,,,5,,,130,Sound,,,
0,FORT,2,1,1776625433.396702,92.8,Game,1,Predictable,84.07,0,,,5,,,130,Sound,,,
0,FORT,2,1,1776625433.396702,92.81,Game,1,Predictable,84.08,0,,,5,,,130,Sound,,,
0,FORT,2,1,1776625433.396702,92.82,Game,1,Predictable,84.09,0,,,5,,,130,Sound,,,
0,FORT,2,1,1776625433.396702,92.83,Game,1,Predictable,84.1,0,,,5,,,130,Sound,,,
0,FORT,2,1,1776625433.396702,92.84,Game,1,Predictable,84.11,0,,,5,,,130,Sound,,,
0,FORT,2,1,1776625433.396702,92.86,Game,1,Predictable,84.12,0,,,5,,,130,Sound,,,
0,FORT,2,1,1776625433.396702,92.87,Game,1,Predictable,84.14,0,,,5,,,130,Sound,,,
0,FORT,2,1,1776625433.396702,92.88,Game,1,Predictable,84.15,0,,,5,,,130,Sound,,,
0,FORT,2,1,1776625433.396702,92.89,Game,1,Predictable,84.16,0,,,5,,,130,Sound,,,
0,FORT,2,1,1776625433.396702,92.9,Game,1,Predictable,84.17,0,,,5,,,130,Sound,,,
0,FORT,2,1,1776625433.396702,92.91,Game,1,Predictable,84.18,0,,,5,,,130,Sound,,,
0,FORT,2,1,1776625433.396702,92.92,Game,1,Predictable,84.19,0,,,5,,,130,Sound,,,
0,FORT,2,1,1776625433.396702,92.93,Game,1,Predictable,84.2,0,,,5,,,130,Sound,,,
0,FORT,2,1,1776625433.396702,92.94,Game,1,Predictable,84.21,0,,,5,,,130,Sound,,,
0,FORT,2,1,1776625433.396702,92.96,Game,1,Predictable,84.22,0,,,5,,,130,Sound,,,
0,FORT,2,1,1776625433.396702,92.97,Game,1,Predictable,84.24,0,,,5,,,130,Sound,,,
0,FORT,2,1,1776625433.396702,92.98,Game,1,Predictable,84.25,0,,,5,,,130,Sound,,,
0,FORT,2,1,1776625433.396702,92.99,Game,1,Predictable,84.26,0,,,5,,,130,Sound,,,
0,FORT,2,1,1776625433.396702,93.0,Game,1,Predictable,84.27,0,,,5,,,130,Sound,,,
0,FORT,2,1,1776625433.396702,93.01,Game,1,Predictable,84.28,0,,,5,,,130,Sound,,,
0,FORT,2,1,1776625433.396702,93.02,Game,1,Predictable,84.29,0,,,5,,,130,Sound,,,
0,FORT,2,1,1776625433.396702,93.03,Game,1,Predictable,84.3,0,,,5,,,130,Sound,,,
0,FORT,2,1,1776625433.396702,93.04,Game,1,Predictable,84.31,0,,,5,,,130,Sound,,,
0,FORT,2,1,1776625433.396702,93.06,Game,1,Predictable,84.32,0,,,5,,,130,Sound,,,
0,FORT,2,1,1776625433.396702,93.07,Game,1,Predictable,84.34,0,,,5,,,130,Sound,,,
0,FORT,2,1,1776625433.396702,93.08,Game,1,Predictable,84.35,0,,,5,,,130,Sound,,,
0,FORT,2,1,1776625433.396702,93.09,Game,1,Predictable,84.36,0,,,5,,,130,Sound,,,
0,FORT,2,1,1776625433.396702,93.1,Game,1,Predictable,84.37,0,,,5,,,130,Sound,,,
0,FORT,2,1,1776625433.396702,93.11,Game,1,Predictable,84.38,0,,,5,,,130,Sound,,,
0,FORT,2,1,1776625433.396702,93.12,Game,1,Predictable,84.39,0,,,5,,,130,Sound,,,
0,FORT,2,1,1776625433.396702,93.13,Game,1,Predictable,84.4,0,,,5,,,130,Sound,,,
0,FORT,2,1,1776625433.396702,93.14,Game,1,Predictable,84.41,0,,,5,,,130,Sound,,,
0,FORT,2,1,1776625433.396702,93.16,Game,1,Predictable,84.42,0,,,5,,,130,Sound,,,
0,FORT,2,1,1776625433.396702,93.17,Game,1,Predictable,84.44,0,,,5,,,130,Sound,,,
0,FORT,2,1,1776625433.396702,93.18,Game,1,Predictable,84.45,0,,,5,,,130,Sound,,,
0,FORT,2,1,1776625433.396702,93.19,Game,1,Predictable,84.46,0,,,5,,,130,Sound,,,
0,FORT,2,1,1776625433.396702,93.2,Game,1,Predictable,84.47,0,,,5,,,130,Sound,,,
0,FORT,2,1,1776625433.396702,93.21,Game,1,Predictable,84.48,0,,,5,,,130,Sound,,,
0,FORT,2,1,1776625433.396702,93.22,Game,1,Predictable,84.49,0,,,5,,,130,Sound,,,
0,FORT,2,1,1776625433.396702,93.23,Game,1,Predictable,84.5,0,,,5,,,130,Sound,,,
0,FORT,2,1,1776625433.396702,93.24,Game,1,Predictable,84.51,0,,,5,,,130,Sound,,,
0,FORT,2,1,1776625433.396702,93.26,Game,1,Predictable,84.52,0,,,5,,,130,Sound,,,
0,FORT,2,1,1776625433.396702,93.27,Game,1,Predictable,84.54,0,,,5,,,130,Sound,,,
0,FORT,2,1,1776625433.396702,93.28,Game,1,Predictable,84.55,0,,,5,,,130,Sound,,,
0,FORT,2,1,1776625433.396702,93.29,Game,1,Predictable,84.56,0,,,5,,,130,Sound,,,
0,FORT,2,1,1776625433.396702,93.3,Game,1,Predictable,84.57,0,,,5,,,130,Sound,,,
0,FORT,2,1,1776625433.396702,93.31,Game,1,Predictable,84.58,0,,,5,,,130,Sound,,,
0,FORT,2,1,1776625433.396702,93.32,Game,1,Predictable,84.59,0,,,5,,,130,Sound,,,
0,FORT,2,1,1776625433.396702,93.33,Game,1,Predictable,84.6,0,,,5,,,130,Sound,,,
0,FORT,2,1,1776625433.396702,93.34,Game,1,Predictable,84.61,0,,,5,,,130,Sound,,,
0,FORT,2,1,1776625433.396702,93.36,Game,1,Predictable,84.62,0,,,5,,,130,Sound,,,
0,FORT,2,1,1776625433.396702,93.37,Game,1,Predictable,84.64,0,,,5,,,130,Sound,,,
0,FORT,2,1,1776625433.396702,93.38,Game,1,Predictable,84.65,0,,,5,,,130,Sound,,,
0,FORT,2,1,1776625433.396702,93.39,Game,1,Predictable,84.66,0,,,5,,,130,Sound,,,
0,FORT,2,1,1776625433.396702,93.4,Game,1,Predictable,84.67,0,,,5,,,130,Sound,,,
0,FORT,2,1,1776625433.396702,93.41,Game,1,Predictable,84.68,0,,,5,,,130,Sound,,,
0,FORT,2,1,1776625433.396702,93.42,Game,1,Predictable,84.69,0,,,5,,,130,Sound,,,
0,FORT,2,1,1776625433.396702,93.43,Game,1,Predictable,84.7,0,,,5,,,130,Sound,,,
0,FORT,2,1,1776625433.396702,93.44,Game,1,Predictable,84.71,0,,,5,,,130,Sound,,,
0,FORT,2,1,1776625433.396702,93.46,Game,1,Predictable,84.72,0,,,5,,,130,Sound,,,
0,FORT,2,1,1776625433.396702,93.47,Game,1,Predictable,84.74,0,,,5,,,130,Sound,,,
0,FORT,2,1,1776625433.396702,93.48,Game,1,Predictable,84.75,0,,,5,,,130,Sound,,,
0,FORT,2,1,1776625433.396702,93.49,Game,1,Predictable,84.76,0,,,5,,,130,Sound,,,
0,FORT,2,1,1776625433.396702,93.5,Game,1,Predictable,84.77,0,,,5,,,130,Sound,,,
0,FORT,2,1,1776625433.396702,93.51,Game,1,Predictable,84.78,0,,,5,,,130,Sound,,,
0,FORT,2,1,1776625433.396702,93.52,Game,1,Predictable,84.79,0,,,5,,,130,Sound,,,
0,FORT,2,1,1776625433.396702,93.53,Game,1,Predictable,84.8,0,,,5,,,130,Sound,,,
0,FORT,2,1,1776625433.396702,93.55,Game,1,Predictable,84.81,0,,,5,,,130,Sound,,,
0,FORT,2,1,1776625433.396702,93.56,Game,1,Predictable,84.83,0,,,5,,,130,Sound,,,
0,FORT,2,1,1776625433.396702,93.57,Game,1,Predictable,84.84,0,,,5,,,130,Sound,,,
0,FORT,2,1,1776625433.396702,93.58,Game,1,Predictable,84.85,0,,,5,,,130,Sound,,,
0,FORT,2,1,1776625433.396702,93.59,Game,1,Predictable,84.86,0,,,5,,,130,Sound,,,
0,FORT,2,1,1776625433.396702,93.6,Game,1,Predictable,84.87,0,,,5,,,130,Sound,,,
0,FORT,2,1,1776625433.396702,93.61,Game,1,Predictable,84.88,0,,,5,,,130,Sound,,,
0,FORT,2,1,1776625433.396702,93.62,Game,1,Predictable,84.89,0,,,5,,,130,Sound,,,
0,FORT,2,1,1776625433.396702,93.63,Game,1,Predictable,84.9,0,,,5,,,130,Sound,,,
0,FORT,2,1,1776625433.396702,93.64,Game,1,Predictable,84.91,0,,,5,,,130,Sound,,,
0,FORT,2,1,1776625433.396702,93.66,Game,1,Predictable,84.92,0,,,5,,,130,Sound,,,
0,FORT,2,1,1776625433.396702,93.67,Game,1,Predictable,84.94,0,,,5,,,130,Sound,,,
0,FORT,2,1,1776625433.396702,93.68,Game,1,Predictable,84.95,0,,,5,,,130,Sound,,,
0,FORT,2,1,1776625433.396702,93.69,Game,1,Predictable,84.96,0,,,5,,,130,Sound,,,
0,FORT,2,1,1776625433.396702,93.7,Game,1,Predictable,84.97,0,,,5,,,130,Sound,,,
0,FORT,2,1,1776625433.396702,93.71,Game,1,Predictable,84.98,0,,,5,,,130,Sound,,,
0,FORT,2,1,1776625433.396702,93.72,Game,1,Predictable,84.99,0,,,5,,,130,Sound,,,
0,FORT,2,1,1776625433.396702,93.73,Game,1,Predictable,85.0,0,,,5,,,130,Sound,,,
0,FORT,2,1,1776625433.396702,93.74,Game,1,Predictable,85.01,0,,,5,,,130,Sound,,,
0,FORT,2,1,1776625433.396702,93.76,Game,1,Predictable,85.02,0,,,5,,,130,Sound,,,
0,FORT,2,1,1776625433.396702,93.77,Game,1,Predictable,85.04,0,,,5,,,130,Sound,,,
0,FORT,2,1,1776625433.396702,93.78,Game,1,Predictable,85.05,0,,,5,,,130,Sound,,,
0,FORT,2,1,1776625433.396702,93.79,Game,1,Predictable,85.06,0,,,5,,,130,Sound,,,
0,FORT,2,1,1776625433.396702,93.8,Game,1,Predictable,85.07,0,,,5,,,130,Sound,,,
0,FORT,2,1,1776625433.396702,93.81,Game,1,Predictable,85.08,0,,,5,,,130,Sound,,,
0,FORT,2,1,1776625433.396702,93.82,Game,1,Predictable,85.09,0,,,5,,,130,Sound,,,
0,FORT,2,1,1776625433.396702,93.83,Game,1,Predictable,85.1,0,,,5,,,130,Sound,,,
0,FORT,2,1,1776625433.396702,93.84,Game,1,Predictable,85.11,0,,,5,,,130,Sound,,,
0,FORT,2,1,1776625433.396702,93.86,Game,1,Predictable,85.12,0,,,5,,,130,Sound,,,
0,FORT,2,1,1776625433.396702,93.87,Game,1,Predictable,85.14,0,,,5,,,130,Sound,,,
0,FORT,2,1,1776625433.396702,93.88,Game,1,Predictable,85.15,0,,,5,,,130,Sound,,,
0,FORT,2,1,1776625433.396702,93.89,Game,1,Predictable,85.16,0,,,5,,,130,Sound,,,
0,FORT,2,1,1776625433.396702,93.9,Game,1,Predictable,85.17,0,,,5,,,130,Sound,,,
0,FORT,2,1,1776625433.396702,93.91,Game,1,Predictable,85.18,0,,,5,,,130,Sound,,,
0,FORT,2,1,1776625433.396702,93.92,Game,1,Predictable,85.19,0,,,5,,,130,Sound,,,
0,FORT,2,1,1776625433.396702,93.93,Game,1,Predictable,85.2,0,,,5,,,130,Sound,,,
0,FORT,2,1,1776625433.396702,93.94,Game,1,Predictable,85.21,0,,,5,,,130,Sound,,,
0,FORT,2,1,1776625433.396702,93.96,Game,1,Predictable,85.23,0,,,5,,,130,Sound,,,
0,FORT,2,1,1776625433.396702,93.97,Game,1,Predictable,85.24,0,,,5,,,130,Sound,,,
0,FORT,2,1,1776625433.396702,93.98,Game,1,Predictable,85.25,0,,,5,,,130,Sound,,,
0,FORT,2,1,1776625433.396702,93.99,Game,1,Predictable,85.26,0,,,5,,,130,Sound,,,
0,FORT,2,1,1776625433.396702,94.0,Game,1,Predictable,85.27,0,,,5,,,130,Sound,,,
0,FORT,2,1,1776625433.396702,94.01,Game,1,Predictable,85.28,0,,,5,,,130,Sound,,,
0,FORT,2,1,1776625433.396702,94.02,Game,1,Predictable,85.29,0,,,5,,,130,Sound,,,
0,FORT,2,1,1776625433.396702,94.03,Game,1,Predictable,85.3,0,,,5,,,130,Sound,,,
0,FORT,2,1,1776625433.396702,94.04,Game,1,Predictable,85.31,0,,,5,,,130,Sound,,,
0,FORT,2,1,1776625433.396702,94.06,Game,1,Predictable,85.33,0,,,5,,,130,Sound,,,
0,FORT,2,1,1776625433.396702,94.07,Game,1,Predictable,85.34,0,,,5,,,130,Sound,,,
0,FORT,2,1,1776625433.396702,94.08,Game,1,Predictable,85.35,0,,,5,,,130,Sound,,,
0,FORT,2,1,1776625433.396702,94.09,Game,1,Predictable,85.36,0,,,5,,,130,Sound,,,
0,FORT,2,1,1776625433.396702,94.1,Game,1,Predictable,85.37,0,,,5,,,130,Sound,,,
0,FORT,2,1,1776625433.396702,94.11,Game,1,Predictable,85.38,0,,,5,,,130,Sound,,,
0,FORT,2,1,1776625433.396702,94.12,Game,1,Predictable,85.39,0,,,5,,,130,Sound,,,
0,FORT,2,1,1776625433.396702,94.13,Game,1,Predictable,85.4,0,,,5,,,130,Sound,,,
0,FORT,2,1,1776625433.396702,94.14,Game,1,Predictable,85.41,0,,,5,,,130,Sound,,,
0,FORT,2,1,1776625433.396702,94.16,Game,1,Predictable,85.42,0,,,5,,,130,Sound,,,
0,FORT,2,1,1776625433.396702,94.17,Game,1,Predictable,85.44,0,,,5,,,130,Sound,,,
0,FORT,2,1,1776625433.396702,94.18,Game,1,Predictable,85.45,0,,,5,,,130,Sound,,,
0,FORT,2,1,1776625433.396702,94.19,Game,1,Predictable,85.46,0,,,5,,,130,Sound,,,
0,FORT,2,1,1776625433.396702,94.2,Game,1,Predictable,85.47,0,,,5,,,130,Sound,,,
0,FORT,2,1,1776625433.396702,94.21,Game,1,Predictable,85.48,0,,,5,,,130,Sound,,,
0,FORT,2,1,1776625433.396702,94.22,Game,1,Predictable,85.49,0,,,5,,,130,Sound,,,
0,FORT,2,1,1776625433.396702,94.23,Game,1,Predictable,85.5,0,,,5,,,130,Sound,,,
0,FORT,2,1,1776625433.396702,94.24,Game,1,Predictable,85.51,0,,,5,,,130,Sound,,,
0,FORT,2,1,1776625433.396702,94.26,Game,1,Predictable,85.53,0,,,5,,,130,Sound,,,
0,FORT,2,1,1776625433.396702,94.27,Game,1,Predictable,85.54,0,,,5,,,130,Sound,,,
0,FORT,2,1,1776625433.396702,94.28,Game,1,Predictable,85.55,0,,,5,,,130,Sound,,,
0,FORT,2,1,1776625433.396702,94.29,Game,1,Predictable,85.56,0,,,5,,,130,Sound,,,
0,FORT,2,1,1776625433.396702,94.3,Game,1,Predictable,85.57,0,,,5,,,130,Sound,,,
0,FORT,2,1,1776625433.396702,94.31,Game,1,Predictable,85.58,0,,,5,,,130,Sound,,,
0,FORT,2,1,1776625433.396702,94.32,Game,1,Predictable,85.59,0,,,5,,,130,Sound,,,
0,FORT,2,1,1776625433.396702,94.33,Game,1,Predictable,85.6,0,,,5,,,130,Sound,,,
0,FORT,2,1,1776625433.396702,94.34,Game,1,Predictable,85.61,0,,,5,,,130,Sound,,,
0,FORT,2,1,1776625433.396702,94.36,Game,1,Predictable,85.63,0,,,5,,,130,Sound,,,
0,FORT,2,1,1776625433.396702,94.37,Game,1,Predictable,85.64,0,,,5,,,130,Sound,,,
0,FORT,2,1,1776625433.396702,94.38,Game,1,Predictable,85.65,0,,,5,,,130,Sound,,,
0,FORT,2,1,1776625433.396702,94.39,Game,1,Predictable,85.66,0,,,5,,,130,Sound,,,
0,FORT,2,1,1776625433.396702,94.4,Game,1,Predictable,85.67,0,,,5,,,130,Sound,,,
0,FORT,2,1,1776625433.396702,94.41,Game,1,Predictable,85.68,0,,,5,,,130,Sound,,,
0,FORT,2,1,1776625433.396702,94.42,Game,1,Predictable,85.69,0,,,5,,,130,Sound,,,
0,FORT,2,1,1776625433.396702,94.43,Game,1,Predictable,85.7,0,,,5,,,130,Sound,,,
0,FORT,2,1,1776625433.396702,94.44,Game,1,Predictable,85.71,0,,,5,,,130,Sound,,,
0,FORT,2,1,1776625433.396702,94.46,Game,1,Predictable,85.72,0,,,5,,,130,Sound,,,
0,FORT,2,1,1776625433.396702,94.47,Game,1,Predictable,85.74,0,,,5,,,130,Sound,,,
0,FORT,2,1,1776625433.396702,94.48,Game,1,Predictable,85.75,0,,,5,,,130,Sound,,,
0,FORT,2,1,1776625433.396702,94.49,Game,1,Predictable,85.76,0,,,5,,,130,Sound,,,
0,FORT,2,1,1776625433.396702,94.5,Game,1,Predictable,85.77,0,,,5,,,130,Sound,,,
0,FORT,2,1,1776625433.396702,94.51,Game,1,Predictable,85.78,0,,,5,,,130,Sound,,,
0,FORT,2,1,1776625433.396702,94.52,Game,1,Predictable,85.79,0,,,5,,,130,Sound,,,
0,FORT,2,1,1776625433.396702,94.53,Game,1,Predictable,85.8,0,,,5,,,130,Sound,,,
0,FORT,2,1,1776625433.396702,94.54,Game,1,Predictable,85.81,0,,,5,,,130,Sound,,,
0,FORT,2,1,1776625433.396702,94.56,Game,1,Predictable,85.82,0,,,5,,,130,Sound,,,
0,FORT,2,1,1776625433.396702,94.57,Game,1,Predictable,85.84,0,,,5,,,130,Sound,,,
0,FORT,2,1,1776625433.396702,94.58,Game,1,Predictable,85.85,0,,,5,,,130,Sound,,,
0,FORT,2,1,1776625433.396702,94.59,Game,1,Predictable,85.86,0,,,5,,,130,Sound,,,
0,FORT,2,1,1776625433.396702,94.6,Game,1,Predictable,85.87,0,,,5,,,130,Sound,,,
0,FORT,2,1,1776625433.396702,94.61,Game,1,Predictable,85.88,0,,,5,,,130,Sound,,,
0,FORT,2,1,1776625433.396702,94.62,Game,1,Predictable,85.89,0,,,5,,,130,Sound,,,
0,FORT,2,1,1776625433.396702,94.63,Game,1,Predictable,85.9,0,,,5,,,130,Sound,,,
0,FORT,2,1,1776625433.396702,94.64,Game,1,Predictable,85.91,0,,,5,,,130,Sound,,,
0,FORT,2,1,1776625433.396702,94.66,Game,1,Predictable,85.93,0,,,5,,,130,Sound,,,
0,FORT,2,1,1776625433.396702,94.67,Game,1,Predictable,85.94,0,,,5,,,130,Sound,,,
0,FORT,2,1,1776625433.396702,94.68,Game,1,Predictable,85.95,0,,,5,,,130,Sound,,,
0,FORT,2,1,1776625433.396702,94.69,Game,1,Predictable,85.96,0,,,5,,,130,Sound,,,
0,FORT,2,1,1776625433.396702,94.7,Game,1,Predictable,85.97,0,,,5,,,130,Sound,,,
0,FORT,2,1,1776625433.396702,94.71,Game,1,Predictable,85.98,0,,,5,,,130,Sound,,,
0,FORT,2,1,1776625433.396702,94.72,Game,1,Predictable,85.99,0,,,5,,,130,Sound,,,
0,FORT,2,1,1776625433.396702,94.73,Game,1,Predictable,86.0,0,,,5,,,130,Sound,,,
0,FORT,2,1,1776625433.396702,94.74,Game,1,Predictable,86.01,0,,,5,,,130,Sound,,,
0,FORT,2,1,1776625433.396702,94.76,Game,1,Predictable,86.03,0,,,5,,,130,Sound,,,
0,FORT,2,1,1776625433.396702,94.77,Game,1,Predictable,86.04,0,,,5,,,130,Sound,,,
0,FORT,2,1,1776625433.396702,94.78,Game,1,Predictable,86.05,0,,,5,,,130,Sound,,,
0,FORT,2,1,1776625433.396702,94.79,Game,1,Predictable,86.06,0,,,5,,,130,Sound,,,
0,FORT,2,1,1776625433.396702,94.8,Game,1,Predictable,86.07,0,,,5,,,130,Sound,,,
0,FORT,2,1,1776625433.396702,94.81,Game,1,Predictable,86.08,0,,,5,,,130,Sound,,,
0,FORT,2,1,1776625433.396702,94.82,Game,1,Predictable,86.09,0,,,5,,,130,Sound,,,
0,FORT,2,1,1776625433.396702,94.83,Game,1,Predictable,86.1,0,,,5,,,130,Sound,,,
0,FORT,2,1,1776625433.396702,94.84,Game,1,Predictable,86.11,0,,,5,,,130,Sound,,,
0,FORT,2,1,1776625433.396702,94.86,Game,1,Predictable,86.12,0,,,5,,,130,Sound,,,
0,FORT,2,1,1776625433.396702,94.87,Game,1,Predictable,86.14,0,,,5,,,130,Sound,,,
0,FORT,2,1,1776625433.396702,94.88,Game,1,Predictable,86.15,0,,,5,,,130,Sound,,,
0,FORT,2,1,1776625433.396702,94.89,Game,1,Predictable,86.16,0,,,5,,,130,Sound,,,
0,FORT,2,1,1776625433.396702,94.9,Game,1,Predictable,86.17,0,,,5,,,130,Sound,,,
0,FORT,2,1,1776625433.396702,94.91,Game,1,Predictable,86.18,0,,,5,,,130,Sound,,,
0,FORT,2,1,1776625433.396702,94.92,Game,1,Predictable,86.19,0,,,5,,,130,Sound,,,
0,FORT,2,1,1776625433.396702,94.93,Game,1,Predictable,86.2,0,,,5,,,130,Sound,,,
0,FORT,2,1,1776625433.396702,94.94,Game,1,Predictable,86.21,0,,,5,,,130,Sound,,,
0,FORT,2,1,1776625433.396702,94.96,Game,1,Predictable,86.22,0,,,5,,,130,Sound,,,
0,FORT,2,1,1776625433.396702,94.97,Game,1,Predictable,86.24,0,,,5,,,130,Sound,,,
0,FORT,2,1,1776625433.396702,94.98,Game,1,Predictable,86.25,0,,,5,,,130,Sound,,,
0,FORT,2,1,1776625433.396702,94.99,Game,1,Predictable,86.26,0,,,5,,,130,Sound,,,
0,FORT,2,1,1776625433.396702,95.0,Game,1,Predictable,86.27,0,,,5,,,130,Sound,,,
0,FORT,2,1,1776625433.396702,95.01,Game,1,Predictable,86.28,0,,,5,,,130,Sound,,,
0,FORT,2,1,1776625433.396702,95.02,Game,1,Predictable,86.29,0,,,5,,,130,Sound,,,
0,FORT,2,1,1776625433.396702,95.03,Game,1,Predictable,86.3,0,,,5,,,130,Sound,,,
0,FORT,2,1,1776625433.396702,95.04,Game,1,Predictable,86.31,0,,,5,,,130,Sound,,,
0,FORT,2,1,1776625433.396702,95.06,Game,1,Predictable,86.33,0,,,5,,,130,Sound,,,
0,FORT,2,1,1776625433.396702,95.07,Game,1,Predictable,86.34,0,,,5,,,130,Sound,,,
0,FORT,2,1,1776625433.396702,95.08,Game,1,Predictable,86.35,0,,,5,,,130,Sound,,,
0,FORT,2,1,1776625433.396702,95.09,Game,1,Predictable,86.36,0,,,5,,,130,Sound,,,
0,FORT,2,1,1776625433.396702,95.11,Game,1,Predictable,86.37,0,,,5,,,130,Sound,,,
0,FORT,2,1,1776625433.396702,95.12,Game,1,Predictable,86.39,0,,,5,,,130,Sound,,,
0,FORT,2,1,1776625433.396702,95.13,Game,1,Predictable,86.4,0,,,5,,,130,Sound,,,
0,FORT,2,1,1776625433.396702,95.16,Game,1,Predictable,86.41,0,,,5,,,130,Sound,,,
0,FORT,2,1,1776625433.396702,95.17,Game,1,Predictable,86.44,0,,,5,,,130,Sound,,,
0,FORT,2,1,1776625433.396702,95.18,Game,1,Predictable,86.45,0,,,5,,,130,Sound,,,
0,FORT,2,1,1776625433.396702,95.19,Game,1,Predictable,86.46,0,,,5,,,130,Sound,,,
0,FORT,2,1,1776625433.396702,95.21,Game,1,Predictable,86.48,0,,,5,,,130,Sound,,,
0,FORT,2,1,1776625433.396702,95.22,Game,1,Predictable,86.49,0,,,5,,,130,Sound,,,
0,FORT,2,1,1776625433.396702,95.23,Game,1,Predictable,86.5,0,,,5,,,130,Sound,,,
0,FORT,2,1,1776625433.396702,95.26,Game,1,Predictable,86.51,0,,,5,,,130,Sound,,,
0,FORT,2,1,1776625433.396702,95.27,Game,1,Predictable,86.54,0,,,5,,,130,Sound,,,
0,FORT,2,1,1776625433.396702,95.28,Game,1,Predictable,86.55,0,,,5,,,130,Sound,,,
0,FORT,2,1,1776625433.396702,95.3,Game,1,Predictable,86.56,0,,,5,,,130,Sound,,,
0,FORT,2,1,1776625433.396702,95.32,Game,1,Predictable,86.58,0,,,5,,,130,Sound,,,
0,FORT,2,1,1776625433.396702,95.34,Game,1,Predictable,86.6,0,,,5,,,130,Sound,,,
0,FORT,2,1,1776625433.396702,95.35,Game,1,Predictable,86.62,0,,,5,,,130,Sound,,,
0,FORT,2,1,1776625433.396702,95.36,Game,1,Predictable,86.63,0,,,5,,,130,Sound,,,
0,FORT,2,1,1776625433.396702,95.37,Game,1,Predictable,86.64,0,,,5,,,130,Sound,,,
0,FORT,2,1,1776625433.396702,95.38,Game,1,Predictable,86.65,0,,,5,,,130,Sound,,,
0,FORT,2,1,1776625433.396702,95.4,Game,1,Predictable,86.67,0,,,5,,,130,Sound,,,
0,FORT,2,1,1776625433.396702,95.42,Game,1,Predictable,86.68,0,,,5,,,130,Sound,,,
0,FORT,2,1,1776625433.396702,95.44,Game,1,Predictable,86.7,0,,,5,,,130,Sound,,,
0,FORT,2,1,1776625433.396702,95.45,Game,1,Predictable,86.72,0,,,5,,,130,Sound,,,
0,FORT,2,1,1776625433.396702,95.46,Game,1,Predictable,86.73,0,,,5,,,130,Sound,,,
0,FORT,2,1,1776625433.396702,95.47,Game,1,Predictable,86.74,0,,,5,,,130,Sound,,,
0,FORT,2,1,1776625433.396702,95.48,Game,1,Predictable,86.75,0,,,5,,,130,Sound,,,
0,FORT,2,1,1776625433.396702,95.49,Game,1,Predictable,86.76,0,,,5,,,130,Sound,,,
0,FORT,2,1,1776625433.396702,95.51,Game,1,Predictable,86.78,0,,,5,,,130,Sound,,,
0,FORT,2,1,1776625433.396702,95.52,Game,1,Predictable,86.79,0,,,5,,,130,Sound,,,
0,FORT,2,1,1776625433.396702,95.53,Game,1,Predictable,86.8,0,,,5,,,130,Sound,,,
0,FORT,2,1,1776625433.396702,95.54,Game,1,Predictable,86.81,0,,,5,,,130,Sound,,,
0,FORT,2,1,1776625433.396702,95.55,Game,1,Predictable,86.82,0,,,5,,,130,Sound,,,
0,FORT,2,1,1776625433.396702,95.56,Game,1,Predictable,86.83,0,,,5,,,130,Sound,,,
0,FORT,2,1,1776625433.396702,95.57,Game,1,Predictable,86.84,0,,,5,,,130,Sound,,,
0,FORT,2,1,1776625433.396702,95.58,Game,1,Predictable,86.85,0,,,5,,,130,Sound,,,
0,FORT,2,1,1776625433.396702,95.6,Game,1,Predictable,86.87,0,,,5,,,130,Sound,,,
0,FORT,2,1,1776625433.396702,95.61,Game,1,Predictable,86.88,0,,,5,,,130,Sound,,,
0,FORT,2,1,1776625433.396702,95.62,Game,1,Predictable,86.89,0,,,5,,,130,Sound,,,
0,FORT,2,1,1776625433.396702,95.63,Game,1,Predictable,86.9,0,,,5,,,130,Sound,,,
0,FORT,2,1,1776625433.396702,95.64,Game,1,Predictable,86.91,0,,,5,,,130,Sound,,,
0,FORT,2,1,1776625433.396702,95.66,Game,1,Predictable,86.93,0,,,5,,,130,Sound,,,
0,FORT,2,1,1776625433.396702,95.67,Game,1,Predictable,86.94,0,,,5,,,130,Sound,,,
0,FORT,2,1,1776625433.396702,95.68,Game,1,Predictable,86.95,0,,,5,,,130,Sound,,,
0,FORT,2,1,1776625433.396702,95.69,Game,1,Predictable,86.96,0,,,5,,,130,Sound,,,
0,FORT,2,1,1776625433.396702,95.7,Game,1,Predictable,86.97,0,,,5,,,130,Sound,,,
0,FORT,2,1,1776625433.396702,95.71,Game,1,Predictable,86.98,0,,,5,,,130,Sound,,,
0,FORT,2,1,1776625433.396702,95.72,Game,1,Predictable,86.99,0,,,5,,,130,Sound,,,
0,FORT,2,1,1776625433.396702,95.73,Game,1,Predictable,87.0,0,,,5,,,130,Sound,,,
0,FORT,2,1,1776625433.396702,95.75,Game,1,Predictable,87.01,0,,,5,,,130,Sound,,,
0,FORT,2,1,1776625433.396702,95.76,Game,1,Predictable,87.03,0,,,5,,,130,Sound,,,
0,FORT,2,1,1776625433.396702,95.77,Game,1,Predictable,87.04,0,,,5,,,130,Sound,,,
0,FORT,2,1,1776625433.396702,95.78,Game,1,Predictable,87.05,0,,,5,,,130,Sound,,,
0,FORT,2,1,1776625433.396702,95.79,Game,1,Predictable,87.06,0,,,5,,,130,Sound,,,
0,FORT,2,1,1776625433.396702,95.8,Game,1,Predictable,87.07,0,,,5,,,130,Sound,,,
0,FORT,2,1,1776625433.396702,95.81,Game,1,Predictable,87.08,0,,,5,,,130,Sound,,,
0,FORT,2,1,1776625433.396702,95.82,Game,1,Predictable,87.09,0,,,5,,,130,Sound,,,
0,FORT,2,1,1776625433.396702,95.83,Game,1,Predictable,87.1,0,,,5,,,130,Sound,,,
0,FORT,2,1,1776625433.396702,95.84,Game,1,Predictable,87.11,0,,,5,,,130,Sound,,,
0,FORT,2,1,1776625433.396702,95.86,Game,1,Predictable,87.12,0,,,5,,,130,Sound,,,
0,FORT,2,1,1776625433.396702,95.87,Game,1,Predictable,87.14,0,,,5,,,130,Sound,,,
0,FORT,2,1,1776625433.396702,95.88,Game,1,Predictable,87.15,0,,,5,,,130,Sound,,,
0,FORT,2,1,1776625433.396702,95.89,Game,1,Predictable,87.16,0,,,5,,,130,Sound,,,
0,FORT,2,1,1776625433.396702,95.9,Game,1,Predictable,87.17,0,,,5,,,130,Sound,,,
0,FORT,2,1,1776625433.396702,95.91,Game,1,Predictable,87.18,0,,,5,,,130,Sound,,,
0,FORT,2,1,1776625433.396702,95.92,Game,1,Predictable,87.19,0,,,5,,,130,Sound,,,
0,FORT,2,1,1776625433.396702,95.93,Game,1,Predictable,87.2,0,,,5,,,130,Sound,,,
0,FORT,2,1,1776625433.396702,95.94,Game,1,Predictable,87.21,0,,,5,,,130,Sound,,,
0,FORT,2,1,1776625433.396702,95.96,Game,1,Predictable,87.22,0,,,5,,,130,Sound,,,
0,FORT,2,1,1776625433.396702,95.97,Game,1,Predictable,87.24,0,,,5,,,130,Sound,,,
0,FORT,2,1,1776625433.396702,95.98,Game,1,Predictable,87.25,0,,,5,,,130,Sound,,,
0,FORT,2,1,1776625433.396702,95.99,Game,1,Predictable,87.26,0,,,5,,,130,Sound,,,
0,FORT,2,1,1776625433.396702,96.0,Game,1,Predictable,87.27,0,,,5,,,130,Sound,,,
0,FORT,2,1,1776625433.396702,96.01,Game,1,Predictable,87.28,0,,,5,,,130,Sound,,,
0,FORT,2,1,1776625433.396702,96.02,Game,1,Predictable,87.29,0,,,5,,,130,Sound,,,
0,FORT,2,1,1776625433.396702,96.03,Game,1,Predictable,87.3,0,,,5,,,130,Sound,,,
0,FORT,2,1,1776625433.396702,96.04,Game,1,Predictable,87.31,0,,,5,,,130,Sound,,,
0,FORT,2,1,1776625433.396702,96.06,Game,1,Predictable,87.32,0,,,5,,,130,Sound,,,
0,FORT,2,1,1776625433.396702,96.07,Game,1,Predictable,87.34,0,,,5,,,130,Sound,,,
0,FORT,2,1,1776625433.396702,96.08,Game,1,Predictable,87.35,0,,,5,,,130,Sound,,,
0,FORT,2,1,1776625433.396702,96.09,Game,1,Predictable,87.36,0,,,5,,,130,Sound,,,
0,FORT,2,1,1776625433.396702,96.1,Game,1,Predictable,87.37,0,,,5,,,130,Sound,,,
0,FORT,2,1,1776625433.396702,96.11,Game,1,Predictable,87.38,0,,,5,,,130,Sound,,,
0,FORT,2,1,1776625433.396702,96.12,Game,1,Predictable,87.39,0,,,5,,,130,Sound,,,
0,FORT,2,1,1776625433.396702,96.13,Game,1,Predictable,87.4,0,,,5,,,130,Sound,,,
0,FORT,2,1,1776625433.396702,96.14,Game,1,Predictable,87.41,0,,,5,,,130,Sound,,,
0,FORT,2,1,1776625433.396702,96.16,Game,1,Predictable,87.43,0,,,5,,,130,Sound,,,
0,FORT,2,1,1776625433.396702,96.17,Game,1,Predictable,87.44,0,,,5,,,130,Sound,,,
0,FORT,2,1,1776625433.396702,96.18,Game,1,Predictable,87.45,0,,,5,,,130,Sound,,,
0,FORT,2,1,1776625433.396702,96.19,Game,1,Predictable,87.46,0,,,5,,,130,Sound,,,
0,FORT,2,1,1776625433.396702,96.2,Game,1,Predictable,87.47,0,,,5,,,130,Sound,,,
0,FORT,2,1,1776625433.396702,96.21,Game,1,Predictable,87.48,0,,,5,,,130,Sound,,,
0,FORT,2,1,1776625433.396702,96.22,Game,1,Predictable,87.49,0,,,5,,,130,Sound,,,
0,FORT,2,1,1776625433.396702,96.23,Game,1,Predictable,87.5,0,,,5,,,130,Sound,,,
0,FORT,2,1,1776625433.396702,96.24,Game,1,Predictable,87.51,0,,,5,,,130,Sound,,,
0,FORT,2,1,1776625433.396702,96.38,Game,1,Predictable,87.64,0,,,5,,,130,Sound,,,
0,FORT,2,1,1776625433.396702,96.39,Game,1,Predictable,87.66,0,,,5,,,130,Sound,,,
0,FORT,2,1,1776625433.396702,96.4,Game,1,Predictable,87.67,0,,,5,,,130,Sound,,,
0,FORT,2,1,1776625433.396702,96.41,Game,1,Predictable,87.68,0,,,5,,,130,Sound,,,
0,FORT,2,1,1776625433.396702,96.42,Game,1,Predictable,87.69,0,,,5,,,130,Sound,,,
0,FORT,2,1,1776625433.396702,96.43,Game,1,Predictable,87.7,0,,,5,,,130,Sound,,,
0,FORT,2,1,1776625433.396702,96.44,Game,1,Predictable,87.71,0,,,5,,,130,Sound,,,
0,FORT,2,1,1776625433.396702,96.46,Game,1,Predictable,87.73,0,,,5,,,130,Sound,,,
0,FORT,2,1,1776625433.396702,96.47,Game,1,Predictable,87.74,0,,,5,,,130,Sound,,,
0,FORT,2,1,1776625433.396702,96.48,Game,1,Predictable,87.75,0,,,5,,,130,Sound,,,
0,FORT,2,1,1776625433.396702,96.49,Game,1,Predictable,87.76,0,,,5,,,130,Sound,,,
0,FORT,2,1,1776625433.396702,96.5,Game,1,Predictable,87.77,0,,,5,,,130,Sound,,,
0,FORT,2,1,1776625433.396702,96.51,Game,1,Predictable,87.78,0,,,5,,,130,Sound,,,
0,FORT,2,1,1776625433.396702,96.52,Game,1,Predictable,87.79,0,,,5,,,130,Sound,,,
0,FORT,2,1,1776625433.396702,96.53,Game,1,Predictable,87.8,0,,,5,,,130,Sound,,,
0,FORT,2,1,1776625433.396702,96.55,Game,1,Predictable,87.81,0,,,5,,,130,Sound,,,
0,FORT,2,1,1776625433.396702,96.57,Game,1,Predictable,87.83,0,,,5,,,130,Sound,,,
0,FORT,2,1,1776625433.396702,96.58,Game,1,Predictable,87.85,0,,,5,,,130,Sound,,,
0,FORT,2,1,1776625433.396702,96.6,Game,1,Predictable,87.86,0,,,5,,,130,Sound,,,
0,FORT,2,1,1776625433.396702,96.61,Game,1,Predictable,87.88,0,,,5,,,130,Sound,,,
0,FORT,2,1,1776625433.396702,96.62,Game,1,Predictable,87.89,0,,,5,,,130,Sound,,,
0,FORT,2,1,1776625433.396702,96.63,Game,1,Predictable,87.9,0,,,5,,,130,Sound,,,
0,FORT,2,1,1776625433.396702,96.64,Game,1,Predictable,87.91,0,,,5,,,130,Sound,,,
0,FORT,2,1,1776625433.396702,96.65,Game,1,Predictable,87.92,0,,,5,,,130,Sound,,,
0,FORT,2,1,1776625433.396702,96.66,Game,1,Predictable,87.93,0,,,5,,,130,Sound,,,
0,FORT,2,1,1776625433.396702,96.67,Game,1,Predictable,87.94,0,,,5,,,130,Sound,,,
0,FORT,2,1,1776625433.396702,96.68,Game,1,Predictable,87.95,0,,,5,,,130,Sound,,,
0,FORT,2,1,1776625433.396702,96.69,Game,1,Predictable,87.96,0,,,5,,,130,Sound,,,
0,FORT,2,1,1776625433.396702,96.71,Game,1,Predictable,87.98,0,,,5,,,130,Sound,,,
0,FORT,2,1,1776625433.396702,96.72,Game,1,Predictable,87.99,0,,,5,,,130,Sound,,,
0,FORT,2,1,1776625433.396702,96.73,Game,1,Predictable,88.0,0,,,5,,,130,Sound,,,
0,FORT,2,1,1776625433.396702,96.74,Game,1,Predictable,88.01,0,,,5,,,130,Sound,,,
0,FORT,2,1,1776625433.396702,96.76,Game,1,Predictable,88.02,0,,,5,,,130,Sound,,,
0,FORT,2,1,1776625433.396702,96.77,Game,1,Predictable,88.04,0,,,5,,,130,Sound,,,
0,FORT,2,1,1776625433.396702,96.78,Game,1,Predictable,88.05,0,,,5,,,130,Sound,,,
0,FORT,2,1,1776625433.396702,96.79,Game,1,Predictable,88.06,0,,,5,,,130,Sound,,,
0,FORT,2,1,1776625433.396702,96.81,Game,1,Predictable,88.07,0,,,5,,,130,Sound,,,
0,FORT,2,1,1776625433.396702,96.82,Game,1,Predictable,88.09,0,,,5,,,130,Sound,,,
0,FORT,2,1,1776625433.396702,96.83,Game,1,Predictable,88.1,0,,,5,,,130,Sound,,,
0,FORT,2,1,1776625433.396702,96.84,Game,1,Predictable,88.11,0,,,5,,,130,Sound,,,
0,FORT,2,1,1776625433.396702,96.85,Game,1,Predictable,88.12,0,,,5,,,130,Sound,,,
0,FORT,2,1,1776625433.396702,96.86,Game,1,Predictable,88.13,0,,,5,,,130,Sound,,,
0,FORT,2,1,1776625433.396702,96.87,Game,1,Predictable,88.14,0,,,5,,,130,Sound,,,
0,FORT,2,1,1776625433.396702,96.88,Game,1,Predictable,88.15,0,,,5,,,130,Sound,,,
0,FORT,2,1,1776625433.396702,96.89,Game,1,Predictable,88.16,0,,,5,,,130,Sound,,,
0,FORT,2,1,1776625433.396702,96.91,Game,1,Predictable,88.18,0,,,5,,,130,Sound,,,
0,FORT,2,1,1776625433.396702,96.92,Game,1,Predictable,88.19,0,,,5,,,130,Sound,,,
0,FORT,2,1,1776625433.396702,96.93,Game,1,Predictable,88.2,0,,,5,,,130,Sound,,,
0,FORT,2,1,1776625433.396702,96.94,Game,1,Predictable,88.21,0,,,5,,,130,Sound,,,
0,FORT,2,1,1776625433.396702,96.95,Game,1,Predictable,88.22,0,,,5,,,130,Sound,,,
0,FORT,2,1,1776625433.396702,96.96,Game,1,Predictable,88.23,0,,,5,,,130,Sound,,,
0,FORT,2,1,1776625433.396702,96.98,Game,1,Predictable,88.24,0,,,5,,,130,Sound,,,
0,FORT,2,1,1776625433.396702,96.99,Game,1,Predictable,88.26,0,,,5,,,130,Sound,,,
0,FORT,2,1,1776625433.396702,97.0,Game,1,Predictable,88.27,0,,,5,,,130,Sound,,,
0,FORT,2,1,1776625433.396702,97.01,Game,1,Predictable,88.28,0,,,5,,,130,Sound,,,
0,FORT,2,1,1776625433.396702,97.02,Game,1,Predictable,88.29,0,,,5,,,130,Sound,,,
0,FORT,2,1,1776625433.396702,97.03,Game,1,Predictable,88.3,0,,,5,,,130,Sound,,,
0,FORT,2,1,1776625433.396702,97.04,Game,1,Predictable,88.31,0,,,5,,,130,Sound,,,
0,FORT,2,1,1776625433.396702,97.06,Game,1,Predictable,88.33,0,,,5,,,130,Sound,,,
0,FORT,2,1,1776625433.396702,97.07,Game,1,Predictable,88.34,0,,,5,,,130,Sound,,,
0,FORT,2,1,1776625433.396702,97.08,Game,1,Predictable,88.35,0,,,5,,,130,Sound,,,
0,FORT,2,1,1776625433.396702,97.09,Game,1,Predictable,88.36,0,,,5,,,130,Sound,,,
0,FORT,2,1,1776625433.396702,97.1,Game,1,Predictable,88.37,0,,,5,,,130,Sound,,,
0,FORT,2,1,1776625433.396702,97.11,Game,1,Predictable,88.38,0,,,5,,,130,Sound,,,
0,FORT,2,1,1776625433.396702,97.12,Game,1,Predictable,88.39,0,,,5,,,130,Sound,,,
0,FORT,2,1,1776625433.396702,97.13,Game,1,Predictable,88.4,0,,,5,,,130,Sound,,,
0,FORT,2,1,1776625433.396702,97.14,Game,1,Predictable,88.41,0,,,5,,,130,Sound,,,
0,FORT,2,1,1776625433.396702,97.16,Game,1,Predictable,88.43,0,,,5,,,130,Sound,,,
0,FORT,2,1,1776625433.396702,97.17,Game,1,Predictable,88.44,0,,,5,,,130,Sound,,,
0,FORT,2,1,1776625433.396702,97.18,Game,1,Predictable,88.45,0,,,5,,,130,Sound,,,
0,FORT,2,1,1776625433.396702,97.21,Game,1,Predictable,88.46,0,,,5,,,130,Sound,,,
0,FORT,2,1,1776625433.396702,97.22,Game,1,Predictable,88.49,0,,,5,,,130,Sound,,,
0,FORT,2,1,1776625433.396702,97.23,Game,1,Predictable,88.5,0,,,5,,,130,Sound,,,
0,FORT,2,1,1776625433.396702,97.25,Game,1,Predictable,88.51,0,,,5,,,130,Sound,,,
0,FORT,2,1,1776625433.396702,97.27,Game,1,Predictable,88.53,0,,,5,,,130,Sound,,,
0,FORT,2,1,1776625433.396702,97.29,Game,1,Predictable,88.55,0,,,5,,,130,Sound,,,
0,FORT,2,1,1776625433.396702,97.3,Game,1,Predictable,88.57,0,,,5,,,130,Sound,,,
0,FORT,2,1,1776625433.396702,97.31,Game,1,Predictable,88.58,0,,,5,,,130,Sound,,,
0,FORT,2,1,1776625433.396702,97.33,Game,1,Predictable,88.59,0,,,5,,,130,Sound,,,
0,FORT,2,1,1776625433.396702,97.34,Game,1,Predictable,88.61,0,,,5,,,130,Sound,,,
0,FORT,2,1,1776625433.396702,97.35,Game,1,Predictable,88.62,0,,,5,,,130,Sound,,,
0,FORT,2,1,1776625433.396702,97.36,Game,1,Predictable,88.63,0,,,5,,,130,Sound,,,
0,FORT,2,1,1776625433.396702,97.37,Game,1,Predictable,88.64,0,,,5,,,130,Sound,,,
0,FORT,2,1,1776625433.396702,97.38,Game,1,Predictable,88.65,0,,,5,,,130,Sound,,,
0,FORT,2,1,1776625433.396702,97.4,Game,1,Predictable,88.67,0,,,5,,,130,Sound,,,
0,FORT,2,1,1776625433.396702,97.41,Game,1,Predictable,88.68,0,,,5,,,130,Sound,,,
0,FORT,2,1,1776625433.396702,97.42,Game,1,Predictable,88.69,0,,,5,,,130,Sound,,,
0,FORT,2,1,1776625433.396702,97.43,Game,1,Predictable,88.7,0,,,5,,,130,Sound,,,
0,FORT,2,1,1776625433.396702,97.45,Game,1,Predictable,88.71,0,,,5,,,130,Sound,,,
0,FORT,2,1,1776625433.396702,97.47,Game,1,Predictable,88.73,0,,,5,,,130,Sound,,,
0,FORT,2,1,1776625433.396702,97.49,Game,1,Predictable,88.75,0,,,5,,,130,Sound,,,
0,FORT,2,1,1776625433.396702,97.5,Game,1,Predictable,88.77,0,,,5,,,130,Sound,,,
0,FORT,2,1,1776625433.396702,97.51,Game,1,Predictable,88.78,0,,,5,,,130,Sound,,,
0,FORT,2,1,1776625433.396702,97.54,Game,1,Predictable,88.79,0,,,5,,,130,Sound,,,
0,FORT,2,1,1776625433.396702,97.56,Game,1,Predictable,88.82,0,,,5,,,130,Sound,,,
0,FORT,2,1,1776625433.396702,97.57,Game,1,Predictable,88.84,0,,,5,,,130,Sound,,,
0,FORT,2,1,1776625433.396702,97.58,Game,1,Predictable,88.85,0,,,5,,,130,Sound,,,
0,FORT,2,1,1776625433.396702,97.59,Game,1,Predictable,88.86,0,,,5,,,130,Sound,,,
0,FORT,2,1,1776625433.396702,97.6,Game,1,Predictable,88.87,0,,,5,,,130,Sound,,,
0,FORT,2,1,1776625433.396702,97.61,Game,1,Predictable,88.88,0,,,5,,,130,Sound,,,
0,FORT,2,1,1776625433.396702,97.62,Game,1,Predictable,88.89,0,,,5,,,130,Sound,,,
0,FORT,2,1,1776625433.396702,97.63,Game,1,Predictable,88.9,0,,,5,,,130,Sound,,,
0,FORT,2,1,1776625433.396702,97.64,Game,1,Predictable,88.91,0,,,5,,,130,Sound,,,
0,FORT,2,1,1776625433.396702,97.66,Game,1,Predictable,88.93,0,,,5,,,130,Sound,,,
0,FORT,2,1,1776625433.396702,97.67,Game,1,Predictable,88.94,0,,,5,,,130,Sound,,,
0,FORT,2,1,1776625433.396702,97.68,Game,1,Predictable,88.95,0,,,5,,,130,Sound,,,
0,FORT,2,1,1776625433.396702,97.69,Game,1,Predictable,88.96,0,,,5,,,130,Sound,,,
0,FORT,2,1,1776625433.396702,97.7,Game,1,Predictable,88.97,0,,,5,,,130,Sound,,,
0,FORT,2,1,1776625433.396702,97.71,Game,1,Predictable,88.98,0,,,5,,,130,Sound,,,
0,FORT,2,1,1776625433.396702,97.73,Game,1,Predictable,88.99,0,,,5,,,130,Sound,,,
0,FORT,2,1,1776625433.396702,97.73,Game,1,Predictable,89.01,0,1,,5,,,131,Sound,,,
0,FORT,2,1,1776625433.396702,97.79,Game,1,Predictable,89.01,0,1,,5,,,131,Sound,,,
0,FORT,2,1,1776625433.396702,97.85,Game,1,Predictable,89.01,0,1,,5,,,131,Sound,,,
0,FORT,2,1,1776625433.396702,97.91,Game,1,Predictable,89.01,0,1,,5,,,131,Sound,,,
0,FORT,2,1,1776625433.396702,97.97,Game,1,Predictable,89.01,0,1,,5,,,131,Sound,,,
0,FORT,2,1,1776625433.396702,98.02,Game,1,Predictable,89.01,0,1,,5,,,131,Sound,,,
0,FORT,2,1,1776625433.396702,98.08,Game,1,Predictable,89.01,0,1,,5,,,131,Sound,,,
0,FORT,2,1,1776625433.396702,98.14,Game,1,Predictable,89.01,0,1,,5,,,131,Sound,,,
0,FORT,2,1,1776625433.396702,98.2,Game,1,Predictable,89.01,0,1,,5,,,131,Sound,,,
0,FORT,2,1,1776625433.396702,98.25,Game,1,Predictable,89.01,0,1,,5,,,131,Sound,,,
0,FORT,2,1,1776625433.396702,98.31,Game,1,Predictable,89.01,0,1,,5,,,131,Sound,,,
0,FORT,2,1,1776625433.396702,98.37,Game,1,Predictable,89.01,0,1,,5,,,131,Sound,,,
0,FORT,2,1,1776625433.396702,98.43,Game,1,Predictable,89.01,0,1,,5,,,131,Sound,,,
0,FORT,2,1,1776625433.396702,98.48,Game,1,Predictable,89.01,0,1,,5,,,131,Sound,,,
0,FORT,2,1,1776625433.396702,98.54,Game,1,Predictable,89.01,0,1,,5,,,131,Sound,,,
0,FORT,2,1,1776625433.396702,98.6,Game,1,Predictable,89.01,0,1,,5,,,131,Sound,,,
0,FORT,2,1,1776625433.396702,98.66,Game,1,Predictable,89.01,0,1,,5,,,131,Sound,,,
0,FORT,2,1,1776625433.396702,98.71,Game,1,Predictable,89.01,0,1,,5,,,131,Sound,,,
0,FORT,2,1,1776625433.396702,98.78,Game,1,Predictable,89.01,0,,,5,,,130,Sound,,,
0,FORT,2,1,1776625433.396702,98.79,Game,1,Predictable,90.06,0,,,5,,,130,Sound,,,
0,FORT,2,1,1776625433.396702,98.8,Game,1,Predictable,90.07,0,,,5,,,130,Sound,,,
0,FORT,2,1,1776625433.396702,98.81,Game,1,Predictable,90.08,0,,,5,,,130,Sound,,,
0,FORT,2,1,1776625433.396702,98.82,Game,1,Predictable,90.09,0,,,5,,,130,Sound,,,
0,FORT,2,1,1776625433.396702,98.83,Game,1,Predictable,90.1,0,,,5,,,130,Sound,,,
0,FORT,2,1,1776625433.396702,98.84,Game,1,Predictable,90.11,0,,,5,,,130,Sound,,,
0,FORT,2,1,1776625433.396702,98.86,Game,1,Predictable,90.13,0,,,5,,,130,Sound,,,
0,FORT,2,1,1776625433.396702,98.87,Game,1,Predictable,90.14,0,,,5,,,130,Sound,,,
0,FORT,2,1,1776625433.396702,98.88,Game,1,Predictable,90.15,0,,,5,,,130,Sound,,,
0,FORT,2,1,1776625433.396702,98.91,Game,1,Predictable,90.16,0,,,5,,,130,Sound,,,
0,FORT,2,1,1776625433.396702,98.92,Game,1,Predictable,90.19,0,,,5,,,130,Sound,,,
0,FORT,2,1,1776625433.396702,98.93,Game,1,Predictable,90.2,0,,,5,,,130,Sound,,,
0,FORT,2,1,1776625433.396702,98.95,Game,1,Predictable,90.22,0,,,5,,,130,Sound,,,
0,FORT,2,1,1776625433.396702,98.96,Game,1,Predictable,90.23,0,,,5,,,130,Sound,,,
0,FORT,2,1,1776625433.396702,98.97,Game,1,Predictable,90.24,0,,,5,,,130,Sound,,,
0,FORT,2,1,1776625433.396702,98.99,Game,1,Predictable,90.25,0,,,5,,,130,Sound,,,
0,FORT,2,1,1776625433.396702,99.0,Game,1,Predictable,90.27,0,,,5,,,130,Sound,,,
0,FORT,2,1,1776625433.396702,99.01,Game,1,Predictable,90.28,0,,,5,,,130,Sound,,,
0,FORT,2,1,1776625433.396702,99.02,Game,1,Predictable,90.29,0,,,5,,,130,Sound,,,
0,FORT,2,1,1776625433.396702,99.03,Game,1,Predictable,90.3,0,,,5,,,130,Sound,,,
0,FORT,2,1,1776625433.396702,99.05,Game,1,Predictable,90.32,0,,,5,,,130,Sound,,,
0,FORT,2,1,1776625433.396702,99.07,Game,1,Predictable,90.33,0,,,5,,,130,Sound,,,
0,FORT,2,1,1776625433.396702,99.09,Game,1,Predictable,90.35,0,,,5,,,130,Sound,,,
0,FORT,2,1,1776625433.396702,99.1,Game,1,Predictable,90.37,0,,,5,,,130,Sound,,,
0,FORT,2,1,1776625433.396702,99.11,Game,1,Predictable,90.38,0,,,5,,,130,Sound,,,
0,FORT,2,1,1776625433.396702,99.14,Game,1,Predictable,90.39,0,,,5,,,130,Sound,,,
0,FORT,2,1,1776625433.396702,99.16,Game,1,Predictable,90.42,0,,,5,,,130,Sound,,,
0,FORT,2,1,1776625433.396702,99.17,Game,1,Predictable,90.44,0,,,5,,,130,Sound,,,
0,FORT,2,1,1776625433.396702,99.18,Game,1,Predictable,90.45,0,,,5,,,130,Sound,,,
0,FORT,2,1,1776625433.396702,99.19,Game,1,Predictable,90.46,0,,,5,,,130,Sound,,,
0,FORT,2,1,1776625433.396702,99.21,Game,1,Predictable,90.47,0,,,5,,,130,Sound,,,
0,FORT,2,1,1776625433.396702,99.22,Game,1,Predictable,90.49,0,,,5,,,130,Sound,,,
0,FORT,2,1,1776625433.396702,99.23,Game,1,Predictable,90.5,0,,,5,,,130,Sound,,,
0,FORT,2,1,1776625433.396702,99.26,Game,1,Predictable,90.51,0,,,5,,,130,Sound,,,
0,FORT,2,1,1776625433.396702,99.27,Game,1,Predictable,90.54,0,,,5,,,130,Sound,,,
0,FORT,2,1,1776625433.396702,99.28,Game,1,Predictable,90.55,0,,,5,,,130,Sound,,,
0,FORT,2,1,1776625433.396702,99.3,Game,1,Predictable,90.56,0,,,5,,,130,Sound,,,
0,FORT,2,1,1776625433.396702,99.32,Game,1,Predictable,90.58,0,,,5,,,130,Sound,,,
0,FORT,2,1,1776625433.396702,99.34,Game,1,Predictable,90.6,0,,,5,,,130,Sound,,,
0,FORT,2,1,1776625433.396702,99.35,Game,1,Predictable,90.62,0,,,5,,,130,Sound,,,
0,FORT,2,1,1776625433.396702,99.36,Game,1,Predictable,90.63,0,,,5,,,130,Sound,,,
0,FORT,2,1,1776625433.396702,99.39,Game,1,Predictable,90.64,0,,,5,,,130,Sound,,,
0,FORT,2,1,1776625433.396702,99.41,Game,1,Predictable,90.67,0,,,5,,,130,Sound,,,
0,FORT,2,1,1776625433.396702,99.42,Game,1,Predictable,90.69,0,,,5,,,130,Sound,,,
0,FORT,2,1,1776625433.396702,99.43,Game,1,Predictable,90.7,0,,,5,,,130,Sound,,,
0,FORT,2,1,1776625433.396702,99.44,Game,1,Predictable,90.71,0,,,5,,,130,Sound,,,
0,FORT,2,1,1776625433.396702,99.45,Game,1,Predictable,90.72,0,,,5,,,130,Sound,,,
0,FORT,2,1,1776625433.396702,99.46,Game,1,Predictable,90.73,0,,,5,,,130,Sound,,,
0,FORT,2,1,1776625433.396702,99.49,Game,1,Predictable,90.74,0,,,5,,,130,Sound,,,
0,FORT,2,1,1776625433.396702,99.51,Game,1,Predictable,90.77,0,,,5,,,130,Sound,,,
0,FORT,2,1,1776625433.396702,99.52,Game,1,Predictable,90.79,0,,,5,,,130,Sound,,,
0,FORT,2,1,1776625433.396702,99.53,Game,1,Predictable,90.8,0,,,5,,,130,Sound,,,
0,FORT,2,1,1776625433.396702,99.56,Game,1,Predictable,90.81,0,,,5,,,130,Sound,,,
0,FORT,2,1,1776625433.396702,99.57,Game,1,Predictable,90.84,0,,,5,,,130,Sound,,,
0,FORT,2,1,1776625433.396702,99.58,Game,1,Predictable,90.85,0,,,5,,,130,Sound,,,
0,FORT,2,1,1776625433.396702,99.59,Game,1,Predictable,90.86,0,,,5,,,130,Sound,,,
0,FORT,2,1,1776625433.396702,99.62,Game,1,Predictable,90.88,0,,,5,,,130,Sound,,,
0,FORT,2,1,1776625433.396702,99.64,Game,1,Predictable,90.9,0,,,5,,,130,Sound,,,
0,FORT,2,1,1776625433.396702,99.65,Game,1,Predictable,90.92,0,,,5,,,130,Sound,,,
0,FORT,2,1,1776625433.396702,99.66,Game,1,Predictable,90.93,0,,,5,,,130,Sound,,,
0,FORT,2,1,1776625433.396702,99.69,Game,1,Predictable,90.94,0,,,5,,,130,Sound,,,
0,FORT,2,1,1776625433.396702,99.71,Game,1,Predictable,90.97,0,,,5,,,130,Sound,,,
0,FORT,2,1,1776625433.396702,99.72,Game,1,Predictable,90.99,0,,,5,,,130,Sound,,,
0,FORT,2,1,1776625433.396702,99.73,Game,1,Predictable,91.0,0,,,5,,,130,Sound,,,
0,FORT,2,1,1776625433.396702,99.76,Game,1,Predictable,91.01,0,,,5,,,130,Sound,,,
0,FORT,2,1,1776625433.396702,99.77,Game,1,Predictable,91.04,0,,,5,,,130,Sound,,,
0,FORT,2,1,1776625433.396702,99.78,Game,1,Predictable,91.05,0,,,5,,,130,Sound,,,
0,FORT,2,1,1776625433.396702,99.8,Game,1,Predictable,91.06,0,,,5,,,130,Sound,,,
0,FORT,2,1,1776625433.396702,99.82,Game,1,Predictable,91.08,0,,,5,,,130,Sound,,,
0,FORT,2,1,1776625433.396702,99.84,Game,1,Predictable,91.1,0,,,5,,,130,Sound,,,
0,FORT,2,1,1776625433.396702,99.85,Game,1,Predictable,91.12,0,,,5,,,130,Sound,,,
0,FORT,2,1,1776625433.396702,99.86,Game,1,Predictable,91.13,0,,,5,,,130,Sound,,,
0,FORT,2,1,1776625433.396702,99.89,Game,1,Predictable,91.14,0,,,5,,,130,Sound,,,
0,FORT,2,1,1776625433.396702,99.91,Game,1,Predictable,91.17,0,,,5,,,130,Sound,,,
0,FORT,2,1,1776625433.396702,99.92,Game,1,Predictable,91.19,0,,,5,,,130,Sound,,,
0,FORT,2,1,1776625433.396702,99.93,Game,1,Predictable,91.2,0,,,5,,,130,Sound,,,
0,FORT,2,1,1776625433.396702,99.96,Game,1,Predictable,91.21,0,,,5,,,130,Sound,,,
0,FORT,2,1,1776625433.396702,99.97,Game,1,Predictable,91.24,0,,,5,,,130,Sound,,,
0,FORT,2,1,1776625433.396702,99.98,Game,1,Predictable,91.25,0,,,5,,,130,Sound,,,
0,FORT,2,1,1776625433.396702,100.0,Game,1,Predictable,91.27,0,,,5,,,130,Sound,,,
0,FORT,2,1,1776625433.396702,100.01,Game,1,Predictable,91.28,0,,,5,,,130,Sound,,,
0,FORT,2,1,1776625433.396702,100.02,Game,1,Predictable,91.29,0,,,5,,,130,Sound,,,
0,FORT,2,1,1776625433.396702,100.03,Game,1,Predictable,91.3,0,,,5,,,130,Sound,,,
0,FORT,2,1,1776625433.396702,100.04,Game,1,Predictable,91.31,0,,,5,,,130,Sound,,,
0,FORT,2,1,1776625433.396702,100.07,Game,1,Predictable,91.33,0,,,5,,,130,Sound,,,
0,FORT,2,1,1776625433.396702,100.09,Game,1,Predictable,91.35,0,,,5,,,130,Sound,,,
0,FORT,2,1,1776625433.396702,100.1,Game,1,Predictable,91.37,0,,,5,,,130,Sound,,,
0,FORT,2,1,1776625433.396702,100.11,Game,1,Predictable,91.38,0,,,5,,,130,Sound,,,
0,FORT,2,1,1776625433.396702,100.12,Game,1,Predictable,91.39,0,,,5,,,130,Sound,,,
0,FORT,2,1,1776625433.396702,100.14,Game,1,Predictable,91.41,0,,,5,,,130,Sound,,,
0,FORT,2,1,1776625433.396702,100.15,Game,1,Predictable,91.42,0,,,5,,,130,Sound,,,
0,FORT,2,1,1776625433.396702,100.16,Game,1,Predictable,91.43,0,,,5,,,130,Sound,,,
0,FORT,2,1,1776625433.396702,100.17,Game,1,Predictable,91.44,0,,,5,,,130,Sound,,,
0,FORT,2,1,1776625433.396702,100.18,Game,1,Predictable,91.45,0,,,5,,,130,Sound,,,
0,FORT,2,1,1776625433.396702,100.2,Game,1,Predictable,91.46,0,,,5,,,130,Sound,,,
0,FORT,2,1,1776625433.396702,100.21,Game,1,Predictable,91.48,0,,,5,,,130,Sound,,,
0,FORT,2,1,1776625433.396702,100.22,Game,1,Predictable,91.49,0,,,5,,,130,Sound,,,
0,FORT,2,1,1776625433.396702,100.23,Game,1,Predictable,91.5,0,,,5,,,130,Sound,,,
0,FORT,2,1,1776625433.396702,100.24,Game,1,Predictable,91.51,0,,,5,,,130,Sound,,,
0,FORT,2,1,1776625433.396702,100.26,Game,1,Predictable,91.52,0,,,5,,,130,Sound,,,
0,FORT,2,1,1776625433.396702,100.27,Game,1,Predictable,91.54,0,,,5,,,130,Sound,,,
0,FORT,2,1,1776625433.396702,100.28,Game,1,Predictable,91.55,0,,,5,,,130,Sound,,,
0,FORT,2,1,1776625433.396702,100.31,Game,1,Predictable,91.56,0,,,5,,,130,Sound,,,
0,FORT,2,1,1776625433.396702,100.32,Game,1,Predictable,91.59,0,,,5,,,130,Sound,,,
0,FORT,2,1,1776625433.396702,100.33,Game,1,Predictable,91.6,0,,,5,,,130,Sound,,,
0,FORT,2,1,1776625433.396702,100.35,Game,1,Predictable,91.61,0,,,5,,,130,Sound,,,
0,FORT,2,1,1776625433.396702,100.37,Game,1,Predictable,91.63,0,,,5,,,130,Sound,,,
0,FORT,2,1,1776625433.396702,100.39,Game,1,Predictable,91.65,0,,,5,,,130,Sound,,,
0,FORT,2,1,1776625433.396702,100.4,Game,1,Predictable,91.67,0,,,5,,,130,Sound,,,
0,FORT,2,1,1776625433.396702,100.41,Game,1,Predictable,91.68,0,,,5,,,130,Sound,,,
0,FORT,2,1,1776625433.396702,100.44,Game,1,Predictable,91.69,0,,,5,,,130,Sound,,,
0,FORT,2,1,1776625433.396702,100.46,Game,1,Predictable,91.72,0,,,5,,,130,Sound,,,
0,FORT,2,1,1776625433.396702,100.47,Game,1,Predictable,91.74,0,,,5,,,130,Sound,,,
0,FORT,2,1,1776625433.396702,100.48,Game,1,Predictable,91.75,0,,,5,,,130,Sound,,,
0,FORT,2,1,1776625433.396702,100.51,Game,1,Predictable,91.76,0,,,5,,,130,Sound,,,
0,FORT,2,1,1776625433.396702,100.52,Game,1,Predictable,91.79,0,,,5,,,130,Sound,,,
0,FORT,2,1,1776625433.396702,100.53,Game,1,Predictable,91.8,0,,,5,,,130,Sound,,,
0,FORT,2,1,1776625433.396702,100.55,Game,1,Predictable,91.82,0,,,5,,,130,Sound,,,
0,FORT,2,1,1776625433.396702,100.56,Game,1,Predictable,91.83,0,,,5,,,130,Sound,,,
0,FORT,2,1,1776625433.396702,100.57,Game,1,Predictable,91.84,0,,,5,,,130,Sound,,,
0,FORT,2,1,1776625433.396702,100.58,Game,1,Predictable,91.85,0,,,5,,,130,Sound,,,
0,FORT,2,1,1776625433.396702,100.6,Game,1,Predictable,91.87,0,,,5,,,130,Sound,,,
0,FORT,2,1,1776625433.396702,100.61,Game,1,Predictable,91.88,0,,,5,,,130,Sound,,,
0,FORT,2,1,1776625433.396702,100.62,Game,1,Predictable,91.89,0,,,5,,,130,Sound,,,
0,FORT,2,1,1776625433.396702,100.63,Game,1,Predictable,91.9,0,,,5,,,130,Sound,,,
0,FORT,2,1,1776625433.396702,100.64,Game,1,Predictable,91.91,0,,,5,,,130,Sound,,,
0,FORT,2,1,1776625433.396702,100.67,Game,1,Predictable,91.93,0,,,5,,,130,Sound,,,
0,FORT,2,1,1776625433.396702,100.69,Game,1,Predictable,91.95,0,,,5,,,130,Sound,,,
0,FORT,2,1,1776625433.396702,100.7,Game,1,Predictable,91.97,0,,,5,,,130,Sound,,,
0,FORT,2,1,1776625433.396702,100.71,Game,1,Predictable,91.98,0,,,5,,,130,Sound,,,
0,FORT,2,1,1776625433.396702,100.74,Game,1,Predictable,91.99,0,,,5,,,130,Sound,,,
0,FORT,2,1,1776625433.396702,100.76,Game,1,Predictable,92.02,0,,,5,,,130,Sound,,,
0,FORT,2,1,1776625433.396702,100.77,Game,1,Predictable,92.04,0,,,5,,,130,Sound,,,
0,FORT,2,1,1776625433.396702,100.78,Game,1,Predictable,92.05,0,,,5,,,130,Sound,,,
0,FORT,2,1,1776625433.396702,100.81,Game,1,Predictable,92.06,0,,,5,,,130,Sound,,,
0,FORT,2,1,1776625433.396702,100.82,Game,1,Predictable,92.09,0,,,5,,,130,Sound,,,
0,FORT,2,1,1776625433.396702,100.83,Game,1,Predictable,92.1,0,,,5,,,130,Sound,,,
0,FORT,2,1,1776625433.396702,100.85,Game,1,Predictable,92.11,0,,,5,,,130,Sound,,,
0,FORT,2,1,1776625433.396702,100.87,Game,1,Predictable,92.13,0,,,5,,,130,Sound,,,
0,FORT,2,1,1776625433.396702,100.89,Game,1,Predictable,92.15,0,,,5,,,130,Sound,,,
0,FORT,2,1,1776625433.396702,100.9,Game,1,Predictable,92.17,0,,,5,,,130,Sound,,,
0,FORT,2,1,1776625433.396702,100.91,Game,1,Predictable,92.18,0,,,5,,,130,Sound,,,
0,FORT,2,1,1776625433.396702,100.94,Game,1,Predictable,92.19,0,,,5,,,130,Sound,,,
0,FORT,2,1,1776625433.396702,100.96,Game,1,Predictable,92.22,0,,,5,,,130,Sound,,,
0,FORT,2,1,1776625433.396702,100.97,Game,1,Predictable,92.24,0,,,5,,,130,Sound,,,
0,FORT,2,1,1776625433.396702,100.98,Game,1,Predictable,92.25,0,,,5,,,130,Sound,,,
0,FORT,2,1,1776625433.396702,100.99,Game,1,Predictable,92.26,0,,,5,,,130,Sound,,,
0,FORT,2,1,1776625433.396702,101.0,Game,1,Predictable,92.27,0,,,5,,,130,Sound,,,
0,FORT,2,1,1776625433.396702,101.01,Game,1,Predictable,92.28,0,,,5,,,130,Sound,,,
0,FORT,2,1,1776625433.396702,101.03,Game,1,Predictable,92.29,0,,,5,,,130,Sound,,,
0,FORT,2,1,1776625433.396702,101.04,Game,1,Predictable,92.31,0,,,5,,,130,Sound,,,
0,FORT,2,1,1776625433.396702,101.05,Game,1,Predictable,92.32,0,,,5,,,130,Sound,,,
0,FORT,2,1,1776625433.396702,101.06,Game,1,Predictable,92.33,0,,,5,,,130,Sound,,,
0,FORT,2,1,1776625433.396702,101.08,Game,1,Predictable,92.34,0,,,5,,,130,Sound,,,
0,FORT,2,1,1776625433.396702,101.09,Game,1,Predictable,92.36,0,,,5,,,130,Sound,,,
0,FORT,2,1,1776625433.396702,101.1,Game,1,Predictable,92.37,0,,,5,,,130,Sound,,,
0,FORT,2,1,1776625433.396702,101.11,Game,1,Predictable,92.38,0,,,5,,,130,Sound,,,
0,FORT,2,1,1776625433.396702,101.13,Game,1,Predictable,92.39,0,,,5,,,130,Sound,,,
0,FORT,2,1,1776625433.396702,101.14,Game,1,Predictable,92.41,0,,,5,,,130,Sound,,,
0,FORT,2,1,1776625433.396702,101.15,Game,1,Predictable,92.42,0,,,5,,,130,Sound,,,
0,FORT,2,1,1776625433.396702,101.16,Game,1,Predictable,92.43,0,,,5,,,130,Sound,,,
0,FORT,2,1,1776625433.396702,101.19,Game,1,Predictable,92.44,0,,,5,,,130,Sound,,,
0,FORT,2,1,1776625433.396702,101.21,Game,1,Predictable,92.47,0,,,5,,,130,Sound,,,
0,FORT,2,1,1776625433.396702,101.22,Game,1,Predictable,92.49,0,,,5,,,130,Sound,,,
0,FORT,2,1,1776625433.396702,101.23,Game,1,Predictable,92.5,0,,,5,,,130,Sound,,,
0,FORT,2,1,1776625433.396702,101.24,Game,1,Predictable,92.51,0,,,5,,,130,Sound,,,
0,FORT,2,1,1776625433.396702,101.26,Game,1,Predictable,92.52,0,,,5,,,130,Sound,,,
0,FORT,2,1,1776625433.396702,101.27,Game,1,Predictable,92.54,0,,,5,,,130,Sound,,,
0,FORT,2,1,1776625433.396702,101.28,Game,1,Predictable,92.55,0,,,5,,,130,Sound,,,
0,FORT,2,1,1776625433.396702,101.31,Game,1,Predictable,92.56,0,,,5,,,130,Sound,,,
0,FORT,2,1,1776625433.396702,101.32,Game,1,Predictable,92.59,0,,,5,,,130,Sound,,,
0,FORT,2,1,1776625433.396702,101.33,Game,1,Predictable,92.6,0,,,5,,,130,Sound,,,
0,FORT,2,1,1776625433.396702,101.35,Game,1,Predictable,92.61,0,,,5,,,130,Sound,,,
0,FORT,2,1,1776625433.396702,101.37,Game,1,Predictable,92.63,0,,,5,,,130,Sound,,,
0,FORT,2,1,1776625433.396702,101.39,Game,1,Predictable,92.65,0,,,5,,,130,Sound,,,
0,FORT,2,1,1776625433.396702,101.4,Game,1,Predictable,92.67,0,,,5,,,130,Sound,,,
0,FORT,2,1,1776625433.396702,101.41,Game,1,Predictable,92.68,0,,,5,,,130,Sound,,,
0,FORT,2,1,1776625433.396702,101.44,Game,1,Predictable,92.69,0,,,5,,,130,Sound,,,
0,FORT,2,1,1776625433.396702,101.46,Game,1,Predictable,92.72,0,,,5,,,130,Sound,,,
0,FORT,2,1,1776625433.396702,101.47,Game,1,Predictable,92.74,0,,,5,,,130,Sound,,,
0,FORT,2,1,1776625433.396702,101.48,Game,1,Predictable,92.75,0,,,5,,,130,Sound,,,
0,FORT,2,1,1776625433.396702,101.51,Game,1,Predictable,92.76,0,,,5,,,130,Sound,,,
0,FORT,2,1,1776625433.396702,101.52,Game,1,Predictable,92.79,0,,,5,,,130,Sound,,,
0,FORT,2,1,1776625433.396702,101.53,Game,1,Predictable,92.8,0,,,5,,,130,Sound,,,
0,FORT,2,1,1776625433.396702,101.55,Game,1,Predictable,92.82,0,,,5,,,130,Sound,,,
0,FORT,2,1,1776625433.396702,101.56,Game,1,Predictable,92.83,0,,,5,,,130,Sound,,,
0,FORT,2,1,1776625433.396702,101.57,Game,1,Predictable,92.84,0,,,5,,,130,Sound,,,
0,FORT,2,1,1776625433.396702,101.58,Game,1,Predictable,92.85,0,,,5,,,130,Sound,,,
0,FORT,2,1,1776625433.396702,101.6,Game,1,Predictable,92.86,0,,,5,,,130,Sound,,,
0,FORT,2,1,1776625433.396702,101.62,Game,1,Predictable,92.88,0,,,5,,,130,Sound,,,
0,FORT,2,1,1776625433.396702,101.64,Game,1,Predictable,92.9,0,,,5,,,130,Sound,,,
0,FORT,2,1,1776625433.396702,101.65,Game,1,Predictable,92.92,0,,,5,,,130,Sound,,,
0,FORT,2,1,1776625433.396702,101.66,Game,1,Predictable,92.93,0,,,5,,,130,Sound,,,
0,FORT,2,1,1776625433.396702,101.68,Game,1,Predictable,92.94,0,,,5,,,130,Sound,,,
0,FORT,2,1,1776625433.396702,101.69,Game,1,Predictable,92.96,0,,,5,,,130,Sound,,,
0,FORT,2,1,1776625433.396702,101.7,Game,1,Predictable,92.97,0,,,5,,,130,Sound,,,
0,FORT,2,1,1776625433.396702,101.71,Game,1,Predictable,92.98,0,,,5,,,130,Sound,,,
0,FORT,2,1,1776625433.396702,101.73,Game,1,Predictable,92.99,0,,,5,,,130,Sound,,,
0,FORT,2,1,1776625433.396702,101.74,Game,1,Predictable,93.01,0,,,5,,,130,Sound,,,
0,FORT,2,1,1776625433.396702,101.75,Game,1,Predictable,93.02,0,,,5,,,130,Sound,,,
0,FORT,2,1,1776625433.396702,101.76,Game,1,Predictable,93.03,0,,,5,,,130,Sound,,,
0,FORT,2,1,1776625433.396702,101.78,Game,1,Predictable,93.04,0,,,5,,,130,Sound,,,
0,FORT,2,1,1776625433.396702,101.79,Game,1,Predictable,93.06,0,,,5,,,130,Sound,,,
0,FORT,2,1,1776625433.396702,101.8,Game,1,Predictable,93.07,0,,,5,,,130,Sound,,,
0,FORT,2,1,1776625433.396702,101.81,Game,1,Predictable,93.08,0,,,5,,,130,Sound,,,
0,FORT,2,1,1776625433.396702,101.84,Game,1,Predictable,93.09,0,,,5,,,130,Sound,,,
0,FORT,2,1,1776625433.396702,101.86,Game,1,Predictable,93.12,0,,,5,,,130,Sound,,,
0,FORT,2,1,1776625433.396702,101.87,Game,1,Predictable,93.14,0,,,5,,,130,Sound,,,
0,FORT,2,1,1776625433.396702,101.88,Game,1,Predictable,93.15,0,,,5,,,130,Sound,,,
0,FORT,2,1,1776625433.396702,101.89,Game,1,Predictable,93.16,0,,,5,,,130,Sound,,,
0,FORT,2,1,1776625433.396702,101.91,Game,1,Predictable,93.17,0,,,5,,,130,Sound,,,
0,FORT,2,1,1776625433.396702,101.92,Game,1,Predictable,93.19,0,,,5,,,130,Sound,,,
0,FORT,2,1,1776625433.396702,101.93,Game,1,Predictable,93.2,0,,,5,,,130,Sound,,,
0,FORT,2,1,1776625433.396702,101.96,Game,1,Predictable,93.21,0,,,5,,,130,Sound,,,
0,FORT,2,1,1776625433.396702,101.97,Game,1,Predictable,93.24,0,,,5,,,130,Sound,,,
0,FORT,2,1,1776625433.396702,101.98,Game,1,Predictable,93.25,0,,,5,,,130,Sound,,,
0,FORT,2,1,1776625433.396702,102.0,Game,1,Predictable,93.27,0,,,5,,,130,Sound,,,
0,FORT,2,1,1776625433.396702,102.01,Game,1,Predictable,93.28,0,,,5,,,130,Sound,,,
0,FORT,2,1,1776625433.396702,102.02,Game,1,Predictable,93.29,0,,,5,,,130,Sound,,,
0,FORT,2,1,1776625433.396702,102.03,Game,1,Predictable,93.3,0,,,5,,,130,Sound,,,
0,FORT,2,1,1776625433.396702,102.05,Game,1,Predictable,93.32,0,,,5,,,130,Sound,,,
0,FORT,2,1,1776625433.396702,102.06,Game,1,Predictable,93.33,0,,,5,,,130,Sound,,,
0,FORT,2,1,1776625433.396702,102.07,Game,1,Predictable,93.34,0,,,5,,,130,Sound,,,
0,FORT,2,1,1776625433.396702,102.08,Game,1,Predictable,93.35,0,,,5,,,130,Sound,,,
0,FORT,2,1,1776625433.396702,102.1,Game,1,Predictable,93.36,0,,,5,,,130,Sound,,,
0,FORT,2,1,1776625433.396702,102.12,Game,1,Predictable,93.38,0,,,5,,,130,Sound,,,
0,FORT,2,1,1776625433.396702,102.14,Game,1,Predictable,93.4,0,,,5,,,130,Sound,,,
0,FORT,2,1,1776625433.396702,102.15,Game,1,Predictable,93.42,0,,,5,,,130,Sound,,,
0,FORT,2,1,1776625433.396702,102.16,Game,1,Predictable,93.43,0,,,5,,,130,Sound,,,
0,FORT,2,1,1776625433.396702,102.18,Game,1,Predictable,93.44,0,,,5,,,130,Sound,,,
0,FORT,2,1,1776625433.396702,102.19,Game,1,Predictable,93.46,0,,,5,,,130,Sound,,,
0,FORT,2,1,1776625433.396702,102.2,Game,1,Predictable,93.47,0,,,5,,,130,Sound,,,
0,FORT,2,1,1776625433.396702,102.21,Game,1,Predictable,93.48,0,,,5,,,130,Sound,,,
0,FORT,2,1,1776625433.396702,102.23,Game,1,Predictable,93.49,0,,,5,,,130,Sound,,,
0,FORT,2,1,1776625433.396702,102.24,Game,1,Predictable,93.51,0,,,5,,,130,Sound,,,
0,FORT,2,1,1776625433.396702,102.25,Game,1,Predictable,93.52,0,,,5,,,130,Sound,,,
0,FORT,2,1,1776625433.396702,102.26,Game,1,Predictable,93.53,0,,,5,,,130,Sound,,,
0,FORT,2,1,1776625433.396702,102.27,Game,1,Predictable,93.54,0,,,5,,,130,Sound,,,
0,FORT,2,1,1776625433.396702,102.29,Game,1,Predictable,93.56,0,,,5,,,130,Sound,,,
0,FORT,2,1,1776625433.396702,102.3,Game,1,Predictable,93.57,0,,,5,,,130,Sound,,,
0,FORT,2,1,1776625433.396702,102.31,Game,1,Predictable,93.58,0,,,5,,,130,Sound,,,
0,FORT,2,1,1776625433.396702,102.33,Game,1,Predictable,93.59,0,,,5,,,130,Sound,,,
0,FORT,2,1,1776625433.396702,102.34,Game,1,Predictable,93.61,0,,,5,,,130,Sound,,,
0,FORT,2,1,1776625433.396702,102.35,Game,1,Predictable,93.62,0,,,5,,,130,Sound,,,
0,FORT,2,1,1776625433.396702,102.36,Game,1,Predictable,93.63,0,,,5,,,130,Sound,,,
0,FORT,2,1,1776625433.396702,102.37,Game,1,Predictable,93.64,0,,,5,,,130,Sound,,,
0,FORT,2,1,1776625433.396702,102.39,Game,1,Predictable,93.66,0,,,5,,,130,Sound,,,
0,FORT,2,1,1776625433.396702,102.4,Game,1,Predictable,93.67,0,,,5,,,130,Sound,,,
0,FORT,2,1,1776625433.396702,102.41,Game,1,Predictable,93.68,0,,,5,,,130,Sound,,,
0,FORT,2,1,1776625433.396702,102.43,Game,1,Predictable,93.69,0,,,5,,,130,Sound,,,
0,FORT,2,1,1776625433.396702,102.44,Game,1,Predictable,93.71,0,,,5,,,130,Sound,,,
0,FORT,2,1,1776625433.396702,102.45,Game,1,Predictable,93.72,0,,,5,,,130,Sound,,,
0,FORT,2,1,1776625433.396702,102.46,Game,1,Predictable,93.73,0,,,5,,,130,Sound,,,
0,FORT,2,1,1776625433.396702,102.48,Game,1,Predictable,93.74,0,,,5,,,130,Sound,,,
0,FORT,2,1,1776625433.396702,102.49,Game,1,Predictable,93.76,0,,,5,,,130,Sound,,,
0,FORT,2,1,1776625433.396702,102.5,Game,1,Predictable,93.77,0,,,5,,,130,Sound,,,
0,FORT,2,1,1776625433.396702,102.51,Game,1,Predictable,93.78,0,,,5,,,130,Sound,,,
0,FORT,2,1,1776625433.396702,102.54,Game,1,Predictable,93.79,0,,,5,,,130,Sound,,,
0,FORT,2,1,1776625433.396702,102.56,Game,1,Predictable,93.82,0,,,5,,,130,Sound,,,
0,FORT,2,1,1776625433.396702,102.57,Game,1,Predictable,93.84,0,,,5,,,130,Sound,,,
0,FORT,2,1,1776625433.396702,102.58,Game,1,Predictable,93.85,0,,,5,,,130,Sound,,,
0,FORT,2,1,1776625433.396702,102.61,Game,1,Predictable,93.86,0,,,5,,,130,Sound,,,
0,FORT,2,1,1776625433.396702,102.62,Game,1,Predictable,93.89,0,,,5,,,130,Sound,,,
0,FORT,2,1,1776625433.396702,102.63,Game,1,Predictable,93.9,0,,,5,,,130,Sound,,,
0,FORT,2,1,1776625433.396702,102.65,Game,1,Predictable,93.92,0,,,5,,,130,Sound,,,
0,FORT,2,1,1776625433.396702,102.67,Game,1,Predictable,93.93,0,,,5,,,130,Sound,,,
0,FORT,2,1,1776625433.396702,102.69,Game,1,Predictable,93.95,0,,,5,,,130,Sound,,,
0,FORT,2,1,1776625433.396702,102.7,Game,1,Predictable,93.97,0,,,5,,,130,Sound,,,
0,FORT,2,1,1776625433.396702,102.71,Game,1,Predictable,93.98,0,,,5,,,130,Sound,,,
0,FORT,2,1,1776625433.396702,102.73,Game,1,Predictable,93.99,0,,,5,,,130,Sound,,,
0,FORT,2,1,1776625433.396702,102.74,Game,1,Predictable,94.01,0,,,5,,,130,Sound,,,
0,FORT,2,1,1776625433.396702,102.75,Game,1,Predictable,94.02,0,,,5,,,130,Sound,,,
0,FORT,2,1,1776625433.396702,102.76,Game,1,Predictable,94.03,0,,,5,,,130,Sound,,,
0,FORT,2,1,1776625433.396702,102.79,Game,1,Predictable,94.04,0,,,5,,,130,Sound,,,
0,FORT,2,1,1776625433.396702,102.81,Game,1,Predictable,94.07,0,,,5,,,130,Sound,,,
0,FORT,2,1,1776625433.396702,102.82,Game,1,Predictable,94.09,0,,,5,,,130,Sound,,,
0,FORT,2,1,1776625433.396702,102.83,Game,1,Predictable,94.1,0,,,5,,,130,Sound,,,
0,FORT,2,1,1776625433.396702,102.84,Game,1,Predictable,94.11,0,,,5,,,130,Sound,,,
0,FORT,2,1,1776625433.396702,102.86,Game,1,Predictable,94.12,0,,,5,,,130,Sound,,,
0,FORT,2,1,1776625433.396702,102.87,Game,1,Predictable,94.14,0,,,5,,,130,Sound,,,
0,FORT,2,1,1776625433.396702,102.88,Game,1,Predictable,94.15,0,,,5,,,130,Sound,,,
0,FORT,2,1,1776625433.396702,102.91,Game,1,Predictable,94.16,0,,,5,,,130,Sound,,,
0,FORT,2,1,1776625433.396702,102.92,Game,1,Predictable,94.19,0,,,5,,,130,Sound,,,
0,FORT,2,1,1776625433.396702,102.93,Game,1,Predictable,94.2,0,,,5,,,130,Sound,,,
0,FORT,2,1,1776625433.396702,102.95,Game,1,Predictable,94.21,0,,,5,,,130,Sound,,,
0,FORT,2,1,1776625433.396702,102.97,Game,1,Predictable,94.23,0,,,5,,,130,Sound,,,
0,FORT,2,1,1776625433.396702,102.99,Game,1,Predictable,94.25,0,,,5,,,130,Sound,,,
0,FORT,2,1,1776625433.396702,103.0,Game,1,Predictable,94.27,0,,,5,,,130,Sound,,,
0,FORT,2,1,1776625433.396702,103.01,Game,1,Predictable,94.28,0,,,5,,,130,Sound,,,
0,FORT,2,1,1776625433.396702,103.03,Game,1,Predictable,94.29,0,,,5,,,130,Sound,,,
0,FORT,2,1,1776625433.396702,103.04,Game,1,Predictable,94.31,0,,,5,,,130,Sound,,,
0,FORT,2,1,1776625433.396702,103.05,Game,1,Predictable,94.32,0,,,5,,,130,Sound,,,
0,FORT,2,1,1776625433.396702,103.06,Game,1,Predictable,94.33,0,,,5,,,130,Sound,,,
0,FORT,2,1,1776625433.396702,103.09,Game,1,Predictable,94.34,0,,,5,,,130,Sound,,,
0,FORT,2,1,1776625433.396702,103.11,Game,1,Predictable,94.37,0,,,5,,,130,Sound,,,
0,FORT,2,1,1776625433.396702,103.12,Game,1,Predictable,94.39,0,,,5,,,130,Sound,,,
0,FORT,2,1,1776625433.396702,103.13,Game,1,Predictable,94.4,0,,,5,,,130,Sound,,,
0,FORT,2,1,1776625433.396702,103.16,Game,1,Predictable,94.41,0,,,5,,,130,Sound,,,
0,FORT,2,1,1776625433.396702,103.17,Game,1,Predictable,94.44,0,,,5,,,130,Sound,,,
0,FORT,2,1,1776625433.396702,103.18,Game,1,Predictable,94.45,0,,,5,,,130,Sound,,,
0,FORT,2,1,1776625433.396702,103.2,Game,1,Predictable,94.47,0,,,5,,,130,Sound,,,
0,FORT,2,1,1776625433.396702,103.21,Game,1,Predictable,94.48,0,,,5,,,130,Sound,,,
0,FORT,2,1,1776625433.396702,103.22,Game,1,Predictable,94.49,0,,,5,,,130,Sound,,,
0,FORT,2,1,1776625433.396702,103.23,Game,1,Predictable,94.5,0,,,5,,,130,Sound,,,
0,FORT,2,1,1776625433.396702,103.25,Game,1,Predictable,94.52,0,,,5,,,130,Sound,,,
0,FORT,2,1,1776625433.396702,103.26,Game,1,Predictable,94.53,0,,,5,,,130,Sound,,,
0,FORT,2,1,1776625433.396702,103.27,Game,1,Predictable,94.54,0,,,5,,,130,Sound,,,
0,FORT,2,1,1776625433.396702,103.29,Game,1,Predictable,94.55,0,,,5,,,130,Sound,,,
0,FORT,2,1,1776625433.396702,103.3,Game,1,Predictable,94.57,0,,,5,,,130,Sound,,,
0,FORT,2,1,1776625433.396702,103.31,Game,1,Predictable,94.58,0,,,5,,,130,Sound,,,
0,FORT,2,1,1776625433.396702,103.34,Game,1,Predictable,94.59,0,,,5,,,130,Sound,,,
0,FORT,2,1,1776625433.396702,103.36,Game,1,Predictable,94.62,0,,,5,,,130,Sound,,,
0,FORT,2,1,1776625433.396702,103.37,Game,1,Predictable,94.64,0,,,5,,,130,Sound,,,
0,FORT,2,1,1776625433.396702,103.38,Game,1,Predictable,94.65,0,,,5,,,130,Sound,,,
0,FORT,2,1,1776625433.396702,103.39,Game,1,Predictable,94.66,0,,,5,,,130,Sound,,,
0,FORT,2,1,1776625433.396702,103.41,Game,1,Predictable,94.67,0,,,5,,,130,Sound,,,
0,FORT,2,1,1776625433.396702,103.42,Game,1,Predictable,94.69,0,,,5,,,130,Sound,,,
0,FORT,2,1,1776625433.396702,103.43,Game,1,Predictable,94.7,0,,,5,,,130,Sound,,,
0,FORT,2,1,1776625433.396702,103.44,Game,1,Predictable,94.71,0,,,5,,,130,Sound,,,
0,FORT,2,1,1776625433.396702,103.46,Game,1,Predictable,94.72,0,,,5,,,130,Sound,,,
0,FORT,2,1,1776625433.396702,103.47,Game,1,Predictable,94.74,0,,,5,,,130,Sound,,,
0,FORT,2,1,1776625433.396702,103.48,Game,1,Predictable,94.75,0,,,5,,,130,Sound,,,
0,FORT,2,1,1776625433.396702,103.49,Game,1,Predictable,94.76,0,,,5,,,130,Sound,,,
0,FORT,2,1,1776625433.396702,103.51,Game,1,Predictable,94.77,0,,,5,,,130,Sound,,,
0,FORT,2,1,1776625433.396702,103.52,Game,1,Predictable,94.79,0,,,5,,,130,Sound,,,
0,FORT,2,1,1776625433.396702,103.53,Game,1,Predictable,94.8,0,,,5,,,130,Sound,,,
0,FORT,2,1,1776625433.396702,103.54,Game,1,Predictable,94.81,0,,,5,,,130,Sound,,,
0,FORT,2,1,1776625433.396702,103.56,Game,1,Predictable,94.82,0,,,5,,,130,Sound,,,
0,FORT,2,1,1776625433.396702,103.57,Game,1,Predictable,94.84,0,,,5,,,130,Sound,,,
0,FORT,2,1,1776625433.396702,103.58,Game,1,Predictable,94.85,0,,,5,,,130,Sound,,,
0,FORT,2,1,1776625433.396702,103.59,Game,1,Predictable,94.86,0,,,5,,,130,Sound,,,
0,FORT,2,1,1776625433.396702,103.61,Game,1,Predictable,94.87,0,,,5,,,130,Sound,,,
0,FORT,2,1,1776625433.396702,103.62,Game,1,Predictable,94.89,0,,,5,,,130,Sound,,,
0,FORT,2,1,1776625433.396702,103.63,Game,1,Predictable,94.9,0,,,5,,,130,Sound,,,
0,FORT,2,1,1776625433.396702,103.64,Game,1,Predictable,94.91,0,,,5,,,130,Sound,,,
0,FORT,2,1,1776625433.396702,103.66,Game,1,Predictable,94.92,0,,,5,,,130,Sound,,,
0,FORT,2,1,1776625433.396702,103.67,Game,1,Predictable,94.94,0,,,5,,,130,Sound,,,
0,FORT,2,1,1776625433.396702,103.68,Game,1,Predictable,94.95,0,,,5,,,130,Sound,,,
0,FORT,2,1,1776625433.396702,103.69,Game,1,Predictable,94.96,0,,,5,,,130,Sound,,,
0,FORT,2,1,1776625433.396702,103.71,Game,1,Predictable,94.97,0,,,5,,,130,Sound,,,
0,FORT,2,1,1776625433.396702,103.72,Game,1,Predictable,94.99,0,,,5,,,130,Sound,,,
0,FORT,2,1,1776625433.396702,103.73,Game,1,Predictable,95.0,0,,,5,,,130,Sound,,,
0,FORT,2,1,1776625433.396702,103.74,Game,1,Predictable,95.01,0,,,5,,,130,Sound,,,
0,FORT,2,1,1776625433.396702,103.76,Game,1,Predictable,95.02,0,,,5,,,130,Sound,,,
0,FORT,2,1,1776625433.396702,103.77,Game,1,Predictable,95.04,0,,,5,,,130,Sound,,,
0,FORT,2,1,1776625433.396702,103.78,Game,1,Predictable,95.05,0,,,5,,,130,Sound,,,
0,FORT,2,1,1776625433.396702,103.79,Game,1,Predictable,95.06,0,,,5,,,130,Sound,,,
0,FORT,2,1,1776625433.396702,103.81,Game,1,Predictable,95.07,0,,,5,,,130,Sound,,,
0,FORT,2,1,1776625433.396702,103.82,Game,1,Predictable,95.09,0,,,5,,,130,Sound,,,
0,FORT,2,1,1776625433.396702,103.83,Game,1,Predictable,95.1,0,,,5,,,130,Sound,,,
0,FORT,2,1,1776625433.396702,103.84,Game,1,Predictable,95.11,0,,,5,,,130,Sound,,,
0,FORT,2,1,1776625433.396702,103.86,Game,1,Predictable,95.12,0,,,5,,,130,Sound,,,
0,FORT,2,1,1776625433.396702,103.87,Game,1,Predictable,95.14,0,,,5,,,130,Sound,,,
0,FORT,2,1,1776625433.396702,103.88,Game,1,Predictable,95.15,0,,,5,,,130,Sound,,,
0,FORT,2,1,1776625433.396702,103.89,Game,1,Predictable,95.16,0,,,5,,,130,Sound,,,
0,FORT,2,1,1776625433.396702,103.91,Game,1,Predictable,95.17,0,,,5,,,130,Sound,,,
0,FORT,2,1,1776625433.396702,103.92,Game,1,Predictable,95.19,0,,,5,,,130,Sound,,,
0,FORT,2,1,1776625433.396702,103.93,Game,1,Predictable,95.2,0,,,5,,,130,Sound,,,
0,FORT,2,1,1776625433.396702,103.94,Game,1,Predictable,95.21,0,,,5,,,130,Sound,,,
0,FORT,2,1,1776625433.396702,103.96,Game,1,Predictable,95.22,0,,,5,,,130,Sound,,,
0,FORT,2,1,1776625433.396702,103.97,Game,1,Predictable,95.24,0,,,5,,,130,Sound,,,
0,FORT,2,1,1776625433.396702,103.98,Game,1,Predictable,95.25,0,,,5,,,130,Sound,,,
0,FORT,2,1,1776625433.396702,103.99,Game,1,Predictable,95.26,0,,,5,,,130,Sound,,,
0,FORT,2,1,1776625433.396702,104.01,Game,1,Predictable,95.27,0,,,5,,,130,Sound,,,
0,FORT,2,1,1776625433.396702,104.02,Game,1,Predictable,95.29,0,,,5,,,130,Sound,,,
0,FORT,2,1,1776625433.396702,104.03,Game,1,Predictable,95.3,0,,,5,,,130,Sound,,,
0,FORT,2,1,1776625433.396702,104.04,Game,1,Predictable,95.31,0,,,5,,,130,Sound,,,
0,FORT,2,1,1776625433.396702,104.06,Game,1,Predictable,95.32,0,,,5,,,130,Sound,,,
0,FORT,2,1,1776625433.396702,104.07,Game,1,Predictable,95.34,0,,,5,,,130,Sound,,,
0,FORT,2,1,1776625433.396702,104.08,Game,1,Predictable,95.35,0,,,5,,,130,Sound,,,
0,FORT,2,1,1776625433.396702,104.09,Game,1,Predictable,95.36,0,,,5,,,130,Sound,,,
0,FORT,2,1,1776625433.396702,104.11,Game,1,Predictable,95.37,0,,,5,,,130,Sound,,,
0,FORT,2,1,1776625433.396702,104.12,Game,1,Predictable,95.39,0,,,5,,,130,Sound,,,
0,FORT,2,1,1776625433.396702,104.13,Game,1,Predictable,95.4,0,,,5,,,130,Sound,,,
0,FORT,2,1,1776625433.396702,104.14,Game,1,Predictable,95.41,0,,,5,,,130,Sound,,,
0,FORT,2,1,1776625433.396702,104.16,Game,1,Predictable,95.42,0,,,5,,,130,Sound,,,
0,FORT,2,1,1776625433.396702,104.17,Game,1,Predictable,95.44,0,,,5,,,130,Sound,,,
0,FORT,2,1,1776625433.396702,104.18,Game,1,Predictable,95.45,0,,,5,,,130,Sound,,,
0,FORT,2,1,1776625433.396702,104.19,Game,1,Predictable,95.46,0,,,5,,,130,Sound,,,
0,FORT,2,1,1776625433.396702,104.21,Game,1,Predictable,95.47,0,,,5,,,130,Sound,,,
0,FORT,2,1,1776625433.396702,104.22,Game,1,Predictable,95.49,0,,,5,,,130,Sound,,,
0,FORT,2,1,1776625433.396702,104.23,Game,1,Predictable,95.5,0,,,5,,,130,Sound,,,
0,FORT,2,1,1776625433.396702,104.24,Game,1,Predictable,95.51,0,,,5,,,130,Sound,,,
0,FORT,2,1,1776625433.396702,104.26,Game,1,Predictable,95.52,0,,,5,,,130,Sound,,,
0,FORT,2,1,1776625433.396702,104.27,Game,1,Predictable,95.54,0,,,5,,,130,Sound,,,
0,FORT,2,1,1776625433.396702,104.28,Game,1,Predictable,95.55,0,,,5,,,130,Sound,,,
0,FORT,2,1,1776625433.396702,104.29,Game,1,Predictable,95.56,0,,,5,,,130,Sound,,,
0,FORT,2,1,1776625433.396702,104.31,Game,1,Predictable,95.57,0,,,5,,,130,Sound,,,
0,FORT,2,1,1776625433.396702,104.32,Game,1,Predictable,95.59,0,,,5,,,130,Sound,,,
0,FORT,2,1,1776625433.396702,104.33,Game,1,Predictable,95.6,0,,,5,,,130,Sound,,,
0,FORT,2,1,1776625433.396702,104.34,Game,1,Predictable,95.61,0,,,5,,,130,Sound,,,
0,FORT,2,1,1776625433.396702,104.36,Game,1,Predictable,95.62,0,,,5,,,130,Sound,,,
0,FORT,2,1,1776625433.396702,104.37,Game,1,Predictable,95.64,0,,,5,,,130,Sound,,,
0,FORT,2,1,1776625433.396702,104.38,Game,1,Predictable,95.65,0,,,5,,,130,Sound,,,
0,FORT,2,1,1776625433.396702,104.39,Game,1,Predictable,95.66,0,,,5,,,130,Sound,,,
0,FORT,2,1,1776625433.396702,104.41,Game,1,Predictable,95.67,0,,,5,,,130,Sound,,,
0,FORT,2,1,1776625433.396702,104.42,Game,1,Predictable,95.69,0,,,5,,,130,Sound,,,
0,FORT,2,1,1776625433.396702,104.43,Game,1,Predictable,95.7,0,,,5,,,130,Sound,,,
0,FORT,2,1,1776625433.396702,104.44,Game,1,Predictable,95.71,0,,,5,,,130,Sound,,,
0,FORT,2,1,1776625433.396702,104.46,Game,1,Predictable,95.72,0,,,5,,,130,Sound,,,
0,FORT,2,1,1776625433.396702,104.47,Game,1,Predictable,95.74,0,,,5,,,130,Sound,,,
0,FORT,2,1,1776625433.396702,104.48,Game,1,Predictable,95.75,0,,,5,,,130,Sound,,,
0,FORT,2,1,1776625433.396702,104.49,Game,1,Predictable,95.76,0,,,5,,,130,Sound,,,
0,FORT,2,1,1776625433.396702,104.51,Game,1,Predictable,95.77,0,,,5,,,130,Sound,,,
0,FORT,2,1,1776625433.396702,104.52,Game,1,Predictable,95.79,0,,,5,,,130,Sound,,,
0,FORT,2,1,1776625433.396702,104.53,Game,1,Predictable,95.8,0,,,5,,,130,Sound,,,
0,FORT,2,1,1776625433.396702,104.54,Game,1,Predictable,95.81,0,,,5,,,130,Sound,,,
0,FORT,2,1,1776625433.396702,104.56,Game,1,Predictable,95.82,0,,,5,,,130,Sound,,,
0,FORT,2,1,1776625433.396702,104.57,Game,1,Predictable,95.84,0,,,5,,,130,Sound,,,
0,FORT,2,1,1776625433.396702,104.58,Game,1,Predictable,95.85,0,,,5,,,130,Sound,,,
0,FORT,2,1,1776625433.396702,104.59,Game,1,Predictable,95.86,0,,,5,,,130,Sound,,,
0,FORT,2,1,1776625433.396702,104.61,Game,1,Predictable,95.87,0,,,5,,,130,Sound,,,
0,FORT,2,1,1776625433.396702,104.62,Game,1,Predictable,95.89,0,,,5,,,130,Sound,,,
0,FORT,2,1,1776625433.396702,104.63,Game,1,Predictable,95.9,0,,,5,,,130,Sound,,,
0,FORT,2,1,1776625433.396702,104.64,Game,1,Predictable,95.91,0,,,5,,,130,Sound,,,
0,FORT,2,1,1776625433.396702,104.66,Game,1,Predictable,95.92,0,,,5,,,130,Sound,,,
0,FORT,2,1,1776625433.396702,104.67,Game,1,Predictable,95.94,0,,,5,,,130,Sound,,,
0,FORT,2,1,1776625433.396702,104.68,Game,1,Predictable,95.95,0,,,5,,,130,Sound,,,
0,FORT,2,1,1776625433.396702,104.69,Game,1,Predictable,95.96,0,,,5,,,130,Sound,,,
0,FORT,2,1,1776625433.396702,104.71,Game,1,Predictable,95.97,0,,,5,,,130,Sound,,,
0,FORT,2,1,1776625433.396702,104.72,Game,1,Predictable,95.99,0,,,5,,,130,Sound,,,
0,FORT,2,1,1776625433.396702,104.73,Game,1,Predictable,96.0,0,,,5,,,130,Sound,,,
0,FORT,2,1,1776625433.396702,104.74,Game,1,Predictable,96.01,0,,,5,,,130,Sound,,,
0,FORT,2,1,1776625433.396702,104.76,Game,1,Predictable,96.02,0,,,5,,,130,Sound,,,
0,FORT,2,1,1776625433.396702,104.77,Game,1,Predictable,96.04,0,,,5,,,130,Sound,,,
0,FORT,2,1,1776625433.396702,104.78,Game,1,Predictable,96.05,0,,,5,,,130,Sound,,,
0,FORT,2,1,1776625433.396702,104.79,Game,1,Predictable,96.06,0,,,5,,,130,Sound,,,
0,FORT,2,1,1776625433.396702,104.81,Game,1,Predictable,96.07,0,,,5,,,130,Sound,,,
0,FORT,2,1,1776625433.396702,104.82,Game,1,Predictable,96.09,0,,,5,,,130,Sound,,,
0,FORT,2,1,1776625433.396702,104.83,Game,1,Predictable,96.1,0,,,5,,,130,Sound,,,
0,FORT,2,1,1776625433.396702,104.84,Game,1,Predictable,96.11,0,,,5,,,130,Sound,,,
0,FORT,2,1,1776625433.396702,104.86,Game,1,Predictable,96.12,0,,,5,,,130,Sound,,,
0,FORT,2,1,1776625433.396702,104.87,Game,1,Predictable,96.14,0,,,5,,,130,Sound,,,
0,FORT,2,1,1776625433.396702,104.88,Game,1,Predictable,96.15,0,,,5,,,130,Sound,,,
0,FORT,2,1,1776625433.396702,104.89,Game,1,Predictable,96.16,0,,,5,,,130,Sound,,,
0,FORT,2,1,1776625433.396702,104.91,Game,1,Predictable,96.17,0,,,5,,,130,Sound,,,
0,FORT,2,1,1776625433.396702,104.92,Game,1,Predictable,96.19,0,,,5,,,130,Sound,,,
0,FORT,2,1,1776625433.396702,104.93,Game,1,Predictable,96.2,0,,,5,,,130,Sound,,,
0,FORT,2,1,1776625433.396702,104.94,Game,1,Predictable,96.21,0,,,5,,,130,Sound,,,
0,FORT,2,1,1776625433.396702,104.96,Game,1,Predictable,96.22,0,,,5,,,130,Sound,,,
0,FORT,2,1,1776625433.396702,104.97,Game,1,Predictable,96.24,0,,,5,,,130,Sound,,,
0,FORT,2,1,1776625433.396702,104.98,Game,1,Predictable,96.25,0,,,5,,,130,Sound,,,
0,FORT,2,1,1776625433.396702,104.99,Game,1,Predictable,96.26,0,,,5,,,130,Sound,,,
0,FORT,2,1,1776625433.396702,105.01,Game,1,Predictable,96.27,0,,,5,,,130,Sound,,,
0,FORT,2,1,1776625433.396702,105.02,Game,1,Predictable,96.29,0,,,5,,,130,Sound,,,
0,FORT,2,1,1776625433.396702,105.03,Game,1,Predictable,96.3,0,,,5,,,130,Sound,,,
0,FORT,2,1,1776625433.396702,105.04,Game,1,Predictable,96.31,0,,,5,,,130,Sound,,,
0,FORT,2,1,1776625433.396702,105.06,Game,1,Predictable,96.32,0,,,5,,,130,Sound,,,
0,FORT,2,1,1776625433.396702,105.07,Game,1,Predictable,96.34,0,,,5,,,130,Sound,,,
0,FORT,2,1,1776625433.396702,105.08,Game,1,Predictable,96.35,0,,,5,,,130,Sound,,,
0,FORT,2,1,1776625433.396702,105.09,Game,1,Predictable,96.36,0,,,5,,,130,Sound,,,
0,FORT,2,1,1776625433.396702,105.11,Game,1,Predictable,96.37,0,,,5,,,130,Sound,,,
0,FORT,2,1,1776625433.396702,105.12,Game,1,Predictable,96.39,0,,,5,,,130,Sound,,,
0,FORT,2,1,1776625433.396702,105.13,Game,1,Predictable,96.4,0,,,5,,,130,Sound,,,
0,FORT,2,1,1776625433.396702,105.14,Game,1,Predictable,96.41,0,,,5,,,130,Sound,,,
0,FORT,2,1,1776625433.396702,105.16,Game,1,Predictable,96.42,0,,,5,,,130,Sound,,,
0,FORT,2,1,1776625433.396702,105.17,Game,1,Predictable,96.44,0,,,5,,,130,Sound,,,
0,FORT,2,1,1776625433.396702,105.18,Game,1,Predictable,96.45,0,,,5,,,130,Sound,,,
0,FORT,2,1,1776625433.396702,105.19,Game,1,Predictable,96.46,0,,,5,,,130,Sound,,,
0,FORT,2,1,1776625433.396702,105.21,Game,1,Predictable,96.47,0,,,5,,,130,Sound,,,
0,FORT,2,1,1776625433.396702,105.22,Game,1,Predictable,96.49,0,,,5,,,130,Sound,,,
0,FORT,2,1,1776625433.396702,105.23,Game,1,Predictable,96.5,0,,,5,,,130,Sound,,,
0,FORT,2,1,1776625433.396702,105.24,Game,1,Predictable,96.51,0,,,5,,,130,Sound,,,
0,FORT,2,1,1776625433.396702,105.26,Game,1,Predictable,96.52,0,,,5,,,130,Sound,,,
0,FORT,2,1,1776625433.396702,105.27,Game,1,Predictable,96.54,0,,,5,,,130,Sound,,,
0,FORT,2,1,1776625433.396702,105.28,Game,1,Predictable,96.55,0,,,5,,,130,Sound,,,
0,FORT,2,1,1776625433.396702,105.29,Game,1,Predictable,96.56,0,,,5,,,130,Sound,,,
0,FORT,2,1,1776625433.396702,105.31,Game,1,Predictable,96.57,0,,,5,,,130,Sound,,,
0,FORT,2,1,1776625433.396702,105.32,Game,1,Predictable,96.59,0,,,5,,,130,Sound,,,
0,FORT,2,1,1776625433.396702,105.33,Game,1,Predictable,96.6,0,,,5,,,130,Sound,,,
0,FORT,2,1,1776625433.396702,105.34,Game,1,Predictable,96.61,0,,,5,,,130,Sound,,,
0,FORT,2,1,1776625433.396702,105.36,Game,1,Predictable,96.62,0,,,5,,,130,Sound,,,
0,FORT,2,1,1776625433.396702,105.37,Game,1,Predictable,96.64,0,,,5,,,130,Sound,,,
0,FORT,2,1,1776625433.396702,105.38,Game,1,Predictable,96.65,0,,,5,,,130,Sound,,,
0,FORT,2,1,1776625433.396702,105.39,Game,1,Predictable,96.66,0,,,5,,,130,Sound,,,
0,FORT,2,1,1776625433.396702,105.41,Game,1,Predictable,96.67,0,,,5,,,130,Sound,,,
0,FORT,2,1,1776625433.396702,105.42,Game,1,Predictable,96.69,0,,,5,,,130,Sound,,,
0,FORT,2,1,1776625433.396702,105.43,Game,1,Predictable,96.7,0,,,5,,,130,Sound,,,
0,FORT,2,1,1776625433.396702,105.44,Game,1,Predictable,96.71,0,,,5,,,130,Sound,,,
0,FORT,2,1,1776625433.396702,105.46,Game,1,Predictable,96.72,0,,,5,,,130,Sound,,,
0,FORT,2,1,1776625433.396702,105.47,Game,1,Predictable,96.74,0,,,5,,,130,Sound,,,
0,FORT,2,1,1776625433.396702,105.48,Game,1,Predictable,96.75,0,,,5,,,130,Sound,,,
0,FORT,2,1,1776625433.396702,105.49,Game,1,Predictable,96.76,0,,,5,,,130,Sound,,,
0,FORT,2,1,1776625433.396702,105.51,Game,1,Predictable,96.77,0,,,5,,,130,Sound,,,
0,FORT,2,1,1776625433.396702,105.52,Game,1,Predictable,96.79,0,,,5,,,130,Sound,,,
0,FORT,2,1,1776625433.396702,105.53,Game,1,Predictable,96.8,0,,,5,,,130,Sound,,,
0,FORT,2,1,1776625433.396702,105.54,Game,1,Predictable,96.81,0,,,5,,,130,Sound,,,
0,FORT,2,1,1776625433.396702,105.56,Game,1,Predictable,96.82,0,,,5,,,130,Sound,,,
0,FORT,2,1,1776625433.396702,105.57,Game,1,Predictable,96.84,0,,,5,,,130,Sound,,,
0,FORT,2,1,1776625433.396702,105.58,Game,1,Predictable,96.85,0,,,5,,,130,Sound,,,
0,FORT,2,1,1776625433.396702,105.59,Game,1,Predictable,96.86,0,,,5,,,130,Sound,,,
0,FORT,2,1,1776625433.396702,105.61,Game,1,Predictable,96.87,0,,,5,,,130,Sound,,,
0,FORT,2,1,1776625433.396702,105.62,Game,1,Predictable,96.89,0,,,5,,,130,Sound,,,
0,FORT,2,1,1776625433.396702,105.63,Game,1,Predictable,96.9,0,,,5,,,130,Sound,,,
0,FORT,2,1,1776625433.396702,105.64,Game,1,Predictable,96.91,0,,,5,,,130,Sound,,,
0,FORT,2,1,1776625433.396702,105.66,Game,1,Predictable,96.92,0,,,5,,,130,Sound,,,
0,FORT,2,1,1776625433.396702,105.67,Game,1,Predictable,96.94,0,,,5,,,130,Sound,,,
0,FORT,2,1,1776625433.396702,105.68,Game,1,Predictable,96.95,0,,,5,,,130,Sound,,,
0,FORT,2,1,1776625433.396702,105.69,Game,1,Predictable,96.96,0,,,5,,,130,Sound,,,
0,FORT,2,1,1776625433.396702,105.71,Game,1,Predictable,96.97,0,,,5,,,130,Sound,,,
0,FORT,2,1,1776625433.396702,105.72,Game,1,Predictable,96.99,0,,,5,,,130,Sound,,,
0,FORT,2,1,1776625433.396702,105.73,Game,1,Predictable,97.0,0,,,5,,,130,Sound,,,
0,FORT,2,1,1776625433.396702,105.74,Game,1,Predictable,97.01,0,,,5,,,130,Sound,,,
0,FORT,2,1,1776625433.396702,105.76,Game,1,Predictable,97.02,0,,,5,,,130,Sound,,,
0,FORT,2,1,1776625433.396702,105.77,Game,1,Predictable,97.04,0,,,5,,,130,Sound,,,
0,FORT,2,1,1776625433.396702,105.78,Game,1,Predictable,97.05,0,,,5,,,130,Sound,,,
0,FORT,2,1,1776625433.396702,105.79,Game,1,Predictable,97.06,0,,,5,,,130,Sound,,,
0,FORT,2,1,1776625433.396702,105.81,Game,1,Predictable,97.07,0,,,5,,,130,Sound,,,
0,FORT,2,1,1776625433.396702,105.82,Game,1,Predictable,97.09,0,,,5,,,130,Sound,,,
0,FORT,2,1,1776625433.396702,105.83,Game,1,Predictable,97.1,0,,,5,,,130,Sound,,,
0,FORT,2,1,1776625433.396702,105.84,Game,1,Predictable,97.11,0,,,5,,,130,Sound,,,
0,FORT,2,1,1776625433.396702,105.86,Game,1,Predictable,97.13,0,,,5,,,130,Sound,,,
0,FORT,2,1,1776625433.396702,105.88,Game,1,Predictable,97.14,0,,,5,,,130,Sound,,,
0,FORT,2,1,1776625433.396702,105.89,Game,1,Predictable,97.16,0,,,5,,,130,Sound,,,
0,FORT,2,1,1776625433.396702,105.9,Game,1,Predictable,97.17,0,,,5,,,130,Sound,,,
0,FORT,2,1,1776625433.396702,105.91,Game,1,Predictable,97.18,0,,,5,,,130,Sound,,,
0,FORT,2,1,1776625433.396702,105.93,Game,1,Predictable,97.19,0,,,5,,,130,Sound,,,
0,FORT,2,1,1776625433.396702,105.94,Game,1,Predictable,97.21,0,,,5,,,130,Sound,,,
0,FORT,2,1,1776625433.396702,105.95,Game,1,Predictable,97.22,0,,,5,,,130,Sound,,,
0,FORT,2,1,1776625433.396702,105.96,Game,1,Predictable,97.23,0,,,5,,,130,Sound,,,
0,FORT,2,1,1776625433.396702,105.98,Game,1,Predictable,97.24,0,,,5,,,130,Sound,,,
0,FORT,2,1,1776625433.396702,105.99,Game,1,Predictable,97.26,0,,,5,,,130,Sound,,,
0,FORT,2,1,1776625433.396702,106.0,Game,1,Predictable,97.27,0,,,5,,,130,Sound,,,
0,FORT,2,1,1776625433.396702,106.01,Game,1,Predictable,97.28,0,,,5,,,130,Sound,,,
0,FORT,2,1,1776625433.396702,106.03,Game,1,Predictable,97.29,0,,,5,,,130,Sound,,,
0,FORT,2,1,1776625433.396702,106.04,Game,1,Predictable,97.31,0,,,5,,,130,Sound,,,
0,FORT,2,1,1776625433.396702,106.05,Game,1,Predictable,97.32,0,,,5,,,130,Sound,,,
0,FORT,2,1,1776625433.396702,106.06,Game,1,Predictable,97.33,0,,,5,,,130,Sound,,,
0,FORT,2,1,1776625433.396702,106.08,Game,1,Predictable,97.34,0,,,5,,,130,Sound,,,
0,FORT,2,1,1776625433.396702,106.09,Game,1,Predictable,97.36,0,,,5,,,130,Sound,,,
0,FORT,2,1,1776625433.396702,106.1,Game,1,Predictable,97.37,0,,,5,,,130,Sound,,,
0,FORT,2,1,1776625433.396702,106.11,Game,1,Predictable,97.38,0,,,5,,,130,Sound,,,
0,FORT,2,1,1776625433.396702,106.13,Game,1,Predictable,97.39,0,,,5,,,130,Sound,,,
0,FORT,2,1,1776625433.396702,106.14,Game,1,Predictable,97.41,0,,,5,,,130,Sound,,,
0,FORT,2,1,1776625433.396702,106.15,Game,1,Predictable,97.42,0,,,5,,,130,Sound,,,
0,FORT,2,1,1776625433.396702,106.16,Game,1,Predictable,97.43,0,,,5,,,130,Sound,,,
0,FORT,2,1,1776625433.396702,106.18,Game,1,Predictable,97.44,0,,,5,,,130,Sound,,,
0,FORT,2,1,1776625433.396702,106.19,Game,1,Predictable,97.46,0,,,5,,,130,Sound,,,
0,FORT,2,1,1776625433.396702,106.2,Game,1,Predictable,97.47,0,,,5,,,130,Sound,,,
0,FORT,2,1,1776625433.396702,106.21,Game,1,Predictable,97.48,0,,,5,,,130,Sound,,,
0,FORT,2,1,1776625433.396702,106.23,Game,1,Predictable,97.49,0,,,5,,,130,Sound,,,
0,FORT,2,1,1776625433.396702,106.24,Game,1,Predictable,97.51,0,,,5,,,130,Sound,,,
0,FORT,2,1,1776625433.396702,106.25,Game,1,Predictable,97.52,0,,,5,,,130,Sound,,,
0,FORT,2,1,1776625433.396702,106.26,Game,1,Predictable,97.53,0,,,5,,,130,Sound,,,
0,FORT,2,1,1776625433.396702,106.28,Game,1,Predictable,97.54,0,,,5,,,130,Sound,,,
0,FORT,2,1,1776625433.396702,106.29,Game,1,Predictable,97.56,0,,,5,,,130,Sound,,,
0,FORT,2,1,1776625433.396702,106.3,Game,1,Predictable,97.57,0,,,5,,,130,Sound,,,
0,FORT,2,1,1776625433.396702,106.31,Game,1,Predictable,97.58,0,,,5,,,130,Sound,,,
0,FORT,2,1,1776625433.396702,106.33,Game,1,Predictable,97.59,0,,,5,,,130,Sound,,,
0,FORT,2,1,1776625433.396702,106.34,Game,1,Predictable,97.61,0,,,5,,,130,Sound,,,
0,FORT,2,1,1776625433.396702,106.35,Game,1,Predictable,97.62,0,,,5,,,130,Sound,,,
0,FORT,2,1,1776625433.396702,106.36,Game,1,Predictable,97.63,0,,,5,,,130,Sound,,,
0,FORT,2,1,1776625433.396702,106.38,Game,1,Predictable,97.64,0,,,5,,,130,Sound,,,
0,FORT,2,1,1776625433.396702,106.39,Game,1,Predictable,97.66,0,,,5,,,130,Sound,,,
0,FORT,2,1,1776625433.396702,106.4,Game,1,Predictable,97.67,0,,,5,,,130,Sound,,,
0,FORT,2,1,1776625433.396702,106.41,Game,1,Predictable,97.68,0,,,5,,,130,Sound,,,
0,FORT,2,1,1776625433.396702,106.42,Game,1,Predictable,97.69,0,,,5,,,130,Sound,,,
0,FORT,2,1,1776625433.396702,106.44,Game,1,Predictable,97.71,0,,,5,,,130,Sound,,,
0,FORT,2,1,1776625433.396702,106.45,Game,1,Predictable,97.72,0,,,5,,,130,Sound,,,
0,FORT,2,1,1776625433.396702,106.46,Game,1,Predictable,97.73,0,,,5,,,130,Sound,,,
0,FORT,2,1,1776625433.396702,106.48,Game,1,Predictable,97.74,0,,,5,,,130,Sound,,,
0,FORT,2,1,1776625433.396702,106.49,Game,1,Predictable,97.76,0,,,5,,,130,Sound,,,
0,FORT,2,1,1776625433.396702,106.5,Game,1,Predictable,97.77,0,,,5,,,130,Sound,,,
0,FORT,2,1,1776625433.396702,106.51,Game,1,Predictable,97.78,0,,,5,,,130,Sound,,,
0,FORT,2,1,1776625433.396702,106.53,Game,1,Predictable,97.79,0,,,5,,,130,Sound,,,
0,FORT,2,1,1776625433.396702,106.54,Game,1,Predictable,97.81,0,,,5,,,130,Sound,,,
0,FORT,2,1,1776625433.396702,106.55,Game,1,Predictable,97.82,0,,,5,,,130,Sound,,,
0,FORT,2,1,1776625433.396702,106.56,Game,1,Predictable,97.83,0,,,5,,,130,Sound,,,
0,FORT,2,1,1776625433.396702,106.58,Game,1,Predictable,97.84,0,,,5,,,130,Sound,,,
0,FORT,2,1,1776625433.396702,106.59,Game,1,Predictable,97.86,0,,,5,,,130,Sound,,,
0,FORT,2,1,1776625433.396702,106.6,Game,1,Predictable,97.87,0,,,5,,,130,Sound,,,
0,FORT,2,1,1776625433.396702,106.61,Game,1,Predictable,97.88,0,,,5,,,130,Sound,,,
0,FORT,2,1,1776625433.396702,106.63,Game,1,Predictable,97.89,0,,,5,,,130,Sound,,,
0,FORT,2,1,1776625433.396702,106.64,Game,1,Predictable,97.91,0,,,5,,,130,Sound,,,
0,FORT,2,1,1776625433.396702,106.65,Game,1,Predictable,97.92,0,,,5,,,130,Sound,,,
0,FORT,2,1,1776625433.396702,106.66,Game,1,Predictable,97.93,0,,,5,,,130,Sound,,,
0,FORT,2,1,1776625433.396702,106.68,Game,1,Predictable,97.94,0,,,5,,,130,Sound,,,
0,FORT,2,1,1776625433.396702,106.69,Game,1,Predictable,97.96,0,,,5,,,130,Sound,,,
0,FORT,2,1,1776625433.396702,106.7,Game,1,Predictable,97.97,0,,,5,,,130,Sound,,,
0,FORT,2,1,1776625433.396702,106.71,Game,1,Predictable,97.98,0,,,5,,,130,Sound,,,
0,FORT,2,1,1776625433.396702,106.73,Game,1,Predictable,97.99,0,,,5,,,130,Sound,,,
0,FORT,2,1,1776625433.396702,106.74,Game,1,Predictable,98.01,0,,,5,,,130,Sound,,,
0,FORT,2,1,1776625433.396702,106.75,Game,1,Predictable,98.02,0,,,5,,,130,Sound,,,
0,FORT,2,1,1776625433.396702,106.76,Game,1,Predictable,98.03,0,,,5,,,130,Sound,,,
0,FORT,2,1,1776625433.396702,106.78,Game,1,Predictable,98.04,0,,,5,,,130,Sound,,,
0,FORT,2,1,1776625433.396702,106.79,Game,1,Predictable,98.06,0,,,5,,,130,Sound,,,
0,FORT,2,1,1776625433.396702,106.8,Game,1,Predictable,98.07,0,,,5,,,130,Sound,,,
0,FORT,2,1,1776625433.396702,106.81,Game,1,Predictable,98.08,0,,,5,,,130,Sound,,,
0,FORT,2,1,1776625433.396702,106.83,Game,1,Predictable,98.09,0,,,5,,,130,Sound,,,
0,FORT,2,1,1776625433.396702,106.84,Game,1,Predictable,98.11,0,,,5,,,130,Sound,,,
0,FORT,2,1,1776625433.396702,106.85,Game,1,Predictable,98.12,0,,,5,,,130,Sound,,,
0,FORT,2,1,1776625433.396702,106.86,Game,1,Predictable,98.13,0,,,5,,,130,Sound,,,
0,FORT,2,1,1776625433.396702,106.88,Game,1,Predictable,98.14,0,,,5,,,130,Sound,,,
0,FORT,2,1,1776625433.396702,106.89,Game,1,Predictable,98.16,0,,,5,,,130,Sound,,,
0,FORT,2,1,1776625433.396702,106.9,Game,1,Predictable,98.17,0,,,5,,,130,Sound,,,
0,FORT,2,1,1776625433.396702,106.91,Game,1,Predictable,98.18,0,,,5,,,130,Sound,,,
0,FORT,2,1,1776625433.396702,106.93,Game,1,Predictable,98.19,0,,,5,,,130,Sound,,,
0,FORT,2,1,1776625433.396702,106.94,Game,1,Predictable,98.21,0,,,5,,,130,Sound,,,
0,FORT,2,1,1776625433.396702,106.95,Game,1,Predictable,98.22,0,,,5,,,130,Sound,,,
0,FORT,2,1,1776625433.396702,106.96,Game,1,Predictable,98.23,0,,,5,,,130,Sound,,,
0,FORT,2,1,1776625433.396702,106.98,Game,1,Predictable,98.24,0,,,5,,,130,Sound,,,
0,FORT,2,1,1776625433.396702,106.99,Game,1,Predictable,98.26,0,,,5,,,130,Sound,,,
0,FORT,2,1,1776625433.396702,107.0,Game,1,Predictable,98.27,0,,,5,,,130,Sound,,,
0,FORT,2,1,1776625433.396702,107.01,Game,1,Predictable,98.28,0,,,5,,,130,Sound,,,
0,FORT,2,1,1776625433.396702,107.03,Game,1,Predictable,98.29,0,,,5,,,130,Sound,,,
0,FORT,2,1,1776625433.396702,107.04,Game,1,Predictable,98.31,0,,,5,,,130,Sound,,,
0,FORT,2,1,1776625433.396702,107.05,Game,1,Predictable,98.32,0,,,5,,,130,Sound,,,
0,FORT,2,1,1776625433.396702,107.06,Game,1,Predictable,98.33,0,,,5,,,130,Sound,,,
0,FORT,2,1,1776625433.396702,107.08,Game,1,Predictable,98.34,0,,,5,,,130,Sound,,,
0,FORT,2,1,1776625433.396702,107.09,Game,1,Predictable,98.36,0,,,5,,,130,Sound,,,
0,FORT,2,1,1776625433.396702,107.1,Game,1,Predictable,98.37,0,,,5,,,130,Sound,,,
0,FORT,2,1,1776625433.396702,107.11,Game,1,Predictable,98.38,0,,,5,,,130,Sound,,,
0,FORT,2,1,1776625433.396702,107.13,Game,1,Predictable,98.39,0,,,5,,,130,Sound,,,
0,FORT,2,1,1776625433.396702,107.14,Game,1,Predictable,98.41,0,,,5,,,130,Sound,,,
0,FORT,2,1,1776625433.396702,107.15,Game,1,Predictable,98.42,0,,,5,,,130,Sound,,,
0,FORT,2,1,1776625433.396702,107.16,Game,1,Predictable,98.43,0,,,5,,,130,Sound,,,
0,FORT,2,1,1776625433.396702,107.18,Game,1,Predictable,98.44,0,,,5,,,130,Sound,,,
0,FORT,2,1,1776625433.396702,107.19,Game,1,Predictable,98.46,0,,,5,,,130,Sound,,,
0,FORT,2,1,1776625433.396702,107.2,Game,1,Predictable,98.47,0,,,5,,,130,Sound,,,
0,FORT,2,1,1776625433.396702,107.21,Game,1,Predictable,98.48,0,,,5,,,130,Sound,,,
0,FORT,2,1,1776625433.396702,107.23,Game,1,Predictable,98.49,0,,,5,,,130,Sound,,,
0,FORT,2,1,1776625433.396702,107.24,Game,1,Predictable,98.51,0,,,5,,,130,Sound,,,
0,FORT,2,1,1776625433.396702,107.25,Game,1,Predictable,98.52,0,,,5,,,130,Sound,,,
0,FORT,2,1,1776625433.396702,107.26,Game,1,Predictable,98.53,0,,,5,,,130,Sound,,,
0,FORT,2,1,1776625433.396702,107.28,Game,1,Predictable,98.55,0,,,5,,,130,Sound,,,
0,FORT,2,1,1776625433.396702,107.29,Game,1,Predictable,98.56,0,,,5,,,130,Sound,,,
0,FORT,2,1,1776625433.396702,107.3,Game,1,Predictable,98.57,0,,,5,,,130,Sound,,,
0,FORT,2,1,1776625433.396702,107.31,Game,1,Predictable,98.58,0,,,5,,,130,Sound,,,
0,FORT,2,1,1776625433.396702,107.33,Game,1,Predictable,98.59,0,,,5,,,130,Sound,,,
0,FORT,2,1,1776625433.396702,107.34,Game,1,Predictable,98.61,0,,,5,,,130,Sound,,,
0,FORT,2,1,1776625433.396702,107.35,Game,1,Predictable,98.62,0,,,5,,,130,Sound,,,
0,FORT,2,1,1776625433.396702,107.36,Game,1,Predictable,98.63,0,,,5,,,130,Sound,,,
0,FORT,2,1,1776625433.396702,107.38,Game,1,Predictable,98.64,0,,,5,,,130,Sound,,,
0,FORT,2,1,1776625433.396702,107.39,Game,1,Predictable,98.66,0,,,5,,,130,Sound,,,
0,FORT,2,1,1776625433.396702,107.4,Game,1,Predictable,98.67,0,,,5,,,130,Sound,,,
0,FORT,2,1,1776625433.396702,107.41,Game,1,Predictable,98.68,0,,,5,,,130,Sound,,,
0,FORT,2,1,1776625433.396702,107.43,Game,1,Predictable,98.69,0,,,5,,,130,Sound,,,
0,FORT,2,1,1776625433.396702,107.44,Game,1,Predictable,98.71,0,,,5,,,130,Sound,,,
0,FORT,2,1,1776625433.396702,107.45,Game,1,Predictable,98.72,0,,,5,,,130,Sound,,,
0,FORT,2,1,1776625433.396702,107.46,Game,1,Predictable,98.73,0,,,5,,,130,Sound,,,
0,FORT,2,1,1776625433.396702,107.48,Game,1,Predictable,98.74,0,,,5,,,130,Sound,,,
0,FORT,2,1,1776625433.396702,107.49,Game,1,Predictable,98.76,0,,,5,,,130,Sound,,,
0,FORT,2,1,1776625433.396702,107.5,Game,1,Predictable,98.77,0,,,5,,,130,Sound,,,
0,FORT,2,1,1776625433.396702,107.51,Game,1,Predictable,98.78,0,,,5,,,130,Sound,,,
0,FORT,2,1,1776625433.396702,107.53,Game,1,Predictable,98.79,0,,,5,,,130,Sound,,,
0,FORT,2,1,1776625433.396702,107.54,Game,1,Predictable,98.81,0,,,5,,,130,Sound,,,
0,FORT,2,1,1776625433.396702,107.55,Game,1,Predictable,98.82,0,,,5,,,130,Sound,,,
0,FORT,2,1,1776625433.396702,107.56,Game,1,Predictable,98.83,0,,,5,,,130,Sound,,,
0,FORT,2,1,1776625433.396702,107.58,Game,1,Predictable,98.84,0,,,5,,,130,Sound,,,
0,FORT,2,1,1776625433.396702,107.59,Game,1,Predictable,98.86,0,,,5,,,130,Sound,,,
0,FORT,2,1,1776625433.396702,107.6,Game,1,Predictable,98.87,0,,,5,,,130,Sound,,,
0,FORT,2,1,1776625433.396702,107.61,Game,1,Predictable,98.88,0,,,5,,,130,Sound,,,
0,FORT,2,1,1776625433.396702,107.63,Game,1,Predictable,98.89,0,,,5,,,130,Sound,,,
0,FORT,2,1,1776625433.396702,107.64,Game,1,Predictable,98.91,0,,,5,,,130,Sound,,,
0,FORT,2,1,1776625433.396702,107.65,Game,1,Predictable,98.92,0,,,5,,,130,Sound,,,
0,FORT,2,1,1776625433.396702,107.66,Game,1,Predictable,98.93,0,,,5,,,130,Sound,,,
0,FORT,2,1,1776625433.396702,107.67,Game,1,Predictable,98.94,0,,,5,,,130,Sound,,,
0,FORT,2,1,1776625433.396702,107.69,Game,1,Predictable,98.96,0,,,5,,,130,Sound,,,
0,FORT,2,1,1776625433.396702,107.7,Game,1,Predictable,98.97,0,,,5,,,130,Sound,,,
0,FORT,2,1,1776625433.396702,107.71,Game,1,Predictable,98.98,0,,,5,,,130,Sound,,,
0,FORT,2,1,1776625433.396702,107.73,Game,1,Predictable,98.99,0,,,5,,,130,Sound,,,
0,FORT,2,1,1776625433.396702,107.74,Game,1,Predictable,99.01,0,,,5,,,130,Sound,,,
0,FORT,2,1,1776625433.396702,107.75,Game,1,Predictable,99.02,0,,,5,,,130,Sound,,,
0,FORT,2,1,1776625433.396702,107.76,Game,1,Predictable,99.03,0,,,5,,,130,Sound,,,
0,FORT,2,1,1776625433.396702,107.78,Game,1,Predictable,99.04,0,,,5,,,130,Sound,,,
0,FORT,2,1,1776625433.396702,107.79,Game,1,Predictable,99.06,0,,,5,,,130,Sound,,,
0,FORT,2,1,1776625433.396702,107.8,Game,1,Predictable,99.07,0,,,5,,,130,Sound,,,
0,FORT,2,1,1776625433.396702,107.81,Game,1,Predictable,99.08,0,,,5,,,130,Sound,,,
0,FORT,2,1,1776625433.396702,107.83,Game,1,Predictable,99.09,0,,,5,,,130,Sound,,,
0,FORT,2,1,1776625433.396702,107.84,Game,1,Predictable,99.11,0,,,5,,,130,Sound,,,
0,FORT,2,1,1776625433.396702,107.85,Game,1,Predictable,99.12,0,,,5,,,130,Sound,,,
0,FORT,2,1,1776625433.396702,107.86,Game,1,Predictable,99.13,0,,,5,,,130,Sound,,,
0,FORT,2,1,1776625433.396702,107.88,Game,1,Predictable,99.14,0,,,5,,,130,Sound,,,
0,FORT,2,1,1776625433.396702,107.89,Game,1,Predictable,99.16,0,,,5,,,130,Sound,,,
0,FORT,2,1,1776625433.396702,107.9,Game,1,Predictable,99.17,0,,,5,,,130,Sound,,,
0,FORT,2,1,1776625433.396702,107.91,Game,1,Predictable,99.18,0,,,5,,,130,Sound,,,
0,FORT,2,1,1776625433.396702,107.93,Game,1,Predictable,99.2,0,,,5,,,130,Sound,,,
0,FORT,2,1,1776625433.396702,107.94,Game,1,Predictable,99.21,0,,,5,,,130,Sound,,,
0,FORT,2,1,1776625433.396702,107.95,Game,1,Predictable,99.22,0,,,5,,,130,Sound,,,
0,FORT,2,1,1776625433.396702,107.96,Game,1,Predictable,99.23,0,,,5,,,130,Sound,,,
0,FORT,2,1,1776625433.396702,107.98,Game,1,Predictable,99.24,0,,,5,,,130,Sound,,,
0,FORT,2,1,1776625433.396702,107.99,Game,1,Predictable,99.26,0,,,5,,,130,Sound,,,
0,FORT,2,1,1776625433.396702,108.0,Game,1,Predictable,99.27,0,,,5,,,130,Sound,,,
0,FORT,2,1,1776625433.396702,108.01,Game,1,Predictable,99.28,0,,,5,,,130,Sound,,,
0,FORT,2,1,1776625433.396702,108.03,Game,1,Predictable,99.29,0,,,5,,,130,Sound,,,
0,FORT,2,1,1776625433.396702,108.04,Game,1,Predictable,99.31,0,,,5,,,130,Sound,,,
0,FORT,2,1,1776625433.396702,108.05,Game,1,Predictable,99.32,0,,,5,,,130,Sound,,,
0,FORT,2,1,1776625433.396702,108.06,Game,1,Predictable,99.33,0,,,5,,,130,Sound,,,
0,FORT,2,1,1776625433.396702,108.08,Game,1,Predictable,99.34,0,,,5,,,130,Sound,,,
0,FORT,2,1,1776625433.396702,108.09,Game,1,Predictable,99.36,0,,,5,,,130,Sound,,,
0,FORT,2,1,1776625433.396702,108.1,Game,1,Predictable,99.37,0,,,5,,,130,Sound,,,
0,FORT,2,1,1776625433.396702,108.11,Game,1,Predictable,99.38,0,,,5,,,130,Sound,,,
0,FORT,2,1,1776625433.396702,108.13,Game,1,Predictable,99.39,0,,,5,,,130,Sound,,,
0,FORT,2,1,1776625433.396702,108.14,Game,1,Predictable,99.41,0,,,5,,,130,Sound,,,
0,FORT,2,1,1776625433.396702,108.15,Game,1,Predictable,99.42,0,,,5,,,130,Sound,,,
0,FORT,2,1,1776625433.396702,108.16,Game,1,Predictable,99.43,0,,,5,,,130,Sound,,,
0,FORT,2,1,1776625433.396702,108.18,Game,1,Predictable,99.44,0,,,5,,,130,Sound,,,
0,FORT,2,1,1776625433.396702,108.19,Game,1,Predictable,99.46,0,,,5,,,130,Sound,,,
0,FORT,2,1,1776625433.396702,108.2,Game,1,Predictable,99.47,0,,,5,,,130,Sound,,,
0,FORT,2,1,1776625433.396702,108.21,Game,1,Predictable,99.48,0,,,5,,,130,Sound,,,
0,FORT,2,1,1776625433.396702,108.23,Game,1,Predictable,99.49,0,,,5,,,130,Sound,,,
0,FORT,2,1,1776625433.396702,108.24,Game,1,Predictable,99.51,0,,,5,,,130,Sound,,,
0,FORT,2,1,1776625433.396702,108.25,Game,1,Predictable,99.52,0,,,5,,,130,Sound,,,
0,FORT,2,1,1776625433.396702,108.26,Game,1,Predictable,99.53,0,,,5,,,130,Sound,,,
0,FORT,2,1,1776625433.396702,108.28,Game,1,Predictable,99.54,0,,,5,,,130,Sound,,,
0,FORT,2,1,1776625433.396702,108.29,Game,1,Predictable,99.56,0,,,5,,,130,Sound,,,
0,FORT,2,1,1776625433.396702,108.3,Game,1,Predictable,99.57,0,,,5,,,130,Sound,,,
0,FORT,2,1,1776625433.396702,108.31,Game,1,Predictable,99.58,0,,,5,,,130,Sound,,,
0,FORT,2,1,1776625433.396702,108.33,Game,1,Predictable,99.59,0,,,5,,,130,Sound,,,
0,FORT,2,1,1776625433.396702,108.34,Game,1,Predictable,99.61,0,,,5,,,130,Sound,,,
0,FORT,2,1,1776625433.396702,108.35,Game,1,Predictable,99.62,0,,,5,,,130,Sound,,,
0,FORT,2,1,1776625433.396702,108.36,Game,1,Predictable,99.63,0,,,5,,,130,Sound,,,
0,FORT,2,1,1776625433.396702,108.38,Game,1,Predictable,99.64,0,,,5,,,130,Sound,,,
0,FORT,2,1,1776625433.396702,108.39,Game,1,Predictable,99.66,0,,,5,,,130,Sound,,,
0,FORT,2,1,1776625433.396702,108.4,Game,1,Predictable,99.67,0,,,5,,,130,Sound,,,
0,FORT,2,1,1776625433.396702,108.41,Game,1,Predictable,99.68,0,,,5,,,130,Sound,,,
0,FORT,2,1,1776625433.396702,108.43,Game,1,Predictable,99.69,0,,,5,,,130,Sound,,,
0,FORT,2,1,1776625433.396702,108.44,Game,1,Predictable,99.71,0,,,5,,,130,Sound,,,
0,FORT,2,1,1776625433.396702,108.45,Game,1,Predictable,99.72,0,,,5,,,130,Sound,,,
0,FORT,2,1,1776625433.396702,108.46,Game,1,Predictable,99.73,0,,,5,,,130,Sound,,,
0,FORT,2,1,1776625433.396702,108.48,Game,1,Predictable,99.74,0,,,5,,,130,Sound,,,
0,FORT,2,1,1776625433.396702,108.49,Game,1,Predictable,99.76,0,,,5,,,130,Sound,,,
0,FORT,2,1,1776625433.396702,108.5,Game,1,Predictable,99.77,0,,,5,,,130,Sound,,,
0,FORT,2,1,1776625433.396702,108.51,Game,1,Predictable,99.78,0,,,5,,,130,Sound,,,
0,FORT,2,1,1776625433.396702,108.53,Game,1,Predictable,99.79,0,,,5,,,130,Sound,,,
0,FORT,2,1,1776625433.396702,108.54,Game,1,Predictable,99.81,0,,,5,,,130,Sound,,,
0,FORT,2,1,1776625433.396702,108.55,Game,1,Predictable,99.82,0,,,5,,,130,Sound,,,
0,FORT,2,1,1776625433.396702,108.56,Game,1,Predictable,99.83,0,,,5,,,130,Sound,,,
0,FORT,2,1,1776625433.396702,108.58,Game,1,Predictable,99.84,0,,,5,,,130,Sound,,,
0,FORT,2,1,1776625433.396702,108.59,Game,1,Predictable,99.86,0,,,5,,,130,Sound,,,
0,FORT,2,1,1776625433.396702,108.6,Game,1,Predictable,99.87,0,,,5,,,130,Sound,,,
0,FORT,2,1,1776625433.396702,108.61,Game,1,Predictable,99.88,0,,,5,,,130,Sound,,,
0,FORT,2,1,1776625433.396702,108.63,Game,1,Predictable,99.89,0,,,5,,,130,Sound,,,
0,FORT,2,1,1776625433.396702,108.64,Game,1,Predictable,99.91,0,,,5,,,130,Sound,,,
0,FORT,2,1,1776625433.396702,108.65,Game,1,Predictable,99.92,0,,,5,,,130,Sound,,,
0,FORT,2,1,1776625433.396702,108.66,Game,1,Predictable,99.93,0,,,5,,,130,Sound,,,
0,FORT,2,1,1776625433.396702,108.68,Game,1,Predictable,99.94,0,,,5,,,130,Sound,,,
0,FORT,2,1,1776625433.396702,108.69,Game,1,Predictable,99.96,0,,,5,,,130,Sound,,,
0,FORT,2,1,1776625433.396702,108.7,Game,1,Predictable,99.97,0,,,5,,,130,Sound,,,
0,FORT,2,1,1776625433.396702,108.71,Game,1,Predictable,99.98,0,,,5,,,130,Sound,,,
0,FORT,2,1,1776625433.396702,108.73,Game,1,Predictable,99.99,0,,,5,,,130,Sound,,,
0,FORT,2,1,1776625433.396702,108.74,Game,1,Predictable,100.01,0,,,5,,,130,Sound,,,
0,FORT,2,1,1776625433.396702,108.75,Game,1,Predictable,100.02,0,,,5,,,130,Sound,,,
0,FORT,2,1,1776625433.396702,108.76,Game,1,Predictable,100.03,0,,,5,,,130,Sound,,,
0,FORT,2,1,1776625433.396702,108.78,Game,1,Predictable,100.04,0,,,5,,,130,Sound,,,
0,FORT,2,1,1776625433.396702,108.79,Game,1,Predictable,100.06,0,,,5,,,130,Sound,,,
0,FORT,2,1,1776625433.396702,108.8,Game,1,Predictable,100.07,0,,,5,,,130,Sound,,,
0,FORT,2,1,1776625433.396702,108.81,Game,1,Predictable,100.08,0,,,5,,,130,Sound,,,
0,FORT,2,1,1776625433.396702,108.82,Game,1,Predictable,100.09,0,,,5,,,130,Sound,,,
0,FORT,2,1,1776625433.396702,108.84,Game,1,Predictable,100.11,0,,,5,,,130,Sound,,,
0,FORT,2,1,1776625433.396702,108.85,Game,1,Predictable,100.12,0,,,5,,,130,Sound,,,
0,FORT,2,1,1776625433.396702,108.86,Game,1,Predictable,100.13,0,,,5,,,130,Sound,,,
0,FORT,2,1,1776625433.396702,108.88,Game,1,Predictable,100.14,0,,,5,,,130,Sound,,,
0,FORT,2,1,1776625433.396702,108.89,Game,1,Predictable,100.16,0,,,5,,,130,Sound,,,
0,FORT,2,1,1776625433.396702,108.9,Game,1,Predictable,100.17,0,,,5,,,130,Sound,,,
0,FORT,2,1,1776625433.396702,108.91,Game,1,Predictable,100.18,0,,,5,,,130,Sound,,,
0,FORT,2,1,1776625433.396702,108.93,Game,1,Predictable,100.19,0,,,5,,,130,Sound,,,
0,FORT,2,1,1776625433.396702,108.94,Game,1,Predictable,100.21,0,,,5,,,130,Sound,,,
0,FORT,2,1,1776625433.396702,108.95,Game,1,Predictable,100.22,0,,,5,,,130,Sound,,,
0,FORT,2,1,1776625433.396702,108.96,Game,1,Predictable,100.23,0,,,5,,,130,Sound,,,
0,FORT,2,1,1776625433.396702,108.98,Game,1,Predictable,100.24,0,,,5,,,130,Sound,,,
0,FORT,2,1,1776625433.396702,108.99,Game,1,Predictable,100.26,0,,,5,,,130,Sound,,,
0,FORT,2,1,1776625433.396702,109.0,Game,1,Predictable,100.27,0,,,5,,,130,Sound,,,
0,FORT,2,1,1776625433.396702,109.01,Game,1,Predictable,100.28,0,,,5,,,130,Sound,,,
0,FORT,2,1,1776625433.396702,109.03,Game,1,Predictable,100.29,0,,,5,,,130,Sound,,,
0,FORT,2,1,1776625433.396702,109.04,Game,1,Predictable,100.31,0,,,5,,,130,Sound,,,
0,FORT,2,1,1776625433.396702,109.05,Game,1,Predictable,100.32,0,,,5,,,130,Sound,,,
0,FORT,2,1,1776625433.396702,109.06,Game,1,Predictable,100.33,0,,,5,,,130,Sound,,,
0,FORT,2,1,1776625433.396702,109.07,Game,1,Predictable,100.34,0,,,5,,,130,Sound,,,
0,FORT,2,1,1776625433.396702,109.09,Game,1,Predictable,100.36,0,,,5,,,130,Sound,,,
0,FORT,2,1,1776625433.396702,109.1,Game,1,Predictable,100.37,0,,,5,,,130,Sound,,,
0,FORT,2,1,1776625433.396702,109.11,Game,1,Predictable,100.38,0,,,5,,,130,Sound,,,
0,FORT,2,1,1776625433.396702,109.13,Game,1,Predictable,100.39,0,,,5,,,130,Sound,,,
0,FORT,2,1,1776625433.396702,109.14,Game,1,Predictable,100.41,0,,,5,,,130,Sound,,,
0,FORT,2,1,1776625433.396702,109.15,Game,1,Predictable,100.42,0,,,5,,,130,Sound,,,
0,FORT,2,1,1776625433.396702,109.16,Game,1,Predictable,100.43,0,,,5,,,130,Sound,,,
0,FORT,2,1,1776625433.396702,109.17,Game,1,Predictable,100.44,0,,,5,,,130,Sound,,,
0,FORT,2,1,1776625433.396702,109.19,Game,1,Predictable,100.46,0,,,5,,,130,Sound,,,
0,FORT,2,1,1776625433.396702,109.2,Game,1,Predictable,100.47,0,,,5,,,130,Sound,,,
0,FORT,2,1,1776625433.396702,109.21,Game,1,Predictable,100.48,0,,,5,,,130,Sound,,,
0,FORT,2,1,1776625433.396702,109.23,Game,1,Predictable,100.49,0,,,5,,,130,Sound,,,
0,FORT,2,1,1776625433.396702,109.24,Game,1,Predictable,100.51,0,,,5,,,130,Sound,,,
0,FORT,2,1,1776625433.396702,109.25,Game,1,Predictable,100.52,0,,,5,,,130,Sound,,,
0,FORT,2,1,1776625433.396702,109.26,Game,1,Predictable,100.53,0,,,5,,,130,Sound,,,
0,FORT,2,1,1776625433.396702,109.27,Game,1,Predictable,100.54,0,,,5,,,130,Sound,,,
0,FORT,2,1,1776625433.396702,109.29,Game,1,Predictable,100.56,0,,,5,,,130,Sound,,,
0,FORT,2,1,1776625433.396702,109.3,Game,1,Predictable,100.57,0,,,5,,,130,Sound,,,
0,FORT,2,1,1776625433.396702,109.31,Game,1,Predictable,100.58,0,,,5,,,130,Sound,,,
0,FORT,2,1,1776625433.396702,109.33,Game,1,Predictable,100.59,0,,,5,,,130,Sound,,,
0,FORT,2,1,1776625433.396702,109.34,Game,1,Predictable,100.61,0,,,5,,,130,Sound,,,
0,FORT,2,1,1776625433.396702,109.35,Game,1,Predictable,100.62,0,,,5,,,130,Sound,,,
0,FORT,2,1,1776625433.396702,109.36,Game,1,Predictable,100.63,0,,,5,,,130,Sound,,,
0,FORT,2,1,1776625433.396702,109.37,Game,1,Predictable,100.64,0,,,5,,,130,Sound,,,
0,FORT,2,1,1776625433.396702,109.39,Game,1,Predictable,100.66,0,,,5,,,130,Sound,,,
0,FORT,2,1,1776625433.396702,109.4,Game,1,Predictable,100.67,0,,,5,,,130,Sound,,,
0,FORT,2,1,1776625433.396702,109.41,Game,1,Predictable,100.68,0,,,5,,,130,Sound,,,
0,FORT,2,1,1776625433.396702,109.43,Game,1,Predictable,100.69,0,,,5,,,130,Sound,,,
0,FORT,2,1,1776625433.396702,109.44,Game,1,Predictable,100.71,0,,,5,,,130,Sound,,,
0,FORT,2,1,1776625433.396702,109.45,Game,1,Predictable,100.72,0,,,5,,,130,Sound,,,
0,FORT,2,1,1776625433.396702,109.46,Game,1,Predictable,100.73,0,,,5,,,130,Sound,,,
0,FORT,2,1,1776625433.396702,109.48,Game,1,Predictable,100.74,0,,,5,,,130,Sound,,,
0,FORT,2,1,1776625433.396702,109.49,Game,1,Predictable,100.76,0,,,5,,,130,Sound,,,
0,FORT,2,1,1776625433.396702,109.5,Game,1,Predictable,100.77,0,,,5,,,130,Sound,,,
0,FORT,2,1,1776625433.396702,109.51,Game,1,Predictable,100.78,0,,,5,,,130,Sound,,,
0,FORT,2,1,1776625433.396702,109.53,Game,1,Predictable,100.79,0,,,5,,,130,Sound,,,
0,FORT,2,1,1776625433.396702,109.54,Game,1,Predictable,100.81,0,,,5,,,130,Sound,,,
0,FORT,2,1,1776625433.396702,109.55,Game,1,Predictable,100.82,0,,,5,,,130,Sound,,,
0,FORT,2,1,1776625433.396702,109.56,Game,1,Predictable,100.83,0,,,5,,,130,Sound,,,
0,FORT,2,1,1776625433.396702,109.58,Game,1,Predictable,100.84,0,,,5,,,130,Sound,,,
0,FORT,2,1,1776625433.396702,109.59,Game,1,Predictable,100.86,0,,,5,,,130,Sound,,,
0,FORT,2,1,1776625433.396702,109.6,Game,1,Predictable,100.87,0,,,5,,,130,Sound,,,
0,FORT,2,1,1776625433.396702,109.61,Game,1,Predictable,100.88,0,,,5,,,130,Sound,,,
0,FORT,2,1,1776625433.396702,109.63,Game,1,Predictable,100.89,0,,,5,,,130,Sound,,,
0,FORT,2,1,1776625433.396702,109.64,Game,1,Predictable,100.91,0,,,5,,,130,Sound,,,
0,FORT,2,1,1776625433.396702,109.65,Game,1,Predictable,100.92,0,,,5,,,130,Sound,,,
0,FORT,2,1,1776625433.396702,109.66,Game,1,Predictable,100.93,0,,,5,,,130,Sound,,,
0,FORT,2,1,1776625433.396702,109.68,Game,1,Predictable,100.94,0,,,5,,,130,Sound,,,
0,FORT,2,1,1776625433.396702,109.69,Game,1,Predictable,100.96,0,,,5,,,130,Sound,,,
0,FORT,2,1,1776625433.396702,109.7,Game,1,Predictable,100.97,0,,,5,,,130,Sound,,,
0,FORT,2,1,1776625433.396702,109.71,Game,1,Predictable,100.98,0,,,5,,,130,Sound,,,
0,FORT,2,1,1776625433.396702,109.73,Game,1,Predictable,100.99,0,,,5,,,130,Sound,,,
0,FORT,2,1,1776625433.396702,109.74,Game,1,Predictable,101.01,0,,,5,,,130,Sound,,,
0,FORT,2,1,1776625433.396702,109.75,Game,1,Predictable,101.02,0,,,5,,,130,Sound,,,
0,FORT,2,1,1776625433.396702,109.76,Game,1,Predictable,101.03,0,,,5,,,130,Sound,,,
0,FORT,2,1,1776625433.396702,109.77,Game,1,Predictable,101.04,0,,,5,,,130,Sound,,,
0,FORT,2,1,1776625433.396702,109.79,Game,1,Predictable,101.06,0,,,5,,,130,Sound,,,
0,FORT,2,1,1776625433.396702,109.8,Game,1,Predictable,101.07,0,,,5,,,130,Sound,,,
0,FORT,2,1,1776625433.396702,109.81,Game,1,Predictable,101.08,0,,,5,,,130,Sound,,,
0,FORT,2,1,1776625433.396702,109.83,Game,1,Predictable,101.09,0,,,5,,,130,Sound,,,
0,FORT,2,1,1776625433.396702,109.84,Game,1,Predictable,101.11,0,,,5,,,130,Sound,,,
0,FORT,2,1,1776625433.396702,109.85,Game,1,Predictable,101.12,0,,,5,,,130,Sound,,,
0,FORT,2,1,1776625433.396702,109.86,Game,1,Predictable,101.13,0,,,5,,,130,Sound,,,
0,FORT,2,1,1776625433.396702,109.88,Game,1,Predictable,101.14,0,,,5,,,130,Sound,,,
0,FORT,2,1,1776625433.396702,109.89,Game,1,Predictable,101.16,0,,,5,,,130,Sound,,,
0,FORT,2,1,1776625433.396702,109.9,Game,1,Predictable,101.17,0,,,5,,,130,Sound,,,
0,FORT,2,1,1776625433.396702,109.91,Game,1,Predictable,101.18,0,,,5,,,130,Sound,,,
0,FORT,2,1,1776625433.396702,109.93,Game,1,Predictable,101.19,0,,,5,,,130,Sound,,,
0,FORT,2,1,1776625433.396702,109.94,Game,1,Predictable,101.21,0,,,5,,,130,Sound,,,
0,FORT,2,1,1776625433.396702,109.95,Game,1,Predictable,101.22,0,,,5,,,130,Sound,,,
0,FORT,2,1,1776625433.396702,109.96,Game,1,Predictable,101.23,0,,,5,,,130,Sound,,,
0,FORT,2,1,1776625433.396702,109.98,Game,1,Predictable,101.24,0,,,5,,,130,Sound,,,
0,FORT,2,1,1776625433.396702,109.99,Game,1,Predictable,101.26,0,,,5,,,130,Sound,,,
0,FORT,2,1,1776625433.396702,110.0,Game,1,Predictable,101.27,0,,,5,,,130,Sound,,,
0,FORT,2,1,1776625433.396702,110.01,Game,1,Predictable,101.28,0,,,5,,,130,Sound,,,
0,FORT,2,1,1776625433.396702,110.03,Game,1,Predictable,101.29,0,,,5,,,130,Sound,,,
0,FORT,2,1,1776625433.396702,110.04,Game,1,Predictable,101.31,0,,,5,,,130,Sound,,,
0,FORT,2,1,1776625433.396702,110.05,Game,1,Predictable,101.32,0,,,5,,,130,Sound,,,
0,FORT,2,1,1776625433.396702,110.06,Game,1,Predictable,101.33,0,,,5,,,130,Sound,,,
0,FORT,2,1,1776625433.396702,110.08,Game,1,Predictable,101.34,0,,,5,,,130,Sound,,,
0,FORT,2,1,1776625433.396702,110.09,Game,1,Predictable,101.36,0,,,5,,,130,Sound,,,
0,FORT,2,1,1776625433.396702,110.1,Game,1,Predictable,101.37,0,,,5,,,130,Sound,,,
0,FORT,2,1,1776625433.396702,110.11,Game,1,Predictable,101.38,0,,,5,,,130,Sound,,,
0,FORT,2,1,1776625433.396702,110.13,Game,1,Predictable,101.39,0,,,5,,,130,Sound,,,
0,FORT,2,1,1776625433.396702,110.14,Game,1,Predictable,101.41,0,,,5,,,130,Sound,,,
0,FORT,2,1,1776625433.396702,110.15,Game,1,Predictable,101.42,0,,,5,,,130,Sound,,,
0,FORT,2,1,1776625433.396702,110.16,Game,1,Predictable,101.43,0,,,5,,,130,Sound,,,
0,FORT,2,1,1776625433.396702,110.18,Game,1,Predictable,101.44,0,,,5,,,130,Sound,,,
0,FORT,2,1,1776625433.396702,110.19,Game,1,Predictable,101.46,0,,,5,,,130,Sound,,,
0,FORT,2,1,1776625433.396702,110.2,Game,1,Predictable,101.47,0,,,5,,,130,Sound,,,
0,FORT,2,1,1776625433.396702,110.21,Game,1,Predictable,101.48,0,,,5,,,130,Sound,,,
0,FORT,2,1,1776625433.396702,110.23,Game,1,Predictable,101.49,0,,,5,,,130,Sound,,,
0,FORT,2,1,1776625433.396702,110.24,Game,1,Predictable,101.51,0,,,5,,,130,Sound,,,
0,FORT,2,1,1776625433.396702,110.25,Game,1,Predictable,101.52,0,,,5,,,130,Sound,,,
0,FORT,2,1,1776625433.396702,110.26,Game,1,Predictable,101.53,0,,,5,,,130,Sound,,,
0,FORT,2,1,1776625433.396702,110.27,Game,1,Predictable,101.54,0,,,5,,,130,Sound,,,
0,FORT,2,1,1776625433.396702,110.29,Game,1,Predictable,101.56,0,,,5,,,130,Sound,,,
0,FORT,2,1,1776625433.396702,110.3,Game,1,Predictable,101.57,0,,,5,,,130,Sound,,,
0,FORT,2,1,1776625433.396702,110.31,Game,1,Predictable,101.58,0,,,5,,,130,Sound,,,
0,FORT,2,1,1776625433.396702,110.33,Game,1,Predictable,101.59,0,,,5,,,130,Sound,,,
0,FORT,2,1,1776625433.396702,110.34,Game,1,Predictable,101.61,0,,,5,,,130,Sound,,,
0,FORT,2,1,1776625433.396702,110.35,Game,1,Predictable,101.62,0,,,5,,,130,Sound,,,
0,FORT,2,1,1776625433.396702,110.36,Game,1,Predictable,101.63,0,,,5,,,130,Sound,,,
0,FORT,2,1,1776625433.396702,110.38,Game,1,Predictable,101.64,0,,,5,,,130,Sound,,,
0,FORT,2,1,1776625433.396702,110.39,Game,1,Predictable,101.66,0,,,5,,,130,Sound,,,
0,FORT,2,1,1776625433.396702,110.4,Game,1,Predictable,101.67,0,,,5,,,130,Sound,,,
0,FORT,2,1,1776625433.396702,110.41,Game,1,Predictable,101.68,0,,,5,,,130,Sound,,,
0,FORT,2,1,1776625433.396702,110.43,Game,1,Predictable,101.69,0,,,5,,,130,Sound,,,
0,FORT,2,1,1776625433.396702,110.44,Game,1,Predictable,101.71,0,,,5,,,130,Sound,,,
0,FORT,2,1,1776625433.396702,110.45,Game,1,Predictable,101.72,0,,,5,,,130,Sound,,,
0,FORT,2,1,1776625433.396702,110.46,Game,1,Predictable,101.73,0,,,5,,,130,Sound,,,
0,FORT,2,1,1776625433.396702,110.47,Game,1,Predictable,101.74,0,,,5,,,130,Sound,,,
0,FORT,2,1,1776625433.396702,110.49,Game,1,Predictable,101.76,0,,,5,,,130,Sound,,,
0,FORT,2,1,1776625433.396702,110.5,Game,1,Predictable,101.77,0,,,5,,,130,Sound,,,
0,FORT,2,1,1776625433.396702,110.51,Game,1,Predictable,101.78,0,,,5,,,130,Sound,,,
0,FORT,2,1,1776625433.396702,110.53,Game,1,Predictable,101.79,0,,,5,,,130,Sound,,,
0,FORT,2,1,1776625433.396702,110.54,Game,1,Predictable,101.81,0,,,5,,,130,Sound,,,
0,FORT,2,1,1776625433.396702,110.55,Game,1,Predictable,101.82,0,,,5,,,130,Sound,,,
0,FORT,2,1,1776625433.396702,110.56,Game,1,Predictable,101.83,0,,,5,,,130,Sound,,,
0,FORT,2,1,1776625433.396702,110.58,Game,1,Predictable,101.84,0,,,5,,,130,Sound,,,
0,FORT,2,1,1776625433.396702,110.59,Game,1,Predictable,101.86,0,,,5,,,130,Sound,,,
0,FORT,2,1,1776625433.396702,110.6,Game,1,Predictable,101.87,0,,,5,,,130,Sound,,,
0,FORT,2,1,1776625433.396702,110.61,Game,1,Predictable,101.88,0,,,5,,,130,Sound,,,
0,FORT,2,1,1776625433.396702,110.63,Game,1,Predictable,101.89,0,,,5,,,130,Sound,,,
0,FORT,2,1,1776625433.396702,110.64,Game,1,Predictable,101.91,0,,,5,,,130,Sound,,,
0,FORT,2,1,1776625433.396702,110.65,Game,1,Predictable,101.92,0,,,5,,,130,Sound,,,
0,FORT,2,1,1776625433.396702,110.66,Game,1,Predictable,101.93,0,,,5,,,130,Sound,,,
0,FORT,2,1,1776625433.396702,110.68,Game,1,Predictable,101.94,0,,,5,,,130,Sound,,,
0,FORT,2,1,1776625433.396702,110.69,Game,1,Predictable,101.96,0,,,5,,,130,Sound,,,
0,FORT,2,1,1776625433.396702,110.7,Game,1,Predictable,101.97,0,,,5,,,130,Sound,,,
0,FORT,2,1,1776625433.396702,110.71,Game,1,Predictable,101.98,0,,,5,,,130,Sound,,,
0,FORT,2,1,1776625433.396702,110.72,Game,1,Predictable,101.99,0,,,5,,,130,Sound,,,
0,FORT,2,1,1776625433.396702,110.82,Game,1,Predictable,102.09,1,,,5,102.09,,120,Sound,,,
0,FORT,2,1,1776625433.396702,110.85,Game,1,Predictable,102.09,1,,,5,102.09,,120,Sound,,,
0,FORT,2,1,1776625433.396702,110.87,Game,1,Predictable,102.14,1,,,5,102.09,,120,Sound,,,
0,FORT,2,1,1776625433.396702,110.88,Game,1,Predictable,102.15,1,,,5,102.09,,120,Sound,,,
0,FORT,2,1,1776625433.396702,110.89,Game,1,Predictable,102.16,1,,,5,102.09,,120,Sound,,,
0,FORT,2,1,1776625433.396702,110.91,Game,1,Predictable,102.17,1,,,5,102.09,,120,Sound,,,
0,FORT,2,1,1776625433.396702,110.92,Game,1,Predictable,102.19,1,,,5,102.09,,120,Sound,,,
0,FORT,2,1,1776625433.396702,110.93,Game,1,Predictable,102.2,1,,,5,102.09,,120,Sound,,,
0,FORT,2,1,1776625433.396702,110.94,Game,1,Predictable,102.21,1,,,5,102.09,,120,Sound,,,
0,FORT,2,1,1776625433.396702,110.96,Game,1,Predictable,102.22,1,,,5,102.09,,120,Sound,,,
0,FORT,2,1,1776625433.396702,110.97,Game,1,Predictable,102.24,1,,,5,102.09,,120,Sound,,,
0,FORT,2,1,1776625433.396702,110.98,Game,1,Predictable,102.25,1,,,5,102.09,,120,Sound,,,
0,FORT,2,1,1776625433.396702,110.99,Game,1,Predictable,102.26,1,,,5,102.09,,120,Sound,,,
0,FORT,2,1,1776625433.396702,111.01,Game,1,Predictable,102.27,1,,,5,102.09,,120,Sound,,,
0,FORT,2,1,1776625433.396702,111.02,Game,1,Predictable,102.29,1,,,5,102.09,,120,Sound,,,
0,FORT,2,1,1776625433.396702,111.03,Game,1,Predictable,102.3,1,,,5,102.09,,120,Sound,,,
0,FORT,2,1,1776625433.396702,111.04,Game,1,Predictable,102.31,1,,,5,102.09,,120,Sound,,,
0,FORT,2,1,1776625433.396702,111.06,Game,1,Predictable,102.32,1,,,5,102.09,,120,Sound,,,
0,FORT,2,1,1776625433.396702,111.07,Game,1,Predictable,102.34,1,,,5,102.09,,120,Sound,,,
0,FORT,2,1,1776625433.396702,111.08,Game,1,Predictable,102.35,1,,,5,102.09,,120,Sound,,,
0,FORT,2,1,1776625433.396702,111.09,Game,1,Predictable,102.36,1,,,5,102.09,,120,Sound,,,
0,FORT,2,1,1776625433.396702,111.11,Game,1,Predictable,102.37,1,,,5,102.09,,120,Sound,,,
0,FORT,2,1,1776625433.396702,111.12,Game,1,Predictable,102.39,1,,,5,102.09,,120,Sound,,,
0,FORT,2,1,1776625433.396702,111.13,Game,1,Predictable,102.4,1,,,5,102.09,,120,Sound,,,
0,FORT,2,1,1776625433.396702,111.14,Game,1,Predictable,102.41,1,,,5,102.09,,120,Sound,,,
0,FORT,2,1,1776625433.396702,111.16,Game,1,Predictable,102.42,1,,,5,102.09,,120,Sound,,,
0,FORT,2,1,1776625433.396702,111.17,Game,1,Predictable,102.44,1,,,5,102.09,,120,Sound,,,
0,FORT,2,1,1776625433.396702,111.18,Game,1,Predictable,102.45,1,,,5,102.09,,120,Sound,,,
0,FORT,2,1,1776625433.396702,111.19,Game,1,Predictable,102.46,1,,,5,102.09,,120,Sound,,,
0,FORT,2,1,1776625433.396702,111.21,Game,1,Predictable,102.47,1,,,5,102.09,,120,Sound,,,
0,FORT,2,1,1776625433.396702,111.22,Game,1,Predictable,102.49,1,,,5,102.09,,120,Sound,,,
0,FORT,2,1,1776625433.396702,111.23,Game,1,Predictable,102.5,1,,,5,102.09,,120,Sound,,,
0,FORT,2,1,1776625433.396702,111.24,Game,1,Predictable,102.51,1,,,5,102.09,,120,Sound,,,
0,FORT,2,1,1776625433.396702,111.26,Game,1,Predictable,102.52,1,,,5,102.09,,120,Sound,,,
0,FORT,2,1,1776625433.396702,111.27,Game,1,Predictable,102.54,1,,,5,102.09,,120,Sound,,,
0,FORT,2,1,1776625433.396702,111.28,Game,1,Predictable,102.55,1,,,5,102.09,,120,Sound,,,
0,FORT,2,1,1776625433.396702,111.29,Game,1,Predictable,102.56,1,,,5,102.09,,120,Sound,,,
0,FORT,2,1,1776625433.396702,111.31,Game,1,Predictable,102.57,1,,,5,102.09,,120,Sound,,,
0,FORT,2,1,1776625433.396702,111.32,Game,1,Predictable,102.59,1,,,5,102.09,,120,Sound,,,
0,FORT,2,1,1776625433.396702,111.33,Game,1,Predictable,102.6,1,,,5,102.09,,120,Sound,,,
0,FORT,2,1,1776625433.396702,111.34,Game,1,Predictable,102.61,1,,,5,102.09,,120,Sound,,,
0,FORT,2,1,1776625433.396702,111.36,Game,1,Predictable,102.62,1,,,5,102.09,,120,Sound,,,
0,FORT,2,1,1776625433.396702,111.37,Game,1,Predictable,102.64,1,,,5,102.09,,120,Sound,,,
0,FORT,2,1,1776625433.396702,111.38,Game,1,Predictable,102.65,1,,,5,102.09,,120,Sound,,,
0,FORT,2,1,1776625433.396702,111.39,Game,1,Predictable,102.66,1,,,5,102.09,,120,Sound,,,
0,FORT,2,1,1776625433.396702,111.41,Game,1,Predictable,102.67,1,,,5,102.09,,120,Sound,,,
0,FORT,2,1,1776625433.396702,111.42,Game,1,Predictable,102.69,1,,,5,102.09,,120,Sound,,,
0,FORT,2,1,1776625433.396702,111.43,Game,1,Predictable,102.7,1,,,5,102.09,,120,Sound,,,
0,FORT,2,1,1776625433.396702,111.44,Game,1,Predictable,102.71,1,,,5,102.09,,120,Sound,,,
0,FORT,2,1,1776625433.396702,111.46,Game,1,Predictable,102.72,1,,,5,102.09,,120,Sound,,,
0,FORT,2,1,1776625433.396702,111.47,Game,1,Predictable,102.74,1,,,5,102.09,,120,Sound,,,
0,FORT,2,1,1776625433.396702,111.48,Game,1,Predictable,102.75,1,,,5,102.09,,120,Sound,,,
0,FORT,2,1,1776625433.396702,111.49,Game,1,Predictable,102.76,1,,,5,102.09,,120,Sound,,,
0,FORT,2,1,1776625433.396702,111.51,Game,1,Predictable,102.77,1,,,5,102.09,,120,Sound,,,
0,FORT,2,1,1776625433.396702,111.52,Game,1,Predictable,102.79,1,,,5,102.09,,120,Sound,,,
0,FORT,2,1,1776625433.396702,111.53,Game,1,Predictable,102.8,1,,,5,102.09,,120,Sound,,,
0,FORT,2,1,1776625433.396702,111.54,Game,1,Predictable,102.81,1,,,5,102.09,,120,Sound,,,
0,FORT,2,1,1776625433.396702,111.56,Game,1,Predictable,102.82,1,,,5,102.09,,120,Sound,,,
0,FORT,2,1,1776625433.396702,111.57,Game,1,Predictable,102.84,1,,,5,102.09,,120,Sound,,,
0,FORT,2,1,1776625433.396702,111.58,Game,1,Predictable,102.85,1,,,5,102.09,,120,Sound,,,
0,FORT,2,1,1776625433.396702,111.59,Game,1,Predictable,102.86,1,,,5,102.09,,120,Sound,,,
0,FORT,2,1,1776625433.396702,111.61,Game,1,Predictable,102.87,1,,,5,102.09,,120,Sound,,,
0,FORT,2,1,1776625433.396702,111.62,Game,1,Predictable,102.89,1,,,5,102.09,,120,Sound,,,
0,FORT,2,1,1776625433.396702,111.63,Game,1,Predictable,102.9,1,,,5,102.09,,120,Sound,,,
0,FORT,2,1,1776625433.396702,111.64,Game,1,Predictable,102.91,1,,,5,102.09,,120,Sound,,,
0,FORT,2,1,1776625433.396702,111.66,Game,1,Predictable,102.92,1,,,5,102.09,,120,Sound,,,
0,FORT,2,1,1776625433.396702,111.67,Game,1,Predictable,102.94,1,,,5,102.09,,120,Sound,,,
0,FORT,2,1,1776625433.396702,111.68,Game,1,Predictable,102.95,1,,,5,102.09,,120,Sound,,,
0,FORT,2,1,1776625433.396702,111.69,Game,1,Predictable,102.96,1,,,5,102.09,,120,Sound,,,
0,FORT,2,1,1776625433.396702,111.71,Game,1,Predictable,102.97,1,,,5,102.09,,120,Sound,,,
0,FORT,2,1,1776625433.396702,111.72,Game,1,Predictable,102.99,1,,,5,102.09,,120,Sound,,,
0,FORT,2,1,1776625433.396702,111.73,Game,1,Predictable,103.0,1,,,5,102.09,,120,Sound,,,
0,FORT,2,1,1776625433.396702,111.74,Game,1,Predictable,103.01,1,,,5,102.09,,120,Sound,,,
0,FORT,2,1,1776625433.396702,111.76,Game,1,Predictable,103.02,1,,,5,102.09,,120,Sound,,,
0,FORT,2,1,1776625433.396702,111.77,Game,1,Predictable,103.04,1,,,5,102.09,,120,Sound,,,
0,FORT,2,1,1776625433.396702,111.78,Game,1,Predictable,103.05,1,,,5,102.09,,120,Sound,,,
0,FORT,2,1,1776625433.396702,111.79,Game,1,Predictable,103.06,1,,,5,102.09,,120,Sound,,,
0,FORT,2,1,1776625433.396702,111.81,Game,1,Predictable,103.07,1,,,5,102.09,,120,Sound,,,
0,FORT,2,1,1776625433.396702,111.82,Game,1,Predictable,103.09,1,,,5,102.09,,120,Sound,,,
0,FORT,2,1,1776625433.396702,111.83,Game,1,Predictable,103.1,1,,,5,102.09,,120,Sound,,,
0,FORT,2,1,1776625433.396702,111.84,Game,1,Predictable,103.11,1,,,5,102.09,,120,Sound,,,
0,FORT,2,1,1776625433.396702,111.86,Game,1,Predictable,103.12,1,,,5,102.09,,120,Sound,,,
0,FORT,2,1,1776625433.396702,111.87,Game,1,Predictable,103.14,1,,,5,102.09,,120,Sound,,,
0,FORT,2,1,1776625433.396702,111.88,Game,1,Predictable,103.15,1,,,5,102.09,,120,Sound,,,
0,FORT,2,1,1776625433.396702,111.89,Game,1,Predictable,103.16,1,,,5,102.09,,120,Sound,,,
0,FORT,2,1,1776625433.396702,111.91,Game,1,Predictable,103.17,1,,,5,102.09,,120,Sound,,,
0,FORT,2,1,1776625433.396702,111.92,Game,1,Predictable,103.19,1,,,5,102.09,,120,Sound,,,
0,FORT,2,1,1776625433.396702,111.93,Game,1,Predictable,103.2,1,,,5,102.09,,120,Sound,,,
0,FORT,2,1,1776625433.396702,111.94,Game,1,Predictable,103.21,1,,,5,102.09,,120,Sound,,,
0,FORT,2,1,1776625433.396702,111.96,Game,1,Predictable,103.22,1,,,5,102.09,,120,Sound,,,
0,FORT,2,1,1776625433.396702,111.97,Game,1,Predictable,103.24,1,,,5,102.09,,120,Sound,,,
0,FORT,2,1,1776625433.396702,111.98,Game,1,Predictable,103.25,1,,,5,102.09,,120,Sound,,,
0,FORT,2,1,1776625433.396702,111.99,Game,1,Predictable,103.26,1,,,5,102.09,,120,Sound,,,
0,FORT,2,1,1776625433.396702,112.01,Game,1,Predictable,103.27,1,,,5,102.09,,120,Sound,,,
0,FORT,2,1,1776625433.396702,112.02,Game,1,Predictable,103.29,1,,,5,102.09,,120,Sound,,,
0,FORT,2,1,1776625433.396702,112.03,Game,1,Predictable,103.3,1,,,5,102.09,,120,Sound,,,
0,FORT,2,1,1776625433.396702,112.04,Game,1,Predictable,103.31,1,,,5,102.09,,120,Sound,,,
0,FORT,2,1,1776625433.396702,112.06,Game,1,Predictable,103.32,1,,,5,102.09,,120,Sound,,,
0,FORT,2,1,1776625433.396702,112.07,Game,1,Predictable,103.34,1,,,5,102.09,,120,Sound,,,
0,FORT,2,1,1776625433.396702,112.08,Game,1,Predictable,103.35,1,,,5,102.09,,120,Sound,,,
0,FORT,2,1,1776625433.396702,112.09,Game,1,Predictable,103.36,1,,,5,102.09,,120,Sound,,,
0,FORT,2,1,1776625433.396702,112.11,Game,1,Predictable,103.37,1,,,5,102.09,,120,Sound,,,
0,FORT,2,1,1776625433.396702,112.12,Game,1,Predictable,103.39,1,,,5,102.09,,120,Sound,,,
0,FORT,2,1,1776625433.396702,112.13,Game,1,Predictable,103.4,1,,,5,102.09,,120,Sound,,,
0,FORT,2,1,1776625433.396702,112.14,Game,1,Predictable,103.41,1,,,5,102.09,,120,Sound,,,
0,FORT,2,1,1776625433.396702,112.16,Game,1,Predictable,103.42,1,,,5,102.09,,120,Sound,,,
0,FORT,2,1,1776625433.396702,112.17,Game,1,Predictable,103.44,1,,,5,102.09,,120,Sound,,,
0,FORT,2,1,1776625433.396702,112.18,Game,1,Predictable,103.45,1,,,5,102.09,,120,Sound,,,
0,FORT,2,1,1776625433.396702,112.19,Game,1,Predictable,103.46,1,,,5,102.09,,120,Sound,,,
0,FORT,2,1,1776625433.396702,112.21,Game,1,Predictable,103.47,1,,,5,102.09,,120,Sound,,,
0,FORT,2,1,1776625433.396702,112.22,Game,1,Predictable,103.49,1,,,5,102.09,,120,Sound,,,
0,FORT,2,1,1776625433.396702,112.23,Game,1,Predictable,103.5,1,,,5,102.09,,120,Sound,,,
0,FORT,2,1,1776625433.396702,112.24,Game,1,Predictable,103.51,1,,,5,102.09,,120,Sound,,,
0,FORT,2,1,1776625433.396702,112.26,Game,1,Predictable,103.52,1,,,5,102.09,,120,Sound,,,
0,FORT,2,1,1776625433.396702,112.27,Game,1,Predictable,103.54,1,,,5,102.09,,120,Sound,,,
0,FORT,2,1,1776625433.396702,112.28,Game,1,Predictable,103.55,1,,,5,102.09,,120,Sound,,,
0,FORT,2,1,1776625433.396702,112.29,Game,1,Predictable,103.56,1,,,5,102.09,,120,Sound,,,
0,FORT,2,1,1776625433.396702,112.31,Game,1,Predictable,103.57,1,,,5,102.09,,120,Sound,,,
0,FORT,2,1,1776625433.396702,112.32,Game,1,Predictable,103.59,1,,,5,102.09,,120,Sound,,,
0,FORT,2,1,1776625433.396702,112.33,Game,1,Predictable,103.6,1,,,5,102.09,,120,Sound,,,
0,FORT,2,1,1776625433.396702,112.34,Game,1,Predictable,103.61,1,,,5,102.09,,120,Sound,,,
0,FORT,2,1,1776625433.396702,112.36,Game,1,Predictable,103.62,1,,,5,102.09,,120,Sound,,,
0,FORT,2,1,1776625433.396702,112.37,Game,1,Predictable,103.64,1,,,5,102.09,,120,Sound,,,
0,FORT,2,1,1776625433.396702,112.38,Game,1,Predictable,103.65,1,,,5,102.09,,120,Sound,,,
0,FORT,2,1,1776625433.396702,112.39,Game,1,Predictable,103.66,1,,,5,102.09,,120,Sound,,,
0,FORT,2,1,1776625433.396702,112.41,Game,1,Predictable,103.67,1,,,5,102.09,,120,Sound,,,
0,FORT,2,1,1776625433.396702,112.42,Game,1,Predictable,103.69,1,,,5,102.09,,120,Sound,,,
0,FORT,2,1,1776625433.396702,112.43,Game,1,Predictable,103.7,1,,,5,102.09,,120,Sound,,,
0,FORT,2,1,1776625433.396702,112.44,Game,1,Predictable,103.71,1,,,5,102.09,,120,Sound,,,
0,FORT,2,1,1776625433.396702,112.46,Game,1,Predictable,103.72,1,,,5,102.09,,120,Sound,,,
0,FORT,2,1,1776625433.396702,112.47,Game,1,Predictable,103.74,1,,,5,102.09,,120,Sound,,,
0,FORT,2,1,1776625433.396702,112.48,Game,1,Predictable,103.75,1,,,5,102.09,,120,Sound,,,
0,FORT,2,1,1776625433.396702,112.49,Game,1,Predictable,103.76,1,,,5,102.09,,120,Sound,,,
0,FORT,2,1,1776625433.396702,112.51,Game,1,Predictable,103.77,1,,,5,102.09,,120,Sound,,,
0,FORT,2,1,1776625433.396702,112.52,Game,1,Predictable,103.79,1,,,5,102.09,,120,Sound,,,
0,FORT,2,1,1776625433.396702,112.53,Game,1,Predictable,103.8,1,,,5,102.09,,120,Sound,,,
0,FORT,2,1,1776625433.396702,112.54,Game,1,Predictable,103.81,1,,,5,102.09,,120,Sound,,,
0,FORT,2,1,1776625433.396702,112.56,Game,1,Predictable,103.82,1,,,5,102.09,,120,Sound,,,
0,FORT,2,1,1776625433.396702,112.57,Game,1,Predictable,103.84,1,,,5,102.09,,120,Sound,,,
0,FORT,2,1,1776625433.396702,112.58,Game,1,Predictable,103.85,1,,,5,102.09,,120,Sound,,,
0,FORT,2,1,1776625433.396702,112.59,Game,1,Predictable,103.86,1,,,5,102.09,,120,Sound,,,
0,FORT,2,1,1776625433.396702,112.61,Game,1,Predictable,103.87,1,,,5,102.09,,120,Sound,,,
0,FORT,2,1,1776625433.396702,112.62,Game,1,Predictable,103.89,1,,,5,102.09,,120,Sound,,,
0,FORT,2,1,1776625433.396702,112.63,Game,1,Predictable,103.9,1,,,5,102.09,,120,Sound,,,
0,FORT,2,1,1776625433.396702,112.64,Game,1,Predictable,103.91,1,,,5,102.09,,120,Sound,,,
0,FORT,2,1,1776625433.396702,112.66,Game,1,Predictable,103.92,1,,,5,102.09,,120,Sound,,,
0,FORT,2,1,1776625433.396702,112.67,Game,1,Predictable,103.94,1,,,5,102.09,,120,Sound,,,
0,FORT,2,1,1776625433.396702,112.68,Game,1,Predictable,103.95,1,,,5,102.09,,120,Sound,,,
0,FORT,2,1,1776625433.396702,112.69,Game,1,Predictable,103.96,1,,,5,102.09,,120,Sound,,,
0,FORT,2,1,1776625433.396702,112.71,Game,1,Predictable,103.97,1,,,5,102.09,,120,Sound,,,
0,FORT,2,1,1776625433.396702,112.72,Game,1,Predictable,103.99,1,,,5,102.09,,120,Sound,,,
0,FORT,2,1,1776625433.396702,112.73,Game,1,Predictable,104.0,1,,,5,102.09,,120,Sound,,,
0,FORT,2,1,1776625433.396702,112.74,Game,1,Predictable,104.01,1,,,5,102.09,,120,Sound,,,
0,FORT,2,1,1776625433.396702,112.76,Game,1,Predictable,104.02,1,,,5,102.09,,120,Sound,,,
0,FORT,2,1,1776625433.396702,112.77,Game,1,Predictable,104.04,1,,,5,102.09,,120,Sound,,,
0,FORT,2,1,1776625433.396702,112.78,Game,1,Predictable,104.05,1,,,5,102.09,,120,Sound,,,
0,FORT,2,1,1776625433.396702,112.79,Game,1,Predictable,104.06,1,,,5,102.09,,120,Sound,,,
0,FORT,2,1,1776625433.396702,112.81,Game,1,Predictable,104.07,1,,,5,102.09,,120,Sound,,,
0,FORT,2,1,1776625433.396702,112.82,Game,1,Predictable,104.09,1,,,5,102.09,,120,Sound,,,
0,FORT,2,1,1776625433.396702,112.83,Game,1,Predictable,104.1,1,,,5,102.09,,120,Sound,,,
0,FORT,2,1,1776625433.396702,112.84,Game,1,Predictable,104.11,1,,,5,102.09,,120,Sound,,,
0,FORT,2,1,1776625433.396702,112.86,Game,1,Predictable,104.12,1,,,5,102.09,,120,Sound,,,
0,FORT,2,1,1776625433.396702,112.87,Game,1,Predictable,104.14,1,,,5,102.09,,120,Sound,,,
0,FORT,2,1,1776625433.396702,112.88,Game,1,Predictable,104.15,1,,,5,102.09,,120,Sound,,,
0,FORT,2,1,1776625433.396702,112.89,Game,1,Predictable,104.16,1,,,5,102.09,,120,Sound,,,
0,FORT,2,1,1776625433.396702,112.91,Game,1,Predictable,104.17,1,,,5,102.09,,120,Sound,,,
0,FORT,2,1,1776625433.396702,112.92,Game,1,Predictable,104.19,1,,,5,102.09,,120,Sound,,,
0,FORT,2,1,1776625433.396702,112.93,Game,1,Predictable,104.2,1,,,5,102.09,,120,Sound,,,
0,FORT,2,1,1776625433.396702,112.94,Game,1,Predictable,104.21,1,,,5,102.09,,120,Sound,,,
0,FORT,2,1,1776625433.396702,112.96,Game,1,Predictable,104.22,1,,,5,102.09,,120,Sound,,,
0,FORT,2,1,1776625433.396702,112.97,Game,1,Predictable,104.24,1,,,5,102.09,,120,Sound,,,
0,FORT,2,1,1776625433.396702,112.98,Game,1,Predictable,104.25,1,,,5,102.09,,120,Sound,,,
0,FORT,2,1,1776625433.396702,112.99,Game,1,Predictable,104.26,1,,,5,102.09,,120,Sound,,,
0,FORT,2,1,1776625433.396702,113.01,Game,1,Predictable,104.27,1,,,5,102.09,,120,Sound,,,
0,FORT,2,1,1776625433.396702,113.02,Game,1,Predictable,104.29,1,,,5,102.09,,120,Sound,,,
0,FORT,2,1,1776625433.396702,113.03,Game,1,Predictable,104.3,1,,,5,102.09,,120,Sound,,,
0,FORT,2,1,1776625433.396702,113.04,Game,1,Predictable,104.31,1,,,5,102.09,,120,Sound,,,
0,FORT,2,1,1776625433.396702,113.06,Game,1,Predictable,104.32,1,,,5,102.09,,120,Sound,,,
0,FORT,2,1,1776625433.396702,113.07,Game,1,Predictable,104.34,1,,,5,102.09,,120,Sound,,,
0,FORT,2,1,1776625433.396702,113.08,Game,1,Predictable,104.35,1,,,5,102.09,,120,Sound,,,
0,FORT,2,1,1776625433.396702,113.09,Game,1,Predictable,104.36,1,,,5,102.09,,120,Sound,,,
0,FORT,2,1,1776625433.396702,113.11,Game,1,Predictable,104.37,1,,,5,102.09,,120,Sound,,,
0,FORT,2,1,1776625433.396702,113.12,Game,1,Predictable,104.39,1,,,5,102.09,,120,Sound,,,
0,FORT,2,1,1776625433.396702,113.13,Game,1,Predictable,104.4,1,,,5,102.09,,120,Sound,,,
0,FORT,2,1,1776625433.396702,113.14,Game,1,Predictable,104.41,1,,,5,102.09,,120,Sound,,,
0,FORT,2,1,1776625433.396702,113.16,Game,1,Predictable,104.42,1,,,5,102.09,,120,Sound,,,
0,FORT,2,1,1776625433.396702,113.17,Game,1,Predictable,104.44,1,,,5,102.09,,120,Sound,,,
0,FORT,2,1,1776625433.396702,113.18,Game,1,Predictable,104.45,1,,,5,102.09,,120,Sound,,,
0,FORT,2,1,1776625433.396702,113.19,Game,1,Predictable,104.46,1,,,5,102.09,,120,Sound,,,
0,FORT,2,1,1776625433.396702,113.21,Game,1,Predictable,104.47,1,,,5,102.09,,120,Sound,,,
0,FORT,2,1,1776625433.396702,113.22,Game,1,Predictable,104.49,1,,,5,102.09,,120,Sound,,,
0,FORT,2,1,1776625433.396702,113.23,Game,1,Predictable,104.5,1,,,5,102.09,,120,Sound,,,
0,FORT,2,1,1776625433.396702,113.24,Game,1,Predictable,104.51,1,,,5,102.09,,120,Sound,,,
0,FORT,2,1,1776625433.396702,113.26,Game,1,Predictable,104.52,1,,,5,102.09,,120,Sound,,,
0,FORT,2,1,1776625433.396702,113.27,Game,1,Predictable,104.54,1,,,5,102.09,,120,Sound,,,
0,FORT,2,1,1776625433.396702,113.28,Game,1,Predictable,104.55,1,,,5,102.09,,120,Sound,,,
0,FORT,2,1,1776625433.396702,113.29,Game,1,Predictable,104.56,1,,,5,102.09,,120,Sound,,,
0,FORT,2,1,1776625433.396702,113.31,Game,1,Predictable,104.57,1,,,5,102.09,,120,Sound,,,
0,FORT,2,1,1776625433.396702,113.32,Game,1,Predictable,104.59,1,,,5,102.09,,120,Sound,,,
0,FORT,2,1,1776625433.396702,113.33,Game,1,Predictable,104.6,1,,,5,102.09,,120,Sound,,,
0,FORT,2,1,1776625433.396702,113.34,Game,1,Predictable,104.61,1,,,5,102.09,,120,Sound,,,
0,FORT,2,1,1776625433.396702,113.36,Game,1,Predictable,104.62,1,,,5,102.09,,120,Sound,,,
0,FORT,2,1,1776625433.396702,113.37,Game,1,Predictable,104.64,1,,,5,102.09,,120,Sound,,,
0,FORT,2,1,1776625433.396702,113.38,Game,1,Predictable,104.65,1,,,5,102.09,,120,Sound,,,
0,FORT,2,1,1776625433.396702,113.39,Game,1,Predictable,104.66,1,,,5,102.09,,120,Sound,,,
0,FORT,2,1,1776625433.396702,113.41,Game,1,Predictable,104.67,1,,,5,102.09,,120,Sound,,,
0,FORT,2,1,1776625433.396702,113.42,Game,1,Predictable,104.69,1,,,5,102.09,,120,Sound,,,
0,FORT,2,1,1776625433.396702,113.43,Game,1,Predictable,104.7,1,,,5,102.09,,120,Sound,,,
0,FORT,2,1,1776625433.396702,113.44,Game,1,Predictable,104.71,1,,,5,102.09,,120,Sound,,,
0,FORT,2,1,1776625433.396702,113.46,Game,1,Predictable,104.72,1,,,5,102.09,,120,Sound,,,
0,FORT,2,1,1776625433.396702,113.47,Game,1,Predictable,104.74,1,,,5,102.09,,120,Sound,,,
0,FORT,2,1,1776625433.396702,113.48,Game,1,Predictable,104.75,1,,,5,102.09,,120,Sound,,,
0,FORT,2,1,1776625433.396702,113.49,Game,1,Predictable,104.76,1,,,5,102.09,,120,Sound,,,
0,FORT,2,1,1776625433.396702,113.51,Game,1,Predictable,104.77,1,,,5,102.09,,120,Sound,,,
0,FORT,2,1,1776625433.396702,113.52,Game,1,Predictable,104.79,1,,,5,102.09,,120,Sound,,,
0,FORT,2,1,1776625433.396702,113.53,Game,1,Predictable,104.8,1,,,5,102.09,,120,Sound,,,
0,FORT,2,1,1776625433.396702,113.54,Game,1,Predictable,104.81,1,,,5,102.09,,120,Sound,,,
0,FORT,2,1,1776625433.396702,113.56,Game,1,Predictable,104.82,1,,,5,102.09,,120,Sound,,,
0,FORT,2,1,1776625433.396702,113.57,Game,1,Predictable,104.84,1,,,5,102.09,,120,Sound,,,
0,FORT,2,1,1776625433.396702,113.58,Game,1,Predictable,104.85,1,,,5,102.09,,120,Sound,,,
0,FORT,2,1,1776625433.396702,113.59,Game,1,Predictable,104.86,1,,,5,102.09,,120,Sound,,,
0,FORT,2,1,1776625433.396702,113.61,Game,1,Predictable,104.87,1,,,5,102.09,,120,Sound,,,
0,FORT,2,1,1776625433.396702,113.62,Game,1,Predictable,104.89,1,,,5,102.09,,120,Sound,,,
0,FORT,2,1,1776625433.396702,113.63,Game,1,Predictable,104.9,1,,,5,102.09,,120,Sound,,,
0,FORT,2,1,1776625433.396702,113.64,Game,1,Predictable,104.91,1,,,5,102.09,,120,Sound,,,
0,FORT,2,1,1776625433.396702,113.66,Game,1,Predictable,104.92,1,,,5,102.09,,120,Sound,,,
0,FORT,2,1,1776625433.396702,113.67,Game,1,Predictable,104.94,1,,,5,102.09,,120,Sound,,,
0,FORT,2,1,1776625433.396702,113.68,Game,1,Predictable,104.95,1,,,5,102.09,,120,Sound,,,
0,FORT,2,1,1776625433.396702,113.69,Game,1,Predictable,104.96,1,,,5,102.09,,120,Sound,,,
0,FORT,2,1,1776625433.396702,113.71,Game,1,Predictable,104.97,1,,,5,102.09,,120,Sound,,,
0,FORT,2,1,1776625433.396702,113.72,Game,1,Predictable,104.99,1,,,5,102.09,,120,Sound,,,
0,FORT,2,1,1776625433.396702,113.73,Game,1,Predictable,105.0,1,,,5,102.09,,120,Sound,,,
0,FORT,2,1,1776625433.396702,113.74,Game,1,Predictable,105.01,1,,,5,102.09,,120,Sound,,,
0,FORT,2,1,1776625433.396702,113.76,Game,1,Predictable,105.02,1,,,5,102.09,,120,Sound,,,
0,FORT,2,1,1776625433.396702,113.77,Game,1,Predictable,105.04,1,,,5,102.09,,120,Sound,,,
0,FORT,2,1,1776625433.396702,113.78,Game,1,Predictable,105.05,1,,,5,102.09,,120,Sound,,,
0,FORT,2,1,1776625433.396702,113.79,Game,1,Predictable,105.06,1,,,5,102.09,,120,Sound,,,
0,FORT,2,1,1776625433.396702,113.81,Game,1,Predictable,105.07,1,,,5,102.09,,120,Sound,,,
0,FORT,2,1,1776625433.396702,113.82,Game,1,Predictable,105.09,1,,,5,102.09,,120,Sound,,,
0,FORT,2,1,1776625433.396702,113.83,Game,1,Predictable,105.1,1,,,5,102.09,,120,Sound,,,
0,FORT,2,1,1776625433.396702,113.84,Game,1,Predictable,105.11,1,,,5,102.09,,120,Sound,,,
0,FORT,2,1,1776625433.396702,113.86,Game,1,Predictable,105.12,1,,,5,102.09,,120,Sound,,,
0,FORT,2,1,1776625433.396702,113.87,Game,1,Predictable,105.14,1,,,5,102.09,,120,Sound,,,
0,FORT,2,1,1776625433.396702,113.88,Game,1,Predictable,105.15,1,,,5,102.09,,120,Sound,,,
0,FORT,2,1,1776625433.396702,113.89,Game,1,Predictable,105.16,1,,,5,102.09,,120,Sound,,,
0,FORT,2,1,1776625433.396702,113.91,Game,1,Predictable,105.17,1,,,5,102.09,,120,Sound,,,
0,FORT,2,1,1776625433.396702,113.92,Game,1,Predictable,105.19,1,,,5,102.09,,120,Sound,,,
0,FORT,2,1,1776625433.396702,113.93,Game,1,Predictable,105.2,1,,,5,102.09,,120,Sound,,,
0,FORT,2,1,1776625433.396702,113.94,Game,1,Predictable,105.21,1,,,5,102.09,,120,Sound,,,
0,FORT,2,1,1776625433.396702,113.96,Game,1,Predictable,105.23,1,,,5,102.09,,120,Sound,,,
0,FORT,2,1,1776625433.396702,113.97,Game,1,Predictable,105.24,1,,,5,102.09,,120,Sound,,,
0,FORT,2,1,1776625433.396702,113.98,Game,1,Predictable,105.25,1,,,5,102.09,,120,Sound,,,
0,FORT,2,1,1776625433.396702,113.99,Game,1,Predictable,105.26,1,,,5,102.09,,120,Sound,,,
0,FORT,2,1,1776625433.396702,114.01,Game,1,Predictable,105.27,1,,,5,102.09,,120,Sound,,,
0,FORT,2,1,1776625433.396702,114.02,Game,1,Predictable,105.29,1,,,5,102.09,,120,Sound,,,
0,FORT,2,1,1776625433.396702,114.03,Game,1,Predictable,105.3,1,,,5,102.09,,120,Sound,,,
0,FORT,2,1,1776625433.396702,114.04,Game,1,Predictable,105.31,1,,,5,102.09,,120,Sound,,,
0,FORT,2,1,1776625433.396702,114.06,Game,1,Predictable,105.32,1,,,5,102.09,,120,Sound,,,
0,FORT,2,1,1776625433.396702,114.07,Game,1,Predictable,105.34,1,,,5,102.09,,120,Sound,,,
0,FORT,2,1,1776625433.396702,114.08,Game,1,Predictable,105.35,1,,,5,102.09,,120,Sound,,,
0,FORT,2,1,1776625433.396702,114.09,Game,1,Predictable,105.36,1,,,5,102.09,,120,Sound,,,
0,FORT,2,1,1776625433.396702,114.11,Game,1,Predictable,105.37,1,,,5,102.09,,120,Sound,,,
0,FORT,2,1,1776625433.396702,114.12,Game,1,Predictable,105.39,1,,,5,102.09,,120,Sound,,,
0,FORT,2,1,1776625433.396702,114.13,Game,1,Predictable,105.4,1,,,5,102.09,,120,Sound,,,
0,FORT,2,1,1776625433.396702,114.14,Game,1,Predictable,105.41,1,,,5,102.09,,120,Sound,,,
0,FORT,2,1,1776625433.396702,114.16,Game,1,Predictable,105.42,1,,,5,102.09,,120,Sound,,,
0,FORT,2,1,1776625433.396702,114.17,Game,1,Predictable,105.44,1,,,5,102.09,,120,Sound,,,
0,FORT,2,1,1776625433.396702,114.18,Game,1,Predictable,105.45,1,,,5,102.09,,120,Sound,,,
0,FORT,2,1,1776625433.396702,114.19,Game,1,Predictable,105.46,1,,,5,102.09,,120,Sound,,,
0,FORT,2,1,1776625433.396702,114.21,Game,1,Predictable,105.47,1,,,5,102.09,,120,Sound,,,
0,FORT,2,1,1776625433.396702,114.22,Game,1,Predictable,105.49,1,,,5,102.09,,120,Sound,,,
0,FORT,2,1,1776625433.396702,114.23,Game,1,Predictable,105.5,1,,,5,102.09,,120,Sound,,,
0,FORT,2,1,1776625433.396702,114.24,Game,1,Predictable,105.51,1,,,5,102.09,,120,Sound,,,
0,FORT,2,1,1776625433.396702,114.26,Game,1,Predictable,105.52,1,,,5,102.09,,120,Sound,,,
0,FORT,2,1,1776625433.396702,114.27,Game,1,Predictable,105.54,1,,,5,102.09,,120,Sound,,,
0,FORT,2,1,1776625433.396702,114.28,Game,1,Predictable,105.55,1,,,5,102.09,,120,Sound,,,
0,FORT,2,1,1776625433.396702,114.29,Game,1,Predictable,105.56,1,,,5,102.09,,120,Sound,,,
0,FORT,2,1,1776625433.396702,114.31,Game,1,Predictable,105.57,1,,,5,102.09,,120,Sound,,,
0,FORT,2,1,1776625433.396702,114.32,Game,1,Predictable,105.59,1,,,5,102.09,,120,Sound,,,
0,FORT,2,1,1776625433.396702,114.33,Game,1,Predictable,105.6,1,,,5,102.09,,120,Sound,,,
0,FORT,2,1,1776625433.396702,114.34,Game,1,Predictable,105.61,1,,,5,102.09,,120,Sound,,,
0,FORT,2,1,1776625433.396702,114.36,Game,1,Predictable,105.62,1,,,5,102.09,,120,Sound,,,
0,FORT,2,1,1776625433.396702,114.37,Game,1,Predictable,105.64,1,,,5,102.09,,120,Sound,,,
0,FORT,2,1,1776625433.396702,114.38,Game,1,Predictable,105.65,1,,,5,102.09,,120,Sound,,,
0,FORT,2,1,1776625433.396702,114.39,Game,1,Predictable,105.66,1,,,5,102.09,,120,Sound,,,
0,FORT,2,1,1776625433.396702,114.41,Game,1,Predictable,105.67,1,,,5,102.09,,120,Sound,,,
0,FORT,2,1,1776625433.396702,114.42,Game,1,Predictable,105.69,1,,,5,102.09,,120,Sound,,,
0,FORT,2,1,1776625433.396702,114.43,Game,1,Predictable,105.7,1,,,5,102.09,,120,Sound,,,
0,FORT,2,1,1776625433.396702,114.44,Game,1,Predictable,105.71,1,,,5,102.09,,120,Sound,,,
0,FORT,2,1,1776625433.396702,114.46,Game,1,Predictable,105.72,1,,,5,102.09,,120,Sound,,,
0,FORT,2,1,1776625433.396702,114.47,Game,1,Predictable,105.74,1,,,5,102.09,,120,Sound,,,
0,FORT,2,1,1776625433.396702,114.48,Game,1,Predictable,105.75,1,,,5,102.09,,120,Sound,,,
0,FORT,2,1,1776625433.396702,114.49,Game,1,Predictable,105.76,1,,,5,102.09,,120,Sound,,,
0,FORT,2,1,1776625433.396702,114.51,Game,1,Predictable,105.77,1,,,5,102.09,,120,Sound,,,
0,FORT,2,1,1776625433.396702,114.52,Game,1,Predictable,105.79,1,,,5,102.09,,120,Sound,,,
0,FORT,2,1,1776625433.396702,114.53,Game,1,Predictable,105.8,1,,,5,102.09,,120,Sound,,,
0,FORT,2,1,1776625433.396702,114.54,Game,1,Predictable,105.81,1,,,5,102.09,,120,Sound,,,
0,FORT,2,1,1776625433.396702,114.56,Game,1,Predictable,105.82,1,,,5,102.09,,120,Sound,,,
0,FORT,2,1,1776625433.396702,114.57,Game,1,Predictable,105.84,1,,,5,102.09,,120,Sound,,,
0,FORT,2,1,1776625433.396702,114.58,Game,1,Predictable,105.85,1,,,5,102.09,,120,Sound,,,
0,FORT,2,1,1776625433.396702,114.59,Game,1,Predictable,105.86,1,,,5,102.09,,120,Sound,,,
0,FORT,2,1,1776625433.396702,114.61,Game,1,Predictable,105.87,1,,,5,102.09,,120,Sound,,,
0,FORT,2,1,1776625433.396702,114.62,Game,1,Predictable,105.89,1,,,5,102.09,,120,Sound,,,
0,FORT,2,1,1776625433.396702,114.63,Game,1,Predictable,105.9,1,,,5,102.09,,120,Sound,,,
0,FORT,2,1,1776625433.396702,114.64,Game,1,Predictable,105.91,1,,,5,102.09,,120,Sound,,,
0,FORT,2,1,1776625433.396702,114.66,Game,1,Predictable,105.92,1,,,5,102.09,,120,Sound,,,
0,FORT,2,1,1776625433.396702,114.67,Game,1,Predictable,105.94,1,,,5,102.09,,120,Sound,,,
0,FORT,2,1,1776625433.396702,114.68,Game,1,Predictable,105.95,1,,,5,102.09,,120,Sound,,,
0,FORT,2,1,1776625433.396702,114.69,Game,1,Predictable,105.96,1,,,5,102.09,,120,Sound,,,
0,FORT,2,1,1776625433.396702,114.71,Game,1,Predictable,105.97,1,,,5,102.09,,120,Sound,,,
0,FORT,2,1,1776625433.396702,114.72,Game,1,Predictable,105.99,1,,,5,102.09,,120,Sound,,,
0,FORT,2,1,1776625433.396702,114.73,Game,1,Predictable,106.0,1,,,5,102.09,,120,Sound,,,
0,FORT,2,1,1776625433.396702,114.74,Game,1,Predictable,106.01,1,,,5,102.09,,120,Sound,,,
0,FORT,2,1,1776625433.396702,114.76,Game,1,Predictable,106.02,1,,,5,102.09,,120,Sound,,,
0,FORT,2,1,1776625433.396702,114.77,Game,1,Predictable,106.04,1,,,5,102.09,,120,Sound,,,
0,FORT,2,1,1776625433.396702,114.78,Game,1,Predictable,106.05,1,,,5,102.09,,120,Sound,,,
0,FORT,2,1,1776625433.396702,114.79,Game,1,Predictable,106.06,1,,,5,102.09,,120,Sound,,,
0,FORT,2,1,1776625433.396702,114.81,Game,1,Predictable,106.07,1,,,5,102.09,,120,Sound,,,
0,FORT,2,1,1776625433.396702,114.82,Game,1,Predictable,106.09,1,,,5,102.09,,120,Sound,,,
0,FORT,2,1,1776625433.396702,114.83,Game,1,Predictable,106.1,1,,,5,102.09,,120,Sound,,,
0,FORT,2,1,1776625433.396702,114.84,Game,1,Predictable,106.11,1,,,5,102.09,,120,Sound,,,
0,FORT,2,1,1776625433.396702,114.86,Game,1,Predictable,106.12,1,,,5,102.09,,120,Sound,,,
0,FORT,2,1,1776625433.396702,114.87,Game,1,Predictable,106.14,1,,,5,102.09,,120,Sound,,,
0,FORT,2,1,1776625433.396702,114.88,Game,1,Predictable,106.15,1,,,5,102.09,,120,Sound,,,
0,FORT,2,1,1776625433.396702,114.89,Game,1,Predictable,106.16,1,,,5,102.09,,120,Sound,,,
0,FORT,2,1,1776625433.396702,114.91,Game,1,Predictable,106.17,1,,,5,102.09,,120,Sound,,,
0,FORT,2,1,1776625433.396702,114.92,Game,1,Predictable,106.19,1,,,5,102.09,,120,Sound,,,
0,FORT,2,1,1776625433.396702,114.93,Game,1,Predictable,106.2,1,,,5,102.09,,120,Sound,,,
0,FORT,2,1,1776625433.396702,114.94,Game,1,Predictable,106.21,1,,,5,102.09,,120,Sound,,,
0,FORT,2,1,1776625433.396702,114.96,Game,1,Predictable,106.22,1,,,5,102.09,,120,Sound,,,
0,FORT,2,1,1776625433.396702,114.97,Game,1,Predictable,106.24,1,,,5,102.09,,120,Sound,,,
0,FORT,2,1,1776625433.396702,114.98,Game,1,Predictable,106.25,1,,,5,102.09,,120,Sound,,,
0,FORT,2,1,1776625433.396702,114.99,Game,1,Predictable,106.26,1,,,5,102.09,,120,Sound,,,
0,FORT,2,1,1776625433.396702,115.01,Game,1,Predictable,106.27,1,,,5,102.09,,120,Sound,,,
0,FORT,2,1,1776625433.396702,115.02,Game,1,Predictable,106.29,1,,,5,102.09,,120,Sound,,,
0,FORT,2,1,1776625433.396702,115.03,Game,1,Predictable,106.3,1,,,5,102.09,,120,Sound,,,
0,FORT,2,1,1776625433.396702,115.04,Game,1,Predictable,106.31,1,,,5,102.09,,120,Sound,,,
0,FORT,2,1,1776625433.396702,115.06,Game,1,Predictable,106.32,1,,,5,102.09,,120,Sound,,,
0,FORT,2,1,1776625433.396702,115.07,Game,1,Predictable,106.34,1,,,5,102.09,,120,Sound,,,
0,FORT,2,1,1776625433.396702,115.08,Game,1,Predictable,106.35,1,,,5,102.09,,120,Sound,,,
0,FORT,2,1,1776625433.396702,115.09,Game,1,Predictable,106.36,1,,,5,102.09,,120,Sound,,,
0,FORT,2,1,1776625433.396702,115.11,Game,1,Predictable,106.37,1,,,5,102.09,,120,Sound,,,
0,FORT,2,1,1776625433.396702,115.12,Game,1,Predictable,106.39,1,,,5,102.09,,120,Sound,,,
0,FORT,2,1,1776625433.396702,115.13,Game,1,Predictable,106.4,1,,,5,102.09,,120,Sound,,,
0,FORT,2,1,1776625433.396702,115.14,Game,1,Predictable,106.41,1,,,5,102.09,,120,Sound,,,
0,FORT,2,1,1776625433.396702,115.16,Game,1,Predictable,106.42,1,,,5,102.09,,120,Sound,,,
0,FORT,2,1,1776625433.396702,115.17,Game,1,Predictable,106.44,1,,,5,102.09,,120,Sound,,,
0,FORT,2,1,1776625433.396702,115.18,Game,1,Predictable,106.45,1,,,5,102.09,,120,Sound,,,
0,FORT,2,1,1776625433.396702,115.19,Game,1,Predictable,106.46,1,,,5,102.09,,120,Sound,,,
0,FORT,2,1,1776625433.396702,115.21,Game,1,Predictable,106.47,1,,,5,102.09,,120,Sound,,,
0,FORT,2,1,1776625433.396702,115.22,Game,1,Predictable,106.49,1,,,5,102.09,,120,Sound,,,
0,FORT,2,1,1776625433.396702,115.23,Game,1,Predictable,106.5,1,,,5,102.09,,120,Sound,,,
0,FORT,2,1,1776625433.396702,115.24,Game,1,Predictable,106.51,1,,,5,102.09,,120,Sound,,,
0,FORT,2,1,1776625433.396702,115.26,Game,1,Predictable,106.52,1,,,5,102.09,,120,Sound,,,
0,FORT,2,1,1776625433.396702,115.27,Game,1,Predictable,106.54,1,,,5,102.09,,120,Sound,,,
0,FORT,2,1,1776625433.396702,115.28,Game,1,Predictable,106.55,1,,,5,102.09,,120,Sound,,,
0,FORT,2,1,1776625433.396702,115.29,Game,1,Predictable,106.56,1,,,5,102.09,,120,Sound,,,
0,FORT,2,1,1776625433.396702,115.31,Game,1,Predictable,106.57,1,,,5,102.09,,120,Sound,,,
0,FORT,2,1,1776625433.396702,115.32,Game,1,Predictable,106.59,1,,,5,102.09,,120,Sound,,,
0,FORT,2,1,1776625433.396702,115.33,Game,1,Predictable,106.6,1,,,5,102.09,,120,Sound,,,
0,FORT,2,1,1776625433.396702,115.34,Game,1,Predictable,106.61,1,,,5,102.09,,120,Sound,,,
0,FORT,2,1,1776625433.396702,115.36,Game,1,Predictable,106.62,1,,,5,102.09,,120,Sound,,,
0,FORT,2,1,1776625433.396702,115.37,Game,1,Predictable,106.64,1,,,5,102.09,,120,Sound,,,
0,FORT,2,1,1776625433.396702,115.38,Game,1,Predictable,106.65,1,,,5,102.09,,120,Sound,,,
0,FORT,2,1,1776625433.396702,115.39,Game,1,Predictable,106.66,1,,,5,102.09,,120,Sound,,,
0,FORT,2,1,1776625433.396702,115.41,Game,1,Predictable,106.67,1,,,5,102.09,,120,Sound,,,
0,FORT,2,1,1776625433.396702,115.42,Game,1,Predictable,106.69,1,,,5,102.09,,120,Sound,,,
0,FORT,2,1,1776625433.396702,115.43,Game,1,Predictable,106.7,1,,,5,102.09,,120,Sound,,,
0,FORT,2,1,1776625433.396702,115.44,Game,1,Predictable,106.71,1,,,5,102.09,,120,Sound,,,
0,FORT,2,1,1776625433.396702,115.46,Game,1,Predictable,106.72,1,,,5,102.09,,120,Sound,,,
0,FORT,2,1,1776625433.396702,115.47,Game,1,Predictable,106.74,1,,,5,102.09,,120,Sound,,,
0,FORT,2,1,1776625433.396702,115.48,Game,1,Predictable,106.75,1,,,5,102.09,,120,Sound,,,
0,FORT,2,1,1776625433.396702,115.49,Game,1,Predictable,106.76,1,,,5,102.09,,120,Sound,,,
0,FORT,2,1,1776625433.396702,115.51,Game,1,Predictable,106.77,1,,,5,102.09,,120,Sound,,,
0,FORT,2,1,1776625433.396702,115.52,Game,1,Predictable,106.79,1,,,5,102.09,,120,Sound,,,
0,FORT,2,1,1776625433.396702,115.53,Game,1,Predictable,106.8,1,,,5,102.09,,120,Sound,,,
0,FORT,2,1,1776625433.396702,115.54,Game,1,Predictable,106.81,1,,,5,102.09,,120,Sound,,,
0,FORT,2,1,1776625433.396702,115.56,Game,1,Predictable,106.82,1,,,5,102.09,,120,Sound,,,
0,FORT,2,1,1776625433.396702,115.57,Game,1,Predictable,106.84,1,,,5,102.09,,120,Sound,,,
0,FORT,2,1,1776625433.396702,115.58,Game,1,Predictable,106.85,1,,,5,102.09,,120,Sound,,,
0,FORT,2,1,1776625433.396702,115.59,Game,1,Predictable,106.86,1,,,5,102.09,,120,Sound,,,
0,FORT,2,1,1776625433.396702,115.61,Game,1,Predictable,106.87,1,,,5,102.09,,120,Sound,,,
0,FORT,2,1,1776625433.396702,115.62,Game,1,Predictable,106.89,1,,,5,102.09,,120,Sound,,,
0,FORT,2,1,1776625433.396702,115.63,Game,1,Predictable,106.9,1,,,5,102.09,,120,Sound,,,
0,FORT,2,1,1776625433.396702,115.64,Game,1,Predictable,106.91,1,,,5,102.09,,120,Sound,,,
0,FORT,2,1,1776625433.396702,115.66,Game,1,Predictable,106.92,1,,,5,102.09,,120,Sound,,,
0,FORT,2,1,1776625433.396702,115.67,Game,1,Predictable,106.94,1,,,5,102.09,,120,Sound,,,
0,FORT,2,1,1776625433.396702,115.68,Game,1,Predictable,106.95,1,,,5,102.09,,120,Sound,,,
0,FORT,2,1,1776625433.396702,115.69,Game,1,Predictable,106.96,1,,,5,102.09,,120,Sound,,,
0,FORT,2,1,1776625433.396702,115.71,Game,1,Predictable,106.97,1,,,5,102.09,,120,Sound,,,
0,FORT,2,1,1776625433.396702,115.72,Game,1,Predictable,106.99,1,,,5,102.09,,120,Sound,,,
0,FORT,2,1,1776625433.396702,115.73,Game,1,Predictable,107.0,1,,,5,102.09,,120,Sound,,,
0,FORT,2,1,1776625433.396702,115.74,Game,1,Predictable,107.01,1,,,5,102.09,,120,Sound,,,
0,FORT,2,1,1776625433.396702,115.76,Game,1,Predictable,107.02,1,,,5,102.09,,120,Sound,,,
0,FORT,2,1,1776625433.396702,115.77,Game,1,Predictable,107.04,1,,,5,102.09,,120,Sound,,,
0,FORT,2,1,1776625433.396702,115.78,Game,1,Predictable,107.05,1,,,5,102.09,,120,Sound,,,
0,FORT,2,1,1776625433.396702,115.79,Game,1,Predictable,107.06,1,,,5,102.09,,120,Sound,,,
0,FORT,2,1,1776625433.396702,115.81,Game,1,Predictable,107.07,1,,,5,102.09,,120,Sound,,,
0,FORT,2,1,1776625433.396702,115.82,Game,1,Predictable,107.09,1,,,5,102.09,,120,Sound,,,
0,FORT,2,1,1776625433.396702,115.83,Game,1,Predictable,107.1,1,,,5,102.09,,120,Sound,,,
0,FORT,2,1,1776625433.396702,115.84,Game,1,Predictable,107.11,1,,,5,102.09,,120,Sound,,,
0,FORT,2,1,1776625433.396702,115.86,Game,1,Predictable,107.12,1,,,5,102.09,,120,Sound,,,
0,FORT,2,1,1776625433.396702,115.87,Game,1,Predictable,107.14,1,,,5,102.09,,120,Sound,,,
0,FORT,2,1,1776625433.396702,115.88,Game,1,Predictable,107.15,1,,,5,102.09,,120,Sound,,,
0,FORT,2,1,1776625433.396702,115.89,Game,1,Predictable,107.16,1,,,5,102.09,,120,Sound,,,
0,FORT,2,1,1776625433.396702,115.91,Game,1,Predictable,107.18,1,,,5,102.09,,120,Sound,,,
0,FORT,2,1,1776625433.396702,115.92,Game,1,Predictable,107.19,1,,,5,102.09,,120,Sound,,,
0,FORT,2,1,1776625433.396702,115.93,Game,1,Predictable,107.2,1,,,5,102.09,,120,Sound,,,
0,FORT,2,1,1776625433.396702,115.94,Game,1,Predictable,107.21,1,,,5,102.09,,120,Sound,,,
0,FORT,2,1,1776625433.396702,115.96,Game,1,Predictable,107.22,1,,,5,102.09,,120,Sound,,,
0,FORT,2,1,1776625433.396702,115.97,Game,1,Predictable,107.24,1,,,5,102.09,,120,Sound,,,
0,FORT,2,1,1776625433.396702,115.98,Game,1,Predictable,107.25,1,,,5,102.09,,120,Sound,,,
0,FORT,2,1,1776625433.396702,115.99,Game,1,Predictable,107.26,1,,,5,102.09,,120,Sound,,,
0,FORT,2,1,1776625433.396702,116.01,Game,1,Predictable,107.27,1,,,5,102.09,,120,Sound,,,
0,FORT,2,1,1776625433.396702,116.02,Game,1,Predictable,107.29,1,,,5,102.09,,120,Sound,,,
0,FORT,2,1,1776625433.396702,116.03,Game,1,Predictable,107.3,1,,,5,102.09,,120,Sound,,,
0,FORT,2,1,1776625433.396702,116.04,Game,1,Predictable,107.31,1,,,5,102.09,,120,Sound,,,
0,FORT,2,1,1776625433.396702,116.06,Game,1,Predictable,107.32,1,,,5,102.09,,120,Sound,,,
0,FORT,2,1,1776625433.396702,116.07,Game,1,Predictable,107.34,1,,,5,102.09,,120,Sound,,,
0,FORT,2,1,1776625433.396702,116.08,Game,1,Predictable,107.35,1,,,5,102.09,,120,Sound,,,
0,FORT,2,1,1776625433.396702,116.09,Game,1,Predictable,107.36,1,,,5,102.09,,120,Sound,,,
0,FORT,2,1,1776625433.396702,116.11,Game,1,Predictable,107.37,1,,,5,102.09,,120,Sound,,,
0,FORT,2,1,1776625433.396702,116.12,Game,1,Predictable,107.39,1,,,5,102.09,,120,Sound,,,
0,FORT,2,1,1776625433.396702,116.13,Game,1,Predictable,107.4,1,,,5,102.09,,120,Sound,,,
0,FORT,2,1,1776625433.396702,116.14,Game,1,Predictable,107.41,1,,,5,102.09,,120,Sound,,,
0,FORT,2,1,1776625433.396702,116.16,Game,1,Predictable,107.42,1,,,5,102.09,,120,Sound,,,
0,FORT,2,1,1776625433.396702,116.17,Game,1,Predictable,107.44,1,,,5,102.09,,120,Sound,,,
0,FORT,2,1,1776625433.396702,116.18,Game,1,Predictable,107.45,1,,,5,102.09,,120,Sound,,,
0,FORT,2,1,1776625433.396702,116.19,Game,1,Predictable,107.46,1,,,5,102.09,,120,Sound,,,
0,FORT,2,1,1776625433.396702,116.21,Game,1,Predictable,107.47,1,,,5,102.09,,120,Sound,,,
0,FORT,2,1,1776625433.396702,116.22,Game,1,Predictable,107.49,1,,,5,102.09,,120,Sound,,,
0,FORT,2,1,1776625433.396702,116.23,Game,1,Predictable,107.5,1,,,5,102.09,,120,Sound,,,
0,FORT,2,1,1776625433.396702,116.24,Game,1,Predictable,107.51,1,,,5,102.09,,120,Sound,,,
0,FORT,2,1,1776625433.396702,116.26,Game,1,Predictable,107.52,1,,,5,102.09,,120,Sound,,,
0,FORT,2,1,1776625433.396702,116.27,Game,1,Predictable,107.54,1,,,5,102.09,,120,Sound,,,
0,FORT,2,1,1776625433.396702,116.28,Game,1,Predictable,107.55,1,,,5,102.09,,120,Sound,,,
0,FORT,2,1,1776625433.396702,116.29,Game,1,Predictable,107.56,1,,,5,102.09,,120,Sound,,,
0,FORT,2,1,1776625433.396702,116.31,Game,1,Predictable,107.57,1,,,5,102.09,,120,Sound,,,
0,FORT,2,1,1776625433.396702,116.32,Game,1,Predictable,107.59,1,,,5,102.09,,120,Sound,,,
0,FORT,2,1,1776625433.396702,116.33,Game,1,Predictable,107.6,1,,,5,102.09,,120,Sound,,,
0,FORT,2,1,1776625433.396702,116.34,Game,1,Predictable,107.61,1,,,5,102.09,,120,Sound,,,
0,FORT,2,1,1776625433.396702,116.36,Game,1,Predictable,107.62,1,,,5,102.09,,120,Sound,,,
0,FORT,2,1,1776625433.396702,116.37,Game,1,Predictable,107.64,1,,,5,102.09,,120,Sound,,,
0,FORT,2,1,1776625433.396702,116.38,Game,1,Predictable,107.65,1,,,5,102.09,,120,Sound,,,
0,FORT,2,1,1776625433.396702,116.39,Game,1,Predictable,107.66,1,,,5,102.09,,120,Sound,,,
0,FORT,2,1,1776625433.396702,116.41,Game,1,Predictable,107.67,1,,,5,102.09,,120,Sound,,,
0,FORT,2,1,1776625433.396702,116.42,Game,1,Predictable,107.69,1,,,5,102.09,,120,Sound,,,
0,FORT,2,1,1776625433.396702,116.43,Game,1,Predictable,107.7,1,,,5,102.09,,120,Sound,,,
0,FORT,2,1,1776625433.396702,116.44,Game,1,Predictable,107.71,1,,,5,102.09,,120,Sound,,,
0,FORT,2,1,1776625433.396702,116.46,Game,1,Predictable,107.72,1,,,5,102.09,,120,Sound,,,
0,FORT,2,1,1776625433.396702,116.47,Game,1,Predictable,107.74,1,,,5,102.09,,120,Sound,,,
0,FORT,2,1,1776625433.396702,116.48,Game,1,Predictable,107.75,1,,,5,102.09,,120,Sound,,,
0,FORT,2,1,1776625433.396702,116.49,Game,1,Predictable,107.76,1,,,5,102.09,,120,Sound,,,
0,FORT,2,1,1776625433.396702,116.51,Game,1,Predictable,107.77,1,,,5,102.09,,120,Sound,,,
0,FORT,2,1,1776625433.396702,116.52,Game,1,Predictable,107.79,1,,,5,102.09,,120,Sound,,,
0,FORT,2,1,1776625433.396702,116.53,Game,1,Predictable,107.8,1,,,5,102.09,,120,Sound,,,
0,FORT,2,1,1776625433.396702,116.54,Game,1,Predictable,107.81,1,,,5,102.09,,120,Sound,,,
0,FORT,2,1,1776625433.396702,116.56,Game,1,Predictable,107.82,1,,,5,102.09,,120,Sound,,,
0,FORT,2,1,1776625433.396702,116.57,Game,1,Predictable,107.84,1,,,5,102.09,,120,Sound,,,
0,FORT,2,1,1776625433.396702,116.58,Game,1,Predictable,107.85,1,,,5,102.09,,120,Sound,,,
0,FORT,2,1,1776625433.396702,116.59,Game,1,Predictable,107.86,1,,,5,102.09,,120,Sound,,,
0,FORT,2,1,1776625433.396702,116.61,Game,1,Predictable,107.87,1,,,5,102.09,,120,Sound,,,
0,FORT,2,1,1776625433.396702,116.62,Game,1,Predictable,107.89,1,,,5,102.09,,120,Sound,,,
0,FORT,2,1,1776625433.396702,116.63,Game,1,Predictable,107.9,1,,,5,102.09,,120,Sound,,,
0,FORT,2,1,1776625433.396702,116.64,Game,1,Predictable,107.91,1,,,5,102.09,,120,Sound,,,
0,FORT,2,1,1776625433.396702,116.66,Game,1,Predictable,107.92,1,,,5,102.09,,120,Sound,,,
0,FORT,2,1,1776625433.396702,116.67,Game,1,Predictable,107.94,1,,,5,102.09,,120,Sound,,,
0,FORT,2,1,1776625433.396702,116.68,Game,1,Predictable,107.95,1,,,5,102.09,,120,Sound,,,
0,FORT,2,1,1776625433.396702,116.69,Game,1,Predictable,107.96,1,,,5,102.09,,120,Sound,,,
0,FORT,2,1,1776625433.396702,116.71,Game,1,Predictable,107.97,1,,,5,102.09,,120,Sound,,,
0,FORT,2,1,1776625433.396702,116.72,Game,1,Predictable,107.99,1,,,5,102.09,,120,Sound,,,
0,FORT,2,1,1776625433.396702,116.73,Game,1,Predictable,108.0,1,,,5,102.09,,120,Sound,,,
0,FORT,2,1,1776625433.396702,116.74,Game,1,Predictable,108.01,1,,,5,102.09,,120,Sound,,,
0,FORT,2,1,1776625433.396702,116.76,Game,1,Predictable,108.03,1,,,5,102.09,,120,Sound,,,
0,FORT,2,1,1776625433.396702,116.77,Game,1,Predictable,108.04,1,,,5,102.09,,120,Sound,,,
0,FORT,2,1,1776625433.396702,116.78,Game,1,Predictable,108.05,1,,,5,102.09,,120,Sound,,,
0,FORT,2,1,1776625433.396702,116.79,Game,1,Predictable,108.06,1,,,5,102.09,,120,Sound,,,
0,FORT,2,1,1776625433.396702,116.81,Game,1,Predictable,108.07,1,,,5,102.09,,120,Sound,,,
0,FORT,2,1,1776625433.396702,116.82,Game,1,Predictable,108.09,1,,,5,102.09,,120,Sound,,,
0,FORT,2,1,1776625433.396702,116.83,Game,1,Predictable,108.1,1,,,5,102.09,,120,Sound,,,
0,FORT,2,1,1776625433.396702,116.84,Game,1,Predictable,108.11,1,,,5,102.09,,120,Sound,,,
0,FORT,2,1,1776625433.396702,116.86,Game,1,Predictable,108.12,1,,,5,102.09,,120,Sound,,,
0,FORT,2,1,1776625433.396702,116.87,Game,1,Predictable,108.14,1,,,5,102.09,,120,Sound,,,
0,FORT,2,1,1776625433.396702,116.88,Game,1,Predictable,108.15,1,,,5,102.09,,120,Sound,,,
0,FORT,2,1,1776625433.396702,116.89,Game,1,Predictable,108.16,1,,,5,102.09,,120,Sound,,,
0,FORT,2,1,1776625433.396702,116.91,Game,1,Predictable,108.17,1,,,5,102.09,,120,Sound,,,
0,FORT,2,1,1776625433.396702,116.92,Game,1,Predictable,108.19,1,,,5,102.09,,120,Sound,,,
0,FORT,2,1,1776625433.396702,116.93,Game,1,Predictable,108.2,1,,,5,102.09,,120,Sound,,,
0,FORT,2,1,1776625433.396702,116.94,Game,1,Predictable,108.21,1,,,5,102.09,,120,Sound,,,
0,FORT,2,1,1776625433.396702,116.96,Game,1,Predictable,108.22,1,,,5,102.09,,120,Sound,,,
0,FORT,2,1,1776625433.396702,116.97,Game,1,Predictable,108.24,1,,,5,102.09,,120,Sound,,,
0,FORT,2,1,1776625433.396702,116.98,Game,1,Predictable,108.25,1,,,5,102.09,,120,Sound,,,
0,FORT,2,1,1776625433.396702,116.99,Game,1,Predictable,108.26,1,,,5,102.09,,120,Sound,,,
0,FORT,2,1,1776625433.396702,117.01,Game,1,Predictable,108.27,1,,,5,102.09,,120,Sound,,,
0,FORT,2,1,1776625433.396702,117.02,Game,1,Predictable,108.29,1,,,5,102.09,,120,Sound,,,
0,FORT,2,1,1776625433.396702,117.03,Game,1,Predictable,108.3,1,,,5,102.09,,120,Sound,,,
0,FORT,2,1,1776625433.396702,117.04,Game,1,Predictable,108.31,1,,,5,102.09,,120,Sound,,,
0,FORT,2,1,1776625433.396702,117.06,Game,1,Predictable,108.32,1,,,5,102.09,,120,Sound,,,
0,FORT,2,1,1776625433.396702,117.07,Game,1,Predictable,108.34,1,,,5,102.09,,120,Sound,,,
0,FORT,2,1,1776625433.396702,117.08,Game,1,Predictable,108.35,1,,,5,102.09,,120,Sound,,,
0,FORT,2,1,1776625433.396702,117.09,Game,1,Predictable,108.36,1,,,5,102.09,,120,Sound,,,
0,FORT,2,1,1776625433.396702,117.11,Game,1,Predictable,108.37,1,,,5,102.09,,120,Sound,,,
0,FORT,2,1,1776625433.396702,117.12,Game,1,Predictable,108.39,1,,,5,102.09,,120,Sound,,,
0,FORT,2,1,1776625433.396702,117.13,Game,1,Predictable,108.4,1,,,5,102.09,,120,Sound,,,
0,FORT,2,1,1776625433.396702,117.14,Game,1,Predictable,108.41,1,,,5,102.09,,120,Sound,,,
0,FORT,2,1,1776625433.396702,117.16,Game,1,Predictable,108.43,1,,,5,102.09,,120,Sound,,,
0,FORT,2,1,1776625433.396702,117.17,Game,1,Predictable,108.44,1,,,5,102.09,,120,Sound,,,
0,FORT,2,1,1776625433.396702,117.18,Game,1,Predictable,108.45,1,,,5,102.09,,120,Sound,,,
0,FORT,2,1,1776625433.396702,117.19,Game,1,Predictable,108.46,1,,,5,102.09,,120,Sound,,,
0,FORT,2,1,1776625433.396702,117.21,Game,1,Predictable,108.47,1,,,5,102.09,,120,Sound,,,
0,FORT,2,1,1776625433.396702,117.22,Game,1,Predictable,108.49,1,,,5,102.09,,120,Sound,,,
0,FORT,2,1,1776625433.396702,117.23,Game,1,Predictable,108.5,1,,,5,102.09,,120,Sound,,,
0,FORT,2,1,1776625433.396702,117.24,Game,1,Predictable,108.51,1,,,5,102.09,,120,Sound,,,
0,FORT,2,1,1776625433.396702,117.26,Game,1,Predictable,108.52,1,,,5,102.09,,120,Sound,,,
0,FORT,2,1,1776625433.396702,117.27,Game,1,Predictable,108.54,1,,,5,102.09,,120,Sound,,,
0,FORT,2,1,1776625433.396702,117.28,Game,1,Predictable,108.55,1,,,5,102.09,,120,Sound,,,
0,FORT,2,1,1776625433.396702,117.29,Game,1,Predictable,108.56,1,,,5,102.09,,120,Sound,,,
0,FORT,2,1,1776625433.396702,117.31,Game,1,Predictable,108.58,1,,,5,102.09,,120,Sound,,,
0,FORT,2,1,1776625433.396702,117.32,Game,1,Predictable,108.59,1,,,5,102.09,,120,Sound,,,
0,FORT,2,1,1776625433.396702,117.33,Game,1,Predictable,108.6,1,,,5,102.09,,120,Sound,,,
0,FORT,2,1,1776625433.396702,117.34,Game,1,Predictable,108.61,1,,,5,102.09,,120,Sound,,,
0,FORT,2,1,1776625433.396702,117.36,Game,1,Predictable,108.62,1,,,5,102.09,,120,Sound,,,
0,FORT,2,1,1776625433.396702,117.37,Game,1,Predictable,108.64,1,,,5,102.09,,120,Sound,,,
0,FORT,2,1,1776625433.396702,117.38,Game,1,Predictable,108.65,1,,,5,102.09,,120,Sound,,,
0,FORT,2,1,1776625433.396702,117.39,Game,1,Predictable,108.66,1,,,5,102.09,,120,Sound,,,
0,FORT,2,1,1776625433.396702,117.41,Game,1,Predictable,108.67,1,,,5,102.09,,120,Sound,,,
0,FORT,2,1,1776625433.396702,117.42,Game,1,Predictable,108.69,1,,,5,102.09,,120,Sound,,,
0,FORT,2,1,1776625433.396702,117.43,Game,1,Predictable,108.7,1,,,5,102.09,,120,Sound,,,
0,FORT,2,1,1776625433.396702,117.44,Game,1,Predictable,108.71,1,,,5,102.09,,120,Sound,,,
0,FORT,2,1,1776625433.396702,117.47,Game,1,Predictable,108.73,1,,,5,102.09,,120,Sound,,,
0,FORT,2,1,1776625433.396702,117.48,Game,1,Predictable,108.75,1,1,,5,102.09,,121,Sound,,,
0,FORT,2,1,1776625433.396702,117.54,Game,1,Predictable,108.75,1,1,,5,102.09,,121,Sound,,,
0,FORT,2,1,1776625433.396702,117.6,Game,1,Predictable,108.75,1,1,,5,102.09,,121,Sound,,,
0,FORT,2,1,1776625433.396702,117.66,Game,1,Predictable,108.75,1,1,,5,102.09,,121,Sound,,,
0,FORT,2,1,1776625433.396702,117.72,Game,1,Predictable,108.75,1,1,,5,102.09,,121,Sound,,,
0,FORT,2,1,1776625433.396702,117.78,Game,1,Predictable,108.75,1,1,,5,102.09,,121,Sound,,,
0,FORT,2,1,1776625433.396702,117.84,Game,1,Predictable,108.75,1,1,,5,102.09,,121,Sound,,,
0,FORT,2,1,1776625433.396702,117.89,Game,1,Predictable,108.75,1,1,,5,102.09,,121,Sound,,,
0,FORT,2,1,1776625433.396702,117.95,Game,1,Predictable,108.75,1,1,,5,102.09,,121,Sound,,,
0,FORT,2,1,1776625433.396702,118.01,Game,1,Predictable,108.75,1,1,,5,102.09,,121,Sound,,,
0,FORT,2,1,1776625433.396702,118.07,Game,1,Predictable,108.75,1,1,,5,102.09,,121,Sound,,,
0,FORT,2,1,1776625433.396702,118.13,Game,1,Predictable,108.75,1,1,,5,102.09,,121,Sound,,,
0,FORT,2,1,1776625433.396702,118.19,Game,1,Predictable,108.75,1,1,,5,102.09,,121,Sound,,,
0,FORT,2,1,1776625433.396702,118.25,Game,1,Predictable,108.75,1,1,,5,102.09,,121,Sound,,,
0,FORT,2,1,1776625433.396702,118.3,Game,1,Predictable,108.75,1,1,,5,102.09,,121,Sound,,,
0,FORT,2,1,1776625433.396702,118.36,Game,1,Predictable,108.75,1,1,,5,102.09,,121,Sound,,,
0,FORT,2,1,1776625433.396702,118.42,Game,1,Predictable,108.75,1,1,,5,102.09,,121,Sound,,,
0,FORT,2,1,1776625433.396702,118.48,Game,1,Predictable,108.75,1,1,,5,102.09,,121,Sound,,,
0,FORT,2,1,1776625433.396702,118.54,Game,1,Predictable,108.75,1,,,5,102.09,,120,Sound,,,
0,FORT,2,1,1776625433.396702,118.56,Game,1,Predictable,109.83,1,,,5,102.09,,120,Sound,,,
0,FORT,2,1,1776625433.396702,118.58,Game,1,Predictable,109.84,1,,,5,102.09,,120,Sound,,,
0,FORT,2,1,1776625433.396702,118.59,Game,1,Predictable,109.86,1,,,5,102.09,,120,Sound,,,
0,FORT,2,1,1776625433.396702,118.6,Game,1,Predictable,109.87,1,,,5,102.09,,120,Sound,,,
0,FORT,2,1,1776625433.396702,118.61,Game,1,Predictable,109.88,1,,,5,102.09,,120,Sound,,,
0,FORT,2,1,1776625433.396702,118.63,Game,1,Predictable,109.9,1,,,5,102.09,,120,Sound,,,
0,FORT,2,1,1776625433.396702,118.64,Game,1,Predictable,109.91,1,,,5,102.09,,120,Sound,,,
0,FORT,2,1,1776625433.396702,118.65,Game,1,Predictable,109.92,1,,,5,102.09,,120,Sound,,,
0,FORT,2,1,1776625433.396702,118.66,Game,1,Predictable,109.93,1,,,5,102.09,,120,Sound,,,
0,FORT,2,1,1776625433.396702,118.68,Game,1,Predictable,109.95,1,,,5,102.09,,120,Sound,,,
0,FORT,2,1,1776625433.396702,118.69,Game,1,Predictable,109.96,1,,,5,102.09,,120,Sound,,,
0,FORT,2,1,1776625433.396702,118.7,Game,1,Predictable,109.97,1,,,5,102.09,,120,Sound,,,
0,FORT,2,1,1776625433.396702,118.71,Game,1,Predictable,109.98,1,,,5,102.09,,120,Sound,,,
0,FORT,2,1,1776625433.396702,118.73,Game,1,Predictable,110.0,1,,,5,102.09,,120,Sound,,,
0,FORT,2,1,1776625433.396702,118.74,Game,1,Predictable,110.01,1,,,5,102.09,,120,Sound,,,
0,FORT,2,1,1776625433.396702,118.75,Game,1,Predictable,110.02,1,,,5,102.09,,120,Sound,,,
0,FORT,2,1,1776625433.396702,118.76,Game,1,Predictable,110.03,1,,,5,102.09,,120,Sound,,,
0,FORT,2,1,1776625433.396702,118.78,Game,1,Predictable,110.05,1,,,5,102.09,,120,Sound,,,
0,FORT,2,1,1776625433.396702,118.79,Game,1,Predictable,110.06,1,,,5,102.09,,120,Sound,,,
0,FORT,2,1,1776625433.396702,118.8,Game,1,Predictable,110.07,1,,,5,102.09,,120,Sound,,,
0,FORT,2,1,1776625433.396702,118.81,Game,1,Predictable,110.08,1,,,5,102.09,,120,Sound,,,
0,FORT,2,1,1776625433.396702,118.83,Game,1,Predictable,110.1,1,,,5,102.09,,120,Sound,,,
0,FORT,2,1,1776625433.396702,118.84,Game,1,Predictable,110.11,1,,,5,102.09,,120,Sound,,,
0,FORT,2,1,1776625433.396702,118.85,Game,1,Predictable,110.12,1,,,5,102.09,,120,Sound,,,
0,FORT,2,1,1776625433.396702,118.86,Game,1,Predictable,110.13,1,,,5,102.09,,120,Sound,,,
0,FORT,2,1,1776625433.396702,118.88,Game,1,Predictable,110.15,1,,,5,102.09,,120,Sound,,,
0,FORT,2,1,1776625433.396702,118.89,Game,1,Predictable,110.16,1,,,5,102.09,,120,Sound,,,
0,FORT,2,1,1776625433.396702,118.9,Game,1,Predictable,110.17,1,,,5,102.09,,120,Sound,,,
0,FORT,2,1,1776625433.396702,118.91,Game,1,Predictable,110.18,1,,,5,102.09,,120,Sound,,,
0,FORT,2,1,1776625433.396702,118.93,Game,1,Predictable,110.2,1,,,5,102.09,,120,Sound,,,
0,FORT,2,1,1776625433.396702,118.94,Game,1,Predictable,110.21,1,,,5,102.09,,120,Sound,,,
0,FORT,2,1,1776625433.396702,118.95,Game,1,Predictable,110.22,1,,,5,102.09,,120,Sound,,,
0,FORT,2,1,1776625433.396702,118.96,Game,1,Predictable,110.23,1,,,5,102.09,,120,Sound,,,
0,FORT,2,1,1776625433.396702,118.98,Game,1,Predictable,110.25,1,,,5,102.09,,120,Sound,,,
0,FORT,2,1,1776625433.396702,118.99,Game,1,Predictable,110.26,1,,,5,102.09,,120,Sound,,,
0,FORT,2,1,1776625433.396702,119.0,Game,1,Predictable,110.27,1,,,5,102.09,,120,Sound,,,
0,FORT,2,1,1776625433.396702,119.01,Game,1,Predictable,110.28,1,,,5,102.09,,120,Sound,,,
0,FORT,2,1,1776625433.396702,119.03,Game,1,Predictable,110.3,1,,,5,102.09,,120,Sound,,,
0,FORT,2,1,1776625433.396702,119.04,Game,1,Predictable,110.31,1,,,5,102.09,,120,Sound,,,
0,FORT,2,1,1776625433.396702,119.05,Game,1,Predictable,110.32,1,,,5,102.09,,120,Sound,,,
0,FORT,2,1,1776625433.396702,119.06,Game,1,Predictable,110.33,1,,,5,102.09,,120,Sound,,,
0,FORT,2,1,1776625433.396702,119.08,Game,1,Predictable,110.35,1,,,5,102.09,,120,Sound,,,
0,FORT,2,1,1776625433.396702,119.09,Game,1,Predictable,110.36,1,,,5,102.09,,120,Sound,,,
0,FORT,2,1,1776625433.396702,119.1,Game,1,Predictable,110.37,1,,,5,102.09,,120,Sound,,,
0,FORT,2,1,1776625433.396702,119.11,Game,1,Predictable,110.38,1,,,5,102.09,,120,Sound,,,
0,FORT,2,1,1776625433.396702,119.13,Game,1,Predictable,110.4,1,,,5,102.09,,120,Sound,,,
0,FORT,2,1,1776625433.396702,119.14,Game,1,Predictable,110.41,1,,,5,102.09,,120,Sound,,,
0,FORT,2,1,1776625433.396702,119.15,Game,1,Predictable,110.42,1,,,5,102.09,,120,Sound,,,
0,FORT,2,1,1776625433.396702,119.16,Game,1,Predictable,110.43,1,,,5,102.09,,120,Sound,,,
0,FORT,2,1,1776625433.396702,119.18,Game,1,Predictable,110.45,1,,,5,102.09,,120,Sound,,,
0,FORT,2,1,1776625433.396702,119.19,Game,1,Predictable,110.46,1,,,5,102.09,,120,Sound,,,
0,FORT,2,1,1776625433.396702,119.2,Game,1,Predictable,110.47,1,,,5,102.09,,120,Sound,,,
0,FORT,2,1,1776625433.396702,119.22,Game,1,Predictable,110.49,1,,,5,102.09,,120,Sound,,,
0,FORT,2,1,1776625433.396702,119.23,Game,1,Predictable,110.5,1,,,5,102.09,,120,Sound,,,
0,FORT,2,1,1776625433.396702,119.24,Game,1,Predictable,110.51,1,,,5,102.09,,120,Sound,,,
0,FORT,2,1,1776625433.396702,119.26,Game,1,Predictable,110.53,1,,,5,102.09,,120,Sound,,,
0,FORT,2,1,1776625433.396702,119.27,Game,1,Predictable,110.54,1,,,5,102.09,,120,Sound,,,
0,FORT,2,1,1776625433.396702,119.29,Game,1,Predictable,110.56,1,,,5,102.09,,120,Sound,,,
0,FORT,2,1,1776625433.396702,119.3,Game,1,Predictable,110.57,1,,,5,102.09,,120,Sound,,,
0,FORT,2,1,1776625433.396702,119.31,Game,1,Predictable,110.58,1,,,5,102.09,,120,Sound,,,
0,FORT,2,1,1776625433.396702,119.33,Game,1,Predictable,110.59,1,,,5,102.09,,120,Sound,,,
0,FORT,2,1,1776625433.396702,119.34,Game,1,Predictable,110.61,1,,,5,102.09,,120,Sound,,,
0,FORT,2,1,1776625433.396702,119.35,Game,1,Predictable,110.62,1,,,5,102.09,,120,Sound,,,
0,FORT,2,1,1776625433.396702,119.37,Game,1,Predictable,110.64,1,,,5,102.09,,120,Sound,,,
0,FORT,2,1,1776625433.396702,119.38,Game,1,Predictable,110.65,1,,,5,102.09,,120,Sound,,,
0,FORT,2,1,1776625433.396702,119.39,Game,1,Predictable,110.66,1,,,5,102.09,,120,Sound,,,
0,FORT,2,1,1776625433.396702,119.41,Game,1,Predictable,110.67,1,,,5,102.09,,120,Sound,,,
0,FORT,2,1,1776625433.396702,119.42,Game,1,Predictable,110.69,1,,,5,102.09,,120,Sound,,,
0,FORT,2,1,1776625433.396702,119.43,Game,1,Predictable,110.7,1,,,5,102.09,,120,Sound,,,
0,FORT,2,1,1776625433.396702,119.45,Game,1,Predictable,110.72,1,,,5,102.09,,120,Sound,,,
0,FORT,2,1,1776625433.396702,119.46,Game,1,Predictable,110.73,1,,,5,102.09,,120,Sound,,,
0,FORT,2,1,1776625433.396702,119.47,Game,1,Predictable,110.74,1,,,5,102.09,,120,Sound,,,
0,FORT,2,1,1776625433.396702,119.49,Game,1,Predictable,110.75,1,,,5,102.09,,120,Sound,,,
0,FORT,2,1,1776625433.396702,119.5,Game,1,Predictable,110.77,1,,,5,102.09,,120,Sound,,,
0,FORT,2,1,1776625433.396702,119.51,Game,1,Predictable,110.78,1,,,5,102.09,,120,Sound,,,
0,FORT,2,1,1776625433.396702,119.53,Game,1,Predictable,110.79,1,,,5,102.09,,120,Sound,,,
0,FORT,2,1,1776625433.396702,119.54,Game,1,Predictable,110.81,1,,,5,102.09,,120,Sound,,,
0,FORT,2,1,1776625433.396702,119.55,Game,1,Predictable,110.82,1,,,5,102.09,,120,Sound,,,
0,FORT,2,1,1776625433.396702,119.57,Game,1,Predictable,110.84,1,,,5,102.09,,120,Sound,,,
0,FORT,2,1,1776625433.396702,119.58,Game,1,Predictable,110.85,1,,,5,102.09,,120,Sound,,,
0,FORT,2,1,1776625433.396702,119.59,Game,1,Predictable,110.86,1,,,5,102.09,,120,Sound,,,
0,FORT,2,1,1776625433.396702,119.62,Game,1,Predictable,110.88,1,,,5,102.09,,120,Sound,,,
0,FORT,2,1,1776625433.396702,119.64,Game,1,Predictable,110.91,1,,,5,102.09,,120,Sound,,,
0,FORT,2,1,1776625433.396702,119.65,Game,1,Predictable,110.92,1,,,5,102.09,,120,Sound,,,
0,FORT,2,1,1776625433.396702,119.66,Game,1,Predictable,110.93,1,,,5,102.09,,120,Sound,,,
0,FORT,2,1,1776625433.396702,119.68,Game,1,Predictable,110.95,1,,,5,102.09,,120,Sound,,,
0,FORT,2,1,1776625433.396702,119.69,Game,1,Predictable,110.96,1,,,5,102.09,,120,Sound,,,
0,FORT,2,1,1776625433.396702,119.71,Game,1,Predictable,110.97,1,,,5,102.09,,120,Sound,,,
0,FORT,2,1,1776625433.396702,119.72,Game,1,Predictable,110.99,1,,,5,102.09,,120,Sound,,,
0,FORT,2,1,1776625433.396702,119.73,Game,1,Predictable,111.0,1,,,5,102.09,,120,Sound,,,
0,FORT,2,1,1776625433.396702,119.75,Game,1,Predictable,111.02,1,,,5,102.09,,120,Sound,,,
0,FORT,2,1,1776625433.396702,119.76,Game,1,Predictable,111.03,1,,,5,102.09,,120,Sound,,,
0,FORT,2,1,1776625433.396702,119.78,Game,1,Predictable,111.04,1,,,5,102.09,,120,Sound,,,
0,FORT,2,1,1776625433.396702,119.79,Game,1,Predictable,111.06,1,,,5,102.09,,120,Sound,,,
0,FORT,2,1,1776625433.396702,119.8,Game,1,Predictable,111.07,1,,,5,102.09,,120,Sound,,,
0,FORT,2,1,1776625433.396702,119.82,Game,1,Predictable,111.09,1,,,5,102.09,,120,Sound,,,
0,FORT,2,1,1776625433.396702,119.83,Game,1,Predictable,111.1,1,,,5,102.09,,120,Sound,,,
0,FORT,2,1,1776625433.396702,119.84,Game,1,Predictable,111.11,1,,,5,102.09,,120,Sound,,,
0,FORT,2,1,1776625433.396702,119.86,Game,1,Predictable,111.13,1,,,5,102.09,,120,Sound,,,
0,FORT,2,1,1776625433.396702,119.87,Game,1,Predictable,111.14,1,,,5,102.09,,120,Sound,,,
0,FORT,2,1,1776625433.396702,119.89,Game,1,Predictable,111.16,1,,,5,102.09,,120,Sound,,,
0,FORT,2,1,1776625433.396702,119.9,Game,1,Predictable,111.17,1,,,5,102.09,,120,Sound,,,
0,FORT,2,1,1776625433.396702,119.91,Game,1,Predictable,111.18,1,,,5,102.09,,120,Sound,,,
0,FORT,2,1,1776625433.396702,119.93,Game,1,Predictable,111.2,1,,,5,102.09,,120,Sound,,,
0,FORT,2,1,1776625433.396702,119.94,Game,1,Predictable,111.21,1,,,5,102.09,,120,Sound,,,
0,FORT,2,1,1776625433.396702,119.96,Game,1,Predictable,111.22,1,,,5,102.09,,120,Sound,,,
0,FORT,2,1,1776625433.396702,119.97,Game,1,Predictable,111.24,1,,,5,102.09,,120,Sound,,,
0,FORT,2,1,1776625433.396702,119.98,Game,1,Predictable,111.25,1,,,5,102.09,,120,Sound,,,
0,FORT,2,1,1776625433.396702,120.0,Game,1,Predictable,111.27,1,,,5,102.09,,120,Sound,,,
0,FORT,2,1,1776625433.396702,120.01,Game,1,Predictable,111.28,1,,,5,102.09,,120,Sound,,,
0,FORT,2,1,1776625433.396702,120.03,Game,1,Predictable,111.29,1,,,5,102.09,,120,Sound,,,
0,FORT,2,1,1776625433.396702,120.04,Game,1,Predictable,111.31,1,,,5,102.09,,120,Sound,,,
0,FORT,2,1,1776625433.396702,120.05,Game,1,Predictable,111.32,1,,,5,102.09,,120,Sound,,,
0,FORT,2,1,1776625433.396702,120.07,Game,1,Predictable,111.34,1,,,5,102.09,,120,Sound,,,
0,FORT,2,1,1776625433.396702,120.08,Game,1,Predictable,111.35,1,,,5,102.09,,120,Sound,,,
0,FORT,2,1,1776625433.396702,120.09,Game,1,Predictable,111.36,1,,,5,102.09,,120,Sound,,,
0,FORT,2,1,1776625433.396702,120.11,Game,1,Predictable,111.38,1,,,5,102.09,,120,Sound,,,
0,FORT,2,1,1776625433.396702,120.12,Game,1,Predictable,111.39,1,,,5,102.09,,120,Sound,,,
0,FORT,2,1,1776625433.396702,120.14,Game,1,Predictable,111.4,1,,,5,102.09,,120,Sound,,,
0,FORT,2,1,1776625433.396702,120.15,Game,1,Predictable,111.42,1,,,5,102.09,,120,Sound,,,
0,FORT,2,1,1776625433.396702,120.16,Game,1,Predictable,111.43,1,,,5,102.09,,120,Sound,,,
0,FORT,2,1,1776625433.396702,120.18,Game,1,Predictable,111.45,1,,,5,102.09,,120,Sound,,,
0,FORT,2,1,1776625433.396702,120.19,Game,1,Predictable,111.46,1,,,5,102.09,,120,Sound,,,
0,FORT,2,1,1776625433.396702,120.21,Game,1,Predictable,111.47,1,,,5,102.09,,120,Sound,,,
0,FORT,2,1,1776625433.396702,120.22,Game,1,Predictable,111.49,1,,,5,102.09,,120,Sound,,,
0,FORT,2,1,1776625433.396702,120.23,Game,1,Predictable,111.5,1,,,5,102.09,,120,Sound,,,
0,FORT,2,1,1776625433.396702,120.25,Game,1,Predictable,111.52,1,,,5,102.09,,120,Sound,,,
0,FORT,2,1,1776625433.396702,120.26,Game,1,Predictable,111.53,1,,,5,102.09,,120,Sound,,,
0,FORT,2,1,1776625433.396702,120.28,Game,1,Predictable,111.55,1,,,5,102.09,,120,Sound,,,
0,FORT,2,1,1776625433.396702,120.29,Game,1,Predictable,111.56,1,,,5,102.09,,120,Sound,,,
0,FORT,2,1,1776625433.396702,120.31,Game,1,Predictable,111.57,1,,,5,102.09,,120,Sound,,,
0,FORT,2,1,1776625433.396702,120.32,Game,1,Predictable,111.59,1,,,5,102.09,,120,Sound,,,
0,FORT,2,1,1776625433.396702,120.33,Game,1,Predictable,111.6,1,,,5,102.09,,120,Sound,,,
0,FORT,2,1,1776625433.396702,120.35,Game,1,Predictable,111.62,1,,,5,102.09,,120,Sound,,,
0,FORT,2,1,1776625433.396702,120.36,Game,1,Predictable,111.63,1,,,5,102.09,,120,Sound,,,
0,FORT,2,1,1776625433.396702,120.38,Game,1,Predictable,111.64,1,,,5,102.09,,120,Sound,,,
0,FORT,2,1,1776625433.396702,120.41,Game,1,Predictable,111.66,1,,,5,102.09,,120,Sound,,,
0,FORT,2,1,1776625433.396702,120.42,Game,1,Predictable,111.69,1,,,5,102.09,,120,Sound,,,
0,FORT,2,1,1776625433.396702,120.44,Game,1,Predictable,111.71,1,,,5,102.09,,120,Sound,,,
0,FORT,2,1,1776625433.396702,120.45,Game,1,Predictable,111.72,1,,,5,102.09,,120,Sound,,,
0,FORT,2,1,1776625433.396702,120.46,Game,1,Predictable,111.73,1,,,5,102.09,,120,Sound,,,
0,FORT,2,1,1776625433.396702,120.48,Game,1,Predictable,111.75,1,,,5,102.09,,120,Sound,,,
0,FORT,2,1,1776625433.396702,120.49,Game,1,Predictable,111.76,1,,,5,102.09,,120,Sound,,,
0,FORT,2,1,1776625433.396702,120.5,Game,1,Predictable,111.77,1,,,5,102.09,,120,Sound,,,
0,FORT,2,1,1776625433.396702,120.52,Game,1,Predictable,111.78,1,,,5,102.09,,120,Sound,,,
0,FORT,2,1,1776625433.396702,120.53,Game,1,Predictable,111.8,1,,,5,102.09,,120,Sound,,,
0,FORT,2,1,1776625433.396702,120.54,Game,1,Predictable,111.81,1,,,5,102.09,,120,Sound,,,
0,FORT,2,1,1776625433.396702,120.56,Game,1,Predictable,111.83,1,,,5,102.09,,120,Sound,,,
0,FORT,2,1,1776625433.396702,120.57,Game,1,Predictable,111.84,1,,,5,102.09,,120,Sound,,,
0,FORT,2,1,1776625433.396702,120.59,Game,1,Predictable,111.86,1,,,5,102.09,,120,Sound,,,
0,FORT,2,1,1776625433.396702,120.6,Game,1,Predictable,111.87,1,,,5,102.09,,120,Sound,,,
0,FORT,2,1,1776625433.396702,120.61,Game,1,Predictable,111.88,1,,,5,102.09,,120,Sound,,,
0,FORT,2,1,1776625433.396702,120.63,Game,1,Predictable,111.9,1,,,5,102.09,,120,Sound,,,
0,FORT,2,1,1776625433.396702,120.64,Game,1,Predictable,111.91,1,,,5,102.09,,120,Sound,,,
0,FORT,2,1,1776625433.396702,120.65,Game,1,Predictable,111.92,1,,,5,102.09,,120,Sound,,,
0,FORT,2,1,1776625433.396702,120.66,Game,1,Predictable,111.93,1,,,5,102.09,,120,Sound,,,
0,FORT,2,1,1776625433.396702,120.68,Game,1,Predictable,111.95,1,,,5,102.09,,120,Sound,,,
0,FORT,2,1,1776625433.396702,120.71,Game,1,Predictable,111.96,1,,,5,102.09,,120,Sound,,,
0,FORT,2,1,1776625433.396702,120.72,Game,1,Predictable,111.99,1,,,5,102.09,,120,Sound,,,
0,FORT,2,1,1776625433.396702,120.74,Game,1,Predictable,112.0,1,,,5,102.09,,120,Sound,,,
0,FORT,2,1,1776625433.396702,120.75,Game,1,Predictable,112.02,1,,,5,102.09,,120,Sound,,,
0,FORT,2,1,1776625433.396702,120.76,Game,1,Predictable,112.03,1,,,5,102.09,,120,Sound,,,
0,FORT,2,1,1776625433.396702,120.77,Game,1,Predictable,112.04,1,,,5,102.09,,120,Sound,,,
0,FORT,2,1,1776625433.396702,120.79,Game,1,Predictable,112.06,1,,,5,102.09,,120,Sound,,,
0,FORT,2,1,1776625433.396702,120.8,Game,1,Predictable,112.07,1,,,5,102.09,,120,Sound,,,
0,FORT,2,1,1776625433.396702,120.81,Game,1,Predictable,112.08,1,,,5,102.09,,120,Sound,,,
0,FORT,2,1,1776625433.396702,120.83,Game,1,Predictable,112.1,1,,,5,102.09,,120,Sound,,,
0,FORT,2,1,1776625433.396702,120.86,Game,1,Predictable,112.11,1,,,5,102.09,,120,Sound,,,
0,FORT,2,1,1776625433.396702,120.87,Game,1,Predictable,112.14,1,,,5,102.09,,120,Sound,,,
0,FORT,2,1,1776625433.396702,120.88,Game,1,Predictable,112.15,1,,,5,102.09,,120,Sound,,,
0,FORT,2,1,1776625433.396702,120.9,Game,1,Predictable,112.17,1,,,5,102.09,,120,Sound,,,
0,FORT,2,1,1776625433.396702,120.91,Game,1,Predictable,112.18,1,,,5,102.09,,120,Sound,,,
0,FORT,2,1,1776625433.396702,120.92,Game,1,Predictable,112.19,1,,,5,102.09,,120,Sound,,,
0,FORT,2,1,1776625433.396702,120.94,Game,1,Predictable,112.2,1,,,5,102.09,,120,Sound,,,
0,FORT,2,1,1776625433.396702,120.95,Game,1,Predictable,112.22,1,,,5,102.09,,120,Sound,,,
0,FORT,2,1,1776625433.396702,120.96,Game,1,Predictable,112.23,1,,,5,102.09,,120,Sound,,,
0,FORT,2,1,1776625433.396702,120.97,Game,1,Predictable,112.24,1,,,5,102.09,,120,Sound,,,
0,FORT,2,1,1776625433.396702,120.98,Game,1,Predictable,112.25,1,,,5,102.09,,120,Sound,,,
0,FORT,2,1,1776625433.396702,121.0,Game,1,Predictable,112.27,1,,,5,102.09,,120,Sound,,,
0,FORT,2,1,1776625433.396702,121.01,Game,1,Predictable,112.28,1,,,5,102.09,,120,Sound,,,
0,FORT,2,1,1776625433.396702,121.02,Game,1,Predictable,112.29,1,,,5,102.09,,120,Sound,,,
0,FORT,2,1,1776625433.396702,121.04,Game,1,Predictable,112.3,1,,,5,102.09,,120,Sound,,,
0,FORT,2,1,1776625433.396702,121.05,Game,1,Predictable,112.32,1,,,5,102.09,,120,Sound,,,
0,FORT,2,1,1776625433.396702,121.06,Game,1,Predictable,112.33,1,,,5,102.09,,120,Sound,,,
0,FORT,2,1,1776625433.396702,121.07,Game,1,Predictable,112.34,1,,,5,102.09,,120,Sound,,,
0,FORT,2,1,1776625433.396702,121.09,Game,1,Predictable,112.35,1,,,5,102.09,,120,Sound,,,
0,FORT,2,1,1776625433.396702,121.1,Game,1,Predictable,112.37,1,,,5,102.09,,120,Sound,,,
0,FORT,2,1,1776625433.396702,121.11,Game,1,Predictable,112.38,1,,,5,102.09,,120,Sound,,,
0,FORT,2,1,1776625433.396702,121.14,Game,1,Predictable,112.39,1,,,5,102.09,,120,Sound,,,
0,FORT,2,1,1776625433.396702,121.15,Game,1,Predictable,112.42,1,,,5,102.09,,120,Sound,,,
0,FORT,2,1,1776625433.396702,121.16,Game,1,Predictable,112.43,1,,,5,102.09,,120,Sound,,,
0,FORT,2,1,1776625433.396702,121.18,Game,1,Predictable,112.45,1,,,5,102.09,,120,Sound,,,
0,FORT,2,1,1776625433.396702,121.19,Game,1,Predictable,112.46,1,,,5,102.09,,120,Sound,,,
0,FORT,2,1,1776625433.396702,121.2,Game,1,Predictable,112.47,1,,,5,102.09,,120,Sound,,,
0,FORT,2,1,1776625433.396702,121.21,Game,1,Predictable,112.48,1,,,5,102.09,,120,Sound,,,
0,FORT,2,1,1776625433.396702,121.23,Game,1,Predictable,112.5,1,,,5,102.09,,120,Sound,,,
0,FORT,2,1,1776625433.396702,121.24,Game,1,Predictable,112.51,1,,,5,102.09,,120,Sound,,,
0,FORT,2,1,1776625433.396702,121.25,Game,1,Predictable,112.52,1,,,5,102.09,,120,Sound,,,
0,FORT,2,1,1776625433.396702,121.26,Game,1,Predictable,112.53,1,,,5,102.09,,120,Sound,,,
0,FORT,2,1,1776625433.396702,121.28,Game,1,Predictable,112.55,1,,,5,102.09,,120,Sound,,,
0,FORT,2,1,1776625433.396702,121.29,Game,1,Predictable,112.56,1,,,5,102.09,,120,Sound,,,
0,FORT,2,1,1776625433.396702,121.3,Game,1,Predictable,112.57,1,,,5,102.09,,120,Sound,,,
0,FORT,2,1,1776625433.396702,121.31,Game,1,Predictable,112.58,1,,,5,102.09,,120,Sound,,,
0,FORT,2,1,1776625433.396702,121.33,Game,1,Predictable,112.6,1,,,5,102.09,,120,Sound,,,
0,FORT,2,1,1776625433.396702,121.34,Game,1,Predictable,112.61,1,,,5,102.09,,120,Sound,,,
0,FORT,2,1,1776625433.396702,121.35,Game,1,Predictable,112.62,1,,,5,102.09,,120,Sound,,,
0,FORT,2,1,1776625433.396702,121.36,Game,1,Predictable,112.63,1,,,5,102.09,,120,Sound,,,
0,FORT,2,1,1776625433.396702,121.38,Game,1,Predictable,112.65,1,,,5,102.09,,120,Sound,,,
0,FORT,2,1,1776625433.396702,121.39,Game,1,Predictable,112.66,1,,,5,102.09,,120,Sound,,,
0,FORT,2,1,1776625433.396702,121.4,Game,1,Predictable,112.67,1,,,5,102.09,,120,Sound,,,
0,FORT,2,1,1776625433.396702,121.41,Game,1,Predictable,112.68,1,,,5,102.09,,120,Sound,,,
0,FORT,2,1,1776625433.396702,121.43,Game,1,Predictable,112.7,1,,,5,102.09,,120,Sound,,,
0,FORT,2,1,1776625433.396702,121.44,Game,1,Predictable,112.71,1,,,5,102.09,,120,Sound,,,
0,FORT,2,1,1776625433.396702,121.45,Game,1,Predictable,112.72,1,,,5,102.09,,120,Sound,,,
0,FORT,2,1,1776625433.396702,121.46,Game,1,Predictable,112.73,1,,,5,102.09,,120,Sound,,,
0,FORT,2,1,1776625433.396702,121.48,Game,1,Predictable,112.75,1,,,5,102.09,,120,Sound,,,
0,FORT,2,1,1776625433.396702,121.49,Game,1,Predictable,112.76,1,,,5,102.09,,120,Sound,,,
0,FORT,2,1,1776625433.396702,121.5,Game,1,Predictable,112.77,1,,,5,102.09,,120,Sound,,,
0,FORT,2,1,1776625433.396702,121.51,Game,1,Predictable,112.78,1,,,5,102.09,,120,Sound,,,
0,FORT,2,1,1776625433.396702,121.53,Game,1,Predictable,112.8,1,,,5,102.09,,120,Sound,,,
0,FORT,2,1,1776625433.396702,121.54,Game,1,Predictable,112.81,1,,,5,102.09,,120,Sound,,,
0,FORT,2,1,1776625433.396702,121.55,Game,1,Predictable,112.82,1,,,5,102.09,,120,Sound,,,
0,FORT,2,1,1776625433.396702,121.56,Game,1,Predictable,112.83,1,,,5,102.09,,120,Sound,,,
0,FORT,2,1,1776625433.396702,121.58,Game,1,Predictable,112.85,1,,,5,102.09,,120,Sound,,,
0,FORT,2,1,1776625433.396702,121.61,Game,1,Predictable,112.86,1,,,5,102.09,,120,Sound,,,
0,FORT,2,1,1776625433.396702,121.62,Game,1,Predictable,112.89,1,,,5,102.09,,120,Sound,,,
0,FORT,2,1,1776625433.396702,121.64,Game,1,Predictable,112.9,1,,,5,102.09,,120,Sound,,,
0,FORT,2,1,1776625433.396702,121.65,Game,1,Predictable,112.92,1,,,5,102.09,,120,Sound,,,
0,FORT,2,1,1776625433.396702,121.66,Game,1,Predictable,112.93,1,,,5,102.09,,120,Sound,,,
0,FORT,2,1,1776625433.396702,121.67,Game,1,Predictable,112.94,1,,,5,102.09,,120,Sound,,,
0,FORT,2,1,1776625433.396702,121.68,Game,1,Predictable,112.95,1,,,5,102.09,,120,Sound,,,
0,FORT,2,1,1776625433.396702,121.7,Game,1,Predictable,112.97,1,,,5,102.09,,120,Sound,,,
0,FORT,2,1,1776625433.396702,121.71,Game,1,Predictable,112.98,1,,,5,102.09,,120,Sound,,,
0,FORT,2,1,1776625433.396702,121.72,Game,1,Predictable,112.99,1,,,5,102.09,,120,Sound,,,
0,FORT,2,1,1776625433.396702,121.73,Game,1,Predictable,113.0,1,,,5,102.09,,120,Sound,,,
0,FORT,2,1,1776625433.396702,121.75,Game,1,Predictable,113.02,1,,,5,102.09,,120,Sound,,,
0,FORT,2,1,1776625433.396702,121.76,Game,1,Predictable,113.03,1,,,5,102.09,,120,Sound,,,
0,FORT,2,1,1776625433.396702,121.77,Game,1,Predictable,113.04,1,,,5,102.09,,120,Sound,,,
0,FORT,2,1,1776625433.396702,121.79,Game,1,Predictable,113.05,1,,,5,102.09,,120,Sound,,,
0,FORT,2,1,1776625433.396702,121.8,Game,1,Predictable,113.07,1,,,5,102.09,,120,Sound,,,
0,FORT,2,1,1776625433.396702,121.81,Game,1,Predictable,113.08,1,,,5,102.09,,120,Sound,,,
0,FORT,2,1,1776625433.396702,121.82,Game,1,Predictable,113.09,1,,,5,102.09,,120,Sound,,,
0,FORT,2,1,1776625433.396702,121.84,Game,1,Predictable,113.1,1,,,5,102.09,,120,Sound,,,
0,FORT,2,1,1776625433.396702,121.85,Game,1,Predictable,113.12,1,,,5,102.09,,120,Sound,,,
0,FORT,2,1,1776625433.396702,121.86,Game,1,Predictable,113.13,1,,,5,102.09,,120,Sound,,,
0,FORT,2,1,1776625433.396702,121.88,Game,1,Predictable,113.14,1,,,5,102.09,,120,Sound,,,
0,FORT,2,1,1776625433.396702,121.89,Game,1,Predictable,113.16,1,,,5,102.09,,120,Sound,,,
0,FORT,2,1,1776625433.396702,121.9,Game,1,Predictable,113.17,1,,,5,102.09,,120,Sound,,,
0,FORT,2,1,1776625433.396702,121.91,Game,1,Predictable,113.18,1,,,5,102.09,,120,Sound,,,
0,FORT,2,1,1776625433.396702,121.93,Game,1,Predictable,113.2,1,,,5,102.09,,120,Sound,,,
0,FORT,2,1,1776625433.396702,121.94,Game,1,Predictable,113.21,1,,,5,102.09,,120,Sound,,,
0,FORT,2,1,1776625433.396702,121.95,Game,1,Predictable,113.22,1,,,5,102.09,,120,Sound,,,
0,FORT,2,1,1776625433.396702,121.96,Game,1,Predictable,113.23,1,,,5,102.09,,120,Sound,,,
0,FORT,2,1,1776625433.396702,121.98,Game,1,Predictable,113.25,1,,,5,102.09,,120,Sound,,,
0,FORT,2,1,1776625433.396702,121.99,Game,1,Predictable,113.26,1,,,5,102.09,,120,Sound,,,
0,FORT,2,1,1776625433.396702,122.0,Game,1,Predictable,113.27,1,,,5,102.09,,120,Sound,,,
0,FORT,2,1,1776625433.396702,122.01,Game,1,Predictable,113.28,1,,,5,102.09,,120,Sound,,,
0,FORT,2,1,1776625433.396702,122.03,Game,1,Predictable,113.3,1,,,5,102.09,,120,Sound,,,
0,FORT,2,1,1776625433.396702,122.04,Game,1,Predictable,113.31,1,,,5,102.09,,120,Sound,,,
0,FORT,2,1,1776625433.396702,122.05,Game,1,Predictable,113.32,1,,,5,102.09,,120,Sound,,,
0,FORT,2,1,1776625433.396702,122.06,Game,1,Predictable,113.33,1,,,5,102.09,,120,Sound,,,
0,FORT,2,1,1776625433.396702,122.08,Game,1,Predictable,113.35,1,,,5,102.09,,120,Sound,,,
0,FORT,2,1,1776625433.396702,122.11,Game,1,Predictable,113.36,1,,,5,102.09,,120,Sound,,,
0,FORT,2,1,1776625433.396702,122.12,Game,1,Predictable,113.39,1,,,5,102.09,,120,Sound,,,
0,FORT,2,1,1776625433.396702,122.14,Game,1,Predictable,113.4,1,,,5,102.09,,120,Sound,,,
0,FORT,2,1,1776625433.396702,122.15,Game,1,Predictable,113.42,1,,,5,102.09,,120,Sound,,,
0,FORT,2,1,1776625433.396702,122.16,Game,1,Predictable,113.43,1,,,5,102.09,,120,Sound,,,
0,FORT,2,1,1776625433.396702,122.17,Game,1,Predictable,113.44,1,,,5,102.09,,120,Sound,,,
0,FORT,2,1,1776625433.396702,122.19,Game,1,Predictable,113.46,1,,,5,102.09,,120,Sound,,,
0,FORT,2,1,1776625433.396702,122.2,Game,1,Predictable,113.47,1,,,5,102.09,,120,Sound,,,
0,FORT,2,1,1776625433.396702,122.22,Game,1,Predictable,113.49,1,,,5,102.09,,120,Sound,,,
0,FORT,2,1,1776625433.396702,122.23,Game,1,Predictable,113.5,1,,,5,102.09,,120,Sound,,,
0,FORT,2,1,1776625433.396702,122.24,Game,1,Predictable,113.51,1,,,5,102.09,,120,Sound,,,
0,FORT,2,1,1776625433.396702,122.26,Game,1,Predictable,113.53,1,,,5,102.09,,120,Sound,,,
0,FORT,2,1,1776625433.396702,122.27,Game,1,Predictable,113.54,1,,,5,102.09,,120,Sound,,,
0,FORT,2,1,1776625433.396702,122.29,Game,1,Predictable,113.56,1,,,5,102.09,,120,Sound,,,
0,FORT,2,1,1776625433.396702,122.3,Game,1,Predictable,113.57,1,,,5,102.09,,120,Sound,,,
0,FORT,2,1,1776625433.396702,122.32,Game,1,Predictable,113.58,1,,,5,102.09,,120,Sound,,,
0,FORT,2,1,1776625433.396702,122.33,Game,1,Predictable,113.6,1,,,5,102.09,,120,Sound,,,
0,FORT,2,1,1776625433.396702,122.34,Game,1,Predictable,113.61,1,,,5,102.09,,120,Sound,,,
0,FORT,2,1,1776625433.396702,122.36,Game,1,Predictable,113.63,1,,,5,102.09,,120,Sound,,,
0,FORT,2,1,1776625433.396702,122.37,Game,1,Predictable,113.64,1,,,5,102.09,,120,Sound,,,
0,FORT,2,1,1776625433.396702,122.38,Game,1,Predictable,113.65,1,,,5,102.09,,120,Sound,,,
0,FORT,2,1,1776625433.396702,122.4,Game,1,Predictable,113.67,1,,,5,102.09,,120,Sound,,,
0,FORT,2,1,1776625433.396702,122.41,Game,1,Predictable,113.68,1,,,5,102.09,,120,Sound,,,
0,FORT,2,1,1776625433.396702,122.42,Game,1,Predictable,113.69,1,,,5,102.09,,120,Sound,,,
0,FORT,2,1,1776625433.396702,122.44,Game,1,Predictable,113.7,1,,,5,102.09,,120,Sound,,,
0,FORT,2,1,1776625433.396702,122.45,Game,1,Predictable,113.72,1,,,5,102.09,,120,Sound,,,
0,FORT,2,1,1776625433.396702,122.46,Game,1,Predictable,113.73,1,,,5,102.09,,120,Sound,,,
0,FORT,2,1,1776625433.396702,122.49,Game,1,Predictable,113.74,1,,,5,102.09,,120,Sound,,,
0,FORT,2,1,1776625433.396702,122.51,Game,1,Predictable,113.77,1,,,5,102.09,,120,Sound,,,
0,FORT,2,1,1776625433.396702,122.52,Game,1,Predictable,113.79,1,,,5,102.09,,120,Sound,,,
0,FORT,2,1,1776625433.396702,122.53,Game,1,Predictable,113.8,1,,,5,102.09,,120,Sound,,,
0,FORT,2,1,1776625433.396702,122.54,Game,1,Predictable,113.81,1,,,5,102.09,,120,Sound,,,
0,FORT,2,1,1776625433.396702,122.56,Game,1,Predictable,113.83,1,,,5,102.09,,120,Sound,,,
0,FORT,2,1,1776625433.396702,122.57,Game,1,Predictable,113.84,1,,,5,102.09,,120,Sound,,,
0,FORT,2,1,1776625433.396702,122.59,Game,1,Predictable,113.85,1,,,5,102.09,,120,Sound,,,
0,FORT,2,1,1776625433.396702,122.6,Game,1,Predictable,113.87,1,,,5,102.09,,120,Sound,,,
0,FORT,2,1,1776625433.396702,122.61,Game,1,Predictable,113.88,1,,,5,102.09,,120,Sound,,,
0,FORT,2,1,1776625433.396702,122.64,Game,1,Predictable,113.89,1,,,5,102.09,,120,Sound,,,
0,FORT,2,1,1776625433.396702,122.66,Game,1,Predictable,113.92,1,,,5,102.09,,120,Sound,,,
0,FORT,2,1,1776625433.396702,122.67,Game,1,Predictable,113.94,1,,,5,102.09,,120,Sound,,,
0,FORT,2,1,1776625433.396702,122.68,Game,1,Predictable,113.95,1,,,5,102.09,,120,Sound,,,
0,FORT,2,1,1776625433.396702,122.69,Game,1,Predictable,113.96,1,,,5,102.09,,120,Sound,,,
0,FORT,2,1,1776625433.396702,122.71,Game,1,Predictable,113.98,1,,,5,102.09,,120,Sound,,,
0,FORT,2,1,1776625433.396702,122.72,Game,1,Predictable,113.99,1,,,5,102.09,,120,Sound,,,
0,FORT,2,1,1776625433.396702,122.73,Game,1,Predictable,114.0,1,,,5,102.09,,120,Sound,,,
0,FORT,2,1,1776625433.396702,122.79,Game,1,Predictable,114.07,0,,,5,,,130,Sound,,,
0,FORT,2,1,1776625433.396702,122.83,Game,1,Predictable,114.07,0,,,5,,,130,Sound,,,
0,FORT,2,1,1776625433.396702,122.86,Game,1,Predictable,114.11,0,,,5,,,130,Sound,,,
0,FORT,2,1,1776625433.396702,122.87,Game,1,Predictable,114.14,0,,,5,,,130,Sound,,,
0,FORT,2,1,1776625433.396702,122.89,Game,1,Predictable,114.15,0,,,5,,,130,Sound,,,
0,FORT,2,1,1776625433.396702,122.9,Game,1,Predictable,114.17,0,,,5,,,130,Sound,,,
0,FORT,2,1,1776625433.396702,122.91,Game,1,Predictable,114.18,0,,,5,,,130,Sound,,,
0,FORT,2,1,1776625433.396702,122.94,Game,1,Predictable,114.19,0,,,5,,,130,Sound,,,
0,FORT,2,1,1776625433.396702,122.96,Game,1,Predictable,114.22,0,,,5,,,130,Sound,,,
0,FORT,2,1,1776625433.396702,122.97,Game,1,Predictable,114.24,0,,,5,,,130,Sound,,,
0,FORT,2,1,1776625433.396702,122.98,Game,1,Predictable,114.25,0,,,5,,,130,Sound,,,
0,FORT,2,1,1776625433.396702,122.99,Game,1,Predictable,114.26,0,,,5,,,130,Sound,,,
0,FORT,2,1,1776625433.396702,123.02,Game,1,Predictable,114.28,0,,,5,,,130,Sound,,,
0,FORT,2,1,1776625433.396702,123.04,Game,1,Predictable,114.31,0,,,5,,,130,Sound,,,
0,FORT,2,1,1776625433.396702,123.05,Game,1,Predictable,114.32,0,,,5,,,130,Sound,,,
0,FORT,2,1,1776625433.396702,123.07,Game,1,Predictable,114.33,0,,,5,,,130,Sound,,,
0,FORT,2,1,1776625433.396702,123.08,Game,1,Predictable,114.35,0,,,5,,,130,Sound,,,
0,FORT,2,1,1776625433.396702,123.09,Game,1,Predictable,114.36,0,,,5,,,130,Sound,,,
0,FORT,2,1,1776625433.396702,123.11,Game,1,Predictable,114.37,0,,,5,,,130,Sound,,,
0,FORT,2,1,1776625433.396702,123.12,Game,1,Predictable,114.39,0,,,5,,,130,Sound,,,
0,FORT,2,1,1776625433.396702,123.13,Game,1,Predictable,114.4,0,,,5,,,130,Sound,,,
0,FORT,2,1,1776625433.396702,123.14,Game,1,Predictable,114.41,0,,,5,,,130,Sound,,,
0,FORT,2,1,1776625433.396702,123.16,Game,1,Predictable,114.43,0,,,5,,,130,Sound,,,
0,FORT,2,1,1776625433.396702,123.17,Game,1,Predictable,114.44,0,,,5,,,130,Sound,,,
0,FORT,2,1,1776625433.396702,123.19,Game,1,Predictable,114.45,0,,,5,,,130,Sound,,,
0,FORT,2,1,1776625433.396702,123.2,Game,1,Predictable,114.47,0,,,5,,,130,Sound,,,
0,FORT,2,1,1776625433.396702,123.21,Game,1,Predictable,114.48,0,,,5,,,130,Sound,,,
0,FORT,2,1,1776625433.396702,123.24,Game,1,Predictable,114.49,0,,,5,,,130,Sound,,,
0,FORT,2,1,1776625433.396702,123.26,Game,1,Predictable,114.52,0,,,5,,,130,Sound,,,
0,FORT,2,1,1776625433.396702,123.27,Game,1,Predictable,114.54,0,,,5,,,130,Sound,,,
0,FORT,2,1,1776625433.396702,123.28,Game,1,Predictable,114.55,0,,,5,,,130,Sound,,,
0,FORT,2,1,1776625433.396702,123.29,Game,1,Predictable,114.56,0,,,5,,,130,Sound,,,
0,FORT,2,1,1776625433.396702,123.32,Game,1,Predictable,114.58,0,,,5,,,130,Sound,,,
0,FORT,2,1,1776625433.396702,123.34,Game,1,Predictable,114.61,0,,,5,,,130,Sound,,,
0,FORT,2,1,1776625433.396702,123.35,Game,1,Predictable,114.62,0,,,5,,,130,Sound,,,
0,FORT,2,1,1776625433.396702,123.36,Game,1,Predictable,114.63,0,,,5,,,130,Sound,,,
0,FORT,2,1,1776625433.396702,123.38,Game,1,Predictable,114.65,0,,,5,,,130,Sound,,,
0,FORT,2,1,1776625433.396702,123.39,Game,1,Predictable,114.66,0,,,5,,,130,Sound,,,
0,FORT,2,1,1776625433.396702,123.41,Game,1,Predictable,114.67,0,,,5,,,130,Sound,,,
0,FORT,2,1,1776625433.396702,123.42,Game,1,Predictable,114.69,0,,,5,,,130,Sound,,,
0,FORT,2,1,1776625433.396702,123.43,Game,1,Predictable,114.7,0,,,5,,,130,Sound,,,
0,FORT,2,1,1776625433.396702,123.44,Game,1,Predictable,114.71,0,,,5,,,130,Sound,,,
0,FORT,2,1,1776625433.396702,123.47,Game,1,Predictable,114.73,0,,,5,,,130,Sound,,,
0,FORT,2,1,1776625433.396702,123.49,Game,1,Predictable,114.76,0,,,5,,,130,Sound,,,
0,FORT,2,1,1776625433.396702,123.5,Game,1,Predictable,114.77,0,,,5,,,130,Sound,,,
0,FORT,2,1,1776625433.396702,123.51,Game,1,Predictable,114.78,0,,,5,,,130,Sound,,,
0,FORT,2,1,1776625433.396702,123.53,Game,1,Predictable,114.8,0,,,5,,,130,Sound,,,
0,FORT,2,1,1776625433.396702,123.56,Game,1,Predictable,114.81,0,,,5,,,130,Sound,,,
0,FORT,2,1,1776625433.396702,123.57,Game,1,Predictable,114.84,0,,,5,,,130,Sound,,,
0,FORT,2,1,1776625433.396702,123.59,Game,1,Predictable,114.85,0,,,5,,,130,Sound,,,
0,FORT,2,1,1776625433.396702,123.6,Game,1,Predictable,114.87,0,,,5,,,130,Sound,,,
0,FORT,2,1,1776625433.396702,123.61,Game,1,Predictable,114.88,0,,,5,,,130,Sound,,,
0,FORT,2,1,1776625433.396702,123.62,Game,1,Predictable,114.89,0,,,5,,,130,Sound,,,
0,FORT,2,1,1776625433.396702,123.64,Game,1,Predictable,114.9,0,,,5,,,130,Sound,,,
0,FORT,2,1,1776625433.396702,123.65,Game,1,Predictable,114.92,0,,,5,,,130,Sound,,,
0,FORT,2,1,1776625433.396702,123.66,Game,1,Predictable,114.93,0,,,5,,,130,Sound,,,
0,FORT,2,1,1776625433.396702,123.69,Game,1,Predictable,114.94,0,,,5,,,130,Sound,,,
0,FORT,2,1,1776625433.396702,123.71,Game,1,Predictable,114.97,0,,,5,,,130,Sound,,,
0,FORT,2,1,1776625433.396702,123.72,Game,1,Predictable,114.99,0,,,5,,,130,Sound,,,
0,FORT,2,1,1776625433.396702,123.73,Game,1,Predictable,115.0,0,,,5,,,130,Sound,,,
0,FORT,2,1,1776625433.396702,123.74,Game,1,Predictable,115.01,0,,,5,,,130,Sound,,,
0,FORT,2,1,1776625433.396702,123.77,Game,1,Predictable,115.03,0,,,5,,,130,Sound,,,
0,FORT,2,1,1776625433.396702,123.79,Game,1,Predictable,115.05,0,,,5,,,130,Sound,,,
0,FORT,2,1,1776625433.396702,123.8,Game,1,Predictable,115.07,0,,,5,,,130,Sound,,,
0,FORT,2,1,1776625433.396702,123.81,Game,1,Predictable,115.08,0,,,5,,,130,Sound,,,
0,FORT,2,1,1776625433.396702,123.83,Game,1,Predictable,115.1,0,,,5,,,130,Sound,,,
0,FORT,2,1,1776625433.396702,123.86,Game,1,Predictable,115.11,0,,,5,,,130,Sound,,,
0,FORT,2,1,1776625433.396702,123.87,Game,1,Predictable,115.14,0,,,5,,,130,Sound,,,
0,FORT,2,1,1776625433.396702,123.89,Game,1,Predictable,115.15,0,,,5,,,130,Sound,,,
0,FORT,2,1,1776625433.396702,123.9,Game,1,Predictable,115.17,0,,,5,,,130,Sound,,,
0,FORT,2,1,1776625433.396702,123.91,Game,1,Predictable,115.18,0,,,5,,,130,Sound,,,
0,FORT,2,1,1776625433.396702,123.94,Game,1,Predictable,115.19,0,,,5,,,130,Sound,,,
0,FORT,2,1,1776625433.396702,123.96,Game,1,Predictable,115.22,0,,,5,,,130,Sound,,,
0,FORT,2,1,1776625433.396702,123.97,Game,1,Predictable,115.24,0,,,5,,,130,Sound,,,
0,FORT,2,1,1776625433.396702,123.98,Game,1,Predictable,115.25,0,,,5,,,130,Sound,,,
0,FORT,2,1,1776625433.396702,124.0,Game,1,Predictable,115.27,0,,,5,,,130,Sound,,,
0,FORT,2,1,1776625433.396702,124.01,Game,1,Predictable,115.28,0,,,5,,,130,Sound,,,
0,FORT,2,1,1776625433.396702,124.02,Game,1,Predictable,115.29,0,,,5,,,130,Sound,,,
0,FORT,2,1,1776625433.396702,124.04,Game,1,Predictable,115.3,0,,,5,,,130,Sound,,,
0,FORT,2,1,1776625433.396702,124.05,Game,1,Predictable,115.32,0,,,5,,,130,Sound,,,
0,FORT,2,1,1776625433.396702,124.06,Game,1,Predictable,115.33,0,,,5,,,130,Sound,,,
0,FORT,2,1,1776625433.396702,124.08,Game,1,Predictable,115.34,0,,,5,,,130,Sound,,,
0,FORT,2,1,1776625433.396702,124.09,Game,1,Predictable,115.36,0,,,5,,,130,Sound,,,
0,FORT,2,1,1776625433.396702,124.1,Game,1,Predictable,115.37,0,,,5,,,130,Sound,,,
0,FORT,2,1,1776625433.396702,124.11,Game,1,Predictable,115.38,0,,,5,,,130,Sound,,,
0,FORT,2,1,1776625433.396702,124.13,Game,1,Predictable,115.4,0,,,5,,,130,Sound,,,
0,FORT,2,1,1776625433.396702,124.16,Game,1,Predictable,115.41,0,,,5,,,130,Sound,,,
0,FORT,2,1,1776625433.396702,124.17,Game,1,Predictable,115.44,0,,,5,,,130,Sound,,,
0,FORT,2,1,1776625433.396702,124.19,Game,1,Predictable,115.45,0,,,5,,,130,Sound,,,
0,FORT,2,1,1776625433.396702,124.2,Game,1,Predictable,115.47,0,,,5,,,130,Sound,,,
0,FORT,2,1,1776625433.396702,124.21,Game,1,Predictable,115.48,0,,,5,,,130,Sound,,,
0,FORT,2,1,1776625433.396702,124.24,Game,1,Predictable,115.49,0,,,5,,,130,Sound,,,
0,FORT,2,1,1776625433.396702,124.26,Game,1,Predictable,115.52,0,,,5,,,130,Sound,,,
0,FORT,2,1,1776625433.396702,124.27,Game,1,Predictable,115.54,0,,,5,,,130,Sound,,,
0,FORT,2,1,1776625433.396702,124.28,Game,1,Predictable,115.55,0,,,5,,,130,Sound,,,
0,FORT,2,1,1776625433.396702,124.29,Game,1,Predictable,115.56,0,,,5,,,130,Sound,,,
0,FORT,2,1,1776625433.396702,124.32,Game,1,Predictable,115.58,0,,,5,,,130,Sound,,,
0,FORT,2,1,1776625433.396702,124.34,Game,1,Predictable,115.61,0,,,5,,,130,Sound,,,
0,FORT,2,1,1776625433.396702,124.35,Game,1,Predictable,115.62,0,,,5,,,130,Sound,,,
0,FORT,2,1,1776625433.396702,124.36,Game,1,Predictable,115.63,0,,,5,,,130,Sound,,,
0,FORT,2,1,1776625433.396702,124.38,Game,1,Predictable,115.65,0,,,5,,,130,Sound,,,
0,FORT,2,1,1776625433.396702,124.41,Game,1,Predictable,115.66,0,,,5,,,130,Sound,,,
0,FORT,2,1,1776625433.396702,124.42,Game,1,Predictable,115.69,0,,,5,,,130,Sound,,,
0,FORT,2,1,1776625433.396702,124.44,Game,1,Predictable,115.7,0,,,5,,,130,Sound,,,
0,FORT,2,1,1776625433.396702,124.45,Game,1,Predictable,115.72,0,,,5,,,130,Sound,,,
0,FORT,2,1,1776625433.396702,124.46,Game,1,Predictable,115.73,0,,,5,,,130,Sound,,,
0,FORT,2,1,1776625433.396702,124.47,Game,1,Predictable,115.74,0,,,5,,,130,Sound,,,
0,FORT,2,1,1776625433.396702,124.48,Game,1,Predictable,115.75,0,,,5,,,130,Sound,,,
0,FORT,2,1,1776625433.396702,124.5,Game,1,Predictable,115.77,0,,,5,,,130,Sound,,,
0,FORT,2,1,1776625433.396702,124.51,Game,1,Predictable,115.78,0,,,5,,,130,Sound,,,
0,FORT,2,1,1776625433.396702,124.52,Game,1,Predictable,115.79,0,,,5,,,130,Sound,,,
0,FORT,2,1,1776625433.396702,124.54,Game,1,Predictable,115.8,0,,,5,,,130,Sound,,,
0,FORT,2,1,1776625433.396702,124.55,Game,1,Predictable,115.82,0,,,5,,,130,Sound,,,
0,FORT,2,1,1776625433.396702,124.56,Game,1,Predictable,115.83,0,,,5,,,130,Sound,,,
0,FORT,2,1,1776625433.396702,124.57,Game,1,Predictable,115.84,0,,,5,,,130,Sound,,,
0,FORT,2,1,1776625433.396702,124.59,Game,1,Predictable,115.85,0,,,5,,,130,Sound,,,
0,FORT,2,1,1776625433.396702,124.6,Game,1,Predictable,115.87,0,,,5,,,130,Sound,,,
0,FORT,2,1,1776625433.396702,124.61,Game,1,Predictable,115.88,0,,,5,,,130,Sound,,,
0,FORT,2,1,1776625433.396702,124.63,Game,1,Predictable,115.89,0,,,5,,,130,Sound,,,
0,FORT,2,1,1776625433.396702,124.64,Game,1,Predictable,115.91,0,,,5,,,130,Sound,,,
0,FORT,2,1,1776625433.396702,124.65,Game,1,Predictable,115.92,0,,,5,,,130,Sound,,,
0,FORT,2,1,1776625433.396702,124.66,Game,1,Predictable,115.93,0,,,5,,,130,Sound,,,
0,FORT,2,1,1776625433.396702,124.68,Game,1,Predictable,115.95,0,,,5,,,130,Sound,,,
0,FORT,2,1,1776625433.396702,124.71,Game,1,Predictable,115.96,0,,,5,,,130,Sound,,,
0,FORT,2,1,1776625433.396702,124.72,Game,1,Predictable,115.99,0,,,5,,,130,Sound,,,
0,FORT,2,1,1776625433.396702,124.74,Game,1,Predictable,116.0,0,,,5,,,130,Sound,,,
0,FORT,2,1,1776625433.396702,124.75,Game,1,Predictable,116.02,0,,,5,,,130,Sound,,,
0,FORT,2,1,1776625433.396702,124.76,Game,1,Predictable,116.03,0,,,5,,,130,Sound,,,
0,FORT,2,1,1776625433.396702,124.78,Game,1,Predictable,116.04,0,,,5,,,130,Sound,,,
0,FORT,2,1,1776625433.396702,124.79,Game,1,Predictable,116.06,0,,,5,,,130,Sound,,,
0,FORT,2,1,1776625433.396702,124.8,Game,1,Predictable,116.07,0,,,5,,,130,Sound,,,
0,FORT,2,1,1776625433.396702,124.81,Game,1,Predictable,116.08,0,,,5,,,130,Sound,,,
0,FORT,2,1,1776625433.396702,124.83,Game,1,Predictable,116.1,0,,,5,,,130,Sound,,,
0,FORT,2,1,1776625433.396702,124.84,Game,1,Predictable,116.11,0,,,5,,,130,Sound,,,
0,FORT,2,1,1776625433.396702,124.85,Game,1,Predictable,116.12,0,,,5,,,130,Sound,,,
0,FORT,2,1,1776625433.396702,124.86,Game,1,Predictable,116.13,0,,,5,,,130,Sound,,,
0,FORT,2,1,1776625433.396702,124.88,Game,1,Predictable,116.15,0,,,5,,,130,Sound,,,
0,FORT,2,1,1776625433.396702,124.89,Game,1,Predictable,116.16,0,,,5,,,130,Sound,,,
0,FORT,2,1,1776625433.396702,124.9,Game,1,Predictable,116.17,0,,,5,,,130,Sound,,,
0,FORT,2,1,1776625433.396702,124.91,Game,1,Predictable,116.18,0,,,5,,,130,Sound,,,
0,FORT,2,1,1776625433.396702,124.93,Game,1,Predictable,116.2,0,,,5,,,130,Sound,,,
0,FORT,2,1,1776625433.396702,124.94,Game,1,Predictable,116.21,0,,,5,,,130,Sound,,,
0,FORT,2,1,1776625433.396702,124.95,Game,1,Predictable,116.22,0,,,5,,,130,Sound,,,
0,FORT,2,1,1776625433.396702,124.96,Game,1,Predictable,116.23,0,,,5,,,130,Sound,,,
0,FORT,2,1,1776625433.396702,124.98,Game,1,Predictable,116.25,0,,,5,,,130,Sound,,,
0,FORT,2,1,1776625433.396702,124.99,Game,1,Predictable,116.26,0,,,5,,,130,Sound,,,
0,FORT,2,1,1776625433.396702,125.0,Game,1,Predictable,116.27,0,,,5,,,130,Sound,,,
0,FORT,2,1,1776625433.396702,125.01,Game,1,Predictable,116.28,0,,,5,,,130,Sound,,,
0,FORT,2,1,1776625433.396702,125.03,Game,1,Predictable,116.3,0,,,5,,,130,Sound,,,
0,FORT,2,1,1776625433.396702,125.04,Game,1,Predictable,116.31,0,,,5,,,130,Sound,,,
0,FORT,2,1,1776625433.396702,125.05,Game,1,Predictable,116.32,0,,,5,,,130,Sound,,,
0,FORT,2,1,1776625433.396702,125.06,Game,1,Predictable,116.33,0,,,5,,,130,Sound,,,
0,FORT,2,1,1776625433.396702,125.08,Game,1,Predictable,116.35,0,,,5,,,130,Sound,,,
0,FORT,2,1,1776625433.396702,125.09,Game,1,Predictable,116.36,0,,,5,,,130,Sound,,,
0,FORT,2,1,1776625433.396702,125.1,Game,1,Predictable,116.37,0,,,5,,,130,Sound,,,
0,FORT,2,1,1776625433.396702,125.11,Game,1,Predictable,116.38,0,,,5,,,130,Sound,,,
0,FORT,2,1,1776625433.396702,125.13,Game,1,Predictable,116.4,0,,,5,,,130,Sound,,,
0,FORT,2,1,1776625433.396702,125.14,Game,1,Predictable,116.41,0,,,5,,,130,Sound,,,
0,FORT,2,1,1776625433.396702,125.16,Game,1,Predictable,116.42,0,,,5,,,130,Sound,,,
0,FORT,2,1,1776625433.396702,125.17,Game,1,Predictable,116.44,0,,,5,,,130,Sound,,,
0,FORT,2,1,1776625433.396702,125.18,Game,1,Predictable,116.45,0,,,5,,,130,Sound,,,
0,FORT,2,1,1776625433.396702,125.19,Game,1,Predictable,116.46,0,,,5,,,130,Sound,,,
0,FORT,2,1,1776625433.396702,125.21,Game,1,Predictable,116.48,0,,,5,,,130,Sound,,,
0,FORT,2,1,1776625433.396702,125.22,Game,1,Predictable,116.49,0,,,5,,,130,Sound,,,
0,FORT,2,1,1776625433.396702,125.23,Game,1,Predictable,116.5,0,,,5,,,130,Sound,,,
0,FORT,2,1,1776625433.396702,125.24,Game,1,Predictable,116.51,0,,,5,,,130,Sound,,,
0,FORT,2,1,1776625433.396702,125.27,Game,1,Predictable,116.53,0,,,5,,,130,Sound,,,
0,FORT,2,1,1776625433.396702,125.29,Game,1,Predictable,116.56,0,,,5,,,130,Sound,,,
0,FORT,2,1,1776625433.396702,125.3,Game,1,Predictable,116.57,0,,,5,,,130,Sound,,,
0,FORT,2,1,1776625433.396702,125.31,Game,1,Predictable,116.58,0,,,5,,,130,Sound,,,
0,FORT,2,1,1776625433.396702,125.33,Game,1,Predictable,116.59,0,,,5,,,130,Sound,,,
0,FORT,2,1,1776625433.396702,125.34,Game,1,Predictable,116.61,0,,,5,,,130,Sound,,,
0,FORT,2,1,1776625433.396702,125.35,Game,1,Predictable,116.62,0,,,5,,,130,Sound,,,
0,FORT,2,1,1776625433.396702,125.36,Game,1,Predictable,116.63,0,,,5,,,130,Sound,,,
0,FORT,2,1,1776625433.396702,125.38,Game,1,Predictable,116.65,0,,,5,,,130,Sound,,,
0,FORT,2,1,1776625433.396702,125.41,Game,1,Predictable,116.66,0,,,5,,,130,Sound,,,
0,FORT,2,1,1776625433.396702,125.42,Game,1,Predictable,116.69,0,,,5,,,130,Sound,,,
0,FORT,2,1,1776625433.396702,125.44,Game,1,Predictable,116.7,0,,,5,,,130,Sound,,,
0,FORT,2,1,1776625433.396702,125.45,Game,1,Predictable,116.72,0,,,5,,,130,Sound,,,
0,FORT,2,1,1776625433.396702,125.46,Game,1,Predictable,116.73,0,,,5,,,130,Sound,,,
0,FORT,2,1,1776625433.396702,125.47,Game,1,Predictable,116.74,0,,,5,,,130,Sound,,,
0,FORT,2,1,1776625433.396702,125.49,Game,1,Predictable,116.75,0,,,5,,,130,Sound,,,
0,FORT,2,1,1776625433.396702,125.5,Game,1,Predictable,116.77,0,,,5,,,130,Sound,,,
0,FORT,2,1,1776625433.396702,125.51,Game,1,Predictable,116.78,0,,,5,,,130,Sound,,,
0,FORT,2,1,1776625433.396702,125.52,Game,1,Predictable,116.79,0,,,5,,,130,Sound,,,
0,FORT,2,1,1776625433.396702,125.53,Game,1,Predictable,116.8,0,,,5,,,130,Sound,,,
0,FORT,2,1,1776625433.396702,125.55,Game,1,Predictable,116.82,0,,,5,,,130,Sound,,,
0,FORT,2,1,1776625433.396702,125.56,Game,1,Predictable,116.83,0,,,5,,,130,Sound,,,
0,FORT,2,1,1776625433.396702,125.57,Game,1,Predictable,116.84,0,,,5,,,130,Sound,,,
0,FORT,2,1,1776625433.396702,125.59,Game,1,Predictable,116.85,0,,,5,,,130,Sound,,,
0,FORT,2,1,1776625433.396702,125.6,Game,1,Predictable,116.87,0,,,5,,,130,Sound,,,
0,FORT,2,1,1776625433.396702,125.61,Game,1,Predictable,116.88,0,,,5,,,130,Sound,,,
0,FORT,2,1,1776625433.396702,125.64,Game,1,Predictable,116.89,0,,,5,,,130,Sound,,,
0,FORT,2,1,1776625433.396702,125.66,Game,1,Predictable,116.92,0,,,5,,,130,Sound,,,
0,FORT,2,1,1776625433.396702,125.67,Game,1,Predictable,116.94,0,,,5,,,130,Sound,,,
0,FORT,2,1,1776625433.396702,125.68,Game,1,Predictable,116.95,0,,,5,,,130,Sound,,,
0,FORT,2,1,1776625433.396702,125.69,Game,1,Predictable,116.96,0,,,5,,,130,Sound,,,
0,FORT,2,1,1776625433.396702,125.71,Game,1,Predictable,116.98,0,,,5,,,130,Sound,,,
0,FORT,2,1,1776625433.396702,125.72,Game,1,Predictable,116.99,0,,,5,,,130,Sound,,,
0,FORT,2,1,1776625433.396702,125.74,Game,1,Predictable,117.0,0,,,5,,,130,Sound,,,
0,FORT,2,1,1776625433.396702,125.75,Game,1,Predictable,117.02,0,,,5,,,130,Sound,,,
0,FORT,2,1,1776625433.396702,125.76,Game,1,Predictable,117.03,0,,,5,,,130,Sound,,,
0,FORT,2,1,1776625433.396702,125.78,Game,1,Predictable,117.04,0,,,5,,,130,Sound,,,
0,FORT,2,1,1776625433.396702,125.79,Game,1,Predictable,117.06,0,,,5,,,130,Sound,,,
0,FORT,2,1,1776625433.396702,125.8,Game,1,Predictable,117.07,0,,,5,,,130,Sound,,,
0,FORT,2,1,1776625433.396702,125.81,Game,1,Predictable,117.08,0,,,5,,,130,Sound,,,
0,FORT,2,1,1776625433.396702,125.83,Game,1,Predictable,117.1,0,,,5,,,130,Sound,,,
0,FORT,2,1,1776625433.396702,125.84,Game,1,Predictable,117.11,0,,,5,,,130,Sound,,,
0,FORT,2,1,1776625433.396702,125.85,Game,1,Predictable,117.12,0,,,5,,,130,Sound,,,
0,FORT,2,1,1776625433.396702,125.86,Game,1,Predictable,117.13,0,,,5,,,130,Sound,,,
0,FORT,2,1,1776625433.396702,125.88,Game,1,Predictable,117.15,0,,,5,,,130,Sound,,,
0,FORT,2,1,1776625433.396702,125.89,Game,1,Predictable,117.16,0,,,5,,,130,Sound,,,
0,FORT,2,1,1776625433.396702,125.91,Game,1,Predictable,117.17,0,,,5,,,130,Sound,,,
0,FORT,2,1,1776625433.396702,125.92,Game,1,Predictable,117.19,0,,,5,,,130,Sound,,,
0,FORT,2,1,1776625433.396702,125.94,Game,1,Predictable,117.2,0,,,5,,,130,Sound,,,
0,FORT,2,1,1776625433.396702,125.97,Game,1,Predictable,117.22,0,,,5,,,130,Sound,,,
0,FORT,2,1,1776625433.396702,126.01,Game,1,Predictable,117.25,0,,,4,,,130,Sound,,,
0,FORT,2,1,1776625433.396702,126.03,Game,1,Predictable,117.3,0,,,4,,,130,Sound,,,
0,FORT,2,1,1776625433.396702,126.06,Game,1,Predictable,117.31,0,,,4,,,130,Sound,,,
0,FORT,2,1,1776625433.396702,126.07,Game,1,Predictable,117.34,0,,,4,,,130,Sound,,,
0,FORT,2,1,1776625433.396702,126.09,Game,1,Predictable,117.36,0,,,4,,,130,Sound,,,
0,FORT,2,1,1776625433.396702,126.1,Game,1,Predictable,117.37,0,,,4,,,130,Sound,,,
0,FORT,2,1,1776625433.396702,126.11,Game,1,Predictable,117.38,0,,,4,,,130,Sound,,,
0,FORT,2,1,1776625433.396702,126.13,Game,1,Predictable,117.4,0,,,4,,,130,Sound,,,
0,FORT,2,1,1776625433.396702,126.14,Game,1,Predictable,117.41,0,,,4,,,130,Sound,,,
0,FORT,2,1,1776625433.396702,126.15,Game,1,Predictable,117.42,0,,,4,,,130,Sound,,,
0,FORT,2,1,1776625433.396702,126.17,Game,1,Predictable,117.44,0,,,4,,,130,Sound,,,
0,FORT,2,1,1776625433.396702,126.18,Game,1,Predictable,117.45,0,,,4,,,130,Sound,,,
0,FORT,2,1,1776625433.396702,126.2,Game,1,Predictable,117.46,0,,,3,,,130,Sound,,,
0,FORT,2,1,1776625433.396702,126.21,Game,1,Predictable,117.48,0,,,3,,,130,Sound,,,
0,FORT,2,1,1776625433.396702,126.22,Game,1,Predictable,117.49,0,,,3,,,130,Sound,,,
0,FORT,2,1,1776625433.396702,126.23,Game,1,Predictable,117.5,0,,,3,,,130,Sound,,,
0,FORT,2,1,1776625433.396702,126.25,Game,1,Predictable,117.52,0,,,3,,,130,Sound,,,
0,FORT,2,1,1776625433.396702,126.26,Game,1,Predictable,117.53,0,,,3,,,130,Sound,,,
0,FORT,2,1,1776625433.396702,126.29,Game,1,Predictable,117.54,0,,,3,,,130,Sound,,,
0,FORT,2,1,1776625433.396702,126.3,Game,1,Predictable,117.57,0,,,3,,,130,Sound,,,
0,FORT,2,1,1776625433.396702,126.31,Game,1,Predictable,117.58,0,,,3,,,130,Sound,,,
0,FORT,2,1,1776625433.396702,126.33,Game,1,Predictable,117.6,0,,,3,,,130,Sound,,,
0,FORT,2,1,1776625433.396702,126.34,Game,1,Predictable,117.61,0,,,3,,,130,Sound,,,
0,FORT,2,1,1776625433.396702,126.36,Game,1,Predictable,117.63,0,,,3,,,130,Sound,,,
0,FORT,2,1,1776625433.396702,126.37,Game,1,Predictable,117.64,0,,,3,,,130,Sound,,,
0,FORT,2,1,1776625433.396702,126.38,Game,1,Predictable,117.65,0,,,3,,,130,Sound,,,
0,FORT,2,1,1776625433.396702,126.39,Game,1,Predictable,117.66,0,,,3,,,130,Sound,,,
0,FORT,2,1,1776625433.396702,126.41,Game,1,Predictable,117.68,0,,,3,,,130,Sound,,,
0,FORT,2,1,1776625433.396702,126.42,Game,1,Predictable,117.69,0,,,3,,,130,Sound,,,
0,FORT,2,1,1776625433.396702,126.44,Game,1,Predictable,117.7,0,,,3,,,130,Sound,,,
0,FORT,2,1,1776625433.396702,126.45,Game,1,Predictable,117.72,0,,,3,,,130,Sound,,,
0,FORT,2,1,1776625433.396702,126.46,Game,1,Predictable,117.73,0,,,3,,,130,Sound,,,
0,FORT,2,1,1776625433.396702,126.49,Game,1,Predictable,117.74,0,,,3,,,130,Sound,,,
0,FORT,2,1,1776625433.396702,126.51,Game,1,Predictable,117.77,0,,,3,,,130,Sound,,,
0,FORT,2,1,1776625433.396702,126.52,Game,1,Predictable,117.79,0,,,3,,,130,Sound,,,
0,FORT,2,1,1776625433.396702,126.53,Game,1,Predictable,117.8,0,,,3,,,130,Sound,,,
0,FORT,2,1,1776625433.396702,126.54,Game,1,Predictable,117.81,0,,,3,,,130,Sound,,,
0,FORT,2,1,1776625433.396702,126.57,Game,1,Predictable,117.83,0,,,3,,,130,Sound,,,
0,FORT,2,1,1776625433.396702,126.59,Game,1,Predictable,117.85,0,,,3,,,130,Sound,,,
0,FORT,2,1,1776625433.396702,126.6,Game,1,Predictable,117.87,0,,,3,,,130,Sound,,,
0,FORT,2,1,1776625433.396702,126.61,Game,1,Predictable,117.88,0,,,3,,,130,Sound,,,
0,FORT,2,1,1776625433.396702,126.63,Game,1,Predictable,117.9,0,,,3,,,130,Sound,,,
0,FORT,2,1,1776625433.396702,126.64,Game,1,Predictable,117.91,0,,,3,,,130,Sound,,,
0,FORT,2,1,1776625433.396702,126.66,Game,1,Predictable,117.93,0,,,3,,,130,Sound,,,
0,FORT,2,1,1776625433.396702,126.67,Game,1,Predictable,117.94,0,,,3,,,130,Sound,,,
0,FORT,2,1,1776625433.396702,126.69,Game,1,Predictable,117.95,0,,,3,,,130,Sound,,,
0,FORT,2,1,1776625433.396702,126.7,Game,1,Predictable,117.97,0,,,3,,,130,Sound,,,
0,FORT,2,1,1776625433.396702,126.71,Game,1,Predictable,117.98,0,,,3,,,130,Sound,,,
0,FORT,2,1,1776625433.396702,126.73,Game,1,Predictable,117.99,0,,,3,,,130,Sound,,,
0,FORT,2,1,1776625433.396702,126.74,Game,1,Predictable,118.01,0,,,3,,,130,Sound,,,
0,FORT,2,1,1776625433.396702,126.75,Game,1,Predictable,118.02,0,,,3,,,130,Sound,,,
0,FORT,2,1,1776625433.396702,126.76,Game,1,Predictable,118.03,0,,,3,,,130,Sound,,,
0,FORT,2,1,1776625433.396702,126.78,Game,1,Predictable,118.05,0,,,3,,,130,Sound,,,
0,FORT,2,1,1776625433.396702,126.81,Game,1,Predictable,118.06,0,,,3,,,130,Sound,,,
0,FORT,2,1,1776625433.396702,126.82,Game,1,Predictable,118.09,0,,,3,,,130,Sound,,,
0,FORT,2,1,1776625433.396702,126.84,Game,1,Predictable,118.11,0,,,3,,,130,Sound,,,
0,FORT,2,1,1776625433.396702,126.85,Game,1,Predictable,118.12,0,,,3,,,130,Sound,,,
0,FORT,2,1,1776625433.396702,126.86,Game,1,Predictable,118.13,0,,,3,,,130,Sound,,,
0,FORT,2,1,1776625433.396702,126.88,Game,1,Predictable,118.14,0,,,3,,,130,Sound,,,
0,FORT,2,1,1776625433.396702,126.89,Game,1,Predictable,118.16,0,,,3,,,130,Sound,,,
0,FORT,2,1,1776625433.396702,126.9,Game,1,Predictable,118.17,0,,,3,,,130,Sound,,,
0,FORT,2,1,1776625433.396702,126.91,Game,1,Predictable,118.18,0,,,3,,,130,Sound,,,
0,FORT,2,1,1776625433.396702,126.93,Game,1,Predictable,118.2,0,,,3,,,130,Sound,,,
0,FORT,2,1,1776625433.396702,126.96,Game,1,Predictable,118.21,0,,,3,,,130,Sound,,,
0,FORT,2,1,1776625433.396702,126.97,Game,1,Predictable,118.24,0,,,3,,,130,Sound,,,
0,FORT,2,1,1776625433.396702,126.99,Game,1,Predictable,118.25,0,,,3,,,130,Sound,,,
0,FORT,2,1,1776625433.396702,127.0,Game,1,Predictable,118.27,0,,,3,,,130,Sound,,,
0,FORT,2,1,1776625433.396702,127.01,Game,1,Predictable,118.28,0,,,3,,,130,Sound,,,
0,FORT,2,1,1776625433.396702,127.04,Game,1,Predictable,118.29,0,,,3,,,130,Sound,,,
0,FORT,2,1,1776625433.396702,127.06,Game,1,Predictable,118.32,0,,,3,,,130,Sound,,,
0,FORT,2,1,1776625433.396702,127.07,Game,1,Predictable,118.34,0,,,3,,,130,Sound,,,
0,FORT,2,1,1776625433.396702,127.08,Game,1,Predictable,118.35,0,,,3,,,130,Sound,,,
0,FORT,2,1,1776625433.396702,127.09,Game,1,Predictable,118.36,0,,,3,,,130,Sound,,,
0,FORT,2,1,1776625433.396702,127.12,Game,1,Predictable,118.38,0,,,3,,,130,Sound,,,
0,FORT,2,1,1776625433.396702,127.14,Game,1,Predictable,118.4,0,,,3,,,130,Sound,,,
0,FORT,2,1,1776625433.396702,127.15,Game,1,Predictable,118.42,0,,,3,,,130,Sound,,,
0,FORT,2,1,1776625433.396702,127.16,Game,1,Predictable,118.43,0,,,3,,,130,Sound,,,
0,FORT,2,1,1776625433.396702,127.18,Game,1,Predictable,118.45,0,,,3,,,130,Sound,,,
0,FORT,2,1,1776625433.396702,127.19,Game,1,Predictable,118.46,0,,,3,,,130,Sound,,,
0,FORT,2,1,1776625433.396702,127.21,Game,1,Predictable,118.47,0,,,3,,,130,Sound,,,
0,FORT,2,1,1776625433.396702,127.22,Game,1,Predictable,118.49,0,,,3,,,130,Sound,,,
0,FORT,2,1,1776625433.396702,127.23,Game,1,Predictable,118.5,0,,,3,,,130,Sound,,,
0,FORT,2,1,1776625433.396702,127.24,Game,1,Predictable,118.51,0,,,3,,,130,Sound,,,
0,FORT,2,1,1776625433.396702,127.26,Game,1,Predictable,118.53,0,,,3,,,130,Sound,,,
0,FORT,2,1,1776625433.396702,127.27,Game,1,Predictable,118.54,0,,,3,,,130,Sound,,,
0,FORT,2,1,1776625433.396702,127.29,Game,1,Predictable,118.56,0,,,3,,,130,Sound,,,
0,FORT,2,1,1776625433.396702,127.3,Game,1,Predictable,118.57,0,,,3,,,130,Sound,,,
0,FORT,2,1,1776625433.396702,127.31,Game,1,Predictable,118.58,0,,,3,,,130,Sound,,,
0,FORT,2,1,1776625433.396702,127.33,Game,1,Predictable,118.59,0,,,3,,,130,Sound,,,
0,FORT,2,1,1776625433.396702,127.34,Game,1,Predictable,118.61,0,,,3,,,130,Sound,,,
0,FORT,2,1,1776625433.396702,127.35,Game,1,Predictable,118.62,0,,,3,,,130,Sound,,,
0,FORT,2,1,1776625433.396702,127.36,Game,1,Predictable,118.63,0,,,3,,,130,Sound,,,
0,FORT,2,1,1776625433.396702,127.38,Game,1,Predictable,118.65,0,,,3,,,130,Sound,,,
0,FORT,2,1,1776625433.396702,127.39,Game,1,Predictable,118.66,0,,,3,,,130,Sound,,,
0,FORT,2,1,1776625433.396702,127.41,Game,1,Predictable,118.67,0,,,3,,,130,Sound,,,
0,FORT,2,1,1776625433.396702,127.42,Game,1,Predictable,118.69,0,,,3,,,130,Sound,,,
0,FORT,2,1,1776625433.396702,127.43,Game,1,Predictable,118.7,0,,,3,,,130,Sound,,,
0,FORT,2,1,1776625433.396702,127.44,Game,1,Predictable,118.71,0,,,3,,,130,Sound,,,
0,FORT,2,1,1776625433.396702,127.46,Game,1,Predictable,118.73,0,,,3,,,130,Sound,,,
0,FORT,2,1,1776625433.396702,127.47,Game,1,Predictable,118.74,0,,,3,,,130,Sound,,,
0,FORT,2,1,1776625433.396702,127.49,Game,1,Predictable,118.76,0,,,3,,,130,Sound,,,
0,FORT,2,1,1776625433.396702,127.5,Game,1,Predictable,118.77,0,,,3,,,130,Sound,,,
0,FORT,2,1,1776625433.396702,127.51,Game,1,Predictable,118.78,0,,,3,,,130,Sound,,,
0,FORT,2,1,1776625433.396702,127.53,Game,1,Predictable,118.79,0,,,3,,,130,Sound,,,
0,FORT,2,1,1776625433.396702,127.54,Game,1,Predictable,118.81,0,,,3,,,130,Sound,,,
0,FORT,2,1,1776625433.396702,127.55,Game,1,Predictable,118.82,0,,,3,,,130,Sound,,,
0,FORT,2,1,1776625433.396702,127.57,Game,1,Predictable,118.83,0,,,3,,,130,Sound,,,
0,FORT,2,1,1776625433.396702,127.58,Game,1,Predictable,118.85,0,,,3,,,130,Sound,,,
0,FORT,2,1,1776625433.396702,127.59,Game,1,Predictable,118.86,0,,,3,,,130,Sound,,,
0,FORT,2,1,1776625433.396702,127.61,Game,1,Predictable,118.87,0,,,3,,,130,Sound,,,
0,FORT,2,1,1776625433.396702,127.62,Game,1,Predictable,118.89,0,,,3,,,130,Sound,,,
0,FORT,2,1,1776625433.396702,127.63,Game,1,Predictable,118.9,0,,,3,,,130,Sound,,,
0,FORT,2,1,1776625433.396702,127.64,Game,1,Predictable,118.91,0,,,3,,,130,Sound,,,
0,FORT,2,1,1776625433.396702,127.66,Game,1,Predictable,118.93,0,,,3,,,130,Sound,,,
0,FORT,2,1,1776625433.396702,127.67,Game,1,Predictable,118.94,0,,,3,,,130,Sound,,,
0,FORT,2,1,1776625433.396702,127.69,Game,1,Predictable,118.95,0,,,3,,,130,Sound,,,
0,FORT,2,1,1776625433.396702,127.7,Game,1,Predictable,118.97,0,,,3,,,130,Sound,,,
0,FORT,2,1,1776625433.396702,127.71,Game,1,Predictable,118.98,0,,,3,,,130,Sound,,,
0,FORT,2,1,1776625433.396702,127.73,Game,1,Predictable,118.99,0,,,3,,,130,Sound,,,
0,FORT,2,1,1776625433.396702,127.74,Game,1,Predictable,119.01,0,,,3,,,130,Sound,,,
0,FORT,2,1,1776625433.396702,127.75,Game,1,Predictable,119.02,0,,,3,,,130,Sound,,,
0,FORT,2,1,1776625433.396702,127.77,Game,1,Predictable,119.03,0,,,3,,,130,Sound,,,
0,FORT,2,1,1776625433.396702,127.78,Game,1,Predictable,119.05,0,,,3,,,130,Sound,,,
0,FORT,2,1,1776625433.396702,127.79,Game,1,Predictable,119.06,0,,,3,,,130,Sound,,,
0,FORT,2,1,1776625433.396702,127.81,Game,1,Predictable,119.07,0,,,3,,,130,Sound,,,
0,FORT,2,1,1776625433.396702,127.82,Game,1,Predictable,119.09,0,,,3,,,130,Sound,,,
0,FORT,2,1,1776625433.396702,127.83,Game,1,Predictable,119.1,0,,,3,,,130,Sound,,,
0,FORT,2,1,1776625433.396702,127.84,Game,1,Predictable,119.11,0,,,3,,,130,Sound,,,
0,FORT,2,1,1776625433.396702,127.86,Game,1,Predictable,119.13,0,,,3,,,130,Sound,,,
0,FORT,2,1,1776625433.396702,127.87,Game,1,Predictable,119.14,0,,,3,,,130,Sound,,,
0,FORT,2,1,1776625433.396702,127.89,Game,1,Predictable,119.15,0,,,3,,,130,Sound,,,
0,FORT,2,1,1776625433.396702,127.9,Game,1,Predictable,119.17,0,,,3,,,130,Sound,,,
0,FORT,2,1,1776625433.396702,127.91,Game,1,Predictable,119.18,0,,,3,,,130,Sound,,,
0,FORT,2,1,1776625433.396702,127.93,Game,1,Predictable,119.19,0,,,3,,,130,Sound,,,
0,FORT,2,1,1776625433.396702,127.94,Game,1,Predictable,119.21,0,,,3,,,130,Sound,,,
0,FORT,2,1,1776625433.396702,127.95,Game,1,Predictable,119.22,0,,,3,,,130,Sound,,,
0,FORT,2,1,1776625433.396702,127.96,Game,1,Predictable,119.23,0,,,3,,,130,Sound,,,
0,FORT,2,1,1776625433.396702,127.98,Game,1,Predictable,119.25,0,,,3,,,130,Sound,,,
0,FORT,2,1,1776625433.396702,127.99,Game,1,Predictable,119.26,0,,,3,,,130,Sound,,,
0,FORT,2,1,1776625433.396702,128.01,Game,1,Predictable,119.27,0,,,3,,,130,Sound,,,
0,FORT,2,1,1776625433.396702,128.02,Game,1,Predictable,119.29,0,,,3,,,130,Sound,,,
0,FORT,2,1,1776625433.396702,128.03,Game,1,Predictable,119.3,0,,,3,,,130,Sound,,,
0,FORT,2,1,1776625433.396702,128.04,Game,1,Predictable,119.31,0,,,3,,,130,Sound,,,
0,FORT,2,1,1776625433.396702,128.06,Game,1,Predictable,119.33,0,,,3,,,130,Sound,,,
0,FORT,2,1,1776625433.396702,128.07,Game,1,Predictable,119.34,0,,,3,,,130,Sound,,,
0,FORT,2,1,1776625433.396702,128.09,Game,1,Predictable,119.36,0,,,3,,,130,Sound,,,
0,FORT,2,1,1776625433.396702,128.1,Game,1,Predictable,119.37,0,,,3,,,130,Sound,,,
0,FORT,2,1,1776625433.396702,128.11,Game,1,Predictable,119.38,0,,,3,,,130,Sound,,,
0,FORT,2,1,1776625433.396702,128.13,Game,1,Predictable,119.39,0,,,3,,,130,Sound,,,
0,FORT,2,1,1776625433.396702,128.14,Game,1,Predictable,119.41,0,,,3,,,130,Sound,,,
0,FORT,2,1,1776625433.396702,128.15,Game,1,Predictable,119.42,0,,,3,,,130,Sound,,,
0,FORT,2,1,1776625433.396702,128.17,Game,1,Predictable,119.43,0,,,3,,,130,Sound,,,
0,FORT,2,1,1776625433.396702,128.18,Game,1,Predictable,119.45,0,,,3,,,130,Sound,,,
0,FORT,2,1,1776625433.396702,128.19,Game,1,Predictable,119.46,0,,,3,,,130,Sound,,,
0,FORT,2,1,1776625433.396702,128.21,Game,1,Predictable,119.47,0,,,3,,,130,Sound,,,
0,FORT,2,1,1776625433.396702,128.22,Game,1,Predictable,119.49,0,,,3,,,130,Sound,,,
0,FORT,2,1,1776625433.396702,128.23,Game,1,Predictable,119.5,0,,,3,,,130,Sound,,,
0,FORT,2,1,1776625433.396702,128.24,Game,1,Predictable,119.51,0,,,3,,,130,Sound,,,
0,FORT,2,1,1776625433.396702,128.26,Game,1,Predictable,119.53,0,,,3,,,130,Sound,,,
0,FORT,2,1,1776625433.396702,128.27,Game,1,Predictable,119.54,0,,,3,,,130,Sound,,,
0,FORT,2,1,1776625433.396702,128.29,Game,1,Predictable,119.55,0,,,3,,,130,Sound,,,
0,FORT,2,1,1776625433.396702,128.3,Game,1,Predictable,119.57,0,,,3,,,130,Sound,,,
0,FORT,2,1,1776625433.396702,128.31,Game,1,Predictable,119.58,0,,,3,,,130,Sound,,,
0,FORT,2,1,1776625433.396702,128.33,Game,1,Predictable,119.59,0,,,3,,,130,Sound,,,
0,FORT,2,1,1776625433.396702,128.34,Game,1,Predictable,119.61,0,,,3,,,130,Sound,,,
0,FORT,2,1,1776625433.396702,128.35,Game,1,Predictable,119.62,0,,,3,,,130,Sound,,,
0,FORT,2,1,1776625433.396702,128.36,Game,1,Predictable,119.63,0,,,3,,,130,Sound,,,
0,FORT,2,1,1776625433.396702,128.38,Game,1,Predictable,119.65,0,,,3,,,130,Sound,,,
0,FORT,2,1,1776625433.396702,128.39,Game,1,Predictable,119.66,0,,,3,,,130,Sound,,,
0,FORT,2,1,1776625433.396702,128.41,Game,1,Predictable,119.67,0,,,3,,,130,Sound,,,
0,FORT,2,1,1776625433.396702,128.42,Game,1,Predictable,119.69,0,,,3,,,130,Sound,,,
0,FORT,2,1,1776625433.396702,128.43,Game,1,Predictable,119.7,0,,,3,,,130,Sound,,,
0,FORT,2,1,1776625433.396702,128.45,Game,1,Predictable,119.72,0,,,3,,,130,Sound,,,
0,FORT,2,1,1776625433.396702,128.46,Game,1,Predictable,119.73,0,,,3,,,130,Sound,,,
0,FORT,2,1,1776625433.396702,128.47,Game,1,Predictable,119.74,0,,,3,,,130,Sound,,,
0,FORT,2,1,1776625433.396702,128.49,Game,1,Predictable,119.76,0,,,3,,,130,Sound,,,
0,FORT,2,1,1776625433.396702,128.5,Game,1,Predictable,119.77,0,,,3,,,130,Sound,,,
0,FORT,2,1,1776625433.396702,128.51,Game,1,Predictable,119.78,0,,,3,,,130,Sound,,,
0,FORT,2,1,1776625433.396702,128.53,Game,1,Predictable,119.79,0,,,3,,,130,Sound,,,
0,FORT,2,1,1776625433.396702,128.54,Game,1,Predictable,119.81,0,,,3,,,130,Sound,,,
0,FORT,2,1,1776625433.396702,128.55,Game,1,Predictable,119.82,0,,,3,,,130,Sound,,,
0,FORT,2,1,1776625433.396702,128.56,Game,1,Predictable,119.83,0,,,3,,,130,Sound,,,
0,FORT,2,1,1776625433.396702,128.58,Game,1,Predictable,119.85,0,,,3,,,130,Sound,,,
0,FORT,2,1,1776625433.396702,128.59,Game,1,Predictable,119.86,0,,,3,,,130,Sound,,,
0,FORT,2,1,1776625433.396702,128.61,Game,1,Predictable,119.87,0,,,3,,,130,Sound,,,
0,FORT,2,1,1776625433.396702,128.62,Game,1,Predictable,119.89,0,,,3,,,130,Sound,,,
0,FORT,2,1,1776625433.396702,128.63,Game,1,Predictable,119.9,0,,,3,,,130,Sound,,,
0,FORT,2,1,1776625433.396702,128.64,Game,1,Predictable,119.91,0,,,3,,,130,Sound,,,
0,FORT,2,1,1776625433.396702,128.66,Game,1,Predictable,119.93,0,,,3,,,130,Sound,,,
0,FORT,2,1,1776625433.396702,128.67,Game,1,Predictable,119.94,0,,,3,,,130,Sound,,,
0,FORT,2,1,1776625433.396702,128.69,Game,1,Predictable,119.95,0,,,3,,,130,Sound,,,
0,FORT,2,1,1776625433.396702,128.7,Game,1,Predictable,119.97,0,,,3,,,130,Sound,,,
0,FORT,2,1,1776625433.396702,128.71,Game,1,Predictable,119.98,0,,,3,,,130,Sound,,,
0,FORT,2,1,1776625433.396702,128.73,Game,1,Predictable,119.99,0,,,3,,,130,Sound,,,
