,ExperimentName,Subject,Session,StartTime,CurrentTime,Step,Block,Scenario,TimeInCondition,Cue,Startle,Shock,FearRating,CueStart,CueEnd,ScenarioIndex,ShockType,VAS_score,VAS_type,VAS_RT
0,FORT,,1,1776624322.0544572,9.25,Game,1,Predictable,0.06,0,,,,,,130,Sound,,,
0,FORT,,1,1776624322.0544572,9.29,Game,1,Predictable,0.06,0,,,5,,,130,Sound,,,
0,FORT,,1,1776624322.0544572,9.29,Game,1,Predictable,0.09,0,,,5,,,130,Sound,,,
0,FORT,,1,1776624322.0544572,9.3,Game,1,Predictable,0.1,0,,,5,,,130,Sound,,,
0,FORT,,1,1776624322.0544572,9.32,Game,1,Predictable,0.11,0,,,5,,,130,Sound,,,
0,FORT,,1,1776624322.0544572,9.32,Game,1,Predictable,0.12,0,,,5,,,130,Sound,,,
0,FORT,,1,1776624322.0544572,9.33,Game,1,Predictable,0.13,0,,,5,,,130,Sound,,,
0,FORT,,1,1776624322.0544572,9.34,Game,1,Predictable,0.14,0,,,5,,,130,Sound,,,
0,FORT,,1,1776624322.0544572,9.35,Game,1,Predictable,0.15,0,,,5,,,130,Sound,,,
0,FORT,,1,1776624322.0544572,9.36,Game,1,Predictable,0.16,0,,,5,,,130,Sound,,,
0,FORT,,1,1776624322.0544572,9.37,Game,1,Predictable,0.16,0,,,5,,,130,Sound,,,
0,FORT,,1,1776624322.0544572,9.37,Game,1,Predictable,0.17,0,,,5,,,130,Sound,,,
0,FORT,,1,1776624322.0544572,9.38,Game,1,Predictable,0.18,0,,,5,,,130,Sound,,,
0,FORT,,1,1776624322.0544572,9.39,Game,1,Predictable,0.19,0,,,5,,,130,Sound,,,
0,FORT,,1,1776624322.0544572,9.4,Game,1,Predictable,0.2,0,,,5,,,130,Sound,,,
0,FORT,,1,1776624322.0544572,9.41,Game,1,Predictable,0.21,0,,,5,,,130,Sound,,,
0,FORT,,1,1776624322.0544572,9.43,Game,1,Predictable,0.21,0,,,5,,,130,Sound,,,
0,FORT,,1,1776624322.0544572,9.44,Game,1,Predictable,0.24,0,,,5,,,130,Sound,,,
0,FORT,,1,1776624322.0544572,9.45,Game,1,Predictable,0.25,0,,,5,,,130,Sound,,,
0,FORT,,1,1776624322.0544572,9.46,Game,1,Predictable,0.26,0,,,5,,,130,Sound,,,
0,FORT,,1,1776624322.0544572,9.47,Game,1,Predictable,0.26,0,,,5,,,130,Sound,,,
0,FORT,,1,1776624322.0544572,9.47,Game,1,Predictable,0.27,0,,,5,,,130,Sound,,,
0,FORT,,1,1776624322.0544572,9.48,Game,1,Predictable,0.28,0,,,5,,,130,Sound,,,
0,FORT,,1,1776624322.0544572,9.49,Game,1,Predictable,0.29,0,,,5,,,130,Sound,,,
0,FORT,,1,1776624322.0544572,9.5,Game,1,Predictable,0.3,0,,,5,,,130,Sound,,,
0,FORT,,1,1776624322.0544572,9.51,Game,1,Predictable,0.31,0,,,5,,,130,Sound,,,
0,FORT,,1,1776624322.0544572,9.52,Game,1,Predictable,0.31,0,,,5,,,130,Sound,,,
0,FORT,,1,1776624322.0544572,9.52,Game,1,Predictable,0.32,0,,,5,,,130,Sound,,,
0,FORT,,1,1776624322.0544572,9.53,Game,1,Predictable,0.33,0,,,5,,,130,Sound,,,
0,FORT,,1,1776624322.0544572,9.54,Game,1,Predictable,0.34,0,,,5,,,130,Sound,,,
0,FORT,,1,1776624322.0544572,9.55,Game,1,Predictable,0.35,0,,,5,,,130,Sound,,,
0,FORT,,1,1776624322.0544572,9.56,Game,1,Predictable,0.36,0,,,5,,,130,Sound,,,
0,FORT,,1,1776624322.0544572,9.57,Game,1,Predictable,0.36,0,,,5,,,130,Sound,,,
0,FORT,,1,1776624322.0544572,9.57,Game,1,Predictable,0.37,0,,,5,,,130,Sound,,,
0,FORT,,1,1776624322.0544572,9.58,Game,1,Predictable,0.38,0,,,5,,,130,Sound,,,
0,FORT,,1,1776624322.0544572,9.59,Game,1,Predictable,0.39,0,,,5,,,130,Sound,,,
0,FORT,,1,1776624322.0544572,9.6,Game,1,Predictable,0.4,0,,,5,,,130,Sound,,,
0,FORT,,1,1776624322.0544572,9.61,Game,1,Predictable,0.41,0,,,5,,,130,Sound,,,
0,FORT,,1,1776624322.0544572,9.62,Game,1,Predictable,0.41,0,,,5,,,130,Sound,,,
0,FORT,,1,1776624322.0544572,9.62,Game,1,Predictable,0.42,0,,,5,,,130,Sound,,,
0,FORT,,1,1776624322.0544572,9.63,Game,1,Predictable,0.43,0,,,5,,,130,Sound,,,
0,FORT,,1,1776624322.0544572,9.64,Game,1,Predictable,0.44,0,,,5,,,130,Sound,,,
0,FORT,,1,1776624322.0544572,9.65,Game,1,Predictable,0.45,0,,,5,,,130,Sound,,,
0,FORT,,1,1776624322.0544572,9.66,Game,1,Predictable,0.46,0,,,5,,,130,Sound,,,
0,FORT,,1,1776624322.0544572,9.67,Game,1,Predictable,0.46,0,,,5,,,130,Sound,,,
0,FORT,,1,1776624322.0544572,9.67,Game,1,Predictable,0.47,0,,,5,,,130,Sound,,,
0,FORT,,1,1776624322.0544572,9.68,Game,1,Predictable,0.48,0,,,5,,,130,Sound,,,
0,FORT,,1,1776624322.0544572,9.69,Game,1,Predictable,0.49,0,,,5,,,130,Sound,,,
0,FORT,,1,1776624322.0544572,9.7,Game,1,Predictable,0.5,0,,,5,,,130,Sound,,,
0,FORT,,1,1776624322.0544572,9.71,Game,1,Predictable,0.51,0,,,5,,,130,Sound,,,
0,FORT,,1,1776624322.0544572,9.72,Game,1,Predictable,0.51,0,,,5,,,130,Sound,,,
0,FORT,,1,1776624322.0544572,9.72,Game,1,Predictable,0.52,0,,,5,,,130,Sound,,,
0,FORT,,1,1776624322.0544572,9.73,Game,1,Predictable,0.53,0,,,5,,,130,Sound,,,
0,FORT,,1,1776624322.0544572,9.74,Game,1,Predictable,0.54,0,,,5,,,130,Sound,,,
0,FORT,,1,1776624322.0544572,9.75,Game,1,Predictable,0.55,0,,,5,,,130,Sound,,,
0,FORT,,1,1776624322.0544572,9.76,Game,1,Predictable,0.56,0,,,5,,,130,Sound,,,
0,FORT,,1,1776624322.0544572,9.77,Game,1,Predictable,0.56,0,,,5,,,130,Sound,,,
0,FORT,,1,1776624322.0544572,9.77,Game,1,Predictable,0.57,0,,,5,,,130,Sound,,,
0,FORT,,1,1776624322.0544572,9.78,Game,1,Predictable,0.58,0,,,5,,,130,Sound,,,
0,FORT,,1,1776624322.0544572,9.79,Game,1,Predictable,0.59,0,,,5,,,130,Sound,,,
0,FORT,,1,1776624322.0544572,9.8,Game,1,Predictable,0.6,0,,,5,,,130,Sound,,,
0,FORT,,1,1776624322.0544572,9.81,Game,1,Predictable,0.61,0,,,5,,,130,Sound,,,
0,FORT,,1,1776624322.0544572,9.82,Game,1,Predictable,0.61,0,,,5,,,130,Sound,,,
0,FORT,,1,1776624322.0544572,9.82,Game,1,Predictable,0.62,0,,,5,,,130,Sound,,,
0,FORT,,1,1776624322.0544572,9.83,Game,1,Predictable,0.63,0,,,5,,,130,Sound,,,
0,FORT,,1,1776624322.0544572,9.84,Game,1,Predictable,0.64,0,,,5,,,130,Sound,,,
0,FORT,,1,1776624322.0544572,9.85,Game,1,Predictable,0.65,0,,,5,,,130,Sound,,,
0,FORT,,1,1776624322.0544572,9.86,Game,1,Predictable,0.66,0,,,5,,,130,Sound,,,
0,FORT,,1,1776624322.0544572,9.87,Game,1,Predictable,0.66,0,,,5,,,130,Sound,,,
0,FORT,,1,1776624322.0544572,9.87,Game,1,Predictable,0.67,0,,,5,,,130,Sound,,,
0,FORT,,1,1776624322.0544572,9.88,Game,1,Predictable,0.68,0,,,5,,,130,Sound,,,
0,FORT,,1,1776624322.0544572,9.89,Game,1,Predictable,0.69,0,,,5,,,130,Sound,,,
0,FORT,,1,1776624322.0544572,9.9,Game,1,Predictable,0.7,0,,,5,,,130,Sound,,,
0,FORT,,1,1776624322.0544572,9.91,Game,1,Predictable,0.71,0,,,5,,,130,Sound,,,
0,FORT,,1,1776624322.0544572,9.92,Game,1,Predictable,0.71,0,,,5,,,130,Sound,,,
0,FORT,,1,1776624322.0544572,9.92,Game,1,Predictable,0.72,0,,,5,,,130,Sound,,,
0,FORT,,1,1776624322.0544572,9.94,Game,1,Predictable,0.73,0,,,5,,,130,Sound,,,
0,FORT,,1,1776624322.0544572,9.94,Game,1,Predictable,0.74,0,,,5,,,130,Sound,,,
0,FORT,,1,1776624322.0544572,9.95,Game,1,Predictable,0.75,0,,,5,,,130,Sound,,,
0,FORT,,1,1776624322.0544572,9.96,Game,1,Predictable,0.76,0,,,5,,,130,Sound,,,
0,FORT,,1,1776624322.0544572,9.97,Game,1,Predictable,0.76,0,,,5,,,130,Sound,,,
0,FORT,,1,1776624322.0544572,9.97,Game,1,Predictable,0.77,0,,,5,,,130,Sound,,,
0,FORT,,1,1776624322.0544572,9.98,Game,1,Predictable,0.78,0,,,5,,,130,Sound,,,
0,FORT,,1,1776624322.0544572,9.99,Game,1,Predictable,0.79,0,,,5,,,130,Sound,,,
0,FORT,,1,1776624322.0544572,10.0,Game,1,Predictable,0.8,0,,,5,,,130,Sound,,,
0,FORT,,1,1776624322.0544572,10.01,Game,1,Predictable,0.81,0,,,5,,,130,Sound,,,
0,FORT,,1,1776624322.0544572,10.02,Game,1,Predictable,0.81,0,,,5,,,130,Sound,,,
0,FORT,,1,1776624322.0544572,10.02,Game,1,Predictable,0.82,0,,,5,,,130,Sound,,,
0,FORT,,1,1776624322.0544572,10.03,Game,1,Predictable,0.83,0,,,5,,,130,Sound,,,
0,FORT,,1,1776624322.0544572,10.04,Game,1,Predictable,0.84,0,,,5,,,130,Sound,,,
0,FORT,,1,1776624322.0544572,10.05,Game,1,Predictable,0.85,0,,,5,,,130,Sound,,,
0,FORT,,1,1776624322.0544572,10.06,Game,1,Predictable,0.86,0,,,5,,,130,Sound,,,
0,FORT,,1,1776624322.0544572,10.07,Game,1,Predictable,0.86,0,,,5,,,130,Sound,,,
0,FORT,,1,1776624322.0544572,10.07,Game,1,Predictable,0.87,0,,,5,,,130,Sound,,,
0,FORT,,1,1776624322.0544572,10.08,Game,1,Predictable,0.88,0,,,5,,,130,Sound,,,
0,FORT,,1,1776624322.0544572,10.09,Game,1,Predictable,0.89,0,,,5,,,130,Sound,,,
0,FORT,,1,1776624322.0544572,10.1,Game,1,Predictable,0.9,0,,,5,,,130,Sound,,,
0,FORT,,1,1776624322.0544572,10.11,Game,1,Predictable,0.91,0,,,5,,,130,Sound,,,
0,FORT,,1,1776624322.0544572,10.12,Game,1,Predictable,0.91,0,,,5,,,130,Sound,,,
0,FORT,,1,1776624322.0544572,10.12,Game,1,Predictable,0.92,0,,,5,,,130,Sound,,,
0,FORT,,1,1776624322.0544572,10.13,Game,1,Predictable,0.93,0,,,5,,,130,Sound,,,
0,FORT,,1,1776624322.0544572,10.14,Game,1,Predictable,0.94,0,,,5,,,130,Sound,,,
0,FORT,,1,1776624322.0544572,10.15,Game,1,Predictable,0.95,0,,,5,,,130,Sound,,,
0,FORT,,1,1776624322.0544572,10.16,Game,1,Predictable,0.96,0,,,5,,,130,Sound,,,
0,FORT,,1,1776624322.0544572,10.17,Game,1,Predictable,0.96,0,,,5,,,130,Sound,,,
0,FORT,,1,1776624322.0544572,10.17,Game,1,Predictable,0.97,0,,,5,,,130,Sound,,,
0,FORT,,1,1776624322.0544572,10.18,Game,1,Predictable,0.98,0,,,5,,,130,Sound,,,
0,FORT,,1,1776624322.0544572,10.19,Game,1,Predictable,0.99,0,,,5,,,130,Sound,,,
0,FORT,,1,1776624322.0544572,10.2,Game,1,Predictable,1.0,0,,,5,,,130,Sound,,,
0,FORT,,1,1776624322.0544572,10.21,Game,1,Predictable,1.01,0,,,5,,,130,Sound,,,
0,FORT,,1,1776624322.0544572,10.22,Game,1,Predictable,1.01,0,,,5,,,130,Sound,,,
0,FORT,,1,1776624322.0544572,10.22,Game,1,Predictable,1.02,0,,,5,,,130,Sound,,,
0,FORT,,1,1776624322.0544572,10.23,Game,1,Predictable,1.03,0,,,5,,,130,Sound,,,
0,FORT,,1,1776624322.0544572,10.24,Game,1,Predictable,1.04,0,,,5,,,130,Sound,,,
0,FORT,,1,1776624322.0544572,10.25,Game,1,Predictable,1.05,0,,,5,,,130,Sound,,,
0,FORT,,1,1776624322.0544572,10.26,Game,1,Predictable,1.06,0,,,5,,,130,Sound,,,
0,FORT,,1,1776624322.0544572,10.27,Game,1,Predictable,1.06,0,,,5,,,130,Sound,,,
0,FORT,,1,1776624322.0544572,10.27,Game,1,Predictable,1.07,0,,,5,,,130,Sound,,,
0,FORT,,1,1776624322.0544572,10.28,Game,1,Predictable,1.08,0,,,5,,,130,Sound,,,
0,FORT,,1,1776624322.0544572,10.29,Game,1,Predictable,1.09,0,,,5,,,130,Sound,,,
0,FORT,,1,1776624322.0544572,10.3,Game,1,Predictable,1.1,0,,,5,,,130,Sound,,,
0,FORT,,1,1776624322.0544572,10.31,Game,1,Predictable,1.11,0,,,5,,,130,Sound,,,
0,FORT,,1,1776624322.0544572,10.32,Game,1,Predictable,1.11,0,,,5,,,130,Sound,,,
0,FORT,,1,1776624322.0544572,10.32,Game,1,Predictable,1.12,0,,,5,,,130,Sound,,,
0,FORT,,1,1776624322.0544572,10.33,Game,1,Predictable,1.13,0,,,5,,,130,Sound,,,
0,FORT,,1,1776624322.0544572,10.34,Game,1,Predictable,1.14,0,,,5,,,130,Sound,,,
0,FORT,,1,1776624322.0544572,10.35,Game,1,Predictable,1.15,0,,,5,,,130,Sound,,,
0,FORT,,1,1776624322.0544572,10.36,Game,1,Predictable,1.16,0,,,5,,,130,Sound,,,
0,FORT,,1,1776624322.0544572,10.37,Game,1,Predictable,1.16,0,,,5,,,130,Sound,,,
0,FORT,,1,1776624322.0544572,10.37,Game,1,Predictable,1.17,0,,,5,,,130,Sound,,,
0,FORT,,1,1776624322.0544572,10.38,Game,1,Predictable,1.18,0,,,5,,,130,Sound,,,
0,FORT,,1,1776624322.0544572,10.39,Game,1,Predictable,1.19,0,,,5,,,130,Sound,,,
0,FORT,,1,1776624322.0544572,10.4,Game,1,Predictable,1.2,0,,,5,,,130,Sound,,,
0,FORT,,1,1776624322.0544572,10.41,Game,1,Predictable,1.21,0,,,5,,,130,Sound,,,
0,FORT,,1,1776624322.0544572,10.42,Game,1,Predictable,1.21,0,,,5,,,130,Sound,,,
0,FORT,,1,1776624322.0544572,10.42,Game,1,Predictable,1.22,0,,,5,,,130,Sound,,,
0,FORT,,1,1776624322.0544572,10.43,Game,1,Predictable,1.23,0,,,5,,,130,Sound,,,
0,FORT,,1,1776624322.0544572,10.44,Game,1,Predictable,1.24,0,,,5,,,130,Sound,,,
0,FORT,,1,1776624322.0544572,10.45,Game,1,Predictable,1.25,0,,,5,,,130,Sound,,,
0,FORT,,1,1776624322.0544572,10.46,Game,1,Predictable,1.26,0,,,5,,,130,Sound,,,
0,FORT,,1,1776624322.0544572,10.47,Game,1,Predictable,1.26,0,,,5,,,130,Sound,,,
0,FORT,,1,1776624322.0544572,10.47,Game,1,Predictable,1.27,0,,,5,,,130,Sound,,,
0,FORT,,1,1776624322.0544572,10.48,Game,1,Predictable,1.28,0,,,5,,,130,Sound,,,
0,FORT,,1,1776624322.0544572,10.49,Game,1,Predictable,1.29,0,,,5,,,130,Sound,,,
0,FORT,,1,1776624322.0544572,10.5,Game,1,Predictable,1.3,0,,,5,,,130,Sound,,,
0,FORT,,1,1776624322.0544572,10.51,Game,1,Predictable,1.31,0,,,5,,,130,Sound,,,
0,FORT,,1,1776624322.0544572,10.52,Game,1,Predictable,1.31,0,,,5,,,130,Sound,,,
0,FORT,,1,1776624322.0544572,10.52,Game,1,Predictable,1.32,0,,,5,,,130,Sound,,,
0,FORT,,1,1776624322.0544572,10.53,Game,1,Predictable,1.33,0,,,5,,,130,Sound,,,
0,FORT,,1,1776624322.0544572,10.54,Game,1,Predictable,1.34,0,,,5,,,130,Sound,,,
0,FORT,,1,1776624322.0544572,10.55,Game,1,Predictable,1.35,0,,,5,,,130,Sound,,,
0,FORT,,1,1776624322.0544572,10.56,Game,1,Predictable,1.36,0,,,5,,,130,Sound,,,
0,FORT,,1,1776624322.0544572,10.57,Game,1,Predictable,1.36,0,,,5,,,130,Sound,,,
0,FORT,,1,1776624322.0544572,10.57,Game,1,Predictable,1.37,0,,,5,,,130,Sound,,,
0,FORT,,1,1776624322.0544572,10.58,Game,1,Predictable,1.38,0,,,5,,,130,Sound,,,
0,FORT,,1,1776624322.0544572,10.59,Game,1,Predictable,1.39,0,,,5,,,130,Sound,,,
0,FORT,,1,1776624322.0544572,10.6,Game,1,Predictable,1.4,0,,,5,,,130,Sound,,,
0,FORT,,1,1776624322.0544572,10.61,Game,1,Predictable,1.41,0,,,5,,,130,Sound,,,
0,FORT,,1,1776624322.0544572,10.62,Game,1,Predictable,1.41,0,,,5,,,130,Sound,,,
0,FORT,,1,1776624322.0544572,10.62,Game,1,Predictable,1.42,0,,,5,,,130,Sound,,,
0,FORT,,1,1776624322.0544572,10.63,Game,1,Predictable,1.43,0,,,5,,,130,Sound,,,
0,FORT,,1,1776624322.0544572,10.64,Game,1,Predictable,1.44,0,,,5,,,130,Sound,,,
0,FORT,,1,1776624322.0544572,10.65,Game,1,Predictable,1.45,0,,,5,,,130,Sound,,,
0,FORT,,1,1776624322.0544572,10.66,Game,1,Predictable,1.46,0,,,5,,,130,Sound,,,
0,FORT,,1,1776624322.0544572,10.67,Game,1,Predictable,1.46,0,,,5,,,130,Sound,,,
0,FORT,,1,1776624322.0544572,10.67,Game,1,Predictable,1.47,0,,,5,,,130,Sound,,,
0,FORT,,1,1776624322.0544572,10.68,Game,1,Predictable,1.48,0,,,5,,,130,Sound,,,
0,FORT,,1,1776624322.0544572,10.69,Game,1,Predictable,1.49,0,,,5,,,130,Sound,,,
0,FORT,,1,1776624322.0544572,10.7,Game,1,Predictable,1.5,0,,,5,,,130,Sound,,,
0,FORT,,1,1776624322.0544572,10.71,Game,1,Predictable,1.51,0,,,5,,,130,Sound,,,
0,FORT,,1,1776624322.0544572,10.72,Game,1,Predictable,1.51,0,,,5,,,130,Sound,,,
0,FORT,,1,1776624322.0544572,10.72,Game,1,Predictable,1.52,0,,,5,,,130,Sound,,,
0,FORT,,1,1776624322.0544572,10.73,Game,1,Predictable,1.53,0,,,5,,,130,Sound,,,
0,FORT,,1,1776624322.0544572,10.74,Game,1,Predictable,1.54,0,,,5,,,130,Sound,,,
0,FORT,,1,1776624322.0544572,10.75,Game,1,Predictable,1.55,0,,,5,,,130,Sound,,,
0,FORT,,1,1776624322.0544572,10.76,Game,1,Predictable,1.56,0,,,5,,,130,Sound,,,
0,FORT,,1,1776624322.0544572,10.77,Game,1,Predictable,1.56,0,,,5,,,130,Sound,,,
0,FORT,,1,1776624322.0544572,10.77,Game,1,Predictable,1.57,0,,,5,,,130,Sound,,,
0,FORT,,1,1776624322.0544572,10.78,Game,1,Predictable,1.58,0,,,5,,,130,Sound,,,
0,FORT,,1,1776624322.0544572,10.79,Game,1,Predictable,1.59,0,,,5,,,130,Sound,,,
0,FORT,,1,1776624322.0544572,10.8,Game,1,Predictable,1.6,0,,,5,,,130,Sound,,,
0,FORT,,1,1776624322.0544572,10.81,Game,1,Predictable,1.61,0,,,5,,,130,Sound,,,
0,FORT,,1,1776624322.0544572,10.82,Game,1,Predictable,1.61,0,,,5,,,130,Sound,,,
0,FORT,,1,1776624322.0544572,10.82,Game,1,Predictable,1.62,0,,,5,,,130,Sound,,,
0,FORT,,1,1776624322.0544572,10.83,Game,1,Predictable,1.63,0,,,5,,,130,Sound,,,
0,FORT,,1,1776624322.0544572,10.84,Game,1,Predictable,1.64,0,,,5,,,130,Sound,,,
0,FORT,,1,1776624322.0544572,10.85,Game,1,Predictable,1.65,0,,,5,,,130,Sound,,,
0,FORT,,1,1776624322.0544572,10.86,Game,1,Predictable,1.66,0,,,5,,,130,Sound,,,
0,FORT,,1,1776624322.0544572,10.87,Game,1,Predictable,1.66,0,,,5,,,130,Sound,,,
0,FORT,,1,1776624322.0544572,10.87,Game,1,Predictable,1.67,0,,,5,,,130,Sound,,,
0,FORT,,1,1776624322.0544572,10.88,Game,1,Predictable,1.68,0,,,5,,,130,Sound,,,
0,FORT,,1,1776624322.0544572,10.89,Game,1,Predictable,1.69,0,,,5,,,130,Sound,,,
0,FORT,,1,1776624322.0544572,10.9,Game,1,Predictable,1.7,0,,,5,,,130,Sound,,,
0,FORT,,1,1776624322.0544572,10.91,Game,1,Predictable,1.71,0,,,5,,,130,Sound,,,
0,FORT,,1,1776624322.0544572,10.92,Game,1,Predictable,1.71,0,,,5,,,130,Sound,,,
0,FORT,,1,1776624322.0544572,10.92,Game,1,Predictable,1.72,0,,,5,,,130,Sound,,,
0,FORT,,1,1776624322.0544572,10.93,Game,1,Predictable,1.73,0,,,5,,,130,Sound,,,
0,FORT,,1,1776624322.0544572,10.94,Game,1,Predictable,1.74,0,,,5,,,130,Sound,,,
0,FORT,,1,1776624322.0544572,10.95,Game,1,Predictable,1.75,0,,,5,,,130,Sound,,,
0,FORT,,1,1776624322.0544572,10.96,Game,1,Predictable,1.76,0,,,5,,,130,Sound,,,
0,FORT,,1,1776624322.0544572,10.97,Game,1,Predictable,1.76,0,,,5,,,130,Sound,,,
0,FORT,,1,1776624322.0544572,10.97,Game,1,Predictable,1.77,0,,,5,,,130,Sound,,,
0,FORT,,1,1776624322.0544572,10.98,Game,1,Predictable,1.78,0,,,5,,,130,Sound,,,
0,FORT,,1,1776624322.0544572,10.99,Game,1,Predictable,1.79,0,,,5,,,130,Sound,,,
0,FORT,,1,1776624322.0544572,11.0,Game,1,Predictable,1.8,0,,,5,,,130,Sound,,,
0,FORT,,1,1776624322.0544572,11.01,Game,1,Predictable,1.81,0,,,5,,,130,Sound,,,
0,FORT,,1,1776624322.0544572,11.02,Game,1,Predictable,1.81,0,,,5,,,130,Sound,,,
0,FORT,,1,1776624322.0544572,11.02,Game,1,Predictable,1.82,0,,,5,,,130,Sound,,,
0,FORT,,1,1776624322.0544572,11.03,Game,1,Predictable,1.83,0,,,5,,,130,Sound,,,
0,FORT,,1,1776624322.0544572,11.04,Game,1,Predictable,1.84,0,,,5,,,130,Sound,,,
0,FORT,,1,1776624322.0544572,11.05,Game,1,Predictable,1.85,0,,,5,,,130,Sound,,,
0,FORT,,1,1776624322.0544572,11.06,Game,1,Predictable,1.86,0,,,5,,,130,Sound,,,
0,FORT,,1,1776624322.0544572,11.07,Game,1,Predictable,1.86,0,,,5,,,130,Sound,,,
0,FORT,,1,1776624322.0544572,11.07,Game,1,Predictable,1.87,0,,,5,,,130,Sound,,,
0,FORT,,1,1776624322.0544572,11.08,Game,1,Predictable,1.88,0,,,5,,,130,Sound,,,
0,FORT,,1,1776624322.0544572,11.09,Game,1,Predictable,1.89,0,,,5,,,130,Sound,,,
0,FORT,,1,1776624322.0544572,11.1,Game,1,Predictable,1.9,0,,,5,,,130,Sound,,,
0,FORT,,1,1776624322.0544572,11.11,Game,1,Predictable,1.91,0,,,5,,,130,Sound,,,
0,FORT,,1,1776624322.0544572,11.12,Game,1,Predictable,1.91,0,,,5,,,130,Sound,,,
0,FORT,,1,1776624322.0544572,11.12,Game,1,Predictable,1.92,0,,,5,,,130,Sound,,,
0,FORT,,1,1776624322.0544572,11.13,Game,1,Predictable,1.93,0,,,5,,,130,Sound,,,
0,FORT,,1,1776624322.0544572,11.14,Game,1,Predictable,1.94,0,,,5,,,130,Sound,,,
0,FORT,,1,1776624322.0544572,11.15,Game,1,Predictable,1.95,0,,,5,,,130,Sound,,,
0,FORT,,1,1776624322.0544572,11.16,Game,1,Predictable,1.96,0,,,5,,,130,Sound,,,
0,FORT,,1,1776624322.0544572,11.17,Game,1,Predictable,1.96,0,,,5,,,130,Sound,,,
0,FORT,,1,1776624322.0544572,11.17,Game,1,Predictable,1.97,0,,,5,,,130,Sound,,,
0,FORT,,1,1776624322.0544572,11.18,Game,1,Predictable,1.98,0,,,5,,,130,Sound,,,
0,FORT,,1,1776624322.0544572,11.19,Game,1,Predictable,1.99,0,,,5,,,130,Sound,,,
0,FORT,,1,1776624322.0544572,11.2,Game,1,Predictable,2.0,0,,,5,,,130,Sound,,,
0,FORT,,1,1776624322.0544572,11.21,Game,1,Predictable,2.01,0,,,5,,,130,Sound,,,
0,FORT,,1,1776624322.0544572,11.22,Game,1,Predictable,2.01,0,,,5,,,130,Sound,,,
0,FORT,,1,1776624322.0544572,11.22,Game,1,Predictable,2.02,0,,,5,,,130,Sound,,,
0,FORT,,1,1776624322.0544572,11.23,Game,1,Predictable,2.03,0,,,5,,,130,Sound,,,
0,FORT,,1,1776624322.0544572,11.24,Game,1,Predictable,2.04,0,,,5,,,130,Sound,,,
0,FORT,,1,1776624322.0544572,11.25,Game,1,Predictable,2.05,0,,,5,,,130,Sound,,,
0,FORT,,1,1776624322.0544572,11.26,Game,1,Predictable,2.06,0,,,5,,,130,Sound,,,
0,FORT,,1,1776624322.0544572,11.27,Game,1,Predictable,2.06,0,,,5,,,130,Sound,,,
0,FORT,,1,1776624322.0544572,11.27,Game,1,Predictable,2.07,0,,,5,,,130,Sound,,,
0,FORT,,1,1776624322.0544572,11.28,Game,1,Predictable,2.08,0,,,5,,,130,Sound,,,
0,FORT,,1,1776624322.0544572,11.29,Game,1,Predictable,2.09,0,,,5,,,130,Sound,,,
0,FORT,,1,1776624322.0544572,11.3,Game,1,Predictable,2.1,0,,,5,,,130,Sound,,,
0,FORT,,1,1776624322.0544572,11.31,Game,1,Predictable,2.11,0,,,5,,,130,Sound,,,
0,FORT,,1,1776624322.0544572,11.32,Game,1,Predictable,2.11,0,,,5,,,130,Sound,,,
0,FORT,,1,1776624322.0544572,11.32,Game,1,Predictable,2.12,0,,,5,,,130,Sound,,,
0,FORT,,1,1776624322.0544572,11.33,Game,1,Predictable,2.13,0,,,5,,,130,Sound,,,
0,FORT,,1,1776624322.0544572,11.34,Game,1,Predictable,2.14,0,,,5,,,130,Sound,,,
0,FORT,,1,1776624322.0544572,11.35,Game,1,Predictable,2.15,0,,,5,,,130,Sound,,,
0,FORT,,1,1776624322.0544572,11.36,Game,1,Predictable,2.16,0,,,5,,,130,Sound,,,
0,FORT,,1,1776624322.0544572,11.37,Game,1,Predictable,2.16,0,,,5,,,130,Sound,,,
0,FORT,,1,1776624322.0544572,11.37,Game,1,Predictable,2.17,0,,,5,,,130,Sound,,,
0,FORT,,1,1776624322.0544572,11.38,Game,1,Predictable,2.18,0,,,5,,,130,Sound,,,
0,FORT,,1,1776624322.0544572,11.39,Game,1,Predictable,2.19,0,,,5,,,130,Sound,,,
0,FORT,,1,1776624322.0544572,11.4,Game,1,Predictable,2.2,0,,,5,,,130,Sound,,,
0,FORT,,1,1776624322.0544572,11.41,Game,1,Predictable,2.21,0,,,5,,,130,Sound,,,
0,FORT,,1,1776624322.0544572,11.42,Game,1,Predictable,2.21,0,,,5,,,130,Sound,,,
0,FORT,,1,1776624322.0544572,11.42,Game,1,Predictable,2.22,0,,,5,,,130,Sound,,,
0,FORT,,1,1776624322.0544572,11.43,Game,1,Predictable,2.23,0,,,5,,,130,Sound,,,
0,FORT,,1,1776624322.0544572,11.44,Game,1,Predictable,2.24,0,,,5,,,130,Sound,,,
0,FORT,,1,1776624322.0544572,11.45,Game,1,Predictable,2.25,0,,,5,,,130,Sound,,,
0,FORT,,1,1776624322.0544572,11.46,Game,1,Predictable,2.26,0,,,5,,,130,Sound,,,
0,FORT,,1,1776624322.0544572,11.47,Game,1,Predictable,2.26,0,,,5,,,130,Sound,,,
0,FORT,,1,1776624322.0544572,11.47,Game,1,Predictable,2.27,0,,,5,,,130,Sound,,,
0,FORT,,1,1776624322.0544572,11.48,Game,1,Predictable,2.28,0,,,5,,,130,Sound,,,
0,FORT,,1,1776624322.0544572,11.49,Game,1,Predictable,2.29,0,,,5,,,130,Sound,,,
0,FORT,,1,1776624322.0544572,11.5,Game,1,Predictable,2.3,0,,,5,,,130,Sound,,,
0,FORT,,1,1776624322.0544572,11.51,Game,1,Predictable,2.31,0,,,5,,,130,Sound,,,
0,FORT,,1,1776624322.0544572,11.52,Game,1,Predictable,2.31,0,,,5,,,130,Sound,,,
0,FORT,,1,1776624322.0544572,11.52,Game,1,Predictable,2.32,0,,,5,,,130,Sound,,,
0,FORT,,1,1776624322.0544572,11.53,Game,1,Predictable,2.33,0,,,5,,,130,Sound,,,
0,FORT,,1,1776624322.0544572,11.54,Game,1,Predictable,2.34,0,,,5,,,130,Sound,,,
0,FORT,,1,1776624322.0544572,11.55,Game,1,Predictable,2.35,0,,,5,,,130,Sound,,,
0,FORT,,1,1776624322.0544572,11.56,Game,1,Predictable,2.36,0,,,5,,,130,Sound,,,
0,FORT,,1,1776624322.0544572,11.57,Game,1,Predictable,2.36,0,,,5,,,130,Sound,,,
0,FORT,,1,1776624322.0544572,11.57,Game,1,Predictable,2.37,0,,,5,,,130,Sound,,,
0,FORT,,1,1776624322.0544572,11.58,Game,1,Predictable,2.38,0,,,5,,,130,Sound,,,
0,FORT,,1,1776624322.0544572,11.59,Game,1,Predictable,2.39,0,,,5,,,130,Sound,,,
0,FORT,,1,1776624322.0544572,11.75,Game,1,Predictable,2.4,0,,,4,,,130,Sound,,,
0,FORT,,1,1776624322.0544572,11.76,Game,1,Predictable,2.56,0,,,4,,,130,Sound,,,
0,FORT,,1,1776624322.0544572,11.77,Game,1,Predictable,2.57,0,,,4,,,130,Sound,,,
0,FORT,,1,1776624322.0544572,11.78,Game,1,Predictable,2.58,0,,,4,,,130,Sound,,,
0,FORT,,1,1776624322.0544572,11.79,Game,1,Predictable,2.59,0,,,4,,,130,Sound,,,
0,FORT,,1,1776624322.0544572,11.8,Game,1,Predictable,2.6,0,,,4,,,130,Sound,,,
0,FORT,,1,1776624322.0544572,11.81,Game,1,Predictable,2.61,0,,,4,,,130,Sound,,,
0,FORT,,1,1776624322.0544572,11.82,Game,1,Predictable,2.61,0,,,4,,,130,Sound,,,
0,FORT,,1,1776624322.0544572,11.82,Game,1,Predictable,2.62,0,,,4,,,130,Sound,,,
0,FORT,,1,1776624322.0544572,11.83,Game,1,Predictable,2.63,0,,,4,,,130,Sound,,,
0,FORT,,1,1776624322.0544572,11.84,Game,1,Predictable,2.64,0,,,4,,,130,Sound,,,
0,FORT,,1,1776624322.0544572,11.85,Game,1,Predictable,2.65,0,,,4,,,130,Sound,,,
0,FORT,,1,1776624322.0544572,11.86,Game,1,Predictable,2.66,0,,,4,,,130,Sound,,,
0,FORT,,1,1776624322.0544572,11.87,Game,1,Predictable,2.66,0,,,4,,,130,Sound,,,
0,FORT,,1,1776624322.0544572,11.87,Game,1,Predictable,2.67,0,,,4,,,130,Sound,,,
0,FORT,,1,1776624322.0544572,11.88,Game,1,Predictable,2.68,0,,,4,,,130,Sound,,,
0,FORT,,1,1776624322.0544572,11.89,Game,1,Predictable,2.69,0,,,4,,,130,Sound,,,
0,FORT,,1,1776624322.0544572,11.9,Game,1,Predictable,2.7,0,,,4,,,130,Sound,,,
0,FORT,,1,1776624322.0544572,11.91,Game,1,Predictable,2.71,0,,,4,,,130,Sound,,,
0,FORT,,1,1776624322.0544572,11.92,Game,1,Predictable,2.71,0,,,4,,,130,Sound,,,
0,FORT,,1,1776624322.0544572,11.92,Game,1,Predictable,2.72,0,,,4,,,130,Sound,,,
0,FORT,,1,1776624322.0544572,11.93,Game,1,Predictable,2.73,0,,,4,,,130,Sound,,,
0,FORT,,1,1776624322.0544572,11.94,Game,1,Predictable,2.74,0,,,4,,,130,Sound,,,
0,FORT,,1,1776624322.0544572,11.95,Game,1,Predictable,2.75,0,,,4,,,130,Sound,,,
0,FORT,,1,1776624322.0544572,11.96,Game,1,Predictable,2.76,0,,,4,,,130,Sound,,,
0,FORT,,1,1776624322.0544572,11.97,Game,1,Predictable,2.76,0,,,4,,,130,Sound,,,
0,FORT,,1,1776624322.0544572,11.97,Game,1,Predictable,2.77,0,,,4,,,130,Sound,,,
0,FORT,,1,1776624322.0544572,11.98,Game,1,Predictable,2.78,0,,,4,,,130,Sound,,,
0,FORT,,1,1776624322.0544572,11.99,Game,1,Predictable,2.79,0,,,4,,,130,Sound,,,
0,FORT,,1,1776624322.0544572,12.0,Game,1,Predictable,2.8,0,,,4,,,130,Sound,,,
0,FORT,,1,1776624322.0544572,12.01,Game,1,Predictable,2.81,0,,,4,,,130,Sound,,,
0,FORT,,1,1776624322.0544572,12.02,Game,1,Predictable,2.81,0,,,4,,,130,Sound,,,
0,FORT,,1,1776624322.0544572,12.02,Game,1,Predictable,2.82,0,,,4,,,130,Sound,,,
0,FORT,,1,1776624322.0544572,12.03,Game,1,Predictable,2.83,0,,,4,,,130,Sound,,,
0,FORT,,1,1776624322.0544572,12.04,Game,1,Predictable,2.84,0,,,3,,,130,Sound,,,
0,FORT,,1,1776624322.0544572,12.05,Game,1,Predictable,2.85,0,,,3,,,130,Sound,,,
0,FORT,,1,1776624322.0544572,12.06,Game,1,Predictable,2.86,0,,,3,,,130,Sound,,,
0,FORT,,1,1776624322.0544572,12.07,Game,1,Predictable,2.86,0,,,3,,,130,Sound,,,
0,FORT,,1,1776624322.0544572,12.07,Game,1,Predictable,2.87,0,,,3,,,130,Sound,,,
0,FORT,,1,1776624322.0544572,12.08,Game,1,Predictable,2.88,0,,,3,,,130,Sound,,,
0,FORT,,1,1776624322.0544572,12.09,Game,1,Predictable,2.89,0,,,3,,,130,Sound,,,
0,FORT,,1,1776624322.0544572,12.1,Game,1,Predictable,2.9,0,,,3,,,130,Sound,,,
0,FORT,,1,1776624322.0544572,12.11,Game,1,Predictable,2.91,0,,,3,,,130,Sound,,,
0,FORT,,1,1776624322.0544572,12.12,Game,1,Predictable,2.91,0,,,3,,,130,Sound,,,
0,FORT,,1,1776624322.0544572,12.12,Game,1,Predictable,2.92,0,,,3,,,130,Sound,,,
0,FORT,,1,1776624322.0544572,12.13,Game,1,Predictable,2.93,0,,,3,,,130,Sound,,,
0,FORT,,1,1776624322.0544572,12.14,Game,1,Predictable,2.94,0,,,3,,,130,Sound,,,
0,FORT,,1,1776624322.0544572,12.15,Game,1,Predictable,2.95,0,,,3,,,130,Sound,,,
0,FORT,,1,1776624322.0544572,12.16,Game,1,Predictable,2.96,0,,,3,,,130,Sound,,,
0,FORT,,1,1776624322.0544572,12.17,Game,1,Predictable,2.96,0,,,3,,,130,Sound,,,
0,FORT,,1,1776624322.0544572,12.17,Game,1,Predictable,2.97,0,,,3,,,130,Sound,,,
0,FORT,,1,1776624322.0544572,12.18,Game,1,Predictable,2.98,0,,,3,,,130,Sound,,,
0,FORT,,1,1776624322.0544572,12.19,Game,1,Predictable,2.99,0,,,3,,,130,Sound,,,
0,FORT,,1,1776624322.0544572,12.2,Game,1,Predictable,3.0,0,,,3,,,130,Sound,,,
0,FORT,,1,1776624322.0544572,12.21,Game,1,Predictable,3.01,0,,,3,,,130,Sound,,,
0,FORT,,1,1776624322.0544572,12.22,Game,1,Predictable,3.01,0,,,3,,,130,Sound,,,
0,FORT,,1,1776624322.0544572,12.22,Game,1,Predictable,3.02,0,,,3,,,130,Sound,,,
0,FORT,,1,1776624322.0544572,12.23,Game,1,Predictable,3.03,0,,,3,,,130,Sound,,,
0,FORT,,1,1776624322.0544572,12.24,Game,1,Predictable,3.04,0,,,3,,,130,Sound,,,
0,FORT,,1,1776624322.0544572,12.25,Game,1,Predictable,3.05,0,,,3,,,130,Sound,,,
0,FORT,,1,1776624322.0544572,12.26,Game,1,Predictable,3.06,0,,,3,,,130,Sound,,,
0,FORT,,1,1776624322.0544572,12.27,Game,1,Predictable,3.06,0,,,3,,,130,Sound,,,
0,FORT,,1,1776624322.0544572,12.27,Game,1,Predictable,3.07,0,,,3,,,130,Sound,,,
0,FORT,,1,1776624322.0544572,12.28,Game,1,Predictable,3.08,0,,,3,,,130,Sound,,,
0,FORT,,1,1776624322.0544572,12.29,Game,1,Predictable,3.09,0,,,3,,,130,Sound,,,
0,FORT,,1,1776624322.0544572,12.3,Game,1,Predictable,3.1,0,,,3,,,130,Sound,,,
0,FORT,,1,1776624322.0544572,12.31,Game,1,Predictable,3.11,0,,,3,,,130,Sound,,,
0,FORT,,1,1776624322.0544572,12.32,Game,1,Predictable,3.11,0,,,3,,,130,Sound,,,
0,FORT,,1,1776624322.0544572,12.32,Game,1,Predictable,3.12,0,,,3,,,130,Sound,,,
0,FORT,,1,1776624322.0544572,12.33,Game,1,Predictable,3.13,0,,,3,,,130,Sound,,,
0,FORT,,1,1776624322.0544572,12.34,Game,1,Predictable,3.14,0,,,3,,,130,Sound,,,
0,FORT,,1,1776624322.0544572,12.35,Game,1,Predictable,3.15,0,,,3,,,130,Sound,,,
0,FORT,,1,1776624322.0544572,12.36,Game,1,Predictable,3.16,0,,,3,,,130,Sound,,,
0,FORT,,1,1776624322.0544572,12.37,Game,1,Predictable,3.16,0,,,3,,,130,Sound,,,
0,FORT,,1,1776624322.0544572,12.37,Game,1,Predictable,3.17,0,,,3,,,130,Sound,,,
0,FORT,,1,1776624322.0544572,12.38,Game,1,Predictable,3.18,0,,,3,,,130,Sound,,,
0,FORT,,1,1776624322.0544572,12.39,Game,1,Predictable,3.19,0,,,3,,,130,Sound,,,
0,FORT,,1,1776624322.0544572,12.4,Game,1,Predictable,3.2,0,,,3,,,130,Sound,,,
0,FORT,,1,1776624322.0544572,12.41,Game,1,Predictable,3.21,0,,,3,,,130,Sound,,,
0,FORT,,1,1776624322.0544572,12.42,Game,1,Predictable,3.21,0,,,3,,,130,Sound,,,
0,FORT,,1,1776624322.0544572,12.42,Game,1,Predictable,3.22,0,,,3,,,130,Sound,,,
0,FORT,,1,1776624322.0544572,12.43,Game,1,Predictable,3.23,0,,,3,,,130,Sound,,,
0,FORT,,1,1776624322.0544572,12.44,Game,1,Predictable,3.24,0,,,3,,,130,Sound,,,
0,FORT,,1,1776624322.0544572,12.45,Game,1,Predictable,3.25,0,,,3,,,130,Sound,,,
0,FORT,,1,1776624322.0544572,12.46,Game,1,Predictable,3.26,0,,,3,,,130,Sound,,,
0,FORT,,1,1776624322.0544572,12.47,Game,1,Predictable,3.26,0,,,3,,,130,Sound,,,
0,FORT,,1,1776624322.0544572,12.47,Game,1,Predictable,3.28,0,,,3,,,130,Sound,,,
0,FORT,,1,1776624322.0544572,12.48,Game,1,Predictable,3.28,0,,,3,,,130,Sound,,,
0,FORT,,1,1776624322.0544572,12.49,Game,1,Predictable,3.29,0,,,3,,,130,Sound,,,
0,FORT,,1,1776624322.0544572,12.5,Game,1,Predictable,3.3,0,,,3,,,130,Sound,,,
0,FORT,,1,1776624322.0544572,12.51,Game,1,Predictable,3.31,0,,,3,,,130,Sound,,,
0,FORT,,1,1776624322.0544572,12.52,Game,1,Predictable,3.31,0,,,3,,,130,Sound,,,
0,FORT,,1,1776624322.0544572,12.52,Game,1,Predictable,3.33,0,,,3,,,130,Sound,,,
0,FORT,,1,1776624322.0544572,12.53,Game,1,Predictable,3.33,0,,,3,,,130,Sound,,,
0,FORT,,1,1776624322.0544572,12.54,Game,1,Predictable,3.34,0,,,3,,,130,Sound,,,
0,FORT,,1,1776624322.0544572,12.55,Game,1,Predictable,3.35,0,,,3,,,130,Sound,,,
0,FORT,,1,1776624322.0544572,12.56,Game,1,Predictable,3.36,0,,,3,,,130,Sound,,,
0,FORT,,1,1776624322.0544572,12.57,Game,1,Predictable,3.36,0,,,3,,,130,Sound,,,
0,FORT,,1,1776624322.0544572,12.57,Game,1,Predictable,3.38,0,,,3,,,130,Sound,,,
0,FORT,,1,1776624322.0544572,12.58,Game,1,Predictable,3.38,0,,,3,,,130,Sound,,,
0,FORT,,1,1776624322.0544572,12.59,Game,1,Predictable,3.39,0,,,3,,,130,Sound,,,
0,FORT,,1,1776624322.0544572,12.6,Game,1,Predictable,3.4,0,,,3,,,130,Sound,,,
0,FORT,,1,1776624322.0544572,12.61,Game,1,Predictable,3.41,0,,,3,,,130,Sound,,,
0,FORT,,1,1776624322.0544572,12.62,Game,1,Predictable,3.41,0,,,3,,,130,Sound,,,
0,FORT,,1,1776624322.0544572,12.62,Game,1,Predictable,3.43,0,,,3,,,130,Sound,,,
0,FORT,,1,1776624322.0544572,12.63,Game,1,Predictable,3.43,0,,,3,,,130,Sound,,,
0,FORT,,1,1776624322.0544572,12.64,Game,1,Predictable,3.44,0,,,3,,,130,Sound,,,
0,FORT,,1,1776624322.0544572,12.65,Game,1,Predictable,3.45,0,,,3,,,130,Sound,,,
0,FORT,,1,1776624322.0544572,12.66,Game,1,Predictable,3.46,0,,,3,,,130,Sound,,,
0,FORT,,1,1776624322.0544572,12.67,Game,1,Predictable,3.46,0,,,3,,,130,Sound,,,
0,FORT,,1,1776624322.0544572,12.67,Game,1,Predictable,3.47,0,,,3,,,130,Sound,,,
0,FORT,,1,1776624322.0544572,12.68,Game,1,Predictable,3.48,0,,,3,,,130,Sound,,,
0,FORT,,1,1776624322.0544572,12.69,Game,1,Predictable,3.49,0,,,3,,,130,Sound,,,
0,FORT,,1,1776624322.0544572,12.7,Game,1,Predictable,3.5,0,,,3,,,130,Sound,,,
0,FORT,,1,1776624322.0544572,12.71,Game,1,Predictable,3.51,0,,,3,,,130,Sound,,,
0,FORT,,1,1776624322.0544572,12.72,Game,1,Predictable,3.51,0,,,3,,,130,Sound,,,
0,FORT,,1,1776624322.0544572,12.72,Game,1,Predictable,3.53,0,,,3,,,130,Sound,,,
0,FORT,,1,1776624322.0544572,12.73,Game,1,Predictable,3.53,0,,,3,,,130,Sound,,,
0,FORT,,1,1776624322.0544572,12.74,Game,1,Predictable,3.54,0,,,3,,,130,Sound,,,
0,FORT,,1,1776624322.0544572,12.75,Game,1,Predictable,3.55,0,,,3,,,130,Sound,,,
0,FORT,,1,1776624322.0544572,12.76,Game,1,Predictable,3.56,0,,,3,,,130,Sound,,,
0,FORT,,1,1776624322.0544572,12.77,Game,1,Predictable,3.56,0,,,3,,,130,Sound,,,
0,FORT,,1,1776624322.0544572,12.77,Game,1,Predictable,3.57,0,,,3,,,130,Sound,,,
0,FORT,,1,1776624322.0544572,12.78,Game,1,Predictable,3.58,0,,,3,,,130,Sound,,,
0,FORT,,1,1776624322.0544572,12.79,Game,1,Predictable,3.59,0,,,3,,,130,Sound,,,
0,FORT,,1,1776624322.0544572,12.8,Game,1,Predictable,3.6,0,,,3,,,130,Sound,,,
0,FORT,,1,1776624322.0544572,12.81,Game,1,Predictable,3.61,0,,,4,,,130,Sound,,,
0,FORT,,1,1776624322.0544572,12.82,Game,1,Predictable,3.62,0,,,4,,,130,Sound,,,
0,FORT,,1,1776624322.0544572,12.82,Game,1,Predictable,3.63,0,,,4,,,130,Sound,,,
0,FORT,,1,1776624322.0544572,12.83,Game,1,Predictable,3.63,0,,,4,,,130,Sound,,,
0,FORT,,1,1776624322.0544572,12.84,Game,1,Predictable,3.64,0,,,4,,,130,Sound,,,
0,FORT,,1,1776624322.0544572,12.85,Game,1,Predictable,3.65,0,,,4,,,130,Sound,,,
0,FORT,,1,1776624322.0544572,12.86,Game,1,Predictable,3.66,0,,,4,,,130,Sound,,,
0,FORT,,1,1776624322.0544572,12.87,Game,1,Predictable,3.66,0,,,4,,,130,Sound,,,
0,FORT,,1,1776624322.0544572,12.87,Game,1,Predictable,3.68,0,,,4,,,130,Sound,,,
0,FORT,,1,1776624322.0544572,12.88,Game,1,Predictable,3.68,0,,,4,,,130,Sound,,,
0,FORT,,1,1776624322.0544572,12.89,Game,1,Predictable,3.69,0,,,4,,,130,Sound,,,
0,FORT,,1,1776624322.0544572,12.9,Game,1,Predictable,3.7,0,,,4,,,130,Sound,,,
0,FORT,,1,1776624322.0544572,12.91,Game,1,Predictable,3.71,0,,,4,,,130,Sound,,,
0,FORT,,1,1776624322.0544572,12.92,Game,1,Predictable,3.71,0,,,4,,,130,Sound,,,
0,FORT,,1,1776624322.0544572,12.92,Game,1,Predictable,3.73,0,,,4,,,130,Sound,,,
0,FORT,,1,1776624322.0544572,12.93,Game,1,Predictable,3.73,0,,,4,,,130,Sound,,,
0,FORT,,1,1776624322.0544572,12.94,Game,1,Predictable,3.74,0,,,4,,,130,Sound,,,
0,FORT,,1,1776624322.0544572,12.95,Game,1,Predictable,3.75,0,,,4,,,130,Sound,,,
0,FORT,,1,1776624322.0544572,12.96,Game,1,Predictable,3.76,0,,,4,,,130,Sound,,,
0,FORT,,1,1776624322.0544572,12.97,Game,1,Predictable,3.76,0,,,4,,,130,Sound,,,
0,FORT,,1,1776624322.0544572,12.97,Game,1,Predictable,3.78,0,,,4,,,130,Sound,,,
0,FORT,,1,1776624322.0544572,12.98,Game,1,Predictable,3.78,0,,,4,,,130,Sound,,,
0,FORT,,1,1776624322.0544572,12.99,Game,1,Predictable,3.79,0,,,4,,,130,Sound,,,
0,FORT,,1,1776624322.0544572,13.0,Game,1,Predictable,3.8,0,,,4,,,130,Sound,,,
0,FORT,,1,1776624322.0544572,13.01,Game,1,Predictable,3.81,0,,,4,,,130,Sound,,,
0,FORT,,1,1776624322.0544572,13.02,Game,1,Predictable,3.81,0,,,4,,,130,Sound,,,
0,FORT,,1,1776624322.0544572,13.02,Game,1,Predictable,3.83,0,,,4,,,130,Sound,,,
0,FORT,,1,1776624322.0544572,13.03,Game,1,Predictable,3.83,0,,,4,,,130,Sound,,,
0,FORT,,1,1776624322.0544572,13.04,Game,1,Predictable,3.84,0,,,4,,,130,Sound,,,
0,FORT,,1,1776624322.0544572,13.05,Game,1,Predictable,3.85,0,,,4,,,130,Sound,,,
0,FORT,,1,1776624322.0544572,13.06,Game,1,Predictable,3.86,0,,,4,,,130,Sound,,,
0,FORT,,1,1776624322.0544572,13.07,Game,1,Predictable,3.86,0,,,4,,,130,Sound,,,
0,FORT,,1,1776624322.0544572,13.07,Game,1,Predictable,3.88,0,,,4,,,130,Sound,,,
0,FORT,,1,1776624322.0544572,13.08,Game,1,Predictable,3.88,0,,,4,,,130,Sound,,,
0,FORT,,1,1776624322.0544572,13.09,Game,1,Predictable,3.89,0,,,4,,,130,Sound,,,
0,FORT,,1,1776624322.0544572,13.1,Game,1,Predictable,3.9,0,,,4,,,130,Sound,,,
0,FORT,,1,1776624322.0544572,13.11,Game,1,Predictable,3.91,0,,,4,,,130,Sound,,,
0,FORT,,1,1776624322.0544572,13.12,Game,1,Predictable,3.91,0,,,5,,,130,Sound,,,
0,FORT,,1,1776624322.0544572,13.12,Game,1,Predictable,3.92,0,,,5,,,130,Sound,,,
0,FORT,,1,1776624322.0544572,13.13,Game,1,Predictable,3.93,0,,,5,,,130,Sound,,,
0,FORT,,1,1776624322.0544572,13.14,Game,1,Predictable,3.94,0,,,5,,,130,Sound,,,
0,FORT,,1,1776624322.0544572,13.15,Game,1,Predictable,3.95,0,,,5,,,130,Sound,,,
0,FORT,,1,1776624322.0544572,13.16,Game,1,Predictable,3.96,0,,,5,,,130,Sound,,,
0,FORT,,1,1776624322.0544572,13.17,Game,1,Predictable,3.96,0,,,5,,,130,Sound,,,
0,FORT,,1,1776624322.0544572,13.17,Game,1,Predictable,3.98,0,,,5,,,130,Sound,,,
0,FORT,,1,1776624322.0544572,13.18,Game,1,Predictable,3.98,0,,,5,,,130,Sound,,,
0,FORT,,1,1776624322.0544572,13.19,Game,1,Predictable,3.99,0,,,5,,,130,Sound,,,
0,FORT,,1,1776624322.0544572,13.2,Game,1,Predictable,4.0,0,,,5,,,130,Sound,,,
0,FORT,,1,1776624322.0544572,13.21,Game,1,Predictable,4.01,0,,,5,,,130,Sound,,,
0,FORT,,1,1776624322.0544572,13.22,Game,1,Predictable,4.01,0,,,5,,,130,Sound,,,
0,FORT,,1,1776624322.0544572,13.22,Game,1,Predictable,4.03,0,,,5,,,130,Sound,,,
0,FORT,,1,1776624322.0544572,13.23,Game,1,Predictable,4.03,0,,,5,,,130,Sound,,,
0,FORT,,1,1776624322.0544572,13.24,Game,1,Predictable,4.04,0,,,5,,,130,Sound,,,
0,FORT,,1,1776624322.0544572,13.25,Game,1,Predictable,4.05,0,,,5,,,130,Sound,,,
0,FORT,,1,1776624322.0544572,13.26,Game,1,Predictable,4.06,0,,,5,,,130,Sound,,,
0,FORT,,1,1776624322.0544572,13.27,Game,1,Predictable,4.06,0,,,5,,,130,Sound,,,
0,FORT,,1,1776624322.0544572,13.27,Game,1,Predictable,4.08,0,,,5,,,130,Sound,,,
0,FORT,,1,1776624322.0544572,13.28,Game,1,Predictable,4.08,0,,,5,,,130,Sound,,,
0,FORT,,1,1776624322.0544572,13.29,Game,1,Predictable,4.09,0,,,5,,,130,Sound,,,
0,FORT,,1,1776624322.0544572,13.3,Game,1,Predictable,4.1,0,,,5,,,130,Sound,,,
0,FORT,,1,1776624322.0544572,13.31,Game,1,Predictable,4.11,0,,,5,,,130,Sound,,,
0,FORT,,1,1776624322.0544572,13.32,Game,1,Predictable,4.11,0,,,5,,,130,Sound,,,
0,FORT,,1,1776624322.0544572,13.32,Game,1,Predictable,4.13,0,,,5,,,130,Sound,,,
0,FORT,,1,1776624322.0544572,13.33,Game,1,Predictable,4.13,0,,,5,,,130,Sound,,,
0,FORT,,1,1776624322.0544572,13.34,Game,1,Predictable,4.14,0,,,5,,,130,Sound,,,
0,FORT,,1,1776624322.0544572,13.35,Game,1,Predictable,4.15,0,,,5,,,130,Sound,,,
0,FORT,,1,1776624322.0544572,13.36,Game,1,Predictable,4.16,0,,,5,,,130,Sound,,,
0,FORT,,1,1776624322.0544572,13.37,Game,1,Predictable,4.16,0,,,5,,,130,Sound,,,
0,FORT,,1,1776624322.0544572,13.37,Game,1,Predictable,4.18,0,,,5,,,130,Sound,,,
0,FORT,,1,1776624322.0544572,13.38,Game,1,Predictable,4.18,0,,,6,,,130,Sound,,,
0,FORT,,1,1776624322.0544572,13.39,Game,1,Predictable,4.19,0,,,6,,,130,Sound,,,
0,FORT,,1,1776624322.0544572,13.4,Game,1,Predictable,4.2,0,,,6,,,130,Sound,,,
0,FORT,,1,1776624322.0544572,13.41,Game,1,Predictable,4.21,0,,,6,,,130,Sound,,,
0,FORT,,1,1776624322.0544572,13.42,Game,1,Predictable,4.21,0,,,6,,,130,Sound,,,
0,FORT,,1,1776624322.0544572,13.42,Game,1,Predictable,4.23,0,,,6,,,130,Sound,,,
0,FORT,,1,1776624322.0544572,13.43,Game,1,Predictable,4.23,0,,,6,,,130,Sound,,,
0,FORT,,1,1776624322.0544572,13.44,Game,1,Predictable,4.24,0,,,6,,,130,Sound,,,
0,FORT,,1,1776624322.0544572,13.45,Game,1,Predictable,4.25,0,,,6,,,130,Sound,,,
0,FORT,,1,1776624322.0544572,13.46,Game,1,Predictable,4.26,0,,,6,,,130,Sound,,,
0,FORT,,1,1776624322.0544572,13.47,Game,1,Predictable,4.26,0,,,6,,,130,Sound,,,
0,FORT,,1,1776624322.0544572,13.47,Game,1,Predictable,4.28,0,,,6,,,130,Sound,,,
0,FORT,,1,1776624322.0544572,13.48,Game,1,Predictable,4.28,0,,,6,,,130,Sound,,,
0,FORT,,1,1776624322.0544572,13.49,Game,1,Predictable,4.29,0,,,6,,,130,Sound,,,
0,FORT,,1,1776624322.0544572,13.5,Game,1,Predictable,4.3,0,,,6,,,130,Sound,,,
0,FORT,,1,1776624322.0544572,13.51,Game,1,Predictable,4.31,0,,,6,,,130,Sound,,,
0,FORT,,1,1776624322.0544572,13.52,Game,1,Predictable,4.32,0,,,6,,,130,Sound,,,
0,FORT,,1,1776624322.0544572,13.52,Game,1,Predictable,4.33,0,,,6,,,130,Sound,,,
0,FORT,,1,1776624322.0544572,13.53,Game,1,Predictable,4.33,0,,,6,,,130,Sound,,,
0,FORT,,1,1776624322.0544572,13.54,Game,1,Predictable,4.34,0,,,6,,,130,Sound,,,
0,FORT,,1,1776624322.0544572,13.55,Game,1,Predictable,4.35,0,,,6,,,130,Sound,,,
0,FORT,,1,1776624322.0544572,13.56,Game,1,Predictable,4.36,0,,,6,,,130,Sound,,,
0,FORT,,1,1776624322.0544572,13.57,Game,1,Predictable,4.36,0,,,6,,,130,Sound,,,
0,FORT,,1,1776624322.0544572,13.57,Game,1,Predictable,4.38,0,,,6,,,130,Sound,,,
0,FORT,,1,1776624322.0544572,13.58,Game,1,Predictable,4.38,0,,,6,,,130,Sound,,,
0,FORT,,1,1776624322.0544572,13.59,Game,1,Predictable,4.39,0,,,6,,,130,Sound,,,
0,FORT,,1,1776624322.0544572,13.6,Game,1,Predictable,4.4,0,,,6,,,130,Sound,,,
0,FORT,,1,1776624322.0544572,13.61,Game,1,Predictable,4.41,0,,,6,,,130,Sound,,,
0,FORT,,1,1776624322.0544572,13.62,Game,1,Predictable,4.41,0,,,6,,,130,Sound,,,
0,FORT,,1,1776624322.0544572,13.62,Game,1,Predictable,4.43,0,,,6,,,130,Sound,,,
0,FORT,,1,1776624322.0544572,13.63,Game,1,Predictable,4.43,0,,,6,,,130,Sound,,,
0,FORT,,1,1776624322.0544572,13.64,Game,1,Predictable,4.44,0,,,6,,,130,Sound,,,
0,FORT,,1,1776624322.0544572,13.65,Game,1,Predictable,4.45,0,,,6,,,130,Sound,,,
0,FORT,,1,1776624322.0544572,13.66,Game,1,Predictable,4.46,0,,,6,,,130,Sound,,,
0,FORT,,1,1776624322.0544572,13.67,Game,1,Predictable,4.46,0,,,6,,,130,Sound,,,
0,FORT,,1,1776624322.0544572,13.67,Game,1,Predictable,4.48,0,,,6,,,130,Sound,,,
0,FORT,,1,1776624322.0544572,13.68,Game,1,Predictable,4.48,0,,,6,,,130,Sound,,,
0,FORT,,1,1776624322.0544572,13.69,Game,1,Predictable,4.49,0,,,6,,,130,Sound,,,
0,FORT,,1,1776624322.0544572,13.7,Game,1,Predictable,4.5,0,,,6,,,130,Sound,,,
0,FORT,,1,1776624322.0544572,13.71,Game,1,Predictable,4.51,0,,,6,,,130,Sound,,,
0,FORT,,1,1776624322.0544572,13.72,Game,1,Predictable,4.51,0,,,6,,,130,Sound,,,
0,FORT,,1,1776624322.0544572,13.72,Game,1,Predictable,4.53,0,,,6,,,130,Sound,,,
0,FORT,,1,1776624322.0544572,13.73,Game,1,Predictable,4.53,0,,,6,,,130,Sound,,,
0,FORT,,1,1776624322.0544572,13.74,Game,1,Predictable,4.54,0,,,6,,,130,Sound,,,
0,FORT,,1,1776624322.0544572,13.75,Game,1,Predictable,4.55,0,,,6,,,130,Sound,,,
0,FORT,,1,1776624322.0544572,13.76,Game,1,Predictable,4.56,0,,,6,,,130,Sound,,,
0,FORT,,1,1776624322.0544572,13.77,Game,1,Predictable,4.56,0,,,6,,,130,Sound,,,
0,FORT,,1,1776624322.0544572,13.77,Game,1,Predictable,4.58,0,,,6,,,130,Sound,,,
0,FORT,,1,1776624322.0544572,13.78,Game,1,Predictable,4.58,0,,,6,,,130,Sound,,,
0,FORT,,1,1776624322.0544572,13.79,Game,1,Predictable,4.59,0,,,6,,,130,Sound,,,
0,FORT,,1,1776624322.0544572,13.8,Game,1,Predictable,4.6,0,,,6,,,130,Sound,,,
0,FORT,,1,1776624322.0544572,13.81,Game,1,Predictable,4.61,0,,,6,,,130,Sound,,,
0,FORT,,1,1776624322.0544572,13.82,Game,1,Predictable,4.61,0,,,6,,,130,Sound,,,
0,FORT,,1,1776624322.0544572,13.83,Game,1,Predictable,4.63,0,,,7,,,130,Sound,,,
0,FORT,,1,1776624322.0544572,13.84,Game,1,Predictable,4.64,0,,,7,,,130,Sound,,,
0,FORT,,1,1776624322.0544572,13.85,Game,1,Predictable,4.65,0,,,7,,,130,Sound,,,
0,FORT,,1,1776624322.0544572,13.86,Game,1,Predictable,4.66,0,,,7,,,130,Sound,,,
0,FORT,,1,1776624322.0544572,13.87,Game,1,Predictable,4.66,0,,,7,,,130,Sound,,,
0,FORT,,1,1776624322.0544572,13.87,Game,1,Predictable,4.68,0,,,7,,,130,Sound,,,
0,FORT,,1,1776624322.0544572,13.88,Game,1,Predictable,4.68,0,,,7,,,130,Sound,,,
0,FORT,,1,1776624322.0544572,13.89,Game,1,Predictable,4.69,0,,,7,,,130,Sound,,,
0,FORT,,1,1776624322.0544572,13.9,Game,1,Predictable,4.7,0,,,7,,,130,Sound,,,
0,FORT,,1,1776624322.0544572,13.91,Game,1,Predictable,4.71,0,,,7,,,130,Sound,,,
0,FORT,,1,1776624322.0544572,13.92,Game,1,Predictable,4.72,0,,,7,,,130,Sound,,,
0,FORT,,1,1776624322.0544572,13.92,Game,1,Predictable,4.73,0,,,7,,,130,Sound,,,
0,FORT,,1,1776624322.0544572,13.93,Game,1,Predictable,4.73,0,,,7,,,130,Sound,,,
0,FORT,,1,1776624322.0544572,13.94,Game,1,Predictable,4.74,0,,,7,,,130,Sound,,,
0,FORT,,1,1776624322.0544572,13.95,Game,1,Predictable,4.75,0,,,7,,,130,Sound,,,
0,FORT,,1,1776624322.0544572,13.96,Game,1,Predictable,4.76,0,,,7,,,130,Sound,,,
0,FORT,,1,1776624322.0544572,13.97,Game,1,Predictable,4.76,0,,,7,,,130,Sound,,,
0,FORT,,1,1776624322.0544572,13.97,Game,1,Predictable,4.78,0,,,7,,,130,Sound,,,
0,FORT,,1,1776624322.0544572,13.98,Game,1,Predictable,4.78,0,,,7,,,130,Sound,,,
0,FORT,,1,1776624322.0544572,13.99,Game,1,Predictable,4.79,0,,,7,,,130,Sound,,,
0,FORT,,1,1776624322.0544572,14.0,Game,1,Predictable,4.8,0,,,7,,,130,Sound,,,
0,FORT,,1,1776624322.0544572,14.01,Game,1,Predictable,4.81,0,,,7,,,130,Sound,,,
0,FORT,,1,1776624322.0544572,14.02,Game,1,Predictable,4.81,0,,,7,,,130,Sound,,,
0,FORT,,1,1776624322.0544572,14.02,Game,1,Predictable,4.83,0,,,7,,,130,Sound,,,
0,FORT,,1,1776624322.0544572,14.03,Game,1,Predictable,4.83,0,,,7,,,130,Sound,,,
0,FORT,,1,1776624322.0544572,14.04,Game,1,Predictable,4.84,0,,,7,,,130,Sound,,,
0,FORT,,1,1776624322.0544572,14.05,Game,1,Predictable,4.85,0,,,7,,,130,Sound,,,
0,FORT,,1,1776624322.0544572,14.06,Game,1,Predictable,4.86,0,,,7,,,130,Sound,,,
0,FORT,,1,1776624322.0544572,14.07,Game,1,Predictable,4.87,0,,,7,,,130,Sound,,,
0,FORT,,1,1776624322.0544572,14.07,Game,1,Predictable,4.88,0,,,7,,,130,Sound,,,
0,FORT,,1,1776624322.0544572,14.08,Game,1,Predictable,4.88,0,,,7,,,130,Sound,,,
0,FORT,,1,1776624322.0544572,14.09,Game,1,Predictable,4.89,0,,,7,,,130,Sound,,,
0,FORT,,1,1776624322.0544572,14.1,Game,1,Predictable,4.9,0,,,7,,,130,Sound,,,
0,FORT,,1,1776624322.0544572,14.11,Game,1,Predictable,4.91,0,,,7,,,130,Sound,,,
0,FORT,,1,1776624322.0544572,14.12,Game,1,Predictable,4.91,0,,,7,,,130,Sound,,,
0,FORT,,1,1776624322.0544572,14.12,Game,1,Predictable,4.93,0,,,7,,,130,Sound,,,
0,FORT,,1,1776624322.0544572,14.13,Game,1,Predictable,4.93,0,,,7,,,130,Sound,,,
0,FORT,,1,1776624322.0544572,14.14,Game,1,Predictable,4.94,0,,,7,,,130,Sound,,,
0,FORT,,1,1776624322.0544572,14.15,Game,1,Predictable,4.95,0,,,7,,,130,Sound,,,
0,FORT,,1,1776624322.0544572,14.16,Game,1,Predictable,4.96,0,,,7,,,130,Sound,,,
0,FORT,,1,1776624322.0544572,14.17,Game,1,Predictable,4.97,0,,,7,,,130,Sound,,,
0,FORT,,1,1776624322.0544572,14.17,Game,1,Predictable,4.98,0,,,7,,,130,Sound,,,
0,FORT,,1,1776624322.0544572,14.18,Game,1,Predictable,4.98,0,,,7,,,130,Sound,,,
0,FORT,,1,1776624322.0544572,14.2,Game,1,Predictable,4.99,0,,,7,,,130,Sound,,,
0,FORT,,1,1776624322.0544572,14.22,Game,1,Predictable,5.01,0,,,7,,,130,Sound,,,
0,FORT,,1,1776624322.0544572,14.22,Game,1,Predictable,5.03,0,,,7,,,130,Sound,,,
0,FORT,,1,1776624322.0544572,14.23,Game,1,Predictable,5.03,0,,,7,,,130,Sound,,,
0,FORT,,1,1776624322.0544572,14.24,Game,1,Predictable,5.04,0,,,7,,,130,Sound,,,
0,FORT,,1,1776624322.0544572,14.25,Game,1,Predictable,5.05,0,,,7,,,130,Sound,,,
0,FORT,,1,1776624322.0544572,14.26,Game,1,Predictable,5.06,0,,,7,,,130,Sound,,,
0,FORT,,1,1776624322.0544572,14.27,Game,1,Predictable,5.07,0,,,7,,,130,Sound,,,
0,FORT,,1,1776624322.0544572,14.27,Game,1,Predictable,5.08,0,,,7,,,130,Sound,,,
0,FORT,,1,1776624322.0544572,14.28,Game,1,Predictable,5.08,0,,,7,,,130,Sound,,,
0,FORT,,1,1776624322.0544572,14.29,Game,1,Predictable,5.09,0,,,7,,,130,Sound,,,
0,FORT,,1,1776624322.0544572,14.3,Game,1,Predictable,5.1,0,,,7,,,130,Sound,,,
0,FORT,,1,1776624322.0544572,14.31,Game,1,Predictable,5.11,0,,,7,,,130,Sound,,,
0,FORT,,1,1776624322.0544572,14.32,Game,1,Predictable,5.12,0,,,7,,,130,Sound,,,
0,FORT,,1,1776624322.0544572,14.32,Game,1,Predictable,5.13,0,,,7,,,130,Sound,,,
0,FORT,,1,1776624322.0544572,14.33,Game,1,Predictable,5.13,0,,,7,,,130,Sound,,,
0,FORT,,1,1776624322.0544572,14.34,Game,1,Predictable,5.14,0,,,7,,,130,Sound,,,
0,FORT,,1,1776624322.0544572,14.35,Game,1,Predictable,5.15,0,,,7,,,130,Sound,,,
0,FORT,,1,1776624322.0544572,14.36,Game,1,Predictable,5.16,0,,,7,,,130,Sound,,,
0,FORT,,1,1776624322.0544572,14.38,Game,1,Predictable,5.17,0,,,7,,,130,Sound,,,
0,FORT,,1,1776624322.0544572,14.39,Game,1,Predictable,5.19,0,,,7,,,130,Sound,,,
0,FORT,,1,1776624322.0544572,14.4,Game,1,Predictable,5.19,0,,,7,,,130,Sound,,,
0,FORT,,1,1776624322.0544572,14.44,Game,1,Predictable,5.21,0,,,7,,,130,Sound,,,
0,FORT,,1,1776624322.0544572,14.45,Game,1,Predictable,5.24,0,,,7,,,130,Sound,,,
0,FORT,,1,1776624322.0544572,14.46,Game,1,Predictable,5.26,0,,,7,,,130,Sound,,,
0,FORT,,1,1776624322.0544572,14.47,Game,1,Predictable,5.27,0,,,7,,,130,Sound,,,
0,FORT,,1,1776624322.0544572,14.47,Game,1,Predictable,5.28,0,,,7,,,130,Sound,,,
0,FORT,,1,1776624322.0544572,14.48,Game,1,Predictable,5.28,0,,,7,,,130,Sound,,,
0,FORT,,1,1776624322.0544572,14.49,Game,1,Predictable,5.29,0,,,7,,,130,Sound,,,
0,FORT,,1,1776624322.0544572,14.5,Game,1,Predictable,5.3,0,,,7,,,130,Sound,,,
0,FORT,,1,1776624322.0544572,14.51,Game,1,Predictable,5.31,0,,,7,,,130,Sound,,,
0,FORT,,1,1776624322.0544572,14.52,Game,1,Predictable,5.32,0,,,7,,,130,Sound,,,
0,FORT,,1,1776624322.0544572,14.52,Game,1,Predictable,5.33,0,,,7,,,130,Sound,,,
0,FORT,,1,1776624322.0544572,14.53,Game,1,Predictable,5.33,0,,,7,,,130,Sound,,,
0,FORT,,1,1776624322.0544572,14.54,Game,1,Predictable,5.34,0,,,7,,,130,Sound,,,
0,FORT,,1,1776624322.0544572,14.55,Game,1,Predictable,5.35,0,,,7,,,130,Sound,,,
0,FORT,,1,1776624322.0544572,14.56,Game,1,Predictable,5.36,0,,,7,,,130,Sound,,,
0,FORT,,1,1776624322.0544572,14.57,Game,1,Predictable,5.37,0,,,7,,,130,Sound,,,
0,FORT,,1,1776624322.0544572,14.57,Game,1,Predictable,5.38,0,,,7,,,130,Sound,,,
0,FORT,,1,1776624322.0544572,14.58,Game,1,Predictable,5.38,0,,,7,,,130,Sound,,,
0,FORT,,1,1776624322.0544572,14.59,Game,1,Predictable,5.39,0,,,7,,,130,Sound,,,
0,FORT,,1,1776624322.0544572,14.6,Game,1,Predictable,5.4,0,,,7,,,130,Sound,,,
0,FORT,,1,1776624322.0544572,14.61,Game,1,Predictable,5.41,0,,,7,,,130,Sound,,,
0,FORT,,1,1776624322.0544572,14.62,Game,1,Predictable,5.42,0,,,7,,,130,Sound,,,
0,FORT,,1,1776624322.0544572,14.62,Game,1,Predictable,5.43,0,,,7,,,130,Sound,,,
0,FORT,,1,1776624322.0544572,14.63,Game,1,Predictable,5.43,0,,,7,,,130,Sound,,,
0,FORT,,1,1776624322.0544572,14.64,Game,1,Predictable,5.44,0,,,7,,,130,Sound,,,
0,FORT,,1,1776624322.0544572,14.65,Game,1,Predictable,5.45,0,,,7,,,130,Sound,,,
0,FORT,,1,1776624322.0544572,14.66,Game,1,Predictable,5.46,0,,,7,,,130,Sound,,,
0,FORT,,1,1776624322.0544572,14.67,Game,1,Predictable,5.47,0,,,7,,,130,Sound,,,
0,FORT,,1,1776624322.0544572,14.67,Game,1,Predictable,5.48,0,,,7,,,130,Sound,,,
0,FORT,,1,1776624322.0544572,14.68,Game,1,Predictable,5.48,0,,,7,,,130,Sound,,,
0,FORT,,1,1776624322.0544572,14.69,Game,1,Predictable,5.49,0,,,7,,,130,Sound,,,
0,FORT,,1,1776624322.0544572,14.7,Game,1,Predictable,5.5,0,,,7,,,130,Sound,,,
0,FORT,,1,1776624322.0544572,14.71,Game,1,Predictable,5.51,0,,,7,,,130,Sound,,,
0,FORT,,1,1776624322.0544572,14.72,Game,1,Predictable,5.52,0,,,7,,,130,Sound,,,
0,FORT,,1,1776624322.0544572,14.72,Game,1,Predictable,5.53,0,,,7,,,130,Sound,,,
0,FORT,,1,1776624322.0544572,14.73,Game,1,Predictable,5.53,0,,,7,,,130,Sound,,,
0,FORT,,1,1776624322.0544572,14.74,Game,1,Predictable,5.54,0,,,7,,,130,Sound,,,
0,FORT,,1,1776624322.0544572,14.75,Game,1,Predictable,5.55,0,,,7,,,130,Sound,,,
0,FORT,,1,1776624322.0544572,14.76,Game,1,Predictable,5.56,0,,,7,,,130,Sound,,,
0,FORT,,1,1776624322.0544572,14.77,Game,1,Predictable,5.57,0,,,7,,,130,Sound,,,
0,FORT,,1,1776624322.0544572,14.77,Game,1,Predictable,5.58,0,,,7,,,130,Sound,,,
0,FORT,,1,1776624322.0544572,14.78,Game,1,Predictable,5.58,0,,,7,,,130,Sound,,,
0,FORT,,1,1776624322.0544572,14.79,Game,1,Predictable,5.59,0,,,7,,,130,Sound,,,
0,FORT,,1,1776624322.0544572,14.8,Game,1,Predictable,5.6,0,,,7,,,130,Sound,,,
0,FORT,,1,1776624322.0544572,14.81,Game,1,Predictable,5.61,0,,,7,,,130,Sound,,,
0,FORT,,1,1776624322.0544572,14.82,Game,1,Predictable,5.62,0,,,7,,,130,Sound,,,
0,FORT,,1,1776624322.0544572,14.82,Game,1,Predictable,5.63,0,,,7,,,130,Sound,,,
0,FORT,,1,1776624322.0544572,14.83,Game,1,Predictable,5.63,0,,,7,,,130,Sound,,,
0,FORT,,1,1776624322.0544572,14.84,Game,1,Predictable,5.64,0,,,7,,,130,Sound,,,
0,FORT,,1,1776624322.0544572,14.85,Game,1,Predictable,5.65,0,,,7,,,130,Sound,,,
0,FORT,,1,1776624322.0544572,14.86,Game,1,Predictable,5.66,0,,,7,,,130,Sound,,,
0,FORT,,1,1776624322.0544572,14.87,Game,1,Predictable,5.67,0,,,7,,,130,Sound,,,
0,FORT,,1,1776624322.0544572,14.87,Game,1,Predictable,5.68,0,,,7,,,130,Sound,,,
0,FORT,,1,1776624322.0544572,14.88,Game,1,Predictable,5.68,0,,,7,,,130,Sound,,,
0,FORT,,1,1776624322.0544572,14.89,Game,1,Predictable,5.69,0,,,7,,,130,Sound,,,
0,FORT,,1,1776624322.0544572,14.9,Game,1,Predictable,5.7,0,,,7,,,130,Sound,,,
0,FORT,,1,1776624322.0544572,14.91,Game,1,Predictable,5.71,0,,,7,,,130,Sound,,,
0,FORT,,1,1776624322.0544572,14.92,Game,1,Predictable,5.72,0,,,7,,,130,Sound,,,
0,FORT,,1,1776624322.0544572,14.92,Game,1,Predictable,5.73,0,,,7,,,130,Sound,,,
0,FORT,,1,1776624322.0544572,14.93,Game,1,Predictable,5.73,0,,,7,,,130,Sound,,,
0,FORT,,1,1776624322.0544572,14.94,Game,1,Predictable,5.74,0,,,7,,,130,Sound,,,
0,FORT,,1,1776624322.0544572,14.95,Game,1,Predictable,5.75,0,,,7,,,130,Sound,,,
0,FORT,,1,1776624322.0544572,14.96,Game,1,Predictable,5.76,0,,,7,,,130,Sound,,,
0,FORT,,1,1776624322.0544572,14.97,Game,1,Predictable,5.77,0,,,7,,,130,Sound,,,
0,FORT,,1,1776624322.0544572,14.97,Game,1,Predictable,5.78,0,,,7,,,130,Sound,,,
0,FORT,,1,1776624322.0544572,14.98,Game,1,Predictable,5.78,0,,,7,,,130,Sound,,,
0,FORT,,1,1776624322.0544572,14.99,Game,1,Predictable,5.79,0,,,7,,,130,Sound,,,
0,FORT,,1,1776624322.0544572,15.0,Game,1,Predictable,5.8,0,,,7,,,130,Sound,,,
0,FORT,,1,1776624322.0544572,15.01,Game,1,Predictable,5.81,0,,,7,,,130,Sound,,,
0,FORT,,1,1776624322.0544572,15.02,Game,1,Predictable,5.82,0,,,7,,,130,Sound,,,
0,FORT,,1,1776624322.0544572,15.02,Game,1,Predictable,5.83,0,,,7,,,130,Sound,,,
0,FORT,,1,1776624322.0544572,15.03,Game,1,Predictable,5.83,0,,,7,,,130,Sound,,,
0,FORT,,1,1776624322.0544572,15.04,Game,1,Predictable,5.84,0,,,7,,,130,Sound,,,
0,FORT,,1,1776624322.0544572,15.05,Game,1,Predictable,5.85,0,,,7,,,130,Sound,,,
0,FORT,,1,1776624322.0544572,15.06,Game,1,Predictable,5.86,0,,,7,,,130,Sound,,,
0,FORT,,1,1776624322.0544572,15.07,Game,1,Predictable,5.87,0,,,7,,,130,Sound,,,
0,FORT,,1,1776624322.0544572,15.07,Game,1,Predictable,5.88,0,,,7,,,130,Sound,,,
0,FORT,,1,1776624322.0544572,15.08,Game,1,Predictable,5.88,0,,,7,,,130,Sound,,,
0,FORT,,1,1776624322.0544572,15.09,Game,1,Predictable,5.89,0,,,7,,,130,Sound,,,
0,FORT,,1,1776624322.0544572,15.1,Game,1,Predictable,5.9,0,,,7,,,130,Sound,,,
0,FORT,,1,1776624322.0544572,15.11,Game,1,Predictable,5.91,0,,,7,,,130,Sound,,,
0,FORT,,1,1776624322.0544572,15.12,Game,1,Predictable,5.92,0,,,7,,,130,Sound,,,
0,FORT,,1,1776624322.0544572,15.12,Game,1,Predictable,5.93,0,,,7,,,130,Sound,,,
0,FORT,,1,1776624322.0544572,15.13,Game,1,Predictable,5.93,0,,,7,,,130,Sound,,,
0,FORT,,1,1776624322.0544572,15.14,Game,1,Predictable,5.94,0,,,7,,,130,Sound,,,
0,FORT,,1,1776624322.0544572,15.15,Game,1,Predictable,5.95,0,,,7,,,130,Sound,,,
0,FORT,,1,1776624322.0544572,15.16,Game,1,Predictable,5.96,0,,,7,,,130,Sound,,,
0,FORT,,1,1776624322.0544572,15.17,Game,1,Predictable,5.97,0,,,7,,,130,Sound,,,
0,FORT,,1,1776624322.0544572,15.17,Game,1,Predictable,5.98,0,,,7,,,130,Sound,,,
0,FORT,,1,1776624322.0544572,15.18,Game,1,Predictable,5.98,0,,,7,,,130,Sound,,,
0,FORT,,1,1776624322.0544572,15.19,Game,1,Predictable,5.99,0,,,7,,,130,Sound,,,
0,FORT,,1,1776624322.0544572,15.2,Game,1,Predictable,6.0,0,,,7,,,130,Sound,,,
0,FORT,,1,1776624322.0544572,15.21,Game,1,Predictable,6.01,0,,,7,,,130,Sound,,,
0,FORT,,1,1776624322.0544572,15.22,Game,1,Predictable,6.02,0,,,7,,,130,Sound,,,
0,FORT,,1,1776624322.0544572,15.22,Game,1,Predictable,6.03,0,,,7,,,130,Sound,,,
0,FORT,,1,1776624322.0544572,15.23,Game,1,Predictable,6.03,0,,,7,,,130,Sound,,,
0,FORT,,1,1776624322.0544572,15.24,Game,1,Predictable,6.04,0,,,7,,,130,Sound,,,
0,FORT,,1,1776624322.0544572,15.25,Game,1,Predictable,6.05,0,,,7,,,130,Sound,,,
0,FORT,,1,1776624322.0544572,15.26,Game,1,Predictable,6.06,0,,,7,,,130,Sound,,,
0,FORT,,1,1776624322.0544572,15.27,Game,1,Predictable,6.07,0,,,7,,,130,Sound,,,
0,FORT,,1,1776624322.0544572,15.27,Game,1,Predictable,6.08,0,,,7,,,130,Sound,,,
0,FORT,,1,1776624322.0544572,15.28,Game,1,Predictable,6.08,0,,,7,,,130,Sound,,,
0,FORT,,1,1776624322.0544572,15.29,Game,1,Predictable,6.09,0,,,7,,,130,Sound,,,
0,FORT,,1,1776624322.0544572,15.3,Game,1,Predictable,6.1,0,,,7,,,130,Sound,,,
0,FORT,,1,1776624322.0544572,15.31,Game,1,Predictable,6.11,0,,,7,,,130,Sound,,,
0,FORT,,1,1776624322.0544572,15.32,Game,1,Predictable,6.12,0,,,7,,,130,Sound,,,
0,FORT,,1,1776624322.0544572,15.32,Game,1,Predictable,6.13,0,,,7,,,130,Sound,,,
0,FORT,,1,1776624322.0544572,15.33,Game,1,Predictable,6.13,0,,,7,,,130,Sound,,,
0,FORT,,1,1776624322.0544572,15.34,Game,1,Predictable,6.14,0,,,7,,,130,Sound,,,
0,FORT,,1,1776624322.0544572,15.35,Game,1,Predictable,6.15,0,,,7,,,130,Sound,,,
0,FORT,,1,1776624322.0544572,15.36,Game,1,Predictable,6.16,0,,,7,,,130,Sound,,,
0,FORT,,1,1776624322.0544572,15.37,Game,1,Predictable,6.17,0,,,7,,,130,Sound,,,
0,FORT,,1,1776624322.0544572,15.37,Game,1,Predictable,6.18,0,,,7,,,130,Sound,,,
0,FORT,,1,1776624322.0544572,15.38,Game,1,Predictable,6.18,0,,,7,,,130,Sound,,,
0,FORT,,1,1776624322.0544572,15.39,Game,1,Predictable,6.19,0,,,7,,,130,Sound,,,
0,FORT,,1,1776624322.0544572,15.4,Game,1,Predictable,6.2,0,,,7,,,130,Sound,,,
0,FORT,,1,1776624322.0544572,15.41,Game,1,Predictable,6.21,0,,,7,,,130,Sound,,,
0,FORT,,1,1776624322.0544572,15.42,Game,1,Predictable,6.22,0,,,7,,,130,Sound,,,
0,FORT,,1,1776624322.0544572,15.42,Game,1,Predictable,6.23,0,,,7,,,130,Sound,,,
0,FORT,,1,1776624322.0544572,15.43,Game,1,Predictable,6.23,0,,,7,,,130,Sound,,,
0,FORT,,1,1776624322.0544572,15.44,Game,1,Predictable,6.24,0,,,7,,,130,Sound,,,
0,FORT,,1,1776624322.0544572,15.45,Game,1,Predictable,6.25,0,,,7,,,130,Sound,,,
0,FORT,,1,1776624322.0544572,15.46,Game,1,Predictable,6.26,0,,,7,,,130,Sound,,,
0,FORT,,1,1776624322.0544572,15.47,Game,1,Predictable,6.27,0,,,7,,,130,Sound,,,
0,FORT,,1,1776624322.0544572,15.47,Game,1,Predictable,6.28,0,,,7,,,130,Sound,,,
0,FORT,,1,1776624322.0544572,15.48,Game,1,Predictable,6.28,0,,,7,,,130,Sound,,,
0,FORT,,1,1776624322.0544572,15.49,Game,1,Predictable,6.29,0,,,7,,,130,Sound,,,
0,FORT,,1,1776624322.0544572,15.5,Game,1,Predictable,6.3,0,,,7,,,130,Sound,,,
0,FORT,,1,1776624322.0544572,15.51,Game,1,Predictable,6.31,0,,,7,,,130,Sound,,,
0,FORT,,1,1776624322.0544572,15.52,Game,1,Predictable,6.32,0,,,7,,,130,Sound,,,
0,FORT,,1,1776624322.0544572,15.52,Game,1,Predictable,6.33,0,,,7,,,130,Sound,,,
0,FORT,,1,1776624322.0544572,15.53,Game,1,Predictable,6.33,0,,,7,,,130,Sound,,,
0,FORT,,1,1776624322.0544572,15.54,Game,1,Predictable,6.34,0,,,7,,,130,Sound,,,
0,FORT,,1,1776624322.0544572,15.55,Game,1,Predictable,6.35,0,,,7,,,130,Sound,,,
0,FORT,,1,1776624322.0544572,15.56,Game,1,Predictable,6.36,0,,,7,,,130,Sound,,,
0,FORT,,1,1776624322.0544572,15.57,Game,1,Predictable,6.37,0,,,7,,,130,Sound,,,
0,FORT,,1,1776624322.0544572,15.57,Game,1,Predictable,6.38,0,,,7,,,130,Sound,,,
0,FORT,,1,1776624322.0544572,15.58,Game,1,Predictable,6.38,0,,,7,,,130,Sound,,,
0,FORT,,1,1776624322.0544572,15.59,Game,1,Predictable,6.39,0,,,7,,,130,Sound,,,
0,FORT,,1,1776624322.0544572,15.6,Game,1,Predictable,6.4,0,,,7,,,130,Sound,,,
0,FORT,,1,1776624322.0544572,15.61,Game,1,Predictable,6.41,0,,,7,,,130,Sound,,,
0,FORT,,1,1776624322.0544572,15.62,Game,1,Predictable,6.42,0,,,7,,,130,Sound,,,
0,FORT,,1,1776624322.0544572,15.62,Game,1,Predictable,6.43,0,,,7,,,130,Sound,,,
0,FORT,,1,1776624322.0544572,15.63,Game,1,Predictable,6.43,0,,,7,,,130,Sound,,,
0,FORT,,1,1776624322.0544572,15.64,Game,1,Predictable,6.44,0,,,7,,,130,Sound,,,
0,FORT,,1,1776624322.0544572,15.65,Game,1,Predictable,6.45,0,,,7,,,130,Sound,,,
0,FORT,,1,1776624322.0544572,15.66,Game,1,Predictable,6.46,0,,,7,,,130,Sound,,,
0,FORT,,1,1776624322.0544572,15.67,Game,1,Predictable,6.47,0,,,7,,,130,Sound,,,
0,FORT,,1,1776624322.0544572,15.67,Game,1,Predictable,6.48,0,,,7,,,130,Sound,,,
0,FORT,,1,1776624322.0544572,15.68,Game,1,Predictable,6.48,0,,,7,,,130,Sound,,,
0,FORT,,1,1776624322.0544572,15.69,Game,1,Predictable,6.49,0,,,7,,,130,Sound,,,
0,FORT,,1,1776624322.0544572,15.7,Game,1,Predictable,6.5,0,,,7,,,130,Sound,,,
0,FORT,,1,1776624322.0544572,15.71,Game,1,Predictable,6.51,0,,,7,,,130,Sound,,,
0,FORT,,1,1776624322.0544572,15.72,Game,1,Predictable,6.52,0,,,7,,,130,Sound,,,
0,FORT,,1,1776624322.0544572,15.72,Game,1,Predictable,6.53,0,,,7,,,130,Sound,,,
0,FORT,,1,1776624322.0544572,15.73,Game,1,Predictable,6.53,0,,,7,,,130,Sound,,,
0,FORT,,1,1776624322.0544572,15.74,Game,1,Predictable,6.54,0,,,7,,,130,Sound,,,
0,FORT,,1,1776624322.0544572,15.75,Game,1,Predictable,6.55,0,,,7,,,130,Sound,,,
0,FORT,,1,1776624322.0544572,15.76,Game,1,Predictable,6.56,0,,,7,,,130,Sound,,,
0,FORT,,1,1776624322.0544572,15.77,Game,1,Predictable,6.57,0,,,7,,,130,Sound,,,
0,FORT,,1,1776624322.0544572,15.77,Game,1,Predictable,6.58,0,,,7,,,130,Sound,,,
0,FORT,,1,1776624322.0544572,15.78,Game,1,Predictable,6.58,0,,,7,,,130,Sound,,,
0,FORT,,1,1776624322.0544572,15.79,Game,1,Predictable,6.59,0,,,7,,,130,Sound,,,
0,FORT,,1,1776624322.0544572,15.8,Game,1,Predictable,6.6,0,,,7,,,130,Sound,,,
0,FORT,,1,1776624322.0544572,15.81,Game,1,Predictable,6.61,0,,,7,,,130,Sound,,,
0,FORT,,1,1776624322.0544572,15.82,Game,1,Predictable,6.62,0,,,7,,,130,Sound,,,
0,FORT,,1,1776624322.0544572,15.82,Game,1,Predictable,6.63,0,,,7,,,130,Sound,,,
0,FORT,,1,1776624322.0544572,15.83,Game,1,Predictable,6.63,0,,,7,,,130,Sound,,,
0,FORT,,1,1776624322.0544572,15.84,Game,1,Predictable,6.64,0,,,7,,,130,Sound,,,
0,FORT,,1,1776624322.0544572,15.85,Game,1,Predictable,6.65,0,,,7,,,130,Sound,,,
0,FORT,,1,1776624322.0544572,15.86,Game,1,Predictable,6.66,0,,,7,,,130,Sound,,,
0,FORT,,1,1776624322.0544572,15.87,Game,1,Predictable,6.67,0,,,7,,,130,Sound,,,
0,FORT,,1,1776624322.0544572,15.87,Game,1,Predictable,6.68,0,,,7,,,130,Sound,,,
0,FORT,,1,1776624322.0544572,15.88,Game,1,Predictable,6.68,0,,,7,,,130,Sound,,,
0,FORT,,1,1776624322.0544572,15.89,Game,1,Predictable,6.69,0,,,7,,,130,Sound,,,
0,FORT,,1,1776624322.0544572,15.9,Game,1,Predictable,6.7,0,,,7,,,130,Sound,,,
0,FORT,,1,1776624322.0544572,15.91,Game,1,Predictable,6.71,0,,,7,,,130,Sound,,,
0,FORT,,1,1776624322.0544572,15.92,Game,1,Predictable,6.72,0,,,7,,,130,Sound,,,
0,FORT,,1,1776624322.0544572,15.92,Game,1,Predictable,6.73,0,,,7,,,130,Sound,,,
0,FORT,,1,1776624322.0544572,15.93,Game,1,Predictable,6.73,0,,,7,,,130,Sound,,,
0,FORT,,1,1776624322.0544572,15.94,Game,1,Predictable,6.74,0,,,7,,,130,Sound,,,
0,FORT,,1,1776624322.0544572,15.95,Game,1,Predictable,6.75,0,,,7,,,130,Sound,,,
0,FORT,,1,1776624322.0544572,15.96,Game,1,Predictable,6.76,0,,,7,,,130,Sound,,,
0,FORT,,1,1776624322.0544572,15.97,Game,1,Predictable,6.77,0,,,7,,,130,Sound,,,
0,FORT,,1,1776624322.0544572,15.97,Game,1,Predictable,6.78,0,,,7,,,130,Sound,,,
0,FORT,,1,1776624322.0544572,15.98,Game,1,Predictable,6.78,0,,,7,,,130,Sound,,,
0,FORT,,1,1776624322.0544572,15.99,Game,1,Predictable,6.79,0,,,7,,,130,Sound,,,
0,FORT,,1,1776624322.0544572,16.0,Game,1,Predictable,6.8,0,,,7,,,130,Sound,,,
0,FORT,,1,1776624322.0544572,16.01,Game,1,Predictable,6.81,0,,,7,,,130,Sound,,,
0,FORT,,1,1776624322.0544572,16.02,Game,1,Predictable,6.82,0,,,7,,,130,Sound,,,
0,FORT,,1,1776624322.0544572,16.02,Game,1,Predictable,6.83,0,,,7,,,130,Sound,,,
0,FORT,,1,1776624322.0544572,16.03,Game,1,Predictable,6.83,0,,,7,,,130,Sound,,,
0,FORT,,1,1776624322.0544572,16.04,Game,1,Predictable,6.84,0,,,7,,,130,Sound,,,
0,FORT,,1,1776624322.0544572,16.05,Game,1,Predictable,6.85,0,,,7,,,130,Sound,,,
0,FORT,,1,1776624322.0544572,16.06,Game,1,Predictable,6.86,0,,,7,,,130,Sound,,,
0,FORT,,1,1776624322.0544572,16.07,Game,1,Predictable,6.87,0,,,7,,,130,Sound,,,
0,FORT,,1,1776624322.0544572,16.07,Game,1,Predictable,6.88,0,,,7,,,130,Sound,,,
0,FORT,,1,1776624322.0544572,16.08,Game,1,Predictable,6.88,0,,,7,,,130,Sound,,,
0,FORT,,1,1776624322.0544572,16.09,Game,1,Predictable,6.89,0,,,7,,,130,Sound,,,
0,FORT,,1,1776624322.0544572,16.1,Game,1,Predictable,6.9,0,,,7,,,130,Sound,,,
0,FORT,,1,1776624322.0544572,16.11,Game,1,Predictable,6.91,0,,,7,,,130,Sound,,,
0,FORT,,1,1776624322.0544572,16.12,Game,1,Predictable,6.92,0,,,7,,,130,Sound,,,
0,FORT,,1,1776624322.0544572,16.12,Game,1,Predictable,6.93,0,,,7,,,130,Sound,,,
0,FORT,,1,1776624322.0544572,16.13,Game,1,Predictable,6.93,0,,,7,,,130,Sound,,,
0,FORT,,1,1776624322.0544572,16.14,Game,1,Predictable,6.94,0,,,7,,,130,Sound,,,
0,FORT,,1,1776624322.0544572,16.15,Game,1,Predictable,6.95,0,,,7,,,130,Sound,,,
0,FORT,,1,1776624322.0544572,16.16,Game,1,Predictable,6.96,0,,,7,,,130,Sound,,,
0,FORT,,1,1776624322.0544572,16.17,Game,1,Predictable,6.97,0,,,7,,,130,Sound,,,
0,FORT,,1,1776624322.0544572,16.17,Game,1,Predictable,6.98,0,,,7,,,130,Sound,,,
0,FORT,,1,1776624322.0544572,16.18,Game,1,Predictable,6.98,0,,,7,,,130,Sound,,,
0,FORT,,1,1776624322.0544572,16.19,Game,1,Predictable,6.99,0,,,7,,,130,Sound,,,
0,FORT,,1,1776624322.0544572,16.2,Game,1,Predictable,7.0,0,,,7,,,130,Sound,,,
0,FORT,,1,1776624322.0544572,16.21,Game,1,Predictable,7.01,0,,,7,,,130,Sound,,,
0,FORT,,1,1776624322.0544572,16.22,Game,1,Predictable,7.02,0,,,7,,,130,Sound,,,
0,FORT,,1,1776624322.0544572,16.22,Game,1,Predictable,7.03,0,,,7,,,130,Sound,,,
0,FORT,,1,1776624322.0544572,16.23,Game,1,Predictable,7.03,0,,,7,,,130,Sound,,,
0,FORT,,1,1776624322.0544572,16.24,Game,1,Predictable,7.04,0,,,7,,,130,Sound,,,
0,FORT,,1,1776624322.0544572,16.25,Game,1,Predictable,7.05,0,,,7,,,130,Sound,,,
0,FORT,,1,1776624322.0544572,16.26,Game,1,Predictable,7.06,0,,,7,,,130,Sound,,,
0,FORT,,1,1776624322.0544572,16.27,Game,1,Predictable,7.07,0,,,7,,,130,Sound,,,
0,FORT,,1,1776624322.0544572,16.27,Game,1,Predictable,7.08,0,,,7,,,130,Sound,,,
0,FORT,,1,1776624322.0544572,16.28,Game,1,Predictable,7.08,0,,,7,,,130,Sound,,,
0,FORT,,1,1776624322.0544572,16.29,Game,1,Predictable,7.09,0,,,7,,,130,Sound,,,
0,FORT,,1,1776624322.0544572,16.3,Game,1,Predictable,7.1,0,,,7,,,130,Sound,,,
0,FORT,,1,1776624322.0544572,16.31,Game,1,Predictable,7.11,0,,,7,,,130,Sound,,,
0,FORT,,1,1776624322.0544572,16.32,Game,1,Predictable,7.12,0,,,7,,,130,Sound,,,
0,FORT,,1,1776624322.0544572,16.32,Game,1,Predictable,7.13,0,,,7,,,130,Sound,,,
0,FORT,,1,1776624322.0544572,16.33,Game,1,Predictable,7.13,0,,,7,,,130,Sound,,,
0,FORT,,1,1776624322.0544572,16.34,Game,1,Predictable,7.14,0,,,7,,,130,Sound,,,
0,FORT,,1,1776624322.0544572,16.35,Game,1,Predictable,7.15,0,,,7,,,130,Sound,,,
0,FORT,,1,1776624322.0544572,16.36,Game,1,Predictable,7.16,0,,,7,,,130,Sound,,,
0,FORT,,1,1776624322.0544572,16.37,Game,1,Predictable,7.17,0,,,7,,,130,Sound,,,
0,FORT,,1,1776624322.0544572,16.37,Game,1,Predictable,7.18,0,,,7,,,130,Sound,,,
0,FORT,,1,1776624322.0544572,16.38,Game,1,Predictable,7.18,0,,,7,,,130,Sound,,,
0,FORT,,1,1776624322.0544572,16.39,Game,1,Predictable,7.19,0,,,7,,,130,Sound,,,
0,FORT,,1,1776624322.0544572,16.4,Game,1,Predictable,7.2,0,,,7,,,130,Sound,,,
0,FORT,,1,1776624322.0544572,16.41,Game,1,Predictable,7.21,0,,,7,,,130,Sound,,,
0,FORT,,1,1776624322.0544572,16.42,Game,1,Predictable,7.22,0,,,7,,,130,Sound,,,
0,FORT,,1,1776624322.0544572,16.42,Game,1,Predictable,7.23,0,,,7,,,130,Sound,,,
0,FORT,,1,1776624322.0544572,16.43,Game,1,Predictable,7.23,0,,,7,,,130,Sound,,,
0,FORT,,1,1776624322.0544572,16.44,Game,1,Predictable,7.24,0,,,7,,,130,Sound,,,
0,FORT,,1,1776624322.0544572,16.45,Game,1,Predictable,7.25,0,,,7,,,130,Sound,,,
0,FORT,,1,1776624322.0544572,16.46,Game,1,Predictable,7.26,0,,,7,,,130,Sound,,,
0,FORT,,1,1776624322.0544572,16.47,Game,1,Predictable,7.27,0,,,7,,,130,Sound,,,
0,FORT,,1,1776624322.0544572,16.47,Game,1,Predictable,7.28,0,,,7,,,130,Sound,,,
0,FORT,,1,1776624322.0544572,16.48,Game,1,Predictable,7.28,0,,,7,,,130,Sound,,,
0,FORT,,1,1776624322.0544572,16.49,Game,1,Predictable,7.29,0,,,7,,,130,Sound,,,
0,FORT,,1,1776624322.0544572,16.5,Game,1,Predictable,7.3,0,,,7,,,130,Sound,,,
0,FORT,,1,1776624322.0544572,16.51,Game,1,Predictable,7.31,0,,,7,,,130,Sound,,,
0,FORT,,1,1776624322.0544572,16.52,Game,1,Predictable,7.32,0,,,7,,,130,Sound,,,
0,FORT,,1,1776624322.0544572,16.52,Game,1,Predictable,7.33,0,,,7,,,130,Sound,,,
0,FORT,,1,1776624322.0544572,16.53,Game,1,Predictable,7.33,0,,,7,,,130,Sound,,,
0,FORT,,1,1776624322.0544572,16.54,Game,1,Predictable,7.34,0,,,7,,,130,Sound,,,
0,FORT,,1,1776624322.0544572,16.55,Game,1,Predictable,7.35,0,,,7,,,130,Sound,,,
0,FORT,,1,1776624322.0544572,16.56,Game,1,Predictable,7.36,0,,,7,,,130,Sound,,,
0,FORT,,1,1776624322.0544572,16.57,Game,1,Predictable,7.37,0,,,7,,,130,Sound,,,
0,FORT,,1,1776624322.0544572,16.57,Game,1,Predictable,7.38,0,,,7,,,130,Sound,,,
0,FORT,,1,1776624322.0544572,16.58,Game,1,Predictable,7.38,0,,,7,,,130,Sound,,,
0,FORT,,1,1776624322.0544572,16.59,Game,1,Predictable,7.39,0,,,7,,,130,Sound,,,
0,FORT,,1,1776624322.0544572,16.6,Game,1,Predictable,7.4,0,,,7,,,130,Sound,,,
0,FORT,,1,1776624322.0544572,16.61,Game,1,Predictable,7.41,0,,,7,,,130,Sound,,,
0,FORT,,1,1776624322.0544572,16.62,Game,1,Predictable,7.42,0,,,7,,,130,Sound,,,
0,FORT,,1,1776624322.0544572,16.62,Game,1,Predictable,7.43,0,,,7,,,130,Sound,,,
0,FORT,,1,1776624322.0544572,16.63,Game,1,Predictable,7.43,0,,,7,,,130,Sound,,,
0,FORT,,1,1776624322.0544572,16.64,Game,1,Predictable,7.44,0,,,7,,,130,Sound,,,
0,FORT,,1,1776624322.0544572,16.65,Game,1,Predictable,7.45,0,,,7,,,130,Sound,,,
0,FORT,,1,1776624322.0544572,16.66,Game,1,Predictable,7.46,0,,,7,,,130,Sound,,,
0,FORT,,1,1776624322.0544572,16.67,Game,1,Predictable,7.47,0,,,7,,,130,Sound,,,
0,FORT,,1,1776624322.0544572,16.68,Game,1,Predictable,7.48,0,,,7,,,130,Sound,,,
0,FORT,,1,1776624322.0544572,16.69,Game,1,Predictable,7.49,0,,,7,,,130,Sound,,,
0,FORT,,1,1776624322.0544572,16.7,Game,1,Predictable,7.5,0,,,7,,,130,Sound,,,
0,FORT,,1,1776624322.0544572,16.71,Game,1,Predictable,7.51,0,,,7,,,130,Sound,,,
0,FORT,,1,1776624322.0544572,16.72,Game,1,Predictable,7.52,0,,,7,,,130,Sound,,,
0,FORT,,1,1776624322.0544572,16.72,Game,1,Predictable,7.53,0,,,7,,,130,Sound,,,
0,FORT,,1,1776624322.0544572,16.73,Game,1,Predictable,7.53,0,,,7,,,130,Sound,,,
0,FORT,,1,1776624322.0544572,16.74,Game,1,Predictable,7.54,0,,,7,,,130,Sound,,,
0,FORT,,1,1776624322.0544572,16.75,Game,1,Predictable,7.55,0,,,7,,,130,Sound,,,
0,FORT,,1,1776624322.0544572,16.76,Game,1,Predictable,7.56,0,,,7,,,130,Sound,,,
0,FORT,,1,1776624322.0544572,16.77,Game,1,Predictable,7.57,0,,,7,,,130,Sound,,,
0,FORT,,1,1776624322.0544572,16.77,Game,1,Predictable,7.58,0,,,7,,,130,Sound,,,
0,FORT,,1,1776624322.0544572,16.78,Game,1,Predictable,7.58,0,,,7,,,130,Sound,,,
0,FORT,,1,1776624322.0544572,16.79,Game,1,Predictable,7.59,0,,,7,,,130,Sound,,,
0,FORT,,1,1776624322.0544572,16.8,Game,1,Predictable,7.6,0,,,7,,,130,Sound,,,
0,FORT,,1,1776624322.0544572,16.81,Game,1,Predictable,7.61,0,,,7,,,130,Sound,,,
0,FORT,,1,1776624322.0544572,16.82,Game,1,Predictable,7.62,0,,,7,,,130,Sound,,,
0,FORT,,1,1776624322.0544572,16.82,Game,1,Predictable,7.63,0,,,7,,,130,Sound,,,
0,FORT,,1,1776624322.0544572,16.83,Game,1,Predictable,7.63,0,,,7,,,130,Sound,,,
0,FORT,,1,1776624322.0544572,16.84,Game,1,Predictable,7.64,0,,,7,,,130,Sound,,,
0,FORT,,1,1776624322.0544572,16.85,Game,1,Predictable,7.65,0,,,7,,,130,Sound,,,
0,FORT,,1,1776624322.0544572,16.86,Game,1,Predictable,7.66,0,,,7,,,130,Sound,,,
0,FORT,,1,1776624322.0544572,16.87,Game,1,Predictable,7.67,0,,,7,,,130,Sound,,,
0,FORT,,1,1776624322.0544572,16.87,Game,1,Predictable,7.68,0,,,7,,,130,Sound,,,
0,FORT,,1,1776624322.0544572,16.88,Game,1,Predictable,7.68,0,,,7,,,130,Sound,,,
0,FORT,,1,1776624322.0544572,16.89,Game,1,Predictable,7.69,0,,,7,,,130,Sound,,,
0,FORT,,1,1776624322.0544572,16.9,Game,1,Predictable,7.7,0,,,7,,,130,Sound,,,
0,FORT,,1,1776624322.0544572,16.91,Game,1,Predictable,7.71,0,,,7,,,130,Sound,,,
0,FORT,,1,1776624322.0544572,16.92,Game,1,Predictable,7.72,0,,,7,,,130,Sound,,,
0,FORT,,1,1776624322.0544572,16.92,Game,1,Predictable,7.73,0,,,7,,,130,Sound,,,
0,FORT,,1,1776624322.0544572,16.93,Game,1,Predictable,7.73,0,,,7,,,130,Sound,,,
0,FORT,,1,1776624322.0544572,16.94,Game,1,Predictable,7.74,0,,,7,,,130,Sound,,,
0,FORT,,1,1776624322.0544572,16.95,Game,1,Predictable,7.75,0,,,7,,,130,Sound,,,
0,FORT,,1,1776624322.0544572,16.96,Game,1,Predictable,7.76,0,,,7,,,130,Sound,,,
0,FORT,,1,1776624322.0544572,16.97,Game,1,Predictable,7.77,0,,,7,,,130,Sound,,,
0,FORT,,1,1776624322.0544572,16.97,Game,1,Predictable,7.78,0,,,7,,,130,Sound,,,
0,FORT,,1,1776624322.0544572,16.98,Game,1,Predictable,7.78,0,,,7,,,130,Sound,,,
0,FORT,,1,1776624322.0544572,16.99,Game,1,Predictable,7.79,0,,,7,,,130,Sound,,,
0,FORT,,1,1776624322.0544572,17.0,Game,1,Predictable,7.8,0,,,7,,,130,Sound,,,
0,FORT,,1,1776624322.0544572,17.01,Game,1,Predictable,7.81,0,,,7,,,130,Sound,,,
0,FORT,,1,1776624322.0544572,17.02,Game,1,Predictable,7.82,0,,,7,,,130,Sound,,,
0,FORT,,1,1776624322.0544572,17.02,Game,1,Predictable,7.83,0,,,7,,,130,Sound,,,
0,FORT,,1,1776624322.0544572,17.03,Game,1,Predictable,7.83,0,,,7,,,130,Sound,,,
0,FORT,,1,1776624322.0544572,17.04,Game,1,Predictable,7.84,0,,,7,,,130,Sound,,,
0,FORT,,1,1776624322.0544572,17.05,Game,1,Predictable,7.85,0,,,7,,,130,Sound,,,
0,FORT,,1,1776624322.0544572,17.06,Game,1,Predictable,7.86,0,,,7,,,130,Sound,,,
0,FORT,,1,1776624322.0544572,17.07,Game,1,Predictable,7.87,0,,,7,,,130,Sound,,,
0,FORT,,1,1776624322.0544572,17.07,Game,1,Predictable,7.88,0,,,7,,,130,Sound,,,
0,FORT,,1,1776624322.0544572,17.08,Game,1,Predictable,7.88,0,,,7,,,130,Sound,,,
0,FORT,,1,1776624322.0544572,17.09,Game,1,Predictable,7.89,0,,,7,,,130,Sound,,,
0,FORT,,1,1776624322.0544572,17.1,Game,1,Predictable,7.9,0,,,7,,,130,Sound,,,
0,FORT,,1,1776624322.0544572,17.11,Game,1,Predictable,7.91,0,,,7,,,130,Sound,,,
0,FORT,,1,1776624322.0544572,17.12,Game,1,Predictable,7.92,0,,,7,,,130,Sound,,,
0,FORT,,1,1776624322.0544572,17.12,Game,1,Predictable,7.93,0,,,7,,,130,Sound,,,
0,FORT,,1,1776624322.0544572,17.13,Game,1,Predictable,7.93,0,,,7,,,130,Sound,,,
0,FORT,,1,1776624322.0544572,17.14,Game,1,Predictable,7.94,0,,,7,,,130,Sound,,,
0,FORT,,1,1776624322.0544572,17.15,Game,1,Predictable,7.95,0,,,7,,,130,Sound,,,
0,FORT,,1,1776624322.0544572,17.16,Game,1,Predictable,7.96,0,,,7,,,130,Sound,,,
0,FORT,,1,1776624322.0544572,17.17,Game,1,Predictable,7.97,0,,,7,,,130,Sound,,,
0,FORT,,1,1776624322.0544572,17.17,Game,1,Predictable,7.98,0,,,7,,,130,Sound,,,
0,FORT,,1,1776624322.0544572,17.18,Game,1,Predictable,7.98,0,,,7,,,130,Sound,,,
0,FORT,,1,1776624322.0544572,17.19,Game,1,Predictable,7.99,0,,,7,,,130,Sound,,,
0,FORT,,1,1776624322.0544572,17.2,Game,1,Predictable,8.0,0,,,7,,,130,Sound,,,
0,FORT,,1,1776624322.0544572,17.21,Game,1,Predictable,8.01,0,,,7,,,130,Sound,,,
0,FORT,,1,1776624322.0544572,17.22,Game,1,Predictable,8.02,0,,,7,,,130,Sound,,,
0,FORT,,1,1776624322.0544572,17.23,Game,1,Predictable,8.03,0,,,7,,,130,Sound,,,
0,FORT,,1,1776624322.0544572,17.24,Game,1,Predictable,8.04,0,,,7,,,130,Sound,,,
0,FORT,,1,1776624322.0544572,17.25,Game,1,Predictable,8.05,0,,,7,,,130,Sound,,,
0,FORT,,1,1776624322.0544572,17.26,Game,1,Predictable,8.06,0,,,7,,,130,Sound,,,
0,FORT,,1,1776624322.0544572,17.27,Game,1,Predictable,8.07,0,,,7,,,130,Sound,,,
0,FORT,,1,1776624322.0544572,17.28,Game,1,Predictable,8.08,0,,,7,,,130,Sound,,,
0,FORT,,1,1776624322.0544572,17.29,Game,1,Predictable,8.09,0,,,7,,,130,Sound,,,
0,FORT,,1,1776624322.0544572,17.3,Game,1,Predictable,8.1,0,,,7,,,130,Sound,,,
0,FORT,,1,1776624322.0544572,17.31,Game,1,Predictable,8.11,0,,,7,,,130,Sound,,,
0,FORT,,1,1776624322.0544572,17.32,Game,1,Predictable,8.12,0,,,7,,,130,Sound,,,
0,FORT,,1,1776624322.0544572,17.32,Game,1,Predictable,8.13,0,,,7,,,130,Sound,,,
0,FORT,,1,1776624322.0544572,17.33,Game,1,Predictable,8.13,0,,,7,,,130,Sound,,,
0,FORT,,1,1776624322.0544572,17.34,Game,1,Predictable,8.14,0,,,7,,,130,Sound,,,
0,FORT,,1,1776624322.0544572,17.35,Game,1,Predictable,8.15,0,,,7,,,130,Sound,,,
0,FORT,,1,1776624322.0544572,17.36,Game,1,Predictable,8.16,0,,,7,,,130,Sound,,,
0,FORT,,1,1776624322.0544572,17.37,Game,1,Predictable,8.17,0,,,7,,,130,Sound,,,
0,FORT,,1,1776624322.0544572,17.37,Game,1,Predictable,8.18,0,,,7,,,130,Sound,,,
0,FORT,,1,1776624322.0544572,17.38,Game,1,Predictable,8.18,0,,,7,,,130,Sound,,,
0,FORT,,1,1776624322.0544572,17.39,Game,1,Predictable,8.19,0,,,7,,,130,Sound,,,
0,FORT,,1,1776624322.0544572,17.4,Game,1,Predictable,8.2,0,,,7,,,130,Sound,,,
0,FORT,,1,1776624322.0544572,17.41,Game,1,Predictable,8.21,0,,,7,,,130,Sound,,,
0,FORT,,1,1776624322.0544572,17.42,Game,1,Predictable,8.22,0,,,7,,,130,Sound,,,
0,FORT,,1,1776624322.0544572,17.42,Game,1,Predictable,8.23,0,,,7,,,130,Sound,,,
0,FORT,,1,1776624322.0544572,17.43,Game,1,Predictable,8.23,0,,,7,,,130,Sound,,,
0,FORT,,1,1776624322.0544572,17.44,Game,1,Predictable,8.24,0,,,7,,,130,Sound,,,
0,FORT,,1,1776624322.0544572,17.45,Game,1,Predictable,8.25,0,,,7,,,130,Sound,,,
0,FORT,,1,1776624322.0544572,17.46,Game,1,Predictable,8.26,0,,,7,,,130,Sound,,,
0,FORT,,1,1776624322.0544572,17.47,Game,1,Predictable,8.27,0,,,7,,,130,Sound,,,
0,FORT,,1,1776624322.0544572,17.48,Game,1,Predictable,8.28,0,,,7,,,130,Sound,,,
0,FORT,,1,1776624322.0544572,17.49,Game,1,Predictable,8.29,0,,,7,,,130,Sound,,,
0,FORT,,1,1776624322.0544572,17.5,Game,1,Predictable,8.3,0,,,7,,,130,Sound,,,
0,FORT,,1,1776624322.0544572,17.51,Game,1,Predictable,8.31,0,,,7,,,130,Sound,,,
0,FORT,,1,1776624322.0544572,17.52,Game,1,Predictable,8.32,0,,,7,,,130,Sound,,,
0,FORT,,1,1776624322.0544572,17.53,Game,1,Predictable,8.33,0,,,7,,,130,Sound,,,
0,FORT,,1,1776624322.0544572,17.54,Game,1,Predictable,8.34,0,,,7,,,130,Sound,,,
0,FORT,,1,1776624322.0544572,17.55,Game,1,Predictable,8.35,0,,,7,,,130,Sound,,,
0,FORT,,1,1776624322.0544572,17.56,Game,1,Predictable,8.36,0,,,7,,,130,Sound,,,
0,FORT,,1,1776624322.0544572,17.57,Game,1,Predictable,8.37,0,,,7,,,130,Sound,,,
0,FORT,,1,1776624322.0544572,17.57,Game,1,Predictable,8.38,0,,,7,,,130,Sound,,,
0,FORT,,1,1776624322.0544572,17.58,Game,1,Predictable,8.38,0,,,7,,,130,Sound,,,
0,FORT,,1,1776624322.0544572,17.59,Game,1,Predictable,8.39,0,,,7,,,130,Sound,,,
0,FORT,,1,1776624322.0544572,17.6,Game,1,Predictable,8.4,0,,,7,,,130,Sound,,,
0,FORT,,1,1776624322.0544572,17.61,Game,1,Predictable,8.41,0,,,7,,,130,Sound,,,
0,FORT,,1,1776624322.0544572,17.62,Game,1,Predictable,8.42,0,,,7,,,130,Sound,,,
0,FORT,,1,1776624322.0544572,17.62,Game,1,Predictable,8.43,0,,,7,,,130,Sound,,,
0,FORT,,1,1776624322.0544572,17.63,Game,1,Predictable,8.43,0,,,7,,,130,Sound,,,
0,FORT,,1,1776624322.0544572,17.64,Game,1,Predictable,8.44,0,,,7,,,130,Sound,,,
0,FORT,,1,1776624322.0544572,17.65,Game,1,Predictable,8.45,0,,,7,,,130,Sound,,,
0,FORT,,1,1776624322.0544572,17.66,Game,1,Predictable,8.46,0,,,7,,,130,Sound,,,
0,FORT,,1,1776624322.0544572,17.67,Game,1,Predictable,8.47,0,,,7,,,130,Sound,,,
0,FORT,,1,1776624322.0544572,17.68,Game,1,Predictable,8.48,0,,,7,,,130,Sound,,,
0,FORT,,1,1776624322.0544572,17.69,Game,1,Predictable,8.49,0,,,7,,,130,Sound,,,
0,FORT,,1,1776624322.0544572,17.7,Game,1,Predictable,8.5,0,,,7,,,130,Sound,,,
0,FORT,,1,1776624322.0544572,17.71,Game,1,Predictable,8.51,0,,,7,,,130,Sound,,,
0,FORT,,1,1776624322.0544572,17.72,Game,1,Predictable,8.52,0,,,7,,,130,Sound,,,
0,FORT,,1,1776624322.0544572,17.73,Game,1,Predictable,8.53,0,,,7,,,130,Sound,,,
0,FORT,,1,1776624322.0544572,17.74,Game,1,Predictable,8.54,0,,,7,,,130,Sound,,,
0,FORT,,1,1776624322.0544572,17.75,Game,1,Predictable,8.55,0,,,7,,,130,Sound,,,
0,FORT,,1,1776624322.0544572,17.76,Game,1,Predictable,8.56,0,,,7,,,130,Sound,,,
0,FORT,,1,1776624322.0544572,17.77,Game,1,Predictable,8.57,0,,,7,,,130,Sound,,,
0,FORT,,1,1776624322.0544572,17.77,Game,1,Predictable,8.58,0,,,7,,,130,Sound,,,
0,FORT,,1,1776624322.0544572,17.78,Game,1,Predictable,8.58,0,,,7,,,130,Sound,,,
0,FORT,,1,1776624322.0544572,17.79,Game,1,Predictable,8.59,0,,,7,,,130,Sound,,,
0,FORT,,1,1776624322.0544572,17.8,Game,1,Predictable,8.6,0,,,7,,,130,Sound,,,
0,FORT,,1,1776624322.0544572,17.81,Game,1,Predictable,8.61,0,,,7,,,130,Sound,,,
0,FORT,,1,1776624322.0544572,17.82,Game,1,Predictable,8.62,0,,,7,,,130,Sound,,,
0,FORT,,1,1776624322.0544572,17.83,Game,1,Predictable,8.63,0,,,7,,,130,Sound,,,
0,FORT,,1,1776624322.0544572,17.84,Game,1,Predictable,8.64,0,,,7,,,130,Sound,,,
0,FORT,,1,1776624322.0544572,17.85,Game,1,Predictable,8.65,0,,,7,,,130,Sound,,,
0,FORT,,1,1776624322.0544572,17.86,Game,1,Predictable,8.66,0,,,7,,,130,Sound,,,
0,FORT,,1,1776624322.0544572,17.87,Game,1,Predictable,8.67,0,,,7,,,130,Sound,,,
0,FORT,,1,1776624322.0544572,17.88,Game,1,Predictable,8.68,0,,,7,,,130,Sound,,,
0,FORT,,1,1776624322.0544572,17.89,Game,1,Predictable,8.69,0,,,7,,,130,Sound,,,
0,FORT,,1,1776624322.0544572,17.9,Game,1,Predictable,8.7,0,,,7,,,130,Sound,,,
0,FORT,,1,1776624322.0544572,17.91,Game,1,Predictable,8.71,0,,,7,,,130,Sound,,,
0,FORT,,1,1776624322.0544572,17.92,Game,1,Predictable,8.72,0,,,7,,,130,Sound,,,
0,FORT,,1,1776624322.0544572,17.93,Game,1,Predictable,8.73,0,,,7,,,130,Sound,,,
0,FORT,,1,1776624322.0544572,17.94,Game,1,Predictable,8.74,0,,,7,,,130,Sound,,,
0,FORT,,1,1776624322.0544572,17.95,Game,1,Predictable,8.75,0,,,7,,,130,Sound,,,
0,FORT,,1,1776624322.0544572,17.96,Game,1,Predictable,8.76,0,,,7,,,130,Sound,,,
0,FORT,,1,1776624322.0544572,17.97,Game,1,Predictable,8.77,0,,,7,,,130,Sound,,,
0,FORT,,1,1776624322.0544572,17.98,Game,1,Predictable,8.78,0,,,7,,,130,Sound,,,
0,FORT,,1,1776624322.0544572,17.99,Game,1,Predictable,8.79,0,,,7,,,130,Sound,,,
0,FORT,,1,1776624322.0544572,18.0,Game,1,Predictable,8.8,0,,,7,,,130,Sound,,,
0,FORT,,1,1776624322.0544572,18.01,Game,1,Predictable,8.81,0,,,7,,,130,Sound,,,
0,FORT,,1,1776624322.0544572,18.02,Game,1,Predictable,8.82,0,,,7,,,130,Sound,,,
0,FORT,,1,1776624322.0544572,18.03,Game,1,Predictable,8.83,0,,,7,,,130,Sound,,,
0,FORT,,1,1776624322.0544572,18.04,Game,1,Predictable,8.84,0,,,7,,,130,Sound,,,
0,FORT,,1,1776624322.0544572,18.05,Game,1,Predictable,8.85,0,,,7,,,130,Sound,,,
0,FORT,,1,1776624322.0544572,18.06,Game,1,Predictable,8.86,0,,,7,,,130,Sound,,,
0,FORT,,1,1776624322.0544572,18.07,Game,1,Predictable,8.87,0,,,7,,,130,Sound,,,
0,FORT,,1,1776624322.0544572,18.07,Game,1,Predictable,8.88,0,,,7,,,130,Sound,,,
0,FORT,,1,1776624322.0544572,18.08,Game,1,Predictable,8.88,0,,,7,,,130,Sound,,,
0,FORT,,1,1776624322.0544572,18.09,Game,1,Predictable,8.89,0,,,7,,,130,Sound,,,
0,FORT,,1,1776624322.0544572,18.1,Game,1,Predictable,8.9,0,,,7,,,130,Sound,,,
0,FORT,,1,1776624322.0544572,18.11,Game,1,Predictable,8.91,0,,,7,,,130,Sound,,,
0,FORT,,1,1776624322.0544572,18.12,Game,1,Predictable,8.92,0,,,7,,,130,Sound,,,
0,FORT,,1,1776624322.0544572,18.13,Game,1,Predictable,8.93,0,,,7,,,130,Sound,,,
0,FORT,,1,1776624322.0544572,18.14,Game,1,Predictable,8.94,0,,,7,,,130,Sound,,,
0,FORT,,1,1776624322.0544572,18.15,Game,1,Predictable,8.95,0,,,7,,,130,Sound,,,
0,FORT,,1,1776624322.0544572,18.16,Game,1,Predictable,8.96,0,,,7,,,130,Sound,,,
0,FORT,,1,1776624322.0544572,18.17,Game,1,Predictable,8.97,0,,,7,,,130,Sound,,,
0,FORT,,1,1776624322.0544572,18.18,Game,1,Predictable,8.98,0,,,7,,,130,Sound,,,
0,FORT,,1,1776624322.0544572,18.19,Game,1,Predictable,8.99,0,,,7,,,130,Sound,,,
0,FORT,,1,1776624322.0544572,18.2,Game,1,Predictable,9.0,0,,,7,,,130,Sound,,,
0,FORT,,1,1776624322.0544572,18.21,Game,1,Predictable,9.01,0,,,7,,,130,Sound,,,
0,FORT,,1,1776624322.0544572,18.22,Game,1,Predictable,9.02,0,,,7,,,130,Sound,,,
0,FORT,,1,1776624322.0544572,18.23,Game,1,Predictable,9.03,0,,,7,,,130,Sound,,,
0,FORT,,1,1776624322.0544572,18.23,Game,1,Predictable,9.04,0,,,7,,,130,Sound,,,
0,FORT,,1,1776624322.0544572,18.24,Game,1,Predictable,9.04,0,,,7,,,130,Sound,,,
0,FORT,,1,1776624322.0544572,18.25,Game,1,Predictable,9.05,0,,,7,,,130,Sound,,,
0,FORT,,1,1776624322.0544572,18.26,Game,1,Predictable,9.06,0,,,7,,,130,Sound,,,
0,FORT,,1,1776624322.0544572,18.27,Game,1,Predictable,9.07,0,,,7,,,130,Sound,,,
0,FORT,,1,1776624322.0544572,18.28,Game,1,Predictable,9.08,0,,,7,,,130,Sound,,,
0,FORT,,1,1776624322.0544572,18.28,Game,1,Predictable,9.09,0,,,7,,,130,Sound,,,
0,FORT,,1,1776624322.0544572,18.29,Game,1,Predictable,9.09,0,,,7,,,130,Sound,,,
0,FORT,,1,1776624322.0544572,18.3,Game,1,Predictable,9.1,0,,,7,,,130,Sound,,,
0,FORT,,1,1776624322.0544572,18.31,Game,1,Predictable,9.11,0,,,7,,,130,Sound,,,
0,FORT,,1,1776624322.0544572,18.32,Game,1,Predictable,9.12,0,,,7,,,130,Sound,,,
0,FORT,,1,1776624322.0544572,18.32,Game,1,Predictable,9.13,0,,,7,,,130,Sound,,,
0,FORT,,1,1776624322.0544572,18.33,Game,1,Predictable,9.13,0,,,7,,,130,Sound,,,
0,FORT,,1,1776624322.0544572,18.34,Game,1,Predictable,9.14,0,,,7,,,130,Sound,,,
0,FORT,,1,1776624322.0544572,18.35,Game,1,Predictable,9.15,0,,,7,,,130,Sound,,,
0,FORT,,1,1776624322.0544572,18.36,Game,1,Predictable,9.16,0,,,7,,,130,Sound,,,
0,FORT,,1,1776624322.0544572,18.37,Game,1,Predictable,9.17,0,,,7,,,130,Sound,,,
0,FORT,,1,1776624322.0544572,18.38,Game,1,Predictable,9.18,0,,,7,,,130,Sound,,,
0,FORT,,1,1776624322.0544572,18.39,Game,1,Predictable,9.19,0,,,7,,,130,Sound,,,
0,FORT,,1,1776624322.0544572,18.4,Game,1,Predictable,9.2,0,,,7,,,130,Sound,,,
0,FORT,,1,1776624322.0544572,18.41,Game,1,Predictable,9.21,0,,,7,,,130,Sound,,,
0,FORT,,1,1776624322.0544572,18.42,Game,1,Predictable,9.22,0,,,7,,,130,Sound,,,
0,FORT,,1,1776624322.0544572,18.43,Game,1,Predictable,9.23,0,,,7,,,130,Sound,,,
0,FORT,,1,1776624322.0544572,18.44,Game,1,Predictable,9.24,0,,,7,,,130,Sound,,,
0,FORT,,1,1776624322.0544572,18.45,Game,1,Predictable,9.25,0,,,7,,,130,Sound,,,
0,FORT,,1,1776624322.0544572,18.46,Game,1,Predictable,9.26,0,,,7,,,130,Sound,,,
0,FORT,,1,1776624322.0544572,18.47,Game,1,Predictable,9.27,0,,,7,,,130,Sound,,,
0,FORT,,1,1776624322.0544572,18.48,Game,1,Predictable,9.28,0,,,7,,,130,Sound,,,
0,FORT,,1,1776624322.0544572,18.48,Game,1,Predictable,9.29,0,,,7,,,130,Sound,,,
0,FORT,,1,1776624322.0544572,18.49,Game,1,Predictable,9.29,0,,,7,,,130,Sound,,,
0,FORT,,1,1776624322.0544572,18.5,Game,1,Predictable,9.3,0,,,7,,,130,Sound,,,
0,FORT,,1,1776624322.0544572,18.51,Game,1,Predictable,9.31,0,,,7,,,130,Sound,,,
0,FORT,,1,1776624322.0544572,18.52,Game,1,Predictable,9.32,0,,,7,,,130,Sound,,,
0,FORT,,1,1776624322.0544572,18.53,Game,1,Predictable,9.33,0,,,7,,,130,Sound,,,
0,FORT,,1,1776624322.0544572,18.53,Game,1,Predictable,9.34,0,,,7,,,130,Sound,,,
0,FORT,,1,1776624322.0544572,18.54,Game,1,Predictable,9.34,0,,,7,,,130,Sound,,,
0,FORT,,1,1776624322.0544572,18.55,Game,1,Predictable,9.35,0,,,7,,,130,Sound,,,
0,FORT,,1,1776624322.0544572,18.56,Game,1,Predictable,9.36,0,,,7,,,130,Sound,,,
0,FORT,,1,1776624322.0544572,18.57,Game,1,Predictable,9.37,0,,,7,,,130,Sound,,,
0,FORT,,1,1776624322.0544572,18.58,Game,1,Predictable,9.38,0,,,7,,,130,Sound,,,
0,FORT,,1,1776624322.0544572,18.59,Game,1,Predictable,9.39,0,,,7,,,130,Sound,,,
0,FORT,,1,1776624322.0544572,18.6,Game,1,Predictable,9.4,0,,,7,,,130,Sound,,,
0,FORT,,1,1776624322.0544572,18.61,Game,1,Predictable,9.41,0,,,7,,,130,Sound,,,
0,FORT,,1,1776624322.0544572,18.62,Game,1,Predictable,9.42,0,,,7,,,130,Sound,,,
0,FORT,,1,1776624322.0544572,18.63,Game,1,Predictable,9.43,0,,,7,,,130,Sound,,,
0,FORT,,1,1776624322.0544572,18.64,Game,1,Predictable,9.44,0,,,7,,,130,Sound,,,
0,FORT,,1,1776624322.0544572,18.65,Game,1,Predictable,9.45,0,,,7,,,130,Sound,,,
0,FORT,,1,1776624322.0544572,18.66,Game,1,Predictable,9.46,0,,,7,,,130,Sound,,,
0,FORT,,1,1776624322.0544572,18.67,Game,1,Predictable,9.47,0,,,7,,,130,Sound,,,
0,FORT,,1,1776624322.0544572,18.68,Game,1,Predictable,9.48,0,,,7,,,130,Sound,,,
0,FORT,,1,1776624322.0544572,18.69,Game,1,Predictable,9.49,0,,,7,,,130,Sound,,,
0,FORT,,1,1776624322.0544572,18.7,Game,1,Predictable,9.5,0,,,7,,,130,Sound,,,
0,FORT,,1,1776624322.0544572,18.71,Game,1,Predictable,9.51,0,,,7,,,130,Sound,,,
0,FORT,,1,1776624322.0544572,18.73,Game,1,Predictable,9.52,0,,,7,,,130,Sound,,,
0,FORT,,1,1776624322.0544572,18.75,Game,1,Predictable,9.54,0,,,7,,,130,Sound,,,
0,FORT,,1,1776624322.0544572,18.76,Game,1,Predictable,9.56,0,,,7,,,130,Sound,,,
0,FORT,,1,1776624322.0544572,18.77,Game,1,Predictable,9.57,0,,,7,,,130,Sound,,,
0,FORT,,1,1776624322.0544572,18.78,Game,1,Predictable,9.58,0,,,7,,,130,Sound,,,
0,FORT,,1,1776624322.0544572,18.79,Game,1,Predictable,9.59,0,,,7,,,130,Sound,,,
0,FORT,,1,1776624322.0544572,18.8,Game,1,Predictable,9.6,0,,,7,,,130,Sound,,,
0,FORT,,1,1776624322.0544572,18.81,Game,1,Predictable,9.61,0,,,7,,,130,Sound,,,
0,FORT,,1,1776624322.0544572,18.82,Game,1,Predictable,9.62,0,,,7,,,130,Sound,,,
0,FORT,,1,1776624322.0544572,18.83,Game,1,Predictable,9.63,0,,,7,,,130,Sound,,,
0,FORT,,1,1776624322.0544572,18.84,Game,1,Predictable,9.64,0,,,7,,,130,Sound,,,
0,FORT,,1,1776624322.0544572,18.85,Game,1,Predictable,9.65,0,,,7,,,130,Sound,,,
0,FORT,,1,1776624322.0544572,18.86,Game,1,Predictable,9.66,0,,,7,,,130,Sound,,,
0,FORT,,1,1776624322.0544572,18.87,Game,1,Predictable,9.67,0,,,7,,,130,Sound,,,
0,FORT,,1,1776624322.0544572,18.88,Game,1,Predictable,9.68,0,,,7,,,130,Sound,,,
0,FORT,,1,1776624322.0544572,18.89,Game,1,Predictable,9.69,0,,,7,,,130,Sound,,,
0,FORT,,1,1776624322.0544572,18.9,Game,1,Predictable,9.7,0,,,7,,,130,Sound,,,
0,FORT,,1,1776624322.0544572,18.91,Game,1,Predictable,9.71,0,,,7,,,130,Sound,,,
0,FORT,,1,1776624322.0544572,18.92,Game,1,Predictable,9.72,0,,,7,,,130,Sound,,,
0,FORT,,1,1776624322.0544572,18.93,Game,1,Predictable,9.73,0,,,7,,,130,Sound,,,
0,FORT,,1,1776624322.0544572,18.93,Game,1,Predictable,9.74,0,,,7,,,130,Sound,,,
0,FORT,,1,1776624322.0544572,18.94,Game,1,Predictable,9.74,0,,,7,,,130,Sound,,,
0,FORT,,1,1776624322.0544572,18.95,Game,1,Predictable,9.75,0,,,7,,,130,Sound,,,
0,FORT,,1,1776624322.0544572,18.96,Game,1,Predictable,9.76,0,,,7,,,130,Sound,,,
0,FORT,,1,1776624322.0544572,18.97,Game,1,Predictable,9.77,0,,,7,,,130,Sound,,,
0,FORT,,1,1776624322.0544572,18.98,Game,1,Predictable,9.78,0,,,7,,,130,Sound,,,
0,FORT,,1,1776624322.0544572,18.98,Game,1,Predictable,9.79,0,,,7,,,130,Sound,,,
0,FORT,,1,1776624322.0544572,18.99,Game,1,Predictable,9.79,0,,,7,,,130,Sound,,,
0,FORT,,1,1776624322.0544572,19.0,Game,1,Predictable,9.8,0,,,7,,,130,Sound,,,
0,FORT,,1,1776624322.0544572,19.01,Game,1,Predictable,9.81,0,,,7,,,130,Sound,,,
0,FORT,,1,1776624322.0544572,19.02,Game,1,Predictable,9.82,0,,,7,,,130,Sound,,,
0,FORT,,1,1776624322.0544572,19.03,Game,1,Predictable,9.83,0,,,7,,,130,Sound,,,
0,FORT,,1,1776624322.0544572,19.03,Game,1,Predictable,9.84,0,,,7,,,130,Sound,,,
0,FORT,,1,1776624322.0544572,19.04,Game,1,Predictable,9.84,0,,,7,,,130,Sound,,,
0,FORT,,1,1776624322.0544572,19.07,Game,1,Predictable,9.85,0,,,7,,,130,Sound,,,
0,FORT,,1,1776624322.0544572,19.08,Game,1,Predictable,9.88,0,,,7,,,130,Sound,,,
0,FORT,,1,1776624322.0544572,19.09,Game,1,Predictable,9.89,0,,,7,,,130,Sound,,,
0,FORT,,1,1776624322.0544572,19.1,Game,1,Predictable,9.9,0,,,7,,,130,Sound,,,
0,FORT,,1,1776624322.0544572,19.11,Game,1,Predictable,9.91,0,,,7,,,130,Sound,,,
0,FORT,,1,1776624322.0544572,19.12,Game,1,Predictable,9.92,0,,,7,,,130,Sound,,,
0,FORT,,1,1776624322.0544572,19.13,Game,1,Predictable,9.93,0,,,7,,,130,Sound,,,
0,FORT,,1,1776624322.0544572,19.13,Game,1,Predictable,9.94,0,,,7,,,130,Sound,,,
0,FORT,,1,1776624322.0544572,19.14,Game,1,Predictable,9.94,0,,,7,,,130,Sound,,,
0,FORT,,1,1776624322.0544572,19.17,Game,1,Predictable,9.95,0,,,7,,,130,Sound,,,
0,FORT,,1,1776624322.0544572,19.18,Game,1,Predictable,9.98,0,,,7,,,130,Sound,,,
0,FORT,,1,1776624322.0544572,19.19,Game,1,Predictable,9.99,0,,,7,,,130,Sound,,,
0,FORT,,1,1776624322.0544572,19.2,Game,1,Predictable,10.0,0,,,7,,,130,Sound,,,
0,FORT,,1,1776624322.0544572,19.21,Game,1,Predictable,10.01,0,,,7,,,130,Sound,,,
0,FORT,,1,1776624322.0544572,19.22,Game,1,Predictable,10.02,0,,,7,,,130,Sound,,,
0,FORT,,1,1776624322.0544572,19.23,Game,1,Predictable,10.03,0,,,7,,,130,Sound,,,
0,FORT,,1,1776624322.0544572,19.23,Game,1,Predictable,10.04,0,,,7,,,130,Sound,,,
0,FORT,,1,1776624322.0544572,19.24,Game,1,Predictable,10.04,0,,,7,,,130,Sound,,,
0,FORT,,1,1776624322.0544572,19.25,Game,1,Predictable,10.05,0,,,7,,,130,Sound,,,
0,FORT,,1,1776624322.0544572,19.26,Game,1,Predictable,10.06,0,,,7,,,130,Sound,,,
0,FORT,,1,1776624322.0544572,19.27,Game,1,Predictable,10.07,0,,,7,,,130,Sound,,,
0,FORT,,1,1776624322.0544572,19.28,Game,1,Predictable,10.08,0,,,7,,,130,Sound,,,
0,FORT,,1,1776624322.0544572,19.29,Game,1,Predictable,10.09,0,,,7,,,130,Sound,,,
0,FORT,,1,1776624322.0544572,19.3,Game,1,Predictable,10.1,0,,,7,,,130,Sound,,,
0,FORT,,1,1776624322.0544572,19.31,Game,1,Predictable,10.11,0,,,7,,,130,Sound,,,
0,FORT,,1,1776624322.0544572,19.32,Game,1,Predictable,10.12,0,,,7,,,130,Sound,,,
0,FORT,,1,1776624322.0544572,19.33,Game,1,Predictable,10.13,0,,,7,,,130,Sound,,,
0,FORT,,1,1776624322.0544572,19.33,Game,1,Predictable,10.14,0,,,7,,,130,Sound,,,
0,FORT,,1,1776624322.0544572,19.34,Game,1,Predictable,10.14,0,,,7,,,130,Sound,,,
0,FORT,,1,1776624322.0544572,19.35,Game,1,Predictable,10.15,0,,,7,,,130,Sound,,,
0,FORT,,1,1776624322.0544572,19.36,Game,1,Predictable,10.16,0,,,7,,,130,Sound,,,
0,FORT,,1,1776624322.0544572,19.37,Game,1,Predictable,10.17,0,,,7,,,130,Sound,,,
0,FORT,,1,1776624322.0544572,19.38,Game,1,Predictable,10.18,0,,,7,,,130,Sound,,,
0,FORT,,1,1776624322.0544572,19.38,Game,1,Predictable,10.19,0,,,7,,,130,Sound,,,
0,FORT,,1,1776624322.0544572,19.39,Game,1,Predictable,10.19,0,,,7,,,130,Sound,,,
0,FORT,,1,1776624322.0544572,19.4,Game,1,Predictable,10.2,0,,,7,,,130,Sound,,,
0,FORT,,1,1776624322.0544572,19.41,Game,1,Predictable,10.21,0,,,7,,,130,Sound,,,
0,FORT,,1,1776624322.0544572,19.42,Game,1,Predictable,10.22,0,,,7,,,130,Sound,,,
0,FORT,,1,1776624322.0544572,19.43,Game,1,Predictable,10.23,0,,,7,,,130,Sound,,,
0,FORT,,1,1776624322.0544572,19.43,Game,1,Predictable,10.24,0,,,7,,,130,Sound,,,
0,FORT,,1,1776624322.0544572,19.44,Game,1,Predictable,10.24,0,,,7,,,130,Sound,,,
0,FORT,,1,1776624322.0544572,19.45,Game,1,Predictable,10.25,0,,,7,,,130,Sound,,,
0,FORT,,1,1776624322.0544572,19.46,Game,1,Predictable,10.26,0,,,7,,,130,Sound,,,
0,FORT,,1,1776624322.0544572,19.47,Game,1,Predictable,10.27,0,,,7,,,130,Sound,,,
0,FORT,,1,1776624322.0544572,19.48,Game,1,Predictable,10.28,0,,,7,,,130,Sound,,,
0,FORT,,1,1776624322.0544572,19.48,Game,1,Predictable,10.29,0,,,7,,,130,Sound,,,
0,FORT,,1,1776624322.0544572,19.49,Game,1,Predictable,10.29,0,,,7,,,130,Sound,,,
0,FORT,,1,1776624322.0544572,19.5,Game,1,Predictable,10.3,0,,,7,,,130,Sound,,,
0,FORT,,1,1776624322.0544572,19.51,Game,1,Predictable,10.31,0,,,7,,,130,Sound,,,
0,FORT,,1,1776624322.0544572,19.52,Game,1,Predictable,10.32,0,,,7,,,130,Sound,,,
0,FORT,,1,1776624322.0544572,19.53,Game,1,Predictable,10.33,0,,,7,,,130,Sound,,,
0,FORT,,1,1776624322.0544572,19.53,Game,1,Predictable,10.34,0,,,7,,,130,Sound,,,
0,FORT,,1,1776624322.0544572,19.54,Game,1,Predictable,10.34,0,,,7,,,130,Sound,,,
0,FORT,,1,1776624322.0544572,19.55,Game,1,Predictable,10.35,0,,,7,,,130,Sound,,,
0,FORT,,1,1776624322.0544572,19.56,Game,1,Predictable,10.36,0,,,7,,,130,Sound,,,
0,FORT,,1,1776624322.0544572,19.57,Game,1,Predictable,10.37,0,,,7,,,130,Sound,,,
0,FORT,,1,1776624322.0544572,19.58,Game,1,Predictable,10.38,0,,,7,,,130,Sound,,,
0,FORT,,1,1776624322.0544572,19.59,Game,1,Predictable,10.39,0,,,7,,,130,Sound,,,
0,FORT,,1,1776624322.0544572,19.6,Game,1,Predictable,10.4,0,,,7,,,130,Sound,,,
0,FORT,,1,1776624322.0544572,19.61,Game,1,Predictable,10.41,0,,,7,,,130,Sound,,,
0,FORT,,1,1776624322.0544572,19.62,Game,1,Predictable,10.42,0,,,7,,,130,Sound,,,
0,FORT,,1,1776624322.0544572,19.63,Game,1,Predictable,10.43,0,,,7,,,130,Sound,,,
0,FORT,,1,1776624322.0544572,19.64,Game,1,Predictable,10.44,0,,,7,,,130,Sound,,,
0,FORT,,1,1776624322.0544572,19.65,Game,1,Predictable,10.45,0,,,7,,,130,Sound,,,
0,FORT,,1,1776624322.0544572,19.66,Game,1,Predictable,10.46,0,,,7,,,130,Sound,,,
0,FORT,,1,1776624322.0544572,19.67,Game,1,Predictable,10.47,0,,,7,,,130,Sound,,,
0,FORT,,1,1776624322.0544572,19.68,Game,1,Predictable,10.48,0,,,7,,,130,Sound,,,
0,FORT,,1,1776624322.0544572,19.68,Game,1,Predictable,10.49,0,,,7,,,130,Sound,,,
0,FORT,,1,1776624322.0544572,19.69,Game,1,Predictable,10.49,0,,,7,,,130,Sound,,,
0,FORT,,1,1776624322.0544572,19.7,Game,1,Predictable,10.5,0,,,7,,,130,Sound,,,
0,FORT,,1,1776624322.0544572,19.71,Game,1,Predictable,10.51,0,,,7,,,130,Sound,,,
0,FORT,,1,1776624322.0544572,19.72,Game,1,Predictable,10.52,0,,,7,,,130,Sound,,,
0,FORT,,1,1776624322.0544572,19.73,Game,1,Predictable,10.53,0,,,7,,,130,Sound,,,
0,FORT,,1,1776624322.0544572,19.73,Game,1,Predictable,10.54,0,,,7,,,130,Sound,,,
0,FORT,,1,1776624322.0544572,19.74,Game,1,Predictable,10.54,0,,,7,,,130,Sound,,,
0,FORT,,1,1776624322.0544572,19.75,Game,1,Predictable,10.55,0,,,7,,,130,Sound,,,
0,FORT,,1,1776624322.0544572,19.76,Game,1,Predictable,10.56,0,,,7,,,130,Sound,,,
0,FORT,,1,1776624322.0544572,19.77,Game,1,Predictable,10.57,0,,,7,,,130,Sound,,,
0,FORT,,1,1776624322.0544572,19.78,Game,1,Predictable,10.58,0,,,7,,,130,Sound,,,
0,FORT,,1,1776624322.0544572,19.79,Game,1,Predictable,10.59,0,,,7,,,130,Sound,,,
0,FORT,,1,1776624322.0544572,19.8,Game,1,Predictable,10.6,0,,,7,,,130,Sound,,,
0,FORT,,1,1776624322.0544572,19.81,Game,1,Predictable,10.61,0,,,7,,,130,Sound,,,
0,FORT,,1,1776624322.0544572,19.82,Game,1,Predictable,10.62,0,,,7,,,130,Sound,,,
0,FORT,,1,1776624322.0544572,19.83,Game,1,Predictable,10.63,0,,,7,,,130,Sound,,,
0,FORT,,1,1776624322.0544572,19.84,Game,1,Predictable,10.64,0,,,7,,,130,Sound,,,
0,FORT,,1,1776624322.0544572,19.85,Game,1,Predictable,10.65,0,,,7,,,130,Sound,,,
0,FORT,,1,1776624322.0544572,19.86,Game,1,Predictable,10.66,0,,,7,,,130,Sound,,,
0,FORT,,1,1776624322.0544572,19.87,Game,1,Predictable,10.67,0,,,7,,,130,Sound,,,
0,FORT,,1,1776624322.0544572,19.88,Game,1,Predictable,10.68,0,,,7,,,130,Sound,,,
0,FORT,,1,1776624322.0544572,19.88,Game,1,Predictable,10.69,0,,,7,,,130,Sound,,,
0,FORT,,1,1776624322.0544572,19.89,Game,1,Predictable,10.69,0,,,7,,,130,Sound,,,
0,FORT,,1,1776624322.0544572,19.92,Game,1,Predictable,10.7,0,,,7,,,130,Sound,,,
0,FORT,,1,1776624322.0544572,19.93,Game,1,Predictable,10.73,0,,,7,,,130,Sound,,,
0,FORT,,1,1776624322.0544572,19.94,Game,1,Predictable,10.74,0,,,7,,,130,Sound,,,
0,FORT,,1,1776624322.0544572,19.95,Game,1,Predictable,10.75,0,,,7,,,130,Sound,,,
0,FORT,,1,1776624322.0544572,19.96,Game,1,Predictable,10.76,0,,,7,,,130,Sound,,,
0,FORT,,1,1776624322.0544572,19.97,Game,1,Predictable,10.77,0,,,7,,,130,Sound,,,
0,FORT,,1,1776624322.0544572,19.98,Game,1,Predictable,10.78,0,,,7,,,130,Sound,,,
0,FORT,,1,1776624322.0544572,19.98,Game,1,Predictable,10.79,0,,,7,,,130,Sound,,,
0,FORT,,1,1776624322.0544572,19.99,Game,1,Predictable,10.79,0,,,7,,,130,Sound,,,
0,FORT,,1,1776624322.0544572,20.0,Game,1,Predictable,10.8,0,,,7,,,130,Sound,,,
0,FORT,,1,1776624322.0544572,20.01,Game,1,Predictable,10.81,0,,,7,,,130,Sound,,,
0,FORT,,1,1776624322.0544572,20.02,Game,1,Predictable,10.82,0,,,7,,,130,Sound,,,
0,FORT,,1,1776624322.0544572,20.03,Game,1,Predictable,10.83,0,,,7,,,130,Sound,,,
0,FORT,,1,1776624322.0544572,20.03,Game,1,Predictable,10.84,0,,,7,,,130,Sound,,,
0,FORT,,1,1776624322.0544572,20.04,Game,1,Predictable,10.84,0,,,7,,,130,Sound,,,
0,FORT,,1,1776624322.0544572,20.05,Game,1,Predictable,10.85,0,,,7,,,130,Sound,,,
0,FORT,,1,1776624322.0544572,20.06,Game,1,Predictable,10.86,0,,,7,,,130,Sound,,,
0,FORT,,1,1776624322.0544572,20.07,Game,1,Predictable,10.87,0,,,7,,,130,Sound,,,
0,FORT,,1,1776624322.0544572,20.08,Game,1,Predictable,10.88,0,,,7,,,130,Sound,,,
0,FORT,,1,1776624322.0544572,20.08,Game,1,Predictable,10.89,0,,,7,,,130,Sound,,,
0,FORT,,1,1776624322.0544572,20.09,Game,1,Predictable,10.89,0,,,7,,,130,Sound,,,
0,FORT,,1,1776624322.0544572,20.1,Game,1,Predictable,10.9,0,,,7,,,130,Sound,,,
0,FORT,,1,1776624322.0544572,20.11,Game,1,Predictable,10.91,0,,,7,,,130,Sound,,,
0,FORT,,1,1776624322.0544572,20.12,Game,1,Predictable,10.92,0,,,7,,,130,Sound,,,
0,FORT,,1,1776624322.0544572,20.13,Game,1,Predictable,10.93,0,,,7,,,130,Sound,,,
0,FORT,,1,1776624322.0544572,20.13,Game,1,Predictable,10.94,0,,,7,,,130,Sound,,,
0,FORT,,1,1776624322.0544572,20.14,Game,1,Predictable,10.94,0,,,7,,,130,Sound,,,
0,FORT,,1,1776624322.0544572,20.15,Game,1,Predictable,10.95,0,,,7,,,130,Sound,,,
0,FORT,,1,1776624322.0544572,20.16,Game,1,Predictable,10.96,0,,,7,,,130,Sound,,,
0,FORT,,1,1776624322.0544572,20.17,Game,1,Predictable,10.97,0,,,7,,,130,Sound,,,
0,FORT,,1,1776624322.0544572,20.18,Game,1,Predictable,10.98,0,,,7,,,130,Sound,,,
0,FORT,,1,1776624322.0544572,20.18,Game,1,Predictable,10.99,0,,,7,,,130,Sound,,,
0,FORT,,1,1776624322.0544572,20.19,Game,1,Predictable,10.99,0,,,7,,,130,Sound,,,
0,FORT,,1,1776624322.0544572,20.2,Game,1,Predictable,11.0,0,,,7,,,130,Sound,,,
0,FORT,,1,1776624322.0544572,20.21,Game,1,Predictable,11.01,0,,,7,,,130,Sound,,,
0,FORT,,1,1776624322.0544572,20.23,Game,1,Predictable,11.02,0,,,7,,,130,Sound,,,
0,FORT,,1,1776624322.0544572,20.25,Game,1,Predictable,11.04,0,,,7,,,130,Sound,,,
0,FORT,,1,1776624322.0544572,20.26,Game,1,Predictable,11.06,0,,,7,,,130,Sound,,,
0,FORT,,1,1776624322.0544572,20.27,Game,1,Predictable,11.07,0,,,7,,,130,Sound,,,
0,FORT,,1,1776624322.0544572,20.28,Game,1,Predictable,11.08,0,,,7,,,130,Sound,,,
0,FORT,,1,1776624322.0544572,20.29,Game,1,Predictable,11.09,0,,,7,,,130,Sound,,,
0,FORT,,1,1776624322.0544572,20.3,Game,1,Predictable,11.1,0,,,7,,,130,Sound,,,
0,FORT,,1,1776624322.0544572,20.32,Game,1,Predictable,11.11,0,,,7,,,130,Sound,,,
0,FORT,,1,1776624322.0544572,20.33,Game,1,Predictable,11.13,0,,,7,,,130,Sound,,,
0,FORT,,1,1776624322.0544572,20.35,Game,1,Predictable,11.14,0,,,7,,,130,Sound,,,
0,FORT,,1,1776624322.0544572,20.37,Game,1,Predictable,11.16,0,,,7,,,130,Sound,,,
0,FORT,,1,1776624322.0544572,20.38,Game,1,Predictable,11.18,0,,,7,,,130,Sound,,,
0,FORT,,1,1776624322.0544572,20.4,Game,1,Predictable,11.19,0,,,7,,,130,Sound,,,
0,FORT,,1,1776624322.0544572,20.42,Game,1,Predictable,11.21,0,,,7,,,130,Sound,,,
0,FORT,,1,1776624322.0544572,20.43,Game,1,Predictable,11.23,0,,,7,,,130,Sound,,,
0,FORT,,1,1776624322.0544572,20.44,Game,1,Predictable,11.24,0,,,7,,,130,Sound,,,
0,FORT,,1,1776624322.0544572,20.45,Game,1,Predictable,11.25,0,,,7,,,130,Sound,,,
0,FORT,,1,1776624322.0544572,20.46,Game,1,Predictable,11.26,0,,,7,,,130,Sound,,,
0,FORT,,1,1776624322.0544572,20.47,Game,1,Predictable,11.27,0,,,7,,,130,Sound,,,
0,FORT,,1,1776624322.0544572,20.48,Game,1,Predictable,11.28,0,,,7,,,130,Sound,,,
0,FORT,,1,1776624322.0544572,20.49,Game,1,Predictable,11.29,0,,,7,,,130,Sound,,,
0,FORT,,1,1776624322.0544572,20.52,Game,1,Predictable,11.3,0,,,7,,,130,Sound,,,
0,FORT,,1,1776624322.0544572,20.53,Game,1,Predictable,11.33,0,,,7,,,130,Sound,,,
0,FORT,,1,1776624322.0544572,20.54,Game,1,Predictable,11.34,0,,,7,,,130,Sound,,,
0,FORT,,1,1776624322.0544572,20.57,Game,1,Predictable,11.35,0,,,7,,,130,Sound,,,
0,FORT,,1,1776624322.0544572,20.58,Game,1,Predictable,11.38,0,,,7,,,130,Sound,,,
0,FORT,,1,1776624322.0544572,20.59,Game,1,Predictable,11.39,0,,,7,,,130,Sound,,,
0,FORT,,1,1776624322.0544572,20.6,Game,1,Predictable,11.4,0,,,7,,,130,Sound,,,
0,FORT,,1,1776624322.0544572,20.62,Game,1,Predictable,11.41,0,,,7,,,130,Sound,,,
0,FORT,,1,1776624322.0544572,20.63,Game,1,Predictable,11.43,0,,,7,,,130,Sound,,,
0,FORT,,1,1776624322.0544572,20.65,Game,1,Predictable,11.44,0,,,7,,,130,Sound,,,
0,FORT,,1,1776624322.0544572,20.67,Game,1,Predictable,11.46,0,,,7,,,130,Sound,,,
0,FORT,,1,1776624322.0544572,20.68,Game,1,Predictable,11.48,0,,,7,,,130,Sound,,,
0,FORT,,1,1776624322.0544572,20.7,Game,1,Predictable,11.49,0,,,7,,,130,Sound,,,
0,FORT,,1,1776624322.0544572,20.72,Game,1,Predictable,11.51,0,,,7,,,130,Sound,,,
0,FORT,,1,1776624322.0544572,20.73,Game,1,Predictable,11.53,0,,,7,,,130,Sound,,,
0,FORT,,1,1776624322.0544572,20.74,Game,1,Predictable,11.54,0,,,7,,,130,Sound,,,
0,FORT,,1,1776624322.0544572,20.75,Game,1,Predictable,11.55,0,,,7,,,130,Sound,,,
0,FORT,,1,1776624322.0544572,20.76,Game,1,Predictable,11.56,0,,,7,,,130,Sound,,,
0,FORT,,1,1776624322.0544572,20.77,Game,1,Predictable,11.57,0,,,7,,,130,Sound,,,
0,FORT,,1,1776624322.0544572,20.78,Game,1,Predictable,11.58,0,,,7,,,130,Sound,,,
0,FORT,,1,1776624322.0544572,20.79,Game,1,Predictable,11.6,0,,,7,,,130,Sound,,,
0,FORT,,1,1776624322.0544572,20.8,Game,1,Predictable,11.61,0,,,7,,,130,Sound,,,
0,FORT,,1,1776624322.0544572,20.82,Game,1,Predictable,11.61,0,,,7,,,130,Sound,,,
0,FORT,,1,1776624322.0544572,20.83,Game,1,Predictable,11.63,0,,,7,,,130,Sound,,,
0,FORT,,1,1776624322.0544572,20.84,Game,1,Predictable,11.64,0,,,7,,,130,Sound,,,
0,FORT,,1,1776624322.0544572,20.85,Game,1,Predictable,11.65,0,,,7,,,130,Sound,,,
0,FORT,,1,1776624322.0544572,20.86,Game,1,Predictable,11.66,0,,,7,,,130,Sound,,,
0,FORT,,1,1776624322.0544572,20.87,Game,1,Predictable,11.67,0,,,7,,,130,Sound,,,
0,FORT,,1,1776624322.0544572,20.88,Game,1,Predictable,11.68,0,,,7,,,130,Sound,,,
0,FORT,,1,1776624322.0544572,20.89,Game,1,Predictable,11.69,0,,,7,,,130,Sound,,,
0,FORT,,1,1776624322.0544572,20.9,Game,1,Predictable,11.7,0,,,7,,,130,Sound,,,
0,FORT,,1,1776624322.0544572,20.92,Game,1,Predictable,11.71,0,,,7,,,130,Sound,,,
0,FORT,,1,1776624322.0544572,20.93,Game,1,Predictable,11.73,0,,,7,,,130,Sound,,,
0,FORT,,1,1776624322.0544572,20.95,Game,1,Predictable,11.74,0,,,7,,,130,Sound,,,
0,FORT,,1,1776624322.0544572,20.97,Game,1,Predictable,11.76,0,,,7,,,130,Sound,,,
0,FORT,,1,1776624322.0544572,20.98,Game,1,Predictable,11.78,0,,,7,,,130,Sound,,,
0,FORT,,1,1776624322.0544572,20.99,Game,1,Predictable,11.79,0,,,7,,,130,Sound,,,
0,FORT,,1,1776624322.0544572,21.0,Game,1,Predictable,11.8,0,,,7,,,130,Sound,,,
0,FORT,,1,1776624322.0544572,21.01,Game,1,Predictable,11.81,0,,,7,,,130,Sound,,,
0,FORT,,1,1776624322.0544572,21.03,Game,1,Predictable,11.82,0,,,7,,,130,Sound,,,
0,FORT,,1,1776624322.0544572,21.05,Game,1,Predictable,11.84,0,,,7,,,130,Sound,,,
0,FORT,,1,1776624322.0544572,21.06,Game,1,Predictable,11.86,0,,,7,,,130,Sound,,,
0,FORT,,1,1776624322.0544572,21.07,Game,1,Predictable,11.87,0,,,7,,,130,Sound,,,
0,FORT,,1,1776624322.0544572,21.08,Game,1,Predictable,11.88,0,,,7,,,130,Sound,,,
0,FORT,,1,1776624322.0544572,21.09,Game,1,Predictable,11.89,0,,,7,,,130,Sound,,,
0,FORT,,1,1776624322.0544572,21.12,Game,1,Predictable,11.9,0,,,7,,,130,Sound,,,
0,FORT,,1,1776624322.0544572,21.13,Game,1,Predictable,11.93,0,,,7,,,130,Sound,,,
0,FORT,,1,1776624322.0544572,21.14,Game,1,Predictable,11.94,0,,,7,,,130,Sound,,,
0,FORT,,1,1776624322.0544572,21.15,Game,1,Predictable,11.95,0,,,7,,,130,Sound,,,
0,FORT,,1,1776624322.0544572,21.17,Game,1,Predictable,11.96,0,,,7,,,130,Sound,,,
0,FORT,,1,1776624322.0544572,21.18,Game,1,Predictable,11.98,0,,,7,,,130,Sound,,,
0,FORT,,1,1776624322.0544572,21.18,Game,1,Predictable,11.99,0,,,7,,,130,Sound,,,
0,FORT,,1,1776624322.0544572,21.19,Game,1,Predictable,11.99,0,,,7,,,130,Sound,,,
0,FORT,,1,1776624322.0544572,21.22,Game,1,Predictable,12.0,0,,,7,,,130,Sound,,,
0,FORT,,1,1776624322.0544572,21.23,Game,1,Predictable,12.03,0,,,7,,,130,Sound,,,
0,FORT,,1,1776624322.0544572,21.24,Game,1,Predictable,12.04,0,,,7,,,130,Sound,,,
0,FORT,,1,1776624322.0544572,21.27,Game,1,Predictable,12.05,0,,,7,,,130,Sound,,,
0,FORT,,1,1776624322.0544572,21.28,Game,1,Predictable,12.08,0,,,7,,,130,Sound,,,
0,FORT,,1,1776624322.0544572,21.29,Game,1,Predictable,12.09,0,,,7,,,130,Sound,,,
0,FORT,,1,1776624322.0544572,21.3,Game,1,Predictable,12.1,0,,,7,,,130,Sound,,,
0,FORT,,1,1776624322.0544572,21.32,Game,1,Predictable,12.11,0,,,7,,,130,Sound,,,
0,FORT,,1,1776624322.0544572,21.33,Game,1,Predictable,12.13,0,,,7,,,130,Sound,,,
0,FORT,,1,1776624322.0544572,21.35,Game,1,Predictable,12.14,0,,,7,,,130,Sound,,,
0,FORT,,1,1776624322.0544572,21.37,Game,1,Predictable,12.16,0,,,7,,,130,Sound,,,
0,FORT,,1,1776624322.0544572,21.38,Game,1,Predictable,12.18,0,,,7,,,130,Sound,,,
0,FORT,,1,1776624322.0544572,21.39,Game,1,Predictable,12.19,0,,,7,,,130,Sound,,,
0,FORT,,1,1776624322.0544572,21.4,Game,1,Predictable,12.2,0,,,7,,,130,Sound,,,
0,FORT,,1,1776624322.0544572,21.41,Game,1,Predictable,12.21,0,,,7,,,130,Sound,,,
0,FORT,,1,1776624322.0544572,21.43,Game,1,Predictable,12.22,0,,,7,,,130,Sound,,,
0,FORT,,1,1776624322.0544572,21.45,Game,1,Predictable,12.24,0,,,7,,,130,Sound,,,
0,FORT,,1,1776624322.0544572,21.46,Game,1,Predictable,12.26,0,,,7,,,130,Sound,,,
0,FORT,,1,1776624322.0544572,21.47,Game,1,Predictable,12.27,0,,,7,,,130,Sound,,,
0,FORT,,1,1776624322.0544572,21.48,Game,1,Predictable,12.28,0,,,7,,,130,Sound,,,
0,FORT,,1,1776624322.0544572,21.49,Game,1,Predictable,12.29,0,,,7,,,130,Sound,,,
0,FORT,,1,1776624322.0544572,21.52,Game,1,Predictable,12.3,0,,,7,,,130,Sound,,,
0,FORT,,1,1776624322.0544572,21.53,Game,1,Predictable,12.33,0,,,7,,,130,Sound,,,
0,FORT,,1,1776624322.0544572,21.54,Game,1,Predictable,12.34,0,,,7,,,130,Sound,,,
0,FORT,,1,1776624322.0544572,21.57,Game,1,Predictable,12.35,0,,,7,,,130,Sound,,,
0,FORT,,1,1776624322.0544572,21.58,Game,1,Predictable,12.38,0,,,7,,,130,Sound,,,
0,FORT,,1,1776624322.0544572,21.59,Game,1,Predictable,12.39,0,,,7,,,130,Sound,,,
0,FORT,,1,1776624322.0544572,21.6,Game,1,Predictable,12.4,0,,,7,,,130,Sound,,,
0,FORT,,1,1776624322.0544572,21.62,Game,1,Predictable,12.41,0,,,7,,,130,Sound,,,
0,FORT,,1,1776624322.0544572,21.63,Game,1,Predictable,12.43,0,,,7,,,130,Sound,,,
0,FORT,,1,1776624322.0544572,21.64,Game,1,Predictable,12.44,0,,,7,,,130,Sound,,,
0,FORT,,1,1776624322.0544572,21.65,Game,1,Predictable,12.45,0,,,7,,,130,Sound,,,
0,FORT,,1,1776624322.0544572,21.66,Game,1,Predictable,12.46,0,,,7,,,130,Sound,,,
0,FORT,,1,1776624322.0544572,21.67,Game,1,Predictable,12.47,0,,,7,,,130,Sound,,,
0,FORT,,1,1776624322.0544572,21.68,Game,1,Predictable,12.48,0,,,7,,,130,Sound,,,
0,FORT,,1,1776624322.0544572,21.69,Game,1,Predictable,12.49,0,,,7,,,130,Sound,,,
0,FORT,,1,1776624322.0544572,21.7,Game,1,Predictable,12.5,0,,,7,,,130,Sound,,,
0,FORT,,1,1776624322.0544572,21.72,Game,1,Predictable,12.51,0,,,7,,,130,Sound,,,
0,FORT,,1,1776624322.0544572,21.73,Game,1,Predictable,12.53,0,,,7,,,130,Sound,,,
0,FORT,,1,1776624322.0544572,21.74,Game,1,Predictable,12.54,0,,,7,,,130,Sound,,,
0,FORT,,1,1776624322.0544572,21.75,Game,1,Predictable,12.55,0,,,7,,,130,Sound,,,
0,FORT,,1,1776624322.0544572,21.76,Game,1,Predictable,12.56,0,,,7,,,130,Sound,,,
0,FORT,,1,1776624322.0544572,21.77,Game,1,Predictable,12.57,0,,,7,,,130,Sound,,,
0,FORT,,1,1776624322.0544572,21.78,Game,1,Predictable,12.58,0,,,7,,,130,Sound,,,
0,FORT,,1,1776624322.0544572,21.79,Game,1,Predictable,12.59,0,,,7,,,130,Sound,,,
0,FORT,,1,1776624322.0544572,21.8,Game,1,Predictable,12.6,0,,,7,,,130,Sound,,,
0,FORT,,1,1776624322.0544572,21.82,Game,1,Predictable,12.61,0,,,7,,,130,Sound,,,
0,FORT,,1,1776624322.0544572,21.83,Game,1,Predictable,12.63,0,,,7,,,130,Sound,,,
0,FORT,,1,1776624322.0544572,21.84,Game,1,Predictable,12.64,0,,,7,,,130,Sound,,,
0,FORT,,1,1776624322.0544572,21.85,Game,1,Predictable,12.65,0,,,7,,,130,Sound,,,
0,FORT,,1,1776624322.0544572,21.86,Game,1,Predictable,12.66,0,,,7,,,130,Sound,,,
0,FORT,,1,1776624322.0544572,21.87,Game,1,Predictable,12.67,0,,,7,,,130,Sound,,,
0,FORT,,1,1776624322.0544572,21.88,Game,1,Predictable,12.68,0,,,7,,,130,Sound,,,
0,FORT,,1,1776624322.0544572,21.89,Game,1,Predictable,12.69,0,,,7,,,130,Sound,,,
0,FORT,,1,1776624322.0544572,21.9,Game,1,Predictable,12.7,0,,,7,,,130,Sound,,,
0,FORT,,1,1776624322.0544572,21.92,Game,1,Predictable,12.71,0,,,7,,,130,Sound,,,
0,FORT,,1,1776624322.0544572,21.93,Game,1,Predictable,12.73,0,,,7,,,130,Sound,,,
0,FORT,,1,1776624322.0544572,21.94,Game,1,Predictable,12.74,0,,,7,,,130,Sound,,,
0,FORT,,1,1776624322.0544572,21.95,Game,1,Predictable,12.75,0,,,7,,,130,Sound,,,
0,FORT,,1,1776624322.0544572,21.96,Game,1,Predictable,12.76,0,,,7,,,130,Sound,,,
0,FORT,,1,1776624322.0544572,21.97,Game,1,Predictable,12.77,0,,,7,,,130,Sound,,,
0,FORT,,1,1776624322.0544572,21.98,Game,1,Predictable,12.78,0,,,7,,,130,Sound,,,
0,FORT,,1,1776624322.0544572,21.99,Game,1,Predictable,12.79,0,,,7,,,130,Sound,,,
0,FORT,,1,1776624322.0544572,22.0,Game,1,Predictable,12.8,0,,,7,,,130,Sound,,,
0,FORT,,1,1776624322.0544572,22.02,Game,1,Predictable,12.81,0,,,7,,,130,Sound,,,
0,FORT,,1,1776624322.0544572,22.03,Game,1,Predictable,12.83,0,,,7,,,130,Sound,,,
0,FORT,,1,1776624322.0544572,22.04,Game,1,Predictable,12.84,0,,,7,,,130,Sound,,,
0,FORT,,1,1776624322.0544572,22.05,Game,1,Predictable,12.85,0,,,7,,,130,Sound,,,
0,FORT,,1,1776624322.0544572,22.06,Game,1,Predictable,12.86,0,,,7,,,130,Sound,,,
0,FORT,,1,1776624322.0544572,22.07,Game,1,Predictable,12.87,0,,,7,,,130,Sound,,,
0,FORT,,1,1776624322.0544572,22.08,Game,1,Predictable,12.88,0,,,7,,,130,Sound,,,
0,FORT,,1,1776624322.0544572,22.09,Game,1,Predictable,12.89,0,,,7,,,130,Sound,,,
0,FORT,,1,1776624322.0544572,22.1,Game,1,Predictable,12.9,0,,,7,,,130,Sound,,,
0,FORT,,1,1776624322.0544572,22.12,Game,1,Predictable,12.91,0,,,7,,,130,Sound,,,
0,FORT,,1,1776624322.0544572,22.13,Game,1,Predictable,12.93,0,,,7,,,130,Sound,,,
0,FORT,,1,1776624322.0544572,22.14,Game,1,Predictable,12.94,0,,,7,,,130,Sound,,,
0,FORT,,1,1776624322.0544572,22.15,Game,1,Predictable,12.95,0,,,7,,,130,Sound,,,
0,FORT,,1,1776624322.0544572,22.16,Game,1,Predictable,12.96,0,,,7,,,130,Sound,,,
0,FORT,,1,1776624322.0544572,22.17,Game,1,Predictable,12.97,0,,,7,,,130,Sound,,,
0,FORT,,1,1776624322.0544572,22.18,Game,1,Predictable,12.98,0,,,7,,,130,Sound,,,
0,FORT,,1,1776624322.0544572,22.19,Game,1,Predictable,12.99,0,,,7,,,130,Sound,,,
0,FORT,,1,1776624322.0544572,22.2,Game,1,Predictable,13.0,0,,,7,,,130,Sound,,,
0,FORT,,1,1776624322.0544572,22.22,Game,1,Predictable,13.01,0,,,7,,,130,Sound,,,
0,FORT,,1,1776624322.0544572,22.23,Game,1,Predictable,13.03,0,,,7,,,130,Sound,,,
0,FORT,,1,1776624322.0544572,22.24,Game,1,Predictable,13.04,0,,,7,,,130,Sound,,,
0,FORT,,1,1776624322.0544572,22.25,Game,1,Predictable,13.05,0,,,7,,,130,Sound,,,
0,FORT,,1,1776624322.0544572,22.26,Game,1,Predictable,13.06,0,,,7,,,130,Sound,,,
0,FORT,,1,1776624322.0544572,22.27,Game,1,Predictable,13.07,0,,,7,,,130,Sound,,,
0,FORT,,1,1776624322.0544572,22.28,Game,1,Predictable,13.08,0,,,7,,,130,Sound,,,
0,FORT,,1,1776624322.0544572,22.29,Game,1,Predictable,13.09,0,,,7,,,130,Sound,,,
0,FORT,,1,1776624322.0544572,22.3,Game,1,Predictable,13.1,0,,,7,,,130,Sound,,,
0,FORT,,1,1776624322.0544572,22.32,Game,1,Predictable,13.11,0,,,7,,,130,Sound,,,
0,FORT,,1,1776624322.0544572,22.33,Game,1,Predictable,13.13,0,,,7,,,130,Sound,,,
0,FORT,,1,1776624322.0544572,22.34,Game,1,Predictable,13.14,0,,,7,,,130,Sound,,,
0,FORT,,1,1776624322.0544572,22.35,Game,1,Predictable,13.15,0,,,7,,,130,Sound,,,
0,FORT,,1,1776624322.0544572,22.36,Game,1,Predictable,13.16,0,,,7,,,130,Sound,,,
0,FORT,,1,1776624322.0544572,22.37,Game,1,Predictable,13.17,0,,,7,,,130,Sound,,,
0,FORT,,1,1776624322.0544572,22.38,Game,1,Predictable,13.18,0,,,7,,,130,Sound,,,
0,FORT,,1,1776624322.0544572,22.39,Game,1,Predictable,13.19,0,,,7,,,130,Sound,,,
0,FORT,,1,1776624322.0544572,22.4,Game,1,Predictable,13.2,0,,,7,,,130,Sound,,,
0,FORT,,1,1776624322.0544572,22.42,Game,1,Predictable,13.21,0,,,7,,,130,Sound,,,
0,FORT,,1,1776624322.0544572,22.43,Game,1,Predictable,13.23,0,,,7,,,130,Sound,,,
0,FORT,,1,1776624322.0544572,22.44,Game,1,Predictable,13.24,0,,,7,,,130,Sound,,,
0,FORT,,1,1776624322.0544572,22.45,Game,1,Predictable,13.25,0,,,7,,,130,Sound,,,
0,FORT,,1,1776624322.0544572,22.46,Game,1,Predictable,13.26,0,,,7,,,130,Sound,,,
0,FORT,,1,1776624322.0544572,22.47,Game,1,Predictable,13.27,0,,,7,,,130,Sound,,,
0,FORT,,1,1776624322.0544572,22.48,Game,1,Predictable,13.28,0,,,7,,,130,Sound,,,
0,FORT,,1,1776624322.0544572,22.49,Game,1,Predictable,13.29,0,,,7,,,130,Sound,,,
0,FORT,,1,1776624322.0544572,22.5,Game,1,Predictable,13.3,0,,,7,,,130,Sound,,,
0,FORT,,1,1776624322.0544572,22.52,Game,1,Predictable,13.31,0,,,7,,,130,Sound,,,
0,FORT,,1,1776624322.0544572,22.53,Game,1,Predictable,13.33,0,,,7,,,130,Sound,,,
0,FORT,,1,1776624322.0544572,22.54,Game,1,Predictable,13.34,0,,,7,,,130,Sound,,,
0,FORT,,1,1776624322.0544572,22.55,Game,1,Predictable,13.35,0,,,7,,,130,Sound,,,
0,FORT,,1,1776624322.0544572,22.56,Game,1,Predictable,13.36,0,,,7,,,130,Sound,,,
0,FORT,,1,1776624322.0544572,22.57,Game,1,Predictable,13.37,0,,,7,,,130,Sound,,,
0,FORT,,1,1776624322.0544572,22.58,Game,1,Predictable,13.38,0,,,7,,,130,Sound,,,
0,FORT,,1,1776624322.0544572,22.59,Game,1,Predictable,13.39,0,,,7,,,130,Sound,,,
0,FORT,,1,1776624322.0544572,22.6,Game,1,Predictable,13.4,0,,,7,,,130,Sound,,,
0,FORT,,1,1776624322.0544572,22.62,Game,1,Predictable,13.41,0,,,7,,,130,Sound,,,
0,FORT,,1,1776624322.0544572,22.63,Game,1,Predictable,13.43,0,,,7,,,130,Sound,,,
0,FORT,,1,1776624322.0544572,22.64,Game,1,Predictable,13.44,0,,,7,,,130,Sound,,,
0,FORT,,1,1776624322.0544572,22.65,Game,1,Predictable,13.45,0,,,7,,,130,Sound,,,
0,FORT,,1,1776624322.0544572,22.66,Game,1,Predictable,13.46,0,,,7,,,130,Sound,,,
0,FORT,,1,1776624322.0544572,22.67,Game,1,Predictable,13.47,0,,,7,,,130,Sound,,,
0,FORT,,1,1776624322.0544572,22.68,Game,1,Predictable,13.48,0,,,7,,,130,Sound,,,
0,FORT,,1,1776624322.0544572,22.69,Game,1,Predictable,13.49,0,,,7,,,130,Sound,,,
0,FORT,,1,1776624322.0544572,22.7,Game,1,Predictable,13.5,0,,,7,,,130,Sound,,,
0,FORT,,1,1776624322.0544572,22.72,Game,1,Predictable,13.51,0,,,7,,,130,Sound,,,
0,FORT,,1,1776624322.0544572,22.73,Game,1,Predictable,13.53,0,,,7,,,130,Sound,,,
0,FORT,,1,1776624322.0544572,22.74,Game,1,Predictable,13.54,0,,,7,,,130,Sound,,,
0,FORT,,1,1776624322.0544572,22.75,Game,1,Predictable,13.55,0,,,7,,,130,Sound,,,
0,FORT,,1,1776624322.0544572,22.76,Game,1,Predictable,13.56,0,,,7,,,130,Sound,,,
0,FORT,,1,1776624322.0544572,22.77,Game,1,Predictable,13.57,0,,,7,,,130,Sound,,,
0,FORT,,1,1776624322.0544572,22.78,Game,1,Predictable,13.58,0,,,7,,,130,Sound,,,
0,FORT,,1,1776624322.0544572,22.79,Game,1,Predictable,13.59,0,,,7,,,130,Sound,,,
0,FORT,,1,1776624322.0544572,22.8,Game,1,Predictable,13.6,0,,,7,,,130,Sound,,,
0,FORT,,1,1776624322.0544572,22.82,Game,1,Predictable,13.61,0,,,7,,,130,Sound,,,
0,FORT,,1,1776624322.0544572,22.83,Game,1,Predictable,13.63,0,,,7,,,130,Sound,,,
0,FORT,,1,1776624322.0544572,22.84,Game,1,Predictable,13.64,0,,,7,,,130,Sound,,,
0,FORT,,1,1776624322.0544572,22.85,Game,1,Predictable,13.65,0,,,7,,,130,Sound,,,
0,FORT,,1,1776624322.0544572,22.86,Game,1,Predictable,13.66,0,,,7,,,130,Sound,,,
0,FORT,,1,1776624322.0544572,22.87,Game,1,Predictable,13.67,0,,,7,,,130,Sound,,,
0,FORT,,1,1776624322.0544572,22.88,Game,1,Predictable,13.68,0,,,7,,,130,Sound,,,
0,FORT,,1,1776624322.0544572,22.89,Game,1,Predictable,13.69,0,,,7,,,130,Sound,,,
0,FORT,,1,1776624322.0544572,22.9,Game,1,Predictable,13.7,0,,,7,,,130,Sound,,,
0,FORT,,1,1776624322.0544572,22.92,Game,1,Predictable,13.71,0,,,7,,,130,Sound,,,
0,FORT,,1,1776624322.0544572,22.93,Game,1,Predictable,13.73,0,,,7,,,130,Sound,,,
0,FORT,,1,1776624322.0544572,22.94,Game,1,Predictable,13.74,0,,,7,,,130,Sound,,,
0,FORT,,1,1776624322.0544572,22.95,Game,1,Predictable,13.75,0,,,7,,,130,Sound,,,
0,FORT,,1,1776624322.0544572,22.96,Game,1,Predictable,13.76,0,,,7,,,130,Sound,,,
0,FORT,,1,1776624322.0544572,22.97,Game,1,Predictable,13.77,0,,,7,,,130,Sound,,,
0,FORT,,1,1776624322.0544572,22.98,Game,1,Predictable,13.78,0,,,7,,,130,Sound,,,
0,FORT,,1,1776624322.0544572,22.99,Game,1,Predictable,13.79,0,,,7,,,130,Sound,,,
0,FORT,,1,1776624322.0544572,23.0,Game,1,Predictable,13.8,0,,,7,,,130,Sound,,,
0,FORT,,1,1776624322.0544572,23.02,Game,1,Predictable,13.81,0,,,7,,,130,Sound,,,
0,FORT,,1,1776624322.0544572,23.03,Game,1,Predictable,13.83,0,,,7,,,130,Sound,,,
0,FORT,,1,1776624322.0544572,23.04,Game,1,Predictable,13.84,0,,,7,,,130,Sound,,,
0,FORT,,1,1776624322.0544572,23.05,Game,1,Predictable,13.85,0,,,7,,,130,Sound,,,
0,FORT,,1,1776624322.0544572,23.06,Game,1,Predictable,13.86,0,,,7,,,130,Sound,,,
0,FORT,,1,1776624322.0544572,23.07,Game,1,Predictable,13.87,0,,,7,,,130,Sound,,,
0,FORT,,1,1776624322.0544572,23.08,Game,1,Predictable,13.88,0,,,7,,,130,Sound,,,
0,FORT,,1,1776624322.0544572,23.09,Game,1,Predictable,13.89,0,,,7,,,130,Sound,,,
0,FORT,,1,1776624322.0544572,23.1,Game,1,Predictable,13.9,0,,,7,,,130,Sound,,,
0,FORT,,1,1776624322.0544572,23.12,Game,1,Predictable,13.91,0,,,7,,,130,Sound,,,
0,FORT,,1,1776624322.0544572,23.13,Game,1,Predictable,13.93,0,,,7,,,130,Sound,,,
0,FORT,,1,1776624322.0544572,23.14,Game,1,Predictable,13.94,0,,,7,,,130,Sound,,,
0,FORT,,1,1776624322.0544572,23.15,Game,1,Predictable,13.95,0,,,7,,,130,Sound,,,
0,FORT,,1,1776624322.0544572,23.16,Game,1,Predictable,13.96,0,,,7,,,130,Sound,,,
0,FORT,,1,1776624322.0544572,23.17,Game,1,Predictable,13.97,0,,,7,,,130,Sound,,,
0,FORT,,1,1776624322.0544572,23.18,Game,1,Predictable,13.98,0,,,7,,,130,Sound,,,
0,FORT,,1,1776624322.0544572,23.19,Game,1,Predictable,13.99,0,,,7,,,130,Sound,,,
0,FORT,,1,1776624322.0544572,23.2,Game,1,Predictable,14.0,0,,,7,,,130,Sound,,,
0,FORT,,1,1776624322.0544572,23.22,Game,1,Predictable,14.01,0,,,7,,,130,Sound,,,
0,FORT,,1,1776624322.0544572,23.23,Game,1,Predictable,14.03,0,,,7,,,130,Sound,,,
0,FORT,,1,1776624322.0544572,23.24,Game,1,Predictable,14.04,0,,,7,,,130,Sound,,,
0,FORT,,1,1776624322.0544572,23.25,Game,1,Predictable,14.05,0,,,7,,,130,Sound,,,
0,FORT,,1,1776624322.0544572,23.26,Game,1,Predictable,14.06,0,,,7,,,130,Sound,,,
0,FORT,,1,1776624322.0544572,23.27,Game,1,Predictable,14.07,0,,,7,,,130,Sound,,,
0,FORT,,1,1776624322.0544572,23.28,Game,1,Predictable,14.08,0,,,7,,,130,Sound,,,
0,FORT,,1,1776624322.0544572,23.29,Game,1,Predictable,14.09,0,,,7,,,130,Sound,,,
0,FORT,,1,1776624322.0544572,23.3,Game,1,Predictable,14.1,0,,,7,,,130,Sound,,,
0,FORT,,1,1776624322.0544572,23.32,Game,1,Predictable,14.11,0,,,7,,,130,Sound,,,
0,FORT,,1,1776624322.0544572,23.33,Game,1,Predictable,14.13,0,,,7,,,130,Sound,,,
0,FORT,,1,1776624322.0544572,23.34,Game,1,Predictable,14.14,0,,,7,,,130,Sound,,,
0,FORT,,1,1776624322.0544572,23.35,Game,1,Predictable,14.15,0,,,7,,,130,Sound,,,
0,FORT,,1,1776624322.0544572,23.36,Game,1,Predictable,14.16,0,,,7,,,130,Sound,,,
0,FORT,,1,1776624322.0544572,23.37,Game,1,Predictable,14.17,0,,,7,,,130,Sound,,,
0,FORT,,1,1776624322.0544572,23.38,Game,1,Predictable,14.18,0,,,7,,,130,Sound,,,
0,FORT,,1,1776624322.0544572,23.39,Game,1,Predictable,14.19,0,,,7,,,130,Sound,,,
0,FORT,,1,1776624322.0544572,23.4,Game,1,Predictable,14.2,0,,,7,,,130,Sound,,,
0,FORT,,1,1776624322.0544572,23.42,Game,1,Predictable,14.21,0,,,7,,,130,Sound,,,
0,FORT,,1,1776624322.0544572,23.43,Game,1,Predictable,14.23,0,,,7,,,130,Sound,,,
0,FORT,,1,1776624322.0544572,23.44,Game,1,Predictable,14.24,0,,,7,,,130,Sound,,,
0,FORT,,1,1776624322.0544572,23.45,Game,1,Predictable,14.25,0,,,7,,,130,Sound,,,
0,FORT,,1,1776624322.0544572,23.46,Game,1,Predictable,14.26,0,,,7,,,130,Sound,,,
0,FORT,,1,1776624322.0544572,23.47,Game,1,Predictable,14.27,0,,,7,,,130,Sound,,,
0,FORT,,1,1776624322.0544572,23.48,Game,1,Predictable,14.28,0,,,7,,,130,Sound,,,
0,FORT,,1,1776624322.0544572,23.49,Game,1,Predictable,14.29,0,,,7,,,130,Sound,,,
0,FORT,,1,1776624322.0544572,23.5,Game,1,Predictable,14.3,0,,,7,,,130,Sound,,,
0,FORT,,1,1776624322.0544572,23.52,Game,1,Predictable,14.31,0,,,7,,,130,Sound,,,
0,FORT,,1,1776624322.0544572,23.53,Game,1,Predictable,14.33,0,,,7,,,130,Sound,,,
0,FORT,,1,1776624322.0544572,23.54,Game,1,Predictable,14.34,0,,,7,,,130,Sound,,,
0,FORT,,1,1776624322.0544572,23.55,Game,1,Predictable,14.35,0,,,7,,,130,Sound,,,
0,FORT,,1,1776624322.0544572,23.56,Game,1,Predictable,14.36,0,,,7,,,130,Sound,,,
0,FORT,,1,1776624322.0544572,23.57,Game,1,Predictable,14.37,0,,,7,,,130,Sound,,,
0,FORT,,1,1776624322.0544572,23.58,Game,1,Predictable,14.38,0,,,7,,,130,Sound,,,
0,FORT,,1,1776624322.0544572,23.59,Game,1,Predictable,14.39,0,,,7,,,130,Sound,,,
0,FORT,,1,1776624322.0544572,23.6,Game,1,Predictable,14.4,0,,,7,,,130,Sound,,,
0,FORT,,1,1776624322.0544572,23.62,Game,1,Predictable,14.41,0,,,7,,,130,Sound,,,
0,FORT,,1,1776624322.0544572,23.63,Game,1,Predictable,14.43,0,,,7,,,130,Sound,,,
0,FORT,,1,1776624322.0544572,23.64,Game,1,Predictable,14.44,0,,,7,,,130,Sound,,,
0,FORT,,1,1776624322.0544572,23.65,Game,1,Predictable,14.45,0,,,7,,,130,Sound,,,
0,FORT,,1,1776624322.0544572,23.66,Game,1,Predictable,14.46,0,,,7,,,130,Sound,,,
0,FORT,,1,1776624322.0544572,23.67,Game,1,Predictable,14.47,0,,,7,,,130,Sound,,,
0,FORT,,1,1776624322.0544572,23.68,Game,1,Predictable,14.48,0,,,7,,,130,Sound,,,
0,FORT,,1,1776624322.0544572,23.69,Game,1,Predictable,14.49,0,,,7,,,130,Sound,,,
0,FORT,,1,1776624322.0544572,23.7,Game,1,Predictable,14.5,0,,,7,,,130,Sound,,,
0,FORT,,1,1776624322.0544572,23.72,Game,1,Predictable,14.51,0,,,7,,,130,Sound,,,
0,FORT,,1,1776624322.0544572,23.73,Game,1,Predictable,14.53,0,,,7,,,130,Sound,,,
0,FORT,,1,1776624322.0544572,23.74,Game,1,Predictable,14.54,0,,,7,,,130,Sound,,,
0,FORT,,1,1776624322.0544572,23.75,Game,1,Predictable,14.55,0,,,7,,,130,Sound,,,
0,FORT,,1,1776624322.0544572,23.76,Game,1,Predictable,14.56,0,,,7,,,130,Sound,,,
0,FORT,,1,1776624322.0544572,23.77,Game,1,Predictable,14.57,0,,,7,,,130,Sound,,,
0,FORT,,1,1776624322.0544572,23.78,Game,1,Predictable,14.58,0,,,7,,,130,Sound,,,
0,FORT,,1,1776624322.0544572,23.79,Game,1,Predictable,14.59,0,,,7,,,130,Sound,,,
0,FORT,,1,1776624322.0544572,23.8,Game,1,Predictable,14.6,0,,,7,,,130,Sound,,,
0,FORT,,1,1776624322.0544572,23.82,Game,1,Predictable,14.61,0,,,7,,,130,Sound,,,
0,FORT,,1,1776624322.0544572,23.83,Game,1,Predictable,14.63,0,,,7,,,130,Sound,,,
0,FORT,,1,1776624322.0544572,23.84,Game,1,Predictable,14.64,0,,,7,,,130,Sound,,,
0,FORT,,1,1776624322.0544572,23.85,Game,1,Predictable,14.65,0,,,7,,,130,Sound,,,
0,FORT,,1,1776624322.0544572,23.86,Game,1,Predictable,14.66,0,,,7,,,130,Sound,,,
0,FORT,,1,1776624322.0544572,23.87,Game,1,Predictable,14.67,0,,,7,,,130,Sound,,,
0,FORT,,1,1776624322.0544572,23.88,Game,1,Predictable,14.68,0,,,7,,,130,Sound,,,
0,FORT,,1,1776624322.0544572,23.89,Game,1,Predictable,14.69,0,,,7,,,130,Sound,,,
0,FORT,,1,1776624322.0544572,23.9,Game,1,Predictable,14.7,0,,,7,,,130,Sound,,,
0,FORT,,1,1776624322.0544572,23.92,Game,1,Predictable,14.71,0,,,7,,,130,Sound,,,
0,FORT,,1,1776624322.0544572,23.93,Game,1,Predictable,14.73,0,,,7,,,130,Sound,,,
0,FORT,,1,1776624322.0544572,23.94,Game,1,Predictable,14.74,0,,,7,,,130,Sound,,,
0,FORT,,1,1776624322.0544572,23.95,Game,1,Predictable,14.75,0,,,7,,,130,Sound,,,
0,FORT,,1,1776624322.0544572,23.96,Game,1,Predictable,14.76,0,,,7,,,130,Sound,,,
0,FORT,,1,1776624322.0544572,23.97,Game,1,Predictable,14.77,0,,,7,,,130,Sound,,,
0,FORT,,1,1776624322.0544572,23.98,Game,1,Predictable,14.78,0,,,7,,,130,Sound,,,
0,FORT,,1,1776624322.0544572,23.99,Game,1,Predictable,14.79,0,,,7,,,130,Sound,,,
0,FORT,,1,1776624322.0544572,24.0,Game,1,Predictable,14.8,0,,,7,,,130,Sound,,,
0,FORT,,1,1776624322.0544572,24.02,Game,1,Predictable,14.81,0,,,7,,,130,Sound,,,
0,FORT,,1,1776624322.0544572,24.03,Game,1,Predictable,14.83,0,,,7,,,130,Sound,,,
0,FORT,,1,1776624322.0544572,24.04,Game,1,Predictable,14.84,0,,,7,,,130,Sound,,,
0,FORT,,1,1776624322.0544572,24.05,Game,1,Predictable,14.85,0,,,7,,,130,Sound,,,
0,FORT,,1,1776624322.0544572,24.06,Game,1,Predictable,14.86,0,,,7,,,130,Sound,,,
0,FORT,,1,1776624322.0544572,24.07,Game,1,Predictable,14.87,0,,,7,,,130,Sound,,,
0,FORT,,1,1776624322.0544572,24.08,Game,1,Predictable,14.88,0,,,7,,,130,Sound,,,
0,FORT,,1,1776624322.0544572,24.09,Game,1,Predictable,14.89,0,,,7,,,130,Sound,,,
0,FORT,,1,1776624322.0544572,24.1,Game,1,Predictable,14.9,0,,,7,,,130,Sound,,,
0,FORT,,1,1776624322.0544572,24.12,Game,1,Predictable,14.91,0,,,7,,,130,Sound,,,
0,FORT,,1,1776624322.0544572,24.13,Game,1,Predictable,14.93,0,,,7,,,130,Sound,,,
0,FORT,,1,1776624322.0544572,24.14,Game,1,Predictable,14.94,0,,,7,,,130,Sound,,,
0,FORT,,1,1776624322.0544572,24.15,Game,1,Predictable,14.95,0,,,7,,,130,Sound,,,
0,FORT,,1,1776624322.0544572,24.16,Game,1,Predictable,14.96,0,,,7,,,130,Sound,,,
0,FORT,,1,1776624322.0544572,24.17,Game,1,Predictable,14.97,0,,,7,,,130,Sound,,,
0,FORT,,1,1776624322.0544572,24.18,Game,1,Predictable,14.98,0,,,7,,,130,Sound,,,
0,FORT,,1,1776624322.0544572,24.19,Game,1,Predictable,14.99,0,,,7,,,130,Sound,,,
0,FORT,,1,1776624322.0544572,24.2,Game,1,Predictable,15.0,0,,,7,,,130,Sound,,,
0,FORT,,1,1776624322.0544572,24.22,Game,1,Predictable,15.01,0,,,7,,,130,Sound,,,
0,FORT,,1,1776624322.0544572,24.23,Game,1,Predictable,15.03,0,,,7,,,130,Sound,,,
0,FORT,,1,1776624322.0544572,24.24,Game,1,Predictable,15.04,0,,,7,,,130,Sound,,,
0,FORT,,1,1776624322.0544572,24.25,Game,1,Predictable,15.05,0,,,7,,,130,Sound,,,
0,FORT,,1,1776624322.0544572,24.26,Game,1,Predictable,15.06,0,,,7,,,130,Sound,,,
0,FORT,,1,1776624322.0544572,24.27,Game,1,Predictable,15.07,0,,,7,,,130,Sound,,,
0,FORT,,1,1776624322.0544572,24.28,Game,1,Predictable,15.08,0,,,7,,,130,Sound,,,
0,FORT,,1,1776624322.0544572,24.29,Game,1,Predictable,15.1,0,,,7,,,130,Sound,,,
0,FORT,,1,1776624322.0544572,24.3,Game,1,Predictable,15.1,0,,,7,,,130,Sound,,,
0,FORT,,1,1776624322.0544572,24.32,Game,1,Predictable,15.11,0,,,7,,,130,Sound,,,
0,FORT,,1,1776624322.0544572,24.33,Game,1,Predictable,15.13,0,,,7,,,130,Sound,,,
0,FORT,,1,1776624322.0544572,24.34,Game,1,Predictable,15.14,0,,,7,,,130,Sound,,,
0,FORT,,1,1776624322.0544572,24.35,Game,1,Predictable,15.15,0,,,7,,,130,Sound,,,
0,FORT,,1,1776624322.0544572,24.36,Game,1,Predictable,15.16,0,,,7,,,130,Sound,,,
0,FORT,,1,1776624322.0544572,24.37,Game,1,Predictable,15.17,0,,,7,,,130,Sound,,,
0,FORT,,1,1776624322.0544572,24.38,Game,1,Predictable,15.18,0,,,7,,,130,Sound,,,
0,FORT,,1,1776624322.0544572,24.39,Game,1,Predictable,15.2,0,,,7,,,130,Sound,,,
0,FORT,,1,1776624322.0544572,24.4,Game,1,Predictable,15.2,0,,,7,,,130,Sound,,,
0,FORT,,1,1776624322.0544572,24.42,Game,1,Predictable,15.21,0,,,7,,,130,Sound,,,
0,FORT,,1,1776624322.0544572,24.43,Game,1,Predictable,15.23,0,,,7,,,130,Sound,,,
0,FORT,,1,1776624322.0544572,24.44,Game,1,Predictable,15.24,0,,,7,,,130,Sound,,,
0,FORT,,1,1776624322.0544572,24.45,Game,1,Predictable,15.25,0,,,7,,,130,Sound,,,
0,FORT,,1,1776624322.0544572,24.46,Game,1,Predictable,15.26,0,,,7,,,130,Sound,,,
0,FORT,,1,1776624322.0544572,24.47,Game,1,Predictable,15.27,0,,,7,,,130,Sound,,,
0,FORT,,1,1776624322.0544572,24.48,Game,1,Predictable,15.28,0,,,7,,,130,Sound,,,
0,FORT,,1,1776624322.0544572,24.49,Game,1,Predictable,15.3,0,,,7,,,130,Sound,,,
0,FORT,,1,1776624322.0544572,24.5,Game,1,Predictable,15.3,0,,,7,,,130,Sound,,,
0,FORT,,1,1776624322.0544572,24.52,Game,1,Predictable,15.31,0,,,7,,,130,Sound,,,
0,FORT,,1,1776624322.0544572,24.53,Game,1,Predictable,15.33,0,,,7,,,130,Sound,,,
0,FORT,,1,1776624322.0544572,24.54,Game,1,Predictable,15.34,0,,,7,,,130,Sound,,,
0,FORT,,1,1776624322.0544572,24.55,Game,1,Predictable,15.35,0,,,7,,,130,Sound,,,
0,FORT,,1,1776624322.0544572,24.56,Game,1,Predictable,15.36,0,,,7,,,130,Sound,,,
0,FORT,,1,1776624322.0544572,24.57,Game,1,Predictable,15.37,0,,,7,,,130,Sound,,,
0,FORT,,1,1776624322.0544572,24.58,Game,1,Predictable,15.38,0,,,7,,,130,Sound,,,
0,FORT,,1,1776624322.0544572,24.59,Game,1,Predictable,15.4,0,,,7,,,130,Sound,,,
0,FORT,,1,1776624322.0544572,24.6,Game,1,Predictable,15.4,0,,,7,,,130,Sound,,,
0,FORT,,1,1776624322.0544572,24.62,Game,1,Predictable,15.41,0,,,7,,,130,Sound,,,
0,FORT,,1,1776624322.0544572,24.63,Game,1,Predictable,15.43,0,,,7,,,130,Sound,,,
0,FORT,,1,1776624322.0544572,24.64,Game,1,Predictable,15.44,0,,,7,,,130,Sound,,,
0,FORT,,1,1776624322.0544572,24.65,Game,1,Predictable,15.45,0,,,7,,,130,Sound,,,
0,FORT,,1,1776624322.0544572,24.66,Game,1,Predictable,15.46,0,,,7,,,130,Sound,,,
0,FORT,,1,1776624322.0544572,24.67,Game,1,Predictable,15.47,0,,,7,,,130,Sound,,,
0,FORT,,1,1776624322.0544572,24.68,Game,1,Predictable,15.48,0,,,7,,,130,Sound,,,
0,FORT,,1,1776624322.0544572,24.69,Game,1,Predictable,15.5,0,,,7,,,130,Sound,,,
0,FORT,,1,1776624322.0544572,24.7,Game,1,Predictable,15.5,0,,,7,,,130,Sound,,,
0,FORT,,1,1776624322.0544572,24.72,Game,1,Predictable,15.51,0,,,7,,,130,Sound,,,
0,FORT,,1,1776624322.0544572,24.73,Game,1,Predictable,15.53,0,,,7,,,130,Sound,,,
0,FORT,,1,1776624322.0544572,24.74,Game,1,Predictable,15.54,0,,,7,,,130,Sound,,,
0,FORT,,1,1776624322.0544572,24.75,Game,1,Predictable,15.55,0,,,7,,,130,Sound,,,
0,FORT,,1,1776624322.0544572,24.76,Game,1,Predictable,15.56,0,,,7,,,130,Sound,,,
0,FORT,,1,1776624322.0544572,24.77,Game,1,Predictable,15.57,0,,,7,,,130,Sound,,,
0,FORT,,1,1776624322.0544572,24.78,Game,1,Predictable,15.58,0,,,7,,,130,Sound,,,
0,FORT,,1,1776624322.0544572,24.79,Game,1,Predictable,15.6,0,,,7,,,130,Sound,,,
0,FORT,,1,1776624322.0544572,24.8,Game,1,Predictable,15.6,0,,,7,,,130,Sound,,,
0,FORT,,1,1776624322.0544572,24.82,Game,1,Predictable,15.61,0,,,7,,,130,Sound,,,
0,FORT,,1,1776624322.0544572,24.83,Game,1,Predictable,15.63,0,,,7,,,130,Sound,,,
0,FORT,,1,1776624322.0544572,24.84,Game,1,Predictable,15.64,0,,,7,,,130,Sound,,,
0,FORT,,1,1776624322.0544572,24.85,Game,1,Predictable,15.65,0,,,7,,,130,Sound,,,
0,FORT,,1,1776624322.0544572,24.86,Game,1,Predictable,15.66,0,,,7,,,130,Sound,,,
0,FORT,,1,1776624322.0544572,24.87,Game,1,Predictable,15.67,0,,,7,,,130,Sound,,,
0,FORT,,1,1776624322.0544572,24.88,Game,1,Predictable,15.68,0,,,7,,,130,Sound,,,
0,FORT,,1,1776624322.0544572,24.89,Game,1,Predictable,15.7,0,,,7,,,130,Sound,,,
0,FORT,,1,1776624322.0544572,24.9,Game,1,Predictable,15.7,0,,,7,,,130,Sound,,,
0,FORT,,1,1776624322.0544572,24.92,Game,1,Predictable,15.71,0,,,7,,,130,Sound,,,
0,FORT,,1,1776624322.0544572,24.93,Game,1,Predictable,15.73,0,,,7,,,130,Sound,,,
0,FORT,,1,1776624322.0544572,24.94,Game,1,Predictable,15.74,0,,,7,,,130,Sound,,,
0,FORT,,1,1776624322.0544572,24.95,Game,1,Predictable,15.75,0,,,7,,,130,Sound,,,
0,FORT,,1,1776624322.0544572,24.96,Game,1,Predictable,15.76,0,,,7,,,130,Sound,,,
0,FORT,,1,1776624322.0544572,24.97,Game,1,Predictable,15.77,0,,,7,,,130,Sound,,,
0,FORT,,1,1776624322.0544572,24.98,Game,1,Predictable,15.78,0,,,7,,,130,Sound,,,
0,FORT,,1,1776624322.0544572,24.99,Game,1,Predictable,15.8,0,,,7,,,130,Sound,,,
0,FORT,,1,1776624322.0544572,25.0,Game,1,Predictable,15.8,0,,,7,,,130,Sound,,,
0,FORT,,1,1776624322.0544572,25.02,Game,1,Predictable,15.81,0,,,7,,,130,Sound,,,
0,FORT,,1,1776624322.0544572,25.03,Game,1,Predictable,15.83,0,,,7,,,130,Sound,,,
0,FORT,,1,1776624322.0544572,25.04,Game,1,Predictable,15.84,0,,,7,,,130,Sound,,,
0,FORT,,1,1776624322.0544572,25.05,Game,1,Predictable,15.85,0,,,7,,,130,Sound,,,
0,FORT,,1,1776624322.0544572,25.06,Game,1,Predictable,15.86,0,,,7,,,130,Sound,,,
0,FORT,,1,1776624322.0544572,25.07,Game,1,Predictable,15.87,0,,,7,,,130,Sound,,,
0,FORT,,1,1776624322.0544572,25.08,Game,1,Predictable,15.88,0,,,7,,,130,Sound,,,
0,FORT,,1,1776624322.0544572,25.09,Game,1,Predictable,15.9,0,,,7,,,130,Sound,,,
0,FORT,,1,1776624322.0544572,25.1,Game,1,Predictable,15.9,0,,,7,,,130,Sound,,,
0,FORT,,1,1776624322.0544572,25.12,Game,1,Predictable,15.91,0,,,7,,,130,Sound,,,
0,FORT,,1,1776624322.0544572,25.13,Game,1,Predictable,15.93,0,,,7,,,130,Sound,,,
0,FORT,,1,1776624322.0544572,25.14,Game,1,Predictable,15.94,0,,,7,,,130,Sound,,,
0,FORT,,1,1776624322.0544572,25.15,Game,1,Predictable,15.95,0,,,7,,,130,Sound,,,
0,FORT,,1,1776624322.0544572,25.16,Game,1,Predictable,15.96,0,,,7,,,130,Sound,,,
0,FORT,,1,1776624322.0544572,25.17,Game,1,Predictable,15.97,0,,,7,,,130,Sound,,,
0,FORT,,1,1776624322.0544572,25.18,Game,1,Predictable,15.98,0,,,7,,,130,Sound,,,
0,FORT,,1,1776624322.0544572,25.19,Game,1,Predictable,16.0,0,,,7,,,130,Sound,,,
0,FORT,,1,1776624322.0544572,25.2,Game,1,Predictable,16.0,0,,,7,,,130,Sound,,,
0,FORT,,1,1776624322.0544572,25.22,Game,1,Predictable,16.01,0,,,7,,,130,Sound,,,
0,FORT,,1,1776624322.0544572,25.23,Game,1,Predictable,16.03,0,,,7,,,130,Sound,,,
0,FORT,,1,1776624322.0544572,25.24,Game,1,Predictable,16.04,0,,,7,,,130,Sound,,,
0,FORT,,1,1776624322.0544572,25.25,Game,1,Predictable,16.05,0,,,7,,,130,Sound,,,
0,FORT,,1,1776624322.0544572,25.26,Game,1,Predictable,16.06,0,,,7,,,130,Sound,,,
0,FORT,,1,1776624322.0544572,25.27,Game,1,Predictable,16.07,0,,,7,,,130,Sound,,,
0,FORT,,1,1776624322.0544572,25.28,Game,1,Predictable,16.08,0,,,7,,,130,Sound,,,
0,FORT,,1,1776624322.0544572,25.29,Game,1,Predictable,16.1,0,,,7,,,130,Sound,,,
0,FORT,,1,1776624322.0544572,25.3,Game,1,Predictable,16.1,0,,,7,,,130,Sound,,,
0,FORT,,1,1776624322.0544572,25.32,Game,1,Predictable,16.11,0,,,7,,,130,Sound,,,
0,FORT,,1,1776624322.0544572,25.33,Game,1,Predictable,16.13,0,,,7,,,130,Sound,,,
0,FORT,,1,1776624322.0544572,25.34,Game,1,Predictable,16.14,0,,,7,,,130,Sound,,,
0,FORT,,1,1776624322.0544572,25.35,Game,1,Predictable,16.15,0,,,7,,,130,Sound,,,
0,FORT,,1,1776624322.0544572,25.36,Game,1,Predictable,16.16,0,,,7,,,130,Sound,,,
0,FORT,,1,1776624322.0544572,25.37,Game,1,Predictable,16.17,0,,,7,,,130,Sound,,,
0,FORT,,1,1776624322.0544572,25.38,Game,1,Predictable,16.18,0,,,7,,,130,Sound,,,
0,FORT,,1,1776624322.0544572,25.39,Game,1,Predictable,16.2,0,,,7,,,130,Sound,,,
0,FORT,,1,1776624322.0544572,25.4,Game,1,Predictable,16.2,0,,,7,,,130,Sound,,,
0,FORT,,1,1776624322.0544572,25.42,Game,1,Predictable,16.21,0,,,7,,,130,Sound,,,
0,FORT,,1,1776624322.0544572,25.43,Game,1,Predictable,16.23,0,,,7,,,130,Sound,,,
0,FORT,,1,1776624322.0544572,25.44,Game,1,Predictable,16.24,0,,,7,,,130,Sound,,,
0,FORT,,1,1776624322.0544572,25.45,Game,1,Predictable,16.25,0,,,7,,,130,Sound,,,
0,FORT,,1,1776624322.0544572,25.46,Game,1,Predictable,16.26,0,,,7,,,130,Sound,,,
0,FORT,,1,1776624322.0544572,25.47,Game,1,Predictable,16.27,0,,,7,,,130,Sound,,,
0,FORT,,1,1776624322.0544572,25.48,Game,1,Predictable,16.28,0,,,7,,,130,Sound,,,
0,FORT,,1,1776624322.0544572,25.49,Game,1,Predictable,16.3,0,,,7,,,130,Sound,,,
0,FORT,,1,1776624322.0544572,25.5,Game,1,Predictable,16.31,0,,,7,,,130,Sound,,,
0,FORT,,1,1776624322.0544572,25.52,Game,1,Predictable,16.31,0,,,7,,,130,Sound,,,
0,FORT,,1,1776624322.0544572,25.53,Game,1,Predictable,16.33,0,,,7,,,130,Sound,,,
0,FORT,,1,1776624322.0544572,25.54,Game,1,Predictable,16.34,0,,,7,,,130,Sound,,,
0,FORT,,1,1776624322.0544572,25.55,Game,1,Predictable,16.35,0,,,7,,,130,Sound,,,
0,FORT,,1,1776624322.0544572,25.56,Game,1,Predictable,16.36,0,,,7,,,130,Sound,,,
0,FORT,,1,1776624322.0544572,25.57,Game,1,Predictable,16.37,0,,,7,,,130,Sound,,,
0,FORT,,1,1776624322.0544572,25.58,Game,1,Predictable,16.38,0,,,7,,,130,Sound,,,
0,FORT,,1,1776624322.0544572,25.59,Game,1,Predictable,16.4,0,,,7,,,130,Sound,,,
0,FORT,,1,1776624322.0544572,25.6,Game,1,Predictable,16.4,0,,,7,,,130,Sound,,,
0,FORT,,1,1776624322.0544572,25.62,Game,1,Predictable,16.41,0,,,7,,,130,Sound,,,
0,FORT,,1,1776624322.0544572,25.63,Game,1,Predictable,16.43,0,,,7,,,130,Sound,,,
0,FORT,,1,1776624322.0544572,25.64,Game,1,Predictable,16.44,0,,,7,,,130,Sound,,,
0,FORT,,1,1776624322.0544572,25.65,Game,1,Predictable,16.45,0,,,7,,,130,Sound,,,
0,FORT,,1,1776624322.0544572,25.66,Game,1,Predictable,16.46,0,,,7,,,130,Sound,,,
0,FORT,,1,1776624322.0544572,25.67,Game,1,Predictable,16.47,0,,,7,,,130,Sound,,,
0,FORT,,1,1776624322.0544572,25.68,Game,1,Predictable,16.48,0,,,7,,,130,Sound,,,
0,FORT,,1,1776624322.0544572,25.69,Game,1,Predictable,16.5,0,,,7,,,130,Sound,,,
0,FORT,,1,1776624322.0544572,25.7,Game,1,Predictable,16.51,0,,,7,,,130,Sound,,,
0,FORT,,1,1776624322.0544572,25.72,Game,1,Predictable,16.51,0,,,7,,,130,Sound,,,
0,FORT,,1,1776624322.0544572,25.73,Game,1,Predictable,16.53,0,,,7,,,130,Sound,,,
0,FORT,,1,1776624322.0544572,25.74,Game,1,Predictable,16.54,0,,,7,,,130,Sound,,,
0,FORT,,1,1776624322.0544572,25.75,Game,1,Predictable,16.55,0,,,7,,,130,Sound,,,
0,FORT,,1,1776624322.0544572,25.76,Game,1,Predictable,16.56,0,,,7,,,130,Sound,,,
0,FORT,,1,1776624322.0544572,25.77,Game,1,Predictable,16.57,0,,,7,,,130,Sound,,,
0,FORT,,1,1776624322.0544572,25.78,Game,1,Predictable,16.58,0,,,7,,,130,Sound,,,
0,FORT,,1,1776624322.0544572,25.79,Game,1,Predictable,16.6,0,,,7,,,130,Sound,,,
0,FORT,,1,1776624322.0544572,25.8,Game,1,Predictable,16.61,0,,,7,,,130,Sound,,,
0,FORT,,1,1776624322.0544572,25.82,Game,1,Predictable,16.61,0,,,7,,,130,Sound,,,
0,FORT,,1,1776624322.0544572,25.83,Game,1,Predictable,16.63,0,,,7,,,130,Sound,,,
0,FORT,,1,1776624322.0544572,25.84,Game,1,Predictable,16.64,0,,,7,,,130,Sound,,,
0,FORT,,1,1776624322.0544572,25.85,Game,1,Predictable,16.65,0,,,7,,,130,Sound,,,
0,FORT,,1,1776624322.0544572,25.86,Game,1,Predictable,16.66,0,,,7,,,130,Sound,,,
0,FORT,,1,1776624322.0544572,25.87,Game,1,Predictable,16.67,0,,,7,,,130,Sound,,,
0,FORT,,1,1776624322.0544572,25.88,Game,1,Predictable,16.68,0,,,7,,,130,Sound,,,
0,FORT,,1,1776624322.0544572,25.89,Game,1,Predictable,16.7,0,,,7,,,130,Sound,,,
0,FORT,,1,1776624322.0544572,25.9,Game,1,Predictable,16.71,0,,,7,,,130,Sound,,,
0,FORT,,1,1776624322.0544572,25.92,Game,1,Predictable,16.71,0,,,7,,,130,Sound,,,
0,FORT,,1,1776624322.0544572,25.93,Game,1,Predictable,16.73,0,,,7,,,130,Sound,,,
0,FORT,,1,1776624322.0544572,25.94,Game,1,Predictable,16.74,0,,,7,,,130,Sound,,,
0,FORT,,1,1776624322.0544572,25.95,Game,1,Predictable,16.75,0,,,7,,,130,Sound,,,
0,FORT,,1,1776624322.0544572,25.96,Game,1,Predictable,16.76,0,,,7,,,130,Sound,,,
0,FORT,,1,1776624322.0544572,25.97,Game,1,Predictable,16.77,0,,,7,,,130,Sound,,,
0,FORT,,1,1776624322.0544572,25.98,Game,1,Predictable,16.78,0,,,7,,,130,Sound,,,
0,FORT,,1,1776624322.0544572,25.99,Game,1,Predictable,16.8,0,,,7,,,130,Sound,,,
0,FORT,,1,1776624322.0544572,26.0,Game,1,Predictable,16.81,0,,,7,,,130,Sound,,,
0,FORT,,1,1776624322.0544572,26.02,Game,1,Predictable,16.81,0,,,7,,,130,Sound,,,
0,FORT,,1,1776624322.0544572,26.03,Game,1,Predictable,16.83,0,,,7,,,130,Sound,,,
0,FORT,,1,1776624322.0544572,26.04,Game,1,Predictable,16.84,0,,,7,,,130,Sound,,,
0,FORT,,1,1776624322.0544572,26.05,Game,1,Predictable,16.85,0,,,7,,,130,Sound,,,
0,FORT,,1,1776624322.0544572,26.06,Game,1,Predictable,16.86,0,,,7,,,130,Sound,,,
0,FORT,,1,1776624322.0544572,26.07,Game,1,Predictable,16.87,0,,,7,,,130,Sound,,,
0,FORT,,1,1776624322.0544572,26.08,Game,1,Predictable,16.88,0,,,7,,,130,Sound,,,
0,FORT,,1,1776624322.0544572,26.09,Game,1,Predictable,16.9,0,,,7,,,130,Sound,,,
0,FORT,,1,1776624322.0544572,26.1,Game,1,Predictable,16.91,0,,,7,,,130,Sound,,,
0,FORT,,1,1776624322.0544572,26.12,Game,1,Predictable,16.92,0,,,7,,,130,Sound,,,
0,FORT,,1,1776624322.0544572,26.13,Game,1,Predictable,16.93,0,,,7,,,130,Sound,,,
0,FORT,,1,1776624322.0544572,26.14,Game,1,Predictable,16.94,0,,,7,,,130,Sound,,,
0,FORT,,1,1776624322.0544572,26.15,Game,1,Predictable,16.95,0,,,7,,,130,Sound,,,
0,FORT,,1,1776624322.0544572,26.16,Game,1,Predictable,16.96,0,,,7,,,130,Sound,,,
0,FORT,,1,1776624322.0544572,26.17,Game,1,Predictable,16.97,0,,,7,,,130,Sound,,,
0,FORT,,1,1776624322.0544572,26.18,Game,1,Predictable,16.98,0,,,7,,,130,Sound,,,
0,FORT,,1,1776624322.0544572,26.19,Game,1,Predictable,17.0,0,,,7,,,130,Sound,,,
0,FORT,,1,1776624322.0544572,26.27,Game,1,Predictable,17.08,1,,,7,17.08,,120,Sound,,,
0,FORT,,1,1776624322.0544572,26.32,Game,1,Predictable,17.08,1,,,7,17.08,,120,Sound,,,
0,FORT,,1,1776624322.0544572,26.33,Game,1,Predictable,17.13,1,,,7,17.08,,120,Sound,,,
0,FORT,,1,1776624322.0544572,26.34,Game,1,Predictable,17.14,1,,,7,17.08,,120,Sound,,,
0,FORT,,1,1776624322.0544572,26.35,Game,1,Predictable,17.15,1,,,7,17.08,,120,Sound,,,
0,FORT,,1,1776624322.0544572,26.37,Game,1,Predictable,17.16,1,,,7,17.08,,120,Sound,,,
0,FORT,,1,1776624322.0544572,26.38,Game,1,Predictable,17.18,1,,,7,17.08,,120,Sound,,,
0,FORT,,1,1776624322.0544572,26.39,Game,1,Predictable,17.19,1,,,7,17.08,,120,Sound,,,
0,FORT,,1,1776624322.0544572,26.4,Game,1,Predictable,17.2,1,,,7,17.08,,120,Sound,,,
0,FORT,,1,1776624322.0544572,26.41,Game,1,Predictable,17.21,1,,,7,17.08,,120,Sound,,,
0,FORT,,1,1776624322.0544572,26.42,Game,1,Predictable,17.22,1,,,7,17.08,,120,Sound,,,
0,FORT,,1,1776624322.0544572,26.43,Game,1,Predictable,17.23,1,,,7,17.08,,120,Sound,,,
0,FORT,,1,1776624322.0544572,26.44,Game,1,Predictable,17.24,1,,,7,17.08,,120,Sound,,,
0,FORT,,1,1776624322.0544572,26.45,Game,1,Predictable,17.25,1,,,7,17.08,,120,Sound,,,
0,FORT,,1,1776624322.0544572,26.47,Game,1,Predictable,17.26,1,,,7,17.08,,120,Sound,,,
0,FORT,,1,1776624322.0544572,26.48,Game,1,Predictable,17.28,1,,,7,17.08,,120,Sound,,,
0,FORT,,1,1776624322.0544572,26.49,Game,1,Predictable,17.29,1,,,7,17.08,,120,Sound,,,
0,FORT,,1,1776624322.0544572,26.5,Game,1,Predictable,17.3,1,,,7,17.08,,120,Sound,,,
0,FORT,,1,1776624322.0544572,26.51,Game,1,Predictable,17.31,1,,,7,17.08,,120,Sound,,,
0,FORT,,1,1776624322.0544572,26.52,Game,1,Predictable,17.32,1,,,7,17.08,,120,Sound,,,
0,FORT,,1,1776624322.0544572,26.53,Game,1,Predictable,17.33,1,,,7,17.08,,120,Sound,,,
0,FORT,,1,1776624322.0544572,26.54,Game,1,Predictable,17.34,1,,,7,17.08,,120,Sound,,,
0,FORT,,1,1776624322.0544572,26.55,Game,1,Predictable,17.35,1,,,7,17.08,,120,Sound,,,
0,FORT,,1,1776624322.0544572,26.57,Game,1,Predictable,17.36,1,,,7,17.08,,120,Sound,,,
0,FORT,,1,1776624322.0544572,26.58,Game,1,Predictable,17.38,1,,,7,17.08,,120,Sound,,,
0,FORT,,1,1776624322.0544572,26.59,Game,1,Predictable,17.39,1,,,7,17.08,,120,Sound,,,
0,FORT,,1,1776624322.0544572,26.6,Game,1,Predictable,17.4,1,,,7,17.08,,120,Sound,,,
0,FORT,,1,1776624322.0544572,26.61,Game,1,Predictable,17.41,1,,,7,17.08,,120,Sound,,,
0,FORT,,1,1776624322.0544572,26.62,Game,1,Predictable,17.42,1,,,7,17.08,,120,Sound,,,
0,FORT,,1,1776624322.0544572,26.63,Game,1,Predictable,17.43,1,,,7,17.08,,120,Sound,,,
0,FORT,,1,1776624322.0544572,26.64,Game,1,Predictable,17.44,1,,,7,17.08,,120,Sound,,,
0,FORT,,1,1776624322.0544572,26.65,Game,1,Predictable,17.45,1,,,7,17.08,,120,Sound,,,
0,FORT,,1,1776624322.0544572,26.67,Game,1,Predictable,17.46,1,,,7,17.08,,120,Sound,,,
0,FORT,,1,1776624322.0544572,26.68,Game,1,Predictable,17.48,1,,,7,17.08,,120,Sound,,,
0,FORT,,1,1776624322.0544572,26.69,Game,1,Predictable,17.49,1,,,7,17.08,,120,Sound,,,
0,FORT,,1,1776624322.0544572,26.7,Game,1,Predictable,17.5,1,,,7,17.08,,120,Sound,,,
0,FORT,,1,1776624322.0544572,26.71,Game,1,Predictable,17.51,1,,,7,17.08,,120,Sound,,,
0,FORT,,1,1776624322.0544572,26.72,Game,1,Predictable,17.52,1,,,7,17.08,,120,Sound,,,
0,FORT,,1,1776624322.0544572,26.73,Game,1,Predictable,17.53,1,,,7,17.08,,120,Sound,,,
0,FORT,,1,1776624322.0544572,26.74,Game,1,Predictable,17.54,1,,,7,17.08,,120,Sound,,,
0,FORT,,1,1776624322.0544572,26.75,Game,1,Predictable,17.55,1,,,7,17.08,,120,Sound,,,
0,FORT,,1,1776624322.0544572,26.77,Game,1,Predictable,17.56,1,,,7,17.08,,120,Sound,,,
0,FORT,,1,1776624322.0544572,26.78,Game,1,Predictable,17.58,1,,,7,17.08,,120,Sound,,,
0,FORT,,1,1776624322.0544572,26.79,Game,1,Predictable,17.59,1,,,7,17.08,,120,Sound,,,
0,FORT,,1,1776624322.0544572,26.8,Game,1,Predictable,17.6,1,,,7,17.08,,120,Sound,,,
0,FORT,,1,1776624322.0544572,26.81,Game,1,Predictable,17.61,1,,,7,17.08,,120,Sound,,,
0,FORT,,1,1776624322.0544572,26.82,Game,1,Predictable,17.62,1,,,7,17.08,,120,Sound,,,
0,FORT,,1,1776624322.0544572,26.83,Game,1,Predictable,17.63,1,,,7,17.08,,120,Sound,,,
0,FORT,,1,1776624322.0544572,26.84,Game,1,Predictable,17.64,1,,,7,17.08,,120,Sound,,,
0,FORT,,1,1776624322.0544572,26.85,Game,1,Predictable,17.65,1,,,7,17.08,,120,Sound,,,
0,FORT,,1,1776624322.0544572,26.87,Game,1,Predictable,17.66,1,,,7,17.08,,120,Sound,,,
0,FORT,,1,1776624322.0544572,26.88,Game,1,Predictable,17.68,1,,,7,17.08,,120,Sound,,,
0,FORT,,1,1776624322.0544572,26.89,Game,1,Predictable,17.69,1,,,7,17.08,,120,Sound,,,
0,FORT,,1,1776624322.0544572,26.9,Game,1,Predictable,17.7,1,,,7,17.08,,120,Sound,,,
0,FORT,,1,1776624322.0544572,26.91,Game,1,Predictable,17.71,1,,,7,17.08,,120,Sound,,,
0,FORT,,1,1776624322.0544572,26.92,Game,1,Predictable,17.72,1,,,7,17.08,,120,Sound,,,
0,FORT,,1,1776624322.0544572,26.93,Game,1,Predictable,17.73,1,,,7,17.08,,120,Sound,,,
0,FORT,,1,1776624322.0544572,26.94,Game,1,Predictable,17.74,1,,,7,17.08,,120,Sound,,,
0,FORT,,1,1776624322.0544572,26.95,Game,1,Predictable,17.75,1,,,7,17.08,,120,Sound,,,
0,FORT,,1,1776624322.0544572,26.97,Game,1,Predictable,17.76,1,,,7,17.08,,120,Sound,,,
0,FORT,,1,1776624322.0544572,26.98,Game,1,Predictable,17.78,1,,,7,17.08,,120,Sound,,,
0,FORT,,1,1776624322.0544572,26.99,Game,1,Predictable,17.79,1,,,7,17.08,,120,Sound,,,
0,FORT,,1,1776624322.0544572,27.0,Game,1,Predictable,17.8,1,,,7,17.08,,120,Sound,,,
0,FORT,,1,1776624322.0544572,27.01,Game,1,Predictable,17.81,1,,,7,17.08,,120,Sound,,,
0,FORT,,1,1776624322.0544572,27.03,Game,1,Predictable,17.82,1,,,7,17.08,,120,Sound,,,
0,FORT,,1,1776624322.0544572,27.05,Game,1,Predictable,17.84,1,,,7,17.08,,120,Sound,,,
0,FORT,,1,1776624322.0544572,27.06,Game,1,Predictable,17.86,1,,,7,17.08,,120,Sound,,,
0,FORT,,1,1776624322.0544572,27.07,Game,1,Predictable,17.87,1,,,7,17.08,,120,Sound,,,
0,FORT,,1,1776624322.0544572,27.08,Game,1,Predictable,17.88,1,,,7,17.08,,120,Sound,,,
0,FORT,,1,1776624322.0544572,27.09,Game,1,Predictable,17.89,1,,,7,17.08,,120,Sound,,,
0,FORT,,1,1776624322.0544572,27.1,Game,1,Predictable,17.9,1,,,7,17.08,,120,Sound,,,
0,FORT,,1,1776624322.0544572,27.12,Game,1,Predictable,17.91,1,,,7,17.08,,120,Sound,,,
0,FORT,,1,1776624322.0544572,27.13,Game,1,Predictable,17.93,1,,,7,17.08,,120,Sound,,,
0,FORT,,1,1776624322.0544572,27.14,Game,1,Predictable,17.94,1,,,7,17.08,,120,Sound,,,
0,FORT,,1,1776624322.0544572,27.15,Game,1,Predictable,17.95,1,,,7,17.08,,120,Sound,,,
0,FORT,,1,1776624322.0544572,27.16,Game,1,Predictable,17.96,1,,,7,17.08,,120,Sound,,,
0,FORT,,1,1776624322.0544572,27.17,Game,1,Predictable,17.97,1,,,7,17.08,,120,Sound,,,
0,FORT,,1,1776624322.0544572,27.18,Game,1,Predictable,17.98,1,,,7,17.08,,120,Sound,,,
0,FORT,,1,1776624322.0544572,27.19,Game,1,Predictable,17.99,1,,,7,17.08,,120,Sound,,,
0,FORT,,1,1776624322.0544572,27.2,Game,1,Predictable,18.0,1,,,7,17.08,,120,Sound,,,
0,FORT,,1,1776624322.0544572,27.22,Game,1,Predictable,18.01,1,,,7,17.08,,120,Sound,,,
0,FORT,,1,1776624322.0544572,27.23,Game,1,Predictable,18.03,1,,,7,17.08,,120,Sound,,,
0,FORT,,1,1776624322.0544572,27.24,Game,1,Predictable,18.04,1,,,7,17.08,,120,Sound,,,
0,FORT,,1,1776624322.0544572,27.25,Game,1,Predictable,18.05,1,,,7,17.08,,120,Sound,,,
0,FORT,,1,1776624322.0544572,27.26,Game,1,Predictable,18.06,1,,,7,17.08,,120,Sound,,,
0,FORT,,1,1776624322.0544572,27.27,Game,1,Predictable,18.07,1,,,7,17.08,,120,Sound,,,
0,FORT,,1,1776624322.0544572,27.28,Game,1,Predictable,18.08,1,,,7,17.08,,120,Sound,,,
0,FORT,,1,1776624322.0544572,27.29,Game,1,Predictable,18.09,1,,,7,17.08,,120,Sound,,,
0,FORT,,1,1776624322.0544572,27.3,Game,1,Predictable,18.1,1,,,7,17.08,,120,Sound,,,
0,FORT,,1,1776624322.0544572,27.32,Game,1,Predictable,18.11,1,,,7,17.08,,120,Sound,,,
0,FORT,,1,1776624322.0544572,27.33,Game,1,Predictable,18.13,1,,,7,17.08,,120,Sound,,,
0,FORT,,1,1776624322.0544572,27.34,Game,1,Predictable,18.14,1,,,7,17.08,,120,Sound,,,
0,FORT,,1,1776624322.0544572,27.35,Game,1,Predictable,18.15,1,,,7,17.08,,120,Sound,,,
0,FORT,,1,1776624322.0544572,27.36,Game,1,Predictable,18.16,1,,,7,17.08,,120,Sound,,,
0,FORT,,1,1776624322.0544572,27.37,Game,1,Predictable,18.17,1,,,7,17.08,,120,Sound,,,
0,FORT,,1,1776624322.0544572,27.38,Game,1,Predictable,18.18,1,,,7,17.08,,120,Sound,,,
0,FORT,,1,1776624322.0544572,27.39,Game,1,Predictable,18.19,1,,,7,17.08,,120,Sound,,,
0,FORT,,1,1776624322.0544572,27.4,Game,1,Predictable,18.2,1,,,7,17.08,,120,Sound,,,
0,FORT,,1,1776624322.0544572,27.42,Game,1,Predictable,18.21,1,,,7,17.08,,120,Sound,,,
0,FORT,,1,1776624322.0544572,27.43,Game,1,Predictable,18.23,1,,,7,17.08,,120,Sound,,,
0,FORT,,1,1776624322.0544572,27.44,Game,1,Predictable,18.24,1,,,7,17.08,,120,Sound,,,
0,FORT,,1,1776624322.0544572,27.45,Game,1,Predictable,18.25,1,,,7,17.08,,120,Sound,,,
0,FORT,,1,1776624322.0544572,27.46,Game,1,Predictable,18.26,1,,,7,17.08,,120,Sound,,,
0,FORT,,1,1776624322.0544572,27.47,Game,1,Predictable,18.27,1,,,7,17.08,,120,Sound,,,
0,FORT,,1,1776624322.0544572,27.48,Game,1,Predictable,18.28,1,,,7,17.08,,120,Sound,,,
0,FORT,,1,1776624322.0544572,27.49,Game,1,Predictable,18.29,1,,,7,17.08,,120,Sound,,,
0,FORT,,1,1776624322.0544572,27.5,Game,1,Predictable,18.3,1,,,7,17.08,,120,Sound,,,
0,FORT,,1,1776624322.0544572,27.52,Game,1,Predictable,18.31,1,,,7,17.08,,120,Sound,,,
0,FORT,,1,1776624322.0544572,27.53,Game,1,Predictable,18.33,1,,,7,17.08,,120,Sound,,,
0,FORT,,1,1776624322.0544572,27.54,Game,1,Predictable,18.34,1,,,7,17.08,,120,Sound,,,
0,FORT,,1,1776624322.0544572,27.55,Game,1,Predictable,18.35,1,,,7,17.08,,120,Sound,,,
0,FORT,,1,1776624322.0544572,27.57,Game,1,Predictable,18.36,1,,,7,17.08,,120,Sound,,,
0,FORT,,1,1776624322.0544572,27.58,Game,1,Predictable,18.38,1,,,7,17.08,,120,Sound,,,
0,FORT,,1,1776624322.0544572,27.59,Game,1,Predictable,18.39,1,,,7,17.08,,120,Sound,,,
0,FORT,,1,1776624322.0544572,27.6,Game,1,Predictable,18.4,1,,,7,17.08,,120,Sound,,,
0,FORT,,1,1776624322.0544572,27.61,Game,1,Predictable,18.41,1,,,7,17.08,,120,Sound,,,
0,FORT,,1,1776624322.0544572,27.62,Game,1,Predictable,18.42,1,,,7,17.08,,120,Sound,,,
0,FORT,,1,1776624322.0544572,27.63,Game,1,Predictable,18.43,1,,,7,17.08,,120,Sound,,,
0,FORT,,1,1776624322.0544572,27.64,Game,1,Predictable,18.44,1,,,7,17.08,,120,Sound,,,
0,FORT,,1,1776624322.0544572,27.65,Game,1,Predictable,18.45,1,,,7,17.08,,120,Sound,,,
0,FORT,,1,1776624322.0544572,27.67,Game,1,Predictable,18.46,1,,,7,17.08,,120,Sound,,,
0,FORT,,1,1776624322.0544572,27.68,Game,1,Predictable,18.48,1,,,7,17.08,,120,Sound,,,
0,FORT,,1,1776624322.0544572,27.69,Game,1,Predictable,18.49,1,,,7,17.08,,120,Sound,,,
0,FORT,,1,1776624322.0544572,27.7,Game,1,Predictable,18.5,1,,,7,17.08,,120,Sound,,,
0,FORT,,1,1776624322.0544572,27.71,Game,1,Predictable,18.51,1,,,7,17.08,,120,Sound,,,
0,FORT,,1,1776624322.0544572,27.72,Game,1,Predictable,18.52,1,,,7,17.08,,120,Sound,,,
0,FORT,,1,1776624322.0544572,27.73,Game,1,Predictable,18.53,1,,,7,17.08,,120,Sound,,,
0,FORT,,1,1776624322.0544572,27.74,Game,1,Predictable,18.54,1,,,7,17.08,,120,Sound,,,
0,FORT,,1,1776624322.0544572,27.75,Game,1,Predictable,18.55,1,,,7,17.08,,120,Sound,,,
0,FORT,,1,1776624322.0544572,27.77,Game,1,Predictable,18.56,1,,,7,17.08,,120,Sound,,,
0,FORT,,1,1776624322.0544572,27.78,Game,1,Predictable,18.58,1,,,7,17.08,,120,Sound,,,
0,FORT,,1,1776624322.0544572,27.79,Game,1,Predictable,18.59,1,,,7,17.08,,120,Sound,,,
0,FORT,,1,1776624322.0544572,27.8,Game,1,Predictable,18.6,1,,,7,17.08,,120,Sound,,,
0,FORT,,1,1776624322.0544572,27.81,Game,1,Predictable,18.61,1,,,7,17.08,,120,Sound,,,
0,FORT,,1,1776624322.0544572,27.82,Game,1,Predictable,18.62,1,,,7,17.08,,120,Sound,,,
0,FORT,,1,1776624322.0544572,27.83,Game,1,Predictable,18.63,1,,,7,17.08,,120,Sound,,,
0,FORT,,1,1776624322.0544572,27.84,Game,1,Predictable,18.64,1,,,7,17.08,,120,Sound,,,
0,FORT,,1,1776624322.0544572,27.85,Game,1,Predictable,18.65,1,,,7,17.08,,120,Sound,,,
0,FORT,,1,1776624322.0544572,27.87,Game,1,Predictable,18.66,1,,,7,17.08,,120,Sound,,,
0,FORT,,1,1776624322.0544572,27.88,Game,1,Predictable,18.68,1,,,7,17.08,,120,Sound,,,
0,FORT,,1,1776624322.0544572,27.89,Game,1,Predictable,18.69,1,,,7,17.08,,120,Sound,,,
0,FORT,,1,1776624322.0544572,27.9,Game,1,Predictable,18.7,1,,,7,17.08,,120,Sound,,,
0,FORT,,1,1776624322.0544572,27.91,Game,1,Predictable,18.71,1,,,7,17.08,,120,Sound,,,
0,FORT,,1,1776624322.0544572,27.92,Game,1,Predictable,18.72,1,,,7,17.08,,120,Sound,,,
0,FORT,,1,1776624322.0544572,27.93,Game,1,Predictable,18.73,1,,,7,17.08,,120,Sound,,,
0,FORT,,1,1776624322.0544572,27.94,Game,1,Predictable,18.74,1,,,7,17.08,,120,Sound,,,
0,FORT,,1,1776624322.0544572,27.95,Game,1,Predictable,18.75,1,,,7,17.08,,120,Sound,,,
0,FORT,,1,1776624322.0544572,27.97,Game,1,Predictable,18.76,1,,,7,17.08,,120,Sound,,,
0,FORT,,1,1776624322.0544572,27.98,Game,1,Predictable,18.78,1,,,7,17.08,,120,Sound,,,
0,FORT,,1,1776624322.0544572,27.99,Game,1,Predictable,18.79,1,,,7,17.08,,120,Sound,,,
0,FORT,,1,1776624322.0544572,28.0,Game,1,Predictable,18.8,1,,,7,17.08,,120,Sound,,,
0,FORT,,1,1776624322.0544572,28.01,Game,1,Predictable,18.81,1,,,7,17.08,,120,Sound,,,
0,FORT,,1,1776624322.0544572,28.02,Game,1,Predictable,18.82,1,,,7,17.08,,120,Sound,,,
0,FORT,,1,1776624322.0544572,28.03,Game,1,Predictable,18.83,1,,,7,17.08,,120,Sound,,,
0,FORT,,1,1776624322.0544572,28.04,Game,1,Predictable,18.84,1,,,7,17.08,,120,Sound,,,
0,FORT,,1,1776624322.0544572,28.05,Game,1,Predictable,18.85,1,,,7,17.08,,120,Sound,,,
0,FORT,,1,1776624322.0544572,28.07,Game,1,Predictable,18.86,1,,,7,17.08,,120,Sound,,,
0,FORT,,1,1776624322.0544572,28.08,Game,1,Predictable,18.88,1,,,7,17.08,,120,Sound,,,
0,FORT,,1,1776624322.0544572,28.09,Game,1,Predictable,18.89,1,,,7,17.08,,120,Sound,,,
0,FORT,,1,1776624322.0544572,28.1,Game,1,Predictable,18.9,1,,,7,17.08,,120,Sound,,,
0,FORT,,1,1776624322.0544572,28.11,Game,1,Predictable,18.91,1,,,7,17.08,,120,Sound,,,
0,FORT,,1,1776624322.0544572,28.12,Game,1,Predictable,18.92,1,,,7,17.08,,120,Sound,,,
0,FORT,,1,1776624322.0544572,28.13,Game,1,Predictable,18.93,1,,,7,17.08,,120,Sound,,,
0,FORT,,1,1776624322.0544572,28.14,Game,1,Predictable,18.94,1,,,7,17.08,,120,Sound,,,
0,FORT,,1,1776624322.0544572,28.15,Game,1,Predictable,18.95,1,,,7,17.08,,120,Sound,,,
0,FORT,,1,1776624322.0544572,28.17,Game,1,Predictable,18.96,1,,,7,17.08,,120,Sound,,,
0,FORT,,1,1776624322.0544572,28.18,Game,1,Predictable,18.98,1,,,7,17.08,,120,Sound,,,
0,FORT,,1,1776624322.0544572,28.19,Game,1,Predictable,18.99,1,,,7,17.08,,120,Sound,,,
0,FORT,,1,1776624322.0544572,28.2,Game,1,Predictable,19.0,1,,,7,17.08,,120,Sound,,,
0,FORT,,1,1776624322.0544572,28.21,Game,1,Predictable,19.01,1,,,7,17.08,,120,Sound,,,
0,FORT,,1,1776624322.0544572,28.22,Game,1,Predictable,19.02,1,,,7,17.08,,120,Sound,,,
0,FORT,,1,1776624322.0544572,28.23,Game,1,Predictable,19.03,1,,,7,17.08,,120,Sound,,,
0,FORT,,1,1776624322.0544572,28.24,Game,1,Predictable,19.04,1,,,7,17.08,,120,Sound,,,
0,FORT,,1,1776624322.0544572,28.25,Game,1,Predictable,19.05,1,,,7,17.08,,120,Sound,,,
0,FORT,,1,1776624322.0544572,28.27,Game,1,Predictable,19.06,1,,,7,17.08,,120,Sound,,,
0,FORT,,1,1776624322.0544572,28.28,Game,1,Predictable,19.08,1,,,7,17.08,,120,Sound,,,
0,FORT,,1,1776624322.0544572,28.29,Game,1,Predictable,19.09,1,,,7,17.08,,120,Sound,,,
0,FORT,,1,1776624322.0544572,28.3,Game,1,Predictable,19.1,1,,,7,17.08,,120,Sound,,,
0,FORT,,1,1776624322.0544572,28.31,Game,1,Predictable,19.11,1,,,7,17.08,,120,Sound,,,
0,FORT,,1,1776624322.0544572,28.32,Game,1,Predictable,19.12,1,,,7,17.08,,120,Sound,,,
0,FORT,,1,1776624322.0544572,28.33,Game,1,Predictable,19.13,1,,,7,17.08,,120,Sound,,,
0,FORT,,1,1776624322.0544572,28.34,Game,1,Predictable,19.14,1,,,7,17.08,,120,Sound,,,
0,FORT,,1,1776624322.0544572,28.35,Game,1,Predictable,19.15,1,,,7,17.08,,120,Sound,,,
0,FORT,,1,1776624322.0544572,28.37,Game,1,Predictable,19.16,1,,,7,17.08,,120,Sound,,,
0,FORT,,1,1776624322.0544572,28.38,Game,1,Predictable,19.18,1,,,7,17.08,,120,Sound,,,
0,FORT,,1,1776624322.0544572,28.39,Game,1,Predictable,19.19,1,,,7,17.08,,120,Sound,,,
0,FORT,,1,1776624322.0544572,28.4,Game,1,Predictable,19.2,1,,,7,17.08,,120,Sound,,,
0,FORT,,1,1776624322.0544572,28.41,Game,1,Predictable,19.21,1,,,7,17.08,,120,Sound,,,
0,FORT,,1,1776624322.0544572,28.42,Game,1,Predictable,19.22,1,,,7,17.08,,120,Sound,,,
0,FORT,,1,1776624322.0544572,28.43,Game,1,Predictable,19.23,1,,,7,17.08,,120,Sound,,,
0,FORT,,1,1776624322.0544572,28.44,Game,1,Predictable,19.24,1,,,7,17.08,,120,Sound,,,
0,FORT,,1,1776624322.0544572,28.45,Game,1,Predictable,19.25,1,,,7,17.08,,120,Sound,,,
0,FORT,,1,1776624322.0544572,28.47,Game,1,Predictable,19.26,1,,,7,17.08,,120,Sound,,,
0,FORT,,1,1776624322.0544572,28.48,Game,1,Predictable,19.28,1,,,7,17.08,,120,Sound,,,
0,FORT,,1,1776624322.0544572,28.49,Game,1,Predictable,19.29,1,,,7,17.08,,120,Sound,,,
0,FORT,,1,1776624322.0544572,28.5,Game,1,Predictable,19.3,1,,,7,17.08,,120,Sound,,,
0,FORT,,1,1776624322.0544572,28.51,Game,1,Predictable,19.31,1,,,7,17.08,,120,Sound,,,
0,FORT,,1,1776624322.0544572,28.52,Game,1,Predictable,19.32,1,,,7,17.08,,120,Sound,,,
0,FORT,,1,1776624322.0544572,28.53,Game,1,Predictable,19.33,1,,,7,17.08,,120,Sound,,,
0,FORT,,1,1776624322.0544572,28.54,Game,1,Predictable,19.34,1,,,7,17.08,,120,Sound,,,
0,FORT,,1,1776624322.0544572,28.55,Game,1,Predictable,19.35,1,,,7,17.08,,120,Sound,,,
0,FORT,,1,1776624322.0544572,28.57,Game,1,Predictable,19.36,1,,,7,17.08,,120,Sound,,,
0,FORT,,1,1776624322.0544572,28.58,Game,1,Predictable,19.38,1,,,7,17.08,,120,Sound,,,
0,FORT,,1,1776624322.0544572,28.59,Game,1,Predictable,19.39,1,,,7,17.08,,120,Sound,,,
0,FORT,,1,1776624322.0544572,28.6,Game,1,Predictable,19.4,1,,,7,17.08,,120,Sound,,,
0,FORT,,1,1776624322.0544572,28.61,Game,1,Predictable,19.41,1,,,7,17.08,,120,Sound,,,
0,FORT,,1,1776624322.0544572,28.62,Game,1,Predictable,19.42,1,,,7,17.08,,120,Sound,,,
0,FORT,,1,1776624322.0544572,28.63,Game,1,Predictable,19.43,1,,,7,17.08,,120,Sound,,,
0,FORT,,1,1776624322.0544572,28.64,Game,1,Predictable,19.44,1,,,7,17.08,,120,Sound,,,
0,FORT,,1,1776624322.0544572,28.65,Game,1,Predictable,19.45,1,,,7,17.08,,120,Sound,,,
0,FORT,,1,1776624322.0544572,28.67,Game,1,Predictable,19.46,1,,,7,17.08,,120,Sound,,,
0,FORT,,1,1776624322.0544572,28.68,Game,1,Predictable,19.48,1,,,7,17.08,,120,Sound,,,
0,FORT,,1,1776624322.0544572,28.69,Game,1,Predictable,19.49,1,,,7,17.08,,120,Sound,,,
0,FORT,,1,1776624322.0544572,28.7,Game,1,Predictable,19.5,1,,,7,17.08,,120,Sound,,,
0,FORT,,1,1776624322.0544572,28.71,Game,1,Predictable,19.51,1,,,7,17.08,,120,Sound,,,
0,FORT,,1,1776624322.0544572,28.72,Game,1,Predictable,19.52,1,,,7,17.08,,120,Sound,,,
0,FORT,,1,1776624322.0544572,28.73,Game,1,Predictable,19.53,1,,,7,17.08,,120,Sound,,,
0,FORT,,1,1776624322.0544572,28.74,Game,1,Predictable,19.54,1,,,7,17.08,,120,Sound,,,
0,FORT,,1,1776624322.0544572,28.75,Game,1,Predictable,19.55,1,,,7,17.08,,120,Sound,,,
0,FORT,,1,1776624322.0544572,28.77,Game,1,Predictable,19.56,1,,,7,17.08,,120,Sound,,,
0,FORT,,1,1776624322.0544572,28.78,Game,1,Predictable,19.58,1,,,7,17.08,,120,Sound,,,
0,FORT,,1,1776624322.0544572,28.79,Game,1,Predictable,19.59,1,,,7,17.08,,120,Sound,,,
0,FORT,,1,1776624322.0544572,28.8,Game,1,Predictable,19.6,1,,,7,17.08,,120,Sound,,,
0,FORT,,1,1776624322.0544572,28.81,Game,1,Predictable,19.61,1,,,7,17.08,,120,Sound,,,
0,FORT,,1,1776624322.0544572,28.82,Game,1,Predictable,19.62,1,,,7,17.08,,120,Sound,,,
0,FORT,,1,1776624322.0544572,28.83,Game,1,Predictable,19.63,1,,,7,17.08,,120,Sound,,,
0,FORT,,1,1776624322.0544572,28.84,Game,1,Predictable,19.64,1,,,7,17.08,,120,Sound,,,
0,FORT,,1,1776624322.0544572,28.85,Game,1,Predictable,19.65,1,,,7,17.08,,120,Sound,,,
0,FORT,,1,1776624322.0544572,28.87,Game,1,Predictable,19.66,1,,,7,17.08,,120,Sound,,,
0,FORT,,1,1776624322.0544572,28.88,Game,1,Predictable,19.68,1,,,7,17.08,,120,Sound,,,
0,FORT,,1,1776624322.0544572,28.89,Game,1,Predictable,19.69,1,,,7,17.08,,120,Sound,,,
0,FORT,,1,1776624322.0544572,28.9,Game,1,Predictable,19.7,1,,,7,17.08,,120,Sound,,,
0,FORT,,1,1776624322.0544572,28.91,Game,1,Predictable,19.71,1,,,7,17.08,,120,Sound,,,
0,FORT,,1,1776624322.0544572,28.92,Game,1,Predictable,19.72,1,,,7,17.08,,120,Sound,,,
0,FORT,,1,1776624322.0544572,28.93,Game,1,Predictable,19.73,1,,,7,17.08,,120,Sound,,,
0,FORT,,1,1776624322.0544572,28.94,Game,1,Predictable,19.74,1,,,7,17.08,,120,Sound,,,
0,FORT,,1,1776624322.0544572,28.95,Game,1,Predictable,19.75,1,,,7,17.08,,120,Sound,,,
0,FORT,,1,1776624322.0544572,28.97,Game,1,Predictable,19.76,1,,,7,17.08,,120,Sound,,,
0,FORT,,1,1776624322.0544572,28.98,Game,1,Predictable,19.78,1,,,7,17.08,,120,Sound,,,
0,FORT,,1,1776624322.0544572,28.99,Game,1,Predictable,19.79,1,,,7,17.08,,120,Sound,,,
0,FORT,,1,1776624322.0544572,29.0,Game,1,Predictable,19.8,1,,,7,17.08,,120,Sound,,,
0,FORT,,1,1776624322.0544572,29.01,Game,1,Predictable,19.81,1,,,7,17.08,,120,Sound,,,
0,FORT,,1,1776624322.0544572,31.17,Game,1,Predictable,19.82,1,1,,7,17.08,,121,Sound,,,
0,FORT,,1,1776624322.0544572,31.22,Game,1,Predictable,19.82,1,1,,7,17.08,,121,Sound,,,
0,FORT,,1,1776624322.0544572,31.28,Game,1,Predictable,19.82,1,1,,7,17.08,,121,Sound,,,
0,FORT,,1,1776624322.0544572,31.33,Game,1,Predictable,19.82,1,1,,7,17.08,,121,Sound,,,
0,FORT,,1,1776624322.0544572,31.39,Game,1,Predictable,19.82,1,1,,7,17.08,,121,Sound,,,
0,FORT,,1,1776624322.0544572,31.44,Game,1,Predictable,19.82,1,1,,7,17.08,,121,Sound,,,
0,FORT,,1,1776624322.0544572,31.5,Game,1,Predictable,19.82,1,1,,7,17.08,,121,Sound,,,
0,FORT,,1,1776624322.0544572,31.55,Game,1,Predictable,19.82,1,1,,7,17.08,,121,Sound,,,
0,FORT,,1,1776624322.0544572,31.61,Game,1,Predictable,19.82,1,1,,7,17.08,,121,Sound,,,
0,FORT,,1,1776624322.0544572,31.66,Game,1,Predictable,19.82,1,1,,7,17.08,,121,Sound,,,
0,FORT,,1,1776624322.0544572,31.71,Game,1,Predictable,19.82,1,1,,7,17.08,,121,Sound,,,
0,FORT,,1,1776624322.0544572,31.77,Game,1,Predictable,19.82,1,1,,7,17.08,,121,Sound,,,
0,FORT,,1,1776624322.0544572,31.82,Game,1,Predictable,19.82,1,1,,7,17.08,,121,Sound,,,
0,FORT,,1,1776624322.0544572,31.88,Game,1,Predictable,19.82,1,1,,7,17.08,,121,Sound,,,
0,FORT,,1,1776624322.0544572,31.93,Game,1,Predictable,19.82,1,1,,7,17.08,,121,Sound,,,
0,FORT,,1,1776624322.0544572,31.99,Game,1,Predictable,19.82,1,1,,7,17.08,,121,Sound,,,
0,FORT,,1,1776624322.0544572,32.04,Game,1,Predictable,19.82,1,1,,7,17.08,,121,Sound,,,
0,FORT,,1,1776624322.0544572,32.1,Game,1,Predictable,19.82,1,1,,7,17.08,,121,Sound,,,
0,FORT,,1,1776624322.0544572,32.15,Game,1,Predictable,19.82,1,1,,7,17.08,,121,Sound,,,
0,FORT,,1,1776624322.0544572,32.21,Game,1,Predictable,19.82,1,,,7,17.08,,120,Sound,,,
0,FORT,,1,1776624322.0544572,32.23,Game,1,Predictable,23.03,1,,,7,17.08,,120,Sound,,,
0,FORT,,1,1776624322.0544572,32.24,Game,1,Predictable,23.04,1,,,7,17.08,,120,Sound,,,
0,FORT,,1,1776624322.0544572,32.25,Game,1,Predictable,23.05,1,,,7,17.08,,120,Sound,,,
0,FORT,,1,1776624322.0544572,32.26,Game,1,Predictable,23.06,1,,,7,17.08,,120,Sound,,,
0,FORT,,1,1776624322.0544572,32.27,Game,1,Predictable,23.07,1,,,7,17.08,,120,Sound,,,
0,FORT,,1,1776624322.0544572,32.28,Game,1,Predictable,23.08,1,,,7,17.08,,120,Sound,,,
0,FORT,,1,1776624322.0544572,32.28,Game,1,Predictable,23.09,1,,,7,17.08,,120,Sound,,,
0,FORT,,1,1776624322.0544572,32.29,Game,1,Predictable,23.09,1,,,7,17.08,,120,Sound,,,
0,FORT,,1,1776624322.0544572,32.3,Game,1,Predictable,23.1,1,,,7,17.08,,120,Sound,,,
0,FORT,,1,1776624322.0544572,32.31,Game,1,Predictable,23.11,1,,,7,17.08,,120,Sound,,,
0,FORT,,1,1776624322.0544572,32.32,Game,1,Predictable,23.12,1,,,7,17.08,,120,Sound,,,
0,FORT,,1,1776624322.0544572,32.33,Game,1,Predictable,23.13,1,,,7,17.08,,120,Sound,,,
0,FORT,,1,1776624322.0544572,32.34,Game,1,Predictable,23.14,1,,,7,17.08,,120,Sound,,,
0,FORT,,1,1776624322.0544572,32.35,Game,1,Predictable,23.15,1,,,7,17.08,,120,Sound,,,
0,FORT,,1,1776624322.0544572,32.36,Game,1,Predictable,23.16,1,,,7,17.08,,120,Sound,,,
0,FORT,,1,1776624322.0544572,32.37,Game,1,Predictable,23.17,1,,,7,17.08,,120,Sound,,,
0,FORT,,1,1776624322.0544572,32.38,Game,1,Predictable,23.18,1,,,7,17.08,,120,Sound,,,
0,FORT,,1,1776624322.0544572,32.39,Game,1,Predictable,23.19,1,,,7,17.08,,120,Sound,,,
0,FORT,,1,1776624322.0544572,32.4,Game,1,Predictable,23.2,1,,,7,17.08,,120,Sound,,,
0,FORT,,1,1776624322.0544572,32.41,Game,1,Predictable,23.21,1,,,7,17.08,,120,Sound,,,
0,FORT,,1,1776624322.0544572,32.42,Game,1,Predictable,23.22,1,,,7,17.08,,120,Sound,,,
0,FORT,,1,1776624322.0544572,32.43,Game,1,Predictable,23.23,1,,,7,17.08,,120,Sound,,,
0,FORT,,1,1776624322.0544572,32.44,Game,1,Predictable,23.24,1,,,7,17.08,,120,Sound,,,
0,FORT,,1,1776624322.0544572,32.45,Game,1,Predictable,23.25,1,,,7,17.08,,120,Sound,,,
0,FORT,,1,1776624322.0544572,32.46,Game,1,Predictable,23.26,1,,,7,17.08,,120,Sound,,,
0,FORT,,1,1776624322.0544572,32.47,Game,1,Predictable,23.27,1,,,7,17.08,,120,Sound,,,
0,FORT,,1,1776624322.0544572,32.48,Game,1,Predictable,23.28,1,,,7,17.08,,120,Sound,,,
0,FORT,,1,1776624322.0544572,32.49,Game,1,Predictable,23.29,1,,,7,17.08,,120,Sound,,,
0,FORT,,1,1776624322.0544572,32.5,Game,1,Predictable,23.3,1,,,7,17.08,,120,Sound,,,
0,FORT,,1,1776624322.0544572,32.51,Game,1,Predictable,23.31,1,,,7,17.08,,120,Sound,,,
0,FORT,,1,1776624322.0544572,32.52,Game,1,Predictable,23.32,1,,,7,17.08,,120,Sound,,,
0,FORT,,1,1776624322.0544572,32.53,Game,1,Predictable,23.33,1,,,7,17.08,,120,Sound,,,
0,FORT,,1,1776624322.0544572,32.54,Game,1,Predictable,23.34,1,,,7,17.08,,120,Sound,,,
0,FORT,,1,1776624322.0544572,32.55,Game,1,Predictable,23.35,1,,,7,17.08,,120,Sound,,,
0,FORT,,1,1776624322.0544572,32.56,Game,1,Predictable,23.36,1,,,7,17.08,,120,Sound,,,
0,FORT,,1,1776624322.0544572,32.57,Game,1,Predictable,23.37,1,,,7,17.08,,120,Sound,,,
0,FORT,,1,1776624322.0544572,32.58,Game,1,Predictable,23.38,1,,,7,17.08,,120,Sound,,,
0,FORT,,1,1776624322.0544572,32.59,Game,1,Predictable,23.39,1,,,7,17.08,,120,Sound,,,
0,FORT,,1,1776624322.0544572,32.6,Game,1,Predictable,23.4,1,,,7,17.08,,120,Sound,,,
0,FORT,,1,1776624322.0544572,32.61,Game,1,Predictable,23.41,1,,,7,17.08,,120,Sound,,,
0,FORT,,1,1776624322.0544572,32.62,Game,1,Predictable,23.42,1,,,7,17.08,,120,Sound,,,
0,FORT,,1,1776624322.0544572,32.63,Game,1,Predictable,23.43,1,,,7,17.08,,120,Sound,,,
0,FORT,,1,1776624322.0544572,32.63,Game,1,Predictable,23.44,1,,,7,17.08,,120,Sound,,,
0,FORT,,1,1776624322.0544572,32.64,Game,1,Predictable,23.44,1,,,7,17.08,,120,Sound,,,
0,FORT,,1,1776624322.0544572,32.65,Game,1,Predictable,23.45,1,,,7,17.08,,120,Sound,,,
0,FORT,,1,1776624322.0544572,32.66,Game,1,Predictable,23.46,1,,,7,17.08,,120,Sound,,,
0,FORT,,1,1776624322.0544572,32.67,Game,1,Predictable,23.47,1,,,7,17.08,,120,Sound,,,
0,FORT,,1,1776624322.0544572,32.68,Game,1,Predictable,23.48,1,,,7,17.08,,120,Sound,,,
0,FORT,,1,1776624322.0544572,32.68,Game,1,Predictable,23.49,1,,,7,17.08,,120,Sound,,,
0,FORT,,1,1776624322.0544572,32.69,Game,1,Predictable,23.49,1,,,7,17.08,,120,Sound,,,
0,FORT,,1,1776624322.0544572,32.7,Game,1,Predictable,23.5,1,,,7,17.08,,120,Sound,,,
0,FORT,,1,1776624322.0544572,32.71,Game,1,Predictable,23.51,1,,,7,17.08,,120,Sound,,,
0,FORT,,1,1776624322.0544572,32.72,Game,1,Predictable,23.52,1,,,7,17.08,,120,Sound,,,
0,FORT,,1,1776624322.0544572,32.73,Game,1,Predictable,23.53,1,,,7,17.08,,120,Sound,,,
0,FORT,,1,1776624322.0544572,32.73,Game,1,Predictable,23.54,1,,,7,17.08,,120,Sound,,,
0,FORT,,1,1776624322.0544572,32.74,Game,1,Predictable,23.54,1,,,7,17.08,,120,Sound,,,
0,FORT,,1,1776624322.0544572,32.75,Game,1,Predictable,23.55,1,,,7,17.08,,120,Sound,,,
0,FORT,,1,1776624322.0544572,32.76,Game,1,Predictable,23.56,1,,,7,17.08,,120,Sound,,,
0,FORT,,1,1776624322.0544572,32.77,Game,1,Predictable,23.57,1,,,7,17.08,,120,Sound,,,
0,FORT,,1,1776624322.0544572,32.78,Game,1,Predictable,23.58,1,,,7,17.08,,120,Sound,,,
0,FORT,,1,1776624322.0544572,32.79,Game,1,Predictable,23.59,1,,,7,17.08,,120,Sound,,,
0,FORT,,1,1776624322.0544572,32.8,Game,1,Predictable,23.6,1,,,7,17.08,,120,Sound,,,
0,FORT,,1,1776624322.0544572,32.81,Game,1,Predictable,23.61,1,,,7,17.08,,120,Sound,,,
0,FORT,,1,1776624322.0544572,32.82,Game,1,Predictable,23.62,1,,,7,17.08,,120,Sound,,,
0,FORT,,1,1776624322.0544572,32.83,Game,1,Predictable,23.63,1,,,7,17.08,,120,Sound,,,
0,FORT,,1,1776624322.0544572,32.84,Game,1,Predictable,23.64,1,,,7,17.08,,120,Sound,,,
0,FORT,,1,1776624322.0544572,32.85,Game,1,Predictable,23.65,1,,,7,17.08,,120,Sound,,,
0,FORT,,1,1776624322.0544572,32.86,Game,1,Predictable,23.66,1,,,7,17.08,,120,Sound,,,
0,FORT,,1,1776624322.0544572,32.87,Game,1,Predictable,23.67,1,,,7,17.08,,120,Sound,,,
0,FORT,,1,1776624322.0544572,32.88,Game,1,Predictable,23.68,1,,,7,17.08,,120,Sound,,,
0,FORT,,1,1776624322.0544572,32.89,Game,1,Predictable,23.69,1,,,7,17.08,,120,Sound,,,
0,FORT,,1,1776624322.0544572,32.9,Game,1,Predictable,23.7,1,,,7,17.08,,120,Sound,,,
0,FORT,,1,1776624322.0544572,32.91,Game,1,Predictable,23.71,1,,,7,17.08,,120,Sound,,,
0,FORT,,1,1776624322.0544572,32.92,Game,1,Predictable,23.72,1,,,7,17.08,,120,Sound,,,
0,FORT,,1,1776624322.0544572,32.93,Game,1,Predictable,23.73,1,,,7,17.08,,120,Sound,,,
0,FORT,,1,1776624322.0544572,32.94,Game,1,Predictable,23.74,1,,,7,17.08,,120,Sound,,,
0,FORT,,1,1776624322.0544572,32.95,Game,1,Predictable,23.75,1,,,7,17.08,,120,Sound,,,
0,FORT,,1,1776624322.0544572,32.96,Game,1,Predictable,23.76,1,,,7,17.08,,120,Sound,,,
0,FORT,,1,1776624322.0544572,32.97,Game,1,Predictable,23.77,1,,,7,17.08,,120,Sound,,,
0,FORT,,1,1776624322.0544572,32.98,Game,1,Predictable,23.78,1,,,7,17.08,,120,Sound,,,
0,FORT,,1,1776624322.0544572,32.98,Game,1,Predictable,23.79,1,,,7,17.08,,120,Sound,,,
0,FORT,,1,1776624322.0544572,32.99,Game,1,Predictable,23.79,1,,,7,17.08,,120,Sound,,,
0,FORT,,1,1776624322.0544572,33.0,Game,1,Predictable,23.8,1,,,7,17.08,,120,Sound,,,
0,FORT,,1,1776624322.0544572,33.01,Game,1,Predictable,23.81,1,,,7,17.08,,120,Sound,,,
0,FORT,,1,1776624322.0544572,33.02,Game,1,Predictable,23.82,1,,,7,17.08,,120,Sound,,,
0,FORT,,1,1776624322.0544572,33.03,Game,1,Predictable,23.83,1,,,7,17.08,,120,Sound,,,
0,FORT,,1,1776624322.0544572,33.03,Game,1,Predictable,23.84,1,,,7,17.08,,120,Sound,,,
0,FORT,,1,1776624322.0544572,33.04,Game,1,Predictable,23.84,1,,,7,17.08,,120,Sound,,,
0,FORT,,1,1776624322.0544572,33.05,Game,1,Predictable,23.85,1,,,7,17.08,,120,Sound,,,
0,FORT,,1,1776624322.0544572,33.06,Game,1,Predictable,23.86,1,,,7,17.08,,120,Sound,,,
0,FORT,,1,1776624322.0544572,33.07,Game,1,Predictable,23.87,1,,,7,17.08,,120,Sound,,,
0,FORT,,1,1776624322.0544572,33.08,Game,1,Predictable,23.88,1,,,7,17.08,,120,Sound,,,
0,FORT,,1,1776624322.0544572,33.09,Game,1,Predictable,23.89,1,,,7,17.08,,120,Sound,,,
0,FORT,,1,1776624322.0544572,33.1,Game,1,Predictable,23.9,1,,,7,17.08,,120,Sound,,,
0,FORT,,1,1776624322.0544572,33.11,Game,1,Predictable,23.91,1,,,7,17.08,,120,Sound,,,
0,FORT,,1,1776624322.0544572,33.12,Game,1,Predictable,23.92,1,,,7,17.08,,120,Sound,,,
0,FORT,,1,1776624322.0544572,33.13,Game,1,Predictable,23.93,1,,,7,17.08,,120,Sound,,,
0,FORT,,1,1776624322.0544572,33.14,Game,1,Predictable,23.94,1,,,7,17.08,,120,Sound,,,
0,FORT,,1,1776624322.0544572,33.15,Game,1,Predictable,23.95,1,,,7,17.08,,120,Sound,,,
0,FORT,,1,1776624322.0544572,33.16,Game,1,Predictable,23.96,1,,,7,17.08,,120,Sound,,,
0,FORT,,1,1776624322.0544572,33.17,Game,1,Predictable,23.97,1,,,7,17.08,,120,Sound,,,
0,FORT,,1,1776624322.0544572,33.18,Game,1,Predictable,23.98,1,,,7,17.08,,120,Sound,,,
0,FORT,,1,1776624322.0544572,33.18,Game,1,Predictable,23.99,1,,,7,17.08,,120,Sound,,,
0,FORT,,1,1776624322.0544572,33.19,Game,1,Predictable,23.99,1,,,7,17.08,,120,Sound,,,
0,FORT,,1,1776624322.0544572,33.2,Game,1,Predictable,24.0,1,,,7,17.08,,120,Sound,,,
0,FORT,,1,1776624322.0544572,33.21,Game,1,Predictable,24.01,1,,,7,17.08,,120,Sound,,,
0,FORT,,1,1776624322.0544572,33.22,Game,1,Predictable,24.02,1,,,7,17.08,,120,Sound,,,
0,FORT,,1,1776624322.0544572,33.23,Game,1,Predictable,24.03,1,,,7,17.08,,120,Sound,,,
0,FORT,,1,1776624322.0544572,33.23,Game,1,Predictable,24.04,1,,,7,17.08,,120,Sound,,,
0,FORT,,1,1776624322.0544572,33.24,Game,1,Predictable,24.04,1,,,7,17.08,,120,Sound,,,
0,FORT,,1,1776624322.0544572,33.25,Game,1,Predictable,24.05,1,,,7,17.08,,120,Sound,,,
0,FORT,,1,1776624322.0544572,33.26,Game,1,Predictable,24.06,1,,,7,17.08,,120,Sound,,,
0,FORT,,1,1776624322.0544572,33.27,Game,1,Predictable,24.07,1,,,7,17.08,,120,Sound,,,
0,FORT,,1,1776624322.0544572,33.28,Game,1,Predictable,24.08,1,,,7,17.08,,120,Sound,,,
0,FORT,,1,1776624322.0544572,33.28,Game,1,Predictable,24.09,1,,,7,17.08,,120,Sound,,,
0,FORT,,1,1776624322.0544572,33.29,Game,1,Predictable,24.09,1,,,7,17.08,,120,Sound,,,
0,FORT,,1,1776624322.0544572,33.3,Game,1,Predictable,24.1,1,,,7,17.08,,120,Sound,,,
0,FORT,,1,1776624322.0544572,33.31,Game,1,Predictable,24.11,1,,,7,17.08,,120,Sound,,,
0,FORT,,1,1776624322.0544572,33.32,Game,1,Predictable,24.12,1,,,7,17.08,,120,Sound,,,
0,FORT,,1,1776624322.0544572,33.33,Game,1,Predictable,24.13,1,,,7,17.08,,120,Sound,,,
0,FORT,,1,1776624322.0544572,33.33,Game,1,Predictable,24.14,1,,,7,17.08,,120,Sound,,,
0,FORT,,1,1776624322.0544572,33.34,Game,1,Predictable,24.14,1,,,7,17.08,,120,Sound,,,
0,FORT,,1,1776624322.0544572,33.35,Game,1,Predictable,24.15,1,,,7,17.08,,120,Sound,,,
0,FORT,,1,1776624322.0544572,33.36,Game,1,Predictable,24.16,1,,,7,17.08,,120,Sound,,,
0,FORT,,1,1776624322.0544572,33.37,Game,1,Predictable,24.17,1,,,7,17.08,,120,Sound,,,
0,FORT,,1,1776624322.0544572,33.38,Game,1,Predictable,24.18,1,,,7,17.08,,120,Sound,,,
0,FORT,,1,1776624322.0544572,33.38,Game,1,Predictable,24.19,1,,,7,17.08,,120,Sound,,,
0,FORT,,1,1776624322.0544572,33.39,Game,1,Predictable,24.19,1,,,7,17.08,,120,Sound,,,
0,FORT,,1,1776624322.0544572,33.4,Game,1,Predictable,24.2,1,,,7,17.08,,120,Sound,,,
0,FORT,,1,1776624322.0544572,33.41,Game,1,Predictable,24.21,1,,,7,17.08,,120,Sound,,,
0,FORT,,1,1776624322.0544572,33.42,Game,1,Predictable,24.22,1,,1,7,17.08,,122,Sound,,,
0,FORT,,1,1776624322.0544572,33.47,Game,1,Predictable,24.22,1,,1,7,17.08,,122,Sound,,,
0,FORT,,1,1776624322.0544572,33.53,Game,1,Predictable,24.22,1,,1,7,17.08,,122,Sound,,,
0,FORT,,1,1776624322.0544572,33.58,Game,1,Predictable,24.22,1,,1,7,17.08,,122,Sound,,,
0,FORT,,1,1776624322.0544572,33.63,Game,1,Predictable,24.22,1,,1,7,17.08,,122,Sound,,,
0,FORT,,1,1776624322.0544572,33.69,Game,1,Predictable,24.22,1,,1,7,17.08,,122,Sound,,,
0,FORT,,1,1776624322.0544572,33.74,Game,1,Predictable,24.22,1,,1,7,17.08,,122,Sound,,,
0,FORT,,1,1776624322.0544572,33.79,Game,1,Predictable,24.22,1,,1,7,17.08,,122,Sound,,,
0,FORT,,1,1776624322.0544572,33.85,Game,1,Predictable,24.22,1,,1,7,17.08,,122,Sound,,,
0,FORT,,1,1776624322.0544572,33.9,Game,1,Predictable,24.22,1,,1,7,17.08,,122,Sound,,,
0,FORT,,1,1776624322.0544572,33.95,Game,1,Predictable,24.22,1,,1,7,17.08,,122,Sound,,,
0,FORT,,1,1776624322.0544572,34.01,Game,1,Predictable,24.22,1,,1,7,17.08,,122,Sound,,,
0,FORT,,1,1776624322.0544572,34.06,Game,1,Predictable,24.22,1,,1,7,17.08,,122,Sound,,,
0,FORT,,1,1776624322.0544572,34.11,Game,1,Predictable,24.22,1,,1,7,17.08,,122,Sound,,,
0,FORT,,1,1776624322.0544572,34.16,Game,1,Predictable,24.22,1,,1,7,17.08,,122,Sound,,,
0,FORT,,1,1776624322.0544572,34.22,Game,1,Predictable,24.22,1,,1,7,17.08,,122,Sound,,,
0,FORT,,1,1776624322.0544572,34.27,Game,1,Predictable,24.22,1,,1,7,17.08,,122,Sound,,,
0,FORT,,1,1776624322.0544572,34.32,Game,1,Predictable,24.22,1,,1,7,17.08,,122,Sound,,,
0,FORT,,1,1776624322.0544572,34.38,Game,1,Predictable,24.22,1,,1,7,17.08,,122,Sound,,,
0,FORT,,1,1776624322.0544572,34.43,Game,1,Predictable,24.22,1,,1,7,17.08,,122,Sound,,,
0,FORT,,1,1776624322.0544572,34.48,Game,1,Predictable,24.22,1,,1,7,17.08,,122,Sound,,,
0,FORT,,1,1776624322.0544572,34.54,Game,1,Predictable,24.22,1,,1,7,17.08,,122,Sound,,,
0,FORT,,1,1776624322.0544572,34.59,Game,1,Predictable,24.22,1,,1,7,17.08,,122,Sound,,,
0,FORT,,1,1776624322.0544572,34.64,Game,1,Predictable,24.22,1,,1,7,17.08,,122,Sound,,,
0,FORT,,1,1776624322.0544572,34.7,Game,1,Predictable,24.22,1,,1,7,17.08,,122,Sound,,,
0,FORT,,1,1776624322.0544572,34.75,Game,1,Predictable,24.22,1,,1,7,17.08,,122,Sound,,,
0,FORT,,1,1776624322.0544572,34.8,Game,1,Predictable,24.22,1,,1,7,17.08,,122,Sound,,,
0,FORT,,1,1776624322.0544572,34.85,Game,1,Predictable,24.22,1,,1,7,17.08,,122,Sound,,,
0,FORT,,1,1776624322.0544572,34.91,Game,1,Predictable,24.22,1,,1,7,17.08,,122,Sound,,,
0,FORT,,1,1776624322.0544572,34.97,Game,1,Predictable,24.22,1,,,7,17.08,,120,Sound,,,
0,FORT,,1,1776624322.0544572,34.97,Game,1,Predictable,25.77,1,,,7,17.08,,120,Sound,,,
0,FORT,,1,1776624322.0544572,34.98,Game,1,Predictable,25.78,1,,,7,17.08,,120,Sound,,,
0,FORT,,1,1776624322.0544572,35.0,Game,1,Predictable,25.79,1,,,7,17.08,,120,Sound,,,
0,FORT,,1,1776624322.0544572,35.01,Game,1,Predictable,25.81,1,,,7,17.08,,120,Sound,,,
0,FORT,,1,1776624322.0544572,35.02,Game,1,Predictable,25.82,1,,,7,17.08,,120,Sound,,,
0,FORT,,1,1776624322.0544572,35.02,Game,1,Predictable,25.83,1,,,7,17.08,,120,Sound,,,
0,FORT,,1,1776624322.0544572,35.03,Game,1,Predictable,25.83,1,,,7,17.08,,120,Sound,,,
0,FORT,,1,1776624322.0544572,35.04,Game,1,Predictable,25.84,1,,,7,17.08,,120,Sound,,,
0,FORT,,1,1776624322.0544572,35.05,Game,1,Predictable,25.85,1,,,7,17.08,,120,Sound,,,
0,FORT,,1,1776624322.0544572,35.06,Game,1,Predictable,25.86,1,,,7,17.08,,120,Sound,,,
0,FORT,,1,1776624322.0544572,35.07,Game,1,Predictable,25.87,1,,,7,17.08,,120,Sound,,,
0,FORT,,1,1776624322.0544572,35.07,Game,1,Predictable,25.88,1,,,7,17.08,,120,Sound,,,
0,FORT,,1,1776624322.0544572,35.08,Game,1,Predictable,25.88,1,,,7,17.08,,120,Sound,,,
0,FORT,,1,1776624322.0544572,35.09,Game,1,Predictable,25.89,1,,,7,17.08,,120,Sound,,,
0,FORT,,1,1776624322.0544572,35.1,Game,1,Predictable,25.9,1,,,7,17.08,,120,Sound,,,
0,FORT,,1,1776624322.0544572,35.11,Game,1,Predictable,25.91,1,,,7,17.08,,120,Sound,,,
0,FORT,,1,1776624322.0544572,35.12,Game,1,Predictable,25.92,1,,,7,17.08,,120,Sound,,,
0,FORT,,1,1776624322.0544572,35.12,Game,1,Predictable,25.93,1,,,7,17.08,,120,Sound,,,
0,FORT,,1,1776624322.0544572,35.13,Game,1,Predictable,25.93,1,,,7,17.08,,120,Sound,,,
0,FORT,,1,1776624322.0544572,35.14,Game,1,Predictable,25.94,1,,,7,17.08,,120,Sound,,,
0,FORT,,1,1776624322.0544572,35.15,Game,1,Predictable,25.95,1,,,7,17.08,,120,Sound,,,
0,FORT,,1,1776624322.0544572,35.16,Game,1,Predictable,25.96,1,,,7,17.08,,120,Sound,,,
0,FORT,,1,1776624322.0544572,35.17,Game,1,Predictable,25.97,1,,,7,17.08,,120,Sound,,,
0,FORT,,1,1776624322.0544572,35.17,Game,1,Predictable,25.98,1,,,7,17.08,,120,Sound,,,
0,FORT,,1,1776624322.0544572,35.18,Game,1,Predictable,25.98,1,,,7,17.08,,120,Sound,,,
0,FORT,,1,1776624322.0544572,35.19,Game,1,Predictable,25.99,1,,,7,17.08,,120,Sound,,,
0,FORT,,1,1776624322.0544572,35.2,Game,1,Predictable,26.0,1,,,7,17.08,,120,Sound,,,
0,FORT,,1,1776624322.0544572,35.21,Game,1,Predictable,26.01,1,,,7,17.08,,120,Sound,,,
0,FORT,,1,1776624322.0544572,35.22,Game,1,Predictable,26.02,1,,,7,17.08,,120,Sound,,,
0,FORT,,1,1776624322.0544572,35.22,Game,1,Predictable,26.03,1,,,7,17.08,,120,Sound,,,
0,FORT,,1,1776624322.0544572,35.23,Game,1,Predictable,26.03,1,,,7,17.08,,120,Sound,,,
0,FORT,,1,1776624322.0544572,35.24,Game,1,Predictable,26.04,1,,,7,17.08,,120,Sound,,,
0,FORT,,1,1776624322.0544572,35.25,Game,1,Predictable,26.05,1,,,7,17.08,,120,Sound,,,
0,FORT,,1,1776624322.0544572,35.26,Game,1,Predictable,26.06,1,,,7,17.08,,120,Sound,,,
0,FORT,,1,1776624322.0544572,35.27,Game,1,Predictable,26.07,1,,,7,17.08,,120,Sound,,,
0,FORT,,1,1776624322.0544572,35.27,Game,1,Predictable,26.08,1,,,7,17.08,,120,Sound,,,
0,FORT,,1,1776624322.0544572,35.28,Game,1,Predictable,26.08,1,,,7,17.08,,120,Sound,,,
0,FORT,,1,1776624322.0544572,35.29,Game,1,Predictable,26.09,1,,,7,17.08,,120,Sound,,,
0,FORT,,1,1776624322.0544572,35.3,Game,1,Predictable,26.1,1,,,7,17.08,,120,Sound,,,
0,FORT,,1,1776624322.0544572,35.31,Game,1,Predictable,26.11,1,,,7,17.08,,120,Sound,,,
0,FORT,,1,1776624322.0544572,35.32,Game,1,Predictable,26.12,1,,,7,17.08,,120,Sound,,,
0,FORT,,1,1776624322.0544572,35.32,Game,1,Predictable,26.13,1,,,7,17.08,,120,Sound,,,
0,FORT,,1,1776624322.0544572,35.33,Game,1,Predictable,26.13,1,,,7,17.08,,120,Sound,,,
0,FORT,,1,1776624322.0544572,35.34,Game,1,Predictable,26.14,1,,,7,17.08,,120,Sound,,,
0,FORT,,1,1776624322.0544572,35.35,Game,1,Predictable,26.15,1,,,7,17.08,,120,Sound,,,
0,FORT,,1,1776624322.0544572,35.36,Game,1,Predictable,26.16,1,,,7,17.08,,120,Sound,,,
0,FORT,,1,1776624322.0544572,35.37,Game,1,Predictable,26.17,1,,,7,17.08,,120,Sound,,,
0,FORT,,1,1776624322.0544572,35.37,Game,1,Predictable,26.18,1,,,7,17.08,,120,Sound,,,
0,FORT,,1,1776624322.0544572,35.38,Game,1,Predictable,26.18,1,,,7,17.08,,120,Sound,,,
0,FORT,,1,1776624322.0544572,35.39,Game,1,Predictable,26.19,1,,,7,17.08,,120,Sound,,,
0,FORT,,1,1776624322.0544572,35.4,Game,1,Predictable,26.2,1,,,7,17.08,,120,Sound,,,
0,FORT,,1,1776624322.0544572,35.41,Game,1,Predictable,26.21,1,,,7,17.08,,120,Sound,,,
0,FORT,,1,1776624322.0544572,35.42,Game,1,Predictable,26.22,1,,,7,17.08,,120,Sound,,,
0,FORT,,1,1776624322.0544572,35.42,Game,1,Predictable,26.23,1,,,7,17.08,,120,Sound,,,
0,FORT,,1,1776624322.0544572,35.43,Game,1,Predictable,26.23,1,,,7,17.08,,120,Sound,,,
0,FORT,,1,1776624322.0544572,35.44,Game,1,Predictable,26.24,1,,,7,17.08,,120,Sound,,,
0,FORT,,1,1776624322.0544572,35.45,Game,1,Predictable,26.25,1,,,7,17.08,,120,Sound,,,
0,FORT,,1,1776624322.0544572,35.46,Game,1,Predictable,26.26,1,,,7,17.08,,120,Sound,,,
0,FORT,,1,1776624322.0544572,35.47,Game,1,Predictable,26.27,1,,,7,17.08,,120,Sound,,,
0,FORT,,1,1776624322.0544572,35.47,Game,1,Predictable,26.28,1,,,7,17.08,,120,Sound,,,
0,FORT,,1,1776624322.0544572,35.48,Game,1,Predictable,26.28,1,,,7,17.08,,120,Sound,,,
0,FORT,,1,1776624322.0544572,35.49,Game,1,Predictable,26.29,1,,,7,17.08,,120,Sound,,,
0,FORT,,1,1776624322.0544572,35.5,Game,1,Predictable,26.3,1,,,7,17.08,,120,Sound,,,
0,FORT,,1,1776624322.0544572,35.51,Game,1,Predictable,26.31,1,,,7,17.08,,120,Sound,,,
0,FORT,,1,1776624322.0544572,35.52,Game,1,Predictable,26.32,1,,,7,17.08,,120,Sound,,,
0,FORT,,1,1776624322.0544572,35.52,Game,1,Predictable,26.33,1,,,7,17.08,,120,Sound,,,
0,FORT,,1,1776624322.0544572,35.53,Game,1,Predictable,26.33,1,,,7,17.08,,120,Sound,,,
0,FORT,,1,1776624322.0544572,35.54,Game,1,Predictable,26.34,1,,,7,17.08,,120,Sound,,,
0,FORT,,1,1776624322.0544572,35.55,Game,1,Predictable,26.35,1,,,7,17.08,,120,Sound,,,
0,FORT,,1,1776624322.0544572,35.56,Game,1,Predictable,26.36,1,,,7,17.08,,120,Sound,,,
0,FORT,,1,1776624322.0544572,35.57,Game,1,Predictable,26.37,1,,,7,17.08,,120,Sound,,,
0,FORT,,1,1776624322.0544572,35.57,Game,1,Predictable,26.38,1,,,7,17.08,,120,Sound,,,
0,FORT,,1,1776624322.0544572,35.58,Game,1,Predictable,26.38,1,,,7,17.08,,120,Sound,,,
0,FORT,,1,1776624322.0544572,35.59,Game,1,Predictable,26.39,1,,,7,17.08,,120,Sound,,,
0,FORT,,1,1776624322.0544572,35.6,Game,1,Predictable,26.4,1,,,7,17.08,,120,Sound,,,
0,FORT,,1,1776624322.0544572,35.61,Game,1,Predictable,26.41,1,,,7,17.08,,120,Sound,,,
0,FORT,,1,1776624322.0544572,35.62,Game,1,Predictable,26.42,1,,,7,17.08,,120,Sound,,,
0,FORT,,1,1776624322.0544572,35.62,Game,1,Predictable,26.43,1,,,7,17.08,,120,Sound,,,
0,FORT,,1,1776624322.0544572,35.63,Game,1,Predictable,26.43,1,,,7,17.08,,120,Sound,,,
0,FORT,,1,1776624322.0544572,35.64,Game,1,Predictable,26.44,1,,,7,17.08,,120,Sound,,,
0,FORT,,1,1776624322.0544572,35.65,Game,1,Predictable,26.45,1,,,7,17.08,,120,Sound,,,
0,FORT,,1,1776624322.0544572,35.66,Game,1,Predictable,26.46,1,,,7,17.08,,120,Sound,,,
0,FORT,,1,1776624322.0544572,35.67,Game,1,Predictable,26.47,1,,,7,17.08,,120,Sound,,,
0,FORT,,1,1776624322.0544572,35.67,Game,1,Predictable,26.48,1,,,7,17.08,,120,Sound,,,
0,FORT,,1,1776624322.0544572,35.68,Game,1,Predictable,26.48,1,,,7,17.08,,120,Sound,,,
0,FORT,,1,1776624322.0544572,35.69,Game,1,Predictable,26.49,1,,,7,17.08,,120,Sound,,,
0,FORT,,1,1776624322.0544572,35.7,Game,1,Predictable,26.5,1,,,7,17.08,,120,Sound,,,
0,FORT,,1,1776624322.0544572,35.71,Game,1,Predictable,26.51,1,,,7,17.08,,120,Sound,,,
0,FORT,,1,1776624322.0544572,35.72,Game,1,Predictable,26.52,1,,,7,17.08,,120,Sound,,,
0,FORT,,1,1776624322.0544572,35.72,Game,1,Predictable,26.53,1,,,7,17.08,,120,Sound,,,
0,FORT,,1,1776624322.0544572,35.73,Game,1,Predictable,26.53,1,,,7,17.08,,120,Sound,,,
0,FORT,,1,1776624322.0544572,35.74,Game,1,Predictable,26.54,1,,,7,17.08,,120,Sound,,,
0,FORT,,1,1776624322.0544572,35.75,Game,1,Predictable,26.55,1,,,7,17.08,,120,Sound,,,
0,FORT,,1,1776624322.0544572,35.76,Game,1,Predictable,26.56,1,,,7,17.08,,120,Sound,,,
0,FORT,,1,1776624322.0544572,35.77,Game,1,Predictable,26.57,1,,,7,17.08,,120,Sound,,,
0,FORT,,1,1776624322.0544572,35.77,Game,1,Predictable,26.58,1,,,7,17.08,,120,Sound,,,
0,FORT,,1,1776624322.0544572,35.78,Game,1,Predictable,26.58,1,,,7,17.08,,120,Sound,,,
0,FORT,,1,1776624322.0544572,35.79,Game,1,Predictable,26.59,1,,,7,17.08,,120,Sound,,,
0,FORT,,1,1776624322.0544572,35.8,Game,1,Predictable,26.6,1,,,7,17.08,,120,Sound,,,
0,FORT,,1,1776624322.0544572,35.81,Game,1,Predictable,26.61,1,,,7,17.08,,120,Sound,,,
0,FORT,,1,1776624322.0544572,35.82,Game,1,Predictable,26.62,1,,,7,17.08,,120,Sound,,,
0,FORT,,1,1776624322.0544572,35.82,Game,1,Predictable,26.63,1,,,7,17.08,,120,Sound,,,
0,FORT,,1,1776624322.0544572,35.83,Game,1,Predictable,26.63,1,,,7,17.08,,120,Sound,,,
0,FORT,,1,1776624322.0544572,35.84,Game,1,Predictable,26.64,1,,,7,17.08,,120,Sound,,,
0,FORT,,1,1776624322.0544572,35.85,Game,1,Predictable,26.65,1,,,7,17.08,,120,Sound,,,
0,FORT,,1,1776624322.0544572,35.86,Game,1,Predictable,26.66,1,,,7,17.08,,120,Sound,,,
0,FORT,,1,1776624322.0544572,35.87,Game,1,Predictable,26.67,1,,,7,17.08,,120,Sound,,,
0,FORT,,1,1776624322.0544572,35.87,Game,1,Predictable,26.68,1,,,7,17.08,,120,Sound,,,
0,FORT,,1,1776624322.0544572,35.88,Game,1,Predictable,26.68,1,,,7,17.08,,120,Sound,,,
0,FORT,,1,1776624322.0544572,35.89,Game,1,Predictable,26.69,1,,,7,17.08,,120,Sound,,,
0,FORT,,1,1776624322.0544572,35.9,Game,1,Predictable,26.7,1,,,7,17.08,,120,Sound,,,
0,FORT,,1,1776624322.0544572,35.91,Game,1,Predictable,26.71,1,,,7,17.08,,120,Sound,,,
0,FORT,,1,1776624322.0544572,35.92,Game,1,Predictable,26.72,1,,,7,17.08,,120,Sound,,,
0,FORT,,1,1776624322.0544572,35.92,Game,1,Predictable,26.73,1,,,7,17.08,,120,Sound,,,
0,FORT,,1,1776624322.0544572,35.93,Game,1,Predictable,26.73,1,,,7,17.08,,120,Sound,,,
0,FORT,,1,1776624322.0544572,35.94,Game,1,Predictable,26.74,1,,,7,17.08,,120,Sound,,,
0,FORT,,1,1776624322.0544572,35.95,Game,1,Predictable,26.75,1,,,7,17.08,,120,Sound,,,
0,FORT,,1,1776624322.0544572,35.96,Game,1,Predictable,26.76,1,,,7,17.08,,120,Sound,,,
0,FORT,,1,1776624322.0544572,35.97,Game,1,Predictable,26.77,1,,,7,17.08,,120,Sound,,,
0,FORT,,1,1776624322.0544572,35.97,Game,1,Predictable,26.78,1,,,7,17.08,,120,Sound,,,
0,FORT,,1,1776624322.0544572,35.98,Game,1,Predictable,26.78,1,,,7,17.08,,120,Sound,,,
0,FORT,,1,1776624322.0544572,35.99,Game,1,Predictable,26.79,1,,,7,17.08,,120,Sound,,,
0,FORT,,1,1776624322.0544572,36.0,Game,1,Predictable,26.8,1,,,7,17.08,,120,Sound,,,
0,FORT,,1,1776624322.0544572,36.01,Game,1,Predictable,26.81,1,,,7,17.08,,120,Sound,,,
0,FORT,,1,1776624322.0544572,36.02,Game,1,Predictable,26.82,1,,,7,17.08,,120,Sound,,,
0,FORT,,1,1776624322.0544572,36.02,Game,1,Predictable,26.83,1,,,7,17.08,,120,Sound,,,
0,FORT,,1,1776624322.0544572,36.03,Game,1,Predictable,26.83,1,,,7,17.08,,120,Sound,,,
0,FORT,,1,1776624322.0544572,36.04,Game,1,Predictable,26.84,1,,,7,17.08,,120,Sound,,,
0,FORT,,1,1776624322.0544572,36.05,Game,1,Predictable,26.85,1,,,7,17.08,,120,Sound,,,
0,FORT,,1,1776624322.0544572,36.06,Game,1,Predictable,26.86,1,,,7,17.08,,120,Sound,,,
0,FORT,,1,1776624322.0544572,36.07,Game,1,Predictable,26.87,1,,,7,17.08,,120,Sound,,,
0,FORT,,1,1776624322.0544572,36.07,Game,1,Predictable,26.88,1,,,7,17.08,,120,Sound,,,
0,FORT,,1,1776624322.0544572,36.08,Game,1,Predictable,26.88,1,,,7,17.08,,120,Sound,,,
0,FORT,,1,1776624322.0544572,36.09,Game,1,Predictable,26.89,1,,,7,17.08,,120,Sound,,,
0,FORT,,1,1776624322.0544572,36.1,Game,1,Predictable,26.9,1,,,7,17.08,,120,Sound,,,
0,FORT,,1,1776624322.0544572,36.11,Game,1,Predictable,26.91,1,,,7,17.08,,120,Sound,,,
0,FORT,,1,1776624322.0544572,36.12,Game,1,Predictable,26.92,1,,,7,17.08,,120,Sound,,,
0,FORT,,1,1776624322.0544572,36.12,Game,1,Predictable,26.93,1,,,7,17.08,,120,Sound,,,
0,FORT,,1,1776624322.0544572,36.13,Game,1,Predictable,26.93,1,,,7,17.08,,120,Sound,,,
0,FORT,,1,1776624322.0544572,36.14,Game,1,Predictable,26.94,1,,,7,17.08,,120,Sound,,,
0,FORT,,1,1776624322.0544572,36.15,Game,1,Predictable,26.95,1,,,7,17.08,,120,Sound,,,
0,FORT,,1,1776624322.0544572,36.16,Game,1,Predictable,26.96,1,,,7,17.08,,120,Sound,,,
0,FORT,,1,1776624322.0544572,36.17,Game,1,Predictable,26.97,1,,,7,17.08,,120,Sound,,,
0,FORT,,1,1776624322.0544572,36.17,Game,1,Predictable,26.98,1,,,7,17.08,,120,Sound,,,
0,FORT,,1,1776624322.0544572,36.18,Game,1,Predictable,26.98,1,,,7,17.08,,120,Sound,,,
0,FORT,,1,1776624322.0544572,36.19,Game,1,Predictable,26.99,1,,,7,17.08,,120,Sound,,,
0,FORT,,1,1776624322.0544572,36.2,Game,1,Predictable,27.0,1,,,7,17.08,,120,Sound,,,
0,FORT,,1,1776624322.0544572,36.21,Game,1,Predictable,27.01,1,,,7,17.08,,120,Sound,,,
0,FORT,,1,1776624322.0544572,36.22,Game,1,Predictable,27.02,1,,,7,17.08,,120,Sound,,,
0,FORT,,1,1776624322.0544572,36.22,Game,1,Predictable,27.03,1,,,7,17.08,,120,Sound,,,
0,FORT,,1,1776624322.0544572,36.23,Game,1,Predictable,27.03,1,,,7,17.08,,120,Sound,,,
0,FORT,,1,1776624322.0544572,36.24,Game,1,Predictable,27.04,1,,,7,17.08,,120,Sound,,,
0,FORT,,1,1776624322.0544572,36.25,Game,1,Predictable,27.05,1,,,7,17.08,,120,Sound,,,
0,FORT,,1,1776624322.0544572,36.26,Game,1,Predictable,27.06,1,,,7,17.08,,120,Sound,,,
0,FORT,,1,1776624322.0544572,36.27,Game,1,Predictable,27.07,1,,,7,17.08,,120,Sound,,,
0,FORT,,1,1776624322.0544572,36.27,Game,1,Predictable,27.08,1,,,7,17.08,,120,Sound,,,
0,FORT,,1,1776624322.0544572,36.28,Game,1,Predictable,27.08,1,,,7,17.08,,120,Sound,,,
0,FORT,,1,1776624322.0544572,36.29,Game,1,Predictable,27.09,1,,,7,17.08,,120,Sound,,,
0,FORT,,1,1776624322.0544572,36.3,Game,1,Predictable,27.1,1,,,7,17.08,,120,Sound,,,
0,FORT,,1,1776624322.0544572,36.31,Game,1,Predictable,27.11,1,,,7,17.08,,120,Sound,,,
0,FORT,,1,1776624322.0544572,36.32,Game,1,Predictable,27.12,1,,,7,17.08,,120,Sound,,,
0,FORT,,1,1776624322.0544572,36.32,Game,1,Predictable,27.13,1,,,7,17.08,,120,Sound,,,
0,FORT,,1,1776624322.0544572,36.33,Game,1,Predictable,27.13,1,,,7,17.08,,120,Sound,,,
0,FORT,,1,1776624322.0544572,36.34,Game,1,Predictable,27.14,1,,,7,17.08,,120,Sound,,,
0,FORT,,1,1776624322.0544572,36.36,Game,1,Predictable,27.15,1,,,6,17.08,,120,Sound,,,
0,FORT,,1,1776624322.0544572,36.37,Game,1,Predictable,27.16,1,,,6,17.08,,120,Sound,,,
0,FORT,,1,1776624322.0544572,36.37,Game,1,Predictable,27.18,1,,,6,17.08,,120,Sound,,,
0,FORT,,1,1776624322.0544572,36.38,Game,1,Predictable,27.18,1,,,6,17.08,,120,Sound,,,
0,FORT,,1,1776624322.0544572,36.39,Game,1,Predictable,27.19,1,,,6,17.08,,120,Sound,,,
0,FORT,,1,1776624322.0544572,36.4,Game,1,Predictable,27.2,1,,,6,17.08,,120,Sound,,,
0,FORT,,1,1776624322.0544572,36.41,Game,1,Predictable,27.21,1,,,6,17.08,,120,Sound,,,
0,FORT,,1,1776624322.0544572,36.42,Game,1,Predictable,27.22,1,,,6,17.08,,120,Sound,,,
0,FORT,,1,1776624322.0544572,36.42,Game,1,Predictable,27.23,1,,,6,17.08,,120,Sound,,,
0,FORT,,1,1776624322.0544572,36.43,Game,1,Predictable,27.23,1,,,6,17.08,,120,Sound,,,
0,FORT,,1,1776624322.0544572,36.44,Game,1,Predictable,27.24,1,,,6,17.08,,120,Sound,,,
0,FORT,,1,1776624322.0544572,36.45,Game,1,Predictable,27.25,1,,,6,17.08,,120,Sound,,,
0,FORT,,1,1776624322.0544572,36.46,Game,1,Predictable,27.26,1,,,6,17.08,,120,Sound,,,
0,FORT,,1,1776624322.0544572,36.47,Game,1,Predictable,27.27,1,,,6,17.08,,120,Sound,,,
0,FORT,,1,1776624322.0544572,36.47,Game,1,Predictable,27.28,1,,,6,17.08,,120,Sound,,,
0,FORT,,1,1776624322.0544572,36.48,Game,1,Predictable,27.28,1,,,6,17.08,,120,Sound,,,
0,FORT,,1,1776624322.0544572,36.49,Game,1,Predictable,27.29,1,,,6,17.08,,120,Sound,,,
0,FORT,,1,1776624322.0544572,36.5,Game,1,Predictable,27.3,1,,,6,17.08,,120,Sound,,,
0,FORT,,1,1776624322.0544572,36.51,Game,1,Predictable,27.31,1,,,6,17.08,,120,Sound,,,
0,FORT,,1,1776624322.0544572,36.52,Game,1,Predictable,27.32,1,,,6,17.08,,120,Sound,,,
0,FORT,,1,1776624322.0544572,36.52,Game,1,Predictable,27.33,1,,,6,17.08,,120,Sound,,,
0,FORT,,1,1776624322.0544572,36.53,Game,1,Predictable,27.33,1,,,6,17.08,,120,Sound,,,
0,FORT,,1,1776624322.0544572,36.54,Game,1,Predictable,27.34,1,,,6,17.08,,120,Sound,,,
0,FORT,,1,1776624322.0544572,36.55,Game,1,Predictable,27.35,1,,,6,17.08,,120,Sound,,,
0,FORT,,1,1776624322.0544572,36.56,Game,1,Predictable,27.36,1,,,6,17.08,,120,Sound,,,
0,FORT,,1,1776624322.0544572,36.57,Game,1,Predictable,27.37,1,,,6,17.08,,120,Sound,,,
0,FORT,,1,1776624322.0544572,36.57,Game,1,Predictable,27.38,1,,,6,17.08,,120,Sound,,,
0,FORT,,1,1776624322.0544572,36.58,Game,1,Predictable,27.38,1,,,6,17.08,,120,Sound,,,
0,FORT,,1,1776624322.0544572,36.59,Game,1,Predictable,27.39,1,,,6,17.08,,120,Sound,,,
0,FORT,,1,1776624322.0544572,36.6,Game,1,Predictable,27.4,1,,,6,17.08,,120,Sound,,,
0,FORT,,1,1776624322.0544572,36.61,Game,1,Predictable,27.41,1,,,6,17.08,,120,Sound,,,
0,FORT,,1,1776624322.0544572,36.62,Game,1,Predictable,27.42,1,,,6,17.08,,120,Sound,,,
0,FORT,,1,1776624322.0544572,36.62,Game,1,Predictable,27.43,1,,,6,17.08,,120,Sound,,,
0,FORT,,1,1776624322.0544572,36.63,Game,1,Predictable,27.43,1,,,6,17.08,,120,Sound,,,
0,FORT,,1,1776624322.0544572,36.64,Game,1,Predictable,27.44,1,,,6,17.08,,120,Sound,,,
0,FORT,,1,1776624322.0544572,36.65,Game,1,Predictable,27.45,1,,,6,17.08,,120,Sound,,,
0,FORT,,1,1776624322.0544572,36.66,Game,1,Predictable,27.46,1,,,6,17.08,,120,Sound,,,
0,FORT,,1,1776624322.0544572,36.67,Game,1,Predictable,27.47,1,,,6,17.08,,120,Sound,,,
0,FORT,,1,1776624322.0544572,36.67,Game,1,Predictable,27.48,1,,,6,17.08,,120,Sound,,,
0,FORT,,1,1776624322.0544572,36.68,Game,1,Predictable,27.48,1,,,5,17.08,,120,Sound,,,
0,FORT,,1,1776624322.0544572,36.69,Game,1,Predictable,27.49,1,,,5,17.08,,120,Sound,,,
0,FORT,,1,1776624322.0544572,36.7,Game,1,Predictable,27.5,1,,,5,17.08,,120,Sound,,,
0,FORT,,1,1776624322.0544572,36.71,Game,1,Predictable,27.51,1,,,5,17.08,,120,Sound,,,
0,FORT,,1,1776624322.0544572,36.72,Game,1,Predictable,27.52,1,,,5,17.08,,120,Sound,,,
0,FORT,,1,1776624322.0544572,36.72,Game,1,Predictable,27.53,1,,,5,17.08,,120,Sound,,,
0,FORT,,1,1776624322.0544572,36.73,Game,1,Predictable,27.53,1,,,5,17.08,,120,Sound,,,
0,FORT,,1,1776624322.0544572,36.74,Game,1,Predictable,27.54,1,,,5,17.08,,120,Sound,,,
0,FORT,,1,1776624322.0544572,36.75,Game,1,Predictable,27.55,1,,,5,17.08,,120,Sound,,,
0,FORT,,1,1776624322.0544572,36.76,Game,1,Predictable,27.56,1,,,5,17.08,,120,Sound,,,
0,FORT,,1,1776624322.0544572,36.77,Game,1,Predictable,27.57,1,,,5,17.08,,120,Sound,,,
0,FORT,,1,1776624322.0544572,36.77,Game,1,Predictable,27.58,1,,,5,17.08,,120,Sound,,,
0,FORT,,1,1776624322.0544572,36.78,Game,1,Predictable,27.58,1,,,5,17.08,,120,Sound,,,
0,FORT,,1,1776624322.0544572,36.79,Game,1,Predictable,27.59,1,,,5,17.08,,120,Sound,,,
0,FORT,,1,1776624322.0544572,36.8,Game,1,Predictable,27.6,1,,,5,17.08,,120,Sound,,,
0,FORT,,1,1776624322.0544572,36.81,Game,1,Predictable,27.61,1,,,5,17.08,,120,Sound,,,
0,FORT,,1,1776624322.0544572,36.82,Game,1,Predictable,27.62,1,,,5,17.08,,120,Sound,,,
0,FORT,,1,1776624322.0544572,36.82,Game,1,Predictable,27.63,1,,,5,17.08,,120,Sound,,,
0,FORT,,1,1776624322.0544572,36.83,Game,1,Predictable,27.63,1,,,5,17.08,,120,Sound,,,
0,FORT,,1,1776624322.0544572,36.84,Game,1,Predictable,27.64,1,,,5,17.08,,120,Sound,,,
0,FORT,,1,1776624322.0544572,36.85,Game,1,Predictable,27.65,1,,,5,17.08,,120,Sound,,,
0,FORT,,1,1776624322.0544572,36.86,Game,1,Predictable,27.66,1,,,5,17.08,,120,Sound,,,
0,FORT,,1,1776624322.0544572,36.87,Game,1,Predictable,27.67,1,,,5,17.08,,120,Sound,,,
0,FORT,,1,1776624322.0544572,36.87,Game,1,Predictable,27.68,1,,,5,17.08,,120,Sound,,,
0,FORT,,1,1776624322.0544572,36.88,Game,1,Predictable,27.68,1,,,5,17.08,,120,Sound,,,
0,FORT,,1,1776624322.0544572,36.89,Game,1,Predictable,27.69,1,,,5,17.08,,120,Sound,,,
0,FORT,,1,1776624322.0544572,36.9,Game,1,Predictable,27.7,1,,,5,17.08,,120,Sound,,,
0,FORT,,1,1776624322.0544572,36.91,Game,1,Predictable,27.71,1,,,5,17.08,,120,Sound,,,
0,FORT,,1,1776624322.0544572,36.92,Game,1,Predictable,27.72,1,,,5,17.08,,120,Sound,,,
0,FORT,,1,1776624322.0544572,36.92,Game,1,Predictable,27.73,1,,,5,17.08,,120,Sound,,,
0,FORT,,1,1776624322.0544572,36.93,Game,1,Predictable,27.73,1,,,5,17.08,,120,Sound,,,
0,FORT,,1,1776624322.0544572,36.94,Game,1,Predictable,27.74,1,,,5,17.08,,120,Sound,,,
0,FORT,,1,1776624322.0544572,36.95,Game,1,Predictable,27.75,1,,,5,17.08,,120,Sound,,,
0,FORT,,1,1776624322.0544572,36.96,Game,1,Predictable,27.76,1,,,5,17.08,,120,Sound,,,
0,FORT,,1,1776624322.0544572,36.97,Game,1,Predictable,27.77,1,,,5,17.08,,120,Sound,,,
0,FORT,,1,1776624322.0544572,36.98,Game,1,Predictable,27.78,1,,,4,17.08,,120,Sound,,,
0,FORT,,1,1776624322.0544572,37.0,Game,1,Predictable,27.79,1,,,4,17.08,,120,Sound,,,
0,FORT,,1,1776624322.0544572,37.02,Game,1,Predictable,27.81,1,,,4,17.08,,120,Sound,,,
0,FORT,,1,1776624322.0544572,37.02,Game,1,Predictable,27.83,1,,,4,17.08,,120,Sound,,,
0,FORT,,1,1776624322.0544572,37.03,Game,1,Predictable,27.83,1,,,4,17.08,,120,Sound,,,
0,FORT,,1,1776624322.0544572,37.04,Game,1,Predictable,27.84,1,,,4,17.08,,120,Sound,,,
0,FORT,,1,1776624322.0544572,37.05,Game,1,Predictable,27.85,1,,,4,17.08,,120,Sound,,,
0,FORT,,1,1776624322.0544572,37.06,Game,1,Predictable,27.86,1,,,4,17.08,,120,Sound,,,
0,FORT,,1,1776624322.0544572,37.07,Game,1,Predictable,27.87,1,,,4,17.08,,120,Sound,,,
0,FORT,,1,1776624322.0544572,37.07,Game,1,Predictable,27.88,1,,,4,17.08,,120,Sound,,,
0,FORT,,1,1776624322.0544572,37.08,Game,1,Predictable,27.88,1,,,4,17.08,,120,Sound,,,
0,FORT,,1,1776624322.0544572,37.09,Game,1,Predictable,27.89,1,,,4,17.08,,120,Sound,,,
0,FORT,,1,1776624322.0544572,37.1,Game,1,Predictable,27.9,1,,,4,17.08,,120,Sound,,,
0,FORT,,1,1776624322.0544572,37.11,Game,1,Predictable,27.91,1,,,4,17.08,,120,Sound,,,
0,FORT,,1,1776624322.0544572,37.12,Game,1,Predictable,27.92,1,,,4,17.08,,120,Sound,,,
0,FORT,,1,1776624322.0544572,37.12,Game,1,Predictable,27.93,1,,,4,17.08,,120,Sound,,,
0,FORT,,1,1776624322.0544572,37.13,Game,1,Predictable,27.93,1,,,4,17.08,,120,Sound,,,
0,FORT,,1,1776624322.0544572,37.14,Game,1,Predictable,27.94,1,,,4,17.08,,120,Sound,,,
0,FORT,,1,1776624322.0544572,37.15,Game,1,Predictable,27.95,1,,,4,17.08,,120,Sound,,,
0,FORT,,1,1776624322.0544572,37.16,Game,1,Predictable,27.96,1,,,4,17.08,,120,Sound,,,
0,FORT,,1,1776624322.0544572,37.17,Game,1,Predictable,27.97,1,,,4,17.08,,120,Sound,,,
0,FORT,,1,1776624322.0544572,37.17,Game,1,Predictable,27.98,1,,,4,17.08,,120,Sound,,,
0,FORT,,1,1776624322.0544572,37.18,Game,1,Predictable,27.98,1,,,4,17.08,,120,Sound,,,
0,FORT,,1,1776624322.0544572,37.19,Game,1,Predictable,27.99,1,,,4,17.08,,120,Sound,,,
0,FORT,,1,1776624322.0544572,37.2,Game,1,Predictable,28.0,1,,,4,17.08,,120,Sound,,,
0,FORT,,1,1776624322.0544572,37.21,Game,1,Predictable,28.01,1,,,4,17.08,,120,Sound,,,
0,FORT,,1,1776624322.0544572,37.22,Game,1,Predictable,28.02,1,,,4,17.08,,120,Sound,,,
0,FORT,,1,1776624322.0544572,37.22,Game,1,Predictable,28.03,1,,,4,17.08,,120,Sound,,,
0,FORT,,1,1776624322.0544572,37.23,Game,1,Predictable,28.03,1,,,4,17.08,,120,Sound,,,
0,FORT,,1,1776624322.0544572,37.24,Game,1,Predictable,28.04,1,,,4,17.08,,120,Sound,,,
0,FORT,,1,1776624322.0544572,37.25,Game,1,Predictable,28.05,1,,,4,17.08,,120,Sound,,,
0,FORT,,1,1776624322.0544572,37.26,Game,1,Predictable,28.06,1,,,4,17.08,,120,Sound,,,
0,FORT,,1,1776624322.0544572,37.27,Game,1,Predictable,28.07,1,,,4,17.08,,120,Sound,,,
0,FORT,,1,1776624322.0544572,37.28,Game,1,Predictable,28.08,1,,,3,17.08,,120,Sound,,,
0,FORT,,1,1776624322.0544572,37.29,Game,1,Predictable,28.09,1,,,3,17.08,,120,Sound,,,
0,FORT,,1,1776624322.0544572,37.3,Game,1,Predictable,28.09,1,,,3,17.08,,120,Sound,,,
0,FORT,,1,1776624322.0544572,37.31,Game,1,Predictable,28.11,1,,,3,17.08,,120,Sound,,,
0,FORT,,1,1776624322.0544572,37.32,Game,1,Predictable,28.12,1,,,3,17.08,,120,Sound,,,
0,FORT,,1,1776624322.0544572,37.32,Game,1,Predictable,28.13,1,,,3,17.08,,120,Sound,,,
0,FORT,,1,1776624322.0544572,37.33,Game,1,Predictable,28.13,1,,,3,17.08,,120,Sound,,,
0,FORT,,1,1776624322.0544572,37.34,Game,1,Predictable,28.14,1,,,3,17.08,,120,Sound,,,
0,FORT,,1,1776624322.0544572,37.35,Game,1,Predictable,28.15,1,,,3,17.08,,120,Sound,,,
0,FORT,,1,1776624322.0544572,37.36,Game,1,Predictable,28.16,1,,,3,17.08,,120,Sound,,,
0,FORT,,1,1776624322.0544572,37.37,Game,1,Predictable,28.17,1,,,3,17.08,,120,Sound,,,
0,FORT,,1,1776624322.0544572,37.37,Game,1,Predictable,28.18,1,,,3,17.08,,120,Sound,,,
0,FORT,,1,1776624322.0544572,37.38,Game,1,Predictable,28.18,1,,,3,17.08,,120,Sound,,,
0,FORT,,1,1776624322.0544572,37.39,Game,1,Predictable,28.19,1,,,3,17.08,,120,Sound,,,
0,FORT,,1,1776624322.0544572,37.4,Game,1,Predictable,28.2,1,,,3,17.08,,120,Sound,,,
0,FORT,,1,1776624322.0544572,37.41,Game,1,Predictable,28.21,1,,,3,17.08,,120,Sound,,,
0,FORT,,1,1776624322.0544572,37.42,Game,1,Predictable,28.22,1,,,3,17.08,,120,Sound,,,
0,FORT,,1,1776624322.0544572,37.42,Game,1,Predictable,28.23,1,,,3,17.08,,120,Sound,,,
0,FORT,,1,1776624322.0544572,37.43,Game,1,Predictable,28.23,1,,,3,17.08,,120,Sound,,,
0,FORT,,1,1776624322.0544572,37.44,Game,1,Predictable,28.24,1,,,3,17.08,,120,Sound,,,
0,FORT,,1,1776624322.0544572,37.45,Game,1,Predictable,28.25,1,,,3,17.08,,120,Sound,,,
0,FORT,,1,1776624322.0544572,37.46,Game,1,Predictable,28.26,1,,,3,17.08,,120,Sound,,,
0,FORT,,1,1776624322.0544572,37.47,Game,1,Predictable,28.27,1,,,3,17.08,,120,Sound,,,
0,FORT,,1,1776624322.0544572,37.47,Game,1,Predictable,28.28,1,,,3,17.08,,120,Sound,,,
0,FORT,,1,1776624322.0544572,37.48,Game,1,Predictable,28.28,1,,,3,17.08,,120,Sound,,,
0,FORT,,1,1776624322.0544572,37.49,Game,1,Predictable,28.29,1,,,3,17.08,,120,Sound,,,
0,FORT,,1,1776624322.0544572,37.5,Game,1,Predictable,28.3,1,,,3,17.08,,120,Sound,,,
0,FORT,,1,1776624322.0544572,37.51,Game,1,Predictable,28.31,1,,,3,17.08,,120,Sound,,,
0,FORT,,1,1776624322.0544572,37.52,Game,1,Predictable,28.32,1,,,3,17.08,,120,Sound,,,
0,FORT,,1,1776624322.0544572,37.52,Game,1,Predictable,28.33,1,,,3,17.08,,120,Sound,,,
0,FORT,,1,1776624322.0544572,37.53,Game,1,Predictable,28.33,1,,,3,17.08,,120,Sound,,,
0,FORT,,1,1776624322.0544572,37.54,Game,1,Predictable,28.34,1,,,3,17.08,,120,Sound,,,
0,FORT,,1,1776624322.0544572,37.55,Game,1,Predictable,28.35,1,,,3,17.08,,120,Sound,,,
0,FORT,,1,1776624322.0544572,37.56,Game,1,Predictable,28.36,1,,,3,17.08,,120,Sound,,,
0,FORT,,1,1776624322.0544572,37.57,Game,1,Predictable,28.37,1,,,3,17.08,,120,Sound,,,
0,FORT,,1,1776624322.0544572,37.57,Game,1,Predictable,28.38,1,,,3,17.08,,120,Sound,,,
0,FORT,,1,1776624322.0544572,37.58,Game,1,Predictable,28.38,1,,,3,17.08,,120,Sound,,,
0,FORT,,1,1776624322.0544572,37.59,Game,1,Predictable,28.39,1,,,3,17.08,,120,Sound,,,
0,FORT,,1,1776624322.0544572,37.6,Game,1,Predictable,28.4,1,,,3,17.08,,120,Sound,,,
0,FORT,,1,1776624322.0544572,37.61,Game,1,Predictable,28.41,1,,,3,17.08,,120,Sound,,,
0,FORT,,1,1776624322.0544572,37.62,Game,1,Predictable,28.42,1,,,3,17.08,,120,Sound,,,
0,FORT,,1,1776624322.0544572,37.62,Game,1,Predictable,28.43,1,,,3,17.08,,120,Sound,,,
0,FORT,,1,1776624322.0544572,37.63,Game,1,Predictable,28.43,1,,,3,17.08,,120,Sound,,,
0,FORT,,1,1776624322.0544572,37.64,Game,1,Predictable,28.44,1,,,3,17.08,,120,Sound,,,
0,FORT,,1,1776624322.0544572,37.65,Game,1,Predictable,28.45,1,,,3,17.08,,120,Sound,,,
0,FORT,,1,1776624322.0544572,37.66,Game,1,Predictable,28.46,1,,,3,17.08,,120,Sound,,,
0,FORT,,1,1776624322.0544572,37.67,Game,1,Predictable,28.47,1,,,3,17.08,,120,Sound,,,
0,FORT,,1,1776624322.0544572,37.67,Game,1,Predictable,28.48,1,,,3,17.08,,120,Sound,,,
0,FORT,,1,1776624322.0544572,37.68,Game,1,Predictable,28.48,1,,,3,17.08,,120,Sound,,,
0,FORT,,1,1776624322.0544572,37.69,Game,1,Predictable,28.49,1,,,3,17.08,,120,Sound,,,
0,FORT,,1,1776624322.0544572,37.7,Game,1,Predictable,28.5,1,,,3,17.08,,120,Sound,,,
0,FORT,,1,1776624322.0544572,37.71,Game,1,Predictable,28.51,1,,,3,17.08,,120,Sound,,,
0,FORT,,1,1776624322.0544572,37.72,Game,1,Predictable,28.52,1,,,3,17.08,,120,Sound,,,
0,FORT,,1,1776624322.0544572,37.73,Game,1,Predictable,28.53,1,,,4,17.08,,120,Sound,,,
0,FORT,,1,1776624322.0544572,37.75,Game,1,Predictable,28.54,1,,,4,17.08,,120,Sound,,,
0,FORT,,1,1776624322.0544572,37.77,Game,1,Predictable,28.56,1,,,4,17.08,,120,Sound,,,
0,FORT,,1,1776624322.0544572,37.77,Game,1,Predictable,28.58,1,,,4,17.08,,120,Sound,,,
0,FORT,,1,1776624322.0544572,37.78,Game,1,Predictable,28.58,1,,,4,17.08,,120,Sound,,,
0,FORT,,1,1776624322.0544572,37.79,Game,1,Predictable,28.59,1,,,4,17.08,,120,Sound,,,
0,FORT,,1,1776624322.0544572,37.8,Game,1,Predictable,28.6,1,,,4,17.08,,120,Sound,,,
0,FORT,,1,1776624322.0544572,37.81,Game,1,Predictable,28.61,1,,,4,17.08,,120,Sound,,,
0,FORT,,1,1776624322.0544572,37.82,Game,1,Predictable,28.62,1,,,4,17.08,,120,Sound,,,
0,FORT,,1,1776624322.0544572,37.82,Game,1,Predictable,28.63,1,,,4,17.08,,120,Sound,,,
0,FORT,,1,1776624322.0544572,37.83,Game,1,Predictable,28.63,1,,,4,17.08,,120,Sound,,,
0,FORT,,1,1776624322.0544572,37.84,Game,1,Predictable,28.64,1,,,4,17.08,,120,Sound,,,
0,FORT,,1,1776624322.0544572,37.85,Game,1,Predictable,28.65,1,,,4,17.08,,120,Sound,,,
0,FORT,,1,1776624322.0544572,37.86,Game,1,Predictable,28.66,1,,,4,17.08,,120,Sound,,,
0,FORT,,1,1776624322.0544572,37.87,Game,1,Predictable,28.67,1,,,4,17.08,,120,Sound,,,
0,FORT,,1,1776624322.0544572,37.87,Game,1,Predictable,28.68,1,,,4,17.08,,120,Sound,,,
0,FORT,,1,1776624322.0544572,37.88,Game,1,Predictable,28.68,1,,,4,17.08,,120,Sound,,,
0,FORT,,1,1776624322.0544572,37.89,Game,1,Predictable,28.69,1,,,4,17.08,,120,Sound,,,
0,FORT,,1,1776624322.0544572,37.9,Game,1,Predictable,28.7,1,,,4,17.08,,120,Sound,,,
0,FORT,,1,1776624322.0544572,37.91,Game,1,Predictable,28.71,1,,,4,17.08,,120,Sound,,,
0,FORT,,1,1776624322.0544572,37.92,Game,1,Predictable,28.72,1,,,4,17.08,,120,Sound,,,
0,FORT,,1,1776624322.0544572,37.92,Game,1,Predictable,28.73,1,,,4,17.08,,120,Sound,,,
0,FORT,,1,1776624322.0544572,37.93,Game,1,Predictable,28.73,1,,,4,17.08,,120,Sound,,,
0,FORT,,1,1776624322.0544572,37.94,Game,1,Predictable,28.74,1,,,4,17.08,,120,Sound,,,
0,FORT,,1,1776624322.0544572,37.95,Game,1,Predictable,28.75,1,,,4,17.08,,120,Sound,,,
0,FORT,,1,1776624322.0544572,37.96,Game,1,Predictable,28.76,1,,,4,17.08,,120,Sound,,,
0,FORT,,1,1776624322.0544572,37.97,Game,1,Predictable,28.77,1,,,4,17.08,,120,Sound,,,
0,FORT,,1,1776624322.0544572,37.97,Game,1,Predictable,28.78,1,,,4,17.08,,120,Sound,,,
0,FORT,,1,1776624322.0544572,37.98,Game,1,Predictable,28.78,1,,,4,17.08,,120,Sound,,,
0,FORT,,1,1776624322.0544572,37.99,Game,1,Predictable,28.79,1,,,4,17.08,,120,Sound,,,
0,FORT,,1,1776624322.0544572,38.0,Game,1,Predictable,28.8,1,,,4,17.08,,120,Sound,,,
0,FORT,,1,1776624322.0544572,38.01,Game,1,Predictable,28.81,1,,,4,17.08,,120,Sound,,,
0,FORT,,1,1776624322.0544572,38.02,Game,1,Predictable,28.82,1,,,4,17.08,,120,Sound,,,
0,FORT,,1,1776624322.0544572,38.03,Game,1,Predictable,28.83,1,,,4,17.08,,120,Sound,,,
0,FORT,,1,1776624322.0544572,38.04,Game,1,Predictable,28.84,1,,,4,17.08,,120,Sound,,,
0,FORT,,1,1776624322.0544572,38.05,Game,1,Predictable,28.85,1,,,4,17.08,,120,Sound,,,
0,FORT,,1,1776624322.0544572,38.06,Game,1,Predictable,28.86,1,,,4,17.08,,120,Sound,,,
0,FORT,,1,1776624322.0544572,38.07,Game,1,Predictable,28.87,1,,,4,17.08,,120,Sound,,,
0,FORT,,1,1776624322.0544572,38.07,Game,1,Predictable,28.88,1,,,4,17.08,,120,Sound,,,
0,FORT,,1,1776624322.0544572,38.09,Game,1,Predictable,28.88,1,,,5,17.08,,120,Sound,,,
0,FORT,,1,1776624322.0544572,38.1,Game,1,Predictable,28.9,1,,,5,17.08,,120,Sound,,,
0,FORT,,1,1776624322.0544572,38.11,Game,1,Predictable,28.91,1,,,5,17.08,,120,Sound,,,
0,FORT,,1,1776624322.0544572,38.12,Game,1,Predictable,28.92,1,,,5,17.08,,120,Sound,,,
0,FORT,,1,1776624322.0544572,38.12,Game,1,Predictable,28.93,1,,,5,17.08,,120,Sound,,,
0,FORT,,1,1776624322.0544572,38.13,Game,1,Predictable,28.93,1,,,5,17.08,,120,Sound,,,
0,FORT,,1,1776624322.0544572,38.14,Game,1,Predictable,28.94,1,,,5,17.08,,120,Sound,,,
0,FORT,,1,1776624322.0544572,38.15,Game,1,Predictable,28.95,1,,,5,17.08,,120,Sound,,,
0,FORT,,1,1776624322.0544572,38.16,Game,1,Predictable,28.96,1,,,5,17.08,,120,Sound,,,
0,FORT,,1,1776624322.0544572,38.17,Game,1,Predictable,28.97,1,,,5,17.08,,120,Sound,,,
0,FORT,,1,1776624322.0544572,38.17,Game,1,Predictable,28.98,1,,,5,17.08,,120,Sound,,,
0,FORT,,1,1776624322.0544572,38.18,Game,1,Predictable,28.98,1,,,5,17.08,,120,Sound,,,
0,FORT,,1,1776624322.0544572,38.19,Game,1,Predictable,28.99,1,,,5,17.08,,120,Sound,,,
0,FORT,,1,1776624322.0544572,38.2,Game,1,Predictable,29.0,1,,,5,17.08,,120,Sound,,,
0,FORT,,1,1776624322.0544572,38.27,Game,1,Predictable,29.08,0,,,5,,,130,Sound,,,
0,FORT,,1,1776624322.0544572,38.31,Game,1,Predictable,29.08,0,,,5,,,130,Sound,,,
0,FORT,,1,1776624322.0544572,38.32,Game,1,Predictable,29.11,0,,,5,,,130,Sound,,,
0,FORT,,1,1776624322.0544572,38.33,Game,1,Predictable,29.13,0,,,5,,,130,Sound,,,
0,FORT,,1,1776624322.0544572,38.34,Game,1,Predictable,29.14,0,,,5,,,130,Sound,,,
0,FORT,,1,1776624322.0544572,38.35,Game,1,Predictable,29.14,0,,,5,,,130,Sound,,,
0,FORT,,1,1776624322.0544572,38.36,Game,1,Predictable,29.16,0,,,5,,,130,Sound,,,
0,FORT,,1,1776624322.0544572,38.37,Game,1,Predictable,29.17,0,,,5,,,130,Sound,,,
0,FORT,,1,1776624322.0544572,38.37,Game,1,Predictable,29.18,0,,,5,,,130,Sound,,,
0,FORT,,1,1776624322.0544572,38.38,Game,1,Predictable,29.18,0,,,5,,,130,Sound,,,
0,FORT,,1,1776624322.0544572,38.39,Game,1,Predictable,29.19,0,,,5,,,130,Sound,,,
0,FORT,,1,1776624322.0544572,38.4,Game,1,Predictable,29.2,0,,,5,,,130,Sound,,,
0,FORT,,1,1776624322.0544572,38.41,Game,1,Predictable,29.21,0,,,5,,,130,Sound,,,
0,FORT,,1,1776624322.0544572,38.42,Game,1,Predictable,29.22,0,,,5,,,130,Sound,,,
0,FORT,,1,1776624322.0544572,38.42,Game,1,Predictable,29.23,0,,,5,,,130,Sound,,,
0,FORT,,1,1776624322.0544572,38.43,Game,1,Predictable,29.23,0,,,5,,,130,Sound,,,
0,FORT,,1,1776624322.0544572,38.44,Game,1,Predictable,29.24,0,,,5,,,130,Sound,,,
0,FORT,,1,1776624322.0544572,38.45,Game,1,Predictable,29.25,0,,,5,,,130,Sound,,,
0,FORT,,1,1776624322.0544572,38.46,Game,1,Predictable,29.26,0,,,5,,,130,Sound,,,
0,FORT,,1,1776624322.0544572,38.47,Game,1,Predictable,29.27,0,,,5,,,130,Sound,,,
0,FORT,,1,1776624322.0544572,38.47,Game,1,Predictable,29.28,0,,,5,,,130,Sound,,,
0,FORT,,1,1776624322.0544572,38.48,Game,1,Predictable,29.28,0,,,5,,,130,Sound,,,
0,FORT,,1,1776624322.0544572,38.49,Game,1,Predictable,29.29,0,,,5,,,130,Sound,,,
0,FORT,,1,1776624322.0544572,38.5,Game,1,Predictable,29.3,0,,,5,,,130,Sound,,,
0,FORT,,1,1776624322.0544572,38.51,Game,1,Predictable,29.31,0,,,5,,,130,Sound,,,
0,FORT,,1,1776624322.0544572,38.52,Game,1,Predictable,29.32,0,,,5,,,130,Sound,,,
0,FORT,,1,1776624322.0544572,38.52,Game,1,Predictable,29.33,0,,,5,,,130,Sound,,,
0,FORT,,1,1776624322.0544572,38.53,Game,1,Predictable,29.33,0,,,5,,,130,Sound,,,
0,FORT,,1,1776624322.0544572,38.54,Game,1,Predictable,29.34,0,,,5,,,130,Sound,,,
0,FORT,,1,1776624322.0544572,38.55,Game,1,Predictable,29.35,0,,,5,,,130,Sound,,,
0,FORT,,1,1776624322.0544572,38.56,Game,1,Predictable,29.36,0,,,5,,,130,Sound,,,
0,FORT,,1,1776624322.0544572,38.57,Game,1,Predictable,29.37,0,,,5,,,130,Sound,,,
0,FORT,,1,1776624322.0544572,38.57,Game,1,Predictable,29.38,0,,,5,,,130,Sound,,,
0,FORT,,1,1776624322.0544572,38.58,Game,1,Predictable,29.38,0,,,5,,,130,Sound,,,
0,FORT,,1,1776624322.0544572,38.59,Game,1,Predictable,29.39,0,,,5,,,130,Sound,,,
0,FORT,,1,1776624322.0544572,38.6,Game,1,Predictable,29.4,0,,,5,,,130,Sound,,,
0,FORT,,1,1776624322.0544572,38.61,Game,1,Predictable,29.41,0,,,5,,,130,Sound,,,
0,FORT,,1,1776624322.0544572,38.62,Game,1,Predictable,29.42,0,,,5,,,130,Sound,,,
0,FORT,,1,1776624322.0544572,38.62,Game,1,Predictable,29.43,0,,,5,,,130,Sound,,,
0,FORT,,1,1776624322.0544572,38.63,Game,1,Predictable,29.43,0,,,5,,,130,Sound,,,
0,FORT,,1,1776624322.0544572,38.64,Game,1,Predictable,29.44,0,,,5,,,130,Sound,,,
0,FORT,,1,1776624322.0544572,38.65,Game,1,Predictable,29.45,0,,,5,,,130,Sound,,,
0,FORT,,1,1776624322.0544572,38.67,Game,1,Predictable,29.46,0,,,5,,,130,Sound,,,
0,FORT,,1,1776624322.0544572,38.67,Game,1,Predictable,29.48,0,,,5,,,130,Sound,,,
0,FORT,,1,1776624322.0544572,38.68,Game,1,Predictable,29.48,0,,,5,,,130,Sound,,,
0,FORT,,1,1776624322.0544572,38.69,Game,1,Predictable,29.49,0,,,5,,,130,Sound,,,
0,FORT,,1,1776624322.0544572,38.7,Game,1,Predictable,29.5,0,,,5,,,130,Sound,,,
0,FORT,,1,1776624322.0544572,38.71,Game,1,Predictable,29.51,0,,,5,,,130,Sound,,,
0,FORT,,1,1776624322.0544572,38.72,Game,1,Predictable,29.52,0,,,5,,,130,Sound,,,
0,FORT,,1,1776624322.0544572,38.72,Game,1,Predictable,29.53,0,,,5,,,130,Sound,,,
0,FORT,,1,1776624322.0544572,38.73,Game,1,Predictable,29.53,0,,,5,,,130,Sound,,,
0,FORT,,1,1776624322.0544572,38.74,Game,1,Predictable,29.54,0,,,5,,,130,Sound,,,
0,FORT,,1,1776624322.0544572,38.75,Game,1,Predictable,29.55,0,,,5,,,130,Sound,,,
0,FORT,,1,1776624322.0544572,38.76,Game,1,Predictable,29.56,0,,,5,,,130,Sound,,,
0,FORT,,1,1776624322.0544572,38.77,Game,1,Predictable,29.57,0,,,5,,,130,Sound,,,
0,FORT,,1,1776624322.0544572,38.77,Game,1,Predictable,29.58,0,,,5,,,130,Sound,,,
0,FORT,,1,1776624322.0544572,38.78,Game,1,Predictable,29.58,0,,,5,,,130,Sound,,,
0,FORT,,1,1776624322.0544572,38.79,Game,1,Predictable,29.59,0,,,5,,,130,Sound,,,
0,FORT,,1,1776624322.0544572,38.8,Game,1,Predictable,29.6,0,,,5,,,130,Sound,,,
0,FORT,,1,1776624322.0544572,38.81,Game,1,Predictable,29.61,0,,,5,,,130,Sound,,,
0,FORT,,1,1776624322.0544572,38.82,Game,1,Predictable,29.62,0,,,5,,,130,Sound,,,
0,FORT,,1,1776624322.0544572,38.82,Game,1,Predictable,29.63,0,,,5,,,130,Sound,,,
0,FORT,,1,1776624322.0544572,38.83,Game,1,Predictable,29.63,0,,,5,,,130,Sound,,,
0,FORT,,1,1776624322.0544572,38.84,Game,1,Predictable,29.64,0,,,5,,,130,Sound,,,
0,FORT,,1,1776624322.0544572,38.85,Game,1,Predictable,29.65,0,,,5,,,130,Sound,,,
0,FORT,,1,1776624322.0544572,38.86,Game,1,Predictable,29.66,0,,,5,,,130,Sound,,,
0,FORT,,1,1776624322.0544572,38.87,Game,1,Predictable,29.67,0,,,5,,,130,Sound,,,
0,FORT,,1,1776624322.0544572,38.87,Game,1,Predictable,29.68,0,,,5,,,130,Sound,,,
0,FORT,,1,1776624322.0544572,38.88,Game,1,Predictable,29.68,0,,,5,,,130,Sound,,,
0,FORT,,1,1776624322.0544572,38.89,Game,1,Predictable,29.69,0,,,5,,,130,Sound,,,
0,FORT,,1,1776624322.0544572,38.9,Game,1,Predictable,29.7,0,,,5,,,130,Sound,,,
0,FORT,,1,1776624322.0544572,38.91,Game,1,Predictable,29.71,0,,,5,,,130,Sound,,,
0,FORT,,1,1776624322.0544572,38.92,Game,1,Predictable,29.72,0,,,5,,,130,Sound,,,
0,FORT,,1,1776624322.0544572,38.92,Game,1,Predictable,29.73,0,,,5,,,130,Sound,,,
0,FORT,,1,1776624322.0544572,38.93,Game,1,Predictable,29.73,0,,,5,,,130,Sound,,,
0,FORT,,1,1776624322.0544572,38.94,Game,1,Predictable,29.74,0,,,5,,,130,Sound,,,
0,FORT,,1,1776624322.0544572,38.95,Game,1,Predictable,29.75,0,,,5,,,130,Sound,,,
0,FORT,,1,1776624322.0544572,38.96,Game,1,Predictable,29.76,0,,,5,,,130,Sound,,,
0,FORT,,1,1776624322.0544572,38.97,Game,1,Predictable,29.77,0,,,5,,,130,Sound,,,
0,FORT,,1,1776624322.0544572,38.97,Game,1,Predictable,29.78,0,,,5,,,130,Sound,,,
0,FORT,,1,1776624322.0544572,38.98,Game,1,Predictable,29.78,0,,,5,,,130,Sound,,,
0,FORT,,1,1776624322.0544572,38.99,Game,1,Predictable,29.79,0,,,5,,,130,Sound,,,
0,FORT,,1,1776624322.0544572,39.0,Game,1,Predictable,29.8,0,,,5,,,130,Sound,,,
0,FORT,,1,1776624322.0544572,39.01,Game,1,Predictable,29.81,0,,,5,,,130,Sound,,,
0,FORT,,1,1776624322.0544572,39.02,Game,1,Predictable,29.82,0,,,5,,,130,Sound,,,
0,FORT,,1,1776624322.0544572,39.02,Game,1,Predictable,29.83,0,,,5,,,130,Sound,,,
0,FORT,,1,1776624322.0544572,39.03,Game,1,Predictable,29.83,0,,,5,,,130,Sound,,,
0,FORT,,1,1776624322.0544572,39.04,Game,1,Predictable,29.84,0,,,5,,,130,Sound,,,
0,FORT,,1,1776624322.0544572,39.05,Game,1,Predictable,29.85,0,,,5,,,130,Sound,,,
0,FORT,,1,1776624322.0544572,39.06,Game,1,Predictable,29.86,0,,,5,,,130,Sound,,,
0,FORT,,1,1776624322.0544572,39.07,Game,1,Predictable,29.87,0,,,5,,,130,Sound,,,
0,FORT,,1,1776624322.0544572,39.07,Game,1,Predictable,29.88,0,,,5,,,130,Sound,,,
0,FORT,,1,1776624322.0544572,39.08,Game,1,Predictable,29.88,0,,,5,,,130,Sound,,,
0,FORT,,1,1776624322.0544572,39.09,Game,1,Predictable,29.89,0,,,5,,,130,Sound,,,
0,FORT,,1,1776624322.0544572,39.1,Game,1,Predictable,29.9,0,,,5,,,130,Sound,,,
0,FORT,,1,1776624322.0544572,39.11,Game,1,Predictable,29.91,0,,,5,,,130,Sound,,,
0,FORT,,1,1776624322.0544572,39.12,Game,1,Predictable,29.92,0,,,5,,,130,Sound,,,
0,FORT,,1,1776624322.0544572,39.12,Game,1,Predictable,29.93,0,,,5,,,130,Sound,,,
0,FORT,,1,1776624322.0544572,39.13,Game,1,Predictable,29.93,0,,,5,,,130,Sound,,,
0,FORT,,1,1776624322.0544572,39.14,Game,1,Predictable,29.94,0,,,5,,,130,Sound,,,
0,FORT,,1,1776624322.0544572,39.15,Game,1,Predictable,29.95,0,,,5,,,130,Sound,,,
0,FORT,,1,1776624322.0544572,39.16,Game,1,Predictable,29.96,0,,,5,,,130,Sound,,,
0,FORT,,1,1776624322.0544572,39.17,Game,1,Predictable,29.97,0,,,5,,,130,Sound,,,
0,FORT,,1,1776624322.0544572,39.17,Game,1,Predictable,29.98,0,,,5,,,130,Sound,,,
0,FORT,,1,1776624322.0544572,39.18,Game,1,Predictable,29.98,0,,,5,,,130,Sound,,,
0,FORT,,1,1776624322.0544572,39.19,Game,1,Predictable,29.99,0,,,5,,,130,Sound,,,
0,FORT,,1,1776624322.0544572,39.2,Game,1,Predictable,30.0,0,,,5,,,130,Sound,,,
0,FORT,,1,1776624322.0544572,39.21,Game,1,Predictable,30.01,0,,,5,,,130,Sound,,,
0,FORT,,1,1776624322.0544572,39.22,Game,1,Predictable,30.02,0,,,5,,,130,Sound,,,
0,FORT,,1,1776624322.0544572,39.22,Game,1,Predictable,30.03,0,,,5,,,130,Sound,,,
0,FORT,,1,1776624322.0544572,39.23,Game,1,Predictable,30.03,0,,,5,,,130,Sound,,,
0,FORT,,1,1776624322.0544572,39.24,Game,1,Predictable,30.04,0,,,5,,,130,Sound,,,
0,FORT,,1,1776624322.0544572,39.25,Game,1,Predictable,30.05,0,,,5,,,130,Sound,,,
0,FORT,,1,1776624322.0544572,39.26,Game,1,Predictable,30.06,0,,,5,,,130,Sound,,,
0,FORT,,1,1776624322.0544572,39.27,Game,1,Predictable,30.07,0,,,5,,,130,Sound,,,
0,FORT,,1,1776624322.0544572,39.27,Game,1,Predictable,30.08,0,,,5,,,130,Sound,,,
0,FORT,,1,1776624322.0544572,39.28,Game,1,Predictable,30.08,0,,,5,,,130,Sound,,,
0,FORT,,1,1776624322.0544572,39.29,Game,1,Predictable,30.09,0,,,5,,,130,Sound,,,
0,FORT,,1,1776624322.0544572,39.3,Game,1,Predictable,30.1,0,,,5,,,130,Sound,,,
0,FORT,,1,1776624322.0544572,39.31,Game,1,Predictable,30.11,0,,,5,,,130,Sound,,,
0,FORT,,1,1776624322.0544572,39.32,Game,1,Predictable,30.12,0,,,5,,,130,Sound,,,
0,FORT,,1,1776624322.0544572,39.32,Game,1,Predictable,30.13,0,,,5,,,130,Sound,,,
0,FORT,,1,1776624322.0544572,39.33,Game,1,Predictable,30.13,0,,,5,,,130,Sound,,,
0,FORT,,1,1776624322.0544572,39.34,Game,1,Predictable,30.14,0,,,5,,,130,Sound,,,
0,FORT,,1,1776624322.0544572,39.35,Game,1,Predictable,30.15,0,,,5,,,130,Sound,,,
0,FORT,,1,1776624322.0544572,39.36,Game,1,Predictable,30.16,0,,,5,,,130,Sound,,,
0,FORT,,1,1776624322.0544572,39.38,Game,1,Predictable,30.17,0,,,6,,,130,Sound,,,
0,FORT,,1,1776624322.0544572,39.4,Game,1,Predictable,30.19,0,,,6,,,130,Sound,,,
0,FORT,,1,1776624322.0544572,39.41,Game,1,Predictable,30.21,0,,,6,,,130,Sound,,,
0,FORT,,1,1776624322.0544572,39.42,Game,1,Predictable,30.22,0,,,6,,,130,Sound,,,
0,FORT,,1,1776624322.0544572,39.42,Game,1,Predictable,30.23,0,,,6,,,130,Sound,,,
0,FORT,,1,1776624322.0544572,39.43,Game,1,Predictable,30.23,0,,,6,,,130,Sound,,,
0,FORT,,1,1776624322.0544572,39.44,Game,1,Predictable,30.24,0,,,6,,,130,Sound,,,
0,FORT,,1,1776624322.0544572,39.45,Game,1,Predictable,30.25,0,,,6,,,130,Sound,,,
0,FORT,,1,1776624322.0544572,39.46,Game,1,Predictable,30.26,0,,,6,,,130,Sound,,,
0,FORT,,1,1776624322.0544572,39.47,Game,1,Predictable,30.27,0,,,6,,,130,Sound,,,
0,FORT,,1,1776624322.0544572,39.47,Game,1,Predictable,30.28,0,,,6,,,130,Sound,,,
0,FORT,,1,1776624322.0544572,39.48,Game,1,Predictable,30.28,0,,,6,,,130,Sound,,,
0,FORT,,1,1776624322.0544572,39.49,Game,1,Predictable,30.29,0,,,6,,,130,Sound,,,
0,FORT,,1,1776624322.0544572,39.5,Game,1,Predictable,30.3,0,,,6,,,130,Sound,,,
0,FORT,,1,1776624322.0544572,39.51,Game,1,Predictable,30.31,0,,,6,,,130,Sound,,,
0,FORT,,1,1776624322.0544572,39.52,Game,1,Predictable,30.32,0,,,6,,,130,Sound,,,
0,FORT,,1,1776624322.0544572,39.52,Game,1,Predictable,30.33,0,,,6,,,130,Sound,,,
0,FORT,,1,1776624322.0544572,39.53,Game,1,Predictable,30.33,0,,,6,,,130,Sound,,,
0,FORT,,1,1776624322.0544572,39.54,Game,1,Predictable,30.34,0,,,6,,,130,Sound,,,
0,FORT,,1,1776624322.0544572,39.55,Game,1,Predictable,30.35,0,,,6,,,130,Sound,,,
0,FORT,,1,1776624322.0544572,39.56,Game,1,Predictable,30.36,0,,,6,,,130,Sound,,,
0,FORT,,1,1776624322.0544572,39.57,Game,1,Predictable,30.37,0,,,6,,,130,Sound,,,
0,FORT,,1,1776624322.0544572,39.57,Game,1,Predictable,30.38,0,,,6,,,130,Sound,,,
0,FORT,,1,1776624322.0544572,39.58,Game,1,Predictable,30.38,0,,,6,,,130,Sound,,,
0,FORT,,1,1776624322.0544572,39.59,Game,1,Predictable,30.39,0,,,6,,,130,Sound,,,
0,FORT,,1,1776624322.0544572,39.6,Game,1,Predictable,30.4,0,,,6,,,130,Sound,,,
0,FORT,,1,1776624322.0544572,39.61,Game,1,Predictable,30.41,0,,,6,,,130,Sound,,,
0,FORT,,1,1776624322.0544572,39.62,Game,1,Predictable,30.42,0,,,6,,,130,Sound,,,
0,FORT,,1,1776624322.0544572,39.62,Game,1,Predictable,30.43,0,,,6,,,130,Sound,,,
0,FORT,,1,1776624322.0544572,39.63,Game,1,Predictable,30.43,0,,,6,,,130,Sound,,,
0,FORT,,1,1776624322.0544572,39.64,Game,1,Predictable,30.44,0,,,6,,,130,Sound,,,
0,FORT,,1,1776624322.0544572,39.65,Game,1,Predictable,30.45,0,,,6,,,130,Sound,,,
0,FORT,,1,1776624322.0544572,39.66,Game,1,Predictable,30.46,0,,,6,,,130,Sound,,,
0,FORT,,1,1776624322.0544572,39.68,Game,1,Predictable,30.47,0,,,7,,,130,Sound,,,
0,FORT,,1,1776624322.0544572,39.7,Game,1,Predictable,30.49,0,,,7,,,130,Sound,,,
0,FORT,,1,1776624322.0544572,39.71,Game,1,Predictable,30.51,0,,,7,,,130,Sound,,,
0,FORT,,1,1776624322.0544572,39.72,Game,1,Predictable,30.52,0,,,7,,,130,Sound,,,
0,FORT,,1,1776624322.0544572,39.72,Game,1,Predictable,30.53,0,,,7,,,130,Sound,,,
0,FORT,,1,1776624322.0544572,39.73,Game,1,Predictable,30.53,0,,,7,,,130,Sound,,,
0,FORT,,1,1776624322.0544572,39.74,Game,1,Predictable,30.54,0,,,7,,,130,Sound,,,
0,FORT,,1,1776624322.0544572,39.75,Game,1,Predictable,30.55,0,,,7,,,130,Sound,,,
0,FORT,,1,1776624322.0544572,39.76,Game,1,Predictable,30.56,0,,,7,,,130,Sound,,,
0,FORT,,1,1776624322.0544572,39.77,Game,1,Predictable,30.57,0,,,7,,,130,Sound,,,
0,FORT,,1,1776624322.0544572,39.77,Game,1,Predictable,30.58,0,,,7,,,130,Sound,,,
0,FORT,,1,1776624322.0544572,39.78,Game,1,Predictable,30.58,0,,,7,,,130,Sound,,,
0,FORT,,1,1776624322.0544572,39.79,Game,1,Predictable,30.59,0,,,7,,,130,Sound,,,
0,FORT,,1,1776624322.0544572,39.8,Game,1,Predictable,30.6,0,,,7,,,130,Sound,,,
0,FORT,,1,1776624322.0544572,39.81,Game,1,Predictable,30.61,0,,,7,,,130,Sound,,,
0,FORT,,1,1776624322.0544572,39.82,Game,1,Predictable,30.62,0,,,7,,,130,Sound,,,
0,FORT,,1,1776624322.0544572,39.82,Game,1,Predictable,30.63,0,,,7,,,130,Sound,,,
0,FORT,,1,1776624322.0544572,39.83,Game,1,Predictable,30.63,0,,,7,,,130,Sound,,,
0,FORT,,1,1776624322.0544572,39.84,Game,1,Predictable,30.64,0,,,7,,,130,Sound,,,
0,FORT,,1,1776624322.0544572,39.85,Game,1,Predictable,30.65,0,,,7,,,130,Sound,,,
0,FORT,,1,1776624322.0544572,39.86,Game,1,Predictable,30.66,0,,,7,,,130,Sound,,,
0,FORT,,1,1776624322.0544572,39.87,Game,1,Predictable,30.67,0,,,7,,,130,Sound,,,
0,FORT,,1,1776624322.0544572,39.87,Game,1,Predictable,30.68,0,,,7,,,130,Sound,,,
0,FORT,,1,1776624322.0544572,39.88,Game,1,Predictable,30.68,0,,,7,,,130,Sound,,,
0,FORT,,1,1776624322.0544572,39.89,Game,1,Predictable,30.69,0,,,7,,,130,Sound,,,
0,FORT,,1,1776624322.0544572,39.9,Game,1,Predictable,30.7,0,,,7,,,130,Sound,,,
0,FORT,,1,1776624322.0544572,39.91,Game,1,Predictable,30.71,0,,,7,,,130,Sound,,,
0,FORT,,1,1776624322.0544572,39.92,Game,1,Predictable,30.72,0,,,7,,,130,Sound,,,
0,FORT,,1,1776624322.0544572,39.92,Game,1,Predictable,30.73,0,,,7,,,130,Sound,,,
0,FORT,,1,1776624322.0544572,39.93,Game,1,Predictable,30.73,0,,,7,,,130,Sound,,,
0,FORT,,1,1776624322.0544572,39.94,Game,1,Predictable,30.74,0,,,7,,,130,Sound,,,
0,FORT,,1,1776624322.0544572,39.95,Game,1,Predictable,30.75,0,,,7,,,130,Sound,,,
0,FORT,,1,1776624322.0544572,39.96,Game,1,Predictable,30.76,0,,,7,,,130,Sound,,,
0,FORT,,1,1776624322.0544572,39.97,Game,1,Predictable,30.77,0,,,7,,,130,Sound,,,
0,FORT,,1,1776624322.0544572,39.97,Game,1,Predictable,30.78,0,,,7,,,130,Sound,,,
0,FORT,,1,1776624322.0544572,40.0,Game,1,Predictable,30.78,0,,,8,,,130,Sound,,,
0,FORT,,1,1776624322.0544572,40.02,Game,1,Predictable,30.81,0,,,8,,,130,Sound,,,
0,FORT,,1,1776624322.0544572,40.02,Game,1,Predictable,30.83,0,,,8,,,130,Sound,,,
0,FORT,,1,1776624322.0544572,40.03,Game,1,Predictable,30.83,0,,,8,,,130,Sound,,,
0,FORT,,1,1776624322.0544572,40.04,Game,1,Predictable,30.84,0,,,8,,,130,Sound,,,
0,FORT,,1,1776624322.0544572,40.05,Game,1,Predictable,30.85,0,,,8,,,130,Sound,,,
0,FORT,,1,1776624322.0544572,40.06,Game,1,Predictable,30.86,0,,,8,,,130,Sound,,,
0,FORT,,1,1776624322.0544572,40.07,Game,1,Predictable,30.87,0,,,8,,,130,Sound,,,
0,FORT,,1,1776624322.0544572,40.07,Game,1,Predictable,30.88,0,,,8,,,130,Sound,,,
0,FORT,,1,1776624322.0544572,40.08,Game,1,Predictable,30.88,0,,,8,,,130,Sound,,,
0,FORT,,1,1776624322.0544572,40.09,Game,1,Predictable,30.89,0,,,8,,,130,Sound,,,
0,FORT,,1,1776624322.0544572,40.1,Game,1,Predictable,30.9,0,,,8,,,130,Sound,,,
0,FORT,,1,1776624322.0544572,40.11,Game,1,Predictable,30.91,0,,,8,,,130,Sound,,,
0,FORT,,1,1776624322.0544572,40.12,Game,1,Predictable,30.92,0,,,8,,,130,Sound,,,
0,FORT,,1,1776624322.0544572,40.12,Game,1,Predictable,30.93,0,,,8,,,130,Sound,,,
0,FORT,,1,1776624322.0544572,40.13,Game,1,Predictable,30.93,0,,,8,,,130,Sound,,,
0,FORT,,1,1776624322.0544572,40.14,Game,1,Predictable,30.94,0,,,8,,,130,Sound,,,
0,FORT,,1,1776624322.0544572,40.15,Game,1,Predictable,30.95,0,,,8,,,130,Sound,,,
0,FORT,,1,1776624322.0544572,40.16,Game,1,Predictable,30.96,0,,,8,,,130,Sound,,,
0,FORT,,1,1776624322.0544572,40.17,Game,1,Predictable,30.97,0,,,8,,,130,Sound,,,
0,FORT,,1,1776624322.0544572,40.17,Game,1,Predictable,30.98,0,,,8,,,130,Sound,,,
0,FORT,,1,1776624322.0544572,40.18,Game,1,Predictable,30.98,0,,,8,,,130,Sound,,,
0,FORT,,1,1776624322.0544572,40.19,Game,1,Predictable,30.99,0,,,8,,,130,Sound,,,
0,FORT,,1,1776624322.0544572,40.2,Game,1,Predictable,31.0,0,,,8,,,130,Sound,,,
0,FORT,,1,1776624322.0544572,40.21,Game,1,Predictable,31.01,0,,,8,,,130,Sound,,,
0,FORT,,1,1776624322.0544572,40.22,Game,1,Predictable,31.02,0,,,8,,,130,Sound,,,
0,FORT,,1,1776624322.0544572,40.22,Game,1,Predictable,31.03,0,,,8,,,130,Sound,,,
0,FORT,,1,1776624322.0544572,40.23,Game,1,Predictable,31.03,0,,,8,,,130,Sound,,,
0,FORT,,1,1776624322.0544572,40.24,Game,1,Predictable,31.04,0,,,8,,,130,Sound,,,
0,FORT,,1,1776624322.0544572,40.25,Game,1,Predictable,31.05,0,,,8,,,130,Sound,,,
0,FORT,,1,1776624322.0544572,40.26,Game,1,Predictable,31.06,0,,,8,,,130,Sound,,,
0,FORT,,1,1776624322.0544572,40.27,Game,1,Predictable,31.07,0,,,8,,,130,Sound,,,
0,FORT,,1,1776624322.0544572,40.27,Game,1,Predictable,31.08,0,,,8,,,130,Sound,,,
0,FORT,,1,1776624322.0544572,40.28,Game,1,Predictable,31.08,0,,,8,,,130,Sound,,,
0,FORT,,1,1776624322.0544572,40.29,Game,1,Predictable,31.09,0,,,8,,,130,Sound,,,
0,FORT,,1,1776624322.0544572,40.3,Game,1,Predictable,31.1,0,,,8,,,130,Sound,,,
0,FORT,,1,1776624322.0544572,40.31,Game,1,Predictable,31.11,0,,,8,,,130,Sound,,,
0,FORT,,1,1776624322.0544572,40.32,Game,1,Predictable,31.12,0,,,8,,,130,Sound,,,
0,FORT,,1,1776624322.0544572,40.32,Game,1,Predictable,31.13,0,,,8,,,130,Sound,,,
0,FORT,,1,1776624322.0544572,40.33,Game,1,Predictable,31.13,0,,,8,,,130,Sound,,,
0,FORT,,1,1776624322.0544572,40.34,Game,1,Predictable,31.14,0,,,8,,,130,Sound,,,
0,FORT,,1,1776624322.0544572,40.35,Game,1,Predictable,31.15,0,,,8,,,130,Sound,,,
0,FORT,,1,1776624322.0544572,40.36,Game,1,Predictable,31.16,0,,,8,,,130,Sound,,,
0,FORT,,1,1776624322.0544572,40.37,Game,1,Predictable,31.17,0,,,8,,,130,Sound,,,
0,FORT,,1,1776624322.0544572,40.37,Game,1,Predictable,31.18,0,,,8,,,130,Sound,,,
0,FORT,,1,1776624322.0544572,40.38,Game,1,Predictable,31.18,0,,,8,,,130,Sound,,,
0,FORT,,1,1776624322.0544572,40.39,Game,1,Predictable,31.19,0,,,8,,,130,Sound,,,
0,FORT,,1,1776624322.0544572,40.4,Game,1,Predictable,31.2,0,,,8,,,130,Sound,,,
0,FORT,,1,1776624322.0544572,40.41,Game,1,Predictable,31.21,0,,,8,,,130,Sound,,,
0,FORT,,1,1776624322.0544572,40.42,Game,1,Predictable,31.22,0,,,8,,,130,Sound,,,
0,FORT,,1,1776624322.0544572,40.42,Game,1,Predictable,31.23,0,,,8,,,130,Sound,,,
0,FORT,,1,1776624322.0544572,40.43,Game,1,Predictable,31.23,0,,,8,,,130,Sound,,,
0,FORT,,1,1776624322.0544572,40.44,Game,1,Predictable,31.24,0,,,8,,,130,Sound,,,
0,FORT,,1,1776624322.0544572,40.45,Game,1,Predictable,31.25,0,,,8,,,130,Sound,,,
0,FORT,,1,1776624322.0544572,40.46,Game,1,Predictable,31.26,0,,,8,,,130,Sound,,,
0,FORT,,1,1776624322.0544572,40.47,Game,1,Predictable,31.27,0,,,8,,,130,Sound,,,
0,FORT,,1,1776624322.0544572,40.47,Game,1,Predictable,31.28,0,,,8,,,130,Sound,,,
0,FORT,,1,1776624322.0544572,40.48,Game,1,Predictable,31.28,0,,,8,,,130,Sound,,,
0,FORT,,1,1776624322.0544572,40.49,Game,1,Predictable,31.29,0,,,8,,,130,Sound,,,
0,FORT,,1,1776624322.0544572,40.5,Game,1,Predictable,31.3,0,,,8,,,130,Sound,,,
0,FORT,,1,1776624322.0544572,40.51,Game,1,Predictable,31.31,0,,,8,,,130,Sound,,,
0,FORT,,1,1776624322.0544572,40.52,Game,1,Predictable,31.32,0,,,8,,,130,Sound,,,
0,FORT,,1,1776624322.0544572,40.52,Game,1,Predictable,31.33,0,,,8,,,130,Sound,,,
0,FORT,,1,1776624322.0544572,40.53,Game,1,Predictable,31.33,0,,,8,,,130,Sound,,,
0,FORT,,1,1776624322.0544572,40.54,Game,1,Predictable,31.34,0,,,8,,,130,Sound,,,
0,FORT,,1,1776624322.0544572,40.55,Game,1,Predictable,31.35,0,,,8,,,130,Sound,,,
0,FORT,,1,1776624322.0544572,40.56,Game,1,Predictable,31.36,0,,,8,,,130,Sound,,,
0,FORT,,1,1776624322.0544572,40.57,Game,1,Predictable,31.37,0,,,8,,,130,Sound,,,
0,FORT,,1,1776624322.0544572,40.57,Game,1,Predictable,31.38,0,,,8,,,130,Sound,,,
0,FORT,,1,1776624322.0544572,40.58,Game,1,Predictable,31.38,0,,,8,,,130,Sound,,,
0,FORT,,1,1776624322.0544572,40.59,Game,1,Predictable,31.39,0,,,8,,,130,Sound,,,
0,FORT,,1,1776624322.0544572,40.6,Game,1,Predictable,31.4,0,,,8,,,130,Sound,,,
0,FORT,,1,1776624322.0544572,40.61,Game,1,Predictable,31.41,0,,,8,,,130,Sound,,,
0,FORT,,1,1776624322.0544572,40.62,Game,1,Predictable,31.42,0,,,8,,,130,Sound,,,
0,FORT,,1,1776624322.0544572,40.62,Game,1,Predictable,31.43,0,,,8,,,130,Sound,,,
0,FORT,,1,1776624322.0544572,40.63,Game,1,Predictable,31.43,0,,,8,,,130,Sound,,,
0,FORT,,1,1776624322.0544572,40.64,Game,1,Predictable,31.44,0,,,8,,,130,Sound,,,
0,FORT,,1,1776624322.0544572,40.65,Game,1,Predictable,31.45,0,,,8,,,130,Sound,,,
0,FORT,,1,1776624322.0544572,40.66,Game,1,Predictable,31.46,0,,,8,,,130,Sound,,,
0,FORT,,1,1776624322.0544572,40.67,Game,1,Predictable,31.47,0,,,8,,,130,Sound,,,
0,FORT,,1,1776624322.0544572,40.67,Game,1,Predictable,31.48,0,,,8,,,130,Sound,,,
0,FORT,,1,1776624322.0544572,40.68,Game,1,Predictable,31.48,0,,,8,,,130,Sound,,,
0,FORT,,1,1776624322.0544572,40.69,Game,1,Predictable,31.49,0,,,8,,,130,Sound,,,
0,FORT,,1,1776624322.0544572,40.7,Game,1,Predictable,31.5,0,,,8,,,130,Sound,,,
0,FORT,,1,1776624322.0544572,40.71,Game,1,Predictable,31.51,0,,,8,,,130,Sound,,,
0,FORT,,1,1776624322.0544572,40.72,Game,1,Predictable,31.52,0,,,8,,,130,Sound,,,
0,FORT,,1,1776624322.0544572,40.72,Game,1,Predictable,31.53,0,,,8,,,130,Sound,,,
0,FORT,,1,1776624322.0544572,40.73,Game,1,Predictable,31.53,0,,,8,,,130,Sound,,,
0,FORT,,1,1776624322.0544572,40.74,Game,1,Predictable,31.54,0,,,8,,,130,Sound,,,
0,FORT,,1,1776624322.0544572,40.75,Game,1,Predictable,31.55,0,,,8,,,130,Sound,,,
0,FORT,,1,1776624322.0544572,40.76,Game,1,Predictable,31.56,0,,,8,,,130,Sound,,,
0,FORT,,1,1776624322.0544572,40.77,Game,1,Predictable,31.57,0,,,8,,,130,Sound,,,
0,FORT,,1,1776624322.0544572,40.77,Game,1,Predictable,31.58,0,,,8,,,130,Sound,,,
0,FORT,,1,1776624322.0544572,40.78,Game,1,Predictable,31.58,0,,,8,,,130,Sound,,,
0,FORT,,1,1776624322.0544572,40.79,Game,1,Predictable,31.59,0,,,8,,,130,Sound,,,
0,FORT,,1,1776624322.0544572,40.8,Game,1,Predictable,31.6,0,,,8,,,130,Sound,,,
0,FORT,,1,1776624322.0544572,40.81,Game,1,Predictable,31.61,0,,,8,,,130,Sound,,,
0,FORT,,1,1776624322.0544572,40.82,Game,1,Predictable,31.62,0,,,8,,,130,Sound,,,
0,FORT,,1,1776624322.0544572,40.82,Game,1,Predictable,31.63,0,,,8,,,130,Sound,,,
0,FORT,,1,1776624322.0544572,40.83,Game,1,Predictable,31.63,0,,,8,,,130,Sound,,,
0,FORT,,1,1776624322.0544572,40.84,Game,1,Predictable,31.64,0,,,8,,,130,Sound,,,
0,FORT,,1,1776624322.0544572,40.85,Game,1,Predictable,31.65,0,,,8,,,130,Sound,,,
0,FORT,,1,1776624322.0544572,40.86,Game,1,Predictable,31.66,0,,,8,,,130,Sound,,,
0,FORT,,1,1776624322.0544572,40.87,Game,1,Predictable,31.67,0,,,8,,,130,Sound,,,
0,FORT,,1,1776624322.0544572,40.87,Game,1,Predictable,31.68,0,,,8,,,130,Sound,,,
0,FORT,,1,1776624322.0544572,40.88,Game,1,Predictable,31.68,0,,,8,,,130,Sound,,,
0,FORT,,1,1776624322.0544572,40.89,Game,1,Predictable,31.69,0,,,8,,,130,Sound,,,
0,FORT,,1,1776624322.0544572,40.9,Game,1,Predictable,31.7,0,,,8,,,130,Sound,,,
0,FORT,,1,1776624322.0544572,40.91,Game,1,Predictable,31.71,0,,,8,,,130,Sound,,,
0,FORT,,1,1776624322.0544572,40.92,Game,1,Predictable,31.72,0,,,8,,,130,Sound,,,
0,FORT,,1,1776624322.0544572,40.92,Game,1,Predictable,31.73,0,,,8,,,130,Sound,,,
0,FORT,,1,1776624322.0544572,40.93,Game,1,Predictable,31.73,0,,,8,,,130,Sound,,,
0,FORT,,1,1776624322.0544572,40.94,Game,1,Predictable,31.74,0,,,8,,,130,Sound,,,
0,FORT,,1,1776624322.0544572,40.95,Game,1,Predictable,31.75,0,,,8,,,130,Sound,,,
0,FORT,,1,1776624322.0544572,40.96,Game,1,Predictable,31.76,0,,,8,,,130,Sound,,,
0,FORT,,1,1776624322.0544572,40.97,Game,1,Predictable,31.77,0,,,8,,,130,Sound,,,
0,FORT,,1,1776624322.0544572,40.97,Game,1,Predictable,31.78,0,,,8,,,130,Sound,,,
0,FORT,,1,1776624322.0544572,40.98,Game,1,Predictable,31.78,0,,,8,,,130,Sound,,,
0,FORT,,1,1776624322.0544572,40.99,Game,1,Predictable,31.79,0,,,8,,,130,Sound,,,
0,FORT,,1,1776624322.0544572,41.0,Game,1,Predictable,31.8,0,,,8,,,130,Sound,,,
0,FORT,,1,1776624322.0544572,41.01,Game,1,Predictable,31.81,0,,,8,,,130,Sound,,,
0,FORT,,1,1776624322.0544572,41.02,Game,1,Predictable,31.82,0,,,8,,,130,Sound,,,
0,FORT,,1,1776624322.0544572,41.02,Game,1,Predictable,31.83,0,,,8,,,130,Sound,,,
0,FORT,,1,1776624322.0544572,41.03,Game,1,Predictable,31.83,0,,,8,,,130,Sound,,,
0,FORT,,1,1776624322.0544572,41.04,Game,1,Predictable,31.84,0,,,8,,,130,Sound,,,
0,FORT,,1,1776624322.0544572,41.05,Game,1,Predictable,31.85,0,,,8,,,130,Sound,,,
0,FORT,,1,1776624322.0544572,41.06,Game,1,Predictable,31.86,0,,,8,,,130,Sound,,,
0,FORT,,1,1776624322.0544572,41.07,Game,1,Predictable,31.87,0,,,8,,,130,Sound,,,
0,FORT,,1,1776624322.0544572,41.07,Game,1,Predictable,31.88,0,,,8,,,130,Sound,,,
0,FORT,,1,1776624322.0544572,41.08,Game,1,Predictable,31.88,0,,,8,,,130,Sound,,,
0,FORT,,1,1776624322.0544572,41.09,Game,1,Predictable,31.89,0,,,8,,,130,Sound,,,
0,FORT,,1,1776624322.0544572,41.1,Game,1,Predictable,31.9,0,,,8,,,130,Sound,,,
0,FORT,,1,1776624322.0544572,41.11,Game,1,Predictable,31.91,0,,,8,,,130,Sound,,,
0,FORT,,1,1776624322.0544572,41.12,Game,1,Predictable,31.92,0,,,8,,,130,Sound,,,
0,FORT,,1,1776624322.0544572,41.12,Game,1,Predictable,31.93,0,,,8,,,130,Sound,,,
0,FORT,,1,1776624322.0544572,41.13,Game,1,Predictable,31.93,0,,,8,,,130,Sound,,,
0,FORT,,1,1776624322.0544572,41.14,Game,1,Predictable,31.94,0,,,8,,,130,Sound,,,
0,FORT,,1,1776624322.0544572,41.15,Game,1,Predictable,31.95,0,,,8,,,130,Sound,,,
0,FORT,,1,1776624322.0544572,41.16,Game,1,Predictable,31.96,0,,,8,,,130,Sound,,,
0,FORT,,1,1776624322.0544572,41.17,Game,1,Predictable,31.97,0,,,8,,,130,Sound,,,
0,FORT,,1,1776624322.0544572,41.17,Game,1,Predictable,31.98,0,,,8,,,130,Sound,,,
0,FORT,,1,1776624322.0544572,41.18,Game,1,Predictable,31.98,0,,,8,,,130,Sound,,,
0,FORT,,1,1776624322.0544572,41.19,Game,1,Predictable,31.99,0,,,8,,,130,Sound,,,
0,FORT,,1,1776624322.0544572,41.2,Game,1,Predictable,32.0,0,,,8,,,130,Sound,,,
0,FORT,,1,1776624322.0544572,41.21,Game,1,Predictable,32.01,0,,,8,,,130,Sound,,,
0,FORT,,1,1776624322.0544572,41.22,Game,1,Predictable,32.02,0,,,8,,,130,Sound,,,
0,FORT,,1,1776624322.0544572,41.22,Game,1,Predictable,32.03,0,,,8,,,130,Sound,,,
0,FORT,,1,1776624322.0544572,41.23,Game,1,Predictable,32.03,0,,,8,,,130,Sound,,,
0,FORT,,1,1776624322.0544572,41.24,Game,1,Predictable,32.04,0,,,8,,,130,Sound,,,
0,FORT,,1,1776624322.0544572,41.25,Game,1,Predictable,32.05,0,,,8,,,130,Sound,,,
0,FORT,,1,1776624322.0544572,41.26,Game,1,Predictable,32.06,0,,,8,,,130,Sound,,,
0,FORT,,1,1776624322.0544572,41.27,Game,1,Predictable,32.07,0,,,8,,,130,Sound,,,
0,FORT,,1,1776624322.0544572,41.27,Game,1,Predictable,32.08,0,,,8,,,130,Sound,,,
0,FORT,,1,1776624322.0544572,41.28,Game,1,Predictable,32.08,0,,,8,,,130,Sound,,,
0,FORT,,1,1776624322.0544572,41.29,Game,1,Predictable,32.09,0,,,8,,,130,Sound,,,
0,FORT,,1,1776624322.0544572,41.3,Game,1,Predictable,32.1,0,,,8,,,130,Sound,,,
0,FORT,,1,1776624322.0544572,41.31,Game,1,Predictable,32.11,0,,,8,,,130,Sound,,,
0,FORT,,1,1776624322.0544572,41.32,Game,1,Predictable,32.12,0,,,8,,,130,Sound,,,
0,FORT,,1,1776624322.0544572,41.32,Game,1,Predictable,32.13,0,,,8,,,130,Sound,,,
0,FORT,,1,1776624322.0544572,41.33,Game,1,Predictable,32.13,0,,,8,,,130,Sound,,,
0,FORT,,1,1776624322.0544572,41.34,Game,1,Predictable,32.14,0,,,8,,,130,Sound,,,
0,FORT,,1,1776624322.0544572,41.35,Game,1,Predictable,32.15,0,,,8,,,130,Sound,,,
0,FORT,,1,1776624322.0544572,41.36,Game,1,Predictable,32.16,0,,,8,,,130,Sound,,,
0,FORT,,1,1776624322.0544572,41.37,Game,1,Predictable,32.17,0,,,8,,,130,Sound,,,
0,FORT,,1,1776624322.0544572,41.37,Game,1,Predictable,32.18,0,,,8,,,130,Sound,,,
0,FORT,,1,1776624322.0544572,41.38,Game,1,Predictable,32.18,0,,,8,,,130,Sound,,,
0,FORT,,1,1776624322.0544572,41.39,Game,1,Predictable,32.19,0,,,8,,,130,Sound,,,
0,FORT,,1,1776624322.0544572,41.4,Game,1,Predictable,32.2,0,,,8,,,130,Sound,,,
0,FORT,,1,1776624322.0544572,41.41,Game,1,Predictable,32.21,0,,,8,,,130,Sound,,,
0,FORT,,1,1776624322.0544572,41.42,Game,1,Predictable,32.22,0,,,8,,,130,Sound,,,
0,FORT,,1,1776624322.0544572,41.42,Game,1,Predictable,32.23,0,,,8,,,130,Sound,,,
0,FORT,,1,1776624322.0544572,41.43,Game,1,Predictable,32.23,0,,,8,,,130,Sound,,,
0,FORT,,1,1776624322.0544572,41.44,Game,1,Predictable,32.24,0,,,8,,,130,Sound,,,
0,FORT,,1,1776624322.0544572,41.45,Game,1,Predictable,32.25,0,,,8,,,130,Sound,,,
0,FORT,,1,1776624322.0544572,41.46,Game,1,Predictable,32.26,0,,,8,,,130,Sound,,,
0,FORT,,1,1776624322.0544572,41.47,Game,1,Predictable,32.27,0,,,8,,,130,Sound,,,
0,FORT,,1,1776624322.0544572,41.47,Game,1,Predictable,32.28,0,,,8,,,130,Sound,,,
0,FORT,,1,1776624322.0544572,41.48,Game,1,Predictable,32.28,0,,,8,,,130,Sound,,,
0,FORT,,1,1776624322.0544572,41.49,Game,1,Predictable,32.29,0,,,8,,,130,Sound,,,
0,FORT,,1,1776624322.0544572,41.5,Game,1,Predictable,32.3,0,,,8,,,130,Sound,,,
0,FORT,,1,1776624322.0544572,41.51,Game,1,Predictable,32.31,0,,,8,,,130,Sound,,,
0,FORT,,1,1776624322.0544572,41.52,Game,1,Predictable,32.32,0,,,8,,,130,Sound,,,
0,FORT,,1,1776624322.0544572,41.52,Game,1,Predictable,32.33,0,,,8,,,130,Sound,,,
0,FORT,,1,1776624322.0544572,41.53,Game,1,Predictable,32.33,0,,,8,,,130,Sound,,,
0,FORT,,1,1776624322.0544572,41.54,Game,1,Predictable,32.34,0,,,8,,,130,Sound,,,
0,FORT,,1,1776624322.0544572,41.55,Game,1,Predictable,32.35,0,,,8,,,130,Sound,,,
0,FORT,,1,1776624322.0544572,41.56,Game,1,Predictable,32.36,0,,,8,,,130,Sound,,,
0,FORT,,1,1776624322.0544572,41.57,Game,1,Predictable,32.37,0,,,8,,,130,Sound,,,
0,FORT,,1,1776624322.0544572,41.57,Game,1,Predictable,32.38,0,,,8,,,130,Sound,,,
0,FORT,,1,1776624322.0544572,41.58,Game,1,Predictable,32.38,0,,,8,,,130,Sound,,,
0,FORT,,1,1776624322.0544572,41.59,Game,1,Predictable,32.39,0,,,8,,,130,Sound,,,
0,FORT,,1,1776624322.0544572,41.6,Game,1,Predictable,32.4,0,,,8,,,130,Sound,,,
0,FORT,,1,1776624322.0544572,41.61,Game,1,Predictable,32.41,0,,,8,,,130,Sound,,,
0,FORT,,1,1776624322.0544572,41.62,Game,1,Predictable,32.42,0,,,8,,,130,Sound,,,
0,FORT,,1,1776624322.0544572,41.62,Game,1,Predictable,32.43,0,,,8,,,130,Sound,,,
0,FORT,,1,1776624322.0544572,41.63,Game,1,Predictable,32.43,0,,,8,,,130,Sound,,,
0,FORT,,1,1776624322.0544572,41.64,Game,1,Predictable,32.44,0,,,8,,,130,Sound,,,
0,FORT,,1,1776624322.0544572,41.65,Game,1,Predictable,32.45,0,,,8,,,130,Sound,,,
0,FORT,,1,1776624322.0544572,41.66,Game,1,Predictable,32.46,0,,,8,,,130,Sound,,,
0,FORT,,1,1776624322.0544572,41.67,Game,1,Predictable,32.47,0,,,8,,,130,Sound,,,
0,FORT,,1,1776624322.0544572,41.67,Game,1,Predictable,32.48,0,,,8,,,130,Sound,,,
0,FORT,,1,1776624322.0544572,41.68,Game,1,Predictable,32.48,0,,,8,,,130,Sound,,,
0,FORT,,1,1776624322.0544572,41.69,Game,1,Predictable,32.49,0,,,8,,,130,Sound,,,
0,FORT,,1,1776624322.0544572,41.7,Game,1,Predictable,32.5,0,,,8,,,130,Sound,,,
0,FORT,,1,1776624322.0544572,41.71,Game,1,Predictable,32.51,0,,,8,,,130,Sound,,,
0,FORT,,1,1776624322.0544572,41.72,Game,1,Predictable,32.52,0,,,8,,,130,Sound,,,
0,FORT,,1,1776624322.0544572,41.72,Game,1,Predictable,32.53,0,,,8,,,130,Sound,,,
0,FORT,,1,1776624322.0544572,41.73,Game,1,Predictable,32.53,0,,,8,,,130,Sound,,,
0,FORT,,1,1776624322.0544572,41.74,Game,1,Predictable,32.54,0,,,8,,,130,Sound,,,
0,FORT,,1,1776624322.0544572,41.75,Game,1,Predictable,32.55,0,,,8,,,130,Sound,,,
0,FORT,,1,1776624322.0544572,41.76,Game,1,Predictable,32.56,0,,,8,,,130,Sound,,,
0,FORT,,1,1776624322.0544572,41.77,Game,1,Predictable,32.57,0,,,8,,,130,Sound,,,
0,FORT,,1,1776624322.0544572,41.77,Game,1,Predictable,32.58,0,,,8,,,130,Sound,,,
0,FORT,,1,1776624322.0544572,41.78,Game,1,Predictable,32.58,0,,,8,,,130,Sound,,,
0,FORT,,1,1776624322.0544572,41.79,Game,1,Predictable,32.59,0,,,8,,,130,Sound,,,
0,FORT,,1,1776624322.0544572,41.8,Game,1,Predictable,32.6,0,,,8,,,130,Sound,,,
0,FORT,,1,1776624322.0544572,41.81,Game,1,Predictable,32.61,0,,,8,,,130,Sound,,,
0,FORT,,1,1776624322.0544572,41.82,Game,1,Predictable,32.62,0,,,8,,,130,Sound,,,
0,FORT,,1,1776624322.0544572,41.82,Game,1,Predictable,32.63,0,,,8,,,130,Sound,,,
0,FORT,,1,1776624322.0544572,41.83,Game,1,Predictable,32.63,0,,,8,,,130,Sound,,,
0,FORT,,1,1776624322.0544572,41.84,Game,1,Predictable,32.64,0,,,8,,,130,Sound,,,
0,FORT,,1,1776624322.0544572,41.85,Game,1,Predictable,32.65,0,,,8,,,130,Sound,,,
0,FORT,,1,1776624322.0544572,41.86,Game,1,Predictable,32.66,0,,,8,,,130,Sound,,,
0,FORT,,1,1776624322.0544572,41.87,Game,1,Predictable,32.67,0,,,8,,,130,Sound,,,
0,FORT,,1,1776624322.0544572,41.87,Game,1,Predictable,32.68,0,,,8,,,130,Sound,,,
0,FORT,,1,1776624322.0544572,41.88,Game,1,Predictable,32.68,0,,,8,,,130,Sound,,,
0,FORT,,1,1776624322.0544572,41.89,Game,1,Predictable,32.69,0,,,8,,,130,Sound,,,
0,FORT,,1,1776624322.0544572,41.9,Game,1,Predictable,32.7,0,,,8,,,130,Sound,,,
0,FORT,,1,1776624322.0544572,41.91,Game,1,Predictable,32.71,0,,,8,,,130,Sound,,,
0,FORT,,1,1776624322.0544572,41.92,Game,1,Predictable,32.72,0,,,8,,,130,Sound,,,
0,FORT,,1,1776624322.0544572,41.92,Game,1,Predictable,32.73,0,,,8,,,130,Sound,,,
0,FORT,,1,1776624322.0544572,41.93,Game,1,Predictable,32.73,0,,,8,,,130,Sound,,,
0,FORT,,1,1776624322.0544572,41.94,Game,1,Predictable,32.74,0,,,8,,,130,Sound,,,
0,FORT,,1,1776624322.0544572,41.95,Game,1,Predictable,32.75,0,,,8,,,130,Sound,,,
0,FORT,,1,1776624322.0544572,41.96,Game,1,Predictable,32.76,0,,,8,,,130,Sound,,,
0,FORT,,1,1776624322.0544572,41.97,Game,1,Predictable,32.77,0,,,8,,,130,Sound,,,
0,FORT,,1,1776624322.0544572,41.97,Game,1,Predictable,32.78,0,,,8,,,130,Sound,,,
0,FORT,,1,1776624322.0544572,41.98,Game,1,Predictable,32.78,0,,,8,,,130,Sound,,,
0,FORT,,1,1776624322.0544572,41.99,Game,1,Predictable,32.79,0,,,8,,,130,Sound,,,
0,FORT,,1,1776624322.0544572,42.0,Game,1,Predictable,32.8,0,,,8,,,130,Sound,,,
0,FORT,,1,1776624322.0544572,42.01,Game,1,Predictable,32.81,0,,,8,,,130,Sound,,,
0,FORT,,1,1776624322.0544572,42.02,Game,1,Predictable,32.82,0,,,8,,,130,Sound,,,
0,FORT,,1,1776624322.0544572,42.02,Game,1,Predictable,32.83,0,,,8,,,130,Sound,,,
0,FORT,,1,1776624322.0544572,42.03,Game,1,Predictable,32.83,0,,,8,,,130,Sound,,,
0,FORT,,1,1776624322.0544572,42.04,Game,1,Predictable,32.84,0,,,8,,,130,Sound,,,
0,FORT,,1,1776624322.0544572,42.05,Game,1,Predictable,32.85,0,,,8,,,130,Sound,,,
0,FORT,,1,1776624322.0544572,42.06,Game,1,Predictable,32.86,0,,,8,,,130,Sound,,,
0,FORT,,1,1776624322.0544572,42.07,Game,1,Predictable,32.87,0,,,8,,,130,Sound,,,
0,FORT,,1,1776624322.0544572,42.07,Game,1,Predictable,32.88,0,,,8,,,130,Sound,,,
0,FORT,,1,1776624322.0544572,42.08,Game,1,Predictable,32.88,0,,,8,,,130,Sound,,,
0,FORT,,1,1776624322.0544572,42.09,Game,1,Predictable,32.89,0,,,8,,,130,Sound,,,
0,FORT,,1,1776624322.0544572,42.1,Game,1,Predictable,32.9,0,,,8,,,130,Sound,,,
0,FORT,,1,1776624322.0544572,42.11,Game,1,Predictable,32.91,0,,,8,,,130,Sound,,,
0,FORT,,1,1776624322.0544572,42.12,Game,1,Predictable,32.92,0,,,8,,,130,Sound,,,
0,FORT,,1,1776624322.0544572,42.12,Game,1,Predictable,32.93,0,,,8,,,130,Sound,,,
0,FORT,,1,1776624322.0544572,42.13,Game,1,Predictable,32.93,0,,,8,,,130,Sound,,,
0,FORT,,1,1776624322.0544572,42.14,Game,1,Predictable,32.94,0,,,8,,,130,Sound,,,
0,FORT,,1,1776624322.0544572,42.15,Game,1,Predictable,32.95,0,,,8,,,130,Sound,,,
0,FORT,,1,1776624322.0544572,42.16,Game,1,Predictable,32.96,0,,,8,,,130,Sound,,,
0,FORT,,1,1776624322.0544572,42.17,Game,1,Predictable,32.97,0,,,8,,,130,Sound,,,
0,FORT,,1,1776624322.0544572,42.17,Game,1,Predictable,32.98,0,,,8,,,130,Sound,,,
0,FORT,,1,1776624322.0544572,42.18,Game,1,Predictable,32.98,0,,,8,,,130,Sound,,,
0,FORT,,1,1776624322.0544572,42.19,Game,1,Predictable,32.99,0,,,8,,,130,Sound,,,
0,FORT,,1,1776624322.0544572,42.2,Game,1,Predictable,33.0,0,,,8,,,130,Sound,,,
0,FORT,,1,1776624322.0544572,42.21,Game,1,Predictable,33.01,0,,,8,,,130,Sound,,,
0,FORT,,1,1776624322.0544572,42.22,Game,1,Predictable,33.02,0,,,8,,,130,Sound,,,
0,FORT,,1,1776624322.0544572,42.22,Game,1,Predictable,33.03,0,,,8,,,130,Sound,,,
0,FORT,,1,1776624322.0544572,42.23,Game,1,Predictable,33.03,0,,,8,,,130,Sound,,,
0,FORT,,1,1776624322.0544572,42.24,Game,1,Predictable,33.04,0,,,8,,,130,Sound,,,
0,FORT,,1,1776624322.0544572,42.25,Game,1,Predictable,33.05,0,,,8,,,130,Sound,,,
0,FORT,,1,1776624322.0544572,42.26,Game,1,Predictable,33.06,0,,,8,,,130,Sound,,,
0,FORT,,1,1776624322.0544572,42.27,Game,1,Predictable,33.07,0,,,8,,,130,Sound,,,
0,FORT,,1,1776624322.0544572,42.27,Game,1,Predictable,33.08,0,,,8,,,130,Sound,,,
0,FORT,,1,1776624322.0544572,42.28,Game,1,Predictable,33.08,0,,,8,,,130,Sound,,,
0,FORT,,1,1776624322.0544572,42.29,Game,1,Predictable,33.09,0,,,8,,,130,Sound,,,
0,FORT,,1,1776624322.0544572,42.3,Game,1,Predictable,33.1,0,,,8,,,130,Sound,,,
0,FORT,,1,1776624322.0544572,42.31,Game,1,Predictable,33.11,0,,,8,,,130,Sound,,,
0,FORT,,1,1776624322.0544572,42.32,Game,1,Predictable,33.12,0,,,8,,,130,Sound,,,
0,FORT,,1,1776624322.0544572,42.32,Game,1,Predictable,33.13,0,,,8,,,130,Sound,,,
0,FORT,,1,1776624322.0544572,42.33,Game,1,Predictable,33.13,0,,,8,,,130,Sound,,,
0,FORT,,1,1776624322.0544572,42.34,Game,1,Predictable,33.14,0,,,8,,,130,Sound,,,
0,FORT,,1,1776624322.0544572,42.35,Game,1,Predictable,33.15,0,,,8,,,130,Sound,,,
0,FORT,,1,1776624322.0544572,42.36,Game,1,Predictable,33.16,0,,,8,,,130,Sound,,,
0,FORT,,1,1776624322.0544572,42.37,Game,1,Predictable,33.17,0,,,8,,,130,Sound,,,
0,FORT,,1,1776624322.0544572,42.37,Game,1,Predictable,33.18,0,,,8,,,130,Sound,,,
0,FORT,,1,1776624322.0544572,42.38,Game,1,Predictable,33.18,0,,,8,,,130,Sound,,,
0,FORT,,1,1776624322.0544572,42.39,Game,1,Predictable,33.19,0,,,8,,,130,Sound,,,
0,FORT,,1,1776624322.0544572,42.4,Game,1,Predictable,33.2,0,,,8,,,130,Sound,,,
0,FORT,,1,1776624322.0544572,42.41,Game,1,Predictable,33.21,0,,,8,,,130,Sound,,,
0,FORT,,1,1776624322.0544572,42.42,Game,1,Predictable,33.22,0,,,8,,,130,Sound,,,
0,FORT,,1,1776624322.0544572,42.42,Game,1,Predictable,33.23,0,,,8,,,130,Sound,,,
0,FORT,,1,1776624322.0544572,42.43,Game,1,Predictable,33.23,0,,,8,,,130,Sound,,,
0,FORT,,1,1776624322.0544572,42.44,Game,1,Predictable,33.24,0,,,8,,,130,Sound,,,
0,FORT,,1,1776624322.0544572,42.45,Game,1,Predictable,33.25,0,,,8,,,130,Sound,,,
0,FORT,,1,1776624322.0544572,42.46,Game,1,Predictable,33.26,0,,,8,,,130,Sound,,,
0,FORT,,1,1776624322.0544572,42.47,Game,1,Predictable,33.27,0,,,8,,,130,Sound,,,
0,FORT,,1,1776624322.0544572,42.47,Game,1,Predictable,33.28,0,,,8,,,130,Sound,,,
0,FORT,,1,1776624322.0544572,42.48,Game,1,Predictable,33.28,0,,,8,,,130,Sound,,,
0,FORT,,1,1776624322.0544572,42.49,Game,1,Predictable,33.29,0,,,8,,,130,Sound,,,
0,FORT,,1,1776624322.0544572,42.5,Game,1,Predictable,33.3,0,,,8,,,130,Sound,,,
0,FORT,,1,1776624322.0544572,42.51,Game,1,Predictable,33.31,0,,,8,,,130,Sound,,,
0,FORT,,1,1776624322.0544572,42.52,Game,1,Predictable,33.32,0,,,8,,,130,Sound,,,
0,FORT,,1,1776624322.0544572,42.52,Game,1,Predictable,33.33,0,,,8,,,130,Sound,,,
0,FORT,,1,1776624322.0544572,42.53,Game,1,Predictable,33.33,0,,,8,,,130,Sound,,,
0,FORT,,1,1776624322.0544572,42.54,Game,1,Predictable,33.34,0,,,8,,,130,Sound,,,
0,FORT,,1,1776624322.0544572,42.55,Game,1,Predictable,33.35,0,,,8,,,130,Sound,,,
0,FORT,,1,1776624322.0544572,42.56,Game,1,Predictable,33.36,0,,,8,,,130,Sound,,,
0,FORT,,1,1776624322.0544572,42.57,Game,1,Predictable,33.37,0,,,8,,,130,Sound,,,
0,FORT,,1,1776624322.0544572,42.57,Game,1,Predictable,33.38,0,,,8,,,130,Sound,,,
0,FORT,,1,1776624322.0544572,42.58,Game,1,Predictable,33.38,0,,,8,,,130,Sound,,,
0,FORT,,1,1776624322.0544572,42.59,Game,1,Predictable,33.39,0,,,8,,,130,Sound,,,
0,FORT,,1,1776624322.0544572,42.6,Game,1,Predictable,33.4,0,,,8,,,130,Sound,,,
0,FORT,,1,1776624322.0544572,42.61,Game,1,Predictable,33.41,0,,,8,,,130,Sound,,,
0,FORT,,1,1776624322.0544572,42.62,Game,1,Predictable,33.42,0,,,8,,,130,Sound,,,
0,FORT,,1,1776624322.0544572,42.62,Game,1,Predictable,33.43,0,,,8,,,130,Sound,,,
0,FORT,,1,1776624322.0544572,42.63,Game,1,Predictable,33.43,0,,,8,,,130,Sound,,,
0,FORT,,1,1776624322.0544572,42.64,Game,1,Predictable,33.44,0,,,8,,,130,Sound,,,
0,FORT,,1,1776624322.0544572,42.65,Game,1,Predictable,33.45,0,,,8,,,130,Sound,,,
0,FORT,,1,1776624322.0544572,42.66,Game,1,Predictable,33.46,0,,,8,,,130,Sound,,,
0,FORT,,1,1776624322.0544572,42.67,Game,1,Predictable,33.47,0,,,8,,,130,Sound,,,
0,FORT,,1,1776624322.0544572,42.67,Game,1,Predictable,33.48,0,,,8,,,130,Sound,,,
0,FORT,,1,1776624322.0544572,42.68,Game,1,Predictable,33.48,0,,,8,,,130,Sound,,,
0,FORT,,1,1776624322.0544572,42.69,Game,1,Predictable,33.49,0,,,8,,,130,Sound,,,
0,FORT,,1,1776624322.0544572,42.7,Game,1,Predictable,33.5,0,,,8,,,130,Sound,,,
0,FORT,,1,1776624322.0544572,42.71,Game,1,Predictable,33.51,0,,,8,,,130,Sound,,,
0,FORT,,1,1776624322.0544572,42.72,Game,1,Predictable,33.52,0,,,8,,,130,Sound,,,
0,FORT,,1,1776624322.0544572,42.72,Game,1,Predictable,33.53,0,,,8,,,130,Sound,,,
0,FORT,,1,1776624322.0544572,42.73,Game,1,Predictable,33.53,0,,,8,,,130,Sound,,,
0,FORT,,1,1776624322.0544572,42.74,Game,1,Predictable,33.54,0,,,8,,,130,Sound,,,
0,FORT,,1,1776624322.0544572,42.75,Game,1,Predictable,33.55,0,,,8,,,130,Sound,,,
0,FORT,,1,1776624322.0544572,42.76,Game,1,Predictable,33.56,0,,,8,,,130,Sound,,,
0,FORT,,1,1776624322.0544572,42.77,Game,1,Predictable,33.57,0,,,8,,,130,Sound,,,
0,FORT,,1,1776624322.0544572,42.77,Game,1,Predictable,33.58,0,,,8,,,130,Sound,,,
0,FORT,,1,1776624322.0544572,42.78,Game,1,Predictable,33.58,0,,,8,,,130,Sound,,,
0,FORT,,1,1776624322.0544572,42.79,Game,1,Predictable,33.59,0,,,8,,,130,Sound,,,
0,FORT,,1,1776624322.0544572,42.8,Game,1,Predictable,33.6,0,,,8,,,130,Sound,,,
0,FORT,,1,1776624322.0544572,42.81,Game,1,Predictable,33.61,0,,,8,,,130,Sound,,,
0,FORT,,1,1776624322.0544572,42.82,Game,1,Predictable,33.62,0,,,8,,,130,Sound,,,
0,FORT,,1,1776624322.0544572,42.82,Game,1,Predictable,33.63,0,,,8,,,130,Sound,,,
0,FORT,,1,1776624322.0544572,42.83,Game,1,Predictable,33.63,0,,,8,,,130,Sound,,,
0,FORT,,1,1776624322.0544572,42.84,Game,1,Predictable,33.64,0,,,8,,,130,Sound,,,
0,FORT,,1,1776624322.0544572,42.85,Game,1,Predictable,33.65,0,,,8,,,130,Sound,,,
0,FORT,,1,1776624322.0544572,42.86,Game,1,Predictable,33.66,0,,,8,,,130,Sound,,,
0,FORT,,1,1776624322.0544572,42.87,Game,1,Predictable,33.67,0,,,8,,,130,Sound,,,
0,FORT,,1,1776624322.0544572,42.87,Game,1,Predictable,33.68,0,,,8,,,130,Sound,,,
0,FORT,,1,1776624322.0544572,42.88,Game,1,Predictable,33.68,0,,,8,,,130,Sound,,,
0,FORT,,1,1776624322.0544572,42.89,Game,1,Predictable,33.69,0,,,8,,,130,Sound,,,
0,FORT,,1,1776624322.0544572,42.9,Game,1,Predictable,33.7,0,,,8,,,130,Sound,,,
0,FORT,,1,1776624322.0544572,42.91,Game,1,Predictable,33.71,0,,,8,,,130,Sound,,,
0,FORT,,1,1776624322.0544572,42.92,Game,1,Predictable,33.72,0,,,8,,,130,Sound,,,
0,FORT,,1,1776624322.0544572,42.92,Game,1,Predictable,33.73,0,,,8,,,130,Sound,,,
0,FORT,,1,1776624322.0544572,42.93,Game,1,Predictable,33.73,0,,,8,,,130,Sound,,,
0,FORT,,1,1776624322.0544572,42.94,Game,1,Predictable,33.74,0,,,8,,,130,Sound,,,
0,FORT,,1,1776624322.0544572,42.95,Game,1,Predictable,33.75,0,,,8,,,130,Sound,,,
0,FORT,,1,1776624322.0544572,42.96,Game,1,Predictable,33.76,0,,,8,,,130,Sound,,,
0,FORT,,1,1776624322.0544572,42.97,Game,1,Predictable,33.77,0,,,8,,,130,Sound,,,
0,FORT,,1,1776624322.0544572,42.97,Game,1,Predictable,33.78,0,,,8,,,130,Sound,,,
0,FORT,,1,1776624322.0544572,42.98,Game,1,Predictable,33.78,0,,,8,,,130,Sound,,,
0,FORT,,1,1776624322.0544572,42.99,Game,1,Predictable,33.79,0,,,8,,,130,Sound,,,
0,FORT,,1,1776624322.0544572,43.0,Game,1,Predictable,33.8,0,,,8,,,130,Sound,,,
0,FORT,,1,1776624322.0544572,43.01,Game,1,Predictable,33.81,0,,,8,,,130,Sound,,,
0,FORT,,1,1776624322.0544572,43.02,Game,1,Predictable,33.82,0,,,8,,,130,Sound,,,
0,FORT,,1,1776624322.0544572,43.02,Game,1,Predictable,33.83,0,,,8,,,130,Sound,,,
0,FORT,,1,1776624322.0544572,43.03,Game,1,Predictable,33.83,0,,,8,,,130,Sound,,,
0,FORT,,1,1776624322.0544572,43.04,Game,1,Predictable,33.84,0,,,8,,,130,Sound,,,
0,FORT,,1,1776624322.0544572,43.05,Game,1,Predictable,33.85,0,,,8,,,130,Sound,,,
0,FORT,,1,1776624322.0544572,43.06,Game,1,Predictable,33.86,0,,,8,,,130,Sound,,,
0,FORT,,1,1776624322.0544572,43.07,Game,1,Predictable,33.87,0,,,8,,,130,Sound,,,
0,FORT,,1,1776624322.0544572,43.08,Game,1,Predictable,33.88,0,,,9,,,130,Sound,,,
0,FORT,,1,1776624322.0544572,43.09,Game,1,Predictable,33.89,0,,,9,,,130,Sound,,,
0,FORT,,1,1776624322.0544572,43.1,Game,1,Predictable,33.9,0,,,9,,,130,Sound,,,
0,FORT,,1,1776624322.0544572,43.11,Game,1,Predictable,33.91,0,,,9,,,130,Sound,,,
0,FORT,,1,1776624322.0544572,43.12,Game,1,Predictable,33.92,0,,,9,,,130,Sound,,,
0,FORT,,1,1776624322.0544572,43.12,Game,1,Predictable,33.93,0,,,9,,,130,Sound,,,
0,FORT,,1,1776624322.0544572,43.13,Game,1,Predictable,33.93,0,,,9,,,130,Sound,,,
0,FORT,,1,1776624322.0544572,43.14,Game,1,Predictable,33.94,0,,,9,,,130,Sound,,,
0,FORT,,1,1776624322.0544572,43.15,Game,1,Predictable,33.95,0,,,9,,,130,Sound,,,
0,FORT,,1,1776624322.0544572,43.16,Game,1,Predictable,33.96,0,,,9,,,130,Sound,,,
0,FORT,,1,1776624322.0544572,43.17,Game,1,Predictable,33.97,0,,,9,,,130,Sound,,,
0,FORT,,1,1776624322.0544572,43.17,Game,1,Predictable,33.98,0,,,9,,,130,Sound,,,
0,FORT,,1,1776624322.0544572,43.18,Game,1,Predictable,33.98,0,,,9,,,130,Sound,,,
0,FORT,,1,1776624322.0544572,43.19,Game,1,Predictable,33.99,0,,,9,,,130,Sound,,,
0,FORT,,1,1776624322.0544572,43.2,Game,1,Predictable,34.0,0,,,9,,,130,Sound,,,
0,FORT,,1,1776624322.0544572,43.21,Game,1,Predictable,34.01,0,1,,9,,,131,Sound,,,
0,FORT,,1,1776624322.0544572,43.26,Game,1,Predictable,34.01,0,1,,9,,,131,Sound,,,
0,FORT,,1,1776624322.0544572,43.31,Game,1,Predictable,34.01,0,1,,9,,,131,Sound,,,
0,FORT,,1,1776624322.0544572,43.37,Game,1,Predictable,34.01,0,1,,9,,,131,Sound,,,
0,FORT,,1,1776624322.0544572,43.42,Game,1,Predictable,34.01,0,1,,9,,,131,Sound,,,
0,FORT,,1,1776624322.0544572,43.48,Game,1,Predictable,34.01,0,1,,9,,,131,Sound,,,
0,FORT,,1,1776624322.0544572,43.53,Game,1,Predictable,34.01,0,1,,9,,,131,Sound,,,
0,FORT,,1,1776624322.0544572,43.58,Game,1,Predictable,34.01,0,1,,9,,,131,Sound,,,
0,FORT,,1,1776624322.0544572,43.64,Game,1,Predictable,34.01,0,1,,9,,,131,Sound,,,
0,FORT,,1,1776624322.0544572,43.69,Game,1,Predictable,34.01,0,1,,9,,,131,Sound,,,
0,FORT,,1,1776624322.0544572,43.74,Game,1,Predictable,34.01,0,1,,9,,,131,Sound,,,
0,FORT,,1,1776624322.0544572,43.8,Game,1,Predictable,34.01,0,1,,9,,,131,Sound,,,
0,FORT,,1,1776624322.0544572,43.85,Game,1,Predictable,34.01,0,1,,9,,,131,Sound,,,
0,FORT,,1,1776624322.0544572,43.91,Game,1,Predictable,34.01,0,1,,9,,,131,Sound,,,
0,FORT,,1,1776624322.0544572,43.96,Game,1,Predictable,34.01,0,1,,9,,,131,Sound,,,
0,FORT,,1,1776624322.0544572,44.01,Game,1,Predictable,34.01,0,1,,9,,,131,Sound,,,
0,FORT,,1,1776624322.0544572,44.07,Game,1,Predictable,34.01,0,1,,9,,,131,Sound,,,
0,FORT,,1,1776624322.0544572,44.12,Game,1,Predictable,34.01,0,1,,9,,,131,Sound,,,
0,FORT,,1,1776624322.0544572,44.18,Game,1,Predictable,34.01,0,1,,9,,,131,Sound,,,
0,FORT,,1,1776624322.0544572,44.23,Game,1,Predictable,34.01,0,,,9,,,130,Sound,,,
0,FORT,,1,1776624322.0544572,44.24,Game,1,Predictable,35.04,0,,,9,,,130,Sound,,,
0,FORT,,1,1776624322.0544572,44.25,Game,1,Predictable,35.05,0,,,9,,,130,Sound,,,
0,FORT,,1,1776624322.0544572,44.27,Game,1,Predictable,35.06,0,,,9,,,130,Sound,,,
0,FORT,,1,1776624322.0544572,44.28,Game,1,Predictable,35.08,0,,,9,,,130,Sound,,,
0,FORT,,1,1776624322.0544572,44.29,Game,1,Predictable,35.09,0,,,9,,,130,Sound,,,
0,FORT,,1,1776624322.0544572,44.3,Game,1,Predictable,35.1,0,,,9,,,130,Sound,,,
0,FORT,,1,1776624322.0544572,44.31,Game,1,Predictable,35.11,0,,,9,,,130,Sound,,,
0,FORT,,1,1776624322.0544572,44.32,Game,1,Predictable,35.12,0,,,9,,,130,Sound,,,
0,FORT,,1,1776624322.0544572,44.32,Game,1,Predictable,35.13,0,,,9,,,130,Sound,,,
0,FORT,,1,1776624322.0544572,44.33,Game,1,Predictable,35.13,0,,,9,,,130,Sound,,,
0,FORT,,1,1776624322.0544572,44.34,Game,1,Predictable,35.14,0,,,9,,,130,Sound,,,
0,FORT,,1,1776624322.0544572,44.35,Game,1,Predictable,35.15,0,,,9,,,130,Sound,,,
0,FORT,,1,1776624322.0544572,44.36,Game,1,Predictable,35.16,0,,,9,,,130,Sound,,,
0,FORT,,1,1776624322.0544572,44.37,Game,1,Predictable,35.17,0,,,9,,,130,Sound,,,
0,FORT,,1,1776624322.0544572,44.38,Game,1,Predictable,35.18,0,,,9,,,130,Sound,,,
0,FORT,,1,1776624322.0544572,44.39,Game,1,Predictable,35.19,0,,,9,,,130,Sound,,,
0,FORT,,1,1776624322.0544572,44.4,Game,1,Predictable,35.2,0,,,9,,,130,Sound,,,
0,FORT,,1,1776624322.0544572,44.41,Game,1,Predictable,35.21,0,,,9,,,130,Sound,,,
0,FORT,,1,1776624322.0544572,44.42,Game,1,Predictable,35.22,0,,,9,,,130,Sound,,,
0,FORT,,1,1776624322.0544572,44.43,Game,1,Predictable,35.23,0,,,9,,,130,Sound,,,
0,FORT,,1,1776624322.0544572,44.44,Game,1,Predictable,35.24,0,,,9,,,130,Sound,,,
0,FORT,,1,1776624322.0544572,44.45,Game,1,Predictable,35.25,0,,,9,,,130,Sound,,,
0,FORT,,1,1776624322.0544572,44.46,Game,1,Predictable,35.26,0,,,9,,,130,Sound,,,
0,FORT,,1,1776624322.0544572,44.47,Game,1,Predictable,35.27,0,,,9,,,130,Sound,,,
0,FORT,,1,1776624322.0544572,44.47,Game,1,Predictable,35.28,0,,,9,,,130,Sound,,,
0,FORT,,1,1776624322.0544572,44.48,Game,1,Predictable,35.28,0,,,9,,,130,Sound,,,
0,FORT,,1,1776624322.0544572,44.49,Game,1,Predictable,35.29,0,,,9,,,130,Sound,,,
0,FORT,,1,1776624322.0544572,44.5,Game,1,Predictable,35.3,0,,,9,,,130,Sound,,,
0,FORT,,1,1776624322.0544572,44.51,Game,1,Predictable,35.31,0,,,9,,,130,Sound,,,
0,FORT,,1,1776624322.0544572,44.52,Game,1,Predictable,35.32,0,,,9,,,130,Sound,,,
0,FORT,,1,1776624322.0544572,44.52,Game,1,Predictable,35.33,0,,,9,,,130,Sound,,,
0,FORT,,1,1776624322.0544572,44.53,Game,1,Predictable,35.33,0,,,9,,,130,Sound,,,
0,FORT,,1,1776624322.0544572,44.54,Game,1,Predictable,35.34,0,,,9,,,130,Sound,,,
0,FORT,,1,1776624322.0544572,44.55,Game,1,Predictable,35.35,0,,,9,,,130,Sound,,,
0,FORT,,1,1776624322.0544572,44.56,Game,1,Predictable,35.36,0,,,9,,,130,Sound,,,
0,FORT,,1,1776624322.0544572,44.57,Game,1,Predictable,35.37,0,,,9,,,130,Sound,,,
0,FORT,,1,1776624322.0544572,44.57,Game,1,Predictable,35.38,0,,,9,,,130,Sound,,,
0,FORT,,1,1776624322.0544572,44.58,Game,1,Predictable,35.38,0,,,9,,,130,Sound,,,
0,FORT,,1,1776624322.0544572,44.59,Game,1,Predictable,35.39,0,,,9,,,130,Sound,,,
0,FORT,,1,1776624322.0544572,44.6,Game,1,Predictable,35.4,0,,,9,,,130,Sound,,,
0,FORT,,1,1776624322.0544572,44.61,Game,1,Predictable,35.41,0,,,9,,,130,Sound,,,
0,FORT,,1,1776624322.0544572,44.62,Game,1,Predictable,35.42,0,,,9,,,130,Sound,,,
0,FORT,,1,1776624322.0544572,44.62,Game,1,Predictable,35.43,0,,,9,,,130,Sound,,,
0,FORT,,1,1776624322.0544572,44.63,Game,1,Predictable,35.43,0,,,9,,,130,Sound,,,
0,FORT,,1,1776624322.0544572,44.64,Game,1,Predictable,35.44,0,,,9,,,130,Sound,,,
0,FORT,,1,1776624322.0544572,44.65,Game,1,Predictable,35.45,0,,,9,,,130,Sound,,,
0,FORT,,1,1776624322.0544572,44.66,Game,1,Predictable,35.46,0,,,9,,,130,Sound,,,
0,FORT,,1,1776624322.0544572,44.67,Game,1,Predictable,35.47,0,,,9,,,130,Sound,,,
0,FORT,,1,1776624322.0544572,44.67,Game,1,Predictable,35.48,0,,,9,,,130,Sound,,,
0,FORT,,1,1776624322.0544572,44.68,Game,1,Predictable,35.48,0,,,9,,,130,Sound,,,
0,FORT,,1,1776624322.0544572,44.69,Game,1,Predictable,35.49,0,,,9,,,130,Sound,,,
0,FORT,,1,1776624322.0544572,44.7,Game,1,Predictable,35.5,0,,,9,,,130,Sound,,,
0,FORT,,1,1776624322.0544572,44.71,Game,1,Predictable,35.51,0,,,9,,,130,Sound,,,
0,FORT,,1,1776624322.0544572,44.72,Game,1,Predictable,35.52,0,,,9,,,130,Sound,,,
0,FORT,,1,1776624322.0544572,44.72,Game,1,Predictable,35.53,0,,,9,,,130,Sound,,,
0,FORT,,1,1776624322.0544572,44.73,Game,1,Predictable,35.53,0,,,9,,,130,Sound,,,
0,FORT,,1,1776624322.0544572,44.74,Game,1,Predictable,35.54,0,,,9,,,130,Sound,,,
0,FORT,,1,1776624322.0544572,44.75,Game,1,Predictable,35.55,0,,,9,,,130,Sound,,,
0,FORT,,1,1776624322.0544572,44.76,Game,1,Predictable,35.56,0,,,9,,,130,Sound,,,
0,FORT,,1,1776624322.0544572,44.77,Game,1,Predictable,35.57,0,,,9,,,130,Sound,,,
0,FORT,,1,1776624322.0544572,44.77,Game,1,Predictable,35.58,0,,,9,,,130,Sound,,,
0,FORT,,1,1776624322.0544572,44.78,Game,1,Predictable,35.58,0,,,9,,,130,Sound,,,
0,FORT,,1,1776624322.0544572,44.79,Game,1,Predictable,35.59,0,,,9,,,130,Sound,,,
0,FORT,,1,1776624322.0544572,44.8,Game,1,Predictable,35.6,0,,,9,,,130,Sound,,,
0,FORT,,1,1776624322.0544572,44.81,Game,1,Predictable,35.61,0,,,9,,,130,Sound,,,
0,FORT,,1,1776624322.0544572,44.82,Game,1,Predictable,35.62,0,,,9,,,130,Sound,,,
0,FORT,,1,1776624322.0544572,44.82,Game,1,Predictable,35.63,0,,,9,,,130,Sound,,,
0,FORT,,1,1776624322.0544572,44.83,Game,1,Predictable,35.63,0,,,9,,,130,Sound,,,
0,FORT,,1,1776624322.0544572,44.84,Game,1,Predictable,35.64,0,,,9,,,130,Sound,,,
0,FORT,,1,1776624322.0544572,44.85,Game,1,Predictable,35.65,0,,,9,,,130,Sound,,,
0,FORT,,1,1776624322.0544572,44.86,Game,1,Predictable,35.66,0,,,9,,,130,Sound,,,
0,FORT,,1,1776624322.0544572,44.87,Game,1,Predictable,35.67,0,,,9,,,130,Sound,,,
0,FORT,,1,1776624322.0544572,44.87,Game,1,Predictable,35.68,0,,,9,,,130,Sound,,,
0,FORT,,1,1776624322.0544572,44.88,Game,1,Predictable,35.68,0,,,9,,,130,Sound,,,
0,FORT,,1,1776624322.0544572,44.89,Game,1,Predictable,35.69,0,,,9,,,130,Sound,,,
0,FORT,,1,1776624322.0544572,44.9,Game,1,Predictable,35.7,0,,,9,,,130,Sound,,,
0,FORT,,1,1776624322.0544572,44.91,Game,1,Predictable,35.71,0,,,9,,,130,Sound,,,
0,FORT,,1,1776624322.0544572,44.92,Game,1,Predictable,35.72,0,,,9,,,130,Sound,,,
0,FORT,,1,1776624322.0544572,44.92,Game,1,Predictable,35.73,0,,,9,,,130,Sound,,,
0,FORT,,1,1776624322.0544572,44.93,Game,1,Predictable,35.73,0,,,9,,,130,Sound,,,
0,FORT,,1,1776624322.0544572,44.94,Game,1,Predictable,35.74,0,,,9,,,130,Sound,,,
0,FORT,,1,1776624322.0544572,44.95,Game,1,Predictable,35.75,0,,,9,,,130,Sound,,,
0,FORT,,1,1776624322.0544572,44.96,Game,1,Predictable,35.76,0,,,9,,,130,Sound,,,
0,FORT,,1,1776624322.0544572,44.97,Game,1,Predictable,35.77,0,,,9,,,130,Sound,,,
0,FORT,,1,1776624322.0544572,44.97,Game,1,Predictable,35.78,0,,,9,,,130,Sound,,,
0,FORT,,1,1776624322.0544572,44.98,Game,1,Predictable,35.78,0,,,9,,,130,Sound,,,
0,FORT,,1,1776624322.0544572,44.99,Game,1,Predictable,35.79,0,,,9,,,130,Sound,,,
0,FORT,,1,1776624322.0544572,45.0,Game,1,Predictable,35.8,0,,,9,,,130,Sound,,,
0,FORT,,1,1776624322.0544572,45.01,Game,1,Predictable,35.81,0,,,9,,,130,Sound,,,
0,FORT,,1,1776624322.0544572,45.02,Game,1,Predictable,35.82,0,,,9,,,130,Sound,,,
0,FORT,,1,1776624322.0544572,45.02,Game,1,Predictable,35.83,0,,,9,,,130,Sound,,,
0,FORT,,1,1776624322.0544572,45.03,Game,1,Predictable,35.83,0,,,9,,,130,Sound,,,
0,FORT,,1,1776624322.0544572,45.04,Game,1,Predictable,35.84,0,,,9,,,130,Sound,,,
0,FORT,,1,1776624322.0544572,45.05,Game,1,Predictable,35.85,0,,,9,,,130,Sound,,,
0,FORT,,1,1776624322.0544572,45.06,Game,1,Predictable,35.86,0,,,9,,,130,Sound,,,
0,FORT,,1,1776624322.0544572,45.07,Game,1,Predictable,35.87,0,,,9,,,130,Sound,,,
0,FORT,,1,1776624322.0544572,45.07,Game,1,Predictable,35.88,0,,,9,,,130,Sound,,,
0,FORT,,1,1776624322.0544572,45.08,Game,1,Predictable,35.88,0,,,9,,,130,Sound,,,
0,FORT,,1,1776624322.0544572,45.09,Game,1,Predictable,35.89,0,,,9,,,130,Sound,,,
0,FORT,,1,1776624322.0544572,45.1,Game,1,Predictable,35.9,0,,,9,,,130,Sound,,,
0,FORT,,1,1776624322.0544572,45.11,Game,1,Predictable,35.91,0,,,9,,,130,Sound,,,
0,FORT,,1,1776624322.0544572,45.12,Game,1,Predictable,35.92,0,,,9,,,130,Sound,,,
0,FORT,,1,1776624322.0544572,45.12,Game,1,Predictable,35.93,0,,,9,,,130,Sound,,,
0,FORT,,1,1776624322.0544572,45.13,Game,1,Predictable,35.93,0,,,9,,,130,Sound,,,
0,FORT,,1,1776624322.0544572,45.14,Game,1,Predictable,35.94,0,,,9,,,130,Sound,,,
0,FORT,,1,1776624322.0544572,45.15,Game,1,Predictable,35.95,0,,,9,,,130,Sound,,,
0,FORT,,1,1776624322.0544572,45.16,Game,1,Predictable,35.96,0,,,9,,,130,Sound,,,
0,FORT,,1,1776624322.0544572,45.17,Game,1,Predictable,35.97,0,,,9,,,130,Sound,,,
0,FORT,,1,1776624322.0544572,45.17,Game,1,Predictable,35.98,0,,,9,,,130,Sound,,,
0,FORT,,1,1776624322.0544572,45.18,Game,1,Predictable,35.98,0,,,9,,,130,Sound,,,
0,FORT,,1,1776624322.0544572,45.19,Game,1,Predictable,35.99,0,,,9,,,130,Sound,,,
0,FORT,,1,1776624322.0544572,45.2,Game,1,Predictable,36.0,0,,,9,,,130,Sound,,,
0,FORT,,1,1776624322.0544572,45.21,Game,1,Predictable,36.01,0,,,9,,,130,Sound,,,
0,FORT,,1,1776624322.0544572,45.22,Game,1,Predictable,36.02,0,,,9,,,130,Sound,,,
0,FORT,,1,1776624322.0544572,45.22,Game,1,Predictable,36.03,0,,,9,,,130,Sound,,,
0,FORT,,1,1776624322.0544572,45.23,Game,1,Predictable,36.03,0,,,9,,,130,Sound,,,
0,FORT,,1,1776624322.0544572,45.24,Game,1,Predictable,36.04,0,,,9,,,130,Sound,,,
0,FORT,,1,1776624322.0544572,45.25,Game,1,Predictable,36.05,0,,,9,,,130,Sound,,,
0,FORT,,1,1776624322.0544572,45.26,Game,1,Predictable,36.06,0,,,9,,,130,Sound,,,
0,FORT,,1,1776624322.0544572,45.27,Game,1,Predictable,36.07,0,,,9,,,130,Sound,,,
0,FORT,,1,1776624322.0544572,45.27,Game,1,Predictable,36.08,0,,,9,,,130,Sound,,,
0,FORT,,1,1776624322.0544572,45.28,Game,1,Predictable,36.08,0,,,9,,,130,Sound,,,
0,FORT,,1,1776624322.0544572,45.29,Game,1,Predictable,36.09,0,,,9,,,130,Sound,,,
0,FORT,,1,1776624322.0544572,45.3,Game,1,Predictable,36.1,0,,,9,,,130,Sound,,,
0,FORT,,1,1776624322.0544572,45.31,Game,1,Predictable,36.11,0,,,9,,,130,Sound,,,
0,FORT,,1,1776624322.0544572,45.32,Game,1,Predictable,36.12,0,,,9,,,130,Sound,,,
0,FORT,,1,1776624322.0544572,45.32,Game,1,Predictable,36.13,0,,,9,,,130,Sound,,,
0,FORT,,1,1776624322.0544572,45.33,Game,1,Predictable,36.13,0,,,9,,,130,Sound,,,
0,FORT,,1,1776624322.0544572,45.34,Game,1,Predictable,36.14,0,,,9,,,130,Sound,,,
0,FORT,,1,1776624322.0544572,45.35,Game,1,Predictable,36.15,0,,,9,,,130,Sound,,,
0,FORT,,1,1776624322.0544572,45.36,Game,1,Predictable,36.16,0,,,9,,,130,Sound,,,
0,FORT,,1,1776624322.0544572,45.37,Game,1,Predictable,36.17,0,,,9,,,130,Sound,,,
0,FORT,,1,1776624322.0544572,45.37,Game,1,Predictable,36.18,0,,,9,,,130,Sound,,,
0,FORT,,1,1776624322.0544572,45.38,Game,1,Predictable,36.18,0,,,9,,,130,Sound,,,
0,FORT,,1,1776624322.0544572,45.39,Game,1,Predictable,36.19,0,,,9,,,130,Sound,,,
0,FORT,,1,1776624322.0544572,45.4,Game,1,Predictable,36.2,0,,,9,,,130,Sound,,,
0,FORT,,1,1776624322.0544572,45.41,Game,1,Predictable,36.21,0,,,9,,,130,Sound,,,
0,FORT,,1,1776624322.0544572,45.42,Game,1,Predictable,36.22,0,,,9,,,130,Sound,,,
0,FORT,,1,1776624322.0544572,45.42,Game,1,Predictable,36.23,0,,,9,,,130,Sound,,,
0,FORT,,1,1776624322.0544572,45.43,Game,1,Predictable,36.23,0,,,9,,,130,Sound,,,
0,FORT,,1,1776624322.0544572,45.44,Game,1,Predictable,36.24,0,,,9,,,130,Sound,,,
0,FORT,,1,1776624322.0544572,45.45,Game,1,Predictable,36.25,0,,,9,,,130,Sound,,,
0,FORT,,1,1776624322.0544572,45.46,Game,1,Predictable,36.26,0,,,9,,,130,Sound,,,
0,FORT,,1,1776624322.0544572,45.47,Game,1,Predictable,36.27,0,,,9,,,130,Sound,,,
0,FORT,,1,1776624322.0544572,45.47,Game,1,Predictable,36.28,0,,,9,,,130,Sound,,,
0,FORT,,1,1776624322.0544572,45.48,Game,1,Predictable,36.28,0,,,9,,,130,Sound,,,
0,FORT,,1,1776624322.0544572,45.49,Game,1,Predictable,36.29,0,,,9,,,130,Sound,,,
0,FORT,,1,1776624322.0544572,45.5,Game,1,Predictable,36.3,0,,,9,,,130,Sound,,,
0,FORT,,1,1776624322.0544572,45.51,Game,1,Predictable,36.31,0,,,9,,,130,Sound,,,
0,FORT,,1,1776624322.0544572,45.52,Game,1,Predictable,36.32,0,,,9,,,130,Sound,,,
0,FORT,,1,1776624322.0544572,45.52,Game,1,Predictable,36.33,0,,,9,,,130,Sound,,,
0,FORT,,1,1776624322.0544572,45.53,Game,1,Predictable,36.33,0,,,9,,,130,Sound,,,
0,FORT,,1,1776624322.0544572,45.54,Game,1,Predictable,36.34,0,,,9,,,130,Sound,,,
0,FORT,,1,1776624322.0544572,45.55,Game,1,Predictable,36.35,0,,,9,,,130,Sound,,,
0,FORT,,1,1776624322.0544572,45.56,Game,1,Predictable,36.36,0,,,9,,,130,Sound,,,
0,FORT,,1,1776624322.0544572,45.57,Game,1,Predictable,36.37,0,,,9,,,130,Sound,,,
0,FORT,,1,1776624322.0544572,45.57,Game,1,Predictable,36.38,0,,,9,,,130,Sound,,,
0,FORT,,1,1776624322.0544572,45.58,Game,1,Predictable,36.38,0,,,9,,,130,Sound,,,
0,FORT,,1,1776624322.0544572,45.59,Game,1,Predictable,36.39,0,,,9,,,130,Sound,,,
0,FORT,,1,1776624322.0544572,45.6,Game,1,Predictable,36.4,0,,,9,,,130,Sound,,,
0,FORT,,1,1776624322.0544572,45.61,Game,1,Predictable,36.41,0,,,9,,,130,Sound,,,
0,FORT,,1,1776624322.0544572,45.62,Game,1,Predictable,36.42,0,,,9,,,130,Sound,,,
0,FORT,,1,1776624322.0544572,45.62,Game,1,Predictable,36.43,0,,,9,,,130,Sound,,,
0,FORT,,1,1776624322.0544572,45.63,Game,1,Predictable,36.43,0,,,9,,,130,Sound,,,
0,FORT,,1,1776624322.0544572,45.64,Game,1,Predictable,36.44,0,,,9,,,130,Sound,,,
0,FORT,,1,1776624322.0544572,45.65,Game,1,Predictable,36.45,0,,,9,,,130,Sound,,,
0,FORT,,1,1776624322.0544572,45.66,Game,1,Predictable,36.46,0,,,9,,,130,Sound,,,
0,FORT,,1,1776624322.0544572,45.67,Game,1,Predictable,36.47,0,,,9,,,130,Sound,,,
0,FORT,,1,1776624322.0544572,45.67,Game,1,Predictable,36.48,0,,,9,,,130,Sound,,,
0,FORT,,1,1776624322.0544572,45.68,Game,1,Predictable,36.48,0,,,9,,,130,Sound,,,
0,FORT,,1,1776624322.0544572,45.69,Game,1,Predictable,36.49,0,,,9,,,130,Sound,,,
0,FORT,,1,1776624322.0544572,45.7,Game,1,Predictable,36.5,0,,,9,,,130,Sound,,,
0,FORT,,1,1776624322.0544572,45.71,Game,1,Predictable,36.51,0,,,9,,,130,Sound,,,
0,FORT,,1,1776624322.0544572,45.72,Game,1,Predictable,36.52,0,,,9,,,130,Sound,,,
0,FORT,,1,1776624322.0544572,45.72,Game,1,Predictable,36.53,0,,,9,,,130,Sound,,,
0,FORT,,1,1776624322.0544572,45.73,Game,1,Predictable,36.53,0,,,9,,,130,Sound,,,
0,FORT,,1,1776624322.0544572,45.74,Game,1,Predictable,36.54,0,,,9,,,130,Sound,,,
0,FORT,,1,1776624322.0544572,45.75,Game,1,Predictable,36.55,0,,,9,,,130,Sound,,,
0,FORT,,1,1776624322.0544572,45.76,Game,1,Predictable,36.56,0,,,9,,,130,Sound,,,
0,FORT,,1,1776624322.0544572,45.77,Game,1,Predictable,36.57,0,,,9,,,130,Sound,,,
0,FORT,,1,1776624322.0544572,45.77,Game,1,Predictable,36.58,0,,,9,,,130,Sound,,,
0,FORT,,1,1776624322.0544572,45.78,Game,1,Predictable,36.58,0,,,9,,,130,Sound,,,
0,FORT,,1,1776624322.0544572,45.79,Game,1,Predictable,36.59,0,,,9,,,130,Sound,,,
0,FORT,,1,1776624322.0544572,45.8,Game,1,Predictable,36.6,0,,,9,,,130,Sound,,,
0,FORT,,1,1776624322.0544572,45.81,Game,1,Predictable,36.61,0,,,9,,,130,Sound,,,
0,FORT,,1,1776624322.0544572,45.82,Game,1,Predictable,36.62,0,,,9,,,130,Sound,,,
0,FORT,,1,1776624322.0544572,45.83,Game,1,Predictable,36.63,0,,,9,,,130,Sound,,,
0,FORT,,1,1776624322.0544572,45.84,Game,1,Predictable,36.64,0,,,9,,,130,Sound,,,
0,FORT,,1,1776624322.0544572,45.85,Game,1,Predictable,36.65,0,,,9,,,130,Sound,,,
0,FORT,,1,1776624322.0544572,45.86,Game,1,Predictable,36.66,0,,,9,,,130,Sound,,,
0,FORT,,1,1776624322.0544572,45.87,Game,1,Predictable,36.67,0,,,9,,,130,Sound,,,
0,FORT,,1,1776624322.0544572,45.87,Game,1,Predictable,36.68,0,,,9,,,130,Sound,,,
0,FORT,,1,1776624322.0544572,45.88,Game,1,Predictable,36.68,0,,,9,,,130,Sound,,,
0,FORT,,1,1776624322.0544572,45.89,Game,1,Predictable,36.69,0,,,9,,,130,Sound,,,
0,FORT,,1,1776624322.0544572,45.9,Game,1,Predictable,36.7,0,,,9,,,130,Sound,,,
0,FORT,,1,1776624322.0544572,45.91,Game,1,Predictable,36.71,0,,,9,,,130,Sound,,,
0,FORT,,1,1776624322.0544572,45.92,Game,1,Predictable,36.72,0,,,9,,,130,Sound,,,
0,FORT,,1,1776624322.0544572,45.93,Game,1,Predictable,36.73,0,,,9,,,130,Sound,,,
0,FORT,,1,1776624322.0544572,45.94,Game,1,Predictable,36.74,0,,,9,,,130,Sound,,,
0,FORT,,1,1776624322.0544572,45.95,Game,1,Predictable,36.75,0,,,9,,,130,Sound,,,
0,FORT,,1,1776624322.0544572,45.96,Game,1,Predictable,36.76,0,,,9,,,130,Sound,,,
0,FORT,,1,1776624322.0544572,45.97,Game,1,Predictable,36.77,0,,,9,,,130,Sound,,,
0,FORT,,1,1776624322.0544572,45.98,Game,1,Predictable,36.78,0,,,9,,,130,Sound,,,
0,FORT,,1,1776624322.0544572,45.99,Game,1,Predictable,36.79,0,,,9,,,130,Sound,,,
0,FORT,,1,1776624322.0544572,46.0,Game,1,Predictable,36.8,0,,,9,,,130,Sound,,,
0,FORT,,1,1776624322.0544572,46.01,Game,1,Predictable,36.81,0,,,9,,,130,Sound,,,
0,FORT,,1,1776624322.0544572,46.02,Game,1,Predictable,36.82,0,,,9,,,130,Sound,,,
0,FORT,,1,1776624322.0544572,46.02,Game,1,Predictable,36.83,0,,,9,,,130,Sound,,,
0,FORT,,1,1776624322.0544572,46.03,Game,1,Predictable,36.83,0,,,9,,,130,Sound,,,
0,FORT,,1,1776624322.0544572,46.04,Game,1,Predictable,36.84,0,,,9,,,130,Sound,,,
0,FORT,,1,1776624322.0544572,46.05,Game,1,Predictable,36.85,0,,,9,,,130,Sound,,,
0,FORT,,1,1776624322.0544572,46.06,Game,1,Predictable,36.86,0,,,9,,,130,Sound,,,
0,FORT,,1,1776624322.0544572,46.07,Game,1,Predictable,36.87,0,,,9,,,130,Sound,,,
0,FORT,,1,1776624322.0544572,46.08,Game,1,Predictable,36.88,0,,,9,,,130,Sound,,,
0,FORT,,1,1776624322.0544572,46.09,Game,1,Predictable,36.89,0,,,9,,,130,Sound,,,
0,FORT,,1,1776624322.0544572,46.1,Game,1,Predictable,36.9,0,,,9,,,130,Sound,,,
0,FORT,,1,1776624322.0544572,46.11,Game,1,Predictable,36.91,0,,,9,,,130,Sound,,,
0,FORT,,1,1776624322.0544572,46.12,Game,1,Predictable,36.92,0,,,9,,,130,Sound,,,
0,FORT,,1,1776624322.0544572,46.12,Game,1,Predictable,36.93,0,,,9,,,130,Sound,,,
0,FORT,,1,1776624322.0544572,46.13,Game,1,Predictable,36.93,0,,,9,,,130,Sound,,,
0,FORT,,1,1776624322.0544572,46.14,Game,1,Predictable,36.94,0,,,9,,,130,Sound,,,
0,FORT,,1,1776624322.0544572,46.15,Game,1,Predictable,36.95,0,,,9,,,130,Sound,,,
0,FORT,,1,1776624322.0544572,46.16,Game,1,Predictable,36.96,0,,,9,,,130,Sound,,,
0,FORT,,1,1776624322.0544572,46.17,Game,1,Predictable,36.97,0,,,9,,,130,Sound,,,
0,FORT,,1,1776624322.0544572,46.17,Game,1,Predictable,36.98,0,,,9,,,130,Sound,,,
0,FORT,,1,1776624322.0544572,46.18,Game,1,Predictable,36.98,0,,,9,,,130,Sound,,,
0,FORT,,1,1776624322.0544572,46.19,Game,1,Predictable,36.99,0,,,9,,,130,Sound,,,
0,FORT,,1,1776624322.0544572,46.2,Game,1,Predictable,37.0,0,,,9,,,130,Sound,,,
0,FORT,,1,1776624322.0544572,46.21,Game,1,Predictable,37.01,0,,,9,,,130,Sound,,,
0,FORT,,1,1776624322.0544572,46.22,Game,1,Predictable,37.02,0,,,9,,,130,Sound,,,
0,FORT,,1,1776624322.0544572,46.22,Game,1,Predictable,37.03,0,,,9,,,130,Sound,,,
0,FORT,,1,1776624322.0544572,46.23,Game,1,Predictable,37.03,0,,,9,,,130,Sound,,,
0,FORT,,1,1776624322.0544572,46.24,Game,1,Predictable,37.04,0,,,9,,,130,Sound,,,
0,FORT,,1,1776624322.0544572,46.25,Game,1,Predictable,37.05,0,,,9,,,130,Sound,,,
0,FORT,,1,1776624322.0544572,46.26,Game,1,Predictable,37.06,0,,,9,,,130,Sound,,,
0,FORT,,1,1776624322.0544572,46.27,Game,1,Predictable,37.07,0,,,9,,,130,Sound,,,
0,FORT,,1,1776624322.0544572,46.27,Game,1,Predictable,37.08,0,,,9,,,130,Sound,,,
0,FORT,,1,1776624322.0544572,46.28,Game,1,Predictable,37.08,0,,,9,,,130,Sound,,,
0,FORT,,1,1776624322.0544572,46.29,Game,1,Predictable,37.09,0,,,9,,,130,Sound,,,
0,FORT,,1,1776624322.0544572,46.3,Game,1,Predictable,37.1,0,,,9,,,130,Sound,,,
0,FORT,,1,1776624322.0544572,46.31,Game,1,Predictable,37.11,0,,,9,,,130,Sound,,,
0,FORT,,1,1776624322.0544572,46.32,Game,1,Predictable,37.12,0,,,9,,,130,Sound,,,
0,FORT,,1,1776624322.0544572,46.32,Game,1,Predictable,37.13,0,,,9,,,130,Sound,,,
0,FORT,,1,1776624322.0544572,46.33,Game,1,Predictable,37.13,0,,,9,,,130,Sound,,,
0,FORT,,1,1776624322.0544572,46.34,Game,1,Predictable,37.14,0,,,9,,,130,Sound,,,
0,FORT,,1,1776624322.0544572,46.35,Game,1,Predictable,37.15,0,,,9,,,130,Sound,,,
0,FORT,,1,1776624322.0544572,46.36,Game,1,Predictable,37.16,0,,,9,,,130,Sound,,,
0,FORT,,1,1776624322.0544572,46.37,Game,1,Predictable,37.17,0,,,9,,,130,Sound,,,
0,FORT,,1,1776624322.0544572,46.37,Game,1,Predictable,37.18,0,,,9,,,130,Sound,,,
0,FORT,,1,1776624322.0544572,46.38,Game,1,Predictable,37.18,0,,,9,,,130,Sound,,,
0,FORT,,1,1776624322.0544572,46.39,Game,1,Predictable,37.19,0,,,9,,,130,Sound,,,
0,FORT,,1,1776624322.0544572,46.4,Game,1,Predictable,37.2,0,,,9,,,130,Sound,,,
0,FORT,,1,1776624322.0544572,46.41,Game,1,Predictable,37.21,0,,,9,,,130,Sound,,,
0,FORT,,1,1776624322.0544572,46.42,Game,1,Predictable,37.22,0,,,9,,,130,Sound,,,
0,FORT,,1,1776624322.0544572,46.43,Game,1,Predictable,37.23,0,,,9,,,130,Sound,,,
0,FORT,,1,1776624322.0544572,46.44,Game,1,Predictable,37.24,0,,,9,,,130,Sound,,,
0,FORT,,1,1776624322.0544572,46.45,Game,1,Predictable,37.25,0,,,9,,,130,Sound,,,
0,FORT,,1,1776624322.0544572,46.46,Game,1,Predictable,37.26,0,,,9,,,130,Sound,,,
0,FORT,,1,1776624322.0544572,46.47,Game,1,Predictable,37.27,0,,,9,,,130,Sound,,,
0,FORT,,1,1776624322.0544572,46.47,Game,1,Predictable,37.28,0,,,9,,,130,Sound,,,
0,FORT,,1,1776624322.0544572,46.48,Game,1,Predictable,37.28,0,,,9,,,130,Sound,,,
0,FORT,,1,1776624322.0544572,46.49,Game,1,Predictable,37.29,0,,,9,,,130,Sound,,,
0,FORT,,1,1776624322.0544572,46.5,Game,1,Predictable,37.3,0,,,9,,,130,Sound,,,
0,FORT,,1,1776624322.0544572,46.51,Game,1,Predictable,37.31,0,,,9,,,130,Sound,,,
0,FORT,,1,1776624322.0544572,46.52,Game,1,Predictable,37.32,0,,,9,,,130,Sound,,,
0,FORT,,1,1776624322.0544572,46.52,Game,1,Predictable,37.33,0,,,9,,,130,Sound,,,
0,FORT,,1,1776624322.0544572,46.53,Game,1,Predictable,37.33,0,,,9,,,130,Sound,,,
0,FORT,,1,1776624322.0544572,46.54,Game,1,Predictable,37.34,0,,,9,,,130,Sound,,,
0,FORT,,1,1776624322.0544572,46.55,Game,1,Predictable,37.35,0,,,9,,,130,Sound,,,
0,FORT,,1,1776624322.0544572,46.56,Game,1,Predictable,37.36,0,,,9,,,130,Sound,,,
0,FORT,,1,1776624322.0544572,46.57,Game,1,Predictable,37.37,0,,,9,,,130,Sound,,,
0,FORT,,1,1776624322.0544572,46.57,Game,1,Predictable,37.38,0,,,9,,,130,Sound,,,
0,FORT,,1,1776624322.0544572,46.58,Game,1,Predictable,37.38,0,,,9,,,130,Sound,,,
0,FORT,,1,1776624322.0544572,46.59,Game,1,Predictable,37.39,0,,,9,,,130,Sound,,,
0,FORT,,1,1776624322.0544572,46.6,Game,1,Predictable,37.4,0,,,9,,,130,Sound,,,
0,FORT,,1,1776624322.0544572,46.61,Game,1,Predictable,37.41,0,,,9,,,130,Sound,,,
0,FORT,,1,1776624322.0544572,46.62,Game,1,Predictable,37.42,0,,,9,,,130,Sound,,,
0,FORT,,1,1776624322.0544572,46.62,Game,1,Predictable,37.43,0,,,9,,,130,Sound,,,
0,FORT,,1,1776624322.0544572,46.63,Game,1,Predictable,37.43,0,,,9,,,130,Sound,,,
0,FORT,,1,1776624322.0544572,46.64,Game,1,Predictable,37.44,0,,,9,,,130,Sound,,,
0,FORT,,1,1776624322.0544572,46.65,Game,1,Predictable,37.45,0,,,9,,,130,Sound,,,
0,FORT,,1,1776624322.0544572,46.66,Game,1,Predictable,37.46,0,,,9,,,130,Sound,,,
0,FORT,,1,1776624322.0544572,46.67,Game,1,Predictable,37.47,0,,,9,,,130,Sound,,,
0,FORT,,1,1776624322.0544572,46.68,Game,1,Predictable,37.48,0,,,9,,,130,Sound,,,
0,FORT,,1,1776624322.0544572,46.69,Game,1,Predictable,37.49,0,,,9,,,130,Sound,,,
0,FORT,,1,1776624322.0544572,46.7,Game,1,Predictable,37.5,0,,,9,,,130,Sound,,,
0,FORT,,1,1776624322.0544572,46.71,Game,1,Predictable,37.51,0,,,9,,,130,Sound,,,
0,FORT,,1,1776624322.0544572,46.72,Game,1,Predictable,37.52,0,,,9,,,130,Sound,,,
0,FORT,,1,1776624322.0544572,46.73,Game,1,Predictable,37.53,0,,,9,,,130,Sound,,,
0,FORT,,1,1776624322.0544572,46.74,Game,1,Predictable,37.54,0,,,9,,,130,Sound,,,
0,FORT,,1,1776624322.0544572,46.75,Game,1,Predictable,37.55,0,,,9,,,130,Sound,,,
0,FORT,,1,1776624322.0544572,46.76,Game,1,Predictable,37.56,0,,,9,,,130,Sound,,,
0,FORT,,1,1776624322.0544572,46.77,Game,1,Predictable,37.57,0,,,9,,,130,Sound,,,
0,FORT,,1,1776624322.0544572,46.77,Game,1,Predictable,37.58,0,,,9,,,130,Sound,,,
0,FORT,,1,1776624322.0544572,46.78,Game,1,Predictable,37.58,0,,,9,,,130,Sound,,,
0,FORT,,1,1776624322.0544572,46.79,Game,1,Predictable,37.59,0,,,9,,,130,Sound,,,
0,FORT,,1,1776624322.0544572,46.8,Game,1,Predictable,37.6,0,,,9,,,130,Sound,,,
0,FORT,,1,1776624322.0544572,46.81,Game,1,Predictable,37.61,0,,,9,,,130,Sound,,,
0,FORT,,1,1776624322.0544572,46.82,Game,1,Predictable,37.62,0,,,9,,,130,Sound,,,
0,FORT,,1,1776624322.0544572,46.83,Game,1,Predictable,37.63,0,,,9,,,130,Sound,,,
0,FORT,,1,1776624322.0544572,46.84,Game,1,Predictable,37.64,0,,,9,,,130,Sound,,,
0,FORT,,1,1776624322.0544572,46.85,Game,1,Predictable,37.65,0,,,9,,,130,Sound,,,
0,FORT,,1,1776624322.0544572,46.86,Game,1,Predictable,37.66,0,,,9,,,130,Sound,,,
0,FORT,,1,1776624322.0544572,46.87,Game,1,Predictable,37.67,0,,,9,,,130,Sound,,,
0,FORT,,1,1776624322.0544572,46.88,Game,1,Predictable,37.68,0,,,9,,,130,Sound,,,
0,FORT,,1,1776624322.0544572,46.89,Game,1,Predictable,37.69,0,,,9,,,130,Sound,,,
0,FORT,,1,1776624322.0544572,46.9,Game,1,Predictable,37.7,0,,,9,,,130,Sound,,,
0,FORT,,1,1776624322.0544572,46.91,Game,1,Predictable,37.71,0,,,9,,,130,Sound,,,
0,FORT,,1,1776624322.0544572,46.92,Game,1,Predictable,37.72,0,,,9,,,130,Sound,,,
0,FORT,,1,1776624322.0544572,46.93,Game,1,Predictable,37.73,0,,,9,,,130,Sound,,,
0,FORT,,1,1776624322.0544572,46.94,Game,1,Predictable,37.74,0,,,9,,,130,Sound,,,
0,FORT,,1,1776624322.0544572,46.95,Game,1,Predictable,37.75,0,,,9,,,130,Sound,,,
0,FORT,,1,1776624322.0544572,46.96,Game,1,Predictable,37.76,0,,,9,,,130,Sound,,,
0,FORT,,1,1776624322.0544572,46.97,Game,1,Predictable,37.77,0,,,9,,,130,Sound,,,
0,FORT,,1,1776624322.0544572,46.97,Game,1,Predictable,37.78,0,,,9,,,130,Sound,,,
0,FORT,,1,1776624322.0544572,46.98,Game,1,Predictable,37.78,0,,,9,,,130,Sound,,,
0,FORT,,1,1776624322.0544572,46.99,Game,1,Predictable,37.79,0,,,9,,,130,Sound,,,
0,FORT,,1,1776624322.0544572,47.0,Game,1,Predictable,37.8,0,,,9,,,130,Sound,,,
0,FORT,,1,1776624322.0544572,47.01,Game,1,Predictable,37.81,0,,,9,,,130,Sound,,,
0,FORT,,1,1776624322.0544572,47.02,Game,1,Predictable,37.82,0,,,9,,,130,Sound,,,
0,FORT,,1,1776624322.0544572,47.03,Game,1,Predictable,37.83,0,,,9,,,130,Sound,,,
0,FORT,,1,1776624322.0544572,47.04,Game,1,Predictable,37.84,0,,,9,,,130,Sound,,,
0,FORT,,1,1776624322.0544572,47.05,Game,1,Predictable,37.85,0,,,9,,,130,Sound,,,
0,FORT,,1,1776624322.0544572,47.06,Game,1,Predictable,37.86,0,,,9,,,130,Sound,,,
0,FORT,,1,1776624322.0544572,47.07,Game,1,Predictable,37.87,0,,,9,,,130,Sound,,,
0,FORT,,1,1776624322.0544572,47.08,Game,1,Predictable,37.88,0,,,9,,,130,Sound,,,
0,FORT,,1,1776624322.0544572,47.09,Game,1,Predictable,37.89,0,,,9,,,130,Sound,,,
0,FORT,,1,1776624322.0544572,47.1,Game,1,Predictable,37.9,0,,,9,,,130,Sound,,,
0,FORT,,1,1776624322.0544572,47.11,Game,1,Predictable,37.91,0,,,9,,,130,Sound,,,
0,FORT,,1,1776624322.0544572,47.12,Game,1,Predictable,37.92,0,,,9,,,130,Sound,,,
0,FORT,,1,1776624322.0544572,47.12,Game,1,Predictable,37.93,0,,,9,,,130,Sound,,,
0,FORT,,1,1776624322.0544572,47.13,Game,1,Predictable,37.93,0,,,9,,,130,Sound,,,
0,FORT,,1,1776624322.0544572,47.14,Game,1,Predictable,37.94,0,,,9,,,130,Sound,,,
0,FORT,,1,1776624322.0544572,47.15,Game,1,Predictable,37.95,0,,,9,,,130,Sound,,,
0,FORT,,1,1776624322.0544572,47.16,Game,1,Predictable,37.96,0,,,9,,,130,Sound,,,
0,FORT,,1,1776624322.0544572,47.17,Game,1,Predictable,37.97,0,,,9,,,130,Sound,,,
0,FORT,,1,1776624322.0544572,47.17,Game,1,Predictable,37.98,0,,,9,,,130,Sound,,,
0,FORT,,1,1776624322.0544572,47.18,Game,1,Predictable,37.98,0,,,9,,,130,Sound,,,
0,FORT,,1,1776624322.0544572,47.19,Game,1,Predictable,37.99,0,,,9,,,130,Sound,,,
0,FORT,,1,1776624322.0544572,47.2,Game,1,Predictable,38.0,0,,,9,,,130,Sound,,,
0,FORT,,1,1776624322.0544572,47.21,Game,1,Predictable,38.01,0,,,9,,,130,Sound,,,
0,FORT,,1,1776624322.0544572,47.22,Game,1,Predictable,38.02,0,,,9,,,130,Sound,,,
0,FORT,,1,1776624322.0544572,47.23,Game,1,Predictable,38.03,0,,,9,,,130,Sound,,,
0,FORT,,1,1776624322.0544572,47.24,Game,1,Predictable,38.04,0,,,9,,,130,Sound,,,
0,FORT,,1,1776624322.0544572,47.25,Game,1,Predictable,38.05,0,,,9,,,130,Sound,,,
0,FORT,,1,1776624322.0544572,47.26,Game,1,Predictable,38.06,0,,,9,,,130,Sound,,,
0,FORT,,1,1776624322.0544572,47.27,Game,1,Predictable,38.07,0,,,9,,,130,Sound,,,
0,FORT,,1,1776624322.0544572,47.28,Game,1,Predictable,38.08,0,,,9,,,130,Sound,,,
0,FORT,,1,1776624322.0544572,47.29,Game,1,Predictable,38.09,0,,,9,,,130,Sound,,,
0,FORT,,1,1776624322.0544572,47.3,Game,1,Predictable,38.1,0,,,9,,,130,Sound,,,
0,FORT,,1,1776624322.0544572,47.31,Game,1,Predictable,38.11,0,,,9,,,130,Sound,,,
0,FORT,,1,1776624322.0544572,47.32,Game,1,Predictable,38.12,0,,,9,,,130,Sound,,,
0,FORT,,1,1776624322.0544572,47.32,Game,1,Predictable,38.13,0,,,9,,,130,Sound,,,
0,FORT,,1,1776624322.0544572,47.33,Game,1,Predictable,38.13,0,,,9,,,130,Sound,,,
0,FORT,,1,1776624322.0544572,47.34,Game,1,Predictable,38.14,0,,,9,,,130,Sound,,,
0,FORT,,1,1776624322.0544572,47.35,Game,1,Predictable,38.15,0,,,9,,,130,Sound,,,
0,FORT,,1,1776624322.0544572,47.36,Game,1,Predictable,38.16,0,,,9,,,130,Sound,,,
0,FORT,,1,1776624322.0544572,47.37,Game,1,Predictable,38.17,0,,,9,,,130,Sound,,,
0,FORT,,1,1776624322.0544572,47.38,Game,1,Predictable,38.18,0,,,9,,,130,Sound,,,
0,FORT,,1,1776624322.0544572,47.39,Game,1,Predictable,38.19,0,,,9,,,130,Sound,,,
0,FORT,,1,1776624322.0544572,47.4,Game,1,Predictable,38.2,0,,,9,,,130,Sound,,,
0,FORT,,1,1776624322.0544572,47.41,Game,1,Predictable,38.21,0,,,9,,,130,Sound,,,
0,FORT,,1,1776624322.0544572,47.42,Game,1,Predictable,38.22,0,,,9,,,130,Sound,,,
0,FORT,,1,1776624322.0544572,47.43,Game,1,Predictable,38.23,0,,,9,,,130,Sound,,,
0,FORT,,1,1776624322.0544572,47.44,Game,1,Predictable,38.24,0,,,9,,,130,Sound,,,
0,FORT,,1,1776624322.0544572,47.45,Game,1,Predictable,38.25,0,,,9,,,130,Sound,,,
0,FORT,,1,1776624322.0544572,47.46,Game,1,Predictable,38.26,0,,,9,,,130,Sound,,,
0,FORT,,1,1776624322.0544572,47.47,Game,1,Predictable,38.27,0,,,9,,,130,Sound,,,
0,FORT,,1,1776624322.0544572,47.47,Game,1,Predictable,38.28,0,,,9,,,130,Sound,,,
0,FORT,,1,1776624322.0544572,47.48,Game,1,Predictable,38.28,0,,,9,,,130,Sound,,,
0,FORT,,1,1776624322.0544572,47.49,Game,1,Predictable,38.29,0,,,9,,,130,Sound,,,
0,FORT,,1,1776624322.0544572,47.5,Game,1,Predictable,38.3,0,,,9,,,130,Sound,,,
0,FORT,,1,1776624322.0544572,47.51,Game,1,Predictable,38.31,0,,,9,,,130,Sound,,,
0,FORT,,1,1776624322.0544572,47.52,Game,1,Predictable,38.32,0,,,9,,,130,Sound,,,
0,FORT,,1,1776624322.0544572,47.52,Game,1,Predictable,38.33,0,,,9,,,130,Sound,,,
0,FORT,,1,1776624322.0544572,47.53,Game,1,Predictable,38.33,0,,,9,,,130,Sound,,,
0,FORT,,1,1776624322.0544572,47.54,Game,1,Predictable,38.34,0,,,9,,,130,Sound,,,
0,FORT,,1,1776624322.0544572,47.55,Game,1,Predictable,38.35,0,,,9,,,130,Sound,,,
0,FORT,,1,1776624322.0544572,47.56,Game,1,Predictable,38.36,0,,,9,,,130,Sound,,,
0,FORT,,1,1776624322.0544572,47.57,Game,1,Predictable,38.37,0,,,9,,,130,Sound,,,
0,FORT,,1,1776624322.0544572,47.58,Game,1,Predictable,38.38,0,,,9,,,130,Sound,,,
0,FORT,,1,1776624322.0544572,47.59,Game,1,Predictable,38.39,0,,,9,,,130,Sound,,,
0,FORT,,1,1776624322.0544572,47.6,Game,1,Predictable,38.4,0,,,9,,,130,Sound,,,
0,FORT,,1,1776624322.0544572,47.61,Game,1,Predictable,38.41,0,,,9,,,130,Sound,,,
0,FORT,,1,1776624322.0544572,47.62,Game,1,Predictable,38.42,0,,,9,,,130,Sound,,,
0,FORT,,1,1776624322.0544572,47.63,Game,1,Predictable,38.43,0,,,9,,,130,Sound,,,
0,FORT,,1,1776624322.0544572,47.64,Game,1,Predictable,38.44,0,,,9,,,130,Sound,,,
0,FORT,,1,1776624322.0544572,47.65,Game,1,Predictable,38.45,0,,,9,,,130,Sound,,,
0,FORT,,1,1776624322.0544572,47.66,Game,1,Predictable,38.46,0,,,9,,,130,Sound,,,
0,FORT,,1,1776624322.0544572,47.67,Game,1,Predictable,38.47,0,,,9,,,130,Sound,,,
0,FORT,,1,1776624322.0544572,47.67,Game,1,Predictable,38.48,0,,,9,,,130,Sound,,,
0,FORT,,1,1776624322.0544572,47.68,Game,1,Predictable,38.48,0,,,9,,,130,Sound,,,
0,FORT,,1,1776624322.0544572,47.69,Game,1,Predictable,38.49,0,,,9,,,130,Sound,,,
0,FORT,,1,1776624322.0544572,47.7,Game,1,Predictable,38.5,0,,,9,,,130,Sound,,,
0,FORT,,1,1776624322.0544572,47.71,Game,1,Predictable,38.51,0,,,9,,,130,Sound,,,
0,FORT,,1,1776624322.0544572,47.72,Game,1,Predictable,38.52,0,,,9,,,130,Sound,,,
0,FORT,,1,1776624322.0544572,47.73,Game,1,Predictable,38.53,0,,,9,,,130,Sound,,,
0,FORT,,1,1776624322.0544572,47.74,Game,1,Predictable,38.54,0,,,9,,,130,Sound,,,
0,FORT,,1,1776624322.0544572,47.75,Game,1,Predictable,38.55,0,,,9,,,130,Sound,,,
0,FORT,,1,1776624322.0544572,47.76,Game,1,Predictable,38.56,0,,,9,,,130,Sound,,,
0,FORT,,1,1776624322.0544572,47.77,Game,1,Predictable,38.57,0,,,9,,,130,Sound,,,
0,FORT,,1,1776624322.0544572,47.78,Game,1,Predictable,38.58,0,,,9,,,130,Sound,,,
0,FORT,,1,1776624322.0544572,47.79,Game,1,Predictable,38.59,0,,,9,,,130,Sound,,,
0,FORT,,1,1776624322.0544572,47.8,Game,1,Predictable,38.6,0,,,9,,,130,Sound,,,
0,FORT,,1,1776624322.0544572,47.81,Game,1,Predictable,38.61,0,,,9,,,130,Sound,,,
0,FORT,,1,1776624322.0544572,47.82,Game,1,Predictable,38.62,0,,,9,,,130,Sound,,,
0,FORT,,1,1776624322.0544572,47.83,Game,1,Predictable,38.63,0,,,9,,,130,Sound,,,
0,FORT,,1,1776624322.0544572,47.84,Game,1,Predictable,38.64,0,,,9,,,130,Sound,,,
0,FORT,,1,1776624322.0544572,47.85,Game,1,Predictable,38.65,0,,,9,,,130,Sound,,,
0,FORT,,1,1776624322.0544572,47.86,Game,1,Predictable,38.66,0,,,9,,,130,Sound,,,
0,FORT,,1,1776624322.0544572,47.87,Game,1,Predictable,38.67,0,,,9,,,130,Sound,,,
0,FORT,,1,1776624322.0544572,47.87,Game,1,Predictable,38.68,0,,,9,,,130,Sound,,,
0,FORT,,1,1776624322.0544572,47.88,Game,1,Predictable,38.68,0,,,9,,,130,Sound,,,
0,FORT,,1,1776624322.0544572,47.89,Game,1,Predictable,38.69,0,,,9,,,130,Sound,,,
0,FORT,,1,1776624322.0544572,47.9,Game,1,Predictable,38.7,0,,,9,,,130,Sound,,,
0,FORT,,1,1776624322.0544572,47.91,Game,1,Predictable,38.71,0,,,9,,,130,Sound,,,
0,FORT,,1,1776624322.0544572,47.92,Game,1,Predictable,38.72,0,,,9,,,130,Sound,,,
0,FORT,,1,1776624322.0544572,47.93,Game,1,Predictable,38.73,0,,,9,,,130,Sound,,,
0,FORT,,1,1776624322.0544572,47.94,Game,1,Predictable,38.74,0,,,9,,,130,Sound,,,
0,FORT,,1,1776624322.0544572,47.95,Game,1,Predictable,38.75,0,,,9,,,130,Sound,,,
0,FORT,,1,1776624322.0544572,47.96,Game,1,Predictable,38.76,0,,,9,,,130,Sound,,,
0,FORT,,1,1776624322.0544572,47.97,Game,1,Predictable,38.77,0,,,9,,,130,Sound,,,
0,FORT,,1,1776624322.0544572,47.98,Game,1,Predictable,38.78,0,,,9,,,130,Sound,,,
0,FORT,,1,1776624322.0544572,47.99,Game,1,Predictable,38.79,0,,,9,,,130,Sound,,,
0,FORT,,1,1776624322.0544572,48.0,Game,1,Predictable,38.8,0,,,9,,,130,Sound,,,
0,FORT,,1,1776624322.0544572,48.01,Game,1,Predictable,38.81,0,,,9,,,130,Sound,,,
0,FORT,,1,1776624322.0544572,48.02,Game,1,Predictable,38.82,0,,,9,,,130,Sound,,,
0,FORT,,1,1776624322.0544572,48.03,Game,1,Predictable,38.83,0,,,9,,,130,Sound,,,
0,FORT,,1,1776624322.0544572,48.04,Game,1,Predictable,38.84,0,,,9,,,130,Sound,,,
0,FORT,,1,1776624322.0544572,48.05,Game,1,Predictable,38.85,0,,,9,,,130,Sound,,,
0,FORT,,1,1776624322.0544572,48.06,Game,1,Predictable,38.86,0,,,9,,,130,Sound,,,
0,FORT,,1,1776624322.0544572,48.07,Game,1,Predictable,38.87,0,,,9,,,130,Sound,,,
0,FORT,,1,1776624322.0544572,48.08,Game,1,Predictable,38.88,0,,,9,,,130,Sound,,,
0,FORT,,1,1776624322.0544572,48.09,Game,1,Predictable,38.89,0,,,9,,,130,Sound,,,
0,FORT,,1,1776624322.0544572,48.1,Game,1,Predictable,38.9,0,,,9,,,130,Sound,,,
0,FORT,,1,1776624322.0544572,48.11,Game,1,Predictable,38.91,0,,,9,,,130,Sound,,,
0,FORT,,1,1776624322.0544572,48.12,Game,1,Predictable,38.92,0,,,9,,,130,Sound,,,
0,FORT,,1,1776624322.0544572,48.13,Game,1,Predictable,38.93,0,,,9,,,130,Sound,,,
0,FORT,,1,1776624322.0544572,48.14,Game,1,Predictable,38.94,0,,,9,,,130,Sound,,,
0,FORT,,1,1776624322.0544572,48.15,Game,1,Predictable,38.95,0,,,9,,,130,Sound,,,
0,FORT,,1,1776624322.0544572,48.16,Game,1,Predictable,38.96,0,,,9,,,130,Sound,,,
0,FORT,,1,1776624322.0544572,48.17,Game,1,Predictable,38.97,0,,,9,,,130,Sound,,,
0,FORT,,1,1776624322.0544572,48.18,Game,1,Predictable,38.98,0,,,9,,,130,Sound,,,
0,FORT,,1,1776624322.0544572,48.19,Game,1,Predictable,38.99,0,,,9,,,130,Sound,,,
0,FORT,,1,1776624322.0544572,48.2,Game,1,Predictable,39.0,0,,,9,,,130,Sound,,,
0,FORT,,1,1776624322.0544572,48.21,Game,1,Predictable,39.01,0,,,9,,,130,Sound,,,
0,FORT,,1,1776624322.0544572,48.22,Game,1,Predictable,39.02,0,,,9,,,130,Sound,,,
0,FORT,,1,1776624322.0544572,48.23,Game,1,Predictable,39.03,0,,,9,,,130,Sound,,,
0,FORT,,1,1776624322.0544572,48.24,Game,1,Predictable,39.04,0,,,9,,,130,Sound,,,
0,FORT,,1,1776624322.0544572,48.25,Game,1,Predictable,39.05,0,,,9,,,130,Sound,,,
0,FORT,,1,1776624322.0544572,48.26,Game,1,Predictable,39.06,0,,,9,,,130,Sound,,,
0,FORT,,1,1776624322.0544572,48.27,Game,1,Predictable,39.07,0,,,9,,,130,Sound,,,
0,FORT,,1,1776624322.0544572,48.28,Game,1,Predictable,39.08,0,,,9,,,130,Sound,,,
0,FORT,,1,1776624322.0544572,48.29,Game,1,Predictable,39.09,0,,,9,,,130,Sound,,,
0,FORT,,1,1776624322.0544572,48.3,Game,1,Predictable,39.1,0,,,9,,,130,Sound,,,
0,FORT,,1,1776624322.0544572,48.31,Game,1,Predictable,39.11,0,,,9,,,130,Sound,,,
0,FORT,,1,1776624322.0544572,48.32,Game,1,Predictable,39.12,0,,,9,,,130,Sound,,,
0,FORT,,1,1776624322.0544572,48.33,Game,1,Predictable,39.13,0,,,9,,,130,Sound,,,
0,FORT,,1,1776624322.0544572,48.34,Game,1,Predictable,39.14,0,,,9,,,130,Sound,,,
0,FORT,,1,1776624322.0544572,48.35,Game,1,Predictable,39.15,0,,,9,,,130,Sound,,,
0,FORT,,1,1776624322.0544572,48.36,Game,1,Predictable,39.16,0,,,9,,,130,Sound,,,
0,FORT,,1,1776624322.0544572,48.37,Game,1,Predictable,39.17,0,,,9,,,130,Sound,,,
0,FORT,,1,1776624322.0544572,48.38,Game,1,Predictable,39.18,0,,,9,,,130,Sound,,,
0,FORT,,1,1776624322.0544572,48.39,Game,1,Predictable,39.19,0,,,9,,,130,Sound,,,
0,FORT,,1,1776624322.0544572,48.4,Game,1,Predictable,39.2,0,,,9,,,130,Sound,,,
0,FORT,,1,1776624322.0544572,48.41,Game,1,Predictable,39.21,0,,,9,,,130,Sound,,,
0,FORT,,1,1776624322.0544572,48.42,Game,1,Predictable,39.22,0,,,9,,,130,Sound,,,
0,FORT,,1,1776624322.0544572,48.43,Game,1,Predictable,39.23,0,,,9,,,130,Sound,,,
0,FORT,,1,1776624322.0544572,48.44,Game,1,Predictable,39.24,0,,,9,,,130,Sound,,,
0,FORT,,1,1776624322.0544572,48.45,Game,1,Predictable,39.25,0,,,9,,,130,Sound,,,
0,FORT,,1,1776624322.0544572,48.46,Game,1,Predictable,39.26,0,,,9,,,130,Sound,,,
0,FORT,,1,1776624322.0544572,48.47,Game,1,Predictable,39.27,0,,,9,,,130,Sound,,,
0,FORT,,1,1776624322.0544572,48.48,Game,1,Predictable,39.28,0,,,9,,,130,Sound,,,
0,FORT,,1,1776624322.0544572,48.49,Game,1,Predictable,39.29,0,,,9,,,130,Sound,,,
0,FORT,,1,1776624322.0544572,48.5,Game,1,Predictable,39.3,0,,,9,,,130,Sound,,,
0,FORT,,1,1776624322.0544572,48.51,Game,1,Predictable,39.31,0,,,9,,,130,Sound,,,
0,FORT,,1,1776624322.0544572,48.52,Game,1,Predictable,39.32,0,,,9,,,130,Sound,,,
0,FORT,,1,1776624322.0544572,48.53,Game,1,Predictable,39.33,0,,,9,,,130,Sound,,,
0,FORT,,1,1776624322.0544572,48.54,Game,1,Predictable,39.34,0,,,9,,,130,Sound,,,
0,FORT,,1,1776624322.0544572,48.55,Game,1,Predictable,39.35,0,,,9,,,130,Sound,,,
0,FORT,,1,1776624322.0544572,48.56,Game,1,Predictable,39.36,0,,,9,,,130,Sound,,,
0,FORT,,1,1776624322.0544572,48.57,Game,1,Predictable,39.37,0,,,9,,,130,Sound,,,
0,FORT,,1,1776624322.0544572,48.58,Game,1,Predictable,39.38,0,,,9,,,130,Sound,,,
0,FORT,,1,1776624322.0544572,48.59,Game,1,Predictable,39.39,0,,,9,,,130,Sound,,,
0,FORT,,1,1776624322.0544572,48.6,Game,1,Predictable,39.4,0,,,9,,,130,Sound,,,
0,FORT,,1,1776624322.0544572,48.61,Game,1,Predictable,39.41,0,,,9,,,130,Sound,,,
0,FORT,,1,1776624322.0544572,48.62,Game,1,Predictable,39.42,0,,,9,,,130,Sound,,,
0,FORT,,1,1776624322.0544572,48.62,Game,1,Predictable,39.43,0,,,9,,,130,Sound,,,
0,FORT,,1,1776624322.0544572,48.63,Game,1,Predictable,39.43,0,,,9,,,130,Sound,,,
0,FORT,,1,1776624322.0544572,48.64,Game,1,Predictable,39.44,0,,,9,,,130,Sound,,,
0,FORT,,1,1776624322.0544572,48.65,Game,1,Predictable,39.45,0,,,9,,,130,Sound,,,
0,FORT,,1,1776624322.0544572,48.66,Game,1,Predictable,39.46,0,,,9,,,130,Sound,,,
0,FORT,,1,1776624322.0544572,48.67,Game,1,Predictable,39.47,0,,,9,,,130,Sound,,,
0,FORT,,1,1776624322.0544572,48.68,Game,1,Predictable,39.48,0,,,9,,,130,Sound,,,
0,FORT,,1,1776624322.0544572,48.69,Game,1,Predictable,39.49,0,,,9,,,130,Sound,,,
0,FORT,,1,1776624322.0544572,48.7,Game,1,Predictable,39.5,0,,,9,,,130,Sound,,,
0,FORT,,1,1776624322.0544572,48.71,Game,1,Predictable,39.51,0,,,9,,,130,Sound,,,
0,FORT,,1,1776624322.0544572,48.72,Game,1,Predictable,39.52,0,,,9,,,130,Sound,,,
0,FORT,,1,1776624322.0544572,48.73,Game,1,Predictable,39.53,0,,,9,,,130,Sound,,,
0,FORT,,1,1776624322.0544572,48.75,Game,1,Predictable,39.53,0,,,9,,,130,Sound,,,
0,FORT,,1,1776624322.0544572,48.77,Game,1,Predictable,39.56,0,,,9,,,130,Sound,,,
0,FORT,,1,1776624322.0544572,48.78,Game,1,Predictable,39.58,0,,,9,,,130,Sound,,,
0,FORT,,1,1776624322.0544572,48.79,Game,1,Predictable,39.59,0,,,9,,,130,Sound,,,
0,FORT,,1,1776624322.0544572,48.8,Game,1,Predictable,39.6,0,,,9,,,130,Sound,,,
0,FORT,,1,1776624322.0544572,48.81,Game,1,Predictable,39.61,0,,,9,,,130,Sound,,,
0,FORT,,1,1776624322.0544572,48.82,Game,1,Predictable,39.62,0,,,9,,,130,Sound,,,
0,FORT,,1,1776624322.0544572,48.83,Game,1,Predictable,39.63,0,,,9,,,130,Sound,,,
0,FORT,,1,1776624322.0544572,48.84,Game,1,Predictable,39.64,0,,,9,,,130,Sound,,,
0,FORT,,1,1776624322.0544572,48.85,Game,1,Predictable,39.65,0,,,9,,,130,Sound,,,
0,FORT,,1,1776624322.0544572,48.86,Game,1,Predictable,39.66,0,,,9,,,130,Sound,,,
0,FORT,,1,1776624322.0544572,48.87,Game,1,Predictable,39.67,0,,,9,,,130,Sound,,,
0,FORT,,1,1776624322.0544572,48.88,Game,1,Predictable,39.68,0,,,9,,,130,Sound,,,
0,FORT,,1,1776624322.0544572,48.89,Game,1,Predictable,39.69,0,,,9,,,130,Sound,,,
0,FORT,,1,1776624322.0544572,48.9,Game,1,Predictable,39.7,0,,,9,,,130,Sound,,,
0,FORT,,1,1776624322.0544572,48.91,Game,1,Predictable,39.71,0,,,9,,,130,Sound,,,
0,FORT,,1,1776624322.0544572,48.92,Game,1,Predictable,39.72,0,,,9,,,130,Sound,,,
0,FORT,,1,1776624322.0544572,48.93,Game,1,Predictable,39.73,0,,,9,,,130,Sound,,,
0,FORT,,1,1776624322.0544572,48.94,Game,1,Predictable,39.74,0,,,9,,,130,Sound,,,
0,FORT,,1,1776624322.0544572,48.95,Game,1,Predictable,39.75,0,,,9,,,130,Sound,,,
0,FORT,,1,1776624322.0544572,48.96,Game,1,Predictable,39.76,0,,,9,,,130,Sound,,,
0,FORT,,1,1776624322.0544572,48.97,Game,1,Predictable,39.77,0,,,9,,,130,Sound,,,
0,FORT,,1,1776624322.0544572,48.98,Game,1,Predictable,39.78,0,,,9,,,130,Sound,,,
0,FORT,,1,1776624322.0544572,48.99,Game,1,Predictable,39.79,0,,,9,,,130,Sound,,,
0,FORT,,1,1776624322.0544572,49.0,Game,1,Predictable,39.8,0,,,9,,,130,Sound,,,
0,FORT,,1,1776624322.0544572,49.01,Game,1,Predictable,39.81,0,,,9,,,130,Sound,,,
0,FORT,,1,1776624322.0544572,49.02,Game,1,Predictable,39.82,0,,,9,,,130,Sound,,,
0,FORT,,1,1776624322.0544572,49.03,Game,1,Predictable,39.83,0,,,9,,,130,Sound,,,
0,FORT,,1,1776624322.0544572,49.04,Game,1,Predictable,39.84,0,,,9,,,130,Sound,,,
0,FORT,,1,1776624322.0544572,49.07,Game,1,Predictable,39.85,0,,,9,,,130,Sound,,,
0,FORT,,1,1776624322.0544572,49.08,Game,1,Predictable,39.88,0,,,9,,,130,Sound,,,
0,FORT,,1,1776624322.0544572,49.09,Game,1,Predictable,39.89,0,,,9,,,130,Sound,,,
0,FORT,,1,1776624322.0544572,49.1,Game,1,Predictable,39.9,0,,,9,,,130,Sound,,,
0,FORT,,1,1776624322.0544572,49.11,Game,1,Predictable,39.91,0,,,9,,,130,Sound,,,
0,FORT,,1,1776624322.0544572,49.12,Game,1,Predictable,39.92,0,,,9,,,130,Sound,,,
0,FORT,,1,1776624322.0544572,49.13,Game,1,Predictable,39.93,0,,,9,,,130,Sound,,,
0,FORT,,1,1776624322.0544572,49.14,Game,1,Predictable,39.94,0,,,9,,,130,Sound,,,
0,FORT,,1,1776624322.0544572,49.15,Game,1,Predictable,39.95,0,,,9,,,130,Sound,,,
0,FORT,,1,1776624322.0544572,49.16,Game,1,Predictable,39.96,0,,,9,,,130,Sound,,,
0,FORT,,1,1776624322.0544572,49.17,Game,1,Predictable,39.97,0,,,9,,,130,Sound,,,
0,FORT,,1,1776624322.0544572,49.18,Game,1,Predictable,39.98,0,,,9,,,130,Sound,,,
0,FORT,,1,1776624322.0544572,49.19,Game,1,Predictable,39.99,0,,,9,,,130,Sound,,,
0,FORT,,1,1776624322.0544572,49.2,Game,1,Predictable,40.0,0,,,9,,,130,Sound,,,
0,FORT,,1,1776624322.0544572,49.21,Game,1,Predictable,40.01,0,,,9,,,130,Sound,,,
0,FORT,,1,1776624322.0544572,49.22,Game,1,Predictable,40.02,0,,,9,,,130,Sound,,,
0,FORT,,1,1776624322.0544572,49.23,Game,1,Predictable,40.03,0,,,9,,,130,Sound,,,
0,FORT,,1,1776624322.0544572,49.24,Game,1,Predictable,40.04,0,,,9,,,130,Sound,,,
0,FORT,,1,1776624322.0544572,49.25,Game,1,Predictable,40.05,0,,,9,,,130,Sound,,,
0,FORT,,1,1776624322.0544572,49.26,Game,1,Predictable,40.06,0,,,9,,,130,Sound,,,
0,FORT,,1,1776624322.0544572,49.27,Game,1,Predictable,40.07,0,,,9,,,130,Sound,,,
0,FORT,,1,1776624322.0544572,49.28,Game,1,Predictable,40.08,0,,,9,,,130,Sound,,,
0,FORT,,1,1776624322.0544572,49.29,Game,1,Predictable,40.09,0,,,9,,,130,Sound,,,
0,FORT,,1,1776624322.0544572,49.3,Game,1,Predictable,40.1,0,,,9,,,130,Sound,,,
0,FORT,,1,1776624322.0544572,49.31,Game,1,Predictable,40.11,0,,,9,,,130,Sound,,,
0,FORT,,1,1776624322.0544572,49.32,Game,1,Predictable,40.12,0,,,9,,,130,Sound,,,
0,FORT,,1,1776624322.0544572,49.33,Game,1,Predictable,40.13,0,,,9,,,130,Sound,,,
0,FORT,,1,1776624322.0544572,49.34,Game,1,Predictable,40.14,0,,,9,,,130,Sound,,,
0,FORT,,1,1776624322.0544572,49.35,Game,1,Predictable,40.15,0,,,9,,,130,Sound,,,
0,FORT,,1,1776624322.0544572,49.36,Game,1,Predictable,40.16,0,,,9,,,130,Sound,,,
0,FORT,,1,1776624322.0544572,49.37,Game,1,Predictable,40.17,0,,,9,,,130,Sound,,,
0,FORT,,1,1776624322.0544572,49.38,Game,1,Predictable,40.18,0,,,9,,,130,Sound,,,
0,FORT,,1,1776624322.0544572,49.39,Game,1,Predictable,40.19,0,,,9,,,130,Sound,,,
0,FORT,,1,1776624322.0544572,49.4,Game,1,Predictable,40.2,0,,,9,,,130,Sound,,,
0,FORT,,1,1776624322.0544572,49.41,Game,1,Predictable,40.21,0,,,9,,,130,Sound,,,
0,FORT,,1,1776624322.0544572,49.42,Game,1,Predictable,40.22,0,,,9,,,130,Sound,,,
0,FORT,,1,1776624322.0544572,49.43,Game,1,Predictable,40.23,0,,,9,,,130,Sound,,,
0,FORT,,1,1776624322.0544572,49.44,Game,1,Predictable,40.24,0,,,9,,,130,Sound,,,
0,FORT,,1,1776624322.0544572,49.45,Game,1,Predictable,40.25,0,,,9,,,130,Sound,,,
0,FORT,,1,1776624322.0544572,49.46,Game,1,Predictable,40.26,0,,,9,,,130,Sound,,,
0,FORT,,1,1776624322.0544572,49.47,Game,1,Predictable,40.27,0,,,9,,,130,Sound,,,
0,FORT,,1,1776624322.0544572,49.48,Game,1,Predictable,40.28,0,,,9,,,130,Sound,,,
0,FORT,,1,1776624322.0544572,49.49,Game,1,Predictable,40.29,0,,,9,,,130,Sound,,,
0,FORT,,1,1776624322.0544572,49.5,Game,1,Predictable,40.3,0,,,9,,,130,Sound,,,
0,FORT,,1,1776624322.0544572,49.51,Game,1,Predictable,40.31,0,,,9,,,130,Sound,,,
0,FORT,,1,1776624322.0544572,49.52,Game,1,Predictable,40.32,0,,,9,,,130,Sound,,,
0,FORT,,1,1776624322.0544572,49.53,Game,1,Predictable,40.33,0,,,9,,,130,Sound,,,
0,FORT,,1,1776624322.0544572,49.54,Game,1,Predictable,40.34,0,,,9,,,130,Sound,,,
0,FORT,,1,1776624322.0544572,49.55,Game,1,Predictable,40.35,0,,,9,,,130,Sound,,,
0,FORT,,1,1776624322.0544572,49.56,Game,1,Predictable,40.36,0,,,9,,,130,Sound,,,
0,FORT,,1,1776624322.0544572,49.57,Game,1,Predictable,40.37,0,,,9,,,130,Sound,,,
0,FORT,,1,1776624322.0544572,49.58,Game,1,Predictable,40.38,0,,,9,,,130,Sound,,,
0,FORT,,1,1776624322.0544572,49.59,Game,1,Predictable,40.39,0,,,9,,,130,Sound,,,
0,FORT,,1,1776624322.0544572,49.6,Game,1,Predictable,40.4,0,,,9,,,130,Sound,,,
0,FORT,,1,1776624322.0544572,49.61,Game,1,Predictable,40.41,0,,,9,,,130,Sound,,,
0,FORT,,1,1776624322.0544572,49.62,Game,1,Predictable,40.42,0,,,9,,,130,Sound,,,
0,FORT,,1,1776624322.0544572,49.63,Game,1,Predictable,40.43,0,,,9,,,130,Sound,,,
0,FORT,,1,1776624322.0544572,49.64,Game,1,Predictable,40.44,0,,,9,,,130,Sound,,,
0,FORT,,1,1776624322.0544572,49.65,Game,1,Predictable,40.45,0,,,9,,,130,Sound,,,
0,FORT,,1,1776624322.0544572,49.66,Game,1,Predictable,40.46,0,,,9,,,130,Sound,,,
0,FORT,,1,1776624322.0544572,49.67,Game,1,Predictable,40.47,0,,,9,,,130,Sound,,,
0,FORT,,1,1776624322.0544572,49.68,Game,1,Predictable,40.48,0,,,9,,,130,Sound,,,
0,FORT,,1,1776624322.0544572,49.69,Game,1,Predictable,40.49,0,,,9,,,130,Sound,,,
0,FORT,,1,1776624322.0544572,49.7,Game,1,Predictable,40.5,0,,,9,,,130,Sound,,,
0,FORT,,1,1776624322.0544572,49.71,Game,1,Predictable,40.51,0,,,9,,,130,Sound,,,
0,FORT,,1,1776624322.0544572,49.72,Game,1,Predictable,40.52,0,,,9,,,130,Sound,,,
0,FORT,,1,1776624322.0544572,49.73,Game,1,Predictable,40.53,0,,,9,,,130,Sound,,,
0,FORT,,1,1776624322.0544572,49.74,Game,1,Predictable,40.54,0,,,9,,,130,Sound,,,
0,FORT,,1,1776624322.0544572,49.75,Game,1,Predictable,40.55,0,,,9,,,130,Sound,,,
0,FORT,,1,1776624322.0544572,49.76,Game,1,Predictable,40.56,0,,,9,,,130,Sound,,,
0,FORT,,1,1776624322.0544572,49.77,Game,1,Predictable,40.57,0,,,9,,,130,Sound,,,
0,FORT,,1,1776624322.0544572,49.78,Game,1,Predictable,40.58,0,,,9,,,130,Sound,,,
0,FORT,,1,1776624322.0544572,49.79,Game,1,Predictable,40.59,0,,,9,,,130,Sound,,,
0,FORT,,1,1776624322.0544572,49.8,Game,1,Predictable,40.6,0,,,9,,,130,Sound,,,
0,FORT,,1,1776624322.0544572,49.81,Game,1,Predictable,40.61,0,,,9,,,130,Sound,,,
0,FORT,,1,1776624322.0544572,49.82,Game,1,Predictable,40.62,0,,,9,,,130,Sound,,,
0,FORT,,1,1776624322.0544572,49.83,Game,1,Predictable,40.63,0,,,9,,,130,Sound,,,
0,FORT,,1,1776624322.0544572,49.84,Game,1,Predictable,40.64,0,,,9,,,130,Sound,,,
0,FORT,,1,1776624322.0544572,49.85,Game,1,Predictable,40.65,0,,,9,,,130,Sound,,,
0,FORT,,1,1776624322.0544572,49.86,Game,1,Predictable,40.66,0,,,9,,,130,Sound,,,
0,FORT,,1,1776624322.0544572,49.87,Game,1,Predictable,40.67,0,,,9,,,130,Sound,,,
0,FORT,,1,1776624322.0544572,49.88,Game,1,Predictable,40.68,0,,,9,,,130,Sound,,,
0,FORT,,1,1776624322.0544572,49.89,Game,1,Predictable,40.69,0,,,9,,,130,Sound,,,
0,FORT,,1,1776624322.0544572,49.9,Game,1,Predictable,40.7,0,,,9,,,130,Sound,,,
0,FORT,,1,1776624322.0544572,49.91,Game,1,Predictable,40.71,0,,,9,,,130,Sound,,,
0,FORT,,1,1776624322.0544572,49.92,Game,1,Predictable,40.72,0,,,9,,,130,Sound,,,
0,FORT,,1,1776624322.0544572,49.93,Game,1,Predictable,40.73,0,,,9,,,130,Sound,,,
0,FORT,,1,1776624322.0544572,49.94,Game,1,Predictable,40.74,0,,,9,,,130,Sound,,,
0,FORT,,1,1776624322.0544572,49.95,Game,1,Predictable,40.75,0,,,9,,,130,Sound,,,
0,FORT,,1,1776624322.0544572,49.96,Game,1,Predictable,40.76,0,,,9,,,130,Sound,,,
0,FORT,,1,1776624322.0544572,49.97,Game,1,Predictable,40.77,0,,,9,,,130,Sound,,,
0,FORT,,1,1776624322.0544572,49.98,Game,1,Predictable,40.78,0,,,9,,,130,Sound,,,
0,FORT,,1,1776624322.0544572,49.99,Game,1,Predictable,40.79,0,,,9,,,130,Sound,,,
0,FORT,,1,1776624322.0544572,50.0,Game,1,Predictable,40.8,0,,,9,,,130,Sound,,,
0,FORT,,1,1776624322.0544572,50.01,Game,1,Predictable,40.81,0,,,9,,,130,Sound,,,
0,FORT,,1,1776624322.0544572,50.02,Game,1,Predictable,40.82,0,,,9,,,130,Sound,,,
0,FORT,,1,1776624322.0544572,50.03,Game,1,Predictable,40.83,0,,,9,,,130,Sound,,,
0,FORT,,1,1776624322.0544572,50.04,Game,1,Predictable,40.84,0,,,9,,,130,Sound,,,
0,FORT,,1,1776624322.0544572,50.05,Game,1,Predictable,40.85,0,,,9,,,130,Sound,,,
0,FORT,,1,1776624322.0544572,50.06,Game,1,Predictable,40.86,0,,,9,,,130,Sound,,,
0,FORT,,1,1776624322.0544572,50.08,Game,1,Predictable,40.87,0,,,9,,,130,Sound,,,
0,FORT,,1,1776624322.0544572,50.1,Game,1,Predictable,40.89,0,,,9,,,130,Sound,,,
0,FORT,,1,1776624322.0544572,50.11,Game,1,Predictable,40.91,0,,,9,,,130,Sound,,,
0,FORT,,1,1776624322.0544572,50.12,Game,1,Predictable,40.92,0,,,9,,,130,Sound,,,
0,FORT,,1,1776624322.0544572,50.13,Game,1,Predictable,40.93,0,,,9,,,130,Sound,,,
0,FORT,,1,1776624322.0544572,50.14,Game,1,Predictable,40.94,0,,,9,,,130,Sound,,,
0,FORT,,1,1776624322.0544572,50.15,Game,1,Predictable,40.95,0,,,9,,,130,Sound,,,
0,FORT,,1,1776624322.0544572,50.16,Game,1,Predictable,40.96,0,,,9,,,130,Sound,,,
0,FORT,,1,1776624322.0544572,50.17,Game,1,Predictable,40.97,0,,,9,,,130,Sound,,,
0,FORT,,1,1776624322.0544572,50.18,Game,1,Predictable,40.98,0,,,9,,,130,Sound,,,
0,FORT,,1,1776624322.0544572,50.19,Game,1,Predictable,40.99,0,,,9,,,130,Sound,,,
0,FORT,,1,1776624322.0544572,50.2,Game,1,Predictable,41.0,0,,,9,,,130,Sound,,,
0,FORT,,1,1776624322.0544572,50.21,Game,1,Predictable,41.01,0,,,9,,,130,Sound,,,
0,FORT,,1,1776624322.0544572,50.22,Game,1,Predictable,41.02,0,,,9,,,130,Sound,,,
0,FORT,,1,1776624322.0544572,50.23,Game,1,Predictable,41.03,0,,,9,,,130,Sound,,,
0,FORT,,1,1776624322.0544572,50.24,Game,1,Predictable,41.04,0,,,9,,,130,Sound,,,
0,FORT,,1,1776624322.0544572,50.25,Game,1,Predictable,41.05,0,,,9,,,130,Sound,,,
0,FORT,,1,1776624322.0544572,50.26,Game,1,Predictable,41.06,0,,,9,,,130,Sound,,,
0,FORT,,1,1776624322.0544572,50.27,Game,1,Predictable,41.07,0,,,9,,,130,Sound,,,
0,FORT,,1,1776624322.0544572,50.28,Game,1,Predictable,41.08,0,,,9,,,130,Sound,,,
0,FORT,,1,1776624322.0544572,50.29,Game,1,Predictable,41.09,0,,,9,,,130,Sound,,,
0,FORT,,1,1776624322.0544572,50.3,Game,1,Predictable,41.1,0,,,9,,,130,Sound,,,
0,FORT,,1,1776624322.0544572,50.31,Game,1,Predictable,41.11,0,,,9,,,130,Sound,,,
0,FORT,,1,1776624322.0544572,50.32,Game,1,Predictable,41.12,0,,,9,,,130,Sound,,,
0,FORT,,1,1776624322.0544572,50.33,Game,1,Predictable,41.13,0,,,9,,,130,Sound,,,
0,FORT,,1,1776624322.0544572,50.34,Game,1,Predictable,41.14,0,,,9,,,130,Sound,,,
0,FORT,,1,1776624322.0544572,50.35,Game,1,Predictable,41.15,0,,,9,,,130,Sound,,,
0,FORT,,1,1776624322.0544572,50.36,Game,1,Predictable,41.16,0,,,9,,,130,Sound,,,
0,FORT,,1,1776624322.0544572,50.37,Game,1,Predictable,41.17,0,,,9,,,130,Sound,,,
0,FORT,,1,1776624322.0544572,50.38,Game,1,Predictable,41.18,0,,,9,,,130,Sound,,,
0,FORT,,1,1776624322.0544572,50.39,Game,1,Predictable,41.19,0,,,9,,,130,Sound,,,
0,FORT,,1,1776624322.0544572,50.4,Game,1,Predictable,41.2,0,,,9,,,130,Sound,,,
0,FORT,,1,1776624322.0544572,50.41,Game,1,Predictable,41.21,0,,,9,,,130,Sound,,,
0,FORT,,1,1776624322.0544572,50.42,Game,1,Predictable,41.22,0,,,9,,,130,Sound,,,
0,FORT,,1,1776624322.0544572,50.43,Game,1,Predictable,41.23,0,,,9,,,130,Sound,,,
0,FORT,,1,1776624322.0544572,50.44,Game,1,Predictable,41.24,0,,,9,,,130,Sound,,,
0,FORT,,1,1776624322.0544572,50.45,Game,1,Predictable,41.25,0,,,9,,,130,Sound,,,
0,FORT,,1,1776624322.0544572,50.46,Game,1,Predictable,41.26,0,,,9,,,130,Sound,,,
0,FORT,,1,1776624322.0544572,50.47,Game,1,Predictable,41.27,0,,,9,,,130,Sound,,,
0,FORT,,1,1776624322.0544572,50.48,Game,1,Predictable,41.28,0,,,9,,,130,Sound,,,
0,FORT,,1,1776624322.0544572,50.49,Game,1,Predictable,41.29,0,,,9,,,130,Sound,,,
0,FORT,,1,1776624322.0544572,50.5,Game,1,Predictable,41.3,0,,,9,,,130,Sound,,,
0,FORT,,1,1776624322.0544572,50.51,Game,1,Predictable,41.31,0,,,9,,,130,Sound,,,
0,FORT,,1,1776624322.0544572,50.52,Game,1,Predictable,41.32,0,,,9,,,130,Sound,,,
0,FORT,,1,1776624322.0544572,50.53,Game,1,Predictable,41.33,0,,,9,,,130,Sound,,,
0,FORT,,1,1776624322.0544572,50.54,Game,1,Predictable,41.34,0,,,9,,,130,Sound,,,
0,FORT,,1,1776624322.0544572,50.55,Game,1,Predictable,41.35,0,,,9,,,130,Sound,,,
0,FORT,,1,1776624322.0544572,50.56,Game,1,Predictable,41.36,0,,,9,,,130,Sound,,,
0,FORT,,1,1776624322.0544572,50.57,Game,1,Predictable,41.37,0,,,9,,,130,Sound,,,
0,FORT,,1,1776624322.0544572,50.58,Game,1,Predictable,41.38,0,,,9,,,130,Sound,,,
0,FORT,,1,1776624322.0544572,50.59,Game,1,Predictable,41.39,0,,,9,,,130,Sound,,,
0,FORT,,1,1776624322.0544572,50.6,Game,1,Predictable,41.4,0,,,9,,,130,Sound,,,
0,FORT,,1,1776624322.0544572,50.61,Game,1,Predictable,41.41,0,,,9,,,130,Sound,,,
0,FORT,,1,1776624322.0544572,50.62,Game,1,Predictable,41.42,0,,,9,,,130,Sound,,,
0,FORT,,1,1776624322.0544572,50.63,Game,1,Predictable,41.43,0,,,9,,,130,Sound,,,
0,FORT,,1,1776624322.0544572,50.64,Game,1,Predictable,41.44,0,,,9,,,130,Sound,,,
0,FORT,,1,1776624322.0544572,50.65,Game,1,Predictable,41.45,0,,,9,,,130,Sound,,,
0,FORT,,1,1776624322.0544572,50.66,Game,1,Predictable,41.46,0,,,9,,,130,Sound,,,
0,FORT,,1,1776624322.0544572,50.67,Game,1,Predictable,41.47,0,,,9,,,130,Sound,,,
0,FORT,,1,1776624322.0544572,50.68,Game,1,Predictable,41.48,0,,,9,,,130,Sound,,,
0,FORT,,1,1776624322.0544572,50.69,Game,1,Predictable,41.49,0,,,9,,,130,Sound,,,
0,FORT,,1,1776624322.0544572,50.7,Game,1,Predictable,41.5,0,,,9,,,130,Sound,,,
0,FORT,,1,1776624322.0544572,50.71,Game,1,Predictable,41.51,0,,,9,,,130,Sound,,,
0,FORT,,1,1776624322.0544572,50.72,Game,1,Predictable,41.52,0,,,9,,,130,Sound,,,
0,FORT,,1,1776624322.0544572,50.73,Game,1,Predictable,41.53,0,,,9,,,130,Sound,,,
0,FORT,,1,1776624322.0544572,50.74,Game,1,Predictable,41.54,0,,,9,,,130,Sound,,,
0,FORT,,1,1776624322.0544572,50.75,Game,1,Predictable,41.55,0,,,9,,,130,Sound,,,
0,FORT,,1,1776624322.0544572,50.76,Game,1,Predictable,41.56,0,,,9,,,130,Sound,,,
0,FORT,,1,1776624322.0544572,50.77,Game,1,Predictable,41.57,0,,,9,,,130,Sound,,,
0,FORT,,1,1776624322.0544572,50.78,Game,1,Predictable,41.58,0,,,9,,,130,Sound,,,
0,FORT,,1,1776624322.0544572,50.78,Game,1,Predictable,41.59,0,,,9,,,130,Sound,,,
0,FORT,,1,1776624322.0544572,50.79,Game,1,Predictable,41.59,0,,,9,,,130,Sound,,,
0,FORT,,1,1776624322.0544572,50.8,Game,1,Predictable,41.6,0,,,9,,,130,Sound,,,
0,FORT,,1,1776624322.0544572,50.81,Game,1,Predictable,41.61,0,,,9,,,130,Sound,,,
0,FORT,,1,1776624322.0544572,50.82,Game,1,Predictable,41.62,0,,,9,,,130,Sound,,,
0,FORT,,1,1776624322.0544572,50.83,Game,1,Predictable,41.63,0,,,9,,,130,Sound,,,
0,FORT,,1,1776624322.0544572,50.84,Game,1,Predictable,41.64,0,,,9,,,130,Sound,,,
0,FORT,,1,1776624322.0544572,50.85,Game,1,Predictable,41.65,0,,,9,,,130,Sound,,,
0,FORT,,1,1776624322.0544572,50.86,Game,1,Predictable,41.66,0,,,9,,,130,Sound,,,
0,FORT,,1,1776624322.0544572,50.87,Game,1,Predictable,41.67,0,,,9,,,130,Sound,,,
0,FORT,,1,1776624322.0544572,50.88,Game,1,Predictable,41.68,0,,,9,,,130,Sound,,,
0,FORT,,1,1776624322.0544572,50.88,Game,1,Predictable,41.69,0,,,9,,,130,Sound,,,
0,FORT,,1,1776624322.0544572,50.89,Game,1,Predictable,41.69,0,,,9,,,130,Sound,,,
0,FORT,,1,1776624322.0544572,50.9,Game,1,Predictable,41.7,0,,,9,,,130,Sound,,,
0,FORT,,1,1776624322.0544572,50.91,Game,1,Predictable,41.71,0,,,9,,,130,Sound,,,
0,FORT,,1,1776624322.0544572,50.92,Game,1,Predictable,41.72,0,,,9,,,130,Sound,,,
0,FORT,,1,1776624322.0544572,50.93,Game,1,Predictable,41.73,0,,,9,,,130,Sound,,,
0,FORT,,1,1776624322.0544572,50.93,Game,1,Predictable,41.74,0,,,9,,,130,Sound,,,
0,FORT,,1,1776624322.0544572,50.94,Game,1,Predictable,41.74,0,,,9,,,130,Sound,,,
0,FORT,,1,1776624322.0544572,50.95,Game,1,Predictable,41.75,0,,,9,,,130,Sound,,,
0,FORT,,1,1776624322.0544572,50.96,Game,1,Predictable,41.76,0,,,9,,,130,Sound,,,
0,FORT,,1,1776624322.0544572,50.97,Game,1,Predictable,41.77,0,,,9,,,130,Sound,,,
0,FORT,,1,1776624322.0544572,50.98,Game,1,Predictable,41.78,0,,,9,,,130,Sound,,,
0,FORT,,1,1776624322.0544572,50.99,Game,1,Predictable,41.79,0,,,9,,,130,Sound,,,
0,FORT,,1,1776624322.0544572,51.0,Game,1,Predictable,41.8,0,,,9,,,130,Sound,,,
0,FORT,,1,1776624322.0544572,51.01,Game,1,Predictable,41.81,0,,,9,,,130,Sound,,,
0,FORT,,1,1776624322.0544572,51.02,Game,1,Predictable,41.82,0,,,9,,,130,Sound,,,
0,FORT,,1,1776624322.0544572,51.03,Game,1,Predictable,41.83,0,,,9,,,130,Sound,,,
0,FORT,,1,1776624322.0544572,51.05,Game,1,Predictable,41.84,0,,,9,,,130,Sound,,,
0,FORT,,1,1776624322.0544572,51.06,Game,1,Predictable,41.86,0,,,9,,,130,Sound,,,
0,FORT,,1,1776624322.0544572,51.07,Game,1,Predictable,41.87,0,,,9,,,130,Sound,,,
0,FORT,,1,1776624322.0544572,51.08,Game,1,Predictable,41.88,0,,,9,,,130,Sound,,,
0,FORT,,1,1776624322.0544572,51.09,Game,1,Predictable,41.89,0,,,9,,,130,Sound,,,
0,FORT,,1,1776624322.0544572,51.1,Game,1,Predictable,41.9,0,,,9,,,130,Sound,,,
0,FORT,,1,1776624322.0544572,51.12,Game,1,Predictable,41.91,0,,,9,,,130,Sound,,,
0,FORT,,1,1776624322.0544572,51.13,Game,1,Predictable,41.93,0,,,9,,,130,Sound,,,
0,FORT,,1,1776624322.0544572,51.14,Game,1,Predictable,41.94,0,,,9,,,130,Sound,,,
0,FORT,,1,1776624322.0544572,51.15,Game,1,Predictable,41.95,0,,,9,,,130,Sound,,,
0,FORT,,1,1776624322.0544572,51.16,Game,1,Predictable,41.96,0,,,9,,,130,Sound,,,
0,FORT,,1,1776624322.0544572,51.18,Game,1,Predictable,41.97,0,,,9,,,130,Sound,,,
0,FORT,,1,1776624322.0544572,51.19,Game,1,Predictable,41.99,0,,,9,,,130,Sound,,,
0,FORT,,1,1776624322.0544572,51.2,Game,1,Predictable,42.0,0,,,9,,,130,Sound,,,
0,FORT,,1,1776624322.0544572,51.22,Game,1,Predictable,42.01,0,,,9,,,130,Sound,,,
0,FORT,,1,1776624322.0544572,51.23,Game,1,Predictable,42.03,0,,,9,,,130,Sound,,,
0,FORT,,1,1776624322.0544572,51.25,Game,1,Predictable,42.04,0,,,9,,,130,Sound,,,
0,FORT,,1,1776624322.0544572,51.26,Game,1,Predictable,42.06,0,,,9,,,130,Sound,,,
0,FORT,,1,1776624322.0544572,51.27,Game,1,Predictable,42.07,0,,,9,,,130,Sound,,,
0,FORT,,1,1776624322.0544572,51.28,Game,1,Predictable,42.08,0,,,9,,,130,Sound,,,
0,FORT,,1,1776624322.0544572,51.29,Game,1,Predictable,42.09,0,,,9,,,130,Sound,,,
0,FORT,,1,1776624322.0544572,51.32,Game,1,Predictable,42.1,0,,,9,,,130,Sound,,,
0,FORT,,1,1776624322.0544572,51.33,Game,1,Predictable,42.13,0,,,9,,,130,Sound,,,
0,FORT,,1,1776624322.0544572,51.35,Game,1,Predictable,42.14,0,,,9,,,130,Sound,,,
0,FORT,,1,1776624322.0544572,51.36,Game,1,Predictable,42.16,0,,,9,,,130,Sound,,,
0,FORT,,1,1776624322.0544572,51.37,Game,1,Predictable,42.17,0,,,9,,,130,Sound,,,
0,FORT,,1,1776624322.0544572,51.38,Game,1,Predictable,42.18,0,,,9,,,130,Sound,,,
0,FORT,,1,1776624322.0544572,51.39,Game,1,Predictable,42.19,0,,,9,,,130,Sound,,,
0,FORT,,1,1776624322.0544572,51.42,Game,1,Predictable,42.2,0,,,9,,,130,Sound,,,
0,FORT,,1,1776624322.0544572,51.43,Game,1,Predictable,42.23,0,,,9,,,130,Sound,,,
0,FORT,,1,1776624322.0544572,51.44,Game,1,Predictable,42.24,0,,,9,,,130,Sound,,,
0,FORT,,1,1776624322.0544572,51.45,Game,1,Predictable,42.25,0,,,9,,,130,Sound,,,
0,FORT,,1,1776624322.0544572,51.46,Game,1,Predictable,42.26,0,,,9,,,130,Sound,,,
0,FORT,,1,1776624322.0544572,51.48,Game,1,Predictable,42.27,0,,,9,,,130,Sound,,,
0,FORT,,1,1776624322.0544572,51.5,Game,1,Predictable,42.29,0,,,9,,,130,Sound,,,
0,FORT,,1,1776624322.0544572,51.51,Game,1,Predictable,42.31,0,,,9,,,130,Sound,,,
0,FORT,,1,1776624322.0544572,51.52,Game,1,Predictable,42.32,0,,,9,,,130,Sound,,,
0,FORT,,1,1776624322.0544572,51.53,Game,1,Predictable,42.33,0,,,9,,,130,Sound,,,
0,FORT,,1,1776624322.0544572,51.54,Game,1,Predictable,42.34,0,,,9,,,130,Sound,,,
0,FORT,,1,1776624322.0544572,51.57,Game,1,Predictable,42.35,0,,,9,,,130,Sound,,,
0,FORT,,1,1776624322.0544572,51.58,Game,1,Predictable,42.38,0,,,9,,,130,Sound,,,
0,FORT,,1,1776624322.0544572,51.59,Game,1,Predictable,42.39,0,,,9,,,130,Sound,,,
0,FORT,,1,1776624322.0544572,51.6,Game,1,Predictable,42.4,0,,,9,,,130,Sound,,,
0,FORT,,1,1776624322.0544572,51.61,Game,1,Predictable,42.41,0,,,9,,,130,Sound,,,
0,FORT,,1,1776624322.0544572,51.62,Game,1,Predictable,42.42,0,,,9,,,130,Sound,,,
0,FORT,,1,1776624322.0544572,51.63,Game,1,Predictable,42.43,0,,,9,,,130,Sound,,,
0,FORT,,1,1776624322.0544572,51.64,Game,1,Predictable,42.44,0,,,9,,,130,Sound,,,
0,FORT,,1,1776624322.0544572,51.65,Game,1,Predictable,42.45,0,,,9,,,130,Sound,,,
0,FORT,,1,1776624322.0544572,51.66,Game,1,Predictable,42.46,0,,,9,,,130,Sound,,,
0,FORT,,1,1776624322.0544572,51.67,Game,1,Predictable,42.47,0,,,9,,,130,Sound,,,
0,FORT,,1,1776624322.0544572,51.68,Game,1,Predictable,42.48,0,,,9,,,130,Sound,,,
0,FORT,,1,1776624322.0544572,51.69,Game,1,Predictable,42.49,0,,,9,,,130,Sound,,,
0,FORT,,1,1776624322.0544572,51.7,Game,1,Predictable,42.5,0,,,9,,,130,Sound,,,
0,FORT,,1,1776624322.0544572,51.71,Game,1,Predictable,42.51,0,,,9,,,130,Sound,,,
0,FORT,,1,1776624322.0544572,51.72,Game,1,Predictable,42.52,0,,,9,,,130,Sound,,,
0,FORT,,1,1776624322.0544572,51.73,Game,1,Predictable,42.53,0,,,9,,,130,Sound,,,
0,FORT,,1,1776624322.0544572,51.74,Game,1,Predictable,42.54,0,,,9,,,130,Sound,,,
0,FORT,,1,1776624322.0544572,51.75,Game,1,Predictable,42.55,0,,,9,,,130,Sound,,,
0,FORT,,1,1776624322.0544572,51.76,Game,1,Predictable,42.56,0,,,9,,,130,Sound,,,
0,FORT,,1,1776624322.0544572,51.77,Game,1,Predictable,42.57,0,,,9,,,130,Sound,,,
0,FORT,,1,1776624322.0544572,51.78,Game,1,Predictable,42.58,0,,,9,,,130,Sound,,,
0,FORT,,1,1776624322.0544572,51.78,Game,1,Predictable,42.59,0,,,9,,,130,Sound,,,
0,FORT,,1,1776624322.0544572,51.79,Game,1,Predictable,42.59,0,,,9,,,130,Sound,,,
0,FORT,,1,1776624322.0544572,51.8,Game,1,Predictable,42.6,0,,,9,,,130,Sound,,,
0,FORT,,1,1776624322.0544572,51.81,Game,1,Predictable,42.61,0,,,9,,,130,Sound,,,
0,FORT,,1,1776624322.0544572,51.82,Game,1,Predictable,42.62,0,,,9,,,130,Sound,,,
0,FORT,,1,1776624322.0544572,51.83,Game,1,Predictable,42.63,0,,,9,,,130,Sound,,,
0,FORT,,1,1776624322.0544572,51.83,Game,1,Predictable,42.64,0,,,9,,,130,Sound,,,
0,FORT,,1,1776624322.0544572,51.84,Game,1,Predictable,42.64,0,,,9,,,130,Sound,,,
0,FORT,,1,1776624322.0544572,51.85,Game,1,Predictable,42.65,0,,,9,,,130,Sound,,,
0,FORT,,1,1776624322.0544572,51.86,Game,1,Predictable,42.66,0,,,9,,,130,Sound,,,
0,FORT,,1,1776624322.0544572,51.87,Game,1,Predictable,42.67,0,,,9,,,130,Sound,,,
0,FORT,,1,1776624322.0544572,51.88,Game,1,Predictable,42.68,0,,,9,,,130,Sound,,,
0,FORT,,1,1776624322.0544572,51.89,Game,1,Predictable,42.69,0,,,9,,,130,Sound,,,
0,FORT,,1,1776624322.0544572,51.9,Game,1,Predictable,42.7,0,,,9,,,130,Sound,,,
0,FORT,,1,1776624322.0544572,51.91,Game,1,Predictable,42.71,0,,,9,,,130,Sound,,,
0,FORT,,1,1776624322.0544572,51.92,Game,1,Predictable,42.72,0,,,9,,,130,Sound,,,
0,FORT,,1,1776624322.0544572,51.93,Game,1,Predictable,42.73,0,,,9,,,130,Sound,,,
0,FORT,,1,1776624322.0544572,51.93,Game,1,Predictable,42.74,0,,,9,,,130,Sound,,,
0,FORT,,1,1776624322.0544572,51.94,Game,1,Predictable,42.74,0,,,9,,,130,Sound,,,
0,FORT,,1,1776624322.0544572,51.95,Game,1,Predictable,42.75,0,,,9,,,130,Sound,,,
0,FORT,,1,1776624322.0544572,51.96,Game,1,Predictable,42.76,0,,,9,,,130,Sound,,,
0,FORT,,1,1776624322.0544572,51.97,Game,1,Predictable,42.77,0,,,9,,,130,Sound,,,
0,FORT,,1,1776624322.0544572,51.98,Game,1,Predictable,42.78,0,,,9,,,130,Sound,,,
0,FORT,,1,1776624322.0544572,51.98,Game,1,Predictable,42.79,0,,,9,,,130,Sound,,,
0,FORT,,1,1776624322.0544572,51.99,Game,1,Predictable,42.79,0,,,9,,,130,Sound,,,
0,FORT,,1,1776624322.0544572,52.0,Game,1,Predictable,42.8,0,,,9,,,130,Sound,,,
0,FORT,,1,1776624322.0544572,52.01,Game,1,Predictable,42.81,0,,,9,,,130,Sound,,,
0,FORT,,1,1776624322.0544572,52.02,Game,1,Predictable,42.82,0,,,9,,,130,Sound,,,
0,FORT,,1,1776624322.0544572,52.03,Game,1,Predictable,42.83,0,,,9,,,130,Sound,,,
0,FORT,,1,1776624322.0544572,52.04,Game,1,Predictable,42.84,0,,,9,,,130,Sound,,,
0,FORT,,1,1776624322.0544572,52.05,Game,1,Predictable,42.85,0,,,9,,,130,Sound,,,
0,FORT,,1,1776624322.0544572,52.06,Game,1,Predictable,42.86,0,,,9,,,130,Sound,,,
0,FORT,,1,1776624322.0544572,52.07,Game,1,Predictable,42.87,0,,,9,,,130,Sound,,,
0,FORT,,1,1776624322.0544572,52.08,Game,1,Predictable,42.88,0,,,9,,,130,Sound,,,
0,FORT,,1,1776624322.0544572,52.08,Game,1,Predictable,42.89,0,,,9,,,130,Sound,,,
0,FORT,,1,1776624322.0544572,52.09,Game,1,Predictable,42.89,0,,,9,,,130,Sound,,,
0,FORT,,1,1776624322.0544572,52.1,Game,1,Predictable,42.9,0,,,9,,,130,Sound,,,
0,FORT,,1,1776624322.0544572,52.11,Game,1,Predictable,42.91,0,,,9,,,130,Sound,,,
0,FORT,,1,1776624322.0544572,52.12,Game,1,Predictable,42.92,0,,,9,,,130,Sound,,,
0,FORT,,1,1776624322.0544572,52.13,Game,1,Predictable,42.93,0,,,9,,,130,Sound,,,
0,FORT,,1,1776624322.0544572,52.13,Game,1,Predictable,42.94,0,,,9,,,130,Sound,,,
0,FORT,,1,1776624322.0544572,52.14,Game,1,Predictable,42.94,0,,,9,,,130,Sound,,,
0,FORT,,1,1776624322.0544572,52.15,Game,1,Predictable,42.95,0,,,9,,,130,Sound,,,
0,FORT,,1,1776624322.0544572,52.16,Game,1,Predictable,42.96,0,,,9,,,130,Sound,,,
0,FORT,,1,1776624322.0544572,52.17,Game,1,Predictable,42.97,0,,,9,,,130,Sound,,,
0,FORT,,1,1776624322.0544572,52.18,Game,1,Predictable,42.98,0,,,9,,,130,Sound,,,
0,FORT,,1,1776624322.0544572,52.18,Game,1,Predictable,42.99,0,,,9,,,130,Sound,,,
0,FORT,,1,1776624322.0544572,52.19,Game,1,Predictable,42.99,0,,,9,,,130,Sound,,,
0,FORT,,1,1776624322.0544572,52.2,Game,1,Predictable,43.0,0,,,9,,,130,Sound,,,
0,FORT,,1,1776624322.0544572,52.21,Game,1,Predictable,43.01,0,,,9,,,130,Sound,,,
0,FORT,,1,1776624322.0544572,52.22,Game,1,Predictable,43.02,0,,,9,,,130,Sound,,,
0,FORT,,1,1776624322.0544572,52.23,Game,1,Predictable,43.03,0,,,9,,,130,Sound,,,
0,FORT,,1,1776624322.0544572,52.23,Game,1,Predictable,43.04,0,,,9,,,130,Sound,,,
0,FORT,,1,1776624322.0544572,52.24,Game,1,Predictable,43.04,0,,,9,,,130,Sound,,,
0,FORT,,1,1776624322.0544572,52.25,Game,1,Predictable,43.05,0,,,9,,,130,Sound,,,
0,FORT,,1,1776624322.0544572,52.26,Game,1,Predictable,43.06,0,,,9,,,130,Sound,,,
0,FORT,,1,1776624322.0544572,52.27,Game,1,Predictable,43.07,0,,,9,,,130,Sound,,,
0,FORT,,1,1776624322.0544572,52.28,Game,1,Predictable,43.08,0,,,9,,,130,Sound,,,
0,FORT,,1,1776624322.0544572,52.28,Game,1,Predictable,43.09,0,,,9,,,130,Sound,,,
0,FORT,,1,1776624322.0544572,52.29,Game,1,Predictable,43.09,0,,,9,,,130,Sound,,,
0,FORT,,1,1776624322.0544572,52.3,Game,1,Predictable,43.1,0,,,9,,,130,Sound,,,
0,FORT,,1,1776624322.0544572,52.31,Game,1,Predictable,43.11,0,,,9,,,130,Sound,,,
0,FORT,,1,1776624322.0544572,52.32,Game,1,Predictable,43.12,0,,,9,,,130,Sound,,,
0,FORT,,1,1776624322.0544572,52.33,Game,1,Predictable,43.13,0,,,9,,,130,Sound,,,
0,FORT,,1,1776624322.0544572,52.33,Game,1,Predictable,43.14,0,,,9,,,130,Sound,,,
0,FORT,,1,1776624322.0544572,52.34,Game,1,Predictable,43.14,0,,,9,,,130,Sound,,,
0,FORT,,1,1776624322.0544572,52.35,Game,1,Predictable,43.15,0,,,9,,,130,Sound,,,
0,FORT,,1,1776624322.0544572,52.36,Game,1,Predictable,43.16,0,,,9,,,130,Sound,,,
0,FORT,,1,1776624322.0544572,52.37,Game,1,Predictable,43.17,0,,,9,,,130,Sound,,,
0,FORT,,1,1776624322.0544572,52.38,Game,1,Predictable,43.18,0,,,9,,,130,Sound,,,
0,FORT,,1,1776624322.0544572,52.38,Game,1,Predictable,43.19,0,,,9,,,130,Sound,,,
0,FORT,,1,1776624322.0544572,52.39,Game,1,Predictable,43.19,0,,,9,,,130,Sound,,,
0,FORT,,1,1776624322.0544572,52.4,Game,1,Predictable,43.2,0,,,9,,,130,Sound,,,
0,FORT,,1,1776624322.0544572,52.41,Game,1,Predictable,43.21,0,,,9,,,130,Sound,,,
0,FORT,,1,1776624322.0544572,52.42,Game,1,Predictable,43.22,0,,,9,,,130,Sound,,,
0,FORT,,1,1776624322.0544572,52.43,Game,1,Predictable,43.23,0,,,9,,,130,Sound,,,
0,FORT,,1,1776624322.0544572,52.43,Game,1,Predictable,43.24,0,,,9,,,130,Sound,,,
0,FORT,,1,1776624322.0544572,52.44,Game,1,Predictable,43.24,0,,,9,,,130,Sound,,,
0,FORT,,1,1776624322.0544572,52.45,Game,1,Predictable,43.25,0,,,9,,,130,Sound,,,
0,FORT,,1,1776624322.0544572,52.46,Game,1,Predictable,43.26,0,,,9,,,130,Sound,,,
0,FORT,,1,1776624322.0544572,52.47,Game,1,Predictable,43.27,0,,,9,,,130,Sound,,,
0,FORT,,1,1776624322.0544572,52.48,Game,1,Predictable,43.28,0,,,9,,,130,Sound,,,
0,FORT,,1,1776624322.0544572,52.48,Game,1,Predictable,43.29,0,,,9,,,130,Sound,,,
0,FORT,,1,1776624322.0544572,52.49,Game,1,Predictable,43.29,0,,,9,,,130,Sound,,,
0,FORT,,1,1776624322.0544572,52.5,Game,1,Predictable,43.3,0,,,9,,,130,Sound,,,
0,FORT,,1,1776624322.0544572,52.51,Game,1,Predictable,43.31,0,,,9,,,130,Sound,,,
0,FORT,,1,1776624322.0544572,52.52,Game,1,Predictable,43.32,0,,,9,,,130,Sound,,,
0,FORT,,1,1776624322.0544572,52.53,Game,1,Predictable,43.33,0,,,9,,,130,Sound,,,
0,FORT,,1,1776624322.0544572,52.54,Game,1,Predictable,43.34,0,,,9,,,130,Sound,,,
0,FORT,,1,1776624322.0544572,52.55,Game,1,Predictable,43.35,0,,,9,,,130,Sound,,,
0,FORT,,1,1776624322.0544572,52.56,Game,1,Predictable,43.36,0,,,9,,,130,Sound,,,
0,FORT,,1,1776624322.0544572,52.57,Game,1,Predictable,43.37,0,,,9,,,130,Sound,,,
0,FORT,,1,1776624322.0544572,52.58,Game,1,Predictable,43.38,0,,,9,,,130,Sound,,,
0,FORT,,1,1776624322.0544572,52.58,Game,1,Predictable,43.39,0,,,9,,,130,Sound,,,
0,FORT,,1,1776624322.0544572,52.59,Game,1,Predictable,43.39,0,,,9,,,130,Sound,,,
0,FORT,,1,1776624322.0544572,52.6,Game,1,Predictable,43.4,0,,,9,,,130,Sound,,,
0,FORT,,1,1776624322.0544572,52.61,Game,1,Predictable,43.41,0,,,9,,,130,Sound,,,
0,FORT,,1,1776624322.0544572,52.62,Game,1,Predictable,43.42,0,,,9,,,130,Sound,,,
0,FORT,,1,1776624322.0544572,52.63,Game,1,Predictable,43.43,0,,,9,,,130,Sound,,,
0,FORT,,1,1776624322.0544572,52.64,Game,1,Predictable,43.44,0,,,9,,,130,Sound,,,
0,FORT,,1,1776624322.0544572,52.65,Game,1,Predictable,43.45,0,,,9,,,130,Sound,,,
0,FORT,,1,1776624322.0544572,52.66,Game,1,Predictable,43.46,0,,,9,,,130,Sound,,,
0,FORT,,1,1776624322.0544572,52.67,Game,1,Predictable,43.47,0,,,9,,,130,Sound,,,
0,FORT,,1,1776624322.0544572,52.68,Game,1,Predictable,43.48,0,,,9,,,130,Sound,,,
0,FORT,,1,1776624322.0544572,52.68,Game,1,Predictable,43.49,0,,,9,,,130,Sound,,,
0,FORT,,1,1776624322.0544572,52.69,Game,1,Predictable,43.49,0,,,9,,,130,Sound,,,
0,FORT,,1,1776624322.0544572,52.7,Game,1,Predictable,43.5,0,,,9,,,130,Sound,,,
0,FORT,,1,1776624322.0544572,52.71,Game,1,Predictable,43.51,0,,,9,,,130,Sound,,,
0,FORT,,1,1776624322.0544572,52.72,Game,1,Predictable,43.52,0,,,9,,,130,Sound,,,
0,FORT,,1,1776624322.0544572,52.73,Game,1,Predictable,43.53,0,,,9,,,130,Sound,,,
0,FORT,,1,1776624322.0544572,52.73,Game,1,Predictable,43.54,0,,,9,,,130,Sound,,,
0,FORT,,1,1776624322.0544572,52.74,Game,1,Predictable,43.54,0,,,9,,,130,Sound,,,
0,FORT,,1,1776624322.0544572,52.75,Game,1,Predictable,43.55,0,,,9,,,130,Sound,,,
0,FORT,,1,1776624322.0544572,52.76,Game,1,Predictable,43.56,0,,,9,,,130,Sound,,,
0,FORT,,1,1776624322.0544572,52.77,Game,1,Predictable,43.57,0,,,9,,,130,Sound,,,
0,FORT,,1,1776624322.0544572,52.78,Game,1,Predictable,43.58,0,,,9,,,130,Sound,,,
0,FORT,,1,1776624322.0544572,52.78,Game,1,Predictable,43.59,0,,,9,,,130,Sound,,,
0,FORT,,1,1776624322.0544572,52.79,Game,1,Predictable,43.59,0,,,9,,,130,Sound,,,
0,FORT,,1,1776624322.0544572,52.8,Game,1,Predictable,43.6,0,,,9,,,130,Sound,,,
0,FORT,,1,1776624322.0544572,52.81,Game,1,Predictable,43.61,0,,,9,,,130,Sound,,,
0,FORT,,1,1776624322.0544572,52.82,Game,1,Predictable,43.62,0,,,9,,,130,Sound,,,
0,FORT,,1,1776624322.0544572,52.83,Game,1,Predictable,43.63,0,,,9,,,130,Sound,,,
0,FORT,,1,1776624322.0544572,52.83,Game,1,Predictable,43.64,0,,,9,,,130,Sound,,,
0,FORT,,1,1776624322.0544572,52.84,Game,1,Predictable,43.64,0,,,9,,,130,Sound,,,
0,FORT,,1,1776624322.0544572,52.85,Game,1,Predictable,43.65,0,,,9,,,130,Sound,,,
0,FORT,,1,1776624322.0544572,52.86,Game,1,Predictable,43.66,0,,,9,,,130,Sound,,,
0,FORT,,1,1776624322.0544572,52.87,Game,1,Predictable,43.67,0,,,9,,,130,Sound,,,
0,FORT,,1,1776624322.0544572,52.88,Game,1,Predictable,43.68,0,,,9,,,130,Sound,,,
0,FORT,,1,1776624322.0544572,52.88,Game,1,Predictable,43.69,0,,,9,,,130,Sound,,,
0,FORT,,1,1776624322.0544572,52.89,Game,1,Predictable,43.69,0,,,9,,,130,Sound,,,
0,FORT,,1,1776624322.0544572,52.9,Game,1,Predictable,43.7,0,,,9,,,130,Sound,,,
0,FORT,,1,1776624322.0544572,52.91,Game,1,Predictable,43.71,0,,,9,,,130,Sound,,,
0,FORT,,1,1776624322.0544572,52.92,Game,1,Predictable,43.72,0,,,9,,,130,Sound,,,
0,FORT,,1,1776624322.0544572,52.93,Game,1,Predictable,43.73,0,,,9,,,130,Sound,,,
0,FORT,,1,1776624322.0544572,52.93,Game,1,Predictable,43.74,0,,,9,,,130,Sound,,,
0,FORT,,1,1776624322.0544572,52.94,Game,1,Predictable,43.74,0,,,9,,,130,Sound,,,
0,FORT,,1,1776624322.0544572,52.95,Game,1,Predictable,43.75,0,,,9,,,130,Sound,,,
0,FORT,,1,1776624322.0544572,52.96,Game,1,Predictable,43.76,0,,,9,,,130,Sound,,,
0,FORT,,1,1776624322.0544572,52.97,Game,1,Predictable,43.77,0,,,9,,,130,Sound,,,
0,FORT,,1,1776624322.0544572,52.98,Game,1,Predictable,43.78,0,,,9,,,130,Sound,,,
0,FORT,,1,1776624322.0544572,52.98,Game,1,Predictable,43.79,0,,,9,,,130,Sound,,,
0,FORT,,1,1776624322.0544572,52.99,Game,1,Predictable,43.79,0,,,9,,,130,Sound,,,
0,FORT,,1,1776624322.0544572,53.0,Game,1,Predictable,43.8,0,,,9,,,130,Sound,,,
0,FORT,,1,1776624322.0544572,53.01,Game,1,Predictable,43.81,0,,,9,,,130,Sound,,,
0,FORT,,1,1776624322.0544572,53.02,Game,1,Predictable,43.82,0,,,9,,,130,Sound,,,
0,FORT,,1,1776624322.0544572,53.03,Game,1,Predictable,43.83,0,,,9,,,130,Sound,,,
0,FORT,,1,1776624322.0544572,53.03,Game,1,Predictable,43.84,0,,,9,,,130,Sound,,,
0,FORT,,1,1776624322.0544572,53.04,Game,1,Predictable,43.84,0,,,9,,,130,Sound,,,
0,FORT,,1,1776624322.0544572,53.05,Game,1,Predictable,43.85,0,,,9,,,130,Sound,,,
0,FORT,,1,1776624322.0544572,53.06,Game,1,Predictable,43.86,0,,,9,,,130,Sound,,,
0,FORT,,1,1776624322.0544572,53.07,Game,1,Predictable,43.87,0,,,9,,,130,Sound,,,
0,FORT,,1,1776624322.0544572,53.08,Game,1,Predictable,43.88,0,,,9,,,130,Sound,,,
0,FORT,,1,1776624322.0544572,53.08,Game,1,Predictable,43.89,0,,,9,,,130,Sound,,,
0,FORT,,1,1776624322.0544572,53.09,Game,1,Predictable,43.89,0,,,9,,,130,Sound,,,
0,FORT,,1,1776624322.0544572,53.1,Game,1,Predictable,43.9,0,,,9,,,130,Sound,,,
0,FORT,,1,1776624322.0544572,53.11,Game,1,Predictable,43.91,0,,,9,,,130,Sound,,,
0,FORT,,1,1776624322.0544572,53.12,Game,1,Predictable,43.92,0,,,9,,,130,Sound,,,
0,FORT,,1,1776624322.0544572,53.13,Game,1,Predictable,43.93,0,,,9,,,130,Sound,,,
0,FORT,,1,1776624322.0544572,53.14,Game,1,Predictable,43.94,0,,,9,,,130,Sound,,,
0,FORT,,1,1776624322.0544572,53.15,Game,1,Predictable,43.95,0,,,9,,,130,Sound,,,
0,FORT,,1,1776624322.0544572,53.16,Game,1,Predictable,43.96,0,,,9,,,130,Sound,,,
0,FORT,,1,1776624322.0544572,53.17,Game,1,Predictable,43.97,0,,,9,,,130,Sound,,,
0,FORT,,1,1776624322.0544572,53.18,Game,1,Predictable,43.98,0,,,9,,,130,Sound,,,
0,FORT,,1,1776624322.0544572,53.18,Game,1,Predictable,43.99,0,,,9,,,130,Sound,,,
0,FORT,,1,1776624322.0544572,53.19,Game,1,Predictable,43.99,0,,,9,,,130,Sound,,,
0,FORT,,1,1776624322.0544572,53.2,Game,1,Predictable,44.0,0,,,9,,,130,Sound,,,
0,FORT,,1,1776624322.0544572,53.21,Game,1,Predictable,44.01,0,,,9,,,130,Sound,,,
0,FORT,,1,1776624322.0544572,53.22,Game,1,Predictable,44.02,0,,,9,,,130,Sound,,,
0,FORT,,1,1776624322.0544572,53.23,Game,1,Predictable,44.03,0,,,9,,,130,Sound,,,
0,FORT,,1,1776624322.0544572,53.24,Game,1,Predictable,44.04,0,,,9,,,130,Sound,,,
0,FORT,,1,1776624322.0544572,53.25,Game,1,Predictable,44.05,0,,,9,,,130,Sound,,,
0,FORT,,1,1776624322.0544572,53.26,Game,1,Predictable,44.06,0,,,9,,,130,Sound,,,
0,FORT,,1,1776624322.0544572,53.27,Game,1,Predictable,44.07,0,,,9,,,130,Sound,,,
0,FORT,,1,1776624322.0544572,53.28,Game,1,Predictable,44.08,0,,,9,,,130,Sound,,,
0,FORT,,1,1776624322.0544572,53.29,Game,1,Predictable,44.09,0,,,9,,,130,Sound,,,
0,FORT,,1,1776624322.0544572,53.3,Game,1,Predictable,44.1,0,,,9,,,130,Sound,,,
0,FORT,,1,1776624322.0544572,53.31,Game,1,Predictable,44.11,0,,,9,,,130,Sound,,,
0,FORT,,1,1776624322.0544572,53.32,Game,1,Predictable,44.12,0,,,9,,,130,Sound,,,
0,FORT,,1,1776624322.0544572,53.33,Game,1,Predictable,44.13,0,,,9,,,130,Sound,,,
0,FORT,,1,1776624322.0544572,53.35,Game,1,Predictable,44.14,0,,,9,,,130,Sound,,,
0,FORT,,1,1776624322.0544572,53.36,Game,1,Predictable,44.16,0,,,9,,,130,Sound,,,
0,FORT,,1,1776624322.0544572,53.37,Game,1,Predictable,44.17,0,,,9,,,130,Sound,,,
0,FORT,,1,1776624322.0544572,53.38,Game,1,Predictable,44.18,0,,,9,,,130,Sound,,,
0,FORT,,1,1776624322.0544572,53.38,Game,1,Predictable,44.19,0,,,9,,,130,Sound,,,
0,FORT,,1,1776624322.0544572,53.39,Game,1,Predictable,44.19,0,,,9,,,130,Sound,,,
0,FORT,,1,1776624322.0544572,53.4,Game,1,Predictable,44.2,0,,,9,,,130,Sound,,,
0,FORT,,1,1776624322.0544572,53.41,Game,1,Predictable,44.21,0,,,9,,,130,Sound,,,
0,FORT,,1,1776624322.0544572,53.42,Game,1,Predictable,44.22,0,,,9,,,130,Sound,,,
0,FORT,,1,1776624322.0544572,53.43,Game,1,Predictable,44.23,0,,,9,,,130,Sound,,,
0,FORT,,1,1776624322.0544572,53.44,Game,1,Predictable,44.24,0,,,9,,,130,Sound,,,
0,FORT,,1,1776624322.0544572,53.45,Game,1,Predictable,44.25,0,,,9,,,130,Sound,,,
0,FORT,,1,1776624322.0544572,53.46,Game,1,Predictable,44.26,0,,,9,,,130,Sound,,,
0,FORT,,1,1776624322.0544572,53.47,Game,1,Predictable,44.27,0,,,9,,,130,Sound,,,
0,FORT,,1,1776624322.0544572,53.48,Game,1,Predictable,44.28,0,,,9,,,130,Sound,,,
0,FORT,,1,1776624322.0544572,53.48,Game,1,Predictable,44.29,0,,,9,,,130,Sound,,,
0,FORT,,1,1776624322.0544572,53.49,Game,1,Predictable,44.29,0,,,9,,,130,Sound,,,
0,FORT,,1,1776624322.0544572,53.5,Game,1,Predictable,44.3,0,,,9,,,130,Sound,,,
0,FORT,,1,1776624322.0544572,53.51,Game,1,Predictable,44.31,0,,,9,,,130,Sound,,,
0,FORT,,1,1776624322.0544572,53.52,Game,1,Predictable,44.32,0,,,9,,,130,Sound,,,
0,FORT,,1,1776624322.0544572,53.53,Game,1,Predictable,44.33,0,,,9,,,130,Sound,,,
0,FORT,,1,1776624322.0544572,53.54,Game,1,Predictable,44.34,0,,,9,,,130,Sound,,,
0,FORT,,1,1776624322.0544572,53.55,Game,1,Predictable,44.35,0,,,9,,,130,Sound,,,
0,FORT,,1,1776624322.0544572,53.56,Game,1,Predictable,44.36,0,,,9,,,130,Sound,,,
0,FORT,,1,1776624322.0544572,53.57,Game,1,Predictable,44.37,0,,,9,,,130,Sound,,,
0,FORT,,1,1776624322.0544572,53.58,Game,1,Predictable,44.38,0,,,9,,,130,Sound,,,
0,FORT,,1,1776624322.0544572,53.58,Game,1,Predictable,44.39,0,,,9,,,130,Sound,,,
0,FORT,,1,1776624322.0544572,53.59,Game,1,Predictable,44.39,0,,,9,,,130,Sound,,,
0,FORT,,1,1776624322.0544572,53.6,Game,1,Predictable,44.4,0,,,9,,,130,Sound,,,
0,FORT,,1,1776624322.0544572,53.61,Game,1,Predictable,44.41,0,,,9,,,130,Sound,,,
0,FORT,,1,1776624322.0544572,53.62,Game,1,Predictable,44.42,0,,,9,,,130,Sound,,,
0,FORT,,1,1776624322.0544572,53.63,Game,1,Predictable,44.43,0,,,9,,,130,Sound,,,
0,FORT,,1,1776624322.0544572,53.63,Game,1,Predictable,44.44,0,,,9,,,130,Sound,,,
0,FORT,,1,1776624322.0544572,53.64,Game,1,Predictable,44.44,0,,,9,,,130,Sound,,,
0,FORT,,1,1776624322.0544572,53.65,Game,1,Predictable,44.45,0,,,9,,,130,Sound,,,
0,FORT,,1,1776624322.0544572,53.66,Game,1,Predictable,44.46,0,,,9,,,130,Sound,,,
0,FORT,,1,1776624322.0544572,53.67,Game,1,Predictable,44.47,0,,,9,,,130,Sound,,,
0,FORT,,1,1776624322.0544572,53.68,Game,1,Predictable,44.48,0,,,9,,,130,Sound,,,
0,FORT,,1,1776624322.0544572,53.68,Game,1,Predictable,44.49,0,,,9,,,130,Sound,,,
0,FORT,,1,1776624322.0544572,53.69,Game,1,Predictable,44.49,0,,,9,,,130,Sound,,,
0,FORT,,1,1776624322.0544572,53.7,Game,1,Predictable,44.5,0,,,9,,,130,Sound,,,
0,FORT,,1,1776624322.0544572,53.71,Game,1,Predictable,44.51,0,,,9,,,130,Sound,,,
0,FORT,,1,1776624322.0544572,53.72,Game,1,Predictable,44.52,0,,,9,,,130,Sound,,,
0,FORT,,1,1776624322.0544572,53.73,Game,1,Predictable,44.53,0,,,9,,,130,Sound,,,
0,FORT,,1,1776624322.0544572,53.74,Game,1,Predictable,44.54,0,,,9,,,130,Sound,,,
0,FORT,,1,1776624322.0544572,53.75,Game,1,Predictable,44.55,0,,,9,,,130,Sound,,,
0,FORT,,1,1776624322.0544572,53.76,Game,1,Predictable,44.56,0,,,9,,,130,Sound,,,
0,FORT,,1,1776624322.0544572,53.78,Game,1,Predictable,44.57,0,,,9,,,130,Sound,,,
0,FORT,,1,1776624322.0544572,53.8,Game,1,Predictable,44.59,0,,,9,,,130,Sound,,,
0,FORT,,1,1776624322.0544572,53.81,Game,1,Predictable,44.61,0,,,9,,,130,Sound,,,
0,FORT,,1,1776624322.0544572,53.82,Game,1,Predictable,44.62,0,,,9,,,130,Sound,,,
0,FORT,,1,1776624322.0544572,53.83,Game,1,Predictable,44.63,0,,,9,,,130,Sound,,,
0,FORT,,1,1776624322.0544572,53.85,Game,1,Predictable,44.64,0,,,9,,,130,Sound,,,
0,FORT,,1,1776624322.0544572,53.86,Game,1,Predictable,44.66,0,,,9,,,130,Sound,,,
0,FORT,,1,1776624322.0544572,53.88,Game,1,Predictable,44.67,0,,,9,,,130,Sound,,,
0,FORT,,1,1776624322.0544572,53.91,Game,1,Predictable,44.69,0,,,9,,,130,Sound,,,
0,FORT,,1,1776624322.0544572,53.92,Game,1,Predictable,44.72,0,,,9,,,130,Sound,,,
0,FORT,,1,1776624322.0544572,53.93,Game,1,Predictable,44.73,0,,,9,,,130,Sound,,,
0,FORT,,1,1776624322.0544572,53.94,Game,1,Predictable,44.74,0,,,9,,,130,Sound,,,
0,FORT,,1,1776624322.0544572,53.97,Game,1,Predictable,44.75,0,,,9,,,130,Sound,,,
0,FORT,,1,1776624322.0544572,53.98,Game,1,Predictable,44.78,0,,,9,,,130,Sound,,,
0,FORT,,1,1776624322.0544572,54.0,Game,1,Predictable,44.79,0,,,9,,,130,Sound,,,
0,FORT,,1,1776624322.0544572,54.01,Game,1,Predictable,44.81,0,,,9,,,130,Sound,,,
0,FORT,,1,1776624322.0544572,54.03,Game,1,Predictable,44.82,0,,,9,,,130,Sound,,,
0,FORT,,1,1776624322.0544572,54.04,Game,1,Predictable,44.84,0,,,9,,,130,Sound,,,
0,FORT,,1,1776624322.0544572,54.07,Game,1,Predictable,44.85,0,,,9,,,130,Sound,,,
0,FORT,,1,1776624322.0544572,54.08,Game,1,Predictable,44.88,0,,,9,,,130,Sound,,,
0,FORT,,1,1776624322.0544572,54.1,Game,1,Predictable,44.89,0,,,9,,,130,Sound,,,
0,FORT,,1,1776624322.0544572,54.11,Game,1,Predictable,44.91,0,,,9,,,130,Sound,,,
0,FORT,,1,1776624322.0544572,54.13,Game,1,Predictable,44.92,0,,,9,,,130,Sound,,,
0,FORT,,1,1776624322.0544572,54.14,Game,1,Predictable,44.94,0,,,9,,,130,Sound,,,
0,FORT,,1,1776624322.0544572,54.17,Game,1,Predictable,44.95,0,,,9,,,130,Sound,,,
0,FORT,,1,1776624322.0544572,54.18,Game,1,Predictable,44.98,0,,,9,,,130,Sound,,,
0,FORT,,1,1776624322.0544572,54.2,Game,1,Predictable,44.99,0,,,9,,,130,Sound,,,
0,FORT,,1,1776624322.0544572,54.21,Game,1,Predictable,45.01,0,,,9,,,130,Sound,,,
0,FORT,,1,1776624322.0544572,54.23,Game,1,Predictable,45.02,0,,,9,,,130,Sound,,,
0,FORT,,1,1776624322.0544572,54.25,Game,1,Predictable,45.04,0,,,9,,,130,Sound,,,
0,FORT,,1,1776624322.0544572,54.26,Game,1,Predictable,45.06,0,,,9,,,130,Sound,,,
0,FORT,,1,1776624322.0544572,54.28,Game,1,Predictable,45.07,0,,,9,,,130,Sound,,,
0,FORT,,1,1776624322.0544572,54.3,Game,1,Predictable,45.09,0,,,9,,,130,Sound,,,
0,FORT,,1,1776624322.0544572,54.31,Game,1,Predictable,45.11,0,,,9,,,130,Sound,,,
0,FORT,,1,1776624322.0544572,54.33,Game,1,Predictable,45.12,0,,,9,,,130,Sound,,,
0,FORT,,1,1776624322.0544572,54.35,Game,1,Predictable,45.14,0,,,9,,,130,Sound,,,
0,FORT,,1,1776624322.0544572,54.36,Game,1,Predictable,45.16,0,,,9,,,130,Sound,,,
0,FORT,,1,1776624322.0544572,54.38,Game,1,Predictable,45.17,0,,,9,,,130,Sound,,,
0,FORT,,1,1776624322.0544572,54.4,Game,1,Predictable,45.19,0,,,9,,,130,Sound,,,
0,FORT,,1,1776624322.0544572,54.41,Game,1,Predictable,45.21,0,,,9,,,130,Sound,,,
0,FORT,,1,1776624322.0544572,54.42,Game,1,Predictable,45.22,0,,,9,,,130,Sound,,,
0,FORT,,1,1776624322.0544572,54.43,Game,1,Predictable,45.23,0,,,9,,,130,Sound,,,
0,FORT,,1,1776624322.0544572,54.44,Game,1,Predictable,45.24,0,,,9,,,130,Sound,,,
0,FORT,,1,1776624322.0544572,54.47,Game,1,Predictable,45.25,0,,,9,,,130,Sound,,,
0,FORT,,1,1776624322.0544572,54.48,Game,1,Predictable,45.28,0,,,9,,,130,Sound,,,
0,FORT,,1,1776624322.0544572,54.49,Game,1,Predictable,45.29,0,,,9,,,130,Sound,,,
0,FORT,,1,1776624322.0544572,54.52,Game,1,Predictable,45.3,0,,,9,,,130,Sound,,,
0,FORT,,1,1776624322.0544572,54.53,Game,1,Predictable,45.33,0,,,9,,,130,Sound,,,
0,FORT,,1,1776624322.0544572,54.54,Game,1,Predictable,45.34,0,,,9,,,130,Sound,,,
0,FORT,,1,1776624322.0544572,54.57,Game,1,Predictable,45.35,0,,,9,,,130,Sound,,,
0,FORT,,1,1776624322.0544572,54.58,Game,1,Predictable,45.38,0,,,9,,,130,Sound,,,
0,FORT,,1,1776624322.0544572,54.59,Game,1,Predictable,45.39,0,,,9,,,130,Sound,,,
0,FORT,,1,1776624322.0544572,54.62,Game,1,Predictable,45.4,0,,,9,,,130,Sound,,,
0,FORT,,1,1776624322.0544572,54.63,Game,1,Predictable,45.43,0,,,9,,,130,Sound,,,
0,FORT,,1,1776624322.0544572,54.64,Game,1,Predictable,45.44,0,,,9,,,130,Sound,,,
0,FORT,,1,1776624322.0544572,54.65,Game,1,Predictable,45.45,0,,,9,,,130,Sound,,,
0,FORT,,1,1776624322.0544572,54.66,Game,1,Predictable,45.46,0,,,9,,,130,Sound,,,
0,FORT,,1,1776624322.0544572,54.68,Game,1,Predictable,45.47,0,,,9,,,130,Sound,,,
0,FORT,,1,1776624322.0544572,54.7,Game,1,Predictable,45.49,0,,,9,,,130,Sound,,,
0,FORT,,1,1776624322.0544572,54.71,Game,1,Predictable,45.51,0,,,9,,,130,Sound,,,
0,FORT,,1,1776624322.0544572,54.73,Game,1,Predictable,45.52,0,,,9,,,130,Sound,,,
0,FORT,,1,1776624322.0544572,54.75,Game,1,Predictable,45.54,0,,,9,,,130,Sound,,,
0,FORT,,1,1776624322.0544572,54.76,Game,1,Predictable,45.56,0,,,9,,,130,Sound,,,
0,FORT,,1,1776624322.0544572,54.77,Game,1,Predictable,45.57,0,,,9,,,130,Sound,,,
0,FORT,,1,1776624322.0544572,54.78,Game,1,Predictable,45.58,0,,,9,,,130,Sound,,,
0,FORT,,1,1776624322.0544572,54.79,Game,1,Predictable,45.59,0,,,9,,,130,Sound,,,
0,FORT,,1,1776624322.0544572,54.82,Game,1,Predictable,45.6,0,,,9,,,130,Sound,,,
0,FORT,,1,1776624322.0544572,54.83,Game,1,Predictable,45.63,0,,,9,,,130,Sound,,,
0,FORT,,1,1776624322.0544572,54.84,Game,1,Predictable,45.64,0,,,9,,,130,Sound,,,
0,FORT,,1,1776624322.0544572,54.87,Game,1,Predictable,45.65,0,,,9,,,130,Sound,,,
0,FORT,,1,1776624322.0544572,54.88,Game,1,Predictable,45.68,0,,,9,,,130,Sound,,,
0,FORT,,1,1776624322.0544572,54.89,Game,1,Predictable,45.69,0,,,9,,,130,Sound,,,
0,FORT,,1,1776624322.0544572,54.92,Game,1,Predictable,45.7,0,,,9,,,130,Sound,,,
0,FORT,,1,1776624322.0544572,54.93,Game,1,Predictable,45.73,0,,,9,,,130,Sound,,,
0,FORT,,1,1776624322.0544572,54.94,Game,1,Predictable,45.74,0,,,9,,,130,Sound,,,
0,FORT,,1,1776624322.0544572,54.97,Game,1,Predictable,45.75,0,,,9,,,130,Sound,,,
0,FORT,,1,1776624322.0544572,54.98,Game,1,Predictable,45.78,0,,,9,,,130,Sound,,,
0,FORT,,1,1776624322.0544572,54.99,Game,1,Predictable,45.79,0,,,9,,,130,Sound,,,
0,FORT,,1,1776624322.0544572,55.02,Game,1,Predictable,45.8,0,,,9,,,130,Sound,,,
0,FORT,,1,1776624322.0544572,55.03,Game,1,Predictable,45.83,0,,,9,,,130,Sound,,,
0,FORT,,1,1776624322.0544572,55.04,Game,1,Predictable,45.84,0,,,9,,,130,Sound,,,
0,FORT,,1,1776624322.0544572,55.07,Game,1,Predictable,45.85,0,,,9,,,130,Sound,,,
0,FORT,,1,1776624322.0544572,55.08,Game,1,Predictable,45.88,0,,,9,,,130,Sound,,,
0,FORT,,1,1776624322.0544572,55.09,Game,1,Predictable,45.89,0,,,9,,,130,Sound,,,
0,FORT,,1,1776624322.0544572,55.12,Game,1,Predictable,45.9,0,,,9,,,130,Sound,,,
0,FORT,,1,1776624322.0544572,55.13,Game,1,Predictable,45.93,0,,,9,,,130,Sound,,,
0,FORT,,1,1776624322.0544572,55.14,Game,1,Predictable,45.94,0,,,9,,,130,Sound,,,
0,FORT,,1,1776624322.0544572,55.17,Game,1,Predictable,45.95,0,,,9,,,130,Sound,,,
0,FORT,,1,1776624322.0544572,55.18,Game,1,Predictable,45.98,0,,,9,,,130,Sound,,,
0,FORT,,1,1776624322.0544572,55.19,Game,1,Predictable,45.99,0,,,9,,,130,Sound,,,
0,FORT,,1,1776624322.0544572,55.22,Game,1,Predictable,46.0,0,,,9,,,130,Sound,,,
0,FORT,,1,1776624322.0544572,55.23,Game,1,Predictable,46.03,0,,,9,,,130,Sound,,,
0,FORT,,1,1776624322.0544572,55.24,Game,1,Predictable,46.04,0,,,9,,,130,Sound,,,
0,FORT,,1,1776624322.0544572,55.27,Game,1,Predictable,46.05,0,,,9,,,130,Sound,,,
0,FORT,,1,1776624322.0544572,55.28,Game,1,Predictable,46.08,0,,,9,,,130,Sound,,,
0,FORT,,1,1776624322.0544572,55.29,Game,1,Predictable,46.09,0,,,9,,,130,Sound,,,
0,FORT,,1,1776624322.0544572,55.32,Game,1,Predictable,46.1,0,,,9,,,130,Sound,,,
0,FORT,,1,1776624322.0544572,55.33,Game,1,Predictable,46.13,0,,,9,,,130,Sound,,,
0,FORT,,1,1776624322.0544572,55.34,Game,1,Predictable,46.14,0,,,9,,,130,Sound,,,
0,FORT,,1,1776624322.0544572,55.37,Game,1,Predictable,46.15,0,,,9,,,130,Sound,,,
0,FORT,,1,1776624322.0544572,55.38,Game,1,Predictable,46.18,0,,,9,,,130,Sound,,,
0,FORT,,1,1776624322.0544572,55.39,Game,1,Predictable,46.19,0,,,9,,,130,Sound,,,
0,FORT,,1,1776624322.0544572,55.42,Game,1,Predictable,46.2,0,,,9,,,130,Sound,,,
0,FORT,,1,1776624322.0544572,55.43,Game,1,Predictable,46.23,0,,,9,,,130,Sound,,,
0,FORT,,1,1776624322.0544572,55.44,Game,1,Predictable,46.24,0,,,9,,,130,Sound,,,
0,FORT,,1,1776624322.0544572,55.45,Game,1,Predictable,46.25,0,,,9,,,130,Sound,,,
0,FORT,,1,1776624322.0544572,55.46,Game,1,Predictable,46.26,0,,,9,,,130,Sound,,,
0,FORT,,1,1776624322.0544572,55.48,Game,1,Predictable,46.27,0,,,9,,,130,Sound,,,
0,FORT,,1,1776624322.0544572,55.5,Game,1,Predictable,46.29,0,,,9,,,130,Sound,,,
0,FORT,,1,1776624322.0544572,55.51,Game,1,Predictable,46.31,0,,,9,,,130,Sound,,,
0,FORT,,1,1776624322.0544572,55.53,Game,1,Predictable,46.32,0,,,9,,,130,Sound,,,
0,FORT,,1,1776624322.0544572,55.55,Game,1,Predictable,46.34,0,,,9,,,130,Sound,,,
0,FORT,,1,1776624322.0544572,55.56,Game,1,Predictable,46.36,0,,,9,,,130,Sound,,,
0,FORT,,1,1776624322.0544572,55.58,Game,1,Predictable,46.37,0,,,9,,,130,Sound,,,
0,FORT,,1,1776624322.0544572,55.6,Game,1,Predictable,46.39,0,,,9,,,130,Sound,,,
0,FORT,,1,1776624322.0544572,55.61,Game,1,Predictable,46.41,0,,,9,,,130,Sound,,,
0,FORT,,1,1776624322.0544572,55.63,Game,1,Predictable,46.42,0,,,9,,,130,Sound,,,
0,FORT,,1,1776624322.0544572,55.65,Game,1,Predictable,46.44,0,,,9,,,130,Sound,,,
0,FORT,,1,1776624322.0544572,55.66,Game,1,Predictable,46.46,0,,,9,,,130,Sound,,,
0,FORT,,1,1776624322.0544572,55.68,Game,1,Predictable,46.47,0,,,9,,,130,Sound,,,
0,FORT,,1,1776624322.0544572,55.7,Game,1,Predictable,46.49,0,,,9,,,130,Sound,,,
0,FORT,,1,1776624322.0544572,55.71,Game,1,Predictable,46.51,0,,,9,,,130,Sound,,,
0,FORT,,1,1776624322.0544572,55.73,Game,1,Predictable,46.52,0,,,9,,,130,Sound,,,
0,FORT,,1,1776624322.0544572,55.75,Game,1,Predictable,46.54,0,,,9,,,130,Sound,,,
0,FORT,,1,1776624322.0544572,55.76,Game,1,Predictable,46.56,0,,,9,,,130,Sound,,,
0,FORT,,1,1776624322.0544572,55.77,Game,1,Predictable,46.57,0,,,9,,,130,Sound,,,
0,FORT,,1,1776624322.0544572,55.78,Game,1,Predictable,46.58,0,,,9,,,130,Sound,,,
0,FORT,,1,1776624322.0544572,55.79,Game,1,Predictable,46.59,0,,,9,,,130,Sound,,,
0,FORT,,1,1776624322.0544572,55.82,Game,1,Predictable,46.6,0,,,9,,,130,Sound,,,
0,FORT,,1,1776624322.0544572,55.83,Game,1,Predictable,46.63,0,,,9,,,130,Sound,,,
0,FORT,,1,1776624322.0544572,55.84,Game,1,Predictable,46.64,0,,,9,,,130,Sound,,,
0,FORT,,1,1776624322.0544572,55.87,Game,1,Predictable,46.65,0,,,9,,,130,Sound,,,
0,FORT,,1,1776624322.0544572,55.88,Game,1,Predictable,46.68,0,,,9,,,130,Sound,,,
0,FORT,,1,1776624322.0544572,55.89,Game,1,Predictable,46.69,0,,,9,,,130,Sound,,,
0,FORT,,1,1776624322.0544572,55.92,Game,1,Predictable,46.7,0,,,9,,,130,Sound,,,
0,FORT,,1,1776624322.0544572,55.93,Game,1,Predictable,46.73,0,,,9,,,130,Sound,,,
0,FORT,,1,1776624322.0544572,55.94,Game,1,Predictable,46.74,0,,,9,,,130,Sound,,,
0,FORT,,1,1776624322.0544572,55.97,Game,1,Predictable,46.75,0,,,9,,,130,Sound,,,
0,FORT,,1,1776624322.0544572,55.98,Game,1,Predictable,46.78,0,,,9,,,130,Sound,,,
0,FORT,,1,1776624322.0544572,55.99,Game,1,Predictable,46.79,0,,,9,,,130,Sound,,,
0,FORT,,1,1776624322.0544572,56.02,Game,1,Predictable,46.8,0,,,9,,,130,Sound,,,
0,FORT,,1,1776624322.0544572,56.03,Game,1,Predictable,46.83,0,,,9,,,130,Sound,,,
0,FORT,,1,1776624322.0544572,56.04,Game,1,Predictable,46.84,0,,,9,,,130,Sound,,,
0,FORT,,1,1776624322.0544572,56.07,Game,1,Predictable,46.85,0,,,9,,,130,Sound,,,
0,FORT,,1,1776624322.0544572,56.08,Game,1,Predictable,46.88,0,,,9,,,130,Sound,,,
0,FORT,,1,1776624322.0544572,56.09,Game,1,Predictable,46.89,0,,,9,,,130,Sound,,,
0,FORT,,1,1776624322.0544572,56.12,Game,1,Predictable,46.9,0,,,9,,,130,Sound,,,
0,FORT,,1,1776624322.0544572,56.13,Game,1,Predictable,46.93,0,,,9,,,130,Sound,,,
0,FORT,,1,1776624322.0544572,56.14,Game,1,Predictable,46.94,0,,,9,,,130,Sound,,,
0,FORT,,1,1776624322.0544572,56.17,Game,1,Predictable,46.95,0,,,9,,,130,Sound,,,
0,FORT,,1,1776624322.0544572,56.18,Game,1,Predictable,46.98,0,,,9,,,130,Sound,,,
0,FORT,,1,1776624322.0544572,56.19,Game,1,Predictable,46.99,0,,,9,,,130,Sound,,,
0,FORT,,1,1776624322.0544572,56.22,Game,1,Predictable,47.0,0,,,9,,,130,Sound,,,
0,FORT,,1,1776624322.0544572,56.23,Game,1,Predictable,47.03,0,,,9,,,130,Sound,,,
0,FORT,,1,1776624322.0544572,56.24,Game,1,Predictable,47.04,0,,,9,,,130,Sound,,,
0,FORT,,1,1776624322.0544572,56.27,Game,1,Predictable,47.05,0,,,9,,,130,Sound,,,
0,FORT,,1,1776624322.0544572,56.28,Game,1,Predictable,47.08,0,,,9,,,130,Sound,,,
0,FORT,,1,1776624322.0544572,56.29,Game,1,Predictable,47.09,0,,,9,,,130,Sound,,,
0,FORT,,1,1776624322.0544572,56.32,Game,1,Predictable,47.1,0,,,9,,,130,Sound,,,
0,FORT,,1,1776624322.0544572,56.33,Game,1,Predictable,47.13,0,,,9,,,130,Sound,,,
0,FORT,,1,1776624322.0544572,56.34,Game,1,Predictable,47.14,0,,,9,,,130,Sound,,,
0,FORT,,1,1776624322.0544572,56.37,Game,1,Predictable,47.15,0,,,9,,,130,Sound,,,
0,FORT,,1,1776624322.0544572,56.38,Game,1,Predictable,47.18,0,,,9,,,130,Sound,,,
0,FORT,,1,1776624322.0544572,56.39,Game,1,Predictable,47.19,0,,,9,,,130,Sound,,,
0,FORT,,1,1776624322.0544572,56.42,Game,1,Predictable,47.2,0,,,9,,,130,Sound,,,
0,FORT,,1,1776624322.0544572,56.43,Game,1,Predictable,47.23,0,,,9,,,130,Sound,,,
0,FORT,,1,1776624322.0544572,56.44,Game,1,Predictable,47.24,0,,,9,,,130,Sound,,,
0,FORT,,1,1776624322.0544572,56.47,Game,1,Predictable,47.25,0,,,9,,,130,Sound,,,
0,FORT,,1,1776624322.0544572,56.48,Game,1,Predictable,47.28,0,,,9,,,130,Sound,,,
0,FORT,,1,1776624322.0544572,56.49,Game,1,Predictable,47.29,0,,,9,,,130,Sound,,,
0,FORT,,1,1776624322.0544572,56.52,Game,1,Predictable,47.3,0,,,9,,,130,Sound,,,
0,FORT,,1,1776624322.0544572,56.53,Game,1,Predictable,47.33,0,,,9,,,130,Sound,,,
0,FORT,,1,1776624322.0544572,56.54,Game,1,Predictable,47.34,0,,,9,,,130,Sound,,,
0,FORT,,1,1776624322.0544572,56.57,Game,1,Predictable,47.35,0,,,9,,,130,Sound,,,
0,FORT,,1,1776624322.0544572,56.58,Game,1,Predictable,47.38,0,,,9,,,130,Sound,,,
0,FORT,,1,1776624322.0544572,56.59,Game,1,Predictable,47.39,0,,,9,,,130,Sound,,,
0,FORT,,1,1776624322.0544572,56.62,Game,1,Predictable,47.4,0,,,9,,,130,Sound,,,
0,FORT,,1,1776624322.0544572,56.63,Game,1,Predictable,47.43,0,,,9,,,130,Sound,,,
0,FORT,,1,1776624322.0544572,56.64,Game,1,Predictable,47.44,0,,,9,,,130,Sound,,,
0,FORT,,1,1776624322.0544572,56.67,Game,1,Predictable,47.45,0,,,9,,,130,Sound,,,
0,FORT,,1,1776624322.0544572,56.68,Game,1,Predictable,47.48,0,,,9,,,130,Sound,,,
0,FORT,,1,1776624322.0544572,56.69,Game,1,Predictable,47.49,0,,,9,,,130,Sound,,,
0,FORT,,1,1776624322.0544572,56.7,Game,1,Predictable,47.5,0,,,9,,,130,Sound,,,
0,FORT,,1,1776624322.0544572,56.72,Game,1,Predictable,47.51,0,,,9,,,130,Sound,,,
0,FORT,,1,1776624322.0544572,56.73,Game,1,Predictable,47.53,0,,,9,,,130,Sound,,,
0,FORT,,1,1776624322.0544572,56.75,Game,1,Predictable,47.54,0,,,9,,,130,Sound,,,
0,FORT,,1,1776624322.0544572,56.77,Game,1,Predictable,47.56,0,,,9,,,130,Sound,,,
0,FORT,,1,1776624322.0544572,56.78,Game,1,Predictable,47.58,0,,,9,,,130,Sound,,,
0,FORT,,1,1776624322.0544572,56.79,Game,1,Predictable,47.59,0,,,9,,,130,Sound,,,
0,FORT,,1,1776624322.0544572,56.8,Game,1,Predictable,47.6,0,,,9,,,130,Sound,,,
0,FORT,,1,1776624322.0544572,56.81,Game,1,Predictable,47.61,0,,,9,,,130,Sound,,,
0,FORT,,1,1776624322.0544572,56.83,Game,1,Predictable,47.62,0,,,9,,,130,Sound,,,
0,FORT,,1,1776624322.0544572,56.85,Game,1,Predictable,47.64,0,,,9,,,130,Sound,,,
0,FORT,,1,1776624322.0544572,56.86,Game,1,Predictable,47.66,0,,,9,,,130,Sound,,,
0,FORT,,1,1776624322.0544572,56.88,Game,1,Predictable,47.67,0,,,9,,,130,Sound,,,
0,FORT,,1,1776624322.0544572,56.9,Game,1,Predictable,47.69,0,,,9,,,130,Sound,,,
0,FORT,,1,1776624322.0544572,56.91,Game,1,Predictable,47.71,0,,,9,,,130,Sound,,,
0,FORT,,1,1776624322.0544572,56.93,Game,1,Predictable,47.72,0,,,9,,,130,Sound,,,
0,FORT,,1,1776624322.0544572,56.95,Game,1,Predictable,47.74,0,,,9,,,130,Sound,,,
0,FORT,,1,1776624322.0544572,56.96,Game,1,Predictable,47.76,0,,,9,,,130,Sound,,,
0,FORT,,1,1776624322.0544572,56.98,Game,1,Predictable,47.77,0,,,9,,,130,Sound,,,
0,FORT,,1,1776624322.0544572,57.0,Game,1,Predictable,47.79,0,,,9,,,130,Sound,,,
0,FORT,,1,1776624322.0544572,57.01,Game,1,Predictable,47.81,0,,,9,,,130,Sound,,,
0,FORT,,1,1776624322.0544572,57.03,Game,1,Predictable,47.82,0,,,9,,,130,Sound,,,
0,FORT,,1,1776624322.0544572,57.05,Game,1,Predictable,47.84,0,,,9,,,130,Sound,,,
0,FORT,,1,1776624322.0544572,57.06,Game,1,Predictable,47.86,0,,,9,,,130,Sound,,,
0,FORT,,1,1776624322.0544572,57.08,Game,1,Predictable,47.87,0,,,9,,,130,Sound,,,
0,FORT,,1,1776624322.0544572,57.1,Game,1,Predictable,47.89,0,,,9,,,130,Sound,,,
0,FORT,,1,1776624322.0544572,57.11,Game,1,Predictable,47.91,0,,,9,,,130,Sound,,,
0,FORT,,1,1776624322.0544572,57.13,Game,1,Predictable,47.92,0,,,9,,,130,Sound,,,
0,FORT,,1,1776624322.0544572,57.15,Game,1,Predictable,47.94,0,,,9,,,130,Sound,,,
0,FORT,,1,1776624322.0544572,57.16,Game,1,Predictable,47.96,0,,,9,,,130,Sound,,,
0,FORT,,1,1776624322.0544572,57.18,Game,1,Predictable,47.97,0,,,9,,,130,Sound,,,
0,FORT,,1,1776624322.0544572,57.2,Game,1,Predictable,47.99,0,,,9,,,130,Sound,,,
0,FORT,,1,1776624322.0544572,57.21,Game,1,Predictable,48.01,0,,,9,,,130,Sound,,,
0,FORT,,1,1776624322.0544572,57.23,Game,1,Predictable,48.02,0,,,9,,,130,Sound,,,
0,FORT,,1,1776624322.0544572,57.25,Game,1,Predictable,48.04,0,,,9,,,130,Sound,,,
0,FORT,,1,1776624322.0544572,57.26,Game,1,Predictable,48.06,0,,,9,,,130,Sound,,,
0,FORT,,1,1776624322.0544572,57.27,Game,1,Predictable,48.07,0,,,9,,,130,Sound,,,
0,FORT,,1,1776624322.0544572,57.28,Game,1,Predictable,48.08,0,,,9,,,130,Sound,,,
0,FORT,,1,1776624322.0544572,57.29,Game,1,Predictable,48.09,0,,,9,,,130,Sound,,,
0,FORT,,1,1776624322.0544572,57.32,Game,1,Predictable,48.1,0,,,9,,,130,Sound,,,
0,FORT,,1,1776624322.0544572,57.33,Game,1,Predictable,48.13,0,,,9,,,130,Sound,,,
0,FORT,,1,1776624322.0544572,57.34,Game,1,Predictable,48.14,0,,,9,,,130,Sound,,,
0,FORT,,1,1776624322.0544572,57.37,Game,1,Predictable,48.15,0,,,9,,,130,Sound,,,
0,FORT,,1,1776624322.0544572,57.38,Game,1,Predictable,48.18,0,,,9,,,130,Sound,,,
0,FORT,,1,1776624322.0544572,57.39,Game,1,Predictable,48.19,0,,,9,,,130,Sound,,,
0,FORT,,1,1776624322.0544572,57.42,Game,1,Predictable,48.2,0,,,9,,,130,Sound,,,
0,FORT,,1,1776624322.0544572,57.43,Game,1,Predictable,48.23,0,,,9,,,130,Sound,,,
0,FORT,,1,1776624322.0544572,57.44,Game,1,Predictable,48.24,0,,,9,,,130,Sound,,,
0,FORT,,1,1776624322.0544572,57.47,Game,1,Predictable,48.25,0,,,9,,,130,Sound,,,
0,FORT,,1,1776624322.0544572,57.48,Game,1,Predictable,48.28,0,,,9,,,130,Sound,,,
0,FORT,,1,1776624322.0544572,57.49,Game,1,Predictable,48.29,0,,,9,,,130,Sound,,,
0,FORT,,1,1776624322.0544572,57.52,Game,1,Predictable,48.3,0,,,9,,,130,Sound,,,
0,FORT,,1,1776624322.0544572,57.53,Game,1,Predictable,48.33,0,,,9,,,130,Sound,,,
0,FORT,,1,1776624322.0544572,57.54,Game,1,Predictable,48.34,0,,,9,,,130,Sound,,,
0,FORT,,1,1776624322.0544572,57.57,Game,1,Predictable,48.35,0,,,9,,,130,Sound,,,
0,FORT,,1,1776624322.0544572,57.58,Game,1,Predictable,48.38,0,,,9,,,130,Sound,,,
0,FORT,,1,1776624322.0544572,57.59,Game,1,Predictable,48.39,0,,,9,,,130,Sound,,,
0,FORT,,1,1776624322.0544572,57.6,Game,1,Predictable,48.4,0,,,9,,,130,Sound,,,
0,FORT,,1,1776624322.0544572,57.62,Game,1,Predictable,48.41,0,,,9,,,130,Sound,,,
0,FORT,,1,1776624322.0544572,57.63,Game,1,Predictable,48.43,0,,,9,,,130,Sound,,,
0,FORT,,1,1776624322.0544572,57.65,Game,1,Predictable,48.44,0,,,9,,,130,Sound,,,
0,FORT,,1,1776624322.0544572,57.67,Game,1,Predictable,48.46,0,,,9,,,130,Sound,,,
0,FORT,,1,1776624322.0544572,57.68,Game,1,Predictable,48.48,0,,,9,,,130,Sound,,,
0,FORT,,1,1776624322.0544572,57.69,Game,1,Predictable,48.49,0,,,9,,,130,Sound,,,
0,FORT,,1,1776624322.0544572,57.7,Game,1,Predictable,48.5,0,,,9,,,130,Sound,,,
0,FORT,,1,1776624322.0544572,57.71,Game,1,Predictable,48.51,0,,,9,,,130,Sound,,,
0,FORT,,1,1776624322.0544572,57.73,Game,1,Predictable,48.52,0,,,9,,,130,Sound,,,
0,FORT,,1,1776624322.0544572,57.75,Game,1,Predictable,48.54,0,,,9,,,130,Sound,,,
0,FORT,,1,1776624322.0544572,57.76,Game,1,Predictable,48.56,0,,,9,,,130,Sound,,,
0,FORT,,1,1776624322.0544572,57.77,Game,1,Predictable,48.57,0,,,9,,,130,Sound,,,
0,FORT,,1,1776624322.0544572,57.78,Game,1,Predictable,48.58,0,,,9,,,130,Sound,,,
0,FORT,,1,1776624322.0544572,57.79,Game,1,Predictable,48.59,0,,,9,,,130,Sound,,,
0,FORT,,1,1776624322.0544572,57.8,Game,1,Predictable,48.6,0,,,9,,,130,Sound,,,
0,FORT,,1,1776624322.0544572,57.82,Game,1,Predictable,48.61,0,,,9,,,130,Sound,,,
0,FORT,,1,1776624322.0544572,57.83,Game,1,Predictable,48.63,0,,,9,,,130,Sound,,,
0,FORT,,1,1776624322.0544572,57.85,Game,1,Predictable,48.64,0,,,9,,,130,Sound,,,
0,FORT,,1,1776624322.0544572,57.87,Game,1,Predictable,48.66,0,,,9,,,130,Sound,,,
0,FORT,,1,1776624322.0544572,57.88,Game,1,Predictable,48.68,0,,,9,,,130,Sound,,,
0,FORT,,1,1776624322.0544572,57.9,Game,1,Predictable,48.69,0,,,9,,,130,Sound,,,
0,FORT,,1,1776624322.0544572,57.91,Game,1,Predictable,48.71,0,,,9,,,130,Sound,,,
0,FORT,,1,1776624322.0544572,57.93,Game,1,Predictable,48.72,0,,,9,,,130,Sound,,,
0,FORT,,1,1776624322.0544572,57.95,Game,1,Predictable,48.74,0,,,9,,,130,Sound,,,
0,FORT,,1,1776624322.0544572,57.96,Game,1,Predictable,48.76,0,,,9,,,130,Sound,,,
0,FORT,,1,1776624322.0544572,57.98,Game,1,Predictable,48.77,0,,,9,,,130,Sound,,,
0,FORT,,1,1776624322.0544572,58.0,Game,1,Predictable,48.79,0,,,9,,,130,Sound,,,
0,FORT,,1,1776624322.0544572,58.01,Game,1,Predictable,48.81,0,,,9,,,130,Sound,,,
0,FORT,,1,1776624322.0544572,58.03,Game,1,Predictable,48.82,0,,,9,,,130,Sound,,,
0,FORT,,1,1776624322.0544572,58.05,Game,1,Predictable,48.84,0,,,9,,,130,Sound,,,
0,FORT,,1,1776624322.0544572,58.06,Game,1,Predictable,48.86,0,,,9,,,130,Sound,,,
0,FORT,,1,1776624322.0544572,58.07,Game,1,Predictable,48.87,0,,,9,,,130,Sound,,,
0,FORT,,1,1776624322.0544572,58.08,Game,1,Predictable,48.88,0,,,9,,,130,Sound,,,
0,FORT,,1,1776624322.0544572,58.09,Game,1,Predictable,48.89,0,,,9,,,130,Sound,,,
0,FORT,,1,1776624322.0544572,58.12,Game,1,Predictable,48.9,0,,,9,,,130,Sound,,,
0,FORT,,1,1776624322.0544572,58.13,Game,1,Predictable,48.93,0,,,9,,,130,Sound,,,
0,FORT,,1,1776624322.0544572,58.14,Game,1,Predictable,48.94,0,,,9,,,130,Sound,,,
0,FORT,,1,1776624322.0544572,58.17,Game,1,Predictable,48.95,0,,,9,,,130,Sound,,,
0,FORT,,1,1776624322.0544572,58.18,Game,1,Predictable,48.98,0,,,9,,,130,Sound,,,
0,FORT,,1,1776624322.0544572,58.19,Game,1,Predictable,48.99,0,,,9,,,130,Sound,,,
0,FORT,,1,1776624322.0544572,58.2,Game,1,Predictable,49.0,0,,,9,,,130,Sound,,,
0,FORT,,1,1776624322.0544572,58.22,Game,1,Predictable,49.01,0,,,9,,,130,Sound,,,
0,FORT,,1,1776624322.0544572,58.23,Game,1,Predictable,49.03,0,,,9,,,130,Sound,,,
0,FORT,,1,1776624322.0544572,58.24,Game,1,Predictable,49.04,0,,,9,,,130,Sound,,,
0,FORT,,1,1776624322.0544572,58.25,Game,1,Predictable,49.05,0,,,9,,,130,Sound,,,
0,FORT,,1,1776624322.0544572,58.26,Game,1,Predictable,49.06,0,,,9,,,130,Sound,,,
0,FORT,,1,1776624322.0544572,58.28,Game,1,Predictable,49.07,0,,,9,,,130,Sound,,,
0,FORT,,1,1776624322.0544572,58.3,Game,1,Predictable,49.09,0,,,9,,,130,Sound,,,
0,FORT,,1,1776624322.0544572,58.31,Game,1,Predictable,49.11,0,,,9,,,130,Sound,,,
0,FORT,,1,1776624322.0544572,58.33,Game,1,Predictable,49.12,0,,,9,,,130,Sound,,,
0,FORT,,1,1776624322.0544572,58.35,Game,1,Predictable,49.14,0,,,9,,,130,Sound,,,
0,FORT,,1,1776624322.0544572,58.36,Game,1,Predictable,49.16,0,,,9,,,130,Sound,,,
0,FORT,,1,1776624322.0544572,58.38,Game,1,Predictable,49.17,0,,,9,,,130,Sound,,,
0,FORT,,1,1776624322.0544572,58.4,Game,1,Predictable,49.19,0,,,9,,,130,Sound,,,
0,FORT,,1,1776624322.0544572,58.41,Game,1,Predictable,49.21,0,,,9,,,130,Sound,,,
0,FORT,,1,1776624322.0544572,58.43,Game,1,Predictable,49.22,0,,,9,,,130,Sound,,,
0,FORT,,1,1776624322.0544572,58.45,Game,1,Predictable,49.24,0,,,9,,,130,Sound,,,
0,FORT,,1,1776624322.0544572,58.46,Game,1,Predictable,49.26,0,,,9,,,130,Sound,,,
0,FORT,,1,1776624322.0544572,58.48,Game,1,Predictable,49.27,0,,,9,,,130,Sound,,,
0,FORT,,1,1776624322.0544572,58.5,Game,1,Predictable,49.29,0,,,9,,,130,Sound,,,
0,FORT,,1,1776624322.0544572,58.51,Game,1,Predictable,49.31,0,,,9,,,130,Sound,,,
0,FORT,,1,1776624322.0544572,58.53,Game,1,Predictable,49.32,0,,,9,,,130,Sound,,,
0,FORT,,1,1776624322.0544572,58.55,Game,1,Predictable,49.34,0,,,9,,,130,Sound,,,
0,FORT,,1,1776624322.0544572,58.56,Game,1,Predictable,49.36,0,,,9,,,130,Sound,,,
0,FORT,,1,1776624322.0544572,58.58,Game,1,Predictable,49.37,0,,,9,,,130,Sound,,,
0,FORT,,1,1776624322.0544572,58.6,Game,1,Predictable,49.39,0,,,9,,,130,Sound,,,
0,FORT,,1,1776624322.0544572,58.61,Game,1,Predictable,49.41,0,,,9,,,130,Sound,,,
0,FORT,,1,1776624322.0544572,58.63,Game,1,Predictable,49.42,0,,,9,,,130,Sound,,,
0,FORT,,1,1776624322.0544572,58.65,Game,1,Predictable,49.44,0,,,9,,,130,Sound,,,
0,FORT,,1,1776624322.0544572,58.66,Game,1,Predictable,49.46,0,,,9,,,130,Sound,,,
0,FORT,,1,1776624322.0544572,58.67,Game,1,Predictable,49.47,0,,,9,,,130,Sound,,,
0,FORT,,1,1776624322.0544572,58.68,Game,1,Predictable,49.48,0,,,9,,,130,Sound,,,
0,FORT,,1,1776624322.0544572,58.69,Game,1,Predictable,49.49,0,,,9,,,130,Sound,,,
0,FORT,,1,1776624322.0544572,58.7,Game,1,Predictable,49.5,0,,,9,,,130,Sound,,,
0,FORT,,1,1776624322.0544572,58.72,Game,1,Predictable,49.51,0,,,9,,,130,Sound,,,
0,FORT,,1,1776624322.0544572,58.73,Game,1,Predictable,49.53,0,,,9,,,130,Sound,,,
0,FORT,,1,1776624322.0544572,58.75,Game,1,Predictable,49.54,0,,,9,,,130,Sound,,,
0,FORT,,1,1776624322.0544572,58.77,Game,1,Predictable,49.56,0,,,9,,,130,Sound,,,
0,FORT,,1,1776624322.0544572,58.78,Game,1,Predictable,49.58,0,,,9,,,130,Sound,,,
0,FORT,,1,1776624322.0544572,58.79,Game,1,Predictable,49.59,0,,,9,,,130,Sound,,,
0,FORT,,1,1776624322.0544572,58.8,Game,1,Predictable,49.6,0,,,9,,,130,Sound,,,
0,FORT,,1,1776624322.0544572,58.81,Game,1,Predictable,49.61,0,,,9,,,130,Sound,,,
0,FORT,,1,1776624322.0544572,58.82,Game,1,Predictable,49.62,0,,,9,,,130,Sound,,,
0,FORT,,1,1776624322.0544572,58.83,Game,1,Predictable,49.63,0,,,9,,,130,Sound,,,
0,FORT,,1,1776624322.0544572,58.84,Game,1,Predictable,49.64,0,,,9,,,130,Sound,,,
0,FORT,,1,1776624322.0544572,58.87,Game,1,Predictable,49.65,0,,,9,,,130,Sound,,,
0,FORT,,1,1776624322.0544572,58.88,Game,1,Predictable,49.68,0,,,9,,,130,Sound,,,
0,FORT,,1,1776624322.0544572,58.89,Game,1,Predictable,49.69,0,,,9,,,130,Sound,,,
0,FORT,,1,1776624322.0544572,58.9,Game,1,Predictable,49.7,0,,,9,,,130,Sound,,,
0,FORT,,1,1776624322.0544572,58.91,Game,1,Predictable,49.71,0,,,9,,,130,Sound,,,
0,FORT,,1,1776624322.0544572,58.92,Game,1,Predictable,49.72,0,,,9,,,130,Sound,,,
0,FORT,,1,1776624322.0544572,58.93,Game,1,Predictable,49.73,0,,,9,,,130,Sound,,,
0,FORT,,1,1776624322.0544572,58.94,Game,1,Predictable,49.74,0,,,9,,,130,Sound,,,
0,FORT,,1,1776624322.0544572,58.95,Game,1,Predictable,49.75,0,,,9,,,130,Sound,,,
0,FORT,,1,1776624322.0544572,58.97,Game,1,Predictable,49.76,0,,,9,,,130,Sound,,,
0,FORT,,1,1776624322.0544572,58.98,Game,1,Predictable,49.78,0,,,9,,,130,Sound,,,
0,FORT,,1,1776624322.0544572,59.0,Game,1,Predictable,49.79,0,,,9,,,130,Sound,,,
0,FORT,,1,1776624322.0544572,59.02,Game,1,Predictable,49.81,0,,,9,,,130,Sound,,,
0,FORT,,1,1776624322.0544572,59.03,Game,1,Predictable,49.83,0,,,9,,,130,Sound,,,
0,FORT,,1,1776624322.0544572,59.04,Game,1,Predictable,49.84,0,,,9,,,130,Sound,,,
0,FORT,,1,1776624322.0544572,59.05,Game,1,Predictable,49.85,0,,,9,,,130,Sound,,,
0,FORT,,1,1776624322.0544572,59.06,Game,1,Predictable,49.86,0,,,9,,,130,Sound,,,
0,FORT,,1,1776624322.0544572,59.08,Game,1,Predictable,49.87,0,,,9,,,130,Sound,,,
0,FORT,,1,1776624322.0544572,59.1,Game,1,Predictable,49.89,0,,,9,,,130,Sound,,,
0,FORT,,1,1776624322.0544572,59.11,Game,1,Predictable,49.91,0,,,9,,,130,Sound,,,
0,FORT,,1,1776624322.0544572,59.13,Game,1,Predictable,49.92,0,,,9,,,130,Sound,,,
0,FORT,,1,1776624322.0544572,59.15,Game,1,Predictable,49.94,0,,,9,,,130,Sound,,,
0,FORT,,1,1776624322.0544572,59.16,Game,1,Predictable,49.96,0,,,9,,,130,Sound,,,
0,FORT,,1,1776624322.0544572,59.17,Game,1,Predictable,49.97,0,,,9,,,130,Sound,,,
0,FORT,,1,1776624322.0544572,59.18,Game,1,Predictable,49.98,0,,,9,,,130,Sound,,,
0,FORT,,1,1776624322.0544572,59.19,Game,1,Predictable,49.99,0,,,9,,,130,Sound,,,
0,FORT,,1,1776624322.0544572,59.22,Game,1,Predictable,50.0,0,,,9,,,130,Sound,,,
0,FORT,,1,1776624322.0544572,59.23,Game,1,Predictable,50.03,0,,,9,,,130,Sound,,,
0,FORT,,1,1776624322.0544572,59.24,Game,1,Predictable,50.04,0,,,9,,,130,Sound,,,
0,FORT,,1,1776624322.0544572,59.27,Game,1,Predictable,50.05,0,,,9,,,130,Sound,,,
0,FORT,,1,1776624322.0544572,59.28,Game,1,Predictable,50.08,0,,,9,,,130,Sound,,,
0,FORT,,1,1776624322.0544572,59.29,Game,1,Predictable,50.09,0,,,9,,,130,Sound,,,
0,FORT,,1,1776624322.0544572,59.32,Game,1,Predictable,50.1,0,,,9,,,130,Sound,,,
0,FORT,,1,1776624322.0544572,59.33,Game,1,Predictable,50.13,0,,,9,,,130,Sound,,,
0,FORT,,1,1776624322.0544572,59.34,Game,1,Predictable,50.14,0,,,9,,,130,Sound,,,
0,FORT,,1,1776624322.0544572,59.35,Game,1,Predictable,50.15,0,,,9,,,130,Sound,,,
0,FORT,,1,1776624322.0544572,59.37,Game,1,Predictable,50.16,0,,,9,,,130,Sound,,,
0,FORT,,1,1776624322.0544572,59.38,Game,1,Predictable,50.18,0,,,9,,,130,Sound,,,
0,FORT,,1,1776624322.0544572,59.4,Game,1,Predictable,50.19,0,,,9,,,130,Sound,,,
0,FORT,,1,1776624322.0544572,59.42,Game,1,Predictable,50.21,0,,,9,,,130,Sound,,,
0,FORT,,1,1776624322.0544572,59.43,Game,1,Predictable,50.23,0,,,9,,,130,Sound,,,
0,FORT,,1,1776624322.0544572,59.44,Game,1,Predictable,50.24,0,,,9,,,130,Sound,,,
0,FORT,,1,1776624322.0544572,59.45,Game,1,Predictable,50.25,0,,,9,,,130,Sound,,,
0,FORT,,1,1776624322.0544572,59.46,Game,1,Predictable,50.26,0,,,9,,,130,Sound,,,
0,FORT,,1,1776624322.0544572,59.48,Game,1,Predictable,50.27,0,,,9,,,130,Sound,,,
0,FORT,,1,1776624322.0544572,59.5,Game,1,Predictable,50.29,0,,,9,,,130,Sound,,,
0,FORT,,1,1776624322.0544572,59.51,Game,1,Predictable,50.31,0,,,9,,,130,Sound,,,
0,FORT,,1,1776624322.0544572,59.53,Game,1,Predictable,50.32,0,,,9,,,130,Sound,,,
0,FORT,,1,1776624322.0544572,59.55,Game,1,Predictable,50.34,0,,,9,,,130,Sound,,,
0,FORT,,1,1776624322.0544572,59.56,Game,1,Predictable,50.36,0,,,9,,,130,Sound,,,
0,FORT,,1,1776624322.0544572,59.57,Game,1,Predictable,50.37,0,,,9,,,130,Sound,,,
0,FORT,,1,1776624322.0544572,59.58,Game,1,Predictable,50.38,0,,,9,,,130,Sound,,,
0,FORT,,1,1776624322.0544572,59.59,Game,1,Predictable,50.39,0,,,9,,,130,Sound,,,
0,FORT,,1,1776624322.0544572,59.62,Game,1,Predictable,50.4,0,,,9,,,130,Sound,,,
0,FORT,,1,1776624322.0544572,59.63,Game,1,Predictable,50.43,0,,,9,,,130,Sound,,,
0,FORT,,1,1776624322.0544572,59.64,Game,1,Predictable,50.44,0,,,9,,,130,Sound,,,
0,FORT,,1,1776624322.0544572,59.67,Game,1,Predictable,50.45,0,,,9,,,130,Sound,,,
0,FORT,,1,1776624322.0544572,59.68,Game,1,Predictable,50.48,0,,,9,,,130,Sound,,,
0,FORT,,1,1776624322.0544572,59.69,Game,1,Predictable,50.49,0,,,9,,,130,Sound,,,
0,FORT,,1,1776624322.0544572,59.7,Game,1,Predictable,50.5,0,,,9,,,130,Sound,,,
0,FORT,,1,1776624322.0544572,59.72,Game,1,Predictable,50.51,0,,,9,,,130,Sound,,,
0,FORT,,1,1776624322.0544572,59.73,Game,1,Predictable,50.53,0,,,9,,,130,Sound,,,
0,FORT,,1,1776624322.0544572,59.75,Game,1,Predictable,50.54,0,,,9,,,130,Sound,,,
0,FORT,,1,1776624322.0544572,59.77,Game,1,Predictable,50.56,0,,,9,,,130,Sound,,,
0,FORT,,1,1776624322.0544572,59.78,Game,1,Predictable,50.58,0,,,9,,,130,Sound,,,
0,FORT,,1,1776624322.0544572,59.79,Game,1,Predictable,50.59,0,,,9,,,130,Sound,,,
0,FORT,,1,1776624322.0544572,59.8,Game,1,Predictable,50.6,0,,,9,,,130,Sound,,,
0,FORT,,1,1776624322.0544572,59.81,Game,1,Predictable,50.61,0,,,9,,,130,Sound,,,
0,FORT,,1,1776624322.0544572,59.83,Game,1,Predictable,50.62,0,,,9,,,130,Sound,,,
0,FORT,,1,1776624322.0544572,59.85,Game,1,Predictable,50.64,0,,,9,,,130,Sound,,,
0,FORT,,1,1776624322.0544572,59.86,Game,1,Predictable,50.66,0,,,9,,,130,Sound,,,
0,FORT,,1,1776624322.0544572,59.87,Game,1,Predictable,50.67,0,,,9,,,130,Sound,,,
0,FORT,,1,1776624322.0544572,59.88,Game,1,Predictable,50.68,0,,,9,,,130,Sound,,,
0,FORT,,1,1776624322.0544572,59.89,Game,1,Predictable,50.69,0,,,9,,,130,Sound,,,
0,FORT,,1,1776624322.0544572,59.92,Game,1,Predictable,50.7,0,,,9,,,130,Sound,,,
0,FORT,,1,1776624322.0544572,59.93,Game,1,Predictable,50.73,0,,,9,,,130,Sound,,,
0,FORT,,1,1776624322.0544572,59.94,Game,1,Predictable,50.74,0,,,9,,,130,Sound,,,
0,FORT,,1,1776624322.0544572,59.97,Game,1,Predictable,50.75,0,,,9,,,130,Sound,,,
0,FORT,,1,1776624322.0544572,59.98,Game,1,Predictable,50.78,0,,,9,,,130,Sound,,,
0,FORT,,1,1776624322.0544572,59.99,Game,1,Predictable,50.79,0,,,9,,,130,Sound,,,
0,FORT,,1,1776624322.0544572,60.0,Game,1,Predictable,50.8,0,,,9,,,130,Sound,,,
0,FORT,,1,1776624322.0544572,60.02,Game,1,Predictable,50.81,0,,,9,,,130,Sound,,,
0,FORT,,1,1776624322.0544572,60.03,Game,1,Predictable,50.83,0,,,9,,,130,Sound,,,
0,FORT,,1,1776624322.0544572,60.05,Game,1,Predictable,50.84,0,,,9,,,130,Sound,,,
0,FORT,,1,1776624322.0544572,60.07,Game,1,Predictable,50.86,0,,,9,,,130,Sound,,,
0,FORT,,1,1776624322.0544572,60.08,Game,1,Predictable,50.88,0,,,9,,,130,Sound,,,
0,FORT,,1,1776624322.0544572,60.09,Game,1,Predictable,50.89,0,,,9,,,130,Sound,,,
0,FORT,,1,1776624322.0544572,60.1,Game,1,Predictable,50.9,0,,,9,,,130,Sound,,,
0,FORT,,1,1776624322.0544572,60.11,Game,1,Predictable,50.91,0,,,9,,,130,Sound,,,
0,FORT,,1,1776624322.0544572,60.13,Game,1,Predictable,50.92,0,,,9,,,130,Sound,,,
0,FORT,,1,1776624322.0544572,60.15,Game,1,Predictable,50.94,0,,,9,,,130,Sound,,,
0,FORT,,1,1776624322.0544572,60.16,Game,1,Predictable,50.96,0,,,9,,,130,Sound,,,
0,FORT,,1,1776624322.0544572,60.17,Game,1,Predictable,50.97,0,,,9,,,130,Sound,,,
0,FORT,,1,1776624322.0544572,60.18,Game,1,Predictable,50.98,0,,,9,,,130,Sound,,,
0,FORT,,1,1776624322.0544572,60.19,Game,1,Predictable,50.99,0,,,9,,,130,Sound,,,
0,FORT,,1,1776624322.0544572,60.22,Game,1,Predictable,51.0,0,,,9,,,130,Sound,,,
0,FORT,,1,1776624322.0544572,60.23,Game,1,Predictable,51.03,0,,,9,,,130,Sound,,,
0,FORT,,1,1776624322.0544572,60.24,Game,1,Predictable,51.04,0,,,9,,,130,Sound,,,
0,FORT,,1,1776624322.0544572,60.25,Game,1,Predictable,51.05,0,,,9,,,130,Sound,,,
0,FORT,,1,1776624322.0544572,60.27,Game,1,Predictable,51.06,0,,,9,,,130,Sound,,,
0,FORT,,1,1776624322.0544572,60.28,Game,1,Predictable,51.08,0,,,9,,,130,Sound,,,
0,FORT,,1,1776624322.0544572,60.3,Game,1,Predictable,51.09,0,,,9,,,130,Sound,,,
0,FORT,,1,1776624322.0544572,60.32,Game,1,Predictable,51.11,0,,,9,,,130,Sound,,,
0,FORT,,1,1776624322.0544572,60.33,Game,1,Predictable,51.13,0,,,9,,,130,Sound,,,
0,FORT,,1,1776624322.0544572,60.34,Game,1,Predictable,51.14,0,,,9,,,130,Sound,,,
0,FORT,,1,1776624322.0544572,60.35,Game,1,Predictable,51.15,0,,,9,,,130,Sound,,,
0,FORT,,1,1776624322.0544572,60.36,Game,1,Predictable,51.16,0,,,9,,,130,Sound,,,
0,FORT,,1,1776624322.0544572,60.38,Game,1,Predictable,51.17,0,,,9,,,130,Sound,,,
0,FORT,,1,1776624322.0544572,60.4,Game,1,Predictable,51.19,0,,,9,,,130,Sound,,,
0,FORT,,1,1776624322.0544572,60.41,Game,1,Predictable,51.21,0,,,9,,,130,Sound,,,
0,FORT,,1,1776624322.0544572,60.43,Game,1,Predictable,51.22,0,,,9,,,130,Sound,,,
0,FORT,,1,1776624322.0544572,60.45,Game,1,Predictable,51.24,0,,,9,,,130,Sound,,,
0,FORT,,1,1776624322.0544572,60.46,Game,1,Predictable,51.26,0,,,9,,,130,Sound,,,
0,FORT,,1,1776624322.0544572,60.47,Game,1,Predictable,51.27,0,,,9,,,130,Sound,,,
0,FORT,,1,1776624322.0544572,60.48,Game,1,Predictable,51.28,0,,,9,,,130,Sound,,,
0,FORT,,1,1776624322.0544572,60.49,Game,1,Predictable,51.29,0,,,9,,,130,Sound,,,
0,FORT,,1,1776624322.0544572,60.52,Game,1,Predictable,51.3,0,,,9,,,130,Sound,,,
0,FORT,,1,1776624322.0544572,60.53,Game,1,Predictable,51.33,0,,,9,,,130,Sound,,,
0,FORT,,1,1776624322.0544572,60.54,Game,1,Predictable,51.34,0,,,9,,,130,Sound,,,
0,FORT,,1,1776624322.0544572,60.57,Game,1,Predictable,51.35,0,,,9,,,130,Sound,,,
0,FORT,,1,1776624322.0544572,60.58,Game,1,Predictable,51.38,0,,,9,,,130,Sound,,,
0,FORT,,1,1776624322.0544572,60.59,Game,1,Predictable,51.39,0,,,9,,,130,Sound,,,
0,FORT,,1,1776624322.0544572,60.6,Game,1,Predictable,51.4,0,,,9,,,130,Sound,,,
0,FORT,,1,1776624322.0544572,60.62,Game,1,Predictable,51.41,0,,,9,,,130,Sound,,,
0,FORT,,1,1776624322.0544572,60.63,Game,1,Predictable,51.43,0,,,9,,,130,Sound,,,
0,FORT,,1,1776624322.0544572,60.65,Game,1,Predictable,51.44,0,,,9,,,130,Sound,,,
0,FORT,,1,1776624322.0544572,60.67,Game,1,Predictable,51.46,0,,,9,,,130,Sound,,,
0,FORT,,1,1776624322.0544572,60.68,Game,1,Predictable,51.48,0,,,9,,,130,Sound,,,
0,FORT,,1,1776624322.0544572,60.69,Game,1,Predictable,51.49,0,,,9,,,130,Sound,,,
0,FORT,,1,1776624322.0544572,60.7,Game,1,Predictable,51.5,0,,,9,,,130,Sound,,,
0,FORT,,1,1776624322.0544572,60.71,Game,1,Predictable,51.51,0,,,9,,,130,Sound,,,
0,FORT,,1,1776624322.0544572,60.72,Game,1,Predictable,51.52,0,,,9,,,130,Sound,,,
0,FORT,,1,1776624322.0544572,60.73,Game,1,Predictable,51.53,0,,,9,,,130,Sound,,,
0,FORT,,1,1776624322.0544572,60.74,Game,1,Predictable,51.54,0,,,9,,,130,Sound,,,
0,FORT,,1,1776624322.0544572,60.77,Game,1,Predictable,51.55,0,,,9,,,130,Sound,,,
0,FORT,,1,1776624322.0544572,60.78,Game,1,Predictable,51.58,0,,,9,,,130,Sound,,,
0,FORT,,1,1776624322.0544572,60.79,Game,1,Predictable,51.59,0,,,9,,,130,Sound,,,
0,FORT,,1,1776624322.0544572,60.8,Game,1,Predictable,51.6,0,,,9,,,130,Sound,,,
0,FORT,,1,1776624322.0544572,60.82,Game,1,Predictable,51.61,0,,,9,,,130,Sound,,,
0,FORT,,1,1776624322.0544572,60.83,Game,1,Predictable,51.63,0,,,9,,,130,Sound,,,
0,FORT,,1,1776624322.0544572,60.85,Game,1,Predictable,51.64,0,,,9,,,130,Sound,,,
0,FORT,,1,1776624322.0544572,60.87,Game,1,Predictable,51.66,0,,,9,,,130,Sound,,,
0,FORT,,1,1776624322.0544572,60.88,Game,1,Predictable,51.68,0,,,9,,,130,Sound,,,
0,FORT,,1,1776624322.0544572,60.9,Game,1,Predictable,51.69,0,,,9,,,130,Sound,,,
0,FORT,,1,1776624322.0544572,60.91,Game,1,Predictable,51.71,0,,,9,,,130,Sound,,,
0,FORT,,1,1776624322.0544572,60.92,Game,1,Predictable,51.72,0,,,9,,,130,Sound,,,
0,FORT,,1,1776624322.0544572,60.93,Game,1,Predictable,51.73,0,,,9,,,130,Sound,,,
0,FORT,,1,1776624322.0544572,60.94,Game,1,Predictable,51.74,0,,,9,,,130,Sound,,,
0,FORT,,1,1776624322.0544572,60.97,Game,1,Predictable,51.75,0,,,9,,,130,Sound,,,
0,FORT,,1,1776624322.0544572,60.98,Game,1,Predictable,51.78,0,,,9,,,130,Sound,,,
0,FORT,,1,1776624322.0544572,60.99,Game,1,Predictable,51.79,0,,,9,,,130,Sound,,,
0,FORT,,1,1776624322.0544572,61.0,Game,1,Predictable,51.8,0,,,9,,,130,Sound,,,
0,FORT,,1,1776624322.0544572,61.02,Game,1,Predictable,51.81,0,,,9,,,130,Sound,,,
0,FORT,,1,1776624322.0544572,61.03,Game,1,Predictable,51.83,0,,,9,,,130,Sound,,,
0,FORT,,1,1776624322.0544572,61.04,Game,1,Predictable,51.84,0,,,9,,,130,Sound,,,
0,FORT,,1,1776624322.0544572,61.05,Game,1,Predictable,51.85,0,,,9,,,130,Sound,,,
0,FORT,,1,1776624322.0544572,61.06,Game,1,Predictable,51.86,0,,,9,,,130,Sound,,,
0,FORT,,1,1776624322.0544572,61.08,Game,1,Predictable,51.87,0,,,9,,,130,Sound,,,
0,FORT,,1,1776624322.0544572,61.1,Game,1,Predictable,51.89,0,,,9,,,130,Sound,,,
0,FORT,,1,1776624322.0544572,61.11,Game,1,Predictable,51.91,0,,,9,,,130,Sound,,,
0,FORT,,1,1776624322.0544572,61.12,Game,1,Predictable,51.92,0,,,9,,,130,Sound,,,
0,FORT,,1,1776624322.0544572,61.13,Game,1,Predictable,51.93,0,,,9,,,130,Sound,,,
0,FORT,,1,1776624322.0544572,61.14,Game,1,Predictable,51.94,0,,,9,,,130,Sound,,,
0,FORT,,1,1776624322.0544572,61.17,Game,1,Predictable,51.95,0,,,9,,,130,Sound,,,
0,FORT,,1,1776624322.0544572,61.18,Game,1,Predictable,51.98,0,,,9,,,130,Sound,,,
0,FORT,,1,1776624322.0544572,61.19,Game,1,Predictable,51.99,0,,,9,,,130,Sound,,,
0,FORT,,1,1776624322.0544572,61.22,Game,1,Predictable,52.0,0,,,9,,,130,Sound,,,
0,FORT,,1,1776624322.0544572,61.23,Game,1,Predictable,52.03,0,,,9,,,130,Sound,,,
0,FORT,,1,1776624322.0544572,61.24,Game,1,Predictable,52.04,0,,,9,,,130,Sound,,,
0,FORT,,1,1776624322.0544572,61.25,Game,1,Predictable,52.05,0,,,9,,,130,Sound,,,
0,FORT,,1,1776624322.0544572,61.27,Game,1,Predictable,52.06,0,,,9,,,130,Sound,,,
0,FORT,,1,1776624322.0544572,61.28,Game,1,Predictable,52.08,0,,,9,,,130,Sound,,,
0,FORT,,1,1776624322.0544572,61.3,Game,1,Predictable,52.09,0,,,9,,,130,Sound,,,
0,FORT,,1,1776624322.0544572,61.32,Game,1,Predictable,52.11,0,,,9,,,130,Sound,,,
0,FORT,,1,1776624322.0544572,61.33,Game,1,Predictable,52.13,0,,,9,,,130,Sound,,,
0,FORT,,1,1776624322.0544572,61.35,Game,1,Predictable,52.14,0,,,9,,,130,Sound,,,
0,FORT,,1,1776624322.0544572,61.37,Game,1,Predictable,52.16,0,,,9,,,130,Sound,,,
0,FORT,,1,1776624322.0544572,61.38,Game,1,Predictable,52.18,0,,,9,,,130,Sound,,,
0,FORT,,1,1776624322.0544572,61.39,Game,1,Predictable,52.19,0,,,9,,,130,Sound,,,
0,FORT,,1,1776624322.0544572,61.4,Game,1,Predictable,52.2,0,,,9,,,130,Sound,,,
0,FORT,,1,1776624322.0544572,61.41,Game,1,Predictable,52.21,0,,,9,,,130,Sound,,,
0,FORT,,1,1776624322.0544572,61.42,Game,1,Predictable,52.22,0,,,9,,,130,Sound,,,
0,FORT,,1,1776624322.0544572,61.43,Game,1,Predictable,52.23,0,,,9,,,130,Sound,,,
0,FORT,,1,1776624322.0544572,61.44,Game,1,Predictable,52.24,0,,,9,,,130,Sound,,,
0,FORT,,1,1776624322.0544572,61.47,Game,1,Predictable,52.25,0,,,9,,,130,Sound,,,
0,FORT,,1,1776624322.0544572,61.48,Game,1,Predictable,52.28,0,,,9,,,130,Sound,,,
0,FORT,,1,1776624322.0544572,61.49,Game,1,Predictable,52.29,0,,,9,,,130,Sound,,,
0,FORT,,1,1776624322.0544572,61.5,Game,1,Predictable,52.3,0,,,9,,,130,Sound,,,
0,FORT,,1,1776624322.0544572,61.52,Game,1,Predictable,52.31,0,,,9,,,130,Sound,,,
0,FORT,,1,1776624322.0544572,61.53,Game,1,Predictable,52.33,0,,,9,,,130,Sound,,,
0,FORT,,1,1776624322.0544572,61.54,Game,1,Predictable,52.34,0,,,9,,,130,Sound,,,
0,FORT,,1,1776624322.0544572,61.55,Game,1,Predictable,52.35,0,,,9,,,130,Sound,,,
0,FORT,,1,1776624322.0544572,61.56,Game,1,Predictable,52.36,0,,,9,,,130,Sound,,,
0,FORT,,1,1776624322.0544572,61.57,Game,1,Predictable,52.37,0,,,9,,,130,Sound,,,
0,FORT,,1,1776624322.0544572,61.58,Game,1,Predictable,52.38,0,,,9,,,130,Sound,,,
0,FORT,,1,1776624322.0544572,61.59,Game,1,Predictable,52.39,0,,,9,,,130,Sound,,,
0,FORT,,1,1776624322.0544572,61.6,Game,1,Predictable,52.41,0,,,9,,,130,Sound,,,
0,FORT,,1,1776624322.0544572,61.62,Game,1,Predictable,52.41,0,,,9,,,130,Sound,,,
0,FORT,,1,1776624322.0544572,61.63,Game,1,Predictable,52.43,0,,,9,,,130,Sound,,,
0,FORT,,1,1776624322.0544572,61.64,Game,1,Predictable,52.44,0,,,9,,,130,Sound,,,
0,FORT,,1,1776624322.0544572,61.65,Game,1,Predictable,52.45,0,,,9,,,130,Sound,,,
0,FORT,,1,1776624322.0544572,61.66,Game,1,Predictable,52.46,0,,,9,,,130,Sound,,,
0,FORT,,1,1776624322.0544572,61.67,Game,1,Predictable,52.47,0,,,9,,,130,Sound,,,
0,FORT,,1,1776624322.0544572,61.68,Game,1,Predictable,52.48,0,,,9,,,130,Sound,,,
0,FORT,,1,1776624322.0544572,61.69,Game,1,Predictable,52.49,0,,,9,,,130,Sound,,,
0,FORT,,1,1776624322.0544572,61.7,Game,1,Predictable,52.5,0,,,9,,,130,Sound,,,
0,FORT,,1,1776624322.0544572,61.72,Game,1,Predictable,52.51,0,,,9,,,130,Sound,,,
0,FORT,,1,1776624322.0544572,61.73,Game,1,Predictable,52.53,0,,,9,,,130,Sound,,,
0,FORT,,1,1776624322.0544572,61.74,Game,1,Predictable,52.54,0,,,9,,,130,Sound,,,
0,FORT,,1,1776624322.0544572,61.75,Game,1,Predictable,52.55,0,,,9,,,130,Sound,,,
0,FORT,,1,1776624322.0544572,61.76,Game,1,Predictable,52.56,0,,,9,,,130,Sound,,,
0,FORT,,1,1776624322.0544572,61.77,Game,1,Predictable,52.57,0,,,9,,,130,Sound,,,
0,FORT,,1,1776624322.0544572,61.78,Game,1,Predictable,52.58,0,,,9,,,130,Sound,,,
0,FORT,,1,1776624322.0544572,61.79,Game,1,Predictable,52.59,0,,,9,,,130,Sound,,,
0,FORT,,1,1776624322.0544572,61.8,Game,1,Predictable,52.6,0,,,9,,,130,Sound,,,
0,FORT,,1,1776624322.0544572,61.82,Game,1,Predictable,52.61,0,,,9,,,130,Sound,,,
0,FORT,,1,1776624322.0544572,61.83,Game,1,Predictable,52.63,0,,,9,,,130,Sound,,,
0,FORT,,1,1776624322.0544572,61.85,Game,1,Predictable,52.64,0,,,9,,,130,Sound,,,
0,FORT,,1,1776624322.0544572,61.87,Game,1,Predictable,52.66,0,,,9,,,130,Sound,,,
0,FORT,,1,1776624322.0544572,61.88,Game,1,Predictable,52.68,0,,,9,,,130,Sound,,,
0,FORT,,1,1776624322.0544572,61.9,Game,1,Predictable,52.69,0,,,9,,,130,Sound,,,
0,FORT,,1,1776624322.0544572,61.91,Game,1,Predictable,52.71,0,,,9,,,130,Sound,,,
0,FORT,,1,1776624322.0544572,61.92,Game,1,Predictable,52.72,0,,,9,,,130,Sound,,,
0,FORT,,1,1776624322.0544572,61.93,Game,1,Predictable,52.73,0,,,9,,,130,Sound,,,
0,FORT,,1,1776624322.0544572,61.94,Game,1,Predictable,52.74,0,,,9,,,130,Sound,,,
0,FORT,,1,1776624322.0544572,61.95,Game,1,Predictable,52.75,0,,,9,,,130,Sound,,,
0,FORT,,1,1776624322.0544572,61.97,Game,1,Predictable,52.76,0,,,9,,,130,Sound,,,
0,FORT,,1,1776624322.0544572,61.98,Game,1,Predictable,52.78,0,,,9,,,130,Sound,,,
0,FORT,,1,1776624322.0544572,61.99,Game,1,Predictable,52.79,0,,,9,,,130,Sound,,,
0,FORT,,1,1776624322.0544572,62.0,Game,1,Predictable,52.8,0,,,9,,,130,Sound,,,
0,FORT,,1,1776624322.0544572,62.01,Game,1,Predictable,52.81,0,,,9,,,130,Sound,,,
0,FORT,,1,1776624322.0544572,62.02,Game,1,Predictable,52.82,0,,,9,,,130,Sound,,,
0,FORT,,1,1776624322.0544572,62.03,Game,1,Predictable,52.83,0,,,9,,,130,Sound,,,
0,FORT,,1,1776624322.0544572,62.04,Game,1,Predictable,52.84,0,,,9,,,130,Sound,,,
0,FORT,,1,1776624322.0544572,62.05,Game,1,Predictable,52.85,0,,,9,,,130,Sound,,,
0,FORT,,1,1776624322.0544572,62.07,Game,1,Predictable,52.86,0,,,9,,,130,Sound,,,
0,FORT,,1,1776624322.0544572,62.08,Game,1,Predictable,52.88,0,,,9,,,130,Sound,,,
0,FORT,,1,1776624322.0544572,62.1,Game,1,Predictable,52.89,0,,,9,,,130,Sound,,,
0,FORT,,1,1776624322.0544572,62.12,Game,1,Predictable,52.91,0,,,9,,,130,Sound,,,
0,FORT,,1,1776624322.0544572,62.13,Game,1,Predictable,52.93,0,,,9,,,130,Sound,,,
0,FORT,,1,1776624322.0544572,62.15,Game,1,Predictable,52.94,0,,,9,,,130,Sound,,,
0,FORT,,1,1776624322.0544572,62.17,Game,1,Predictable,52.96,0,,,9,,,130,Sound,,,
0,FORT,,1,1776624322.0544572,62.18,Game,1,Predictable,52.98,0,,,9,,,130,Sound,,,
0,FORT,,1,1776624322.0544572,62.19,Game,1,Predictable,52.99,0,,,9,,,130,Sound,,,
0,FORT,,1,1776624322.0544572,62.2,Game,1,Predictable,53.0,0,,,9,,,130,Sound,,,
0,FORT,,1,1776624322.0544572,62.21,Game,1,Predictable,53.01,0,,,9,,,130,Sound,,,
0,FORT,,1,1776624322.0544572,62.22,Game,1,Predictable,53.02,0,,,9,,,130,Sound,,,
0,FORT,,1,1776624322.0544572,62.23,Game,1,Predictable,53.03,0,,,9,,,130,Sound,,,
0,FORT,,1,1776624322.0544572,62.24,Game,1,Predictable,53.04,0,,,9,,,130,Sound,,,
0,FORT,,1,1776624322.0544572,62.25,Game,1,Predictable,53.05,0,,,9,,,130,Sound,,,
0,FORT,,1,1776624322.0544572,62.27,Game,1,Predictable,53.06,0,,,9,,,130,Sound,,,
0,FORT,,1,1776624322.0544572,62.28,Game,1,Predictable,53.08,0,,,9,,,130,Sound,,,
0,FORT,,1,1776624322.0544572,62.3,Game,1,Predictable,53.09,0,,,9,,,130,Sound,,,
0,FORT,,1,1776624322.0544572,62.32,Game,1,Predictable,53.11,0,,,9,,,130,Sound,,,
0,FORT,,1,1776624322.0544572,62.33,Game,1,Predictable,53.13,0,,,9,,,130,Sound,,,
0,FORT,,1,1776624322.0544572,62.34,Game,1,Predictable,53.14,0,,,9,,,130,Sound,,,
0,FORT,,1,1776624322.0544572,62.35,Game,1,Predictable,53.15,0,,,9,,,130,Sound,,,
0,FORT,,1,1776624322.0544572,62.36,Game,1,Predictable,53.16,0,,,9,,,130,Sound,,,
0,FORT,,1,1776624322.0544572,62.37,Game,1,Predictable,53.17,0,,,9,,,130,Sound,,,
0,FORT,,1,1776624322.0544572,62.38,Game,1,Predictable,53.18,0,,,9,,,130,Sound,,,
0,FORT,,1,1776624322.0544572,62.39,Game,1,Predictable,53.19,0,,,9,,,130,Sound,,,
0,FORT,,1,1776624322.0544572,62.42,Game,1,Predictable,53.2,0,,,9,,,130,Sound,,,
0,FORT,,1,1776624322.0544572,62.43,Game,1,Predictable,53.23,0,,,9,,,130,Sound,,,
0,FORT,,1,1776624322.0544572,62.44,Game,1,Predictable,53.24,0,,,9,,,130,Sound,,,
0,FORT,,1,1776624322.0544572,62.45,Game,1,Predictable,53.25,0,,,9,,,130,Sound,,,
0,FORT,,1,1776624322.0544572,62.47,Game,1,Predictable,53.26,0,,,9,,,130,Sound,,,
0,FORT,,1,1776624322.0544572,62.48,Game,1,Predictable,53.28,0,,,9,,,130,Sound,,,
0,FORT,,1,1776624322.0544572,62.49,Game,1,Predictable,53.29,0,,,9,,,130,Sound,,,
0,FORT,,1,1776624322.0544572,62.5,Game,1,Predictable,53.3,0,,,9,,,130,Sound,,,
0,FORT,,1,1776624322.0544572,62.51,Game,1,Predictable,53.31,0,,,9,,,130,Sound,,,
0,FORT,,1,1776624322.0544572,62.52,Game,1,Predictable,53.32,0,,,9,,,130,Sound,,,
0,FORT,,1,1776624322.0544572,62.53,Game,1,Predictable,53.33,0,,,9,,,130,Sound,,,
0,FORT,,1,1776624322.0544572,62.54,Game,1,Predictable,53.34,0,,,9,,,130,Sound,,,
0,FORT,,1,1776624322.0544572,62.55,Game,1,Predictable,53.35,0,,,9,,,130,Sound,,,
0,FORT,,1,1776624322.0544572,62.57,Game,1,Predictable,53.36,0,,,9,,,130,Sound,,,
0,FORT,,1,1776624322.0544572,62.58,Game,1,Predictable,53.38,0,,,9,,,130,Sound,,,
0,FORT,,1,1776624322.0544572,62.6,Game,1,Predictable,53.39,0,,,9,,,130,Sound,,,
0,FORT,,1,1776624322.0544572,62.62,Game,1,Predictable,53.41,0,,,9,,,130,Sound,,,
0,FORT,,1,1776624322.0544572,62.63,Game,1,Predictable,53.43,0,,,9,,,130,Sound,,,
0,FORT,,1,1776624322.0544572,62.64,Game,1,Predictable,53.44,0,,,9,,,130,Sound,,,
0,FORT,,1,1776624322.0544572,62.65,Game,1,Predictable,53.45,0,,,9,,,130,Sound,,,
0,FORT,,1,1776624322.0544572,62.66,Game,1,Predictable,53.46,0,,,9,,,130,Sound,,,
0,FORT,,1,1776624322.0544572,62.68,Game,1,Predictable,53.47,0,,,9,,,130,Sound,,,
0,FORT,,1,1776624322.0544572,62.7,Game,1,Predictable,53.49,0,,,9,,,130,Sound,,,
0,FORT,,1,1776624322.0544572,62.71,Game,1,Predictable,53.51,0,,,9,,,130,Sound,,,
0,FORT,,1,1776624322.0544572,62.72,Game,1,Predictable,53.52,0,,,9,,,130,Sound,,,
0,FORT,,1,1776624322.0544572,62.73,Game,1,Predictable,53.53,0,,,9,,,130,Sound,,,
0,FORT,,1,1776624322.0544572,62.74,Game,1,Predictable,53.54,0,,,9,,,130,Sound,,,
0,FORT,,1,1776624322.0544572,62.75,Game,1,Predictable,53.55,0,,,9,,,130,Sound,,,
0,FORT,,1,1776624322.0544572,62.77,Game,1,Predictable,53.56,0,,,9,,,130,Sound,,,
0,FORT,,1,1776624322.0544572,62.78,Game,1,Predictable,53.58,0,,,9,,,130,Sound,,,
0,FORT,,1,1776624322.0544572,62.79,Game,1,Predictable,53.59,0,,,9,,,130,Sound,,,
0,FORT,,1,1776624322.0544572,62.8,Game,1,Predictable,53.6,0,,,9,,,130,Sound,,,
0,FORT,,1,1776624322.0544572,62.81,Game,1,Predictable,53.61,0,,,9,,,130,Sound,,,
0,FORT,,1,1776624322.0544572,62.82,Game,1,Predictable,53.62,0,,,9,,,130,Sound,,,
0,FORT,,1,1776624322.0544572,62.83,Game,1,Predictable,53.63,0,,,9,,,130,Sound,,,
0,FORT,,1,1776624322.0544572,62.84,Game,1,Predictable,53.64,0,,,9,,,130,Sound,,,
0,FORT,,1,1776624322.0544572,62.85,Game,1,Predictable,53.65,0,,,9,,,130,Sound,,,
0,FORT,,1,1776624322.0544572,62.87,Game,1,Predictable,53.66,0,,,9,,,130,Sound,,,
0,FORT,,1,1776624322.0544572,62.88,Game,1,Predictable,53.68,0,,,9,,,130,Sound,,,
0,FORT,,1,1776624322.0544572,62.89,Game,1,Predictable,53.69,0,,,9,,,130,Sound,,,
0,FORT,,1,1776624322.0544572,62.9,Game,1,Predictable,53.7,0,,,9,,,130,Sound,,,
0,FORT,,1,1776624322.0544572,62.91,Game,1,Predictable,53.71,0,,,9,,,130,Sound,,,
0,FORT,,1,1776624322.0544572,62.92,Game,1,Predictable,53.72,0,,,9,,,130,Sound,,,
0,FORT,,1,1776624322.0544572,62.93,Game,1,Predictable,53.73,0,,,9,,,130,Sound,,,
0,FORT,,1,1776624322.0544572,62.94,Game,1,Predictable,53.74,0,,,9,,,130,Sound,,,
0,FORT,,1,1776624322.0544572,62.97,Game,1,Predictable,53.75,0,,,9,,,130,Sound,,,
0,FORT,,1,1776624322.0544572,62.98,Game,1,Predictable,53.78,0,,,9,,,130,Sound,,,
0,FORT,,1,1776624322.0544572,62.99,Game,1,Predictable,53.79,0,,,9,,,130,Sound,,,
0,FORT,,1,1776624322.0544572,63.0,Game,1,Predictable,53.8,0,,,9,,,130,Sound,,,
0,FORT,,1,1776624322.0544572,63.02,Game,1,Predictable,53.81,0,,,9,,,130,Sound,,,
0,FORT,,1,1776624322.0544572,63.03,Game,1,Predictable,53.83,0,,,9,,,130,Sound,,,
0,FORT,,1,1776624322.0544572,63.04,Game,1,Predictable,53.84,0,,,9,,,130,Sound,,,
0,FORT,,1,1776624322.0544572,63.05,Game,1,Predictable,53.85,0,,,9,,,130,Sound,,,
0,FORT,,1,1776624322.0544572,63.06,Game,1,Predictable,53.86,0,,,9,,,130,Sound,,,
0,FORT,,1,1776624322.0544572,63.07,Game,1,Predictable,53.87,0,,,9,,,130,Sound,,,
0,FORT,,1,1776624322.0544572,63.08,Game,1,Predictable,53.88,0,,,9,,,130,Sound,,,
0,FORT,,1,1776624322.0544572,63.09,Game,1,Predictable,53.89,0,,,9,,,130,Sound,,,
0,FORT,,1,1776624322.0544572,63.1,Game,1,Predictable,53.9,0,,,9,,,130,Sound,,,
0,FORT,,1,1776624322.0544572,63.12,Game,1,Predictable,53.91,0,,,9,,,130,Sound,,,
0,FORT,,1,1776624322.0544572,63.13,Game,1,Predictable,53.93,0,,,9,,,130,Sound,,,
0,FORT,,1,1776624322.0544572,63.14,Game,1,Predictable,53.94,0,,,9,,,130,Sound,,,
0,FORT,,1,1776624322.0544572,63.15,Game,1,Predictable,53.95,0,,,9,,,130,Sound,,,
0,FORT,,1,1776624322.0544572,63.16,Game,1,Predictable,53.96,0,,,9,,,130,Sound,,,
0,FORT,,1,1776624322.0544572,63.17,Game,1,Predictable,53.97,0,,,9,,,130,Sound,,,
0,FORT,,1,1776624322.0544572,63.18,Game,1,Predictable,53.98,0,,,9,,,130,Sound,,,
0,FORT,,1,1776624322.0544572,63.19,Game,1,Predictable,53.99,0,,,9,,,130,Sound,,,
0,FORT,,1,1776624322.0544572,63.2,Game,1,Predictable,54.0,0,,,9,,,130,Sound,,,
0,FORT,,1,1776624322.0544572,63.22,Game,1,Predictable,54.01,0,,,9,,,130,Sound,,,
0,FORT,,1,1776624322.0544572,63.23,Game,1,Predictable,54.03,0,,,9,,,130,Sound,,,
0,FORT,,1,1776624322.0544572,63.24,Game,1,Predictable,54.04,0,,,9,,,130,Sound,,,
0,FORT,,1,1776624322.0544572,63.25,Game,1,Predictable,54.05,0,,,9,,,130,Sound,,,
0,FORT,,1,1776624322.0544572,63.26,Game,1,Predictable,54.06,0,,,9,,,130,Sound,,,
0,FORT,,1,1776624322.0544572,63.27,Game,1,Predictable,54.07,0,,,9,,,130,Sound,,,
0,FORT,,1,1776624322.0544572,63.28,Game,1,Predictable,54.08,0,,,9,,,130,Sound,,,
0,FORT,,1,1776624322.0544572,63.29,Game,1,Predictable,54.09,0,,,9,,,130,Sound,,,
0,FORT,,1,1776624322.0544572,63.3,Game,1,Predictable,54.1,0,,,9,,,130,Sound,,,
0,FORT,,1,1776624322.0544572,63.32,Game,1,Predictable,54.11,0,,,9,,,130,Sound,,,
0,FORT,,1,1776624322.0544572,63.33,Game,1,Predictable,54.13,0,,,9,,,130,Sound,,,
0,FORT,,1,1776624322.0544572,63.34,Game,1,Predictable,54.14,0,,,9,,,130,Sound,,,
0,FORT,,1,1776624322.0544572,63.35,Game,1,Predictable,54.15,0,,,9,,,130,Sound,,,
0,FORT,,1,1776624322.0544572,63.36,Game,1,Predictable,54.16,0,,,9,,,130,Sound,,,
0,FORT,,1,1776624322.0544572,63.37,Game,1,Predictable,54.17,0,,,9,,,130,Sound,,,
0,FORT,,1,1776624322.0544572,63.38,Game,1,Predictable,54.18,0,,,9,,,130,Sound,,,
0,FORT,,1,1776624322.0544572,63.39,Game,1,Predictable,54.19,0,,,9,,,130,Sound,,,
0,FORT,,1,1776624322.0544572,63.4,Game,1,Predictable,54.2,0,,,9,,,130,Sound,,,
0,FORT,,1,1776624322.0544572,63.42,Game,1,Predictable,54.21,0,,,9,,,130,Sound,,,
0,FORT,,1,1776624322.0544572,63.43,Game,1,Predictable,54.23,0,,,9,,,130,Sound,,,
0,FORT,,1,1776624322.0544572,63.44,Game,1,Predictable,54.24,0,,,9,,,130,Sound,,,
0,FORT,,1,1776624322.0544572,63.45,Game,1,Predictable,54.25,0,,,9,,,130,Sound,,,
0,FORT,,1,1776624322.0544572,63.46,Game,1,Predictable,54.26,0,,,9,,,130,Sound,,,
0,FORT,,1,1776624322.0544572,63.47,Game,1,Predictable,54.27,0,,,9,,,130,Sound,,,
0,FORT,,1,1776624322.0544572,63.48,Game,1,Predictable,54.28,0,,,9,,,130,Sound,,,
0,FORT,,1,1776624322.0544572,63.49,Game,1,Predictable,54.29,0,,,9,,,130,Sound,,,
0,FORT,,1,1776624322.0544572,63.5,Game,1,Predictable,54.3,0,,,9,,,130,Sound,,,
0,FORT,,1,1776624322.0544572,63.52,Game,1,Predictable,54.31,0,,,9,,,130,Sound,,,
0,FORT,,1,1776624322.0544572,63.53,Game,1,Predictable,54.33,0,,,9,,,130,Sound,,,
0,FORT,,1,1776624322.0544572,63.54,Game,1,Predictable,54.34,0,,,9,,,130,Sound,,,
0,FORT,,1,1776624322.0544572,63.55,Game,1,Predictable,54.35,0,,,9,,,130,Sound,,,
0,FORT,,1,1776624322.0544572,63.56,Game,1,Predictable,54.36,0,,,9,,,130,Sound,,,
0,FORT,,1,1776624322.0544572,63.57,Game,1,Predictable,54.37,0,,,9,,,130,Sound,,,
0,FORT,,1,1776624322.0544572,63.58,Game,1,Predictable,54.38,0,,,9,,,130,Sound,,,
0,FORT,,1,1776624322.0544572,63.59,Game,1,Predictable,54.39,0,,,9,,,130,Sound,,,
0,FORT,,1,1776624322.0544572,63.6,Game,1,Predictable,54.4,0,,,9,,,130,Sound,,,
0,FORT,,1,1776624322.0544572,63.62,Game,1,Predictable,54.41,0,,,9,,,130,Sound,,,
0,FORT,,1,1776624322.0544572,63.63,Game,1,Predictable,54.43,0,,,9,,,130,Sound,,,
0,FORT,,1,1776624322.0544572,63.64,Game,1,Predictable,54.44,0,,,9,,,130,Sound,,,
0,FORT,,1,1776624322.0544572,63.65,Game,1,Predictable,54.45,0,,,9,,,130,Sound,,,
0,FORT,,1,1776624322.0544572,63.66,Game,1,Predictable,54.46,0,,,9,,,130,Sound,,,
0,FORT,,1,1776624322.0544572,63.67,Game,1,Predictable,54.47,0,,,9,,,130,Sound,,,
0,FORT,,1,1776624322.0544572,63.68,Game,1,Predictable,54.48,0,,,9,,,130,Sound,,,
0,FORT,,1,1776624322.0544572,63.69,Game,1,Predictable,54.49,0,,,9,,,130,Sound,,,
0,FORT,,1,1776624322.0544572,63.7,Game,1,Predictable,54.5,0,,,9,,,130,Sound,,,
0,FORT,,1,1776624322.0544572,63.72,Game,1,Predictable,54.51,0,,,9,,,130,Sound,,,
0,FORT,,1,1776624322.0544572,63.73,Game,1,Predictable,54.53,0,,,9,,,130,Sound,,,
0,FORT,,1,1776624322.0544572,63.74,Game,1,Predictable,54.54,0,,,9,,,130,Sound,,,
0,FORT,,1,1776624322.0544572,63.75,Game,1,Predictable,54.55,0,,,9,,,130,Sound,,,
0,FORT,,1,1776624322.0544572,63.76,Game,1,Predictable,54.56,0,,,9,,,130,Sound,,,
0,FORT,,1,1776624322.0544572,63.77,Game,1,Predictable,54.57,0,,,9,,,130,Sound,,,
0,FORT,,1,1776624322.0544572,63.78,Game,1,Predictable,54.58,0,,,9,,,130,Sound,,,
0,FORT,,1,1776624322.0544572,63.79,Game,1,Predictable,54.59,0,,,9,,,130,Sound,,,
0,FORT,,1,1776624322.0544572,63.8,Game,1,Predictable,54.6,0,,,9,,,130,Sound,,,
0,FORT,,1,1776624322.0544572,63.82,Game,1,Predictable,54.61,0,,,9,,,130,Sound,,,
0,FORT,,1,1776624322.0544572,63.83,Game,1,Predictable,54.63,0,,,9,,,130,Sound,,,
0,FORT,,1,1776624322.0544572,63.84,Game,1,Predictable,54.64,0,,,9,,,130,Sound,,,
0,FORT,,1,1776624322.0544572,63.85,Game,1,Predictable,54.65,0,,,9,,,130,Sound,,,
0,FORT,,1,1776624322.0544572,63.86,Game,1,Predictable,54.66,0,,,9,,,130,Sound,,,
0,FORT,,1,1776624322.0544572,63.87,Game,1,Predictable,54.67,0,,,9,,,130,Sound,,,
0,FORT,,1,1776624322.0544572,63.88,Game,1,Predictable,54.68,0,,,9,,,130,Sound,,,
0,FORT,,1,1776624322.0544572,63.89,Game,1,Predictable,54.69,0,,,9,,,130,Sound,,,
0,FORT,,1,1776624322.0544572,63.9,Game,1,Predictable,54.7,0,,,9,,,130,Sound,,,
0,FORT,,1,1776624322.0544572,63.92,Game,1,Predictable,54.71,0,,,9,,,130,Sound,,,
0,FORT,,1,1776624322.0544572,63.93,Game,1,Predictable,54.73,0,,,9,,,130,Sound,,,
0,FORT,,1,1776624322.0544572,63.94,Game,1,Predictable,54.74,0,,,9,,,130,Sound,,,
0,FORT,,1,1776624322.0544572,63.95,Game,1,Predictable,54.75,0,,,9,,,130,Sound,,,
0,FORT,,1,1776624322.0544572,63.96,Game,1,Predictable,54.76,0,,,9,,,130,Sound,,,
0,FORT,,1,1776624322.0544572,63.97,Game,1,Predictable,54.77,0,,,9,,,130,Sound,,,
0,FORT,,1,1776624322.0544572,63.98,Game,1,Predictable,54.78,0,,,9,,,130,Sound,,,
0,FORT,,1,1776624322.0544572,63.99,Game,1,Predictable,54.79,0,,,9,,,130,Sound,,,
0,FORT,,1,1776624322.0544572,64.0,Game,1,Predictable,54.8,0,,,9,,,130,Sound,,,
0,FORT,,1,1776624322.0544572,64.02,Game,1,Predictable,54.81,0,,,9,,,130,Sound,,,
0,FORT,,1,1776624322.0544572,64.03,Game,1,Predictable,54.83,0,,,9,,,130,Sound,,,
0,FORT,,1,1776624322.0544572,64.04,Game,1,Predictable,54.84,0,,,9,,,130,Sound,,,
0,FORT,,1,1776624322.0544572,64.05,Game,1,Predictable,54.85,0,,,9,,,130,Sound,,,
0,FORT,,1,1776624322.0544572,64.06,Game,1,Predictable,54.86,0,,,9,,,130,Sound,,,
0,FORT,,1,1776624322.0544572,64.07,Game,1,Predictable,54.87,0,,,9,,,130,Sound,,,
0,FORT,,1,1776624322.0544572,64.08,Game,1,Predictable,54.88,0,,,9,,,130,Sound,,,
0,FORT,,1,1776624322.0544572,64.09,Game,1,Predictable,54.89,0,,,9,,,130,Sound,,,
0,FORT,,1,1776624322.0544572,64.1,Game,1,Predictable,54.9,0,,,9,,,130,Sound,,,
0,FORT,,1,1776624322.0544572,64.12,Game,1,Predictable,54.91,0,,,9,,,130,Sound,,,
0,FORT,,1,1776624322.0544572,64.13,Game,1,Predictable,54.93,0,,,9,,,130,Sound,,,
0,FORT,,1,1776624322.0544572,64.14,Game,1,Predictable,54.94,0,,,9,,,130,Sound,,,
0,FORT,,1,1776624322.0544572,64.15,Game,1,Predictable,54.95,0,,,9,,,130,Sound,,,
0,FORT,,1,1776624322.0544572,64.16,Game,1,Predictable,54.96,0,,,9,,,130,Sound,,,
0,FORT,,1,1776624322.0544572,64.17,Game,1,Predictable,54.97,0,,,9,,,130,Sound,,,
0,FORT,,1,1776624322.0544572,64.18,Game,1,Predictable,54.98,0,,,9,,,130,Sound,,,
0,FORT,,1,1776624322.0544572,64.19,Game,1,Predictable,54.99,0,,,9,,,130,Sound,,,
0,FORT,,1,1776624322.0544572,64.2,Game,1,Predictable,55.0,0,,,9,,,130,Sound,,,
0,FORT,,1,1776624322.0544572,64.22,Game,1,Predictable,55.01,0,,,9,,,130,Sound,,,
0,FORT,,1,1776624322.0544572,64.23,Game,1,Predictable,55.03,0,,,9,,,130,Sound,,,
0,FORT,,1,1776624322.0544572,64.24,Game,1,Predictable,55.04,0,,,9,,,130,Sound,,,
0,FORT,,1,1776624322.0544572,64.25,Game,1,Predictable,55.05,0,,,9,,,130,Sound,,,
0,FORT,,1,1776624322.0544572,64.26,Game,1,Predictable,55.06,0,,,9,,,130,Sound,,,
0,FORT,,1,1776624322.0544572,64.27,Game,1,Predictable,55.07,0,,,9,,,130,Sound,,,
0,FORT,,1,1776624322.0544572,64.28,Game,1,Predictable,55.08,0,,,9,,,130,Sound,,,
0,FORT,,1,1776624322.0544572,64.29,Game,1,Predictable,55.09,0,,,9,,,130,Sound,,,
0,FORT,,1,1776624322.0544572,64.3,Game,1,Predictable,55.1,0,,,9,,,130,Sound,,,
0,FORT,,1,1776624322.0544572,64.32,Game,1,Predictable,55.11,0,,,9,,,130,Sound,,,
0,FORT,,1,1776624322.0544572,64.33,Game,1,Predictable,55.13,0,,,9,,,130,Sound,,,
0,FORT,,1,1776624322.0544572,64.34,Game,1,Predictable,55.14,0,,,9,,,130,Sound,,,
0,FORT,,1,1776624322.0544572,64.35,Game,1,Predictable,55.15,0,,,9,,,130,Sound,,,
0,FORT,,1,1776624322.0544572,64.36,Game,1,Predictable,55.16,0,,,9,,,130,Sound,,,
0,FORT,,1,1776624322.0544572,64.37,Game,1,Predictable,55.17,0,,,9,,,130,Sound,,,
0,FORT,,1,1776624322.0544572,64.38,Game,1,Predictable,55.18,0,,,9,,,130,Sound,,,
0,FORT,,1,1776624322.0544572,64.39,Game,1,Predictable,55.19,0,,,9,,,130,Sound,,,
0,FORT,,1,1776624322.0544572,64.4,Game,1,Predictable,55.2,0,,,9,,,130,Sound,,,
0,FORT,,1,1776624322.0544572,64.42,Game,1,Predictable,55.21,0,,,9,,,130,Sound,,,
0,FORT,,1,1776624322.0544572,64.43,Game,1,Predictable,55.23,0,,,9,,,130,Sound,,,
0,FORT,,1,1776624322.0544572,64.44,Game,1,Predictable,55.24,0,,,9,,,130,Sound,,,
0,FORT,,1,1776624322.0544572,64.45,Game,1,Predictable,55.25,0,,,9,,,130,Sound,,,
0,FORT,,1,1776624322.0544572,64.46,Game,1,Predictable,55.26,0,,,9,,,130,Sound,,,
0,FORT,,1,1776624322.0544572,64.47,Game,1,Predictable,55.27,0,,,9,,,130,Sound,,,
0,FORT,,1,1776624322.0544572,64.48,Game,1,Predictable,55.28,0,,,9,,,130,Sound,,,
0,FORT,,1,1776624322.0544572,64.49,Game,1,Predictable,55.29,0,,,9,,,130,Sound,,,
0,FORT,,1,1776624322.0544572,64.5,Game,1,Predictable,55.3,0,,,9,,,130,Sound,,,
0,FORT,,1,1776624322.0544572,64.52,Game,1,Predictable,55.31,0,,,9,,,130,Sound,,,
0,FORT,,1,1776624322.0544572,64.53,Game,1,Predictable,55.33,0,,,9,,,130,Sound,,,
0,FORT,,1,1776624322.0544572,64.54,Game,1,Predictable,55.34,0,,,9,,,130,Sound,,,
0,FORT,,1,1776624322.0544572,64.55,Game,1,Predictable,55.35,0,,,9,,,130,Sound,,,
0,FORT,,1,1776624322.0544572,64.56,Game,1,Predictable,55.36,0,,,9,,,130,Sound,,,
0,FORT,,1,1776624322.0544572,64.57,Game,1,Predictable,55.37,0,,,9,,,130,Sound,,,
0,FORT,,1,1776624322.0544572,64.58,Game,1,Predictable,55.38,0,,,9,,,130,Sound,,,
0,FORT,,1,1776624322.0544572,64.59,Game,1,Predictable,55.39,0,,,9,,,130,Sound,,,
0,FORT,,1,1776624322.0544572,64.6,Game,1,Predictable,55.4,0,,,9,,,130,Sound,,,
0,FORT,,1,1776624322.0544572,64.62,Game,1,Predictable,55.41,0,,,9,,,130,Sound,,,
0,FORT,,1,1776624322.0544572,64.63,Game,1,Predictable,55.43,0,,,9,,,130,Sound,,,
0,FORT,,1,1776624322.0544572,64.64,Game,1,Predictable,55.44,0,,,9,,,130,Sound,,,
0,FORT,,1,1776624322.0544572,64.65,Game,1,Predictable,55.45,0,,,9,,,130,Sound,,,
0,FORT,,1,1776624322.0544572,64.66,Game,1,Predictable,55.46,0,,,9,,,130,Sound,,,
0,FORT,,1,1776624322.0544572,64.67,Game,1,Predictable,55.47,0,,,9,,,130,Sound,,,
0,FORT,,1,1776624322.0544572,64.68,Game,1,Predictable,55.48,0,,,9,,,130,Sound,,,
0,FORT,,1,1776624322.0544572,64.69,Game,1,Predictable,55.49,0,,,9,,,130,Sound,,,
0,FORT,,1,1776624322.0544572,64.7,Game,1,Predictable,55.5,0,,,9,,,130,Sound,,,
0,FORT,,1,1776624322.0544572,64.72,Game,1,Predictable,55.51,0,,,9,,,130,Sound,,,
0,FORT,,1,1776624322.0544572,64.73,Game,1,Predictable,55.53,0,,,9,,,130,Sound,,,
0,FORT,,1,1776624322.0544572,64.74,Game,1,Predictable,55.54,0,,,9,,,130,Sound,,,
0,FORT,,1,1776624322.0544572,64.75,Game,1,Predictable,55.55,0,,,9,,,130,Sound,,,
0,FORT,,1,1776624322.0544572,64.76,Game,1,Predictable,55.56,0,,,9,,,130,Sound,,,
0,FORT,,1,1776624322.0544572,64.77,Game,1,Predictable,55.57,0,,,9,,,130,Sound,,,
0,FORT,,1,1776624322.0544572,64.78,Game,1,Predictable,55.58,0,,,9,,,130,Sound,,,
0,FORT,,1,1776624322.0544572,64.79,Game,1,Predictable,55.59,0,,,9,,,130,Sound,,,
0,FORT,,1,1776624322.0544572,64.8,Game,1,Predictable,55.6,0,,,9,,,130,Sound,,,
0,FORT,,1,1776624322.0544572,64.82,Game,1,Predictable,55.61,0,,,9,,,130,Sound,,,
0,FORT,,1,1776624322.0544572,64.83,Game,1,Predictable,55.63,0,,,9,,,130,Sound,,,
0,FORT,,1,1776624322.0544572,64.84,Game,1,Predictable,55.64,0,,,9,,,130,Sound,,,
0,FORT,,1,1776624322.0544572,64.85,Game,1,Predictable,55.65,0,,,9,,,130,Sound,,,
0,FORT,,1,1776624322.0544572,64.86,Game,1,Predictable,55.66,0,,,9,,,130,Sound,,,
0,FORT,,1,1776624322.0544572,64.88,Game,1,Predictable,55.67,0,,,9,,,130,Sound,,,
0,FORT,,1,1776624322.0544572,64.9,Game,1,Predictable,55.69,0,,,9,,,130,Sound,,,
0,FORT,,1,1776624322.0544572,64.91,Game,1,Predictable,55.71,0,,,9,,,130,Sound,,,
0,FORT,,1,1776624322.0544572,64.92,Game,1,Predictable,55.72,0,,,9,,,130,Sound,,,
0,FORT,,1,1776624322.0544572,64.93,Game,1,Predictable,55.73,0,,,9,,,130,Sound,,,
0,FORT,,1,1776624322.0544572,64.94,Game,1,Predictable,55.74,0,,,9,,,130,Sound,,,
0,FORT,,1,1776624322.0544572,64.95,Game,1,Predictable,55.75,0,,,9,,,130,Sound,,,
0,FORT,,1,1776624322.0544572,64.97,Game,1,Predictable,55.76,0,,,9,,,130,Sound,,,
0,FORT,,1,1776624322.0544572,64.98,Game,1,Predictable,55.78,0,,,9,,,130,Sound,,,
0,FORT,,1,1776624322.0544572,64.99,Game,1,Predictable,55.79,0,,,9,,,130,Sound,,,
0,FORT,,1,1776624322.0544572,65.0,Game,1,Predictable,55.8,0,,,9,,,130,Sound,,,
0,FORT,,1,1776624322.0544572,65.01,Game,1,Predictable,55.81,0,,,9,,,130,Sound,,,
0,FORT,,1,1776624322.0544572,65.02,Game,1,Predictable,55.82,0,,,9,,,130,Sound,,,
0,FORT,,1,1776624322.0544572,65.03,Game,1,Predictable,55.83,0,,,9,,,130,Sound,,,
0,FORT,,1,1776624322.0544572,65.04,Game,1,Predictable,55.84,0,,,9,,,130,Sound,,,
0,FORT,,1,1776624322.0544572,65.05,Game,1,Predictable,55.85,0,,,9,,,130,Sound,,,
0,FORT,,1,1776624322.0544572,65.07,Game,1,Predictable,55.86,0,,,9,,,130,Sound,,,
0,FORT,,1,1776624322.0544572,65.08,Game,1,Predictable,55.88,0,,,9,,,130,Sound,,,
0,FORT,,1,1776624322.0544572,65.09,Game,1,Predictable,55.89,0,,,9,,,130,Sound,,,
0,FORT,,1,1776624322.0544572,65.1,Game,1,Predictable,55.9,0,,,9,,,130,Sound,,,
0,FORT,,1,1776624322.0544572,65.11,Game,1,Predictable,55.91,0,,,9,,,130,Sound,,,
0,FORT,,1,1776624322.0544572,65.12,Game,1,Predictable,55.92,0,,,9,,,130,Sound,,,
0,FORT,,1,1776624322.0544572,65.13,Game,1,Predictable,55.93,0,,,9,,,130,Sound,,,
0,FORT,,1,1776624322.0544572,65.14,Game,1,Predictable,55.94,0,,,9,,,130,Sound,,,
0,FORT,,1,1776624322.0544572,65.15,Game,1,Predictable,55.95,0,,,9,,,130,Sound,,,
0,FORT,,1,1776624322.0544572,65.17,Game,1,Predictable,55.96,0,,,9,,,130,Sound,,,
0,FORT,,1,1776624322.0544572,65.18,Game,1,Predictable,55.98,0,,,9,,,130,Sound,,,
0,FORT,,1,1776624322.0544572,65.19,Game,1,Predictable,55.99,0,,,9,,,130,Sound,,,
0,FORT,,1,1776624322.0544572,65.2,Game,1,Predictable,56.0,0,,,9,,,130,Sound,,,
0,FORT,,1,1776624322.0544572,65.21,Game,1,Predictable,56.01,0,,,9,,,130,Sound,,,
0,FORT,,1,1776624322.0544572,65.22,Game,1,Predictable,56.02,0,,,9,,,130,Sound,,,
0,FORT,,1,1776624322.0544572,65.23,Game,1,Predictable,56.03,0,,,9,,,130,Sound,,,
0,FORT,,1,1776624322.0544572,65.24,Game,1,Predictable,56.04,0,,,9,,,130,Sound,,,
0,FORT,,1,1776624322.0544572,65.25,Game,1,Predictable,56.05,0,,,9,,,130,Sound,,,
0,FORT,,1,1776624322.0544572,65.27,Game,1,Predictable,56.06,0,,,9,,,130,Sound,,,
0,FORT,,1,1776624322.0544572,65.28,Game,1,Predictable,56.08,0,,,9,,,130,Sound,,,
0,FORT,,1,1776624322.0544572,65.29,Game,1,Predictable,56.09,0,,,9,,,130,Sound,,,
0,FORT,,1,1776624322.0544572,65.3,Game,1,Predictable,56.1,0,,,9,,,130,Sound,,,
0,FORT,,1,1776624322.0544572,65.31,Game,1,Predictable,56.11,0,,,9,,,130,Sound,,,
0,FORT,,1,1776624322.0544572,65.32,Game,1,Predictable,56.12,0,,,9,,,130,Sound,,,
0,FORT,,1,1776624322.0544572,65.33,Game,1,Predictable,56.13,0,,,9,,,130,Sound,,,
0,FORT,,1,1776624322.0544572,65.34,Game,1,Predictable,56.14,0,,,9,,,130,Sound,,,
0,FORT,,1,1776624322.0544572,65.35,Game,1,Predictable,56.15,0,,,9,,,130,Sound,,,
0,FORT,,1,1776624322.0544572,65.37,Game,1,Predictable,56.16,0,,,9,,,130,Sound,,,
0,FORT,,1,1776624322.0544572,65.38,Game,1,Predictable,56.18,0,,,9,,,130,Sound,,,
0,FORT,,1,1776624322.0544572,65.39,Game,1,Predictable,56.19,0,,,9,,,130,Sound,,,
0,FORT,,1,1776624322.0544572,65.4,Game,1,Predictable,56.2,0,,,9,,,130,Sound,,,
0,FORT,,1,1776624322.0544572,65.41,Game,1,Predictable,56.21,0,,,9,,,130,Sound,,,
0,FORT,,1,1776624322.0544572,65.42,Game,1,Predictable,56.22,0,,,9,,,130,Sound,,,
0,FORT,,1,1776624322.0544572,65.43,Game,1,Predictable,56.23,0,,,9,,,130,Sound,,,
0,FORT,,1,1776624322.0544572,65.44,Game,1,Predictable,56.24,0,,,9,,,130,Sound,,,
0,FORT,,1,1776624322.0544572,65.45,Game,1,Predictable,56.25,0,,,9,,,130,Sound,,,
0,FORT,,1,1776624322.0544572,65.47,Game,1,Predictable,56.26,0,,,9,,,130,Sound,,,
0,FORT,,1,1776624322.0544572,65.48,Game,1,Predictable,56.28,0,,,9,,,130,Sound,,,
0,FORT,,1,1776624322.0544572,65.49,Game,1,Predictable,56.29,0,,,9,,,130,Sound,,,
0,FORT,,1,1776624322.0544572,65.5,Game,1,Predictable,56.3,0,,,9,,,130,Sound,,,
0,FORT,,1,1776624322.0544572,65.51,Game,1,Predictable,56.31,0,,,9,,,130,Sound,,,
0,FORT,,1,1776624322.0544572,65.52,Game,1,Predictable,56.32,0,,,9,,,130,Sound,,,
0,FORT,,1,1776624322.0544572,65.53,Game,1,Predictable,56.33,0,,,9,,,130,Sound,,,
0,FORT,,1,1776624322.0544572,65.54,Game,1,Predictable,56.34,0,,,9,,,130,Sound,,,
0,FORT,,1,1776624322.0544572,65.55,Game,1,Predictable,56.35,0,,,9,,,130,Sound,,,
0,FORT,,1,1776624322.0544572,65.57,Game,1,Predictable,56.36,0,,,9,,,130,Sound,,,
0,FORT,,1,1776624322.0544572,65.58,Game,1,Predictable,56.38,0,,,9,,,130,Sound,,,
0,FORT,,1,1776624322.0544572,65.59,Game,1,Predictable,56.39,0,,,9,,,130,Sound,,,
0,FORT,,1,1776624322.0544572,65.6,Game,1,Predictable,56.4,0,,,9,,,130,Sound,,,
0,FORT,,1,1776624322.0544572,65.61,Game,1,Predictable,56.41,0,,,9,,,130,Sound,,,
0,FORT,,1,1776624322.0544572,65.62,Game,1,Predictable,56.42,0,,,9,,,130,Sound,,,
0,FORT,,1,1776624322.0544572,65.63,Game,1,Predictable,56.43,0,,,9,,,130,Sound,,,
0,FORT,,1,1776624322.0544572,65.64,Game,1,Predictable,56.44,0,,,9,,,130,Sound,,,
0,FORT,,1,1776624322.0544572,65.65,Game,1,Predictable,56.45,0,,,9,,,130,Sound,,,
0,FORT,,1,1776624322.0544572,65.67,Game,1,Predictable,56.46,0,,,9,,,130,Sound,,,
0,FORT,,1,1776624322.0544572,65.68,Game,1,Predictable,56.48,0,,,9,,,130,Sound,,,
0,FORT,,1,1776624322.0544572,65.69,Game,1,Predictable,56.49,0,,,9,,,130,Sound,,,
0,FORT,,1,1776624322.0544572,65.7,Game,1,Predictable,56.5,0,,,9,,,130,Sound,,,
0,FORT,,1,1776624322.0544572,65.71,Game,1,Predictable,56.51,0,,,9,,,130,Sound,,,
0,FORT,,1,1776624322.0544572,65.72,Game,1,Predictable,56.52,0,,,9,,,130,Sound,,,
0,FORT,,1,1776624322.0544572,65.73,Game,1,Predictable,56.53,0,,,9,,,130,Sound,,,
0,FORT,,1,1776624322.0544572,65.74,Game,1,Predictable,56.54,0,,,9,,,130,Sound,,,
0,FORT,,1,1776624322.0544572,65.75,Game,1,Predictable,56.55,0,,,9,,,130,Sound,,,
0,FORT,,1,1776624322.0544572,65.77,Game,1,Predictable,56.56,0,,,9,,,130,Sound,,,
0,FORT,,1,1776624322.0544572,65.78,Game,1,Predictable,56.58,0,,,9,,,130,Sound,,,
0,FORT,,1,1776624322.0544572,65.79,Game,1,Predictable,56.59,0,,,9,,,130,Sound,,,
0,FORT,,1,1776624322.0544572,65.8,Game,1,Predictable,56.6,0,,,9,,,130,Sound,,,
0,FORT,,1,1776624322.0544572,65.81,Game,1,Predictable,56.61,0,,,9,,,130,Sound,,,
0,FORT,,1,1776624322.0544572,65.82,Game,1,Predictable,56.62,0,,,9,,,130,Sound,,,
0,FORT,,1,1776624322.0544572,65.83,Game,1,Predictable,56.63,0,,,9,,,130,Sound,,,
0,FORT,,1,1776624322.0544572,65.84,Game,1,Predictable,56.64,0,,,9,,,130,Sound,,,
0,FORT,,1,1776624322.0544572,65.85,Game,1,Predictable,56.65,0,,,9,,,130,Sound,,,
0,FORT,,1,1776624322.0544572,65.87,Game,1,Predictable,56.66,0,,,9,,,130,Sound,,,
0,FORT,,1,1776624322.0544572,65.88,Game,1,Predictable,56.68,0,,,9,,,130,Sound,,,
0,FORT,,1,1776624322.0544572,65.89,Game,1,Predictable,56.69,0,,,9,,,130,Sound,,,
0,FORT,,1,1776624322.0544572,65.9,Game,1,Predictable,56.7,0,,,9,,,130,Sound,,,
0,FORT,,1,1776624322.0544572,65.91,Game,1,Predictable,56.71,0,,,9,,,130,Sound,,,
0,FORT,,1,1776624322.0544572,65.92,Game,1,Predictable,56.72,0,,,9,,,130,Sound,,,
0,FORT,,1,1776624322.0544572,65.93,Game,1,Predictable,56.73,0,,,9,,,130,Sound,,,
0,FORT,,1,1776624322.0544572,65.94,Game,1,Predictable,56.74,0,,,9,,,130,Sound,,,
0,FORT,,1,1776624322.0544572,65.95,Game,1,Predictable,56.75,0,,,9,,,130,Sound,,,
0,FORT,,1,1776624322.0544572,65.97,Game,1,Predictable,56.76,0,,,9,,,130,Sound,,,
0,FORT,,1,1776624322.0544572,65.98,Game,1,Predictable,56.78,0,,,9,,,130,Sound,,,
0,FORT,,1,1776624322.0544572,65.99,Game,1,Predictable,56.79,0,,,9,,,130,Sound,,,
0,FORT,,1,1776624322.0544572,66.0,Game,1,Predictable,56.8,0,,,9,,,130,Sound,,,
0,FORT,,1,1776624322.0544572,66.01,Game,1,Predictable,56.81,0,,,9,,,130,Sound,,,
0,FORT,,1,1776624322.0544572,66.02,Game,1,Predictable,56.82,0,,,9,,,130,Sound,,,
0,FORT,,1,1776624322.0544572,66.03,Game,1,Predictable,56.83,0,,,9,,,130,Sound,,,
0,FORT,,1,1776624322.0544572,66.04,Game,1,Predictable,56.84,0,,,9,,,130,Sound,,,
0,FORT,,1,1776624322.0544572,66.05,Game,1,Predictable,56.85,0,,,9,,,130,Sound,,,
0,FORT,,1,1776624322.0544572,66.07,Game,1,Predictable,56.86,0,,,9,,,130,Sound,,,
0,FORT,,1,1776624322.0544572,66.08,Game,1,Predictable,56.88,0,,,9,,,130,Sound,,,
0,FORT,,1,1776624322.0544572,66.09,Game,1,Predictable,56.89,0,,,9,,,130,Sound,,,
0,FORT,,1,1776624322.0544572,66.1,Game,1,Predictable,56.9,0,,,9,,,130,Sound,,,
0,FORT,,1,1776624322.0544572,66.11,Game,1,Predictable,56.91,0,,,9,,,130,Sound,,,
0,FORT,,1,1776624322.0544572,66.12,Game,1,Predictable,56.92,0,,,9,,,130,Sound,,,
0,FORT,,1,1776624322.0544572,66.13,Game,1,Predictable,56.93,0,,,9,,,130,Sound,,,
0,FORT,,1,1776624322.0544572,66.14,Game,1,Predictable,56.94,0,,,9,,,130,Sound,,,
0,FORT,,1,1776624322.0544572,66.15,Game,1,Predictable,56.95,0,,,9,,,130,Sound,,,
0,FORT,,1,1776624322.0544572,66.17,Game,1,Predictable,56.96,0,,,9,,,130,Sound,,,
0,FORT,,1,1776624322.0544572,66.18,Game,1,Predictable,56.98,0,,,9,,,130,Sound,,,
0,FORT,,1,1776624322.0544572,66.19,Game,1,Predictable,56.99,0,,,9,,,130,Sound,,,
0,FORT,,1,1776624322.0544572,66.2,Game,1,Predictable,57.0,0,,,9,,,130,Sound,,,
0,FORT,,1,1776624322.0544572,66.21,Game,1,Predictable,57.01,0,,,9,,,130,Sound,,,
0,FORT,,1,1776624322.0544572,66.22,Game,1,Predictable,57.02,0,,,9,,,130,Sound,,,
0,FORT,,1,1776624322.0544572,66.23,Game,1,Predictable,57.03,0,,,9,,,130,Sound,,,
0,FORT,,1,1776624322.0544572,66.24,Game,1,Predictable,57.04,0,,,9,,,130,Sound,,,
0,FORT,,1,1776624322.0544572,66.25,Game,1,Predictable,57.05,0,,,9,,,130,Sound,,,
0,FORT,,1,1776624322.0544572,66.27,Game,1,Predictable,57.06,0,,,9,,,130,Sound,,,
0,FORT,,1,1776624322.0544572,66.28,Game,1,Predictable,57.08,0,,,9,,,130,Sound,,,
0,FORT,,1,1776624322.0544572,66.29,Game,1,Predictable,57.09,0,,,9,,,130,Sound,,,
0,FORT,,1,1776624322.0544572,66.3,Game,1,Predictable,57.1,0,,,9,,,130,Sound,,,
0,FORT,,1,1776624322.0544572,66.31,Game,1,Predictable,57.11,0,,,9,,,130,Sound,,,
0,FORT,,1,1776624322.0544572,66.32,Game,1,Predictable,57.12,0,,,9,,,130,Sound,,,
0,FORT,,1,1776624322.0544572,66.33,Game,1,Predictable,57.13,0,,,9,,,130,Sound,,,
0,FORT,,1,1776624322.0544572,66.34,Game,1,Predictable,57.14,0,,,9,,,130,Sound,,,
0,FORT,,1,1776624322.0544572,66.35,Game,1,Predictable,57.15,0,,,9,,,130,Sound,,,
0,FORT,,1,1776624322.0544572,66.37,Game,1,Predictable,57.16,0,,,9,,,130,Sound,,,
0,FORT,,1,1776624322.0544572,66.38,Game,1,Predictable,57.18,0,,,9,,,130,Sound,,,
0,FORT,,1,1776624322.0544572,66.39,Game,1,Predictable,57.19,0,,,9,,,130,Sound,,,
0,FORT,,1,1776624322.0544572,66.4,Game,1,Predictable,57.2,0,,,9,,,130,Sound,,,
0,FORT,,1,1776624322.0544572,66.41,Game,1,Predictable,57.21,0,,,9,,,130,Sound,,,
0,FORT,,1,1776624322.0544572,66.42,Game,1,Predictable,57.22,0,,,9,,,130,Sound,,,
0,FORT,,1,1776624322.0544572,66.43,Game,1,Predictable,57.23,0,,,9,,,130,Sound,,,
0,FORT,,1,1776624322.0544572,66.44,Game,1,Predictable,57.24,0,,,9,,,130,Sound,,,
0,FORT,,1,1776624322.0544572,66.45,Game,1,Predictable,57.25,0,,,9,,,130,Sound,,,
0,FORT,,1,1776624322.0544572,66.47,Game,1,Predictable,57.26,0,,,9,,,130,Sound,,,
0,FORT,,1,1776624322.0544572,66.48,Game,1,Predictable,57.28,0,,,9,,,130,Sound,,,
0,FORT,,1,1776624322.0544572,66.49,Game,1,Predictable,57.29,0,,,9,,,130,Sound,,,
0,FORT,,1,1776624322.0544572,66.5,Game,1,Predictable,57.3,0,,,9,,,130,Sound,,,
0,FORT,,1,1776624322.0544572,66.51,Game,1,Predictable,57.31,0,,,9,,,130,Sound,,,
0,FORT,,1,1776624322.0544572,66.52,Game,1,Predictable,57.32,0,,,9,,,130,Sound,,,
0,FORT,,1,1776624322.0544572,66.53,Game,1,Predictable,57.33,0,,,9,,,130,Sound,,,
0,FORT,,1,1776624322.0544572,66.54,Game,1,Predictable,57.34,0,,,9,,,130,Sound,,,
0,FORT,,1,1776624322.0544572,66.55,Game,1,Predictable,57.35,0,,,9,,,130,Sound,,,
0,FORT,,1,1776624322.0544572,66.57,Game,1,Predictable,57.36,0,,,9,,,130,Sound,,,
0,FORT,,1,1776624322.0544572,66.58,Game,1,Predictable,57.38,0,,,9,,,130,Sound,,,
0,FORT,,1,1776624322.0544572,66.59,Game,1,Predictable,57.39,0,,,9,,,130,Sound,,,
0,FORT,,1,1776624322.0544572,66.6,Game,1,Predictable,57.4,0,,,9,,,130,Sound,,,
0,FORT,,1,1776624322.0544572,66.61,Game,1,Predictable,57.41,0,,,9,,,130,Sound,,,
0,FORT,,1,1776624322.0544572,66.62,Game,1,Predictable,57.42,0,,,9,,,130,Sound,,,
0,FORT,,1,1776624322.0544572,66.63,Game,1,Predictable,57.43,0,,,9,,,130,Sound,,,
0,FORT,,1,1776624322.0544572,66.64,Game,1,Predictable,57.44,0,,,9,,,130,Sound,,,
0,FORT,,1,1776624322.0544572,66.65,Game,1,Predictable,57.45,0,,,9,,,130,Sound,,,
0,FORT,,1,1776624322.0544572,66.67,Game,1,Predictable,57.46,0,,,9,,,130,Sound,,,
0,FORT,,1,1776624322.0544572,66.68,Game,1,Predictable,57.48,0,,,9,,,130,Sound,,,
0,FORT,,1,1776624322.0544572,66.69,Game,1,Predictable,57.49,0,,,9,,,130,Sound,,,
0,FORT,,1,1776624322.0544572,66.7,Game,1,Predictable,57.5,0,,,9,,,130,Sound,,,
0,FORT,,1,1776624322.0544572,66.71,Game,1,Predictable,57.51,0,,,9,,,130,Sound,,,
0,FORT,,1,1776624322.0544572,66.72,Game,1,Predictable,57.52,0,,,9,,,130,Sound,,,
0,FORT,,1,1776624322.0544572,66.73,Game,1,Predictable,57.53,0,,,9,,,130,Sound,,,
0,FORT,,1,1776624322.0544572,66.74,Game,1,Predictable,57.54,0,,,9,,,130,Sound,,,
0,FORT,,1,1776624322.0544572,66.75,Game,1,Predictable,57.55,0,,,9,,,130,Sound,,,
0,FORT,,1,1776624322.0544572,66.77,Game,1,Predictable,57.56,0,,,9,,,130,Sound,,,
0,FORT,,1,1776624322.0544572,66.78,Game,1,Predictable,57.58,0,,,9,,,130,Sound,,,
0,FORT,,1,1776624322.0544572,66.79,Game,1,Predictable,57.59,0,,,9,,,130,Sound,,,
0,FORT,,1,1776624322.0544572,66.8,Game,1,Predictable,57.6,0,,,9,,,130,Sound,,,
0,FORT,,1,1776624322.0544572,66.81,Game,1,Predictable,57.61,0,,,9,,,130,Sound,,,
0,FORT,,1,1776624322.0544572,66.82,Game,1,Predictable,57.62,0,,,9,,,130,Sound,,,
0,FORT,,1,1776624322.0544572,66.83,Game,1,Predictable,57.63,0,,,9,,,130,Sound,,,
0,FORT,,1,1776624322.0544572,66.84,Game,1,Predictable,57.64,0,,,9,,,130,Sound,,,
0,FORT,,1,1776624322.0544572,66.85,Game,1,Predictable,57.65,0,,,9,,,130,Sound,,,
0,FORT,,1,1776624322.0544572,66.87,Game,1,Predictable,57.66,0,,,9,,,130,Sound,,,
0,FORT,,1,1776624322.0544572,66.88,Game,1,Predictable,57.68,0,,,9,,,130,Sound,,,
0,FORT,,1,1776624322.0544572,66.89,Game,1,Predictable,57.69,0,,,9,,,130,Sound,,,
0,FORT,,1,1776624322.0544572,66.9,Game,1,Predictable,57.7,0,,,9,,,130,Sound,,,
0,FORT,,1,1776624322.0544572,66.91,Game,1,Predictable,57.71,0,,,9,,,130,Sound,,,
0,FORT,,1,1776624322.0544572,66.92,Game,1,Predictable,57.72,0,,,9,,,130,Sound,,,
0,FORT,,1,1776624322.0544572,66.93,Game,1,Predictable,57.73,0,,,9,,,130,Sound,,,
0,FORT,,1,1776624322.0544572,66.94,Game,1,Predictable,57.74,0,,,9,,,130,Sound,,,
0,FORT,,1,1776624322.0544572,66.95,Game,1,Predictable,57.75,0,,,9,,,130,Sound,,,
0,FORT,,1,1776624322.0544572,66.97,Game,1,Predictable,57.76,0,,,9,,,130,Sound,,,
0,FORT,,1,1776624322.0544572,66.98,Game,1,Predictable,57.78,0,,,9,,,130,Sound,,,
0,FORT,,1,1776624322.0544572,66.99,Game,1,Predictable,57.79,0,,,9,,,130,Sound,,,
0,FORT,,1,1776624322.0544572,67.0,Game,1,Predictable,57.8,0,,,9,,,130,Sound,,,
0,FORT,,1,1776624322.0544572,67.01,Game,1,Predictable,57.81,0,,,9,,,130,Sound,,,
0,FORT,,1,1776624322.0544572,67.02,Game,1,Predictable,57.82,0,,,9,,,130,Sound,,,
0,FORT,,1,1776624322.0544572,67.03,Game,1,Predictable,57.83,0,,,9,,,130,Sound,,,
0,FORT,,1,1776624322.0544572,67.04,Game,1,Predictable,57.84,0,,,9,,,130,Sound,,,
0,FORT,,1,1776624322.0544572,67.05,Game,1,Predictable,57.85,0,,,9,,,130,Sound,,,
0,FORT,,1,1776624322.0544572,67.07,Game,1,Predictable,57.86,0,,,9,,,130,Sound,,,
0,FORT,,1,1776624322.0544572,67.08,Game,1,Predictable,57.88,0,,,9,,,130,Sound,,,
0,FORT,,1,1776624322.0544572,67.09,Game,1,Predictable,57.89,0,,,9,,,130,Sound,,,
0,FORT,,1,1776624322.0544572,67.1,Game,1,Predictable,57.9,0,,,9,,,130,Sound,,,
0,FORT,,1,1776624322.0544572,67.11,Game,1,Predictable,57.91,0,,,9,,,130,Sound,,,
0,FORT,,1,1776624322.0544572,67.12,Game,1,Predictable,57.92,0,,,9,,,130,Sound,,,
0,FORT,,1,1776624322.0544572,67.13,Game,1,Predictable,57.93,0,,,9,,,130,Sound,,,
0,FORT,,1,1776624322.0544572,67.14,Game,1,Predictable,57.94,0,,,9,,,130,Sound,,,
0,FORT,,1,1776624322.0544572,67.15,Game,1,Predictable,57.95,0,,,9,,,130,Sound,,,
0,FORT,,1,1776624322.0544572,67.17,Game,1,Predictable,57.96,0,,,9,,,130,Sound,,,
0,FORT,,1,1776624322.0544572,67.18,Game,1,Predictable,57.98,0,,,9,,,130,Sound,,,
0,FORT,,1,1776624322.0544572,67.19,Game,1,Predictable,57.99,0,,,9,,,130,Sound,,,
0,FORT,,1,1776624322.0544572,67.2,Game,1,Predictable,58.0,0,,,9,,,130,Sound,,,
0,FORT,,1,1776624322.0544572,67.21,Game,1,Predictable,58.01,0,,,9,,,130,Sound,,,
0,FORT,,1,1776624322.0544572,67.22,Game,1,Predictable,58.02,0,,,9,,,130,Sound,,,
0,FORT,,1,1776624322.0544572,67.23,Game,1,Predictable,58.03,0,,,9,,,130,Sound,,,
0,FORT,,1,1776624322.0544572,67.24,Game,1,Predictable,58.04,0,,,9,,,130,Sound,,,
0,FORT,,1,1776624322.0544572,67.25,Game,1,Predictable,58.05,0,,,9,,,130,Sound,,,
0,FORT,,1,1776624322.0544572,67.27,Game,1,Predictable,58.06,0,,,9,,,130,Sound,,,
0,FORT,,1,1776624322.0544572,67.28,Game,1,Predictable,58.08,0,,,9,,,130,Sound,,,
0,FORT,,1,1776624322.0544572,67.29,Game,1,Predictable,58.09,0,,,9,,,130,Sound,,,
0,FORT,,1,1776624322.0544572,67.3,Game,1,Predictable,58.1,0,,,9,,,130,Sound,,,
0,FORT,,1,1776624322.0544572,67.31,Game,1,Predictable,58.11,0,,,9,,,130,Sound,,,
0,FORT,,1,1776624322.0544572,67.32,Game,1,Predictable,58.12,0,,,9,,,130,Sound,,,
0,FORT,,1,1776624322.0544572,67.33,Game,1,Predictable,58.13,0,,,9,,,130,Sound,,,
0,FORT,,1,1776624322.0544572,67.34,Game,1,Predictable,58.14,0,,,9,,,130,Sound,,,
0,FORT,,1,1776624322.0544572,67.35,Game,1,Predictable,58.15,0,,,9,,,130,Sound,,,
0,FORT,,1,1776624322.0544572,67.37,Game,1,Predictable,58.16,0,,,9,,,130,Sound,,,
0,FORT,,1,1776624322.0544572,67.38,Game,1,Predictable,58.18,0,,,9,,,130,Sound,,,
0,FORT,,1,1776624322.0544572,67.39,Game,1,Predictable,58.19,0,,,9,,,130,Sound,,,
0,FORT,,1,1776624322.0544572,67.4,Game,1,Predictable,58.2,0,,,9,,,130,Sound,,,
0,FORT,,1,1776624322.0544572,67.41,Game,1,Predictable,58.21,0,,,9,,,130,Sound,,,
0,FORT,,1,1776624322.0544572,67.42,Game,1,Predictable,58.22,0,,,9,,,130,Sound,,,
0,FORT,,1,1776624322.0544572,67.43,Game,1,Predictable,58.23,0,,,9,,,130,Sound,,,
0,FORT,,1,1776624322.0544572,67.44,Game,1,Predictable,58.24,0,,,9,,,130,Sound,,,
0,FORT,,1,1776624322.0544572,67.45,Game,1,Predictable,58.25,0,,,9,,,130,Sound,,,
0,FORT,,1,1776624322.0544572,67.47,Game,1,Predictable,58.26,0,,,9,,,130,Sound,,,
0,FORT,,1,1776624322.0544572,67.48,Game,1,Predictable,58.28,0,,,9,,,130,Sound,,,
0,FORT,,1,1776624322.0544572,67.49,Game,1,Predictable,58.29,0,,,9,,,130,Sound,,,
0,FORT,,1,1776624322.0544572,67.5,Game,1,Predictable,58.3,0,,,9,,,130,Sound,,,
0,FORT,,1,1776624322.0544572,67.51,Game,1,Predictable,58.31,0,,,9,,,130,Sound,,,
0,FORT,,1,1776624322.0544572,67.52,Game,1,Predictable,58.32,0,,,9,,,130,Sound,,,
0,FORT,,1,1776624322.0544572,67.53,Game,1,Predictable,58.33,0,,,9,,,130,Sound,,,
0,FORT,,1,1776624322.0544572,67.54,Game,1,Predictable,58.34,0,,,9,,,130,Sound,,,
0,FORT,,1,1776624322.0544572,67.55,Game,1,Predictable,58.35,0,,,9,,,130,Sound,,,
0,FORT,,1,1776624322.0544572,67.57,Game,1,Predictable,58.36,0,,,9,,,130,Sound,,,
0,FORT,,1,1776624322.0544572,67.58,Game,1,Predictable,58.38,0,,,9,,,130,Sound,,,
0,FORT,,1,1776624322.0544572,67.59,Game,1,Predictable,58.39,0,,,9,,,130,Sound,,,
0,FORT,,1,1776624322.0544572,67.6,Game,1,Predictable,58.4,0,,,9,,,130,Sound,,,
0,FORT,,1,1776624322.0544572,67.61,Game,1,Predictable,58.41,0,,,9,,,130,Sound,,,
0,FORT,,1,1776624322.0544572,67.62,Game,1,Predictable,58.42,0,,,9,,,130,Sound,,,
0,FORT,,1,1776624322.0544572,67.63,Game,1,Predictable,58.43,0,,,9,,,130,Sound,,,
0,FORT,,1,1776624322.0544572,67.64,Game,1,Predictable,58.44,0,,,9,,,130,Sound,,,
0,FORT,,1,1776624322.0544572,67.65,Game,1,Predictable,58.45,0,,,9,,,130,Sound,,,
0,FORT,,1,1776624322.0544572,67.67,Game,1,Predictable,58.46,0,,,9,,,130,Sound,,,
0,FORT,,1,1776624322.0544572,67.68,Game,1,Predictable,58.48,0,,,9,,,130,Sound,,,
0,FORT,,1,1776624322.0544572,67.69,Game,1,Predictable,58.49,0,,,9,,,130,Sound,,,
0,FORT,,1,1776624322.0544572,67.7,Game,1,Predictable,58.5,0,,,9,,,130,Sound,,,
0,FORT,,1,1776624322.0544572,67.71,Game,1,Predictable,58.51,0,,,9,,,130,Sound,,,
0,FORT,,1,1776624322.0544572,67.72,Game,1,Predictable,58.52,0,,,9,,,130,Sound,,,
0,FORT,,1,1776624322.0544572,67.73,Game,1,Predictable,58.53,0,,,9,,,130,Sound,,,
0,FORT,,1,1776624322.0544572,67.74,Game,1,Predictable,58.54,0,,,9,,,130,Sound,,,
0,FORT,,1,1776624322.0544572,67.75,Game,1,Predictable,58.55,0,,,9,,,130,Sound,,,
0,FORT,,1,1776624322.0544572,67.77,Game,1,Predictable,58.56,0,,,9,,,130,Sound,,,
0,FORT,,1,1776624322.0544572,67.78,Game,1,Predictable,58.58,0,,,9,,,130,Sound,,,
0,FORT,,1,1776624322.0544572,67.79,Game,1,Predictable,58.59,0,,,9,,,130,Sound,,,
0,FORT,,1,1776624322.0544572,67.8,Game,1,Predictable,58.6,0,,,9,,,130,Sound,,,
0,FORT,,1,1776624322.0544572,67.81,Game,1,Predictable,58.61,0,,,9,,,130,Sound,,,
0,FORT,,1,1776624322.0544572,67.82,Game,1,Predictable,58.62,0,,,9,,,130,Sound,,,
0,FORT,,1,1776624322.0544572,67.83,Game,1,Predictable,58.63,0,,,9,,,130,Sound,,,
0,FORT,,1,1776624322.0544572,67.84,Game,1,Predictable,58.64,0,,,9,,,130,Sound,,,
0,FORT,,1,1776624322.0544572,67.85,Game,1,Predictable,58.65,0,,,9,,,130,Sound,,,
0,FORT,,1,1776624322.0544572,67.87,Game,1,Predictable,58.66,0,,,9,,,130,Sound,,,
0,FORT,,1,1776624322.0544572,67.88,Game,1,Predictable,58.68,0,,,9,,,130,Sound,,,
0,FORT,,1,1776624322.0544572,67.89,Game,1,Predictable,58.69,0,,,9,,,130,Sound,,,
0,FORT,,1,1776624322.0544572,67.9,Game,1,Predictable,58.7,0,,,9,,,130,Sound,,,
0,FORT,,1,1776624322.0544572,67.91,Game,1,Predictable,58.71,0,,,9,,,130,Sound,,,
0,FORT,,1,1776624322.0544572,67.92,Game,1,Predictable,58.72,0,,,9,,,130,Sound,,,
0,FORT,,1,1776624322.0544572,67.93,Game,1,Predictable,58.73,0,,,9,,,130,Sound,,,
0,FORT,,1,1776624322.0544572,67.94,Game,1,Predictable,58.74,0,,,9,,,130,Sound,,,
0,FORT,,1,1776624322.0544572,67.95,Game,1,Predictable,58.75,0,,,9,,,130,Sound,,,
0,FORT,,1,1776624322.0544572,67.97,Game,1,Predictable,58.76,0,,,9,,,130,Sound,,,
0,FORT,,1,1776624322.0544572,67.98,Game,1,Predictable,58.78,0,,,9,,,130,Sound,,,
0,FORT,,1,1776624322.0544572,67.99,Game,1,Predictable,58.79,0,,,9,,,130,Sound,,,
0,FORT,,1,1776624322.0544572,68.0,Game,1,Predictable,58.8,0,,,9,,,130,Sound,,,
0,FORT,,1,1776624322.0544572,68.01,Game,1,Predictable,58.81,0,,,9,,,130,Sound,,,
0,FORT,,1,1776624322.0544572,68.02,Game,1,Predictable,58.82,0,,,9,,,130,Sound,,,
0,FORT,,1,1776624322.0544572,68.03,Game,1,Predictable,58.83,0,,,9,,,130,Sound,,,
0,FORT,,1,1776624322.0544572,68.04,Game,1,Predictable,58.84,0,,,9,,,130,Sound,,,
0,FORT,,1,1776624322.0544572,68.05,Game,1,Predictable,58.85,0,,,9,,,130,Sound,,,
0,FORT,,1,1776624322.0544572,68.07,Game,1,Predictable,58.86,0,,,9,,,130,Sound,,,
0,FORT,,1,1776624322.0544572,68.08,Game,1,Predictable,58.88,0,,,9,,,130,Sound,,,
0,FORT,,1,1776624322.0544572,68.09,Game,1,Predictable,58.89,0,,,9,,,130,Sound,,,
0,FORT,,1,1776624322.0544572,68.1,Game,1,Predictable,58.9,0,,,9,,,130,Sound,,,
0,FORT,,1,1776624322.0544572,68.11,Game,1,Predictable,58.91,0,,,9,,,130,Sound,,,
0,FORT,,1,1776624322.0544572,68.12,Game,1,Predictable,58.92,0,,,9,,,130,Sound,,,
0,FORT,,1,1776624322.0544572,68.13,Game,1,Predictable,58.93,0,,,9,,,130,Sound,,,
0,FORT,,1,1776624322.0544572,68.14,Game,1,Predictable,58.94,0,,,9,,,130,Sound,,,
0,FORT,,1,1776624322.0544572,68.15,Game,1,Predictable,58.95,0,,,9,,,130,Sound,,,
0,FORT,,1,1776624322.0544572,68.17,Game,1,Predictable,58.96,0,,,9,,,130,Sound,,,
0,FORT,,1,1776624322.0544572,68.18,Game,1,Predictable,58.98,0,,,9,,,130,Sound,,,
0,FORT,,1,1776624322.0544572,68.19,Game,1,Predictable,58.99,0,,,9,,,130,Sound,,,
0,FORT,,1,1776624322.0544572,68.2,Game,1,Predictable,59.0,0,,,9,,,130,Sound,,,
0,FORT,,1,1776624322.0544572,68.21,Game,1,Predictable,59.01,0,,,9,,,130,Sound,,,
0,FORT,,1,1776624322.0544572,68.22,Game,1,Predictable,59.02,0,,,9,,,130,Sound,,,
0,FORT,,1,1776624322.0544572,68.23,Game,1,Predictable,59.03,0,,,9,,,130,Sound,,,
0,FORT,,1,1776624322.0544572,68.24,Game,1,Predictable,59.04,0,,,9,,,130,Sound,,,
0,FORT,,1,1776624322.0544572,68.25,Game,1,Predictable,59.05,0,,,9,,,130,Sound,,,
0,FORT,,1,1776624322.0544572,68.27,Game,1,Predictable,59.06,0,,,9,,,130,Sound,,,
0,FORT,,1,1776624322.0544572,68.28,Game,1,Predictable,59.08,0,,,9,,,130,Sound,,,
0,FORT,,1,1776624322.0544572,68.29,Game,1,Predictable,59.09,0,,,9,,,130,Sound,,,
0,FORT,,1,1776624322.0544572,68.3,Game,1,Predictable,59.1,0,,,9,,,130,Sound,,,
0,FORT,,1,1776624322.0544572,68.31,Game,1,Predictable,59.11,0,,,9,,,130,Sound,,,
0,FORT,,1,1776624322.0544572,68.32,Game,1,Predictable,59.12,0,,,9,,,130,Sound,,,
0,FORT,,1,1776624322.0544572,68.33,Game,1,Predictable,59.13,0,,,9,,,130,Sound,,,
0,FORT,,1,1776624322.0544572,68.34,Game,1,Predictable,59.14,0,,,9,,,130,Sound,,,
0,FORT,,1,1776624322.0544572,68.35,Game,1,Predictable,59.15,0,,,9,,,130,Sound,,,
0,FORT,,1,1776624322.0544572,68.37,Game,1,Predictable,59.16,0,,,9,,,130,Sound,,,
0,FORT,,1,1776624322.0544572,68.38,Game,1,Predictable,59.18,0,,,9,,,130,Sound,,,
0,FORT,,1,1776624322.0544572,68.39,Game,1,Predictable,59.19,0,,,9,,,130,Sound,,,
0,FORT,,1,1776624322.0544572,68.4,Game,1,Predictable,59.2,0,,,9,,,130,Sound,,,
0,FORT,,1,1776624322.0544572,68.42,Game,1,Predictable,59.21,0,,,9,,,130,Sound,,,
0,FORT,,1,1776624322.0544572,68.43,Game,1,Predictable,59.23,0,,,9,,,130,Sound,,,
0,FORT,,1,1776624322.0544572,68.44,Game,1,Predictable,59.24,0,,,9,,,130,Sound,,,
0,FORT,,1,1776624322.0544572,68.45,Game,1,Predictable,59.25,0,,,9,,,130,Sound,,,
0,FORT,,1,1776624322.0544572,68.46,Game,1,Predictable,59.26,0,,,9,,,130,Sound,,,
0,FORT,,1,1776624322.0544572,68.47,Game,1,Predictable,59.27,0,,,9,,,130,Sound,,,
0,FORT,,1,1776624322.0544572,68.48,Game,1,Predictable,59.28,0,,,9,,,130,Sound,,,
0,FORT,,1,1776624322.0544572,68.49,Game,1,Predictable,59.29,0,,,9,,,130,Sound,,,
0,FORT,,1,1776624322.0544572,68.5,Game,1,Predictable,59.3,0,,,9,,,130,Sound,,,
0,FORT,,1,1776624322.0544572,68.52,Game,1,Predictable,59.31,0,,,9,,,130,Sound,,,
0,FORT,,1,1776624322.0544572,68.53,Game,1,Predictable,59.33,0,,,9,,,130,Sound,,,
0,FORT,,1,1776624322.0544572,68.54,Game,1,Predictable,59.34,0,,,9,,,130,Sound,,,
0,FORT,,1,1776624322.0544572,68.55,Game,1,Predictable,59.35,0,,,9,,,130,Sound,,,
0,FORT,,1,1776624322.0544572,68.56,Game,1,Predictable,59.36,0,,,9,,,130,Sound,,,
0,FORT,,1,1776624322.0544572,68.57,Game,1,Predictable,59.37,0,,,9,,,130,Sound,,,
0,FORT,,1,1776624322.0544572,68.58,Game,1,Predictable,59.38,0,,,9,,,130,Sound,,,
0,FORT,,1,1776624322.0544572,68.59,Game,1,Predictable,59.39,0,,,9,,,130,Sound,,,
0,FORT,,1,1776624322.0544572,68.6,Game,1,Predictable,59.4,0,,,9,,,130,Sound,,,
0,FORT,,1,1776624322.0544572,68.62,Game,1,Predictable,59.41,0,,,9,,,130,Sound,,,
0,FORT,,1,1776624322.0544572,68.63,Game,1,Predictable,59.43,0,,,9,,,130,Sound,,,
0,FORT,,1,1776624322.0544572,68.64,Game,1,Predictable,59.44,0,,,9,,,130,Sound,,,
0,FORT,,1,1776624322.0544572,68.65,Game,1,Predictable,59.45,0,,,9,,,130,Sound,,,
0,FORT,,1,1776624322.0544572,68.66,Game,1,Predictable,59.46,0,,,9,,,130,Sound,,,
0,FORT,,1,1776624322.0544572,68.67,Game,1,Predictable,59.47,0,,,9,,,130,Sound,,,
0,FORT,,1,1776624322.0544572,68.68,Game,1,Predictable,59.48,0,,,9,,,130,Sound,,,
0,FORT,,1,1776624322.0544572,68.69,Game,1,Predictable,59.49,0,,,9,,,130,Sound,,,
0,FORT,,1,1776624322.0544572,68.7,Game,1,Predictable,59.5,0,,,9,,,130,Sound,,,
0,FORT,,1,1776624322.0544572,68.72,Game,1,Predictable,59.51,0,,,9,,,130,Sound,,,
0,FORT,,1,1776624322.0544572,68.73,Game,1,Predictable,59.53,0,,,9,,,130,Sound,,,
0,FORT,,1,1776624322.0544572,68.74,Game,1,Predictable,59.54,0,,,9,,,130,Sound,,,
0,FORT,,1,1776624322.0544572,68.75,Game,1,Predictable,59.55,0,,,9,,,130,Sound,,,
0,FORT,,1,1776624322.0544572,68.76,Game,1,Predictable,59.56,0,,,9,,,130,Sound,,,
0,FORT,,1,1776624322.0544572,68.77,Game,1,Predictable,59.57,0,,,9,,,130,Sound,,,
0,FORT,,1,1776624322.0544572,68.78,Game,1,Predictable,59.58,0,,,9,,,130,Sound,,,
0,FORT,,1,1776624322.0544572,68.79,Game,1,Predictable,59.59,0,,,9,,,130,Sound,,,
0,FORT,,1,1776624322.0544572,68.8,Game,1,Predictable,59.6,0,,,9,,,130,Sound,,,
0,FORT,,1,1776624322.0544572,68.82,Game,1,Predictable,59.61,0,,,9,,,130,Sound,,,
0,FORT,,1,1776624322.0544572,68.83,Game,1,Predictable,59.63,0,,,9,,,130,Sound,,,
0,FORT,,1,1776624322.0544572,68.84,Game,1,Predictable,59.64,0,,,9,,,130,Sound,,,
0,FORT,,1,1776624322.0544572,68.85,Game,1,Predictable,59.65,0,,,9,,,130,Sound,,,
0,FORT,,1,1776624322.0544572,68.86,Game,1,Predictable,59.66,0,,,9,,,130,Sound,,,
0,FORT,,1,1776624322.0544572,68.87,Game,1,Predictable,59.67,0,,,9,,,130,Sound,,,
0,FORT,,1,1776624322.0544572,68.88,Game,1,Predictable,59.68,0,,,9,,,130,Sound,,,
0,FORT,,1,1776624322.0544572,68.89,Game,1,Predictable,59.69,0,,,9,,,130,Sound,,,
0,FORT,,1,1776624322.0544572,68.9,Game,1,Predictable,59.7,0,,,9,,,130,Sound,,,
0,FORT,,1,1776624322.0544572,68.92,Game,1,Predictable,59.71,0,,,9,,,130,Sound,,,
0,FORT,,1,1776624322.0544572,68.93,Game,1,Predictable,59.73,0,,,9,,,130,Sound,,,
0,FORT,,1,1776624322.0544572,68.94,Game,1,Predictable,59.74,0,,,9,,,130,Sound,,,
0,FORT,,1,1776624322.0544572,68.95,Game,1,Predictable,59.75,0,,,9,,,130,Sound,,,
0,FORT,,1,1776624322.0544572,68.96,Game,1,Predictable,59.76,0,,,9,,,130,Sound,,,
0,FORT,,1,1776624322.0544572,68.97,Game,1,Predictable,59.77,0,,,9,,,130,Sound,,,
0,FORT,,1,1776624322.0544572,68.98,Game,1,Predictable,59.78,0,,,9,,,130,Sound,,,
0,FORT,,1,1776624322.0544572,68.99,Game,1,Predictable,59.79,0,,,9,,,130,Sound,,,
0,FORT,,1,1776624322.0544572,69.0,Game,1,Predictable,59.8,0,,,9,,,130,Sound,,,
0,FORT,,1,1776624322.0544572,69.02,Game,1,Predictable,59.81,0,,,9,,,130,Sound,,,
0,FORT,,1,1776624322.0544572,69.03,Game,1,Predictable,59.83,0,,,9,,,130,Sound,,,
0,FORT,,1,1776624322.0544572,69.04,Game,1,Predictable,59.84,0,,,9,,,130,Sound,,,
0,FORT,,1,1776624322.0544572,69.05,Game,1,Predictable,59.85,0,,,9,,,130,Sound,,,
0,FORT,,1,1776624322.0544572,69.06,Game,1,Predictable,59.86,0,,,9,,,130,Sound,,,
0,FORT,,1,1776624322.0544572,69.07,Game,1,Predictable,59.87,0,,,9,,,130,Sound,,,
0,FORT,,1,1776624322.0544572,69.08,Game,1,Predictable,59.88,0,,,9,,,130,Sound,,,
0,FORT,,1,1776624322.0544572,69.09,Game,1,Predictable,59.89,0,,,9,,,130,Sound,,,
0,FORT,,1,1776624322.0544572,69.1,Game,1,Predictable,59.9,0,,,9,,,130,Sound,,,
0,FORT,,1,1776624322.0544572,69.12,Game,1,Predictable,59.91,0,,,9,,,130,Sound,,,
0,FORT,,1,1776624322.0544572,69.13,Game,1,Predictable,59.93,0,,,9,,,130,Sound,,,
0,FORT,,1,1776624322.0544572,69.14,Game,1,Predictable,59.94,0,,,9,,,130,Sound,,,
0,FORT,,1,1776624322.0544572,69.15,Game,1,Predictable,59.95,0,,,9,,,130,Sound,,,
0,FORT,,1,1776624322.0544572,69.16,Game,1,Predictable,59.96,0,,,9,,,130,Sound,,,
0,FORT,,1,1776624322.0544572,69.17,Game,1,Predictable,59.97,0,,,9,,,130,Sound,,,
0,FORT,,1,1776624322.0544572,69.18,Game,1,Predictable,59.98,0,,,9,,,130,Sound,,,
0,FORT,,1,1776624322.0544572,69.19,Game,1,Predictable,59.99,0,,,9,,,130,Sound,,,
0,FORT,,1,1776624322.0544572,69.2,Game,1,Predictable,60.0,0,1,,9,,,131,Sound,,,
0,FORT,,1,1776624322.0544572,69.26,Game,1,Predictable,60.0,0,1,,9,,,131,Sound,,,
0,FORT,,1,1776624322.0544572,69.31,Game,1,Predictable,60.0,0,1,,9,,,131,Sound,,,
0,FORT,,1,1776624322.0544572,69.37,Game,1,Predictable,60.0,0,1,,9,,,131,Sound,,,
0,FORT,,1,1776624322.0544572,69.42,Game,1,Predictable,60.0,0,1,,9,,,131,Sound,,,
0,FORT,,1,1776624322.0544572,69.48,Game,1,Predictable,60.0,0,1,,9,,,131,Sound,,,
0,FORT,,1,1776624322.0544572,69.54,Game,1,Predictable,60.0,0,1,,9,,,131,Sound,,,
0,FORT,,1,1776624322.0544572,69.59,Game,1,Predictable,60.0,0,1,,9,,,131,Sound,,,
0,FORT,,1,1776624322.0544572,69.65,Game,1,Predictable,60.0,0,1,,9,,,131,Sound,,,
0,FORT,,1,1776624322.0544572,69.7,Game,1,Predictable,60.0,0,1,,9,,,131,Sound,,,
0,FORT,,1,1776624322.0544572,69.76,Game,1,Predictable,60.0,0,1,,9,,,131,Sound,,,
0,FORT,,1,1776624322.0544572,69.81,Game,1,Predictable,60.0,0,1,,9,,,131,Sound,,,
0,FORT,,1,1776624322.0544572,69.87,Game,1,Predictable,60.0,0,1,,9,,,131,Sound,,,
0,FORT,,1,1776624322.0544572,69.93,Game,1,Predictable,60.0,0,1,,9,,,131,Sound,,,
0,FORT,,1,1776624322.0544572,69.98,Game,1,Predictable,60.0,0,1,,9,,,131,Sound,,,
0,FORT,,1,1776624322.0544572,70.04,Game,1,Predictable,60.0,0,1,,9,,,131,Sound,,,
0,FORT,,1,1776624322.0544572,70.09,Game,1,Predictable,60.0,0,1,,9,,,131,Sound,,,
0,FORT,,1,1776624322.0544572,70.15,Game,1,Predictable,60.0,0,1,,9,,,131,Sound,,,
0,FORT,,1,1776624322.0544572,70.31,Game,1,Predictable,61.12,1,,,9,61.12,,120,Sound,,,
0,FORT,,1,1776624322.0544572,70.35,Game,1,Predictable,61.12,1,,,9,61.12,,120,Sound,,,
0,FORT,,1,1776624322.0544572,70.36,Game,1,Predictable,61.17,1,,,9,61.12,,120,Sound,,,
0,FORT,,1,1776624322.0544572,70.37,Game,1,Predictable,61.18,1,,,9,61.12,,120,Sound,,,
0,FORT,,1,1776624322.0544572,70.38,Game,1,Predictable,61.19,1,,,9,61.12,,120,Sound,,,
0,FORT,,1,1776624322.0544572,70.39,Game,1,Predictable,61.19,1,,,9,61.12,,120,Sound,,,
0,FORT,,1,1776624322.0544572,70.4,Game,1,Predictable,61.2,1,,,9,61.12,,120,Sound,,,
0,FORT,,1,1776624322.0544572,70.42,Game,1,Predictable,61.21,1,,,9,61.12,,120,Sound,,,
0,FORT,,1,1776624322.0544572,70.43,Game,1,Predictable,61.23,1,,,9,61.12,,120,Sound,,,
0,FORT,,1,1776624322.0544572,70.44,Game,1,Predictable,61.24,1,,,9,61.12,,120,Sound,,,
0,FORT,,1,1776624322.0544572,70.45,Game,1,Predictable,61.25,1,,,9,61.12,,120,Sound,,,
0,FORT,,1,1776624322.0544572,70.46,Game,1,Predictable,61.26,1,,,9,61.12,,120,Sound,,,
0,FORT,,1,1776624322.0544572,70.47,Game,1,Predictable,61.27,1,,,9,61.12,,120,Sound,,,
0,FORT,,1,1776624322.0544572,70.48,Game,1,Predictable,61.28,1,,,9,61.12,,120,Sound,,,
0,FORT,,1,1776624322.0544572,70.49,Game,1,Predictable,61.3,1,,,9,61.12,,120,Sound,,,
0,FORT,,1,1776624322.0544572,70.5,Game,1,Predictable,61.3,1,,,9,61.12,,120,Sound,,,
0,FORT,,1,1776624322.0544572,70.52,Game,1,Predictable,61.31,1,,,9,61.12,,120,Sound,,,
0,FORT,,1,1776624322.0544572,70.53,Game,1,Predictable,61.33,1,,,9,61.12,,120,Sound,,,
0,FORT,,1,1776624322.0544572,70.54,Game,1,Predictable,61.34,1,,,9,61.12,,120,Sound,,,
0,FORT,,1,1776624322.0544572,70.55,Game,1,Predictable,61.35,1,,,9,61.12,,120,Sound,,,
0,FORT,,1,1776624322.0544572,70.56,Game,1,Predictable,61.36,1,,,9,61.12,,120,Sound,,,
0,FORT,,1,1776624322.0544572,70.57,Game,1,Predictable,61.37,1,,,9,61.12,,120,Sound,,,
0,FORT,,1,1776624322.0544572,70.58,Game,1,Predictable,61.38,1,,,9,61.12,,120,Sound,,,
0,FORT,,1,1776624322.0544572,70.59,Game,1,Predictable,61.39,1,,,9,61.12,,120,Sound,,,
0,FORT,,1,1776624322.0544572,70.6,Game,1,Predictable,61.4,1,,,9,61.12,,120,Sound,,,
0,FORT,,1,1776624322.0544572,70.62,Game,1,Predictable,61.41,1,,,9,61.12,,120,Sound,,,
0,FORT,,1,1776624322.0544572,70.63,Game,1,Predictable,61.43,1,,,9,61.12,,120,Sound,,,
0,FORT,,1,1776624322.0544572,70.64,Game,1,Predictable,61.44,1,,,9,61.12,,120,Sound,,,
0,FORT,,1,1776624322.0544572,70.65,Game,1,Predictable,61.45,1,,,9,61.12,,120,Sound,,,
0,FORT,,1,1776624322.0544572,70.66,Game,1,Predictable,61.46,1,,,9,61.12,,120,Sound,,,
0,FORT,,1,1776624322.0544572,70.67,Game,1,Predictable,61.47,1,,,9,61.12,,120,Sound,,,
0,FORT,,1,1776624322.0544572,70.68,Game,1,Predictable,61.48,1,,,9,61.12,,120,Sound,,,
0,FORT,,1,1776624322.0544572,70.69,Game,1,Predictable,61.49,1,,,9,61.12,,120,Sound,,,
0,FORT,,1,1776624322.0544572,70.7,Game,1,Predictable,61.5,1,,,9,61.12,,120,Sound,,,
0,FORT,,1,1776624322.0544572,70.72,Game,1,Predictable,61.51,1,,,9,61.12,,120,Sound,,,
0,FORT,,1,1776624322.0544572,70.73,Game,1,Predictable,61.53,1,,,9,61.12,,120,Sound,,,
0,FORT,,1,1776624322.0544572,70.74,Game,1,Predictable,61.54,1,,,9,61.12,,120,Sound,,,
0,FORT,,1,1776624322.0544572,70.75,Game,1,Predictable,61.55,1,,,9,61.12,,120,Sound,,,
0,FORT,,1,1776624322.0544572,70.76,Game,1,Predictable,61.56,1,,,9,61.12,,120,Sound,,,
0,FORT,,1,1776624322.0544572,70.77,Game,1,Predictable,61.57,1,,,9,61.12,,120,Sound,,,
0,FORT,,1,1776624322.0544572,70.78,Game,1,Predictable,61.58,1,,,9,61.12,,120,Sound,,,
0,FORT,,1,1776624322.0544572,70.79,Game,1,Predictable,61.6,1,,,9,61.12,,120,Sound,,,
0,FORT,,1,1776624322.0544572,70.8,Game,1,Predictable,61.61,1,,,9,61.12,,120,Sound,,,
0,FORT,,1,1776624322.0544572,70.82,Game,1,Predictable,61.62,1,,,9,61.12,,120,Sound,,,
0,FORT,,1,1776624322.0544572,70.83,Game,1,Predictable,61.63,1,,,9,61.12,,120,Sound,,,
0,FORT,,1,1776624322.0544572,70.84,Game,1,Predictable,61.64,1,,,9,61.12,,120,Sound,,,
0,FORT,,1,1776624322.0544572,70.85,Game,1,Predictable,61.65,1,,,9,61.12,,120,Sound,,,
0,FORT,,1,1776624322.0544572,70.86,Game,1,Predictable,61.66,1,,,9,61.12,,120,Sound,,,
0,FORT,,1,1776624322.0544572,70.87,Game,1,Predictable,61.67,1,,,9,61.12,,120,Sound,,,
0,FORT,,1,1776624322.0544572,70.88,Game,1,Predictable,61.68,1,,,9,61.12,,120,Sound,,,
0,FORT,,1,1776624322.0544572,70.89,Game,1,Predictable,61.69,1,,,9,61.12,,120,Sound,,,
0,FORT,,1,1776624322.0544572,70.9,Game,1,Predictable,61.7,1,,,9,61.12,,120,Sound,,,
0,FORT,,1,1776624322.0544572,70.92,Game,1,Predictable,61.71,1,,,9,61.12,,120,Sound,,,
0,FORT,,1,1776624322.0544572,70.93,Game,1,Predictable,61.73,1,,,9,61.12,,120,Sound,,,
0,FORT,,1,1776624322.0544572,70.94,Game,1,Predictable,61.74,1,,,9,61.12,,120,Sound,,,
0,FORT,,1,1776624322.0544572,70.95,Game,1,Predictable,61.75,1,,,9,61.12,,120,Sound,,,
0,FORT,,1,1776624322.0544572,70.96,Game,1,Predictable,61.76,1,,,9,61.12,,120,Sound,,,
0,FORT,,1,1776624322.0544572,70.97,Game,1,Predictable,61.77,1,,,9,61.12,,120,Sound,,,
0,FORT,,1,1776624322.0544572,70.98,Game,1,Predictable,61.78,1,,,9,61.12,,120,Sound,,,
0,FORT,,1,1776624322.0544572,70.99,Game,1,Predictable,61.79,1,,,9,61.12,,120,Sound,,,
0,FORT,,1,1776624322.0544572,71.0,Game,1,Predictable,61.8,1,,,9,61.12,,120,Sound,,,
0,FORT,,1,1776624322.0544572,71.02,Game,1,Predictable,61.81,1,,,9,61.12,,120,Sound,,,
0,FORT,,1,1776624322.0544572,71.03,Game,1,Predictable,61.83,1,,,9,61.12,,120,Sound,,,
0,FORT,,1,1776624322.0544572,71.04,Game,1,Predictable,61.84,1,,,9,61.12,,120,Sound,,,
0,FORT,,1,1776624322.0544572,71.05,Game,1,Predictable,61.85,1,,,9,61.12,,120,Sound,,,
0,FORT,,1,1776624322.0544572,71.06,Game,1,Predictable,61.86,1,,,9,61.12,,120,Sound,,,
0,FORT,,1,1776624322.0544572,71.07,Game,1,Predictable,61.87,1,,,9,61.12,,120,Sound,,,
0,FORT,,1,1776624322.0544572,71.08,Game,1,Predictable,61.88,1,,,9,61.12,,120,Sound,,,
0,FORT,,1,1776624322.0544572,71.09,Game,1,Predictable,61.89,1,,,9,61.12,,120,Sound,,,
0,FORT,,1,1776624322.0544572,71.1,Game,1,Predictable,61.9,1,,,9,61.12,,120,Sound,,,
0,FORT,,1,1776624322.0544572,71.12,Game,1,Predictable,61.91,1,,,9,61.12,,120,Sound,,,
0,FORT,,1,1776624322.0544572,71.13,Game,1,Predictable,61.93,1,,,9,61.12,,120,Sound,,,
0,FORT,,1,1776624322.0544572,71.14,Game,1,Predictable,61.94,1,,,9,61.12,,120,Sound,,,
0,FORT,,1,1776624322.0544572,71.15,Game,1,Predictable,61.95,1,,,9,61.12,,120,Sound,,,
0,FORT,,1,1776624322.0544572,71.16,Game,1,Predictable,61.96,1,,,9,61.12,,120,Sound,,,
0,FORT,,1,1776624322.0544572,71.17,Game,1,Predictable,61.97,1,,,9,61.12,,120,Sound,,,
0,FORT,,1,1776624322.0544572,71.18,Game,1,Predictable,61.98,1,,,9,61.12,,120,Sound,,,
0,FORT,,1,1776624322.0544572,71.19,Game,1,Predictable,61.99,1,,,9,61.12,,120,Sound,,,
0,FORT,,1,1776624322.0544572,71.2,Game,1,Predictable,62.0,1,,,9,61.12,,120,Sound,,,
0,FORT,,1,1776624322.0544572,71.22,Game,1,Predictable,62.01,1,,,9,61.12,,120,Sound,,,
0,FORT,,1,1776624322.0544572,71.23,Game,1,Predictable,62.03,1,,,9,61.12,,120,Sound,,,
0,FORT,,1,1776624322.0544572,71.24,Game,1,Predictable,62.04,1,,,9,61.12,,120,Sound,,,
0,FORT,,1,1776624322.0544572,71.25,Game,1,Predictable,62.05,1,,,9,61.12,,120,Sound,,,
0,FORT,,1,1776624322.0544572,71.26,Game,1,Predictable,62.06,1,,,9,61.12,,120,Sound,,,
0,FORT,,1,1776624322.0544572,71.27,Game,1,Predictable,62.07,1,,,9,61.12,,120,Sound,,,
0,FORT,,1,1776624322.0544572,71.28,Game,1,Predictable,62.08,1,,,9,61.12,,120,Sound,,,
0,FORT,,1,1776624322.0544572,71.29,Game,1,Predictable,62.09,1,,,9,61.12,,120,Sound,,,
0,FORT,,1,1776624322.0544572,71.3,Game,1,Predictable,62.1,1,,,9,61.12,,120,Sound,,,
0,FORT,,1,1776624322.0544572,71.32,Game,1,Predictable,62.11,1,,,9,61.12,,120,Sound,,,
0,FORT,,1,1776624322.0544572,71.33,Game,1,Predictable,62.13,1,,,9,61.12,,120,Sound,,,
0,FORT,,1,1776624322.0544572,71.34,Game,1,Predictable,62.14,1,,,9,61.12,,120,Sound,,,
0,FORT,,1,1776624322.0544572,71.35,Game,1,Predictable,62.15,1,,,9,61.12,,120,Sound,,,
0,FORT,,1,1776624322.0544572,71.36,Game,1,Predictable,62.16,1,,,9,61.12,,120,Sound,,,
0,FORT,,1,1776624322.0544572,71.37,Game,1,Predictable,62.17,1,,,9,61.12,,120,Sound,,,
0,FORT,,1,1776624322.0544572,71.38,Game,1,Predictable,62.18,1,,,9,61.12,,120,Sound,,,
0,FORT,,1,1776624322.0544572,71.39,Game,1,Predictable,62.19,1,,,9,61.12,,120,Sound,,,
0,FORT,,1,1776624322.0544572,71.4,Game,1,Predictable,62.2,1,,,9,61.12,,120,Sound,,,
0,FORT,,1,1776624322.0544572,71.42,Game,1,Predictable,62.21,1,,,9,61.12,,120,Sound,,,
0,FORT,,1,1776624322.0544572,71.43,Game,1,Predictable,62.23,1,,,9,61.12,,120,Sound,,,
0,FORT,,1,1776624322.0544572,71.44,Game,1,Predictable,62.24,1,,,9,61.12,,120,Sound,,,
0,FORT,,1,1776624322.0544572,71.45,Game,1,Predictable,62.25,1,,,9,61.12,,120,Sound,,,
0,FORT,,1,1776624322.0544572,71.46,Game,1,Predictable,62.26,1,,,9,61.12,,120,Sound,,,
0,FORT,,1,1776624322.0544572,71.47,Game,1,Predictable,62.27,1,,,9,61.12,,120,Sound,,,
0,FORT,,1,1776624322.0544572,71.48,Game,1,Predictable,62.28,1,,,9,61.12,,120,Sound,,,
0,FORT,,1,1776624322.0544572,71.49,Game,1,Predictable,62.29,1,,,9,61.12,,120,Sound,,,
0,FORT,,1,1776624322.0544572,71.5,Game,1,Predictable,62.3,1,,,9,61.12,,120,Sound,,,
0,FORT,,1,1776624322.0544572,71.52,Game,1,Predictable,62.31,1,,,9,61.12,,120,Sound,,,
0,FORT,,1,1776624322.0544572,71.53,Game,1,Predictable,62.33,1,,,9,61.12,,120,Sound,,,
0,FORT,,1,1776624322.0544572,71.54,Game,1,Predictable,62.34,1,,,9,61.12,,120,Sound,,,
0,FORT,,1,1776624322.0544572,71.55,Game,1,Predictable,62.35,1,,,9,61.12,,120,Sound,,,
0,FORT,,1,1776624322.0544572,71.56,Game,1,Predictable,62.36,1,,,9,61.12,,120,Sound,,,
0,FORT,,1,1776624322.0544572,71.57,Game,1,Predictable,62.37,1,,,9,61.12,,120,Sound,,,
0,FORT,,1,1776624322.0544572,71.58,Game,1,Predictable,62.38,1,,,9,61.12,,120,Sound,,,
0,FORT,,1,1776624322.0544572,71.59,Game,1,Predictable,62.39,1,,,9,61.12,,120,Sound,,,
0,FORT,,1,1776624322.0544572,71.6,Game,1,Predictable,62.4,1,,,9,61.12,,120,Sound,,,
0,FORT,,1,1776624322.0544572,71.62,Game,1,Predictable,62.41,1,,,9,61.12,,120,Sound,,,
0,FORT,,1,1776624322.0544572,71.63,Game,1,Predictable,62.43,1,,,9,61.12,,120,Sound,,,
0,FORT,,1,1776624322.0544572,71.64,Game,1,Predictable,62.44,1,,,9,61.12,,120,Sound,,,
0,FORT,,1,1776624322.0544572,71.65,Game,1,Predictable,62.45,1,,,9,61.12,,120,Sound,,,
0,FORT,,1,1776624322.0544572,71.66,Game,1,Predictable,62.46,1,,,9,61.12,,120,Sound,,,
0,FORT,,1,1776624322.0544572,71.67,Game,1,Predictable,62.47,1,,,9,61.12,,120,Sound,,,
0,FORT,,1,1776624322.0544572,71.68,Game,1,Predictable,62.48,1,,,9,61.12,,120,Sound,,,
0,FORT,,1,1776624322.0544572,71.69,Game,1,Predictable,62.49,1,,,9,61.12,,120,Sound,,,
0,FORT,,1,1776624322.0544572,71.7,Game,1,Predictable,62.5,1,,,9,61.12,,120,Sound,,,
0,FORT,,1,1776624322.0544572,71.72,Game,1,Predictable,62.51,1,,,9,61.12,,120,Sound,,,
0,FORT,,1,1776624322.0544572,71.73,Game,1,Predictable,62.53,1,,,9,61.12,,120,Sound,,,
0,FORT,,1,1776624322.0544572,71.74,Game,1,Predictable,62.54,1,,,9,61.12,,120,Sound,,,
0,FORT,,1,1776624322.0544572,71.75,Game,1,Predictable,62.55,1,,,9,61.12,,120,Sound,,,
0,FORT,,1,1776624322.0544572,71.76,Game,1,Predictable,62.56,1,,,9,61.12,,120,Sound,,,
0,FORT,,1,1776624322.0544572,71.77,Game,1,Predictable,62.57,1,,,9,61.12,,120,Sound,,,
0,FORT,,1,1776624322.0544572,71.78,Game,1,Predictable,62.58,1,,,9,61.12,,120,Sound,,,
0,FORT,,1,1776624322.0544572,71.79,Game,1,Predictable,62.59,1,,,9,61.12,,120,Sound,,,
0,FORT,,1,1776624322.0544572,71.8,Game,1,Predictable,62.6,1,,,9,61.12,,120,Sound,,,
0,FORT,,1,1776624322.0544572,71.82,Game,1,Predictable,62.61,1,,,9,61.12,,120,Sound,,,
0,FORT,,1,1776624322.0544572,71.83,Game,1,Predictable,62.63,1,,,9,61.12,,120,Sound,,,
0,FORT,,1,1776624322.0544572,71.84,Game,1,Predictable,62.64,1,,,9,61.12,,120,Sound,,,
0,FORT,,1,1776624322.0544572,71.85,Game,1,Predictable,62.65,1,,,9,61.12,,120,Sound,,,
0,FORT,,1,1776624322.0544572,71.86,Game,1,Predictable,62.66,1,,,9,61.12,,120,Sound,,,
0,FORT,,1,1776624322.0544572,71.87,Game,1,Predictable,62.67,1,,,9,61.12,,120,Sound,,,
0,FORT,,1,1776624322.0544572,71.88,Game,1,Predictable,62.68,1,,,9,61.12,,120,Sound,,,
0,FORT,,1,1776624322.0544572,71.89,Game,1,Predictable,62.69,1,,,9,61.12,,120,Sound,,,
0,FORT,,1,1776624322.0544572,71.9,Game,1,Predictable,62.7,1,,,9,61.12,,120,Sound,,,
0,FORT,,1,1776624322.0544572,71.92,Game,1,Predictable,62.71,1,,,9,61.12,,120,Sound,,,
0,FORT,,1,1776624322.0544572,71.93,Game,1,Predictable,62.73,1,,,9,61.12,,120,Sound,,,
0,FORT,,1,1776624322.0544572,71.94,Game,1,Predictable,62.74,1,,,9,61.12,,120,Sound,,,
0,FORT,,1,1776624322.0544572,71.95,Game,1,Predictable,62.75,1,,,9,61.12,,120,Sound,,,
0,FORT,,1,1776624322.0544572,71.96,Game,1,Predictable,62.76,1,,,9,61.12,,120,Sound,,,
0,FORT,,1,1776624322.0544572,71.97,Game,1,Predictable,62.77,1,,,9,61.12,,120,Sound,,,
0,FORT,,1,1776624322.0544572,71.98,Game,1,Predictable,62.78,1,,,9,61.12,,120,Sound,,,
0,FORT,,1,1776624322.0544572,71.99,Game,1,Predictable,62.8,1,,,9,61.12,,120,Sound,,,
0,FORT,,1,1776624322.0544572,72.0,Game,1,Predictable,62.8,1,,,9,61.12,,120,Sound,,,
0,FORT,,1,1776624322.0544572,72.02,Game,1,Predictable,62.81,1,,,9,61.12,,120,Sound,,,
0,FORT,,1,1776624322.0544572,72.03,Game,1,Predictable,62.83,1,,,9,61.12,,120,Sound,,,
0,FORT,,1,1776624322.0544572,72.04,Game,1,Predictable,62.84,1,,,9,61.12,,120,Sound,,,
0,FORT,,1,1776624322.0544572,72.05,Game,1,Predictable,62.85,1,,,9,61.12,,120,Sound,,,
0,FORT,,1,1776624322.0544572,72.06,Game,1,Predictable,62.86,1,,,9,61.12,,120,Sound,,,
0,FORT,,1,1776624322.0544572,72.07,Game,1,Predictable,62.87,1,,,9,61.12,,120,Sound,,,
0,FORT,,1,1776624322.0544572,72.08,Game,1,Predictable,62.88,1,,,9,61.12,,120,Sound,,,
0,FORT,,1,1776624322.0544572,72.09,Game,1,Predictable,62.89,1,,,9,61.12,,120,Sound,,,
0,FORT,,1,1776624322.0544572,72.1,Game,1,Predictable,62.9,1,,,9,61.12,,120,Sound,,,
0,FORT,,1,1776624322.0544572,72.12,Game,1,Predictable,62.91,1,,,9,61.12,,120,Sound,,,
0,FORT,,1,1776624322.0544572,72.13,Game,1,Predictable,62.93,1,,,9,61.12,,120,Sound,,,
0,FORT,,1,1776624322.0544572,72.14,Game,1,Predictable,62.94,1,,,9,61.12,,120,Sound,,,
0,FORT,,1,1776624322.0544572,72.15,Game,1,Predictable,62.95,1,,,9,61.12,,120,Sound,,,
0,FORT,,1,1776624322.0544572,72.16,Game,1,Predictable,62.96,1,,,9,61.12,,120,Sound,,,
0,FORT,,1,1776624322.0544572,72.17,Game,1,Predictable,62.97,1,,,9,61.12,,120,Sound,,,
0,FORT,,1,1776624322.0544572,72.18,Game,1,Predictable,62.98,1,,,9,61.12,,120,Sound,,,
0,FORT,,1,1776624322.0544572,72.19,Game,1,Predictable,62.99,1,,,9,61.12,,120,Sound,,,
0,FORT,,1,1776624322.0544572,72.2,Game,1,Predictable,63.0,1,,,9,61.12,,120,Sound,,,
0,FORT,,1,1776624322.0544572,72.22,Game,1,Predictable,63.01,1,,,9,61.12,,120,Sound,,,
0,FORT,,1,1776624322.0544572,72.23,Game,1,Predictable,63.03,1,,,9,61.12,,120,Sound,,,
0,FORT,,1,1776624322.0544572,72.24,Game,1,Predictable,63.04,1,,,9,61.12,,120,Sound,,,
0,FORT,,1,1776624322.0544572,72.25,Game,1,Predictable,63.05,1,,,9,61.12,,120,Sound,,,
0,FORT,,1,1776624322.0544572,72.26,Game,1,Predictable,63.06,1,,,9,61.12,,120,Sound,,,
0,FORT,,1,1776624322.0544572,72.27,Game,1,Predictable,63.07,1,,,9,61.12,,120,Sound,,,
0,FORT,,1,1776624322.0544572,72.28,Game,1,Predictable,63.08,1,,,9,61.12,,120,Sound,,,
0,FORT,,1,1776624322.0544572,72.29,Game,1,Predictable,63.09,1,,,9,61.12,,120,Sound,,,
0,FORT,,1,1776624322.0544572,72.3,Game,1,Predictable,63.1,1,,,9,61.12,,120,Sound,,,
0,FORT,,1,1776624322.0544572,72.32,Game,1,Predictable,63.11,1,,,9,61.12,,120,Sound,,,
0,FORT,,1,1776624322.0544572,72.33,Game,1,Predictable,63.13,1,,,9,61.12,,120,Sound,,,
0,FORT,,1,1776624322.0544572,72.34,Game,1,Predictable,63.14,1,,,9,61.12,,120,Sound,,,
0,FORT,,1,1776624322.0544572,72.35,Game,1,Predictable,63.15,1,,,9,61.12,,120,Sound,,,
0,FORT,,1,1776624322.0544572,72.36,Game,1,Predictable,63.16,1,,,9,61.12,,120,Sound,,,
0,FORT,,1,1776624322.0544572,72.37,Game,1,Predictable,63.17,1,,,9,61.12,,120,Sound,,,
0,FORT,,1,1776624322.0544572,72.38,Game,1,Predictable,63.18,1,,,9,61.12,,120,Sound,,,
0,FORT,,1,1776624322.0544572,72.39,Game,1,Predictable,63.19,1,,,9,61.12,,120,Sound,,,
0,FORT,,1,1776624322.0544572,72.4,Game,1,Predictable,63.2,1,,,9,61.12,,120,Sound,,,
0,FORT,,1,1776624322.0544572,72.42,Game,1,Predictable,63.21,1,,,9,61.12,,120,Sound,,,
0,FORT,,1,1776624322.0544572,72.43,Game,1,Predictable,63.23,1,,,9,61.12,,120,Sound,,,
0,FORT,,1,1776624322.0544572,72.44,Game,1,Predictable,63.24,1,,,9,61.12,,120,Sound,,,
0,FORT,,1,1776624322.0544572,72.45,Game,1,Predictable,63.25,1,,,9,61.12,,120,Sound,,,
0,FORT,,1,1776624322.0544572,72.46,Game,1,Predictable,63.26,1,,,9,61.12,,120,Sound,,,
0,FORT,,1,1776624322.0544572,72.47,Game,1,Predictable,63.27,1,,,9,61.12,,120,Sound,,,
0,FORT,,1,1776624322.0544572,72.48,Game,1,Predictable,63.28,1,,,9,61.12,,120,Sound,,,
0,FORT,,1,1776624322.0544572,72.49,Game,1,Predictable,63.29,1,,,9,61.12,,120,Sound,,,
0,FORT,,1,1776624322.0544572,72.51,Game,1,Predictable,63.31,1,,,9,61.12,,120,Sound,,,
0,FORT,,1,1776624322.0544572,72.53,Game,1,Predictable,63.32,1,,,9,61.12,,120,Sound,,,
0,FORT,,1,1776624322.0544572,72.55,Game,1,Predictable,63.35,1,,,9,61.12,,120,Sound,,,
0,FORT,,1,1776624322.0544572,72.56,Game,1,Predictable,63.36,1,,,9,61.12,,120,Sound,,,
0,FORT,,1,1776624322.0544572,72.57,Game,1,Predictable,63.37,1,,,9,61.12,,120,Sound,,,
0,FORT,,1,1776624322.0544572,72.58,Game,1,Predictable,63.38,1,,,9,61.12,,120,Sound,,,
0,FORT,,1,1776624322.0544572,72.59,Game,1,Predictable,63.39,1,,,9,61.12,,120,Sound,,,
0,FORT,,1,1776624322.0544572,72.6,Game,1,Predictable,63.4,1,,,9,61.12,,120,Sound,,,
0,FORT,,1,1776624322.0544572,72.62,Game,1,Predictable,63.41,1,,,9,61.12,,120,Sound,,,
0,FORT,,1,1776624322.0544572,72.63,Game,1,Predictable,63.43,1,,,9,61.12,,120,Sound,,,
0,FORT,,1,1776624322.0544572,72.64,Game,1,Predictable,63.44,1,,,9,61.12,,120,Sound,,,
0,FORT,,1,1776624322.0544572,72.65,Game,1,Predictable,63.45,1,,,9,61.12,,120,Sound,,,
0,FORT,,1,1776624322.0544572,72.66,Game,1,Predictable,63.46,1,,,9,61.12,,120,Sound,,,
0,FORT,,1,1776624322.0544572,72.67,Game,1,Predictable,63.47,1,,,9,61.12,,120,Sound,,,
0,FORT,,1,1776624322.0544572,72.68,Game,1,Predictable,63.48,1,,,9,61.12,,120,Sound,,,
0,FORT,,1,1776624322.0544572,72.69,Game,1,Predictable,63.5,1,,,9,61.12,,120,Sound,,,
0,FORT,,1,1776624322.0544572,72.7,Game,1,Predictable,63.5,1,,,9,61.12,,120,Sound,,,
0,FORT,,1,1776624322.0544572,72.72,Game,1,Predictable,63.51,1,,,9,61.12,,120,Sound,,,
0,FORT,,1,1776624322.0544572,72.73,Game,1,Predictable,63.53,1,,,9,61.12,,120,Sound,,,
0,FORT,,1,1776624322.0544572,72.74,Game,1,Predictable,63.54,1,,,9,61.12,,120,Sound,,,
0,FORT,,1,1776624322.0544572,72.75,Game,1,Predictable,63.55,1,,,9,61.12,,120,Sound,,,
0,FORT,,1,1776624322.0544572,72.76,Game,1,Predictable,63.56,1,,,9,61.12,,120,Sound,,,
0,FORT,,1,1776624322.0544572,72.77,Game,1,Predictable,63.57,1,,,9,61.12,,120,Sound,,,
0,FORT,,1,1776624322.0544572,72.78,Game,1,Predictable,63.58,1,,,9,61.12,,120,Sound,,,
0,FORT,,1,1776624322.0544572,72.79,Game,1,Predictable,63.59,1,,,9,61.12,,120,Sound,,,
0,FORT,,1,1776624322.0544572,72.8,Game,1,Predictable,63.6,1,,,9,61.12,,120,Sound,,,
0,FORT,,1,1776624322.0544572,72.82,Game,1,Predictable,63.61,1,,,9,61.12,,120,Sound,,,
0,FORT,,1,1776624322.0544572,72.83,Game,1,Predictable,63.63,1,,,9,61.12,,120,Sound,,,
0,FORT,,1,1776624322.0544572,72.84,Game,1,Predictable,63.64,1,,,9,61.12,,120,Sound,,,
0,FORT,,1,1776624322.0544572,72.85,Game,1,Predictable,63.65,1,,,9,61.12,,120,Sound,,,
0,FORT,,1,1776624322.0544572,72.86,Game,1,Predictable,63.66,1,,,9,61.12,,120,Sound,,,
0,FORT,,1,1776624322.0544572,72.87,Game,1,Predictable,63.67,1,,,9,61.12,,120,Sound,,,
0,FORT,,1,1776624322.0544572,72.88,Game,1,Predictable,63.68,1,,,9,61.12,,120,Sound,,,
0,FORT,,1,1776624322.0544572,72.89,Game,1,Predictable,63.7,1,,,9,61.12,,120,Sound,,,
0,FORT,,1,1776624322.0544572,72.9,Game,1,Predictable,63.7,1,,,9,61.12,,120,Sound,,,
0,FORT,,1,1776624322.0544572,72.92,Game,1,Predictable,63.71,1,,,9,61.12,,120,Sound,,,
0,FORT,,1,1776624322.0544572,72.93,Game,1,Predictable,63.73,1,,,9,61.12,,120,Sound,,,
0,FORT,,1,1776624322.0544572,72.94,Game,1,Predictable,63.74,1,,,9,61.12,,120,Sound,,,
0,FORT,,1,1776624322.0544572,72.95,Game,1,Predictable,63.75,1,,,9,61.12,,120,Sound,,,
0,FORT,,1,1776624322.0544572,72.96,Game,1,Predictable,63.76,1,,,9,61.12,,120,Sound,,,
0,FORT,,1,1776624322.0544572,72.97,Game,1,Predictable,63.77,1,,,9,61.12,,120,Sound,,,
0,FORT,,1,1776624322.0544572,72.98,Game,1,Predictable,63.78,1,,,9,61.12,,120,Sound,,,
0,FORT,,1,1776624322.0544572,72.99,Game,1,Predictable,63.79,1,,,9,61.12,,120,Sound,,,
0,FORT,,1,1776624322.0544572,73.0,Game,1,Predictable,63.8,1,,,9,61.12,,120,Sound,,,
0,FORT,,1,1776624322.0544572,73.02,Game,1,Predictable,63.81,1,,,9,61.12,,120,Sound,,,
0,FORT,,1,1776624322.0544572,73.03,Game,1,Predictable,63.83,1,,,9,61.12,,120,Sound,,,
0,FORT,,1,1776624322.0544572,73.04,Game,1,Predictable,63.84,1,,,9,61.12,,120,Sound,,,
0,FORT,,1,1776624322.0544572,73.05,Game,1,Predictable,63.85,1,,,9,61.12,,120,Sound,,,
0,FORT,,1,1776624322.0544572,73.06,Game,1,Predictable,63.86,1,,,9,61.12,,120,Sound,,,
0,FORT,,1,1776624322.0544572,73.07,Game,1,Predictable,63.87,1,,,9,61.12,,120,Sound,,,
0,FORT,,1,1776624322.0544572,73.08,Game,1,Predictable,63.88,1,,,9,61.12,,120,Sound,,,
0,FORT,,1,1776624322.0544572,73.09,Game,1,Predictable,63.89,1,,,9,61.12,,120,Sound,,,
0,FORT,,1,1776624322.0544572,73.1,Game,1,Predictable,63.9,1,,,9,61.12,,120,Sound,,,
0,FORT,,1,1776624322.0544572,73.12,Game,1,Predictable,63.91,1,,,9,61.12,,120,Sound,,,
0,FORT,,1,1776624322.0544572,73.13,Game,1,Predictable,63.93,1,,,9,61.12,,120,Sound,,,
0,FORT,,1,1776624322.0544572,73.14,Game,1,Predictable,63.94,1,,,9,61.12,,120,Sound,,,
0,FORT,,1,1776624322.0544572,73.15,Game,1,Predictable,63.95,1,,,9,61.12,,120,Sound,,,
0,FORT,,1,1776624322.0544572,73.16,Game,1,Predictable,63.96,1,,,9,61.12,,120,Sound,,,
0,FORT,,1,1776624322.0544572,73.17,Game,1,Predictable,63.97,1,,,9,61.12,,120,Sound,,,
0,FORT,,1,1776624322.0544572,73.18,Game,1,Predictable,63.98,1,,,9,61.12,,120,Sound,,,
0,FORT,,1,1776624322.0544572,73.19,Game,1,Predictable,63.99,1,,,9,61.12,,120,Sound,,,
0,FORT,,1,1776624322.0544572,73.2,Game,1,Predictable,64.0,1,,,9,61.12,,120,Sound,,,
0,FORT,,1,1776624322.0544572,73.22,Game,1,Predictable,64.01,1,,,9,61.12,,120,Sound,,,
0,FORT,,1,1776624322.0544572,73.23,Game,1,Predictable,64.03,1,,,9,61.12,,120,Sound,,,
0,FORT,,1,1776624322.0544572,73.24,Game,1,Predictable,64.04,1,,,9,61.12,,120,Sound,,,
0,FORT,,1,1776624322.0544572,73.25,Game,1,Predictable,64.05,1,,,9,61.12,,120,Sound,,,
0,FORT,,1,1776624322.0544572,73.26,Game,1,Predictable,64.06,1,,,9,61.12,,120,Sound,,,
0,FORT,,1,1776624322.0544572,73.27,Game,1,Predictable,64.07,1,,,9,61.12,,120,Sound,,,
0,FORT,,1,1776624322.0544572,73.28,Game,1,Predictable,64.08,1,,,9,61.12,,120,Sound,,,
0,FORT,,1,1776624322.0544572,73.29,Game,1,Predictable,64.09,1,,,9,61.12,,120,Sound,,,
0,FORT,,1,1776624322.0544572,73.3,Game,1,Predictable,64.1,1,,,9,61.12,,120,Sound,,,
0,FORT,,1,1776624322.0544572,73.32,Game,1,Predictable,64.11,1,,,9,61.12,,120,Sound,,,
0,FORT,,1,1776624322.0544572,73.33,Game,1,Predictable,64.13,1,,,9,61.12,,120,Sound,,,
0,FORT,,1,1776624322.0544572,73.34,Game,1,Predictable,64.14,1,,,9,61.12,,120,Sound,,,
0,FORT,,1,1776624322.0544572,73.35,Game,1,Predictable,64.15,1,,,9,61.12,,120,Sound,,,
0,FORT,,1,1776624322.0544572,73.36,Game,1,Predictable,64.16,1,,,9,61.12,,120,Sound,,,
0,FORT,,1,1776624322.0544572,73.37,Game,1,Predictable,64.17,1,,,9,61.12,,120,Sound,,,
0,FORT,,1,1776624322.0544572,73.38,Game,1,Predictable,64.18,1,,,9,61.12,,120,Sound,,,
0,FORT,,1,1776624322.0544572,73.39,Game,1,Predictable,64.2,1,,,9,61.12,,120,Sound,,,
0,FORT,,1,1776624322.0544572,73.4,Game,1,Predictable,64.2,1,,,9,61.12,,120,Sound,,,
0,FORT,,1,1776624322.0544572,73.42,Game,1,Predictable,64.21,1,,,9,61.12,,120,Sound,,,
0,FORT,,1,1776624322.0544572,73.43,Game,1,Predictable,64.23,1,,,9,61.12,,120,Sound,,,
0,FORT,,1,1776624322.0544572,73.44,Game,1,Predictable,64.24,1,,,9,61.12,,120,Sound,,,
0,FORT,,1,1776624322.0544572,73.45,Game,1,Predictable,64.25,1,,,9,61.12,,120,Sound,,,
0,FORT,,1,1776624322.0544572,73.46,Game,1,Predictable,64.26,1,,,9,61.12,,120,Sound,,,
0,FORT,,1,1776624322.0544572,73.47,Game,1,Predictable,64.27,1,,,9,61.12,,120,Sound,,,
0,FORT,,1,1776624322.0544572,73.48,Game,1,Predictable,64.28,1,,,9,61.12,,120,Sound,,,
0,FORT,,1,1776624322.0544572,73.49,Game,1,Predictable,64.29,1,,,9,61.12,,120,Sound,,,
0,FORT,,1,1776624322.0544572,73.5,Game,1,Predictable,64.3,1,,,9,61.12,,120,Sound,,,
0,FORT,,1,1776624322.0544572,73.52,Game,1,Predictable,64.31,1,,,9,61.12,,120,Sound,,,
0,FORT,,1,1776624322.0544572,73.53,Game,1,Predictable,64.33,1,,,9,61.12,,120,Sound,,,
0,FORT,,1,1776624322.0544572,73.54,Game,1,Predictable,64.34,1,,,9,61.12,,120,Sound,,,
0,FORT,,1,1776624322.0544572,73.55,Game,1,Predictable,64.35,1,,,9,61.12,,120,Sound,,,
0,FORT,,1,1776624322.0544572,73.56,Game,1,Predictable,64.36,1,,,9,61.12,,120,Sound,,,
0,FORT,,1,1776624322.0544572,73.57,Game,1,Predictable,64.37,1,,,9,61.12,,120,Sound,,,
0,FORT,,1,1776624322.0544572,73.58,Game,1,Predictable,64.38,1,,,9,61.12,,120,Sound,,,
0,FORT,,1,1776624322.0544572,73.59,Game,1,Predictable,64.39,1,,,9,61.12,,120,Sound,,,
0,FORT,,1,1776624322.0544572,73.6,Game,1,Predictable,64.4,1,,,9,61.12,,120,Sound,,,
0,FORT,,1,1776624322.0544572,73.62,Game,1,Predictable,64.41,1,,,9,61.12,,120,Sound,,,
0,FORT,,1,1776624322.0544572,73.63,Game,1,Predictable,64.43,1,,,9,61.12,,120,Sound,,,
0,FORT,,1,1776624322.0544572,73.64,Game,1,Predictable,64.44,1,,,9,61.12,,120,Sound,,,
0,FORT,,1,1776624322.0544572,73.65,Game,1,Predictable,64.45,1,,,9,61.12,,120,Sound,,,
0,FORT,,1,1776624322.0544572,73.66,Game,1,Predictable,64.46,1,,,9,61.12,,120,Sound,,,
0,FORT,,1,1776624322.0544572,73.67,Game,1,Predictable,64.47,1,,,9,61.12,,120,Sound,,,
0,FORT,,1,1776624322.0544572,73.68,Game,1,Predictable,64.48,1,,,9,61.12,,120,Sound,,,
0,FORT,,1,1776624322.0544572,73.69,Game,1,Predictable,64.49,1,,,9,61.12,,120,Sound,,,
0,FORT,,1,1776624322.0544572,73.7,Game,1,Predictable,64.5,1,,,9,61.12,,120,Sound,,,
0,FORT,,1,1776624322.0544572,73.72,Game,1,Predictable,64.51,1,,,9,61.12,,120,Sound,,,
0,FORT,,1,1776624322.0544572,73.73,Game,1,Predictable,64.53,1,,,9,61.12,,120,Sound,,,
0,FORT,,1,1776624322.0544572,73.74,Game,1,Predictable,64.54,1,,,9,61.12,,120,Sound,,,
0,FORT,,1,1776624322.0544572,73.75,Game,1,Predictable,64.55,1,,,9,61.12,,120,Sound,,,
0,FORT,,1,1776624322.0544572,73.76,Game,1,Predictable,64.56,1,,,9,61.12,,120,Sound,,,
0,FORT,,1,1776624322.0544572,73.77,Game,1,Predictable,64.57,1,,,9,61.12,,120,Sound,,,
0,FORT,,1,1776624322.0544572,73.78,Game,1,Predictable,64.58,1,,,9,61.12,,120,Sound,,,
0,FORT,,1,1776624322.0544572,73.79,Game,1,Predictable,64.6,1,,,9,61.12,,120,Sound,,,
0,FORT,,1,1776624322.0544572,73.8,Game,1,Predictable,64.6,1,,,9,61.12,,120,Sound,,,
0,FORT,,1,1776624322.0544572,73.82,Game,1,Predictable,64.61,1,,,9,61.12,,120,Sound,,,
0,FORT,,1,1776624322.0544572,73.83,Game,1,Predictable,64.63,1,,,9,61.12,,120,Sound,,,
0,FORT,,1,1776624322.0544572,73.84,Game,1,Predictable,64.64,1,,,9,61.12,,120,Sound,,,
0,FORT,,1,1776624322.0544572,73.85,Game,1,Predictable,64.65,1,,,9,61.12,,120,Sound,,,
0,FORT,,1,1776624322.0544572,73.86,Game,1,Predictable,64.66,1,,,9,61.12,,120,Sound,,,
0,FORT,,1,1776624322.0544572,73.87,Game,1,Predictable,64.67,1,,,9,61.12,,120,Sound,,,
0,FORT,,1,1776624322.0544572,73.88,Game,1,Predictable,64.68,1,,,9,61.12,,120,Sound,,,
0,FORT,,1,1776624322.0544572,73.89,Game,1,Predictable,64.69,1,,,9,61.12,,120,Sound,,,
0,FORT,,1,1776624322.0544572,73.9,Game,1,Predictable,64.7,1,,,9,61.12,,120,Sound,,,
0,FORT,,1,1776624322.0544572,73.92,Game,1,Predictable,64.71,1,,,9,61.12,,120,Sound,,,
0,FORT,,1,1776624322.0544572,73.93,Game,1,Predictable,64.73,1,,,9,61.12,,120,Sound,,,
0,FORT,,1,1776624322.0544572,73.94,Game,1,Predictable,64.74,1,,,9,61.12,,120,Sound,,,
0,FORT,,1,1776624322.0544572,73.95,Game,1,Predictable,64.75,1,,,9,61.12,,120,Sound,,,
0,FORT,,1,1776624322.0544572,73.96,Game,1,Predictable,64.76,1,,,9,61.12,,120,Sound,,,
0,FORT,,1,1776624322.0544572,73.97,Game,1,Predictable,64.77,1,,,9,61.12,,120,Sound,,,
0,FORT,,1,1776624322.0544572,73.98,Game,1,Predictable,64.78,1,,,9,61.12,,120,Sound,,,
0,FORT,,1,1776624322.0544572,73.99,Game,1,Predictable,64.79,1,,,9,61.12,,120,Sound,,,
0,FORT,,1,1776624322.0544572,74.0,Game,1,Predictable,64.8,1,,,9,61.12,,120,Sound,,,
0,FORT,,1,1776624322.0544572,74.02,Game,1,Predictable,64.81,1,,,9,61.12,,120,Sound,,,
0,FORT,,1,1776624322.0544572,74.03,Game,1,Predictable,64.83,1,,,9,61.12,,120,Sound,,,
0,FORT,,1,1776624322.0544572,74.04,Game,1,Predictable,64.84,1,,,9,61.12,,120,Sound,,,
0,FORT,,1,1776624322.0544572,74.05,Game,1,Predictable,64.85,1,,,9,61.12,,120,Sound,,,
0,FORT,,1,1776624322.0544572,74.06,Game,1,Predictable,64.86,1,,,9,61.12,,120,Sound,,,
0,FORT,,1,1776624322.0544572,74.07,Game,1,Predictable,64.87,1,,,9,61.12,,120,Sound,,,
0,FORT,,1,1776624322.0544572,74.08,Game,1,Predictable,64.88,1,,,9,61.12,,120,Sound,,,
0,FORT,,1,1776624322.0544572,74.09,Game,1,Predictable,64.89,1,,,9,61.12,,120,Sound,,,
0,FORT,,1,1776624322.0544572,74.1,Game,1,Predictable,64.9,1,,,9,61.12,,120,Sound,,,
0,FORT,,1,1776624322.0544572,74.12,Game,1,Predictable,64.91,1,,,9,61.12,,120,Sound,,,
0,FORT,,1,1776624322.0544572,74.13,Game,1,Predictable,64.93,1,,,9,61.12,,120,Sound,,,
0,FORT,,1,1776624322.0544572,74.14,Game,1,Predictable,64.94,1,,,9,61.12,,120,Sound,,,
0,FORT,,1,1776624322.0544572,74.15,Game,1,Predictable,64.95,1,,,9,61.12,,120,Sound,,,
0,FORT,,1,1776624322.0544572,74.16,Game,1,Predictable,64.96,1,,,9,61.12,,120,Sound,,,
0,FORT,,1,1776624322.0544572,74.17,Game,1,Predictable,64.97,1,,,9,61.12,,120,Sound,,,
0,FORT,,1,1776624322.0544572,74.18,Game,1,Predictable,64.98,1,,,9,61.12,,120,Sound,,,
0,FORT,,1,1776624322.0544572,74.19,Game,1,Predictable,64.99,1,,,9,61.12,,120,Sound,,,
0,FORT,,1,1776624322.0544572,74.2,Game,1,Predictable,65.0,1,,,9,61.12,,120,Sound,,,
0,FORT,,1,1776624322.0544572,74.22,Game,1,Predictable,65.01,1,,,9,61.12,,120,Sound,,,
0,FORT,,1,1776624322.0544572,74.23,Game,1,Predictable,65.03,1,,,9,61.12,,120,Sound,,,
0,FORT,,1,1776624322.0544572,74.24,Game,1,Predictable,65.04,1,,,9,61.12,,120,Sound,,,
0,FORT,,1,1776624322.0544572,74.25,Game,1,Predictable,65.05,1,,,9,61.12,,120,Sound,,,
0,FORT,,1,1776624322.0544572,74.26,Game,1,Predictable,65.06,1,,,9,61.12,,120,Sound,,,
0,FORT,,1,1776624322.0544572,74.27,Game,1,Predictable,65.07,1,,,9,61.12,,120,Sound,,,
0,FORT,,1,1776624322.0544572,74.28,Game,1,Predictable,65.08,1,,,9,61.12,,120,Sound,,,
0,FORT,,1,1776624322.0544572,74.29,Game,1,Predictable,65.1,1,,,9,61.12,,120,Sound,,,
0,FORT,,1,1776624322.0544572,74.3,Game,1,Predictable,65.1,1,,,9,61.12,,120,Sound,,,
0,FORT,,1,1776624322.0544572,74.32,Game,1,Predictable,65.11,1,,,9,61.12,,120,Sound,,,
0,FORT,,1,1776624322.0544572,74.33,Game,1,Predictable,65.13,1,,,9,61.12,,120,Sound,,,
0,FORT,,1,1776624322.0544572,74.34,Game,1,Predictable,65.14,1,,,9,61.12,,120,Sound,,,
0,FORT,,1,1776624322.0544572,74.35,Game,1,Predictable,65.15,1,,,9,61.12,,120,Sound,,,
0,FORT,,1,1776624322.0544572,74.36,Game,1,Predictable,65.16,1,,,9,61.12,,120,Sound,,,
0,FORT,,1,1776624322.0544572,74.37,Game,1,Predictable,65.17,1,,,9,61.12,,120,Sound,,,
0,FORT,,1,1776624322.0544572,74.38,Game,1,Predictable,65.18,1,,,9,61.12,,120,Sound,,,
0,FORT,,1,1776624322.0544572,74.39,Game,1,Predictable,65.2,1,,,9,61.12,,120,Sound,,,
0,FORT,,1,1776624322.0544572,74.4,Game,1,Predictable,65.2,1,,,9,61.12,,120,Sound,,,
0,FORT,,1,1776624322.0544572,74.42,Game,1,Predictable,65.21,1,,,9,61.12,,120,Sound,,,
0,FORT,,1,1776624322.0544572,74.43,Game,1,Predictable,65.23,1,,,9,61.12,,120,Sound,,,
0,FORT,,1,1776624322.0544572,74.44,Game,1,Predictable,65.24,1,,,9,61.12,,120,Sound,,,
0,FORT,,1,1776624322.0544572,74.45,Game,1,Predictable,65.25,1,,,9,61.12,,120,Sound,,,
0,FORT,,1,1776624322.0544572,74.46,Game,1,Predictable,65.26,1,,,9,61.12,,120,Sound,,,
0,FORT,,1,1776624322.0544572,74.47,Game,1,Predictable,65.27,1,,,9,61.12,,120,Sound,,,
0,FORT,,1,1776624322.0544572,74.48,Game,1,Predictable,65.28,1,,,9,61.12,,120,Sound,,,
0,FORT,,1,1776624322.0544572,74.49,Game,1,Predictable,65.29,1,,,9,61.12,,120,Sound,,,
0,FORT,,1,1776624322.0544572,74.5,Game,1,Predictable,65.3,1,,,9,61.12,,120,Sound,,,
0,FORT,,1,1776624322.0544572,74.52,Game,1,Predictable,65.31,1,,,9,61.12,,120,Sound,,,
0,FORT,,1,1776624322.0544572,74.53,Game,1,Predictable,65.33,1,,,9,61.12,,120,Sound,,,
0,FORT,,1,1776624322.0544572,74.54,Game,1,Predictable,65.34,1,,,9,61.12,,120,Sound,,,
0,FORT,,1,1776624322.0544572,74.55,Game,1,Predictable,65.35,1,,,9,61.12,,120,Sound,,,
0,FORT,,1,1776624322.0544572,74.56,Game,1,Predictable,65.36,1,,,9,61.12,,120,Sound,,,
0,FORT,,1,1776624322.0544572,74.57,Game,1,Predictable,65.37,1,,,9,61.12,,120,Sound,,,
0,FORT,,1,1776624322.0544572,74.58,Game,1,Predictable,65.38,1,,,9,61.12,,120,Sound,,,
0,FORT,,1,1776624322.0544572,74.59,Game,1,Predictable,65.4,1,,,9,61.12,,120,Sound,,,
0,FORT,,1,1776624322.0544572,74.6,Game,1,Predictable,65.4,1,,,9,61.12,,120,Sound,,,
0,FORT,,1,1776624322.0544572,74.62,Game,1,Predictable,65.41,1,,,9,61.12,,120,Sound,,,
0,FORT,,1,1776624322.0544572,74.63,Game,1,Predictable,65.43,1,,,9,61.12,,120,Sound,,,
0,FORT,,1,1776624322.0544572,74.64,Game,1,Predictable,65.44,1,,,9,61.12,,120,Sound,,,
0,FORT,,1,1776624322.0544572,74.65,Game,1,Predictable,65.45,1,,,9,61.12,,120,Sound,,,
0,FORT,,1,1776624322.0544572,74.66,Game,1,Predictable,65.46,1,,,9,61.12,,120,Sound,,,
0,FORT,,1,1776624322.0544572,74.67,Game,1,Predictable,65.47,1,,,9,61.12,,120,Sound,,,
0,FORT,,1,1776624322.0544572,74.68,Game,1,Predictable,65.48,1,,,9,61.12,,120,Sound,,,
0,FORT,,1,1776624322.0544572,74.69,Game,1,Predictable,65.49,1,,,9,61.12,,120,Sound,,,
0,FORT,,1,1776624322.0544572,74.7,Game,1,Predictable,65.5,1,,,9,61.12,,120,Sound,,,
0,FORT,,1,1776624322.0544572,74.72,Game,1,Predictable,65.51,1,,,9,61.12,,120,Sound,,,
0,FORT,,1,1776624322.0544572,74.73,Game,1,Predictable,65.53,1,,,9,61.12,,120,Sound,,,
0,FORT,,1,1776624322.0544572,74.74,Game,1,Predictable,65.54,1,,,9,61.12,,120,Sound,,,
0,FORT,,1,1776624322.0544572,74.75,Game,1,Predictable,65.55,1,,,9,61.12,,120,Sound,,,
0,FORT,,1,1776624322.0544572,74.76,Game,1,Predictable,65.56,1,,,9,61.12,,120,Sound,,,
0,FORT,,1,1776624322.0544572,74.77,Game,1,Predictable,65.57,1,,,9,61.12,,120,Sound,,,
0,FORT,,1,1776624322.0544572,74.78,Game,1,Predictable,65.58,1,,,9,61.12,,120,Sound,,,
0,FORT,,1,1776624322.0544572,74.79,Game,1,Predictable,65.59,1,,,9,61.12,,120,Sound,,,
0,FORT,,1,1776624322.0544572,74.8,Game,1,Predictable,65.6,1,,,9,61.12,,120,Sound,,,
0,FORT,,1,1776624322.0544572,74.82,Game,1,Predictable,65.61,1,,,9,61.12,,120,Sound,,,
0,FORT,,1,1776624322.0544572,74.83,Game,1,Predictable,65.63,1,,,9,61.12,,120,Sound,,,
0,FORT,,1,1776624322.0544572,74.84,Game,1,Predictable,65.64,1,,,9,61.12,,120,Sound,,,
0,FORT,,1,1776624322.0544572,74.85,Game,1,Predictable,65.65,1,,,9,61.12,,120,Sound,,,
0,FORT,,1,1776624322.0544572,74.86,Game,1,Predictable,65.66,1,,,9,61.12,,120,Sound,,,
0,FORT,,1,1776624322.0544572,74.87,Game,1,Predictable,65.67,1,,,9,61.12,,120,Sound,,,
0,FORT,,1,1776624322.0544572,74.88,Game,1,Predictable,65.68,1,,,9,61.12,,120,Sound,,,
0,FORT,,1,1776624322.0544572,74.89,Game,1,Predictable,65.7,1,,,9,61.12,,120,Sound,,,
0,FORT,,1,1776624322.0544572,74.9,Game,1,Predictable,65.7,1,,,9,61.12,,120,Sound,,,
0,FORT,,1,1776624322.0544572,74.92,Game,1,Predictable,65.71,1,,,9,61.12,,120,Sound,,,
0,FORT,,1,1776624322.0544572,74.93,Game,1,Predictable,65.73,1,,,9,61.12,,120,Sound,,,
0,FORT,,1,1776624322.0544572,74.94,Game,1,Predictable,65.74,1,,,9,61.12,,120,Sound,,,
0,FORT,,1,1776624322.0544572,74.95,Game,1,Predictable,65.75,1,,,9,61.12,,120,Sound,,,
0,FORT,,1,1776624322.0544572,74.96,Game,1,Predictable,65.76,1,,,9,61.12,,120,Sound,,,
0,FORT,,1,1776624322.0544572,74.97,Game,1,Predictable,65.77,1,,,9,61.12,,120,Sound,,,
0,FORT,,1,1776624322.0544572,74.98,Game,1,Predictable,65.78,1,,,9,61.12,,120,Sound,,,
0,FORT,,1,1776624322.0544572,74.99,Game,1,Predictable,65.8,1,,,9,61.12,,120,Sound,,,
0,FORT,,1,1776624322.0544572,75.0,Game,1,Predictable,65.8,1,,,9,61.12,,120,Sound,,,
0,FORT,,1,1776624322.0544572,75.02,Game,1,Predictable,65.81,1,,,9,61.12,,120,Sound,,,
0,FORT,,1,1776624322.0544572,75.03,Game,1,Predictable,65.83,1,,,9,61.12,,120,Sound,,,
0,FORT,,1,1776624322.0544572,75.04,Game,1,Predictable,65.84,1,,,9,61.12,,120,Sound,,,
0,FORT,,1,1776624322.0544572,75.05,Game,1,Predictable,65.85,1,,,9,61.12,,120,Sound,,,
0,FORT,,1,1776624322.0544572,75.06,Game,1,Predictable,65.86,1,,,9,61.12,,120,Sound,,,
0,FORT,,1,1776624322.0544572,75.07,Game,1,Predictable,65.87,1,,,9,61.12,,120,Sound,,,
0,FORT,,1,1776624322.0544572,75.08,Game,1,Predictable,65.88,1,,,9,61.12,,120,Sound,,,
0,FORT,,1,1776624322.0544572,75.09,Game,1,Predictable,65.9,1,,,9,61.12,,120,Sound,,,
0,FORT,,1,1776624322.0544572,75.1,Game,1,Predictable,65.9,1,,,9,61.12,,120,Sound,,,
0,FORT,,1,1776624322.0544572,75.12,Game,1,Predictable,65.91,1,,,9,61.12,,120,Sound,,,
0,FORT,,1,1776624322.0544572,75.13,Game,1,Predictable,65.93,1,,,9,61.12,,120,Sound,,,
0,FORT,,1,1776624322.0544572,75.14,Game,1,Predictable,65.94,1,,,9,61.12,,120,Sound,,,
0,FORT,,1,1776624322.0544572,75.15,Game,1,Predictable,65.95,1,,,9,61.12,,120,Sound,,,
0,FORT,,1,1776624322.0544572,75.16,Game,1,Predictable,65.96,1,,,9,61.12,,120,Sound,,,
0,FORT,,1,1776624322.0544572,75.17,Game,1,Predictable,65.97,1,,,9,61.12,,120,Sound,,,
0,FORT,,1,1776624322.0544572,75.18,Game,1,Predictable,65.98,1,,,9,61.12,,120,Sound,,,
0,FORT,,1,1776624322.0544572,75.19,Game,1,Predictable,65.99,1,,,9,61.12,,120,Sound,,,
0,FORT,,1,1776624322.0544572,75.2,Game,1,Predictable,66.0,1,,,9,61.12,,120,Sound,,,
0,FORT,,1,1776624322.0544572,75.22,Game,1,Predictable,66.01,1,,,9,61.12,,120,Sound,,,
0,FORT,,1,1776624322.0544572,75.23,Game,1,Predictable,66.03,1,,,9,61.12,,120,Sound,,,
0,FORT,,1,1776624322.0544572,75.24,Game,1,Predictable,66.04,1,,,9,61.12,,120,Sound,,,
0,FORT,,1,1776624322.0544572,75.25,Game,1,Predictable,66.05,1,,,9,61.12,,120,Sound,,,
0,FORT,,1,1776624322.0544572,75.26,Game,1,Predictable,66.06,1,,,9,61.12,,120,Sound,,,
0,FORT,,1,1776624322.0544572,75.27,Game,1,Predictable,66.07,1,,,9,61.12,,120,Sound,,,
0,FORT,,1,1776624322.0544572,75.28,Game,1,Predictable,66.08,1,,,9,61.12,,120,Sound,,,
0,FORT,,1,1776624322.0544572,75.29,Game,1,Predictable,66.1,1,,,9,61.12,,120,Sound,,,
0,FORT,,1,1776624322.0544572,75.3,Game,1,Predictable,66.11,1,,,9,61.12,,120,Sound,,,
0,FORT,,1,1776624322.0544572,75.32,Game,1,Predictable,66.12,1,,,9,61.12,,120,Sound,,,
0,FORT,,1,1776624322.0544572,75.33,Game,1,Predictable,66.13,1,,,9,61.12,,120,Sound,,,
0,FORT,,1,1776624322.0544572,75.34,Game,1,Predictable,66.14,1,,,9,61.12,,120,Sound,,,
0,FORT,,1,1776624322.0544572,75.35,Game,1,Predictable,66.15,1,,,9,61.12,,120,Sound,,,
0,FORT,,1,1776624322.0544572,75.36,Game,1,Predictable,66.16,1,,,9,61.12,,120,Sound,,,
0,FORT,,1,1776624322.0544572,75.37,Game,1,Predictable,66.17,1,,,9,61.12,,120,Sound,,,
0,FORT,,1,1776624322.0544572,75.38,Game,1,Predictable,66.18,1,,,9,61.12,,120,Sound,,,
0,FORT,,1,1776624322.0544572,75.39,Game,1,Predictable,66.2,1,,,9,61.12,,120,Sound,,,
0,FORT,,1,1776624322.0544572,75.4,Game,1,Predictable,66.2,1,,,9,61.12,,120,Sound,,,
0,FORT,,1,1776624322.0544572,75.42,Game,1,Predictable,66.21,1,,,9,61.12,,120,Sound,,,
0,FORT,,1,1776624322.0544572,75.43,Game,1,Predictable,66.23,1,,,9,61.12,,120,Sound,,,
0,FORT,,1,1776624322.0544572,75.44,Game,1,Predictable,66.24,1,,,9,61.12,,120,Sound,,,
0,FORT,,1,1776624322.0544572,75.45,Game,1,Predictable,66.25,1,,,9,61.12,,120,Sound,,,
0,FORT,,1,1776624322.0544572,75.46,Game,1,Predictable,66.26,1,,,9,61.12,,120,Sound,,,
0,FORT,,1,1776624322.0544572,75.47,Game,1,Predictable,66.27,1,,,9,61.12,,120,Sound,,,
0,FORT,,1,1776624322.0544572,75.48,Game,1,Predictable,66.28,1,,,9,61.12,,120,Sound,,,
0,FORT,,1,1776624322.0544572,75.49,Game,1,Predictable,66.3,1,,,9,61.12,,120,Sound,,,
0,FORT,,1,1776624322.0544572,75.5,Game,1,Predictable,66.3,1,,,9,61.12,,120,Sound,,,
0,FORT,,1,1776624322.0544572,75.52,Game,1,Predictable,66.31,1,,,9,61.12,,120,Sound,,,
0,FORT,,1,1776624322.0544572,75.53,Game,1,Predictable,66.33,1,,,9,61.12,,120,Sound,,,
0,FORT,,1,1776624322.0544572,75.54,Game,1,Predictable,66.34,1,,,9,61.12,,120,Sound,,,
0,FORT,,1,1776624322.0544572,75.55,Game,1,Predictable,66.35,1,,,9,61.12,,120,Sound,,,
0,FORT,,1,1776624322.0544572,75.56,Game,1,Predictable,66.36,1,,,9,61.12,,120,Sound,,,
0,FORT,,1,1776624322.0544572,75.57,Game,1,Predictable,66.37,1,,,9,61.12,,120,Sound,,,
0,FORT,,1,1776624322.0544572,75.58,Game,1,Predictable,66.38,1,,,9,61.12,,120,Sound,,,
0,FORT,,1,1776624322.0544572,75.59,Game,1,Predictable,66.4,1,,,9,61.12,,120,Sound,,,
0,FORT,,1,1776624322.0544572,75.6,Game,1,Predictable,66.41,1,,,9,61.12,,120,Sound,,,
0,FORT,,1,1776624322.0544572,75.62,Game,1,Predictable,66.41,1,,,9,61.12,,120,Sound,,,
0,FORT,,1,1776624322.0544572,75.63,Game,1,Predictable,66.43,1,,,9,61.12,,120,Sound,,,
0,FORT,,1,1776624322.0544572,75.64,Game,1,Predictable,66.44,1,,,9,61.12,,120,Sound,,,
0,FORT,,1,1776624322.0544572,75.65,Game,1,Predictable,66.45,1,,,9,61.12,,120,Sound,,,
0,FORT,,1,1776624322.0544572,75.66,Game,1,Predictable,66.46,1,,,9,61.12,,120,Sound,,,
0,FORT,,1,1776624322.0544572,75.67,Game,1,Predictable,66.47,1,,,9,61.12,,120,Sound,,,
0,FORT,,1,1776624322.0544572,75.68,Game,1,Predictable,66.48,1,,,9,61.12,,120,Sound,,,
0,FORT,,1,1776624322.0544572,75.69,Game,1,Predictable,66.5,1,,,9,61.12,,120,Sound,,,
0,FORT,,1,1776624322.0544572,75.7,Game,1,Predictable,66.5,1,,,9,61.12,,120,Sound,,,
0,FORT,,1,1776624322.0544572,75.72,Game,1,Predictable,66.51,1,,,9,61.12,,120,Sound,,,
0,FORT,,1,1776624322.0544572,75.73,Game,1,Predictable,66.53,1,,,9,61.12,,120,Sound,,,
0,FORT,,1,1776624322.0544572,75.74,Game,1,Predictable,66.54,1,,,9,61.12,,120,Sound,,,
0,FORT,,1,1776624322.0544572,75.75,Game,1,Predictable,66.55,1,,,9,61.12,,120,Sound,,,
0,FORT,,1,1776624322.0544572,75.76,Game,1,Predictable,66.56,1,,,9,61.12,,120,Sound,,,
0,FORT,,1,1776624322.0544572,75.77,Game,1,Predictable,66.57,1,,,9,61.12,,120,Sound,,,
0,FORT,,1,1776624322.0544572,75.78,Game,1,Predictable,66.58,1,,,9,61.12,,120,Sound,,,
0,FORT,,1,1776624322.0544572,75.79,Game,1,Predictable,66.6,1,,,9,61.12,,120,Sound,,,
0,FORT,,1,1776624322.0544572,75.8,Game,1,Predictable,66.6,1,,,9,61.12,,120,Sound,,,
0,FORT,,1,1776624322.0544572,75.82,Game,1,Predictable,66.61,1,,,9,61.12,,120,Sound,,,
0,FORT,,1,1776624322.0544572,75.83,Game,1,Predictable,66.63,1,,,9,61.12,,120,Sound,,,
0,FORT,,1,1776624322.0544572,75.84,Game,1,Predictable,66.64,1,,,9,61.12,,120,Sound,,,
0,FORT,,1,1776624322.0544572,75.85,Game,1,Predictable,66.65,1,,,9,61.12,,120,Sound,,,
0,FORT,,1,1776624322.0544572,75.86,Game,1,Predictable,66.66,1,,,9,61.12,,120,Sound,,,
0,FORT,,1,1776624322.0544572,75.87,Game,1,Predictable,66.67,1,,,9,61.12,,120,Sound,,,
0,FORT,,1,1776624322.0544572,75.88,Game,1,Predictable,66.68,1,,,9,61.12,,120,Sound,,,
0,FORT,,1,1776624322.0544572,75.89,Game,1,Predictable,66.7,1,,,9,61.12,,120,Sound,,,
0,FORT,,1,1776624322.0544572,75.9,Game,1,Predictable,66.7,1,,,9,61.12,,120,Sound,,,
0,FORT,,1,1776624322.0544572,75.92,Game,1,Predictable,66.71,1,,,9,61.12,,120,Sound,,,
0,FORT,,1,1776624322.0544572,75.93,Game,1,Predictable,66.73,1,,,9,61.12,,120,Sound,,,
0,FORT,,1,1776624322.0544572,75.94,Game,1,Predictable,66.74,1,,,9,61.12,,120,Sound,,,
0,FORT,,1,1776624322.0544572,75.95,Game,1,Predictable,66.75,1,,,9,61.12,,120,Sound,,,
0,FORT,,1,1776624322.0544572,75.96,Game,1,Predictable,66.76,1,,,9,61.12,,120,Sound,,,
0,FORT,,1,1776624322.0544572,75.97,Game,1,Predictable,66.77,1,,,9,61.12,,120,Sound,,,
0,FORT,,1,1776624322.0544572,75.98,Game,1,Predictable,66.78,1,,,9,61.12,,120,Sound,,,
0,FORT,,1,1776624322.0544572,75.99,Game,1,Predictable,66.8,1,,,9,61.12,,120,Sound,,,
0,FORT,,1,1776624322.0544572,76.0,Game,1,Predictable,66.8,1,,,9,61.12,,120,Sound,,,
0,FORT,,1,1776624322.0544572,76.02,Game,1,Predictable,66.81,1,,,9,61.12,,120,Sound,,,
0,FORT,,1,1776624322.0544572,76.03,Game,1,Predictable,66.83,1,,,9,61.12,,120,Sound,,,
0,FORT,,1,1776624322.0544572,76.04,Game,1,Predictable,66.84,1,,,9,61.12,,120,Sound,,,
0,FORT,,1,1776624322.0544572,76.05,Game,1,Predictable,66.85,1,,,9,61.12,,120,Sound,,,
0,FORT,,1,1776624322.0544572,76.06,Game,1,Predictable,66.86,1,,,9,61.12,,120,Sound,,,
0,FORT,,1,1776624322.0544572,76.07,Game,1,Predictable,66.87,1,,,9,61.12,,120,Sound,,,
0,FORT,,1,1776624322.0544572,76.08,Game,1,Predictable,66.88,1,,,9,61.12,,120,Sound,,,
0,FORT,,1,1776624322.0544572,76.09,Game,1,Predictable,66.9,1,,,9,61.12,,120,Sound,,,
0,FORT,,1,1776624322.0544572,76.1,Game,1,Predictable,66.9,1,,,9,61.12,,120,Sound,,,
0,FORT,,1,1776624322.0544572,76.12,Game,1,Predictable,66.91,1,,,9,61.12,,120,Sound,,,
0,FORT,,1,1776624322.0544572,76.13,Game,1,Predictable,66.93,1,,,9,61.12,,120,Sound,,,
0,FORT,,1,1776624322.0544572,76.14,Game,1,Predictable,66.94,1,,,9,61.12,,120,Sound,,,
0,FORT,,1,1776624322.0544572,76.15,Game,1,Predictable,66.95,1,,,9,61.12,,120,Sound,,,
0,FORT,,1,1776624322.0544572,76.16,Game,1,Predictable,66.96,1,,,9,61.12,,120,Sound,,,
0,FORT,,1,1776624322.0544572,76.17,Game,1,Predictable,66.97,1,,,9,61.12,,120,Sound,,,
0,FORT,,1,1776624322.0544572,76.18,Game,1,Predictable,66.98,1,,,9,61.12,,120,Sound,,,
0,FORT,,1,1776624322.0544572,76.19,Game,1,Predictable,67.0,1,,,9,61.12,,120,Sound,,,
0,FORT,,1,1776624322.0544572,76.2,Game,1,Predictable,67.01,1,,,9,61.12,,120,Sound,,,
0,FORT,,1,1776624322.0544572,76.22,Game,1,Predictable,67.01,1,,,9,61.12,,120,Sound,,,
0,FORT,,1,1776624322.0544572,76.23,Game,1,Predictable,67.03,1,,,9,61.12,,120,Sound,,,
0,FORT,,1,1776624322.0544572,76.24,Game,1,Predictable,67.04,1,,,9,61.12,,120,Sound,,,
0,FORT,,1,1776624322.0544572,76.25,Game,1,Predictable,67.05,1,,,9,61.12,,120,Sound,,,
0,FORT,,1,1776624322.0544572,76.26,Game,1,Predictable,67.06,1,,,9,61.12,,120,Sound,,,
0,FORT,,1,1776624322.0544572,76.27,Game,1,Predictable,67.07,1,,,9,61.12,,120,Sound,,,
0,FORT,,1,1776624322.0544572,76.28,Game,1,Predictable,67.08,1,,,9,61.12,,120,Sound,,,
0,FORT,,1,1776624322.0544572,76.29,Game,1,Predictable,67.1,1,,,9,61.12,,120,Sound,,,
0,FORT,,1,1776624322.0544572,76.3,Game,1,Predictable,67.1,1,,,9,61.12,,120,Sound,,,
0,FORT,,1,1776624322.0544572,76.32,Game,1,Predictable,67.11,1,,,9,61.12,,120,Sound,,,
0,FORT,,1,1776624322.0544572,76.33,Game,1,Predictable,67.13,1,,,9,61.12,,120,Sound,,,
0,FORT,,1,1776624322.0544572,76.34,Game,1,Predictable,67.14,1,,,9,61.12,,120,Sound,,,
0,FORT,,1,1776624322.0544572,76.35,Game,1,Predictable,67.15,1,,,9,61.12,,120,Sound,,,
0,FORT,,1,1776624322.0544572,76.36,Game,1,Predictable,67.16,1,,,9,61.12,,120,Sound,,,
0,FORT,,1,1776624322.0544572,76.37,Game,1,Predictable,67.17,1,,,9,61.12,,120,Sound,,,
0,FORT,,1,1776624322.0544572,76.38,Game,1,Predictable,67.18,1,,,9,61.12,,120,Sound,,,
0,FORT,,1,1776624322.0544572,76.39,Game,1,Predictable,67.2,1,,,9,61.12,,120,Sound,,,
0,FORT,,1,1776624322.0544572,76.4,Game,1,Predictable,67.2,1,,,9,61.12,,120,Sound,,,
0,FORT,,1,1776624322.0544572,76.42,Game,1,Predictable,67.21,1,,,9,61.12,,120,Sound,,,
0,FORT,,1,1776624322.0544572,76.43,Game,1,Predictable,67.23,1,,,9,61.12,,120,Sound,,,
0,FORT,,1,1776624322.0544572,76.44,Game,1,Predictable,67.24,1,,,9,61.12,,120,Sound,,,
0,FORT,,1,1776624322.0544572,76.45,Game,1,Predictable,67.25,1,,,9,61.12,,120,Sound,,,
0,FORT,,1,1776624322.0544572,76.46,Game,1,Predictable,67.26,1,,,9,61.12,,120,Sound,,,
0,FORT,,1,1776624322.0544572,76.47,Game,1,Predictable,67.27,1,,,9,61.12,,120,Sound,,,
0,FORT,,1,1776624322.0544572,76.48,Game,1,Predictable,67.28,1,,,9,61.12,,120,Sound,,,
0,FORT,,1,1776624322.0544572,76.49,Game,1,Predictable,67.3,1,,,9,61.12,,120,Sound,,,
0,FORT,,1,1776624322.0544572,76.5,Game,1,Predictable,67.3,1,,,9,61.12,,120,Sound,,,
0,FORT,,1,1776624322.0544572,76.52,Game,1,Predictable,67.31,1,,,9,61.12,,120,Sound,,,
0,FORT,,1,1776624322.0544572,76.53,Game,1,Predictable,67.33,1,,,9,61.12,,120,Sound,,,
0,FORT,,1,1776624322.0544572,76.54,Game,1,Predictable,67.34,1,,,9,61.12,,120,Sound,,,
0,FORT,,1,1776624322.0544572,76.55,Game,1,Predictable,67.35,1,,,9,61.12,,120,Sound,,,
0,FORT,,1,1776624322.0544572,76.56,Game,1,Predictable,67.36,1,,,9,61.12,,120,Sound,,,
0,FORT,,1,1776624322.0544572,76.57,Game,1,Predictable,67.37,1,,,9,61.12,,120,Sound,,,
0,FORT,,1,1776624322.0544572,76.58,Game,1,Predictable,67.38,1,,,9,61.12,,120,Sound,,,
0,FORT,,1,1776624322.0544572,76.59,Game,1,Predictable,67.4,1,,,9,61.12,,120,Sound,,,
0,FORT,,1,1776624322.0544572,76.6,Game,1,Predictable,67.4,1,,,9,61.12,,120,Sound,,,
0,FORT,,1,1776624322.0544572,76.62,Game,1,Predictable,67.41,1,,,9,61.12,,120,Sound,,,
0,FORT,,1,1776624322.0544572,76.63,Game,1,Predictable,67.43,1,,,9,61.12,,120,Sound,,,
0,FORT,,1,1776624322.0544572,76.64,Game,1,Predictable,67.44,1,,,9,61.12,,120,Sound,,,
0,FORT,,1,1776624322.0544572,76.65,Game,1,Predictable,67.45,1,,,9,61.12,,120,Sound,,,
0,FORT,,1,1776624322.0544572,76.66,Game,1,Predictable,67.46,1,,,9,61.12,,120,Sound,,,
0,FORT,,1,1776624322.0544572,76.67,Game,1,Predictable,67.47,1,,,9,61.12,,120,Sound,,,
0,FORT,,1,1776624322.0544572,76.68,Game,1,Predictable,67.48,1,,,9,61.12,,120,Sound,,,
0,FORT,,1,1776624322.0544572,76.69,Game,1,Predictable,67.5,1,,,9,61.12,,120,Sound,,,
0,FORT,,1,1776624322.0544572,76.7,Game,1,Predictable,67.5,1,,,9,61.12,,120,Sound,,,
0,FORT,,1,1776624322.0544572,76.72,Game,1,Predictable,67.51,1,,,9,61.12,,120,Sound,,,
0,FORT,,1,1776624322.0544572,76.73,Game,1,Predictable,67.53,1,,,9,61.12,,120,Sound,,,
0,FORT,,1,1776624322.0544572,76.74,Game,1,Predictable,67.54,1,,,9,61.12,,120,Sound,,,
0,FORT,,1,1776624322.0544572,76.75,Game,1,Predictable,67.55,1,,,9,61.12,,120,Sound,,,
0,FORT,,1,1776624322.0544572,76.76,Game,1,Predictable,67.56,1,,,9,61.12,,120,Sound,,,
0,FORT,,1,1776624322.0544572,76.77,Game,1,Predictable,67.57,1,,,9,61.12,,120,Sound,,,
0,FORT,,1,1776624322.0544572,76.78,Game,1,Predictable,67.58,1,,,9,61.12,,120,Sound,,,
0,FORT,,1,1776624322.0544572,76.79,Game,1,Predictable,67.6,1,,,9,61.12,,120,Sound,,,
0,FORT,,1,1776624322.0544572,76.8,Game,1,Predictable,67.6,1,,,9,61.12,,120,Sound,,,
0,FORT,,1,1776624322.0544572,76.82,Game,1,Predictable,67.61,1,,,9,61.12,,120,Sound,,,
0,FORT,,1,1776624322.0544572,76.83,Game,1,Predictable,67.63,1,,,9,61.12,,120,Sound,,,
0,FORT,,1,1776624322.0544572,76.84,Game,1,Predictable,67.64,1,,,9,61.12,,120,Sound,,,
0,FORT,,1,1776624322.0544572,76.85,Game,1,Predictable,67.65,1,,,9,61.12,,120,Sound,,,
0,FORT,,1,1776624322.0544572,76.86,Game,1,Predictable,67.66,1,,,9,61.12,,120,Sound,,,
0,FORT,,1,1776624322.0544572,76.87,Game,1,Predictable,67.67,1,,,9,61.12,,120,Sound,,,
0,FORT,,1,1776624322.0544572,76.88,Game,1,Predictable,67.68,1,,,9,61.12,,120,Sound,,,
0,FORT,,1,1776624322.0544572,76.89,Game,1,Predictable,67.7,1,,,9,61.12,,120,Sound,,,
0,FORT,,1,1776624322.0544572,76.9,Game,1,Predictable,67.7,1,,,9,61.12,,120,Sound,,,
0,FORT,,1,1776624322.0544572,76.92,Game,1,Predictable,67.71,1,,,9,61.12,,120,Sound,,,
0,FORT,,1,1776624322.0544572,76.93,Game,1,Predictable,67.73,1,,,9,61.12,,120,Sound,,,
0,FORT,,1,1776624322.0544572,76.94,Game,1,Predictable,67.74,1,,,9,61.12,,120,Sound,,,
0,FORT,,1,1776624322.0544572,76.95,Game,1,Predictable,67.75,1,,,9,61.12,,120,Sound,,,
0,FORT,,1,1776624322.0544572,76.96,Game,1,Predictable,67.76,1,,,9,61.12,,120,Sound,,,
0,FORT,,1,1776624322.0544572,76.97,Game,1,Predictable,67.77,1,,,9,61.12,,120,Sound,,,
0,FORT,,1,1776624322.0544572,76.98,Game,1,Predictable,67.78,1,,,9,61.12,,120,Sound,,,
0,FORT,,1,1776624322.0544572,76.99,Game,1,Predictable,67.8,1,,,9,61.12,,120,Sound,,,
0,FORT,,1,1776624322.0544572,77.0,Game,1,Predictable,67.8,1,,,9,61.12,,120,Sound,,,
0,FORT,,1,1776624322.0544572,77.02,Game,1,Predictable,67.81,1,,,9,61.12,,120,Sound,,,
0,FORT,,1,1776624322.0544572,77.03,Game,1,Predictable,67.83,1,,,9,61.12,,120,Sound,,,
0,FORT,,1,1776624322.0544572,77.04,Game,1,Predictable,67.84,1,,,9,61.12,,120,Sound,,,
0,FORT,,1,1776624322.0544572,77.05,Game,1,Predictable,67.85,1,,,9,61.12,,120,Sound,,,
0,FORT,,1,1776624322.0544572,77.06,Game,1,Predictable,67.86,1,,,9,61.12,,120,Sound,,,
0,FORT,,1,1776624322.0544572,77.07,Game,1,Predictable,67.87,1,,,9,61.12,,120,Sound,,,
0,FORT,,1,1776624322.0544572,77.08,Game,1,Predictable,67.88,1,,,9,61.12,,120,Sound,,,
0,FORT,,1,1776624322.0544572,77.09,Game,1,Predictable,67.9,1,,,9,61.12,,120,Sound,,,
0,FORT,,1,1776624322.0544572,77.1,Game,1,Predictable,67.91,1,,,9,61.12,,120,Sound,,,
0,FORT,,1,1776624322.0544572,77.12,Game,1,Predictable,67.91,1,,,9,61.12,,120,Sound,,,
0,FORT,,1,1776624322.0544572,77.13,Game,1,Predictable,67.93,1,,,9,61.12,,120,Sound,,,
0,FORT,,1,1776624322.0544572,77.14,Game,1,Predictable,67.94,1,,,9,61.12,,120,Sound,,,
0,FORT,,1,1776624322.0544572,77.15,Game,1,Predictable,67.95,1,,,9,61.12,,120,Sound,,,
0,FORT,,1,1776624322.0544572,77.16,Game,1,Predictable,67.96,1,,,9,61.12,,120,Sound,,,
0,FORT,,1,1776624322.0544572,77.17,Game,1,Predictable,67.97,1,,,9,61.12,,120,Sound,,,
0,FORT,,1,1776624322.0544572,77.18,Game,1,Predictable,67.98,1,,,9,61.12,,120,Sound,,,
0,FORT,,1,1776624322.0544572,77.19,Game,1,Predictable,68.0,1,,,9,61.12,,120,Sound,,,
0,FORT,,1,1776624322.0544572,77.2,Game,1,Predictable,68.0,1,,,9,61.12,,120,Sound,,,
0,FORT,,1,1776624322.0544572,77.22,Game,1,Predictable,68.01,1,,,9,61.12,,120,Sound,,,
0,FORT,,1,1776624322.0544572,77.23,Game,1,Predictable,68.03,1,,,9,61.12,,120,Sound,,,
0,FORT,,1,1776624322.0544572,77.24,Game,1,Predictable,68.04,1,,,9,61.12,,120,Sound,,,
0,FORT,,1,1776624322.0544572,77.25,Game,1,Predictable,68.05,1,,,9,61.12,,120,Sound,,,
0,FORT,,1,1776624322.0544572,77.26,Game,1,Predictable,68.06,1,,,9,61.12,,120,Sound,,,
0,FORT,,1,1776624322.0544572,77.27,Game,1,Predictable,68.07,1,,,9,61.12,,120,Sound,,,
0,FORT,,1,1776624322.0544572,77.28,Game,1,Predictable,68.08,1,,,9,61.12,,120,Sound,,,
0,FORT,,1,1776624322.0544572,77.29,Game,1,Predictable,68.1,1,,,9,61.12,,120,Sound,,,
0,FORT,,1,1776624322.0544572,77.3,Game,1,Predictable,68.1,1,,,9,61.12,,120,Sound,,,
0,FORT,,1,1776624322.0544572,77.32,Game,1,Predictable,68.11,1,,,9,61.12,,120,Sound,,,
0,FORT,,1,1776624322.0544572,77.33,Game,1,Predictable,68.13,1,,,9,61.12,,120,Sound,,,
0,FORT,,1,1776624322.0544572,77.34,Game,1,Predictable,68.14,1,,,9,61.12,,120,Sound,,,
0,FORT,,1,1776624322.0544572,77.35,Game,1,Predictable,68.15,1,,,9,61.12,,120,Sound,,,
0,FORT,,1,1776624322.0544572,77.36,Game,1,Predictable,68.16,1,,,9,61.12,,120,Sound,,,
0,FORT,,1,1776624322.0544572,77.37,Game,1,Predictable,68.17,1,,,9,61.12,,120,Sound,,,
0,FORT,,1,1776624322.0544572,77.38,Game,1,Predictable,68.18,1,,,9,61.12,,120,Sound,,,
0,FORT,,1,1776624322.0544572,77.39,Game,1,Predictable,68.2,1,,,9,61.12,,120,Sound,,,
0,FORT,,1,1776624322.0544572,77.4,Game,1,Predictable,68.2,1,,,9,61.12,,120,Sound,,,
0,FORT,,1,1776624322.0544572,77.42,Game,1,Predictable,68.21,1,,,9,61.12,,120,Sound,,,
0,FORT,,1,1776624322.0544572,77.43,Game,1,Predictable,68.23,1,,,9,61.12,,120,Sound,,,
0,FORT,,1,1776624322.0544572,77.44,Game,1,Predictable,68.24,1,,,9,61.12,,120,Sound,,,
0,FORT,,1,1776624322.0544572,77.45,Game,1,Predictable,68.25,1,,,9,61.12,,120,Sound,,,
0,FORT,,1,1776624322.0544572,77.46,Game,1,Predictable,68.26,1,,,9,61.12,,120,Sound,,,
0,FORT,,1,1776624322.0544572,77.47,Game,1,Predictable,68.27,1,,,9,61.12,,120,Sound,,,
0,FORT,,1,1776624322.0544572,77.48,Game,1,Predictable,68.28,1,,,9,61.12,,120,Sound,,,
0,FORT,,1,1776624322.0544572,77.49,Game,1,Predictable,68.3,1,,,9,61.12,,120,Sound,,,
0,FORT,,1,1776624322.0544572,77.5,Game,1,Predictable,68.3,1,,,9,61.12,,120,Sound,,,
0,FORT,,1,1776624322.0544572,77.52,Game,1,Predictable,68.32,1,,,9,61.12,,120,Sound,,,
0,FORT,,1,1776624322.0544572,77.53,Game,1,Predictable,68.33,1,,,9,61.12,,120,Sound,,,
0,FORT,,1,1776624322.0544572,77.54,Game,1,Predictable,68.34,1,,,9,61.12,,120,Sound,,,
0,FORT,,1,1776624322.0544572,77.55,Game,1,Predictable,68.35,1,,,9,61.12,,120,Sound,,,
0,FORT,,1,1776624322.0544572,77.56,Game,1,Predictable,68.36,1,,,9,61.12,,120,Sound,,,
0,FORT,,1,1776624322.0544572,77.57,Game,1,Predictable,68.37,1,,,9,61.12,,120,Sound,,,
0,FORT,,1,1776624322.0544572,77.58,Game,1,Predictable,68.38,1,,,9,61.12,,120,Sound,,,
0,FORT,,1,1776624322.0544572,77.59,Game,1,Predictable,68.4,1,,,9,61.12,,120,Sound,,,
0,FORT,,1,1776624322.0544572,77.6,Game,1,Predictable,68.4,1,,,9,61.12,,120,Sound,,,
0,FORT,,1,1776624322.0544572,77.62,Game,1,Predictable,68.41,1,,,9,61.12,,120,Sound,,,
0,FORT,,1,1776624322.0544572,77.63,Game,1,Predictable,68.43,1,,,9,61.12,,120,Sound,,,
0,FORT,,1,1776624322.0544572,77.64,Game,1,Predictable,68.44,1,,,9,61.12,,120,Sound,,,
0,FORT,,1,1776624322.0544572,77.65,Game,1,Predictable,68.45,1,,,9,61.12,,120,Sound,,,
0,FORT,,1,1776624322.0544572,77.66,Game,1,Predictable,68.46,1,,,9,61.12,,120,Sound,,,
0,FORT,,1,1776624322.0544572,77.67,Game,1,Predictable,68.47,1,,,9,61.12,,120,Sound,,,
0,FORT,,1,1776624322.0544572,77.68,Game,1,Predictable,68.48,1,,,9,61.12,,120,Sound,,,
0,FORT,,1,1776624322.0544572,77.69,Game,1,Predictable,68.5,1,,,9,61.12,,120,Sound,,,
0,FORT,,1,1776624322.0544572,77.7,Game,1,Predictable,68.5,1,,,9,61.12,,120,Sound,,,
0,FORT,,1,1776624322.0544572,77.72,Game,1,Predictable,68.51,1,,,9,61.12,,120,Sound,,,
0,FORT,,1,1776624322.0544572,77.73,Game,1,Predictable,68.53,1,,,9,61.12,,120,Sound,,,
0,FORT,,1,1776624322.0544572,77.74,Game,1,Predictable,68.54,1,,,9,61.12,,120,Sound,,,
0,FORT,,1,1776624322.0544572,77.75,Game,1,Predictable,68.55,1,,,9,61.12,,120,Sound,,,
0,FORT,,1,1776624322.0544572,77.76,Game,1,Predictable,68.56,1,,,9,61.12,,120,Sound,,,
0,FORT,,1,1776624322.0544572,77.77,Game,1,Predictable,68.57,1,,,9,61.12,,120,Sound,,,
0,FORT,,1,1776624322.0544572,77.78,Game,1,Predictable,68.58,1,,,9,61.12,,120,Sound,,,
0,FORT,,1,1776624322.0544572,77.79,Game,1,Predictable,68.6,1,,,9,61.12,,120,Sound,,,
0,FORT,,1,1776624322.0544572,77.8,Game,1,Predictable,68.6,1,,,9,61.12,,120,Sound,,,
0,FORT,,1,1776624322.0544572,77.82,Game,1,Predictable,68.61,1,,,9,61.12,,120,Sound,,,
0,FORT,,1,1776624322.0544572,77.83,Game,1,Predictable,68.63,1,,,9,61.12,,120,Sound,,,
0,FORT,,1,1776624322.0544572,77.84,Game,1,Predictable,68.64,1,,,9,61.12,,120,Sound,,,
0,FORT,,1,1776624322.0544572,77.85,Game,1,Predictable,68.65,1,,,9,61.12,,120,Sound,,,
0,FORT,,1,1776624322.0544572,77.86,Game,1,Predictable,68.66,1,,,9,61.12,,120,Sound,,,
0,FORT,,1,1776624322.0544572,77.87,Game,1,Predictable,68.67,1,,,9,61.12,,120,Sound,,,
0,FORT,,1,1776624322.0544572,77.88,Game,1,Predictable,68.68,1,,,9,61.12,,120,Sound,,,
0,FORT,,1,1776624322.0544572,77.89,Game,1,Predictable,68.7,1,,,9,61.12,,120,Sound,,,
0,FORT,,1,1776624322.0544572,77.9,Game,1,Predictable,68.71,1,,,9,61.12,,120,Sound,,,
0,FORT,,1,1776624322.0544572,77.92,Game,1,Predictable,68.71,1,,,9,61.12,,120,Sound,,,
0,FORT,,1,1776624322.0544572,77.93,Game,1,Predictable,68.73,1,,,9,61.12,,120,Sound,,,
0,FORT,,1,1776624322.0544572,77.94,Game,1,Predictable,68.74,1,,,9,61.12,,120,Sound,,,
0,FORT,,1,1776624322.0544572,77.95,Game,1,Predictable,68.75,1,,,9,61.12,,120,Sound,,,
0,FORT,,1,1776624322.0544572,77.96,Game,1,Predictable,68.76,1,,,9,61.12,,120,Sound,,,
0,FORT,,1,1776624322.0544572,77.97,Game,1,Predictable,68.77,1,,,9,61.12,,120,Sound,,,
0,FORT,,1,1776624322.0544572,77.98,Game,1,Predictable,68.78,1,,,9,61.12,,120,Sound,,,
0,FORT,,1,1776624322.0544572,77.99,Game,1,Predictable,68.8,1,,,9,61.12,,120,Sound,,,
0,FORT,,1,1776624322.0544572,78.0,Game,1,Predictable,68.81,1,,,9,61.12,,120,Sound,,,
0,FORT,,1,1776624322.0544572,78.02,Game,1,Predictable,68.81,1,,,9,61.12,,120,Sound,,,
0,FORT,,1,1776624322.0544572,78.03,Game,1,Predictable,68.83,1,,,9,61.12,,120,Sound,,,
0,FORT,,1,1776624322.0544572,78.04,Game,1,Predictable,68.84,1,,,9,61.12,,120,Sound,,,
0,FORT,,1,1776624322.0544572,78.05,Game,1,Predictable,68.85,1,,,9,61.12,,120,Sound,,,
0,FORT,,1,1776624322.0544572,78.06,Game,1,Predictable,68.86,1,,,9,61.12,,120,Sound,,,
0,FORT,,1,1776624322.0544572,78.07,Game,1,Predictable,68.87,1,1,,9,61.12,,121,Sound,,,
0,FORT,,1,1776624322.0544572,78.13,Game,1,Predictable,68.87,1,1,,9,61.12,,121,Sound,,,
0,FORT,,1,1776624322.0544572,78.18,Game,1,Predictable,68.87,1,1,,9,61.12,,121,Sound,,,
0,FORT,,1,1776624322.0544572,78.24,Game,1,Predictable,68.87,1,1,,9,61.12,,121,Sound,,,
0,FORT,,1,1776624322.0544572,78.29,Game,1,Predictable,68.87,1,1,,9,61.12,,121,Sound,,,
0,FORT,,1,1776624322.0544572,78.35,Game,1,Predictable,68.87,1,1,,9,61.12,,121,Sound,,,
0,FORT,,1,1776624322.0544572,78.41,Game,1,Predictable,68.87,1,1,,9,61.12,,121,Sound,,,
0,FORT,,1,1776624322.0544572,78.46,Game,1,Predictable,68.87,1,1,,9,61.12,,121,Sound,,,
0,FORT,,1,1776624322.0544572,78.52,Game,1,Predictable,68.87,1,1,,9,61.12,,121,Sound,,,
0,FORT,,1,1776624322.0544572,78.57,Game,1,Predictable,68.87,1,1,,9,61.12,,121,Sound,,,
0,FORT,,1,1776624322.0544572,78.63,Game,1,Predictable,68.87,1,1,,9,61.12,,121,Sound,,,
0,FORT,,1,1776624322.0544572,78.69,Game,1,Predictable,68.87,1,1,,9,61.12,,121,Sound,,,
0,FORT,,1,1776624322.0544572,78.74,Game,1,Predictable,68.87,1,1,,9,61.12,,121,Sound,,,
0,FORT,,1,1776624322.0544572,78.8,Game,1,Predictable,68.87,1,1,,9,61.12,,121,Sound,,,
0,FORT,,1,1776624322.0544572,78.86,Game,1,Predictable,68.87,1,1,,9,61.12,,121,Sound,,,
0,FORT,,1,1776624322.0544572,78.91,Game,1,Predictable,68.87,1,1,,9,61.12,,121,Sound,,,
0,FORT,,1,1776624322.0544572,78.97,Game,1,Predictable,68.87,1,1,,9,61.12,,121,Sound,,,
0,FORT,,1,1776624322.0544572,79.02,Game,1,Predictable,68.87,1,1,,9,61.12,,121,Sound,,,
0,FORT,,1,1776624322.0544572,79.09,Game,1,Predictable,68.87,1,,,9,61.12,,120,Sound,,,
0,FORT,,1,1776624322.0544572,79.1,Game,1,Predictable,69.9,1,,,9,61.12,,120,Sound,,,
0,FORT,,1,1776624322.0544572,79.11,Game,1,Predictable,69.91,1,,,9,61.12,,120,Sound,,,
0,FORT,,1,1776624322.0544572,79.12,Game,1,Predictable,69.93,1,,,9,61.12,,120,Sound,,,
0,FORT,,1,1776624322.0544572,79.13,Game,1,Predictable,69.94,1,,,9,61.12,,120,Sound,,,
0,FORT,,1,1776624322.0544572,79.14,Game,1,Predictable,69.95,1,,,9,61.12,,120,Sound,,,
0,FORT,,1,1776624322.0544572,79.15,Game,1,Predictable,69.95,1,,,9,61.12,,120,Sound,,,
0,FORT,,1,1776624322.0544572,79.17,Game,1,Predictable,69.96,1,,,9,61.12,,120,Sound,,,
0,FORT,,1,1776624322.0544572,79.18,Game,1,Predictable,69.98,1,,,9,61.12,,120,Sound,,,
0,FORT,,1,1776624322.0544572,79.19,Game,1,Predictable,69.99,1,,,9,61.12,,120,Sound,,,
0,FORT,,1,1776624322.0544572,79.2,Game,1,Predictable,70.0,1,,,9,61.12,,120,Sound,,,
0,FORT,,1,1776624322.0544572,79.21,Game,1,Predictable,70.01,1,,,9,61.12,,120,Sound,,,
0,FORT,,1,1776624322.0544572,79.22,Game,1,Predictable,70.02,1,,,9,61.12,,120,Sound,,,
0,FORT,,1,1776624322.0544572,79.23,Game,1,Predictable,70.03,1,,,9,61.12,,120,Sound,,,
0,FORT,,1,1776624322.0544572,79.24,Game,1,Predictable,70.05,1,,,9,61.12,,120,Sound,,,
0,FORT,,1,1776624322.0544572,79.25,Game,1,Predictable,70.05,1,,,9,61.12,,120,Sound,,,
0,FORT,,1,1776624322.0544572,79.27,Game,1,Predictable,70.06,1,,,9,61.12,,120,Sound,,,
0,FORT,,1,1776624322.0544572,79.28,Game,1,Predictable,70.08,1,,,9,61.12,,120,Sound,,,
0,FORT,,1,1776624322.0544572,79.29,Game,1,Predictable,70.09,1,,,9,61.12,,120,Sound,,,
0,FORT,,1,1776624322.0544572,79.3,Game,1,Predictable,70.1,1,,,9,61.12,,120,Sound,,,
0,FORT,,1,1776624322.0544572,79.31,Game,1,Predictable,70.11,1,,,9,61.12,,120,Sound,,,
0,FORT,,1,1776624322.0544572,79.32,Game,1,Predictable,70.12,1,,,9,61.12,,120,Sound,,,
0,FORT,,1,1776624322.0544572,79.33,Game,1,Predictable,70.13,1,,,9,61.12,,120,Sound,,,
0,FORT,,1,1776624322.0544572,79.34,Game,1,Predictable,70.15,1,,,9,61.12,,120,Sound,,,
0,FORT,,1,1776624322.0544572,79.35,Game,1,Predictable,70.16,1,,,9,61.12,,120,Sound,,,
0,FORT,,1,1776624322.0544572,79.37,Game,1,Predictable,70.16,1,,,9,61.12,,120,Sound,,,
0,FORT,,1,1776624322.0544572,79.38,Game,1,Predictable,70.18,1,,,9,61.12,,120,Sound,,,
0,FORT,,1,1776624322.0544572,79.39,Game,1,Predictable,70.19,1,,,9,61.12,,120,Sound,,,
0,FORT,,1,1776624322.0544572,79.4,Game,1,Predictable,70.2,1,,,9,61.12,,120,Sound,,,
0,FORT,,1,1776624322.0544572,79.41,Game,1,Predictable,70.21,1,,,9,61.12,,120,Sound,,,
0,FORT,,1,1776624322.0544572,79.42,Game,1,Predictable,70.22,1,,,9,61.12,,120,Sound,,,
0,FORT,,1,1776624322.0544572,79.43,Game,1,Predictable,70.23,1,,,9,61.12,,120,Sound,,,
0,FORT,,1,1776624322.0544572,79.44,Game,1,Predictable,70.25,1,,,9,61.12,,120,Sound,,,
0,FORT,,1,1776624322.0544572,79.45,Game,1,Predictable,70.25,1,,,9,61.12,,120,Sound,,,
0,FORT,,1,1776624322.0544572,79.47,Game,1,Predictable,70.26,1,,,9,61.12,,120,Sound,,,
0,FORT,,1,1776624322.0544572,79.48,Game,1,Predictable,70.28,1,,,9,61.12,,120,Sound,,,
0,FORT,,1,1776624322.0544572,79.49,Game,1,Predictable,70.29,1,,,9,61.12,,120,Sound,,,
0,FORT,,1,1776624322.0544572,79.5,Game,1,Predictable,70.3,1,,,9,61.12,,120,Sound,,,
0,FORT,,1,1776624322.0544572,79.51,Game,1,Predictable,70.31,1,,,9,61.12,,120,Sound,,,
0,FORT,,1,1776624322.0544572,79.52,Game,1,Predictable,70.32,1,,,9,61.12,,120,Sound,,,
0,FORT,,1,1776624322.0544572,79.53,Game,1,Predictable,70.33,1,,,9,61.12,,120,Sound,,,
0,FORT,,1,1776624322.0544572,79.54,Game,1,Predictable,70.35,1,,,9,61.12,,120,Sound,,,
0,FORT,,1,1776624322.0544572,79.55,Game,1,Predictable,70.35,1,,,9,61.12,,120,Sound,,,
0,FORT,,1,1776624322.0544572,79.57,Game,1,Predictable,70.36,1,,,9,61.12,,120,Sound,,,
0,FORT,,1,1776624322.0544572,79.58,Game,1,Predictable,70.38,1,,,9,61.12,,120,Sound,,,
0,FORT,,1,1776624322.0544572,79.59,Game,1,Predictable,70.39,1,,,9,61.12,,120,Sound,,,
0,FORT,,1,1776624322.0544572,79.6,Game,1,Predictable,70.4,1,,,9,61.12,,120,Sound,,,
0,FORT,,1,1776624322.0544572,79.61,Game,1,Predictable,70.41,1,,,9,61.12,,120,Sound,,,
0,FORT,,1,1776624322.0544572,79.62,Game,1,Predictable,70.42,1,,,9,61.12,,120,Sound,,,
0,FORT,,1,1776624322.0544572,79.63,Game,1,Predictable,70.43,1,,,9,61.12,,120,Sound,,,
0,FORT,,1,1776624322.0544572,79.64,Game,1,Predictable,70.45,1,,,9,61.12,,120,Sound,,,
0,FORT,,1,1776624322.0544572,79.65,Game,1,Predictable,70.46,1,,,9,61.12,,120,Sound,,,
0,FORT,,1,1776624322.0544572,79.67,Game,1,Predictable,70.46,1,,,9,61.12,,120,Sound,,,
0,FORT,,1,1776624322.0544572,79.68,Game,1,Predictable,70.48,1,,,9,61.12,,120,Sound,,,
0,FORT,,1,1776624322.0544572,79.69,Game,1,Predictable,70.49,1,,,9,61.12,,120,Sound,,,
0,FORT,,1,1776624322.0544572,79.7,Game,1,Predictable,70.5,1,,,9,61.12,,120,Sound,,,
0,FORT,,1,1776624322.0544572,79.71,Game,1,Predictable,70.51,1,,,9,61.12,,120,Sound,,,
0,FORT,,1,1776624322.0544572,79.72,Game,1,Predictable,70.52,1,,,9,61.12,,120,Sound,,,
0,FORT,,1,1776624322.0544572,79.73,Game,1,Predictable,70.53,1,,,9,61.12,,120,Sound,,,
0,FORT,,1,1776624322.0544572,79.74,Game,1,Predictable,70.55,1,,,9,61.12,,120,Sound,,,
0,FORT,,1,1776624322.0544572,79.75,Game,1,Predictable,70.56,1,,,9,61.12,,120,Sound,,,
0,FORT,,1,1776624322.0544572,79.77,Game,1,Predictable,70.56,1,,,9,61.12,,120,Sound,,,
0,FORT,,1,1776624322.0544572,79.78,Game,1,Predictable,70.58,1,,,9,61.12,,120,Sound,,,
0,FORT,,1,1776624322.0544572,79.79,Game,1,Predictable,70.59,1,,,9,61.12,,120,Sound,,,
0,FORT,,1,1776624322.0544572,79.8,Game,1,Predictable,70.6,1,,,9,61.12,,120,Sound,,,
0,FORT,,1,1776624322.0544572,79.81,Game,1,Predictable,70.61,1,,,9,61.12,,120,Sound,,,
0,FORT,,1,1776624322.0544572,79.82,Game,1,Predictable,70.62,1,,,9,61.12,,120,Sound,,,
0,FORT,,1,1776624322.0544572,79.83,Game,1,Predictable,70.63,1,,,9,61.12,,120,Sound,,,
0,FORT,,1,1776624322.0544572,79.84,Game,1,Predictable,70.65,1,,,9,61.12,,120,Sound,,,
0,FORT,,1,1776624322.0544572,79.85,Game,1,Predictable,70.66,1,,,9,61.12,,120,Sound,,,
0,FORT,,1,1776624322.0544572,79.87,Game,1,Predictable,70.66,1,,,9,61.12,,120,Sound,,,
0,FORT,,1,1776624322.0544572,79.88,Game,1,Predictable,70.68,1,,,9,61.12,,120,Sound,,,
0,FORT,,1,1776624322.0544572,79.89,Game,1,Predictable,70.69,1,,,9,61.12,,120,Sound,,,
0,FORT,,1,1776624322.0544572,79.9,Game,1,Predictable,70.7,1,,,9,61.12,,120,Sound,,,
0,FORT,,1,1776624322.0544572,79.91,Game,1,Predictable,70.71,1,,,9,61.12,,120,Sound,,,
0,FORT,,1,1776624322.0544572,79.92,Game,1,Predictable,70.72,1,,,9,61.12,,120,Sound,,,
0,FORT,,1,1776624322.0544572,79.93,Game,1,Predictable,70.73,1,,,9,61.12,,120,Sound,,,
0,FORT,,1,1776624322.0544572,79.94,Game,1,Predictable,70.75,1,,,9,61.12,,120,Sound,,,
0,FORT,,1,1776624322.0544572,79.95,Game,1,Predictable,70.76,1,,,9,61.12,,120,Sound,,,
0,FORT,,1,1776624322.0544572,79.97,Game,1,Predictable,70.77,1,,,9,61.12,,120,Sound,,,
0,FORT,,1,1776624322.0544572,79.98,Game,1,Predictable,70.78,1,,,9,61.12,,120,Sound,,,
0,FORT,,1,1776624322.0544572,79.99,Game,1,Predictable,70.79,1,,,9,61.12,,120,Sound,,,
0,FORT,,1,1776624322.0544572,80.0,Game,1,Predictable,70.8,1,,,9,61.12,,120,Sound,,,
0,FORT,,1,1776624322.0544572,80.01,Game,1,Predictable,70.81,1,,,9,61.12,,120,Sound,,,
0,FORT,,1,1776624322.0544572,80.02,Game,1,Predictable,70.82,1,,,9,61.12,,120,Sound,,,
0,FORT,,1,1776624322.0544572,80.03,Game,1,Predictable,70.83,1,,,9,61.12,,120,Sound,,,
0,FORT,,1,1776624322.0544572,80.04,Game,1,Predictable,70.85,1,,,9,61.12,,120,Sound,,,
0,FORT,,1,1776624322.0544572,80.05,Game,1,Predictable,70.86,1,,,9,61.12,,120,Sound,,,
0,FORT,,1,1776624322.0544572,80.07,Game,1,Predictable,70.87,1,,,9,61.12,,120,Sound,,,
0,FORT,,1,1776624322.0544572,80.08,Game,1,Predictable,70.88,1,,,9,61.12,,120,Sound,,,
0,FORT,,1,1776624322.0544572,80.09,Game,1,Predictable,70.89,1,,,9,61.12,,120,Sound,,,
0,FORT,,1,1776624322.0544572,80.1,Game,1,Predictable,70.9,1,,,9,61.12,,120,Sound,,,
0,FORT,,1,1776624322.0544572,80.11,Game,1,Predictable,70.91,1,,,9,61.12,,120,Sound,,,
0,FORT,,1,1776624322.0544572,80.12,Game,1,Predictable,70.92,1,,,9,61.12,,120,Sound,,,
0,FORT,,1,1776624322.0544572,80.13,Game,1,Predictable,70.93,1,,,9,61.12,,120,Sound,,,
0,FORT,,1,1776624322.0544572,80.15,Game,1,Predictable,70.95,1,,,9,61.12,,120,Sound,,,
0,FORT,,1,1776624322.0544572,80.16,Game,1,Predictable,70.96,1,,,9,61.12,,120,Sound,,,
0,FORT,,1,1776624322.0544572,80.18,Game,1,Predictable,70.97,1,,,9,61.12,,120,Sound,,,
0,FORT,,1,1776624322.0544572,80.2,Game,1,Predictable,71.0,1,,,9,61.12,,120,Sound,,,
0,FORT,,1,1776624322.0544572,80.21,Game,1,Predictable,71.01,1,,,9,61.12,,120,Sound,,,
0,FORT,,1,1776624322.0544572,80.22,Game,1,Predictable,71.02,1,,,9,61.12,,120,Sound,,,
0,FORT,,1,1776624322.0544572,80.23,Game,1,Predictable,71.03,1,,,9,61.12,,120,Sound,,,
0,FORT,,1,1776624322.0544572,80.24,Game,1,Predictable,71.05,1,,,9,61.12,,120,Sound,,,
0,FORT,,1,1776624322.0544572,80.25,Game,1,Predictable,71.06,1,,,9,61.12,,120,Sound,,,
0,FORT,,1,1776624322.0544572,80.27,Game,1,Predictable,71.07,1,,,9,61.12,,120,Sound,,,
0,FORT,,1,1776624322.0544572,80.28,Game,1,Predictable,71.08,1,,,9,61.12,,120,Sound,,,
0,FORT,,1,1776624322.0544572,80.29,Game,1,Predictable,71.09,1,,,9,61.12,,120,Sound,,,
0,FORT,,1,1776624322.0544572,80.3,Game,1,Predictable,71.1,1,,,9,61.12,,120,Sound,,,
0,FORT,,1,1776624322.0544572,80.31,Game,1,Predictable,71.11,1,,,9,61.12,,120,Sound,,,
0,FORT,,1,1776624322.0544572,80.32,Game,1,Predictable,71.12,1,,,9,61.12,,120,Sound,,,
0,FORT,,1,1776624322.0544572,80.33,Game,1,Predictable,71.13,1,,,9,61.12,,120,Sound,,,
0,FORT,,1,1776624322.0544572,80.34,Game,1,Predictable,71.15,1,,,9,61.12,,120,Sound,,,
0,FORT,,1,1776624322.0544572,80.35,Game,1,Predictable,71.16,1,,,9,61.12,,120,Sound,,,
0,FORT,,1,1776624322.0544572,80.37,Game,1,Predictable,71.16,1,,,9,61.12,,120,Sound,,,
0,FORT,,1,1776624322.0544572,80.38,Game,1,Predictable,71.18,1,,,9,61.12,,120,Sound,,,
0,FORT,,1,1776624322.0544572,80.39,Game,1,Predictable,71.19,1,,,9,61.12,,120,Sound,,,
0,FORT,,1,1776624322.0544572,80.4,Game,1,Predictable,71.2,1,,,9,61.12,,120,Sound,,,
0,FORT,,1,1776624322.0544572,80.41,Game,1,Predictable,71.21,1,,,9,61.12,,120,Sound,,,
0,FORT,,1,1776624322.0544572,80.42,Game,1,Predictable,71.22,1,,,9,61.12,,120,Sound,,,
0,FORT,,1,1776624322.0544572,80.43,Game,1,Predictable,71.23,1,,,9,61.12,,120,Sound,,,
0,FORT,,1,1776624322.0544572,80.44,Game,1,Predictable,71.25,1,,,9,61.12,,120,Sound,,,
0,FORT,,1,1776624322.0544572,80.45,Game,1,Predictable,71.26,1,,,9,61.12,,120,Sound,,,
0,FORT,,1,1776624322.0544572,80.47,Game,1,Predictable,71.27,1,,,9,61.12,,120,Sound,,,
0,FORT,,1,1776624322.0544572,80.48,Game,1,Predictable,71.28,1,,,9,61.12,,120,Sound,,,
0,FORT,,1,1776624322.0544572,80.49,Game,1,Predictable,71.29,1,,,9,61.12,,120,Sound,,,
0,FORT,,1,1776624322.0544572,80.5,Game,1,Predictable,71.3,1,,,9,61.12,,120,Sound,,,
0,FORT,,1,1776624322.0544572,80.51,Game,1,Predictable,71.31,1,,,9,61.12,,120,Sound,,,
0,FORT,,1,1776624322.0544572,80.52,Game,1,Predictable,71.32,1,,,9,61.12,,120,Sound,,,
0,FORT,,1,1776624322.0544572,80.53,Game,1,Predictable,71.33,1,,,9,61.12,,120,Sound,,,
0,FORT,,1,1776624322.0544572,80.54,Game,1,Predictable,71.35,1,,,9,61.12,,120,Sound,,,
0,FORT,,1,1776624322.0544572,80.55,Game,1,Predictable,71.36,1,,,9,61.12,,120,Sound,,,
0,FORT,,1,1776624322.0544572,80.57,Game,1,Predictable,71.36,1,,,9,61.12,,120,Sound,,,
0,FORT,,1,1776624322.0544572,80.58,Game,1,Predictable,71.38,1,,,9,61.12,,120,Sound,,,
0,FORT,,1,1776624322.0544572,80.59,Game,1,Predictable,71.39,1,,,9,61.12,,120,Sound,,,
0,FORT,,1,1776624322.0544572,80.6,Game,1,Predictable,71.4,1,,,9,61.12,,120,Sound,,,
0,FORT,,1,1776624322.0544572,80.61,Game,1,Predictable,71.41,1,,,9,61.12,,120,Sound,,,
0,FORT,,1,1776624322.0544572,80.62,Game,1,Predictable,71.42,1,,,9,61.12,,120,Sound,,,
0,FORT,,1,1776624322.0544572,80.63,Game,1,Predictable,71.43,1,,,9,61.12,,120,Sound,,,
0,FORT,,1,1776624322.0544572,80.64,Game,1,Predictable,71.45,1,,,9,61.12,,120,Sound,,,
0,FORT,,1,1776624322.0544572,80.65,Game,1,Predictable,71.46,1,,,9,61.12,,120,Sound,,,
0,FORT,,1,1776624322.0544572,80.67,Game,1,Predictable,71.47,1,,,9,61.12,,120,Sound,,,
0,FORT,,1,1776624322.0544572,80.68,Game,1,Predictable,71.48,1,,,9,61.12,,120,Sound,,,
0,FORT,,1,1776624322.0544572,80.69,Game,1,Predictable,71.49,1,,,9,61.12,,120,Sound,,,
0,FORT,,1,1776624322.0544572,80.7,Game,1,Predictable,71.5,1,,,9,61.12,,120,Sound,,,
0,FORT,,1,1776624322.0544572,80.71,Game,1,Predictable,71.51,1,,,9,61.12,,120,Sound,,,
0,FORT,,1,1776624322.0544572,80.72,Game,1,Predictable,71.52,1,,,9,61.12,,120,Sound,,,
0,FORT,,1,1776624322.0544572,80.73,Game,1,Predictable,71.53,1,,,9,61.12,,120,Sound,,,
0,FORT,,1,1776624322.0544572,80.74,Game,1,Predictable,71.55,1,,,9,61.12,,120,Sound,,,
0,FORT,,1,1776624322.0544572,80.75,Game,1,Predictable,71.56,1,,,9,61.12,,120,Sound,,,
0,FORT,,1,1776624322.0544572,80.77,Game,1,Predictable,71.57,1,,,9,61.12,,120,Sound,,,
0,FORT,,1,1776624322.0544572,80.78,Game,1,Predictable,71.58,1,,,9,61.12,,120,Sound,,,
0,FORT,,1,1776624322.0544572,80.79,Game,1,Predictable,71.59,1,,,9,61.12,,120,Sound,,,
0,FORT,,1,1776624322.0544572,80.8,Game,1,Predictable,71.6,1,,,9,61.12,,120,Sound,,,
0,FORT,,1,1776624322.0544572,80.81,Game,1,Predictable,71.61,1,,,9,61.12,,120,Sound,,,
0,FORT,,1,1776624322.0544572,80.82,Game,1,Predictable,71.62,1,,,9,61.12,,120,Sound,,,
0,FORT,,1,1776624322.0544572,80.83,Game,1,Predictable,71.63,1,,,9,61.12,,120,Sound,,,
0,FORT,,1,1776624322.0544572,80.84,Game,1,Predictable,71.65,1,,,9,61.12,,120,Sound,,,
0,FORT,,1,1776624322.0544572,80.85,Game,1,Predictable,71.66,1,,,9,61.12,,120,Sound,,,
0,FORT,,1,1776624322.0544572,80.87,Game,1,Predictable,71.67,1,,,9,61.12,,120,Sound,,,
0,FORT,,1,1776624322.0544572,80.88,Game,1,Predictable,71.68,1,,,9,61.12,,120,Sound,,,
0,FORT,,1,1776624322.0544572,80.89,Game,1,Predictable,71.69,1,,,9,61.12,,120,Sound,,,
0,FORT,,1,1776624322.0544572,80.9,Game,1,Predictable,71.7,1,,,9,61.12,,120,Sound,,,
0,FORT,,1,1776624322.0544572,80.91,Game,1,Predictable,71.71,1,,,9,61.12,,120,Sound,,,
0,FORT,,1,1776624322.0544572,80.92,Game,1,Predictable,71.72,1,,,9,61.12,,120,Sound,,,
0,FORT,,1,1776624322.0544572,80.93,Game,1,Predictable,71.73,1,,,9,61.12,,120,Sound,,,
0,FORT,,1,1776624322.0544572,80.94,Game,1,Predictable,71.75,1,,,9,61.12,,120,Sound,,,
0,FORT,,1,1776624322.0544572,80.95,Game,1,Predictable,71.76,1,,,9,61.12,,120,Sound,,,
0,FORT,,1,1776624322.0544572,80.97,Game,1,Predictable,71.76,1,,,9,61.12,,120,Sound,,,
0,FORT,,1,1776624322.0544572,80.98,Game,1,Predictable,71.78,1,,,9,61.12,,120,Sound,,,
0,FORT,,1,1776624322.0544572,80.99,Game,1,Predictable,71.79,1,,,9,61.12,,120,Sound,,,
0,FORT,,1,1776624322.0544572,81.0,Game,1,Predictable,71.8,1,,,9,61.12,,120,Sound,,,
0,FORT,,1,1776624322.0544572,81.01,Game,1,Predictable,71.81,1,,,9,61.12,,120,Sound,,,
0,FORT,,1,1776624322.0544572,81.02,Game,1,Predictable,71.82,1,,,9,61.12,,120,Sound,,,
0,FORT,,1,1776624322.0544572,81.03,Game,1,Predictable,71.83,1,,,9,61.12,,120,Sound,,,
0,FORT,,1,1776624322.0544572,81.04,Game,1,Predictable,71.85,1,,,9,61.12,,120,Sound,,,
0,FORT,,1,1776624322.0544572,81.05,Game,1,Predictable,71.86,1,,,9,61.12,,120,Sound,,,
0,FORT,,1,1776624322.0544572,81.07,Game,1,Predictable,71.87,1,,,9,61.12,,120,Sound,,,
0,FORT,,1,1776624322.0544572,81.08,Game,1,Predictable,71.88,1,,,9,61.12,,120,Sound,,,
0,FORT,,1,1776624322.0544572,81.09,Game,1,Predictable,71.89,1,,,9,61.12,,120,Sound,,,
0,FORT,,1,1776624322.0544572,81.1,Game,1,Predictable,71.9,1,,,9,61.12,,120,Sound,,,
0,FORT,,1,1776624322.0544572,81.11,Game,1,Predictable,71.91,1,,,9,61.12,,120,Sound,,,
0,FORT,,1,1776624322.0544572,81.12,Game,1,Predictable,71.92,1,,,9,61.12,,120,Sound,,,
0,FORT,,1,1776624322.0544572,81.13,Game,1,Predictable,71.93,1,,,9,61.12,,120,Sound,,,
0,FORT,,1,1776624322.0544572,81.14,Game,1,Predictable,71.95,1,,,9,61.12,,120,Sound,,,
0,FORT,,1,1776624322.0544572,81.15,Game,1,Predictable,71.96,1,,,9,61.12,,120,Sound,,,
0,FORT,,1,1776624322.0544572,81.17,Game,1,Predictable,71.97,1,,,9,61.12,,120,Sound,,,
0,FORT,,1,1776624322.0544572,81.18,Game,1,Predictable,71.98,1,,,9,61.12,,120,Sound,,,
0,FORT,,1,1776624322.0544572,81.19,Game,1,Predictable,71.99,1,,,9,61.12,,120,Sound,,,
0,FORT,,1,1776624322.0544572,81.2,Game,1,Predictable,72.0,1,,,9,61.12,,120,Sound,,,
0,FORT,,1,1776624322.0544572,81.21,Game,1,Predictable,72.01,1,,,9,61.12,,120,Sound,,,
0,FORT,,1,1776624322.0544572,81.22,Game,1,Predictable,72.02,1,,,9,61.12,,120,Sound,,,
0,FORT,,1,1776624322.0544572,81.23,Game,1,Predictable,72.03,1,,,9,61.12,,120,Sound,,,
0,FORT,,1,1776624322.0544572,81.24,Game,1,Predictable,72.05,1,,,9,61.12,,120,Sound,,,
0,FORT,,1,1776624322.0544572,81.25,Game,1,Predictable,72.06,1,,,9,61.12,,120,Sound,,,
0,FORT,,1,1776624322.0544572,81.27,Game,1,Predictable,72.07,1,,,9,61.12,,120,Sound,,,
0,FORT,,1,1776624322.0544572,81.28,Game,1,Predictable,72.08,1,,,9,61.12,,120,Sound,,,
0,FORT,,1,1776624322.0544572,81.29,Game,1,Predictable,72.09,1,,,9,61.12,,120,Sound,,,
0,FORT,,1,1776624322.0544572,81.3,Game,1,Predictable,72.1,1,,,9,61.12,,120,Sound,,,
0,FORT,,1,1776624322.0544572,81.31,Game,1,Predictable,72.11,1,,,9,61.12,,120,Sound,,,
0,FORT,,1,1776624322.0544572,81.32,Game,1,Predictable,72.12,1,,,9,61.12,,120,Sound,,,
0,FORT,,1,1776624322.0544572,81.33,Game,1,Predictable,72.13,1,,,9,61.12,,120,Sound,,,
0,FORT,,1,1776624322.0544572,81.34,Game,1,Predictable,72.15,1,,,9,61.12,,120,Sound,,,
0,FORT,,1,1776624322.0544572,81.35,Game,1,Predictable,72.16,1,,,9,61.12,,120,Sound,,,
0,FORT,,1,1776624322.0544572,81.37,Game,1,Predictable,72.16,1,,,9,61.12,,120,Sound,,,
0,FORT,,1,1776624322.0544572,81.38,Game,1,Predictable,72.18,1,,,9,61.12,,120,Sound,,,
0,FORT,,1,1776624322.0544572,81.39,Game,1,Predictable,72.19,1,,,9,61.12,,120,Sound,,,
0,FORT,,1,1776624322.0544572,81.4,Game,1,Predictable,72.2,1,,,9,61.12,,120,Sound,,,
0,FORT,,1,1776624322.0544572,81.41,Game,1,Predictable,72.21,1,,,9,61.12,,120,Sound,,,
0,FORT,,1,1776624322.0544572,81.42,Game,1,Predictable,72.22,1,,,9,61.12,,120,Sound,,,
0,FORT,,1,1776624322.0544572,81.43,Game,1,Predictable,72.23,1,,,9,61.12,,120,Sound,,,
0,FORT,,1,1776624322.0544572,81.44,Game,1,Predictable,72.25,1,,,9,61.12,,120,Sound,,,
0,FORT,,1,1776624322.0544572,81.45,Game,1,Predictable,72.26,1,,,9,61.12,,120,Sound,,,
0,FORT,,1,1776624322.0544572,81.47,Game,1,Predictable,72.27,1,,,9,61.12,,120,Sound,,,
0,FORT,,1,1776624322.0544572,81.48,Game,1,Predictable,72.28,1,,,9,61.12,,120,Sound,,,
0,FORT,,1,1776624322.0544572,81.49,Game,1,Predictable,72.29,1,,,9,61.12,,120,Sound,,,
0,FORT,,1,1776624322.0544572,81.5,Game,1,Predictable,72.3,1,,,9,61.12,,120,Sound,,,
0,FORT,,1,1776624322.0544572,81.51,Game,1,Predictable,72.31,1,,,9,61.12,,120,Sound,,,
0,FORT,,1,1776624322.0544572,81.52,Game,1,Predictable,72.32,1,,,9,61.12,,120,Sound,,,
0,FORT,,1,1776624322.0544572,81.53,Game,1,Predictable,72.33,1,,,9,61.12,,120,Sound,,,
0,FORT,,1,1776624322.0544572,81.54,Game,1,Predictable,72.35,1,,,9,61.12,,120,Sound,,,
0,FORT,,1,1776624322.0544572,81.55,Game,1,Predictable,72.36,1,,,9,61.12,,120,Sound,,,
0,FORT,,1,1776624322.0544572,81.57,Game,1,Predictable,72.36,1,,,9,61.12,,120,Sound,,,
0,FORT,,1,1776624322.0544572,81.58,Game,1,Predictable,72.38,1,,,9,61.12,,120,Sound,,,
0,FORT,,1,1776624322.0544572,81.59,Game,1,Predictable,72.39,1,,,9,61.12,,120,Sound,,,
0,FORT,,1,1776624322.0544572,81.6,Game,1,Predictable,72.4,1,,,9,61.12,,120,Sound,,,
0,FORT,,1,1776624322.0544572,81.61,Game,1,Predictable,72.41,1,,,9,61.12,,120,Sound,,,
0,FORT,,1,1776624322.0544572,81.62,Game,1,Predictable,72.42,1,,,9,61.12,,120,Sound,,,
0,FORT,,1,1776624322.0544572,81.63,Game,1,Predictable,72.43,1,,,9,61.12,,120,Sound,,,
0,FORT,,1,1776624322.0544572,81.64,Game,1,Predictable,72.45,1,,,9,61.12,,120,Sound,,,
0,FORT,,1,1776624322.0544572,81.65,Game,1,Predictable,72.46,1,,,9,61.12,,120,Sound,,,
0,FORT,,1,1776624322.0544572,81.67,Game,1,Predictable,72.47,1,,,9,61.12,,120,Sound,,,
0,FORT,,1,1776624322.0544572,81.68,Game,1,Predictable,72.48,1,,,9,61.12,,120,Sound,,,
0,FORT,,1,1776624322.0544572,81.69,Game,1,Predictable,72.49,1,,,9,61.12,,120,Sound,,,
0,FORT,,1,1776624322.0544572,81.7,Game,1,Predictable,72.5,1,,,9,61.12,,120,Sound,,,
0,FORT,,1,1776624322.0544572,81.71,Game,1,Predictable,72.51,1,,,9,61.12,,120,Sound,,,
0,FORT,,1,1776624322.0544572,81.72,Game,1,Predictable,72.52,1,,,9,61.12,,120,Sound,,,
0,FORT,,1,1776624322.0544572,81.73,Game,1,Predictable,72.53,1,,,9,61.12,,120,Sound,,,
0,FORT,,1,1776624322.0544572,81.74,Game,1,Predictable,72.55,1,,,9,61.12,,120,Sound,,,
0,FORT,,1,1776624322.0544572,81.75,Game,1,Predictable,72.56,1,,,9,61.12,,120,Sound,,,
0,FORT,,1,1776624322.0544572,81.77,Game,1,Predictable,72.57,1,,,9,61.12,,120,Sound,,,
0,FORT,,1,1776624322.0544572,81.78,Game,1,Predictable,72.58,1,,,9,61.12,,120,Sound,,,
0,FORT,,1,1776624322.0544572,81.79,Game,1,Predictable,72.59,1,,,9,61.12,,120,Sound,,,
0,FORT,,1,1776624322.0544572,81.8,Game,1,Predictable,72.6,1,,,9,61.12,,120,Sound,,,
0,FORT,,1,1776624322.0544572,81.81,Game,1,Predictable,72.61,1,,,9,61.12,,120,Sound,,,
0,FORT,,1,1776624322.0544572,81.82,Game,1,Predictable,72.62,1,,,9,61.12,,120,Sound,,,
0,FORT,,1,1776624322.0544572,81.83,Game,1,Predictable,72.63,1,,,9,61.12,,120,Sound,,,
0,FORT,,1,1776624322.0544572,81.84,Game,1,Predictable,72.65,1,,,9,61.12,,120,Sound,,,
0,FORT,,1,1776624322.0544572,81.85,Game,1,Predictable,72.66,1,,,9,61.12,,120,Sound,,,
0,FORT,,1,1776624322.0544572,81.87,Game,1,Predictable,72.67,1,,,9,61.12,,120,Sound,,,
0,FORT,,1,1776624322.0544572,81.88,Game,1,Predictable,72.68,1,,,9,61.12,,120,Sound,,,
0,FORT,,1,1776624322.0544572,81.89,Game,1,Predictable,72.69,1,,,9,61.12,,120,Sound,,,
0,FORT,,1,1776624322.0544572,81.9,Game,1,Predictable,72.7,1,,,9,61.12,,120,Sound,,,
0,FORT,,1,1776624322.0544572,81.91,Game,1,Predictable,72.71,1,,,9,61.12,,120,Sound,,,
0,FORT,,1,1776624322.0544572,81.92,Game,1,Predictable,72.72,1,,,9,61.12,,120,Sound,,,
0,FORT,,1,1776624322.0544572,81.93,Game,1,Predictable,72.73,1,,,9,61.12,,120,Sound,,,
0,FORT,,1,1776624322.0544572,81.94,Game,1,Predictable,72.75,1,,,9,61.12,,120,Sound,,,
0,FORT,,1,1776624322.0544572,81.95,Game,1,Predictable,72.76,1,,,9,61.12,,120,Sound,,,
0,FORT,,1,1776624322.0544572,81.97,Game,1,Predictable,72.77,1,,,9,61.12,,120,Sound,,,
0,FORT,,1,1776624322.0544572,81.98,Game,1,Predictable,72.78,1,,,9,61.12,,120,Sound,,,
0,FORT,,1,1776624322.0544572,81.99,Game,1,Predictable,72.79,1,,,9,61.12,,120,Sound,,,
0,FORT,,1,1776624322.0544572,82.0,Game,1,Predictable,72.8,1,,,9,61.12,,120,Sound,,,
0,FORT,,1,1776624322.0544572,82.01,Game,1,Predictable,72.81,1,,,9,61.12,,120,Sound,,,
0,FORT,,1,1776624322.0544572,82.02,Game,1,Predictable,72.82,1,,,9,61.12,,120,Sound,,,
0,FORT,,1,1776624322.0544572,82.03,Game,1,Predictable,72.83,1,,,9,61.12,,120,Sound,,,
0,FORT,,1,1776624322.0544572,82.04,Game,1,Predictable,72.85,1,,,9,61.12,,120,Sound,,,
0,FORT,,1,1776624322.0544572,82.05,Game,1,Predictable,72.86,1,,,9,61.12,,120,Sound,,,
0,FORT,,1,1776624322.0544572,82.07,Game,1,Predictable,72.87,1,,,9,61.12,,120,Sound,,,
0,FORT,,1,1776624322.0544572,82.08,Game,1,Predictable,72.88,1,,,9,61.12,,120,Sound,,,
0,FORT,,1,1776624322.0544572,82.09,Game,1,Predictable,72.89,1,,,9,61.12,,120,Sound,,,
0,FORT,,1,1776624322.0544572,82.1,Game,1,Predictable,72.9,1,,,9,61.12,,120,Sound,,,
0,FORT,,1,1776624322.0544572,82.11,Game,1,Predictable,72.91,1,,,9,61.12,,120,Sound,,,
0,FORT,,1,1776624322.0544572,82.12,Game,1,Predictable,72.92,1,,,9,61.12,,120,Sound,,,
0,FORT,,1,1776624322.0544572,82.13,Game,1,Predictable,72.93,1,,,9,61.12,,120,Sound,,,
0,FORT,,1,1776624322.0544572,82.14,Game,1,Predictable,72.95,1,,,9,61.12,,120,Sound,,,
0,FORT,,1,1776624322.0544572,82.15,Game,1,Predictable,72.96,1,,,9,61.12,,120,Sound,,,
0,FORT,,1,1776624322.0544572,82.17,Game,1,Predictable,72.97,1,,,9,61.12,,120,Sound,,,
0,FORT,,1,1776624322.0544572,82.18,Game,1,Predictable,72.98,1,,,9,61.12,,120,Sound,,,
0,FORT,,1,1776624322.0544572,82.19,Game,1,Predictable,72.99,1,,,9,61.12,,120,Sound,,,
0,FORT,,1,1776624322.0544572,82.2,Game,1,Predictable,73.0,1,,,9,61.12,,120,Sound,,,
0,FORT,,1,1776624322.0544572,82.21,Game,1,Predictable,73.01,1,,,9,61.12,,120,Sound,,,
0,FORT,,1,1776624322.0544572,82.27,Game,1,Predictable,73.07,0,,,9,,,130,Sound,,,
0,FORT,,1,1776624322.0544572,82.3,Game,1,Predictable,73.07,0,,,9,,,130,Sound,,,
0,FORT,,1,1776624322.0544572,82.32,Game,1,Predictable,73.11,0,,,9,,,130,Sound,,,
0,FORT,,1,1776624322.0544572,82.33,Game,1,Predictable,73.13,0,,,9,,,130,Sound,,,
0,FORT,,1,1776624322.0544572,82.34,Game,1,Predictable,73.14,0,,,9,,,130,Sound,,,
0,FORT,,1,1776624322.0544572,82.35,Game,1,Predictable,73.15,0,,,9,,,130,Sound,,,
0,FORT,,1,1776624322.0544572,82.36,Game,1,Predictable,73.16,0,,,9,,,130,Sound,,,
0,FORT,,1,1776624322.0544572,82.37,Game,1,Predictable,73.17,0,,,9,,,130,Sound,,,
0,FORT,,1,1776624322.0544572,82.38,Game,1,Predictable,73.18,0,,,9,,,130,Sound,,,
0,FORT,,1,1776624322.0544572,82.39,Game,1,Predictable,73.2,0,,,9,,,130,Sound,,,
0,FORT,,1,1776624322.0544572,82.4,Game,1,Predictable,73.21,0,,,9,,,130,Sound,,,
0,FORT,,1,1776624322.0544572,82.42,Game,1,Predictable,73.22,0,,,9,,,130,Sound,,,
0,FORT,,1,1776624322.0544572,82.43,Game,1,Predictable,73.23,0,,,9,,,130,Sound,,,
0,FORT,,1,1776624322.0544572,82.44,Game,1,Predictable,73.24,0,,,9,,,130,Sound,,,
0,FORT,,1,1776624322.0544572,82.45,Game,1,Predictable,73.25,0,,,9,,,130,Sound,,,
0,FORT,,1,1776624322.0544572,82.46,Game,1,Predictable,73.26,0,,,9,,,130,Sound,,,
0,FORT,,1,1776624322.0544572,82.47,Game,1,Predictable,73.27,0,,,9,,,130,Sound,,,
0,FORT,,1,1776624322.0544572,82.48,Game,1,Predictable,73.28,0,,,9,,,130,Sound,,,
0,FORT,,1,1776624322.0544572,82.49,Game,1,Predictable,73.3,0,,,9,,,130,Sound,,,
0,FORT,,1,1776624322.0544572,82.5,Game,1,Predictable,73.31,0,,,9,,,130,Sound,,,
0,FORT,,1,1776624322.0544572,82.52,Game,1,Predictable,73.32,0,,,9,,,130,Sound,,,
0,FORT,,1,1776624322.0544572,82.53,Game,1,Predictable,73.33,0,,,9,,,130,Sound,,,
0,FORT,,1,1776624322.0544572,82.54,Game,1,Predictable,73.34,0,,,9,,,130,Sound,,,
0,FORT,,1,1776624322.0544572,82.55,Game,1,Predictable,73.35,0,,,9,,,130,Sound,,,
0,FORT,,1,1776624322.0544572,82.56,Game,1,Predictable,73.36,0,,,9,,,130,Sound,,,
0,FORT,,1,1776624322.0544572,82.57,Game,1,Predictable,73.37,0,,,9,,,130,Sound,,,
0,FORT,,1,1776624322.0544572,82.58,Game,1,Predictable,73.38,0,,,9,,,130,Sound,,,
0,FORT,,1,1776624322.0544572,82.59,Game,1,Predictable,73.4,0,,,9,,,130,Sound,,,
0,FORT,,1,1776624322.0544572,82.6,Game,1,Predictable,73.41,0,,,9,,,130,Sound,,,
0,FORT,,1,1776624322.0544572,82.62,Game,1,Predictable,73.42,0,,,9,,,130,Sound,,,
0,FORT,,1,1776624322.0544572,82.63,Game,1,Predictable,73.43,0,,,9,,,130,Sound,,,
0,FORT,,1,1776624322.0544572,82.64,Game,1,Predictable,73.44,0,,,9,,,130,Sound,,,
0,FORT,,1,1776624322.0544572,82.65,Game,1,Predictable,73.45,0,,,9,,,130,Sound,,,
0,FORT,,1,1776624322.0544572,82.66,Game,1,Predictable,73.46,0,,,9,,,130,Sound,,,
0,FORT,,1,1776624322.0544572,82.67,Game,1,Predictable,73.47,0,,,9,,,130,Sound,,,
0,FORT,,1,1776624322.0544572,82.68,Game,1,Predictable,73.48,0,,,9,,,130,Sound,,,
0,FORT,,1,1776624322.0544572,82.69,Game,1,Predictable,73.5,0,,,9,,,130,Sound,,,
0,FORT,,1,1776624322.0544572,82.7,Game,1,Predictable,73.51,0,,,9,,,130,Sound,,,
0,FORT,,1,1776624322.0544572,82.72,Game,1,Predictable,73.52,0,,,9,,,130,Sound,,,
0,FORT,,1,1776624322.0544572,82.73,Game,1,Predictable,73.53,0,,,9,,,130,Sound,,,
0,FORT,,1,1776624322.0544572,82.74,Game,1,Predictable,73.54,0,,,9,,,130,Sound,,,
0,FORT,,1,1776624322.0544572,82.75,Game,1,Predictable,73.55,0,,,9,,,130,Sound,,,
0,FORT,,1,1776624322.0544572,82.76,Game,1,Predictable,73.56,0,,,9,,,130,Sound,,,
0,FORT,,1,1776624322.0544572,82.77,Game,1,Predictable,73.57,0,,,9,,,130,Sound,,,
0,FORT,,1,1776624322.0544572,82.78,Game,1,Predictable,73.58,0,,,9,,,130,Sound,,,
0,FORT,,1,1776624322.0544572,82.79,Game,1,Predictable,73.6,0,,,9,,,130,Sound,,,
0,FORT,,1,1776624322.0544572,82.8,Game,1,Predictable,73.61,0,,,9,,,130,Sound,,,
0,FORT,,1,1776624322.0544572,82.82,Game,1,Predictable,73.62,0,,,9,,,130,Sound,,,
0,FORT,,1,1776624322.0544572,82.83,Game,1,Predictable,73.63,0,,,9,,,130,Sound,,,
0,FORT,,1,1776624322.0544572,82.84,Game,1,Predictable,73.64,0,,,9,,,130,Sound,,,
0,FORT,,1,1776624322.0544572,82.85,Game,1,Predictable,73.65,0,,,9,,,130,Sound,,,
0,FORT,,1,1776624322.0544572,82.86,Game,1,Predictable,73.66,0,,,9,,,130,Sound,,,
0,FORT,,1,1776624322.0544572,82.87,Game,1,Predictable,73.67,0,,,9,,,130,Sound,,,
0,FORT,,1,1776624322.0544572,82.88,Game,1,Predictable,73.68,0,,,9,,,130,Sound,,,
0,FORT,,1,1776624322.0544572,82.89,Game,1,Predictable,73.7,0,,,9,,,130,Sound,,,
0,FORT,,1,1776624322.0544572,82.9,Game,1,Predictable,73.71,0,,,9,,,130,Sound,,,
0,FORT,,1,1776624322.0544572,82.92,Game,1,Predictable,73.72,0,,,9,,,130,Sound,,,
0,FORT,,1,1776624322.0544572,82.93,Game,1,Predictable,73.73,0,,,9,,,130,Sound,,,
0,FORT,,1,1776624322.0544572,82.94,Game,1,Predictable,73.74,0,,,9,,,130,Sound,,,
0,FORT,,1,1776624322.0544572,82.95,Game,1,Predictable,73.75,0,,,9,,,130,Sound,,,
0,FORT,,1,1776624322.0544572,82.96,Game,1,Predictable,73.76,0,,,9,,,130,Sound,,,
0,FORT,,1,1776624322.0544572,82.97,Game,1,Predictable,73.77,0,,,9,,,130,Sound,,,
0,FORT,,1,1776624322.0544572,82.98,Game,1,Predictable,73.78,0,,,9,,,130,Sound,,,
0,FORT,,1,1776624322.0544572,82.99,Game,1,Predictable,73.8,0,,,9,,,130,Sound,,,
0,FORT,,1,1776624322.0544572,83.0,Game,1,Predictable,73.81,0,,,9,,,130,Sound,,,
0,FORT,,1,1776624322.0544572,83.02,Game,1,Predictable,73.82,0,,,9,,,130,Sound,,,
0,FORT,,1,1776624322.0544572,83.03,Game,1,Predictable,73.83,0,,,9,,,130,Sound,,,
0,FORT,,1,1776624322.0544572,83.04,Game,1,Predictable,73.84,0,,,9,,,130,Sound,,,
0,FORT,,1,1776624322.0544572,83.05,Game,1,Predictable,73.85,0,,,9,,,130,Sound,,,
0,FORT,,1,1776624322.0544572,83.06,Game,1,Predictable,73.86,0,,,9,,,130,Sound,,,
0,FORT,,1,1776624322.0544572,83.07,Game,1,Predictable,73.87,0,,,9,,,130,Sound,,,
0,FORT,,1,1776624322.0544572,83.08,Game,1,Predictable,73.88,0,,,9,,,130,Sound,,,
0,FORT,,1,1776624322.0544572,83.09,Game,1,Predictable,73.9,0,,,9,,,130,Sound,,,
0,FORT,,1,1776624322.0544572,83.1,Game,1,Predictable,73.91,0,,,9,,,130,Sound,,,
0,FORT,,1,1776624322.0544572,83.12,Game,1,Predictable,73.92,0,,,9,,,130,Sound,,,
0,FORT,,1,1776624322.0544572,83.13,Game,1,Predictable,73.93,0,,,9,,,130,Sound,,,
0,FORT,,1,1776624322.0544572,83.14,Game,1,Predictable,73.94,0,,,9,,,130,Sound,,,
0,FORT,,1,1776624322.0544572,83.15,Game,1,Predictable,73.95,0,,,9,,,130,Sound,,,
0,FORT,,1,1776624322.0544572,83.16,Game,1,Predictable,73.96,0,,,9,,,130,Sound,,,
0,FORT,,1,1776624322.0544572,83.17,Game,1,Predictable,73.97,0,,,9,,,130,Sound,,,
0,FORT,,1,1776624322.0544572,83.18,Game,1,Predictable,73.98,0,,,9,,,130,Sound,,,
0,FORT,,1,1776624322.0544572,83.19,Game,1,Predictable,74.0,0,,,9,,,130,Sound,,,
0,FORT,,1,1776624322.0544572,83.2,Game,1,Predictable,74.01,0,,,9,,,130,Sound,,,
0,FORT,,1,1776624322.0544572,83.22,Game,1,Predictable,74.02,0,,,9,,,130,Sound,,,
0,FORT,,1,1776624322.0544572,83.23,Game,1,Predictable,74.03,0,,,9,,,130,Sound,,,
0,FORT,,1,1776624322.0544572,83.24,Game,1,Predictable,74.04,0,,,9,,,130,Sound,,,
0,FORT,,1,1776624322.0544572,83.25,Game,1,Predictable,74.05,0,,,9,,,130,Sound,,,
0,FORT,,1,1776624322.0544572,83.26,Game,1,Predictable,74.06,0,,,9,,,130,Sound,,,
0,FORT,,1,1776624322.0544572,83.27,Game,1,Predictable,74.07,0,,,9,,,130,Sound,,,
0,FORT,,1,1776624322.0544572,83.28,Game,1,Predictable,74.08,0,,,9,,,130,Sound,,,
0,FORT,,1,1776624322.0544572,83.29,Game,1,Predictable,74.1,0,,,9,,,130,Sound,,,
0,FORT,,1,1776624322.0544572,83.3,Game,1,Predictable,74.11,0,,,9,,,130,Sound,,,
0,FORT,,1,1776624322.0544572,83.32,Game,1,Predictable,74.12,0,,,9,,,130,Sound,,,
0,FORT,,1,1776624322.0544572,83.33,Game,1,Predictable,74.13,0,,,9,,,130,Sound,,,
0,FORT,,1,1776624322.0544572,83.34,Game,1,Predictable,74.14,0,,,9,,,130,Sound,,,
0,FORT,,1,1776624322.0544572,83.35,Game,1,Predictable,74.15,0,,,9,,,130,Sound,,,
0,FORT,,1,1776624322.0544572,83.36,Game,1,Predictable,74.16,0,,,9,,,130,Sound,,,
0,FORT,,1,1776624322.0544572,83.37,Game,1,Predictable,74.17,0,,,9,,,130,Sound,,,
0,FORT,,1,1776624322.0544572,83.38,Game,1,Predictable,74.18,0,,,9,,,130,Sound,,,
0,FORT,,1,1776624322.0544572,83.39,Game,1,Predictable,74.2,0,,,9,,,130,Sound,,,
0,FORT,,1,1776624322.0544572,83.4,Game,1,Predictable,74.21,0,,,9,,,130,Sound,,,
0,FORT,,1,1776624322.0544572,83.42,Game,1,Predictable,74.22,0,,,9,,,130,Sound,,,
0,FORT,,1,1776624322.0544572,83.43,Game,1,Predictable,74.23,0,,,9,,,130,Sound,,,
0,FORT,,1,1776624322.0544572,83.44,Game,1,Predictable,74.24,0,,,9,,,130,Sound,,,
0,FORT,,1,1776624322.0544572,83.45,Game,1,Predictable,74.25,0,,,9,,,130,Sound,,,
0,FORT,,1,1776624322.0544572,83.46,Game,1,Predictable,74.26,0,,,9,,,130,Sound,,,
0,FORT,,1,1776624322.0544572,83.47,Game,1,Predictable,74.27,0,,,9,,,130,Sound,,,
0,FORT,,1,1776624322.0544572,83.48,Game,1,Predictable,74.28,0,,,9,,,130,Sound,,,
0,FORT,,1,1776624322.0544572,83.49,Game,1,Predictable,74.3,0,,,9,,,130,Sound,,,
0,FORT,,1,1776624322.0544572,83.5,Game,1,Predictable,74.31,0,,,9,,,130,Sound,,,
0,FORT,,1,1776624322.0544572,83.52,Game,1,Predictable,74.32,0,,,9,,,130,Sound,,,
0,FORT,,1,1776624322.0544572,83.53,Game,1,Predictable,74.33,0,,,9,,,130,Sound,,,
0,FORT,,1,1776624322.0544572,83.54,Game,1,Predictable,74.34,0,,,9,,,130,Sound,,,
0,FORT,,1,1776624322.0544572,83.55,Game,1,Predictable,74.35,0,,,9,,,130,Sound,,,
0,FORT,,1,1776624322.0544572,83.56,Game,1,Predictable,74.36,0,,,9,,,130,Sound,,,
0,FORT,,1,1776624322.0544572,83.57,Game,1,Predictable,74.37,0,,,9,,,130,Sound,,,
0,FORT,,1,1776624322.0544572,83.58,Game,1,Predictable,74.38,0,,,9,,,130,Sound,,,
0,FORT,,1,1776624322.0544572,83.59,Game,1,Predictable,74.4,0,,,9,,,130,Sound,,,
0,FORT,,1,1776624322.0544572,83.6,Game,1,Predictable,74.41,0,,,9,,,130,Sound,,,
0,FORT,,1,1776624322.0544572,83.62,Game,1,Predictable,74.42,0,,,9,,,130,Sound,,,
0,FORT,,1,1776624322.0544572,83.63,Game,1,Predictable,74.43,0,,,9,,,130,Sound,,,
0,FORT,,1,1776624322.0544572,83.64,Game,1,Predictable,74.44,0,,,9,,,130,Sound,,,
0,FORT,,1,1776624322.0544572,83.65,Game,1,Predictable,74.45,0,,,9,,,130,Sound,,,
0,FORT,,1,1776624322.0544572,83.66,Game,1,Predictable,74.46,0,,,9,,,130,Sound,,,
0,FORT,,1,1776624322.0544572,83.67,Game,1,Predictable,74.47,0,,,9,,,130,Sound,,,
0,FORT,,1,1776624322.0544572,83.68,Game,1,Predictable,74.48,0,,,9,,,130,Sound,,,
0,FORT,,1,1776624322.0544572,83.69,Game,1,Predictable,74.5,0,,,9,,,130,Sound,,,
0,FORT,,1,1776624322.0544572,83.7,Game,1,Predictable,74.51,0,,,9,,,130,Sound,,,
0,FORT,,1,1776624322.0544572,83.72,Game,1,Predictable,74.52,0,,,9,,,130,Sound,,,
0,FORT,,1,1776624322.0544572,83.73,Game,1,Predictable,74.53,0,,,9,,,130,Sound,,,
0,FORT,,1,1776624322.0544572,83.74,Game,1,Predictable,74.54,0,,,9,,,130,Sound,,,
0,FORT,,1,1776624322.0544572,83.75,Game,1,Predictable,74.55,0,,,9,,,130,Sound,,,
0,FORT,,1,1776624322.0544572,83.76,Game,1,Predictable,74.56,0,,,9,,,130,Sound,,,
0,FORT,,1,1776624322.0544572,83.77,Game,1,Predictable,74.57,0,,,9,,,130,Sound,,,
0,FORT,,1,1776624322.0544572,83.78,Game,1,Predictable,74.58,0,,,9,,,130,Sound,,,
0,FORT,,1,1776624322.0544572,83.79,Game,1,Predictable,74.6,0,,,9,,,130,Sound,,,
0,FORT,,1,1776624322.0544572,83.8,Game,1,Predictable,74.61,0,,,9,,,130,Sound,,,
0,FORT,,1,1776624322.0544572,83.82,Game,1,Predictable,74.62,0,,,9,,,130,Sound,,,
0,FORT,,1,1776624322.0544572,83.83,Game,1,Predictable,74.63,0,,,9,,,130,Sound,,,
0,FORT,,1,1776624322.0544572,83.84,Game,1,Predictable,74.64,0,,,9,,,130,Sound,,,
0,FORT,,1,1776624322.0544572,83.85,Game,1,Predictable,74.65,0,,,9,,,130,Sound,,,
0,FORT,,1,1776624322.0544572,83.86,Game,1,Predictable,74.66,0,,,9,,,130,Sound,,,
0,FORT,,1,1776624322.0544572,83.87,Game,1,Predictable,74.67,0,,,9,,,130,Sound,,,
0,FORT,,1,1776624322.0544572,83.88,Game,1,Predictable,74.68,0,,,9,,,130,Sound,,,
0,FORT,,1,1776624322.0544572,83.89,Game,1,Predictable,74.7,0,,,9,,,130,Sound,,,
0,FORT,,1,1776624322.0544572,83.9,Game,1,Predictable,74.71,0,,,9,,,130,Sound,,,
0,FORT,,1,1776624322.0544572,83.92,Game,1,Predictable,74.72,0,,,9,,,130,Sound,,,
0,FORT,,1,1776624322.0544572,83.93,Game,1,Predictable,74.73,0,,,9,,,130,Sound,,,
0,FORT,,1,1776624322.0544572,83.94,Game,1,Predictable,74.74,0,,,9,,,130,Sound,,,
0,FORT,,1,1776624322.0544572,83.95,Game,1,Predictable,74.75,0,,,9,,,130,Sound,,,
0,FORT,,1,1776624322.0544572,83.96,Game,1,Predictable,74.76,0,,,9,,,130,Sound,,,
0,FORT,,1,1776624322.0544572,83.97,Game,1,Predictable,74.77,0,,,9,,,130,Sound,,,
0,FORT,,1,1776624322.0544572,83.98,Game,1,Predictable,74.78,0,,,9,,,130,Sound,,,
0,FORT,,1,1776624322.0544572,83.99,Game,1,Predictable,74.8,0,,,9,,,130,Sound,,,
0,FORT,,1,1776624322.0544572,84.0,Game,1,Predictable,74.81,0,,,9,,,130,Sound,,,
0,FORT,,1,1776624322.0544572,84.02,Game,1,Predictable,74.82,0,,,9,,,130,Sound,,,
0,FORT,,1,1776624322.0544572,84.03,Game,1,Predictable,74.83,0,,,9,,,130,Sound,,,
0,FORT,,1,1776624322.0544572,84.04,Game,1,Predictable,74.84,0,,,9,,,130,Sound,,,
0,FORT,,1,1776624322.0544572,84.05,Game,1,Predictable,74.85,0,,,9,,,130,Sound,,,
0,FORT,,1,1776624322.0544572,84.06,Game,1,Predictable,74.86,0,,,9,,,130,Sound,,,
0,FORT,,1,1776624322.0544572,84.07,Game,1,Predictable,74.87,0,,,9,,,130,Sound,,,
0,FORT,,1,1776624322.0544572,84.08,Game,1,Predictable,74.88,0,,,9,,,130,Sound,,,
0,FORT,,1,1776624322.0544572,84.09,Game,1,Predictable,74.9,0,,,9,,,130,Sound,,,
0,FORT,,1,1776624322.0544572,84.1,Game,1,Predictable,74.91,0,,,9,,,130,Sound,,,
0,FORT,,1,1776624322.0544572,84.12,Game,1,Predictable,74.92,0,,,9,,,130,Sound,,,
0,FORT,,1,1776624322.0544572,84.13,Game,1,Predictable,74.93,0,,,9,,,130,Sound,,,
0,FORT,,1,1776624322.0544572,84.14,Game,1,Predictable,74.94,0,,,9,,,130,Sound,,,
0,FORT,,1,1776624322.0544572,84.15,Game,1,Predictable,74.95,0,,,9,,,130,Sound,,,
0,FORT,,1,1776624322.0544572,84.16,Game,1,Predictable,74.96,0,,,9,,,130,Sound,,,
0,FORT,,1,1776624322.0544572,84.17,Game,1,Predictable,74.97,0,,,9,,,130,Sound,,,
0,FORT,,1,1776624322.0544572,84.18,Game,1,Predictable,74.98,0,,,9,,,130,Sound,,,
0,FORT,,1,1776624322.0544572,84.19,Game,1,Predictable,75.0,0,,,9,,,130,Sound,,,
0,FORT,,1,1776624322.0544572,84.2,Game,1,Predictable,75.01,0,,,9,,,130,Sound,,,
0,FORT,,1,1776624322.0544572,84.22,Game,1,Predictable,75.02,0,,,9,,,130,Sound,,,
0,FORT,,1,1776624322.0544572,84.23,Game,1,Predictable,75.03,0,,,9,,,130,Sound,,,
0,FORT,,1,1776624322.0544572,84.24,Game,1,Predictable,75.04,0,,,9,,,130,Sound,,,
0,FORT,,1,1776624322.0544572,84.25,Game,1,Predictable,75.05,0,,,9,,,130,Sound,,,
0,FORT,,1,1776624322.0544572,84.26,Game,1,Predictable,75.06,0,,,9,,,130,Sound,,,
0,FORT,,1,1776624322.0544572,84.27,Game,1,Predictable,75.07,0,,,9,,,130,Sound,,,
0,FORT,,1,1776624322.0544572,84.28,Game,1,Predictable,75.08,0,,,9,,,130,Sound,,,
0,FORT,,1,1776624322.0544572,84.29,Game,1,Predictable,75.1,0,,,9,,,130,Sound,,,
0,FORT,,1,1776624322.0544572,84.3,Game,1,Predictable,75.11,0,,,9,,,130,Sound,,,
0,FORT,,1,1776624322.0544572,84.32,Game,1,Predictable,75.12,0,,,9,,,130,Sound,,,
0,FORT,,1,1776624322.0544572,84.33,Game,1,Predictable,75.13,0,,,9,,,130,Sound,,,
0,FORT,,1,1776624322.0544572,84.34,Game,1,Predictable,75.14,0,,,9,,,130,Sound,,,
0,FORT,,1,1776624322.0544572,84.35,Game,1,Predictable,75.15,0,,,9,,,130,Sound,,,
0,FORT,,1,1776624322.0544572,84.36,Game,1,Predictable,75.16,0,,,9,,,130,Sound,,,
0,FORT,,1,1776624322.0544572,84.37,Game,1,Predictable,75.17,0,,,9,,,130,Sound,,,
0,FORT,,1,1776624322.0544572,84.38,Game,1,Predictable,75.18,0,,,9,,,130,Sound,,,
0,FORT,,1,1776624322.0544572,84.39,Game,1,Predictable,75.2,0,,,9,,,130,Sound,,,
0,FORT,,1,1776624322.0544572,84.4,Game,1,Predictable,75.21,0,,,9,,,130,Sound,,,
0,FORT,,1,1776624322.0544572,84.42,Game,1,Predictable,75.22,0,,,9,,,130,Sound,,,
0,FORT,,1,1776624322.0544572,84.43,Game,1,Predictable,75.23,0,,,9,,,130,Sound,,,
0,FORT,,1,1776624322.0544572,84.44,Game,1,Predictable,75.24,0,,,9,,,130,Sound,,,
0,FORT,,1,1776624322.0544572,84.45,Game,1,Predictable,75.25,0,,,9,,,130,Sound,,,
0,FORT,,1,1776624322.0544572,84.46,Game,1,Predictable,75.26,0,,,9,,,130,Sound,,,
0,FORT,,1,1776624322.0544572,84.47,Game,1,Predictable,75.27,0,,,9,,,130,Sound,,,
0,FORT,,1,1776624322.0544572,84.48,Game,1,Predictable,75.28,0,,,9,,,130,Sound,,,
0,FORT,,1,1776624322.0544572,84.49,Game,1,Predictable,75.3,0,,,9,,,130,Sound,,,
0,FORT,,1,1776624322.0544572,84.5,Game,1,Predictable,75.31,0,,,9,,,130,Sound,,,
0,FORT,,1,1776624322.0544572,84.52,Game,1,Predictable,75.32,0,,,9,,,130,Sound,,,
0,FORT,,1,1776624322.0544572,84.53,Game,1,Predictable,75.33,0,,,9,,,130,Sound,,,
0,FORT,,1,1776624322.0544572,84.54,Game,1,Predictable,75.34,0,,,9,,,130,Sound,,,
0,FORT,,1,1776624322.0544572,84.55,Game,1,Predictable,75.35,0,,,9,,,130,Sound,,,
0,FORT,,1,1776624322.0544572,84.56,Game,1,Predictable,75.36,0,,,9,,,130,Sound,,,
0,FORT,,1,1776624322.0544572,84.57,Game,1,Predictable,75.37,0,,,9,,,130,Sound,,,
0,FORT,,1,1776624322.0544572,84.58,Game,1,Predictable,75.38,0,,,9,,,130,Sound,,,
0,FORT,,1,1776624322.0544572,84.59,Game,1,Predictable,75.4,0,,,9,,,130,Sound,,,
0,FORT,,1,1776624322.0544572,84.6,Game,1,Predictable,75.41,0,,,9,,,130,Sound,,,
0,FORT,,1,1776624322.0544572,84.62,Game,1,Predictable,75.42,0,,,9,,,130,Sound,,,
0,FORT,,1,1776624322.0544572,84.63,Game,1,Predictable,75.43,0,,,9,,,130,Sound,,,
0,FORT,,1,1776624322.0544572,84.64,Game,1,Predictable,75.44,0,,,9,,,130,Sound,,,
0,FORT,,1,1776624322.0544572,84.65,Game,1,Predictable,75.45,0,,,9,,,130,Sound,,,
0,FORT,,1,1776624322.0544572,84.66,Game,1,Predictable,75.46,0,,,9,,,130,Sound,,,
0,FORT,,1,1776624322.0544572,84.67,Game,1,Predictable,75.47,0,,,9,,,130,Sound,,,
0,FORT,,1,1776624322.0544572,84.68,Game,1,Predictable,75.48,0,,,9,,,130,Sound,,,
0,FORT,,1,1776624322.0544572,84.69,Game,1,Predictable,75.5,0,,,9,,,130,Sound,,,
0,FORT,,1,1776624322.0544572,84.7,Game,1,Predictable,75.51,0,,,9,,,130,Sound,,,
0,FORT,,1,1776624322.0544572,84.72,Game,1,Predictable,75.52,0,,,9,,,130,Sound,,,
0,FORT,,1,1776624322.0544572,84.73,Game,1,Predictable,75.53,0,,,9,,,130,Sound,,,
0,FORT,,1,1776624322.0544572,84.74,Game,1,Predictable,75.54,0,,,9,,,130,Sound,,,
0,FORT,,1,1776624322.0544572,84.75,Game,1,Predictable,75.55,0,,,9,,,130,Sound,,,
0,FORT,,1,1776624322.0544572,84.76,Game,1,Predictable,75.56,0,,,9,,,130,Sound,,,
0,FORT,,1,1776624322.0544572,84.77,Game,1,Predictable,75.57,0,,,9,,,130,Sound,,,
0,FORT,,1,1776624322.0544572,84.78,Game,1,Predictable,75.58,0,,,9,,,130,Sound,,,
0,FORT,,1,1776624322.0544572,84.79,Game,1,Predictable,75.6,0,,,9,,,130,Sound,,,
0,FORT,,1,1776624322.0544572,84.8,Game,1,Predictable,75.61,0,,,9,,,130,Sound,,,
0,FORT,,1,1776624322.0544572,84.82,Game,1,Predictable,75.62,0,,,9,,,130,Sound,,,
0,FORT,,1,1776624322.0544572,84.83,Game,1,Predictable,75.63,0,,,9,,,130,Sound,,,
0,FORT,,1,1776624322.0544572,84.84,Game,1,Predictable,75.64,0,,,9,,,130,Sound,,,
0,FORT,,1,1776624322.0544572,84.85,Game,1,Predictable,75.65,0,,,9,,,130,Sound,,,
0,FORT,,1,1776624322.0544572,84.86,Game,1,Predictable,75.66,0,,,9,,,130,Sound,,,
0,FORT,,1,1776624322.0544572,84.87,Game,1,Predictable,75.67,0,,,9,,,130,Sound,,,
0,FORT,,1,1776624322.0544572,84.88,Game,1,Predictable,75.68,0,,,9,,,130,Sound,,,
0,FORT,,1,1776624322.0544572,84.89,Game,1,Predictable,75.7,0,,,9,,,130,Sound,,,
0,FORT,,1,1776624322.0544572,84.9,Game,1,Predictable,75.71,0,,,9,,,130,Sound,,,
0,FORT,,1,1776624322.0544572,84.92,Game,1,Predictable,75.72,0,,,9,,,130,Sound,,,
0,FORT,,1,1776624322.0544572,84.93,Game,1,Predictable,75.73,0,,,9,,,130,Sound,,,
0,FORT,,1,1776624322.0544572,84.94,Game,1,Predictable,75.74,0,,,9,,,130,Sound,,,
0,FORT,,1,1776624322.0544572,84.95,Game,1,Predictable,75.75,0,,,9,,,130,Sound,,,
0,FORT,,1,1776624322.0544572,84.96,Game,1,Predictable,75.76,0,,,9,,,130,Sound,,,
0,FORT,,1,1776624322.0544572,84.97,Game,1,Predictable,75.77,0,,,9,,,130,Sound,,,
0,FORT,,1,1776624322.0544572,84.98,Game,1,Predictable,75.78,0,,,9,,,130,Sound,,,
0,FORT,,1,1776624322.0544572,84.99,Game,1,Predictable,75.8,0,,,9,,,130,Sound,,,
0,FORT,,1,1776624322.0544572,85.0,Game,1,Predictable,75.81,0,,,9,,,130,Sound,,,
0,FORT,,1,1776624322.0544572,85.02,Game,1,Predictable,75.82,0,,,9,,,130,Sound,,,
0,FORT,,1,1776624322.0544572,85.03,Game,1,Predictable,75.83,0,,,9,,,130,Sound,,,
0,FORT,,1,1776624322.0544572,85.04,Game,1,Predictable,75.84,0,,,9,,,130,Sound,,,
0,FORT,,1,1776624322.0544572,85.05,Game,1,Predictable,75.85,0,,,9,,,130,Sound,,,
0,FORT,,1,1776624322.0544572,85.06,Game,1,Predictable,75.86,0,,,9,,,130,Sound,,,
0,FORT,,1,1776624322.0544572,85.07,Game,1,Predictable,75.87,0,,,9,,,130,Sound,,,
0,FORT,,1,1776624322.0544572,85.08,Game,1,Predictable,75.88,0,,,9,,,130,Sound,,,
0,FORT,,1,1776624322.0544572,85.09,Game,1,Predictable,75.9,0,,,9,,,130,Sound,,,
0,FORT,,1,1776624322.0544572,85.1,Game,1,Predictable,75.91,0,,,9,,,130,Sound,,,
0,FORT,,1,1776624322.0544572,85.12,Game,1,Predictable,75.92,0,,,9,,,130,Sound,,,
0,FORT,,1,1776624322.0544572,85.13,Game,1,Predictable,75.93,0,,,9,,,130,Sound,,,
0,FORT,,1,1776624322.0544572,85.14,Game,1,Predictable,75.94,0,,,9,,,130,Sound,,,
0,FORT,,1,1776624322.0544572,85.15,Game,1,Predictable,75.95,0,,,9,,,130,Sound,,,
0,FORT,,1,1776624322.0544572,85.16,Game,1,Predictable,75.96,0,,,9,,,130,Sound,,,
0,FORT,,1,1776624322.0544572,85.17,Game,1,Predictable,75.97,0,,,9,,,130,Sound,,,
0,FORT,,1,1776624322.0544572,85.18,Game,1,Predictable,75.98,0,,,9,,,130,Sound,,,
0,FORT,,1,1776624322.0544572,85.19,Game,1,Predictable,76.0,0,,,9,,,130,Sound,,,
0,FORT,,1,1776624322.0544572,85.2,Game,1,Predictable,76.01,0,,,9,,,130,Sound,,,
0,FORT,,1,1776624322.0544572,85.22,Game,1,Predictable,76.02,0,,,9,,,130,Sound,,,
0,FORT,,1,1776624322.0544572,85.23,Game,1,Predictable,76.03,0,,,9,,,130,Sound,,,
0,FORT,,1,1776624322.0544572,85.24,Game,1,Predictable,76.04,0,,,9,,,130,Sound,,,
0,FORT,,1,1776624322.0544572,85.25,Game,1,Predictable,76.05,0,,,9,,,130,Sound,,,
0,FORT,,1,1776624322.0544572,85.26,Game,1,Predictable,76.06,0,,,9,,,130,Sound,,,
0,FORT,,1,1776624322.0544572,85.27,Game,1,Predictable,76.07,0,,,9,,,130,Sound,,,
0,FORT,,1,1776624322.0544572,85.28,Game,1,Predictable,76.08,0,,,9,,,130,Sound,,,
0,FORT,,1,1776624322.0544572,85.29,Game,1,Predictable,76.1,0,,,9,,,130,Sound,,,
0,FORT,,1,1776624322.0544572,85.3,Game,1,Predictable,76.11,0,,,9,,,130,Sound,,,
0,FORT,,1,1776624322.0544572,85.32,Game,1,Predictable,76.12,0,,,9,,,130,Sound,,,
0,FORT,,1,1776624322.0544572,85.33,Game,1,Predictable,76.13,0,,,9,,,130,Sound,,,
0,FORT,,1,1776624322.0544572,85.34,Game,1,Predictable,76.14,0,,,9,,,130,Sound,,,
0,FORT,,1,1776624322.0544572,85.35,Game,1,Predictable,76.15,0,,,9,,,130,Sound,,,
0,FORT,,1,1776624322.0544572,85.36,Game,1,Predictable,76.16,0,,,9,,,130,Sound,,,
0,FORT,,1,1776624322.0544572,85.37,Game,1,Predictable,76.17,0,,,9,,,130,Sound,,,
0,FORT,,1,1776624322.0544572,85.38,Game,1,Predictable,76.18,0,,,9,,,130,Sound,,,
0,FORT,,1,1776624322.0544572,85.39,Game,1,Predictable,76.2,0,,,9,,,130,Sound,,,
0,FORT,,1,1776624322.0544572,85.4,Game,1,Predictable,76.21,0,,,9,,,130,Sound,,,
0,FORT,,1,1776624322.0544572,85.42,Game,1,Predictable,76.22,0,,,9,,,130,Sound,,,
0,FORT,,1,1776624322.0544572,85.43,Game,1,Predictable,76.23,0,,,9,,,130,Sound,,,
0,FORT,,1,1776624322.0544572,85.44,Game,1,Predictable,76.24,0,,,9,,,130,Sound,,,
0,FORT,,1,1776624322.0544572,85.45,Game,1,Predictable,76.25,0,,,9,,,130,Sound,,,
0,FORT,,1,1776624322.0544572,85.46,Game,1,Predictable,76.26,0,,,9,,,130,Sound,,,
0,FORT,,1,1776624322.0544572,85.47,Game,1,Predictable,76.27,0,,,9,,,130,Sound,,,
0,FORT,,1,1776624322.0544572,85.48,Game,1,Predictable,76.28,0,,,9,,,130,Sound,,,
0,FORT,,1,1776624322.0544572,85.49,Game,1,Predictable,76.3,0,,,9,,,130,Sound,,,
0,FORT,,1,1776624322.0544572,85.5,Game,1,Predictable,76.31,0,,,9,,,130,Sound,,,
0,FORT,,1,1776624322.0544572,85.52,Game,1,Predictable,76.32,0,,,9,,,130,Sound,,,
0,FORT,,1,1776624322.0544572,85.53,Game,1,Predictable,76.33,0,,,9,,,130,Sound,,,
0,FORT,,1,1776624322.0544572,85.54,Game,1,Predictable,76.34,0,,,9,,,130,Sound,,,
0,FORT,,1,1776624322.0544572,85.55,Game,1,Predictable,76.35,0,,,9,,,130,Sound,,,
0,FORT,,1,1776624322.0544572,85.56,Game,1,Predictable,76.36,0,,,9,,,130,Sound,,,
0,FORT,,1,1776624322.0544572,85.57,Game,1,Predictable,76.37,0,,,9,,,130,Sound,,,
0,FORT,,1,1776624322.0544572,85.58,Game,1,Predictable,76.38,0,,,9,,,130,Sound,,,
0,FORT,,1,1776624322.0544572,85.59,Game,1,Predictable,76.4,0,,,9,,,130,Sound,,,
0,FORT,,1,1776624322.0544572,85.6,Game,1,Predictable,76.41,0,,,9,,,130,Sound,,,
0,FORT,,1,1776624322.0544572,85.62,Game,1,Predictable,76.42,0,,,9,,,130,Sound,,,
0,FORT,,1,1776624322.0544572,85.63,Game,1,Predictable,76.43,0,,,9,,,130,Sound,,,
0,FORT,,1,1776624322.0544572,85.64,Game,1,Predictable,76.44,0,,,9,,,130,Sound,,,
0,FORT,,1,1776624322.0544572,85.65,Game,1,Predictable,76.45,0,,,9,,,130,Sound,,,
0,FORT,,1,1776624322.0544572,85.66,Game,1,Predictable,76.46,0,,,9,,,130,Sound,,,
0,FORT,,1,1776624322.0544572,85.67,Game,1,Predictable,76.47,0,,,9,,,130,Sound,,,
0,FORT,,1,1776624322.0544572,85.68,Game,1,Predictable,76.48,0,,,9,,,130,Sound,,,
0,FORT,,1,1776624322.0544572,85.69,Game,1,Predictable,76.5,0,,,9,,,130,Sound,,,
0,FORT,,1,1776624322.0544572,85.7,Game,1,Predictable,76.51,0,,,9,,,130,Sound,,,
0,FORT,,1,1776624322.0544572,85.72,Game,1,Predictable,76.52,0,,,9,,,130,Sound,,,
0,FORT,,1,1776624322.0544572,85.73,Game,1,Predictable,76.53,0,,,9,,,130,Sound,,,
0,FORT,,1,1776624322.0544572,85.74,Game,1,Predictable,76.54,0,,,9,,,130,Sound,,,
0,FORT,,1,1776624322.0544572,85.75,Game,1,Predictable,76.55,0,,,9,,,130,Sound,,,
0,FORT,,1,1776624322.0544572,85.76,Game,1,Predictable,76.56,0,,,9,,,130,Sound,,,
0,FORT,,1,1776624322.0544572,85.77,Game,1,Predictable,76.57,0,,,9,,,130,Sound,,,
0,FORT,,1,1776624322.0544572,85.78,Game,1,Predictable,76.58,0,,,9,,,130,Sound,,,
0,FORT,,1,1776624322.0544572,85.79,Game,1,Predictable,76.6,0,,,9,,,130,Sound,,,
0,FORT,,1,1776624322.0544572,85.8,Game,1,Predictable,76.61,0,,,9,,,130,Sound,,,
0,FORT,,1,1776624322.0544572,85.82,Game,1,Predictable,76.62,0,,,9,,,130,Sound,,,
0,FORT,,1,1776624322.0544572,85.83,Game,1,Predictable,76.63,0,,,9,,,130,Sound,,,
0,FORT,,1,1776624322.0544572,85.84,Game,1,Predictable,76.64,0,,,9,,,130,Sound,,,
0,FORT,,1,1776624322.0544572,85.85,Game,1,Predictable,76.65,0,,,9,,,130,Sound,,,
0,FORT,,1,1776624322.0544572,85.86,Game,1,Predictable,76.66,0,,,9,,,130,Sound,,,
0,FORT,,1,1776624322.0544572,85.87,Game,1,Predictable,76.67,0,,,9,,,130,Sound,,,
0,FORT,,1,1776624322.0544572,85.88,Game,1,Predictable,76.68,0,,,9,,,130,Sound,,,
0,FORT,,1,1776624322.0544572,85.89,Game,1,Predictable,76.7,0,,,9,,,130,Sound,,,
0,FORT,,1,1776624322.0544572,85.9,Game,1,Predictable,76.71,0,,,9,,,130,Sound,,,
0,FORT,,1,1776624322.0544572,85.92,Game,1,Predictable,76.72,0,,,9,,,130,Sound,,,
0,FORT,,1,1776624322.0544572,85.93,Game,1,Predictable,76.73,0,,,9,,,130,Sound,,,
0,FORT,,1,1776624322.0544572,85.94,Game,1,Predictable,76.74,0,,,9,,,130,Sound,,,
0,FORT,,1,1776624322.0544572,85.95,Game,1,Predictable,76.75,0,,,9,,,130,Sound,,,
0,FORT,,1,1776624322.0544572,85.96,Game,1,Predictable,76.76,0,,,9,,,130,Sound,,,
0,FORT,,1,1776624322.0544572,85.97,Game,1,Predictable,76.77,0,,,9,,,130,Sound,,,
0,FORT,,1,1776624322.0544572,85.98,Game,1,Predictable,76.78,0,,,9,,,130,Sound,,,
0,FORT,,1,1776624322.0544572,85.99,Game,1,Predictable,76.8,0,,,9,,,130,Sound,,,
0,FORT,,1,1776624322.0544572,86.0,Game,1,Predictable,76.81,0,,,9,,,130,Sound,,,
0,FORT,,1,1776624322.0544572,86.02,Game,1,Predictable,76.82,0,,,9,,,130,Sound,,,
0,FORT,,1,1776624322.0544572,86.03,Game,1,Predictable,76.83,0,,,9,,,130,Sound,,,
0,FORT,,1,1776624322.0544572,86.04,Game,1,Predictable,76.84,0,,,9,,,130,Sound,,,
0,FORT,,1,1776624322.0544572,86.05,Game,1,Predictable,76.85,0,,,9,,,130,Sound,,,
0,FORT,,1,1776624322.0544572,86.06,Game,1,Predictable,76.86,0,,,9,,,130,Sound,,,
0,FORT,,1,1776624322.0544572,86.07,Game,1,Predictable,76.87,0,,,9,,,130,Sound,,,
0,FORT,,1,1776624322.0544572,86.08,Game,1,Predictable,76.88,0,,,9,,,130,Sound,,,
0,FORT,,1,1776624322.0544572,86.09,Game,1,Predictable,76.9,0,,,9,,,130,Sound,,,
0,FORT,,1,1776624322.0544572,86.1,Game,1,Predictable,76.91,0,,,9,,,130,Sound,,,
0,FORT,,1,1776624322.0544572,86.12,Game,1,Predictable,76.92,0,,,9,,,130,Sound,,,
0,FORT,,1,1776624322.0544572,86.13,Game,1,Predictable,76.93,0,,,9,,,130,Sound,,,
0,FORT,,1,1776624322.0544572,86.14,Game,1,Predictable,76.94,0,,,9,,,130,Sound,,,
0,FORT,,1,1776624322.0544572,86.15,Game,1,Predictable,76.95,0,,,9,,,130,Sound,,,
0,FORT,,1,1776624322.0544572,86.16,Game,1,Predictable,76.96,0,,,9,,,130,Sound,,,
0,FORT,,1,1776624322.0544572,86.17,Game,1,Predictable,76.97,0,,,9,,,130,Sound,,,
0,FORT,,1,1776624322.0544572,86.18,Game,1,Predictable,76.98,0,,,9,,,130,Sound,,,
0,FORT,,1,1776624322.0544572,86.19,Game,1,Predictable,77.0,0,,,9,,,130,Sound,,,
0,FORT,,1,1776624322.0544572,86.2,Game,1,Predictable,77.01,0,,,9,,,130,Sound,,,
0,FORT,,1,1776624322.0544572,86.22,Game,1,Predictable,77.02,0,,,9,,,130,Sound,,,
0,FORT,,1,1776624322.0544572,86.23,Game,1,Predictable,77.03,0,,,9,,,130,Sound,,,
0,FORT,,1,1776624322.0544572,86.24,Game,1,Predictable,77.04,0,,,9,,,130,Sound,,,
0,FORT,,1,1776624322.0544572,86.25,Game,1,Predictable,77.05,0,,,9,,,130,Sound,,,
0,FORT,,1,1776624322.0544572,86.26,Game,1,Predictable,77.06,0,,,9,,,130,Sound,,,
0,FORT,,1,1776624322.0544572,86.27,Game,1,Predictable,77.07,0,,,9,,,130,Sound,,,
0,FORT,,1,1776624322.0544572,86.28,Game,1,Predictable,77.08,0,,,9,,,130,Sound,,,
0,FORT,,1,1776624322.0544572,86.29,Game,1,Predictable,77.1,0,,,9,,,130,Sound,,,
0,FORT,,1,1776624322.0544572,86.3,Game,1,Predictable,77.11,0,,,9,,,130,Sound,,,
0,FORT,,1,1776624322.0544572,86.32,Game,1,Predictable,77.12,0,,,9,,,130,Sound,,,
0,FORT,,1,1776624322.0544572,86.33,Game,1,Predictable,77.13,0,,,9,,,130,Sound,,,
0,FORT,,1,1776624322.0544572,86.34,Game,1,Predictable,77.14,0,,,9,,,130,Sound,,,
0,FORT,,1,1776624322.0544572,86.35,Game,1,Predictable,77.15,0,,,9,,,130,Sound,,,
0,FORT,,1,1776624322.0544572,86.36,Game,1,Predictable,77.16,0,,,9,,,130,Sound,,,
0,FORT,,1,1776624322.0544572,86.37,Game,1,Predictable,77.17,0,,,9,,,130,Sound,,,
0,FORT,,1,1776624322.0544572,86.38,Game,1,Predictable,77.18,0,,,9,,,130,Sound,,,
0,FORT,,1,1776624322.0544572,86.39,Game,1,Predictable,77.2,0,,,9,,,130,Sound,,,
0,FORT,,1,1776624322.0544572,86.4,Game,1,Predictable,77.21,0,,,9,,,130,Sound,,,
0,FORT,,1,1776624322.0544572,86.42,Game,1,Predictable,77.22,0,,,9,,,130,Sound,,,
0,FORT,,1,1776624322.0544572,86.43,Game,1,Predictable,77.23,0,,,9,,,130,Sound,,,
0,FORT,,1,1776624322.0544572,86.44,Game,1,Predictable,77.24,0,,,9,,,130,Sound,,,
0,FORT,,1,1776624322.0544572,86.45,Game,1,Predictable,77.25,0,,,9,,,130,Sound,,,
0,FORT,,1,1776624322.0544572,86.46,Game,1,Predictable,77.26,0,,,9,,,130,Sound,,,
0,FORT,,1,1776624322.0544572,86.47,Game,1,Predictable,77.27,0,,,9,,,130,Sound,,,
0,FORT,,1,1776624322.0544572,86.48,Game,1,Predictable,77.28,0,,,9,,,130,Sound,,,
0,FORT,,1,1776624322.0544572,86.49,Game,1,Predictable,77.3,0,,,9,,,130,Sound,,,
0,FORT,,1,1776624322.0544572,86.5,Game,1,Predictable,77.31,0,,,9,,,130,Sound,,,
0,FORT,,1,1776624322.0544572,86.52,Game,1,Predictable,77.32,0,,,9,,,130,Sound,,,
0,FORT,,1,1776624322.0544572,86.53,Game,1,Predictable,77.33,0,,,9,,,130,Sound,,,
0,FORT,,1,1776624322.0544572,86.54,Game,1,Predictable,77.34,0,,,9,,,130,Sound,,,
0,FORT,,1,1776624322.0544572,86.55,Game,1,Predictable,77.35,0,,,9,,,130,Sound,,,
0,FORT,,1,1776624322.0544572,86.56,Game,1,Predictable,77.36,0,,,9,,,130,Sound,,,
0,FORT,,1,1776624322.0544572,86.57,Game,1,Predictable,77.37,0,,,9,,,130,Sound,,,
0,FORT,,1,1776624322.0544572,86.58,Game,1,Predictable,77.38,0,,,9,,,130,Sound,,,
0,FORT,,1,1776624322.0544572,86.59,Game,1,Predictable,77.4,0,,,9,,,130,Sound,,,
0,FORT,,1,1776624322.0544572,86.6,Game,1,Predictable,77.41,0,,,9,,,130,Sound,,,
0,FORT,,1,1776624322.0544572,86.62,Game,1,Predictable,77.42,0,,,9,,,130,Sound,,,
0,FORT,,1,1776624322.0544572,86.63,Game,1,Predictable,77.43,0,,,9,,,130,Sound,,,
0,FORT,,1,1776624322.0544572,86.64,Game,1,Predictable,77.44,0,,,9,,,130,Sound,,,
0,FORT,,1,1776624322.0544572,86.65,Game,1,Predictable,77.45,0,,,9,,,130,Sound,,,
0,FORT,,1,1776624322.0544572,86.66,Game,1,Predictable,77.46,0,,,9,,,130,Sound,,,
0,FORT,,1,1776624322.0544572,86.67,Game,1,Predictable,77.47,0,,,9,,,130,Sound,,,
0,FORT,,1,1776624322.0544572,86.68,Game,1,Predictable,77.48,0,,,9,,,130,Sound,,,
0,FORT,,1,1776624322.0544572,86.69,Game,1,Predictable,77.5,0,,,9,,,130,Sound,,,
0,FORT,,1,1776624322.0544572,86.7,Game,1,Predictable,77.51,0,,,9,,,130,Sound,,,
0,FORT,,1,1776624322.0544572,86.72,Game,1,Predictable,77.52,0,,,9,,,130,Sound,,,
0,FORT,,1,1776624322.0544572,86.73,Game,1,Predictable,77.53,0,,,9,,,130,Sound,,,
0,FORT,,1,1776624322.0544572,86.74,Game,1,Predictable,77.54,0,,,9,,,130,Sound,,,
0,FORT,,1,1776624322.0544572,86.75,Game,1,Predictable,77.55,0,,,9,,,130,Sound,,,
0,FORT,,1,1776624322.0544572,86.76,Game,1,Predictable,77.56,0,,,9,,,130,Sound,,,
0,FORT,,1,1776624322.0544572,86.77,Game,1,Predictable,77.57,0,,,9,,,130,Sound,,,
0,FORT,,1,1776624322.0544572,86.78,Game,1,Predictable,77.58,0,,,9,,,130,Sound,,,
0,FORT,,1,1776624322.0544572,86.79,Game,1,Predictable,77.6,0,,,9,,,130,Sound,,,
0,FORT,,1,1776624322.0544572,86.8,Game,1,Predictable,77.61,0,,,9,,,130,Sound,,,
0,FORT,,1,1776624322.0544572,86.82,Game,1,Predictable,77.62,0,,,9,,,130,Sound,,,
0,FORT,,1,1776624322.0544572,86.83,Game,1,Predictable,77.63,0,,,9,,,130,Sound,,,
0,FORT,,1,1776624322.0544572,86.84,Game,1,Predictable,77.64,0,,,9,,,130,Sound,,,
0,FORT,,1,1776624322.0544572,86.85,Game,1,Predictable,77.65,0,,,9,,,130,Sound,,,
0,FORT,,1,1776624322.0544572,86.86,Game,1,Predictable,77.66,0,,,9,,,130,Sound,,,
0,FORT,,1,1776624322.0544572,86.87,Game,1,Predictable,77.67,0,,,9,,,130,Sound,,,
0,FORT,,1,1776624322.0544572,86.88,Game,1,Predictable,77.68,0,,,9,,,130,Sound,,,
0,FORT,,1,1776624322.0544572,86.89,Game,1,Predictable,77.7,0,,,9,,,130,Sound,,,
0,FORT,,1,1776624322.0544572,86.9,Game,1,Predictable,77.71,0,,,9,,,130,Sound,,,
0,FORT,,1,1776624322.0544572,86.92,Game,1,Predictable,77.72,0,,,9,,,130,Sound,,,
0,FORT,,1,1776624322.0544572,86.93,Game,1,Predictable,77.73,0,,,9,,,130,Sound,,,
0,FORT,,1,1776624322.0544572,86.94,Game,1,Predictable,77.74,0,,,9,,,130,Sound,,,
0,FORT,,1,1776624322.0544572,86.95,Game,1,Predictable,77.75,0,,,9,,,130,Sound,,,
0,FORT,,1,1776624322.0544572,86.96,Game,1,Predictable,77.76,0,,,9,,,130,Sound,,,
0,FORT,,1,1776624322.0544572,86.97,Game,1,Predictable,77.77,0,,,9,,,130,Sound,,,
0,FORT,,1,1776624322.0544572,86.98,Game,1,Predictable,77.78,0,,,9,,,130,Sound,,,
0,FORT,,1,1776624322.0544572,86.99,Game,1,Predictable,77.8,0,,,9,,,130,Sound,,,
0,FORT,,1,1776624322.0544572,87.0,Game,1,Predictable,77.81,0,,,9,,,130,Sound,,,
0,FORT,,1,1776624322.0544572,87.02,Game,1,Predictable,77.82,0,,,9,,,130,Sound,,,
0,FORT,,1,1776624322.0544572,87.03,Game,1,Predictable,77.83,0,,,9,,,130,Sound,,,
0,FORT,,1,1776624322.0544572,87.04,Game,1,Predictable,77.84,0,,,9,,,130,Sound,,,
0,FORT,,1,1776624322.0544572,87.05,Game,1,Predictable,77.85,0,,,9,,,130,Sound,,,
0,FORT,,1,1776624322.0544572,87.06,Game,1,Predictable,77.86,0,,,9,,,130,Sound,,,
0,FORT,,1,1776624322.0544572,87.07,Game,1,Predictable,77.87,0,,,9,,,130,Sound,,,
0,FORT,,1,1776624322.0544572,87.08,Game,1,Predictable,77.88,0,,,9,,,130,Sound,,,
0,FORT,,1,1776624322.0544572,87.09,Game,1,Predictable,77.9,0,,,9,,,130,Sound,,,
0,FORT,,1,1776624322.0544572,87.1,Game,1,Predictable,77.91,0,,,9,,,130,Sound,,,
0,FORT,,1,1776624322.0544572,87.12,Game,1,Predictable,77.92,0,,,9,,,130,Sound,,,
0,FORT,,1,1776624322.0544572,87.13,Game,1,Predictable,77.93,0,,,9,,,130,Sound,,,
0,FORT,,1,1776624322.0544572,87.14,Game,1,Predictable,77.94,0,,,9,,,130,Sound,,,
0,FORT,,1,1776624322.0544572,87.15,Game,1,Predictable,77.95,0,,,9,,,130,Sound,,,
0,FORT,,1,1776624322.0544572,87.16,Game,1,Predictable,77.96,0,,,9,,,130,Sound,,,
0,FORT,,1,1776624322.0544572,87.17,Game,1,Predictable,77.97,0,,,9,,,130,Sound,,,
0,FORT,,1,1776624322.0544572,87.18,Game,1,Predictable,77.98,0,,,9,,,130,Sound,,,
0,FORT,,1,1776624322.0544572,87.19,Game,1,Predictable,78.0,0,,,9,,,130,Sound,,,
0,FORT,,1,1776624322.0544572,87.2,Game,1,Predictable,78.01,0,,,9,,,130,Sound,,,
0,FORT,,1,1776624322.0544572,87.22,Game,1,Predictable,78.02,0,,,9,,,130,Sound,,,
0,FORT,,1,1776624322.0544572,87.23,Game,1,Predictable,78.03,0,,,9,,,130,Sound,,,
0,FORT,,1,1776624322.0544572,87.24,Game,1,Predictable,78.04,0,,,9,,,130,Sound,,,
0,FORT,,1,1776624322.0544572,87.25,Game,1,Predictable,78.05,0,,,9,,,130,Sound,,,
0,FORT,,1,1776624322.0544572,87.26,Game,1,Predictable,78.06,0,,,9,,,130,Sound,,,
0,FORT,,1,1776624322.0544572,87.27,Game,1,Predictable,78.07,0,,,9,,,130,Sound,,,
0,FORT,,1,1776624322.0544572,87.28,Game,1,Predictable,78.08,0,,,9,,,130,Sound,,,
0,FORT,,1,1776624322.0544572,87.29,Game,1,Predictable,78.1,0,,,9,,,130,Sound,,,
0,FORT,,1,1776624322.0544572,87.3,Game,1,Predictable,78.11,0,,,9,,,130,Sound,,,
0,FORT,,1,1776624322.0544572,87.32,Game,1,Predictable,78.12,0,,,9,,,130,Sound,,,
0,FORT,,1,1776624322.0544572,87.33,Game,1,Predictable,78.13,0,,,9,,,130,Sound,,,
0,FORT,,1,1776624322.0544572,87.34,Game,1,Predictable,78.14,0,,,9,,,130,Sound,,,
0,FORT,,1,1776624322.0544572,87.35,Game,1,Predictable,78.15,0,,,9,,,130,Sound,,,
0,FORT,,1,1776624322.0544572,87.36,Game,1,Predictable,78.16,0,,,9,,,130,Sound,,,
0,FORT,,1,1776624322.0544572,87.37,Game,1,Predictable,78.17,0,,,9,,,130,Sound,,,
0,FORT,,1,1776624322.0544572,87.38,Game,1,Predictable,78.18,0,,,9,,,130,Sound,,,
0,FORT,,1,1776624322.0544572,87.39,Game,1,Predictable,78.2,0,,,9,,,130,Sound,,,
0,FORT,,1,1776624322.0544572,87.4,Game,1,Predictable,78.21,0,,,9,,,130,Sound,,,
0,FORT,,1,1776624322.0544572,87.42,Game,1,Predictable,78.22,0,,,9,,,130,Sound,,,
0,FORT,,1,1776624322.0544572,87.43,Game,1,Predictable,78.23,0,,,9,,,130,Sound,,,
0,FORT,,1,1776624322.0544572,87.44,Game,1,Predictable,78.24,0,,,9,,,130,Sound,,,
0,FORT,,1,1776624322.0544572,87.45,Game,1,Predictable,78.25,0,,,9,,,130,Sound,,,
0,FORT,,1,1776624322.0544572,87.46,Game,1,Predictable,78.26,0,,,9,,,130,Sound,,,
0,FORT,,1,1776624322.0544572,87.47,Game,1,Predictable,78.27,0,,,9,,,130,Sound,,,
0,FORT,,1,1776624322.0544572,87.48,Game,1,Predictable,78.28,0,,,9,,,130,Sound,,,
0,FORT,,1,1776624322.0544572,87.49,Game,1,Predictable,78.3,0,,,9,,,130,Sound,,,
0,FORT,,1,1776624322.0544572,87.5,Game,1,Predictable,78.31,0,,,9,,,130,Sound,,,
0,FORT,,1,1776624322.0544572,87.52,Game,1,Predictable,78.32,0,,,9,,,130,Sound,,,
0,FORT,,1,1776624322.0544572,87.53,Game,1,Predictable,78.33,0,,,9,,,130,Sound,,,
0,FORT,,1,1776624322.0544572,87.54,Game,1,Predictable,78.34,0,,,9,,,130,Sound,,,
0,FORT,,1,1776624322.0544572,87.55,Game,1,Predictable,78.35,0,,,9,,,130,Sound,,,
0,FORT,,1,1776624322.0544572,87.56,Game,1,Predictable,78.36,0,,,9,,,130,Sound,,,
0,FORT,,1,1776624322.0544572,87.57,Game,1,Predictable,78.37,0,,,9,,,130,Sound,,,
0,FORT,,1,1776624322.0544572,87.58,Game,1,Predictable,78.38,0,,,9,,,130,Sound,,,
0,FORT,,1,1776624322.0544572,87.59,Game,1,Predictable,78.4,0,,,9,,,130,Sound,,,
0,FORT,,1,1776624322.0544572,87.6,Game,1,Predictable,78.41,0,,,9,,,130,Sound,,,
0,FORT,,1,1776624322.0544572,87.62,Game,1,Predictable,78.42,0,,,9,,,130,Sound,,,
0,FORT,,1,1776624322.0544572,87.63,Game,1,Predictable,78.43,0,,,9,,,130,Sound,,,
0,FORT,,1,1776624322.0544572,87.64,Game,1,Predictable,78.44,0,,,9,,,130,Sound,,,
0,FORT,,1,1776624322.0544572,87.65,Game,1,Predictable,78.45,0,,,9,,,130,Sound,,,
0,FORT,,1,1776624322.0544572,87.66,Game,1,Predictable,78.46,0,,,9,,,130,Sound,,,
0,FORT,,1,1776624322.0544572,87.67,Game,1,Predictable,78.47,0,,,9,,,130,Sound,,,
0,FORT,,1,1776624322.0544572,87.68,Game,1,Predictable,78.48,0,,,9,,,130,Sound,,,
0,FORT,,1,1776624322.0544572,87.69,Game,1,Predictable,78.5,0,,,9,,,130,Sound,,,
0,FORT,,1,1776624322.0544572,87.7,Game,1,Predictable,78.51,0,,,9,,,130,Sound,,,
0,FORT,,1,1776624322.0544572,87.72,Game,1,Predictable,78.52,0,,,9,,,130,Sound,,,
0,FORT,,1,1776624322.0544572,87.73,Game,1,Predictable,78.53,0,,,9,,,130,Sound,,,
0,FORT,,1,1776624322.0544572,87.74,Game,1,Predictable,78.54,0,,,9,,,130,Sound,,,
0,FORT,,1,1776624322.0544572,87.75,Game,1,Predictable,78.55,0,,,9,,,130,Sound,,,
0,FORT,,1,1776624322.0544572,87.76,Game,1,Predictable,78.56,0,,,9,,,130,Sound,,,
0,FORT,,1,1776624322.0544572,87.77,Game,1,Predictable,78.57,0,,,9,,,130,Sound,,,
0,FORT,,1,1776624322.0544572,87.78,Game,1,Predictable,78.58,0,,,9,,,130,Sound,,,
0,FORT,,1,1776624322.0544572,87.79,Game,1,Predictable,78.6,0,,,9,,,130,Sound,,,
0,FORT,,1,1776624322.0544572,87.8,Game,1,Predictable,78.61,0,,,9,,,130,Sound,,,
0,FORT,,1,1776624322.0544572,87.82,Game,1,Predictable,78.62,0,,,9,,,130,Sound,,,
0,FORT,,1,1776624322.0544572,87.83,Game,1,Predictable,78.63,0,,,9,,,130,Sound,,,
0,FORT,,1,1776624322.0544572,87.84,Game,1,Predictable,78.64,0,,,9,,,130,Sound,,,
0,FORT,,1,1776624322.0544572,87.85,Game,1,Predictable,78.65,0,,,9,,,130,Sound,,,
0,FORT,,1,1776624322.0544572,87.86,Game,1,Predictable,78.66,0,,,9,,,130,Sound,,,
0,FORT,,1,1776624322.0544572,87.87,Game,1,Predictable,78.67,0,,,9,,,130,Sound,,,
0,FORT,,1,1776624322.0544572,87.88,Game,1,Predictable,78.68,0,,,9,,,130,Sound,,,
0,FORT,,1,1776624322.0544572,87.89,Game,1,Predictable,78.7,0,,,9,,,130,Sound,,,
0,FORT,,1,1776624322.0544572,87.9,Game,1,Predictable,78.71,0,,,9,,,130,Sound,,,
0,FORT,,1,1776624322.0544572,87.92,Game,1,Predictable,78.72,0,,,9,,,130,Sound,,,
0,FORT,,1,1776624322.0544572,87.93,Game,1,Predictable,78.73,0,,,9,,,130,Sound,,,
0,FORT,,1,1776624322.0544572,87.94,Game,1,Predictable,78.74,0,,,9,,,130,Sound,,,
0,FORT,,1,1776624322.0544572,87.95,Game,1,Predictable,78.75,0,,,9,,,130,Sound,,,
0,FORT,,1,1776624322.0544572,87.96,Game,1,Predictable,78.76,0,,,9,,,130,Sound,,,
0,FORT,,1,1776624322.0544572,87.97,Game,1,Predictable,78.77,0,,,9,,,130,Sound,,,
0,FORT,,1,1776624322.0544572,87.98,Game,1,Predictable,78.78,0,,,9,,,130,Sound,,,
0,FORT,,1,1776624322.0544572,87.99,Game,1,Predictable,78.8,0,,,9,,,130,Sound,,,
0,FORT,,1,1776624322.0544572,88.0,Game,1,Predictable,78.81,0,,,9,,,130,Sound,,,
0,FORT,,1,1776624322.0544572,88.02,Game,1,Predictable,78.82,0,,,9,,,130,Sound,,,
0,FORT,,1,1776624322.0544572,88.03,Game,1,Predictable,78.83,0,,,9,,,130,Sound,,,
0,FORT,,1,1776624322.0544572,88.04,Game,1,Predictable,78.84,0,,,9,,,130,Sound,,,
0,FORT,,1,1776624322.0544572,88.05,Game,1,Predictable,78.85,0,,,9,,,130,Sound,,,
0,FORT,,1,1776624322.0544572,88.06,Game,1,Predictable,78.86,0,,,9,,,130,Sound,,,
0,FORT,,1,1776624322.0544572,88.07,Game,1,Predictable,78.87,0,,,9,,,130,Sound,,,
0,FORT,,1,1776624322.0544572,88.08,Game,1,Predictable,78.88,0,,,9,,,130,Sound,,,
0,FORT,,1,1776624322.0544572,88.09,Game,1,Predictable,78.9,0,,,9,,,130,Sound,,,
0,FORT,,1,1776624322.0544572,88.1,Game,1,Predictable,78.91,0,,,9,,,130,Sound,,,
0,FORT,,1,1776624322.0544572,88.12,Game,1,Predictable,78.92,0,,,9,,,130,Sound,,,
0,FORT,,1,1776624322.0544572,88.13,Game,1,Predictable,78.93,0,,,9,,,130,Sound,,,
0,FORT,,1,1776624322.0544572,88.14,Game,1,Predictable,78.94,0,,,9,,,130,Sound,,,
0,FORT,,1,1776624322.0544572,88.15,Game,1,Predictable,78.95,0,,,9,,,130,Sound,,,
0,FORT,,1,1776624322.0544572,88.16,Game,1,Predictable,78.96,0,,,9,,,130,Sound,,,
0,FORT,,1,1776624322.0544572,88.17,Game,1,Predictable,78.97,0,,,9,,,130,Sound,,,
0,FORT,,1,1776624322.0544572,88.18,Game,1,Predictable,78.98,0,,,9,,,130,Sound,,,
0,FORT,,1,1776624322.0544572,88.19,Game,1,Predictable,79.0,0,,,9,,,130,Sound,,,
0,FORT,,1,1776624322.0544572,88.21,Game,1,Predictable,79.01,0,,,9,,,130,Sound,,,
0,FORT,,1,1776624322.0544572,88.22,Game,1,Predictable,79.02,0,,,9,,,130,Sound,,,
0,FORT,,1,1776624322.0544572,88.23,Game,1,Predictable,79.03,0,,,9,,,130,Sound,,,
0,FORT,,1,1776624322.0544572,88.24,Game,1,Predictable,79.04,0,,,9,,,130,Sound,,,
0,FORT,,1,1776624322.0544572,88.25,Game,1,Predictable,79.05,0,,,9,,,130,Sound,,,
0,FORT,,1,1776624322.0544572,88.26,Game,1,Predictable,79.06,0,,,9,,,130,Sound,,,
0,FORT,,1,1776624322.0544572,88.27,Game,1,Predictable,79.07,0,,,9,,,130,Sound,,,
0,FORT,,1,1776624322.0544572,88.28,Game,1,Predictable,79.08,0,,,9,,,130,Sound,,,
0,FORT,,1,1776624322.0544572,88.29,Game,1,Predictable,79.1,0,,,9,,,130,Sound,,,
0,FORT,,1,1776624322.0544572,88.3,Game,1,Predictable,79.11,0,,,9,,,130,Sound,,,
0,FORT,,1,1776624322.0544572,88.32,Game,1,Predictable,79.12,0,,,9,,,130,Sound,,,
0,FORT,,1,1776624322.0544572,88.33,Game,1,Predictable,79.13,0,,,9,,,130,Sound,,,
0,FORT,,1,1776624322.0544572,88.34,Game,1,Predictable,79.14,0,,,9,,,130,Sound,,,
0,FORT,,1,1776624322.0544572,88.35,Game,1,Predictable,79.15,0,,,9,,,130,Sound,,,
0,FORT,,1,1776624322.0544572,88.36,Game,1,Predictable,79.16,0,,,9,,,130,Sound,,,
0,FORT,,1,1776624322.0544572,88.37,Game,1,Predictable,79.17,0,,,9,,,130,Sound,,,
0,FORT,,1,1776624322.0544572,88.38,Game,1,Predictable,79.18,0,,,9,,,130,Sound,,,
0,FORT,,1,1776624322.0544572,88.39,Game,1,Predictable,79.2,0,,,9,,,130,Sound,,,
0,FORT,,1,1776624322.0544572,88.4,Game,1,Predictable,79.21,0,,,9,,,130,Sound,,,
0,FORT,,1,1776624322.0544572,88.42,Game,1,Predictable,79.22,0,,,9,,,130,Sound,,,
0,FORT,,1,1776624322.0544572,88.43,Game,1,Predictable,79.23,0,,,9,,,130,Sound,,,
0,FORT,,1,1776624322.0544572,88.44,Game,1,Predictable,79.24,0,,,9,,,130,Sound,,,
0,FORT,,1,1776624322.0544572,88.45,Game,1,Predictable,79.25,0,,,9,,,130,Sound,,,
0,FORT,,1,1776624322.0544572,88.46,Game,1,Predictable,79.26,0,,,9,,,130,Sound,,,
0,FORT,,1,1776624322.0544572,88.47,Game,1,Predictable,79.27,0,,,9,,,130,Sound,,,
0,FORT,,1,1776624322.0544572,88.48,Game,1,Predictable,79.28,0,,,9,,,130,Sound,,,
0,FORT,,1,1776624322.0544572,88.49,Game,1,Predictable,79.3,0,,,9,,,130,Sound,,,
0,FORT,,1,1776624322.0544572,88.5,Game,1,Predictable,79.31,0,,,9,,,130,Sound,,,
0,FORT,,1,1776624322.0544572,88.52,Game,1,Predictable,79.32,0,,,9,,,130,Sound,,,
0,FORT,,1,1776624322.0544572,88.53,Game,1,Predictable,79.33,0,,,9,,,130,Sound,,,
0,FORT,,1,1776624322.0544572,88.54,Game,1,Predictable,79.34,0,,,9,,,130,Sound,,,
0,FORT,,1,1776624322.0544572,88.55,Game,1,Predictable,79.35,0,,,9,,,130,Sound,,,
0,FORT,,1,1776624322.0544572,88.56,Game,1,Predictable,79.36,0,,,9,,,130,Sound,,,
0,FORT,,1,1776624322.0544572,88.57,Game,1,Predictable,79.37,0,,,9,,,130,Sound,,,
0,FORT,,1,1776624322.0544572,88.58,Game,1,Predictable,79.38,0,,,9,,,130,Sound,,,
0,FORT,,1,1776624322.0544572,88.59,Game,1,Predictable,79.4,0,,,9,,,130,Sound,,,
0,FORT,,1,1776624322.0544572,88.6,Game,1,Predictable,79.41,0,,,9,,,130,Sound,,,
0,FORT,,1,1776624322.0544572,88.62,Game,1,Predictable,79.42,0,,,9,,,130,Sound,,,
0,FORT,,1,1776624322.0544572,88.63,Game,1,Predictable,79.43,0,,,9,,,130,Sound,,,
0,FORT,,1,1776624322.0544572,88.64,Game,1,Predictable,79.44,0,,,9,,,130,Sound,,,
0,FORT,,1,1776624322.0544572,88.65,Game,1,Predictable,79.45,0,,,9,,,130,Sound,,,
0,FORT,,1,1776624322.0544572,88.66,Game,1,Predictable,79.46,0,,,9,,,130,Sound,,,
0,FORT,,1,1776624322.0544572,88.67,Game,1,Predictable,79.47,0,,,9,,,130,Sound,,,
0,FORT,,1,1776624322.0544572,88.68,Game,1,Predictable,79.48,0,,,9,,,130,Sound,,,
0,FORT,,1,1776624322.0544572,88.69,Game,1,Predictable,79.5,0,,,9,,,130,Sound,,,
0,FORT,,1,1776624322.0544572,88.7,Game,1,Predictable,79.51,0,,,9,,,130,Sound,,,
0,FORT,,1,1776624322.0544572,88.72,Game,1,Predictable,79.52,0,,,9,,,130,Sound,,,
0,FORT,,1,1776624322.0544572,88.73,Game,1,Predictable,79.53,0,,,9,,,130,Sound,,,
0,FORT,,1,1776624322.0544572,88.74,Game,1,Predictable,79.54,0,,,9,,,130,Sound,,,
0,FORT,,1,1776624322.0544572,88.75,Game,1,Predictable,79.55,0,,,9,,,130,Sound,,,
0,FORT,,1,1776624322.0544572,88.76,Game,1,Predictable,79.56,0,,,9,,,130,Sound,,,
0,FORT,,1,1776624322.0544572,88.77,Game,1,Predictable,79.57,0,,,9,,,130,Sound,,,
0,FORT,,1,1776624322.0544572,88.78,Game,1,Predictable,79.58,0,,,9,,,130,Sound,,,
0,FORT,,1,1776624322.0544572,88.79,Game,1,Predictable,79.6,0,,,9,,,130,Sound,,,
0,FORT,,1,1776624322.0544572,88.8,Game,1,Predictable,79.61,0,,,9,,,130,Sound,,,
0,FORT,,1,1776624322.0544572,88.82,Game,1,Predictable,79.62,0,,,9,,,130,Sound,,,
0,FORT,,1,1776624322.0544572,88.83,Game,1,Predictable,79.63,0,,,9,,,130,Sound,,,
0,FORT,,1,1776624322.0544572,88.84,Game,1,Predictable,79.64,0,,,9,,,130,Sound,,,
0,FORT,,1,1776624322.0544572,88.85,Game,1,Predictable,79.65,0,,,9,,,130,Sound,,,
0,FORT,,1,1776624322.0544572,88.86,Game,1,Predictable,79.66,0,,,9,,,130,Sound,,,
0,FORT,,1,1776624322.0544572,88.87,Game,1,Predictable,79.67,0,,,9,,,130,Sound,,,
0,FORT,,1,1776624322.0544572,88.88,Game,1,Predictable,79.68,0,,,9,,,130,Sound,,,
0,FORT,,1,1776624322.0544572,88.89,Game,1,Predictable,79.7,0,,,9,,,130,Sound,,,
0,FORT,,1,1776624322.0544572,88.9,Game,1,Predictable,79.71,0,,,9,,,130,Sound,,,
0,FORT,,1,1776624322.0544572,88.92,Game,1,Predictable,79.72,0,,,9,,,130,Sound,,,
0,FORT,,1,1776624322.0544572,88.93,Game,1,Predictable,79.73,0,,,9,,,130,Sound,,,
0,FORT,,1,1776624322.0544572,88.94,Game,1,Predictable,79.74,0,,,9,,,130,Sound,,,
0,FORT,,1,1776624322.0544572,88.95,Game,1,Predictable,79.75,0,,,9,,,130,Sound,,,
0,FORT,,1,1776624322.0544572,88.96,Game,1,Predictable,79.76,0,,,9,,,130,Sound,,,
0,FORT,,1,1776624322.0544572,88.97,Game,1,Predictable,79.77,0,,,9,,,130,Sound,,,
0,FORT,,1,1776624322.0544572,88.98,Game,1,Predictable,79.78,0,,,9,,,130,Sound,,,
0,FORT,,1,1776624322.0544572,88.99,Game,1,Predictable,79.8,0,,,9,,,130,Sound,,,
0,FORT,,1,1776624322.0544572,89.01,Game,1,Predictable,79.81,0,,,9,,,130,Sound,,,
0,FORT,,1,1776624322.0544572,89.02,Game,1,Predictable,79.82,0,,,9,,,130,Sound,,,
0,FORT,,1,1776624322.0544572,89.03,Game,1,Predictable,79.83,0,,,9,,,130,Sound,,,
0,FORT,,1,1776624322.0544572,89.04,Game,1,Predictable,79.84,0,,,9,,,130,Sound,,,
0,FORT,,1,1776624322.0544572,89.05,Game,1,Predictable,79.85,0,,,9,,,130,Sound,,,
0,FORT,,1,1776624322.0544572,89.06,Game,1,Predictable,79.86,0,,,9,,,130,Sound,,,
0,FORT,,1,1776624322.0544572,89.07,Game,1,Predictable,79.87,0,,,9,,,130,Sound,,,
0,FORT,,1,1776624322.0544572,89.08,Game,1,Predictable,79.88,0,,,9,,,130,Sound,,,
0,FORT,,1,1776624322.0544572,89.09,Game,1,Predictable,79.9,0,,,9,,,130,Sound,,,
0,FORT,,1,1776624322.0544572,89.11,Game,1,Predictable,79.91,0,,,9,,,130,Sound,,,
0,FORT,,1,1776624322.0544572,89.12,Game,1,Predictable,79.92,0,,,9,,,130,Sound,,,
0,FORT,,1,1776624322.0544572,89.13,Game,1,Predictable,79.93,0,,,9,,,130,Sound,,,
0,FORT,,1,1776624322.0544572,89.14,Game,1,Predictable,79.94,0,,,9,,,130,Sound,,,
0,FORT,,1,1776624322.0544572,89.15,Game,1,Predictable,79.95,0,,,9,,,130,Sound,,,
0,FORT,,1,1776624322.0544572,89.16,Game,1,Predictable,79.96,0,,,9,,,130,Sound,,,
0,FORT,,1,1776624322.0544572,89.17,Game,1,Predictable,79.97,0,,,9,,,130,Sound,,,
0,FORT,,1,1776624322.0544572,89.18,Game,1,Predictable,79.98,0,,,9,,,130,Sound,,,
0,FORT,,1,1776624322.0544572,89.19,Game,1,Predictable,80.0,0,,,9,,,130,Sound,,,
0,FORT,,1,1776624322.0544572,89.2,Game,1,Predictable,80.01,0,,,9,,,130,Sound,,,
0,FORT,,1,1776624322.0544572,89.22,Game,1,Predictable,80.02,0,,,9,,,130,Sound,,,
0,FORT,,1,1776624322.0544572,89.23,Game,1,Predictable,80.03,0,,,9,,,130,Sound,,,
0,FORT,,1,1776624322.0544572,89.24,Game,1,Predictable,80.04,0,,,9,,,130,Sound,,,
0,FORT,,1,1776624322.0544572,89.25,Game,1,Predictable,80.05,0,,,9,,,130,Sound,,,
0,FORT,,1,1776624322.0544572,89.26,Game,1,Predictable,80.06,0,,,9,,,130,Sound,,,
0,FORT,,1,1776624322.0544572,89.27,Game,1,Predictable,80.07,0,,,9,,,130,Sound,,,
0,FORT,,1,1776624322.0544572,89.28,Game,1,Predictable,80.08,0,,,9,,,130,Sound,,,
0,FORT,,1,1776624322.0544572,89.29,Game,1,Predictable,80.1,0,,,9,,,130,Sound,,,
0,FORT,,1,1776624322.0544572,89.3,Game,1,Predictable,80.11,0,,,9,,,130,Sound,,,
0,FORT,,1,1776624322.0544572,89.32,Game,1,Predictable,80.12,0,,,9,,,130,Sound,,,
0,FORT,,1,1776624322.0544572,89.33,Game,1,Predictable,80.13,0,,,9,,,130,Sound,,,
0,FORT,,1,1776624322.0544572,89.34,Game,1,Predictable,80.14,0,,,9,,,130,Sound,,,
0,FORT,,1,1776624322.0544572,89.35,Game,1,Predictable,80.15,0,,,9,,,130,Sound,,,
0,FORT,,1,1776624322.0544572,89.36,Game,1,Predictable,80.16,0,,,9,,,130,Sound,,,
0,FORT,,1,1776624322.0544572,89.37,Game,1,Predictable,80.17,0,,,9,,,130,Sound,,,
0,FORT,,1,1776624322.0544572,89.38,Game,1,Predictable,80.18,0,,,9,,,130,Sound,,,
0,FORT,,1,1776624322.0544572,89.39,Game,1,Predictable,80.2,0,,,9,,,130,Sound,,,
0,FORT,,1,1776624322.0544572,89.41,Game,1,Predictable,80.21,0,,,9,,,130,Sound,,,
0,FORT,,1,1776624322.0544572,89.42,Game,1,Predictable,80.22,0,,,9,,,130,Sound,,,
0,FORT,,1,1776624322.0544572,89.43,Game,1,Predictable,80.23,0,,,9,,,130,Sound,,,
0,FORT,,1,1776624322.0544572,89.44,Game,1,Predictable,80.24,0,,,9,,,130,Sound,,,
0,FORT,,1,1776624322.0544572,89.45,Game,1,Predictable,80.25,0,,,9,,,130,Sound,,,
0,FORT,,1,1776624322.0544572,89.46,Game,1,Predictable,80.26,0,,,9,,,130,Sound,,,
0,FORT,,1,1776624322.0544572,89.47,Game,1,Predictable,80.27,0,,,9,,,130,Sound,,,
0,FORT,,1,1776624322.0544572,89.48,Game,1,Predictable,80.28,0,,,9,,,130,Sound,,,
0,FORT,,1,1776624322.0544572,89.49,Game,1,Predictable,80.3,0,,,9,,,130,Sound,,,
0,FORT,,1,1776624322.0544572,89.5,Game,1,Predictable,80.31,0,,,9,,,130,Sound,,,
0,FORT,,1,1776624322.0544572,89.52,Game,1,Predictable,80.32,0,,,9,,,130,Sound,,,
0,FORT,,1,1776624322.0544572,89.53,Game,1,Predictable,80.33,0,,,9,,,130,Sound,,,
0,FORT,,1,1776624322.0544572,89.54,Game,1,Predictable,80.34,0,,,9,,,130,Sound,,,
0,FORT,,1,1776624322.0544572,89.55,Game,1,Predictable,80.35,0,,,9,,,130,Sound,,,
0,FORT,,1,1776624322.0544572,89.57,Game,1,Predictable,80.37,0,,,9,,,130,Sound,,,
0,FORT,,1,1776624322.0544572,89.58,Game,1,Predictable,80.38,0,,,9,,,130,Sound,,,
0,FORT,,1,1776624322.0544572,89.59,Game,1,Predictable,80.39,0,,,9,,,130,Sound,,,
0,FORT,,1,1776624322.0544572,89.6,Game,1,Predictable,80.4,0,,,9,,,130,Sound,,,
0,FORT,,1,1776624322.0544572,89.62,Game,1,Predictable,80.42,0,,,9,,,130,Sound,,,
0,FORT,,1,1776624322.0544572,89.63,Game,1,Predictable,80.43,0,,,9,,,130,Sound,,,
0,FORT,,1,1776624322.0544572,89.64,Game,1,Predictable,80.44,0,,,9,,,130,Sound,,,
0,FORT,,1,1776624322.0544572,89.67,Game,1,Predictable,80.45,0,,,9,,,130,Sound,,,
0,FORT,,1,1776624322.0544572,89.68,Game,1,Predictable,80.48,0,,,9,,,130,Sound,,,
0,FORT,,1,1776624322.0544572,89.7,Game,1,Predictable,80.5,0,,,9,,,130,Sound,,,
0,FORT,,1,1776624322.0544572,89.71,Game,1,Predictable,80.51,0,,,9,,,130,Sound,,,
0,FORT,,1,1776624322.0544572,89.73,Game,1,Predictable,80.52,0,,,9,,,130,Sound,,,
0,FORT,,1,1776624322.0544572,89.75,Game,1,Predictable,80.55,0,,,9,,,130,Sound,,,
0,FORT,,1,1776624322.0544572,89.76,Game,1,Predictable,80.56,0,,,9,,,130,Sound,,,
0,FORT,,1,1776624322.0544572,89.77,Game,1,Predictable,80.57,0,,,9,,,130,Sound,,,
0,FORT,,1,1776624322.0544572,89.78,Game,1,Predictable,80.59,0,,,9,,,130,Sound,,,
0,FORT,,1,1776624322.0544572,89.8,Game,1,Predictable,80.6,0,,,9,,,130,Sound,,,
0,FORT,,1,1776624322.0544572,89.81,Game,1,Predictable,80.61,0,,,9,,,130,Sound,,,
0,FORT,,1,1776624322.0544572,89.83,Game,1,Predictable,80.62,0,,,9,,,130,Sound,,,
0,FORT,,1,1776624322.0544572,89.85,Game,1,Predictable,80.65,0,,,9,,,130,Sound,,,
0,FORT,,1,1776624322.0544572,89.86,Game,1,Predictable,80.66,0,,,9,,,130,Sound,,,
0,FORT,,1,1776624322.0544572,89.87,Game,1,Predictable,80.67,0,,,9,,,130,Sound,,,
0,FORT,,1,1776624322.0544572,89.9,Game,1,Predictable,80.69,0,,,9,,,130,Sound,,,
0,FORT,,1,1776624322.0544572,89.92,Game,1,Predictable,80.71,0,,,9,,,130,Sound,,,
0,FORT,,1,1776624322.0544572,89.93,Game,1,Predictable,80.73,0,,,9,,,130,Sound,,,
0,FORT,,1,1776624322.0544572,89.94,Game,1,Predictable,80.74,0,,,9,,,130,Sound,,,
0,FORT,,1,1776624322.0544572,89.95,Game,1,Predictable,80.75,0,,,9,,,130,Sound,,,
0,FORT,,1,1776624322.0544572,89.97,Game,1,Predictable,80.77,0,,,9,,,130,Sound,,,
0,FORT,,1,1776624322.0544572,89.98,Game,1,Predictable,80.78,0,,,9,,,130,Sound,,,
0,FORT,,1,1776624322.0544572,89.99,Game,1,Predictable,80.79,0,,,9,,,130,Sound,,,
0,FORT,,1,1776624322.0544572,90.0,Game,1,Predictable,80.8,0,,,9,,,130,Sound,,,
0,FORT,,1,1776624322.0544572,90.02,Game,1,Predictable,80.82,0,,,9,,,130,Sound,,,
0,FORT,,1,1776624322.0544572,90.03,Game,1,Predictable,80.83,0,,,9,,,130,Sound,,,
0,FORT,,1,1776624322.0544572,90.04,Game,1,Predictable,80.84,0,,,9,,,130,Sound,,,
0,FORT,,1,1776624322.0544572,90.05,Game,1,Predictable,80.85,0,,,9,,,130,Sound,,,
0,FORT,,1,1776624322.0544572,90.07,Game,1,Predictable,80.87,0,,,9,,,130,Sound,,,
0,FORT,,1,1776624322.0544572,90.08,Game,1,Predictable,80.88,0,,,9,,,130,Sound,,,
0,FORT,,1,1776624322.0544572,90.09,Game,1,Predictable,80.89,0,,,9,,,130,Sound,,,
0,FORT,,1,1776624322.0544572,90.1,Game,1,Predictable,80.9,0,,,9,,,130,Sound,,,
0,FORT,,1,1776624322.0544572,90.12,Game,1,Predictable,80.92,0,,,9,,,130,Sound,,,
0,FORT,,1,1776624322.0544572,90.13,Game,1,Predictable,80.93,0,,,9,,,130,Sound,,,
0,FORT,,1,1776624322.0544572,90.14,Game,1,Predictable,80.94,0,,,9,,,130,Sound,,,
0,FORT,,1,1776624322.0544572,90.15,Game,1,Predictable,80.95,0,,,9,,,130,Sound,,,
0,FORT,,1,1776624322.0544572,90.17,Game,1,Predictable,80.97,0,,,9,,,130,Sound,,,
0,FORT,,1,1776624322.0544572,90.18,Game,1,Predictable,80.98,0,,,9,,,130,Sound,,,
0,FORT,,1,1776624322.0544572,90.19,Game,1,Predictable,80.99,0,,,9,,,130,Sound,,,
0,FORT,,1,1776624322.0544572,90.2,Game,1,Predictable,81.0,0,,,9,,,130,Sound,,,
0,FORT,,1,1776624322.0544572,90.22,Game,1,Predictable,81.02,0,,,9,,,130,Sound,,,
0,FORT,,1,1776624322.0544572,90.23,Game,1,Predictable,81.03,0,,,9,,,130,Sound,,,
0,FORT,,1,1776624322.0544572,90.24,Game,1,Predictable,81.04,0,,,9,,,130,Sound,,,
0,FORT,,1,1776624322.0544572,90.25,Game,1,Predictable,81.05,0,,,9,,,130,Sound,,,
0,FORT,,1,1776624322.0544572,90.27,Game,1,Predictable,81.07,0,,,9,,,130,Sound,,,
0,FORT,,1,1776624322.0544572,90.28,Game,1,Predictable,81.08,0,,,9,,,130,Sound,,,
0,FORT,,1,1776624322.0544572,90.29,Game,1,Predictable,81.09,0,,,9,,,130,Sound,,,
0,FORT,,1,1776624322.0544572,90.3,Game,1,Predictable,81.1,0,,,9,,,130,Sound,,,
0,FORT,,1,1776624322.0544572,90.32,Game,1,Predictable,81.12,0,,,9,,,130,Sound,,,
0,FORT,,1,1776624322.0544572,90.33,Game,1,Predictable,81.13,0,,,9,,,130,Sound,,,
0,FORT,,1,1776624322.0544572,90.34,Game,1,Predictable,81.14,0,,,9,,,130,Sound,,,
0,FORT,,1,1776624322.0544572,90.35,Game,1,Predictable,81.15,0,,,9,,,130,Sound,,,
0,FORT,,1,1776624322.0544572,90.37,Game,1,Predictable,81.17,0,,,9,,,130,Sound,,,
0,FORT,,1,1776624322.0544572,90.38,Game,1,Predictable,81.18,0,,,9,,,130,Sound,,,
0,FORT,,1,1776624322.0544572,90.39,Game,1,Predictable,81.19,0,,,9,,,130,Sound,,,
0,FORT,,1,1776624322.0544572,90.4,Game,1,Predictable,81.2,0,,,9,,,130,Sound,,,
0,FORT,,1,1776624322.0544572,90.42,Game,1,Predictable,81.22,0,,,9,,,130,Sound,,,
0,FORT,,1,1776624322.0544572,90.43,Game,1,Predictable,81.23,0,,,9,,,130,Sound,,,
0,FORT,,1,1776624322.0544572,90.44,Game,1,Predictable,81.24,0,,,9,,,130,Sound,,,
0,FORT,,1,1776624322.0544572,90.45,Game,1,Predictable,81.25,0,,,9,,,130,Sound,,,
0,FORT,,1,1776624322.0544572,90.47,Game,1,Predictable,81.27,0,,,9,,,130,Sound,,,
0,FORT,,1,1776624322.0544572,90.48,Game,1,Predictable,81.28,0,,,9,,,130,Sound,,,
0,FORT,,1,1776624322.0544572,90.49,Game,1,Predictable,81.29,0,,,9,,,130,Sound,,,
0,FORT,,1,1776624322.0544572,90.5,Game,1,Predictable,81.3,0,,,9,,,130,Sound,,,
0,FORT,,1,1776624322.0544572,90.52,Game,1,Predictable,81.32,0,,,9,,,130,Sound,,,
0,FORT,,1,1776624322.0544572,90.53,Game,1,Predictable,81.33,0,,,9,,,130,Sound,,,
0,FORT,,1,1776624322.0544572,90.54,Game,1,Predictable,81.34,0,,,9,,,130,Sound,,,
0,FORT,,1,1776624322.0544572,90.55,Game,1,Predictable,81.35,0,,,9,,,130,Sound,,,
0,FORT,,1,1776624322.0544572,90.57,Game,1,Predictable,81.37,0,,,9,,,130,Sound,,,
0,FORT,,1,1776624322.0544572,90.58,Game,1,Predictable,81.38,0,,,9,,,130,Sound,,,
0,FORT,,1,1776624322.0544572,90.59,Game,1,Predictable,81.39,0,,,9,,,130,Sound,,,
0,FORT,,1,1776624322.0544572,90.6,Game,1,Predictable,81.4,0,,,9,,,130,Sound,,,
0,FORT,,1,1776624322.0544572,90.62,Game,1,Predictable,81.42,0,,,9,,,130,Sound,,,
0,FORT,,1,1776624322.0544572,90.63,Game,1,Predictable,81.43,0,,,9,,,130,Sound,,,
0,FORT,,1,1776624322.0544572,90.64,Game,1,Predictable,81.44,0,,,9,,,130,Sound,,,
0,FORT,,1,1776624322.0544572,90.65,Game,1,Predictable,81.45,0,,,9,,,130,Sound,,,
0,FORT,,1,1776624322.0544572,90.67,Game,1,Predictable,81.47,0,,,9,,,130,Sound,,,
0,FORT,,1,1776624322.0544572,90.68,Game,1,Predictable,81.48,0,,,9,,,130,Sound,,,
0,FORT,,1,1776624322.0544572,90.69,Game,1,Predictable,81.49,0,,,9,,,130,Sound,,,
0,FORT,,1,1776624322.0544572,90.7,Game,1,Predictable,81.5,0,,,9,,,130,Sound,,,
0,FORT,,1,1776624322.0544572,90.72,Game,1,Predictable,81.52,0,,,9,,,130,Sound,,,
0,FORT,,1,1776624322.0544572,90.73,Game,1,Predictable,81.53,0,,,9,,,130,Sound,,,
0,FORT,,1,1776624322.0544572,90.74,Game,1,Predictable,81.54,0,,,9,,,130,Sound,,,
0,FORT,,1,1776624322.0544572,90.75,Game,1,Predictable,81.55,0,,,9,,,130,Sound,,,
0,FORT,,1,1776624322.0544572,90.77,Game,1,Predictable,81.57,0,,,9,,,130,Sound,,,
0,FORT,,1,1776624322.0544572,90.78,Game,1,Predictable,81.58,0,,,9,,,130,Sound,,,
0,FORT,,1,1776624322.0544572,90.79,Game,1,Predictable,81.59,0,,,9,,,130,Sound,,,
0,FORT,,1,1776624322.0544572,90.8,Game,1,Predictable,81.61,0,,,9,,,130,Sound,,,
0,FORT,,1,1776624322.0544572,90.82,Game,1,Predictable,81.62,0,,,9,,,130,Sound,,,
0,FORT,,1,1776624322.0544572,90.83,Game,1,Predictable,81.63,0,,,9,,,130,Sound,,,
0,FORT,,1,1776624322.0544572,90.84,Game,1,Predictable,81.64,0,,,9,,,130,Sound,,,
0,FORT,,1,1776624322.0544572,90.87,Game,1,Predictable,81.65,0,,,9,,,130,Sound,,,
0,FORT,,1,1776624322.0544572,90.88,Game,1,Predictable,81.68,0,,,9,,,130,Sound,,,
0,FORT,,1,1776624322.0544572,90.9,Game,1,Predictable,81.7,0,,,9,,,130,Sound,,,
0,FORT,,1,1776624322.0544572,90.91,Game,1,Predictable,81.71,0,,,9,,,130,Sound,,,
0,FORT,,1,1776624322.0544572,90.92,Game,1,Predictable,81.72,0,,,9,,,130,Sound,,,
0,FORT,,1,1776624322.0544572,90.93,Game,1,Predictable,81.73,0,,,9,,,130,Sound,,,
0,FORT,,1,1776624322.0544572,90.95,Game,1,Predictable,81.75,0,,,9,,,130,Sound,,,
0,FORT,,1,1776624322.0544572,90.96,Game,1,Predictable,81.76,0,,,9,,,130,Sound,,,
0,FORT,,1,1776624322.0544572,90.97,Game,1,Predictable,81.77,0,,,9,,,130,Sound,,,
0,FORT,,1,1776624322.0544572,90.98,Game,1,Predictable,81.78,0,,,9,,,130,Sound,,,
0,FORT,,1,1776624322.0544572,91.0,Game,1,Predictable,81.8,0,,,9,,,130,Sound,,,
0,FORT,,1,1776624322.0544572,91.01,Game,1,Predictable,81.81,0,,,9,,,130,Sound,,,
0,FORT,,1,1776624322.0544572,91.02,Game,1,Predictable,81.82,0,,,9,,,130,Sound,,,
0,FORT,,1,1776624322.0544572,91.03,Game,1,Predictable,81.83,0,,,9,,,130,Sound,,,
0,FORT,,1,1776624322.0544572,91.04,Game,1,Predictable,81.84,0,,,9,,,130,Sound,,,
0,FORT,,1,1776624322.0544572,91.05,Game,1,Predictable,81.85,0,,,9,,,130,Sound,,,
0,FORT,,1,1776624322.0544572,91.06,Game,1,Predictable,81.86,0,,,9,,,130,Sound,,,
0,FORT,,1,1776624322.0544572,91.07,Game,1,Predictable,81.87,0,,,9,,,130,Sound,,,
0,FORT,,1,1776624322.0544572,91.08,Game,1,Predictable,81.88,0,,,9,,,130,Sound,,,
0,FORT,,1,1776624322.0544572,91.09,Game,1,Predictable,81.9,0,,,9,,,130,Sound,,,
0,FORT,,1,1776624322.0544572,91.11,Game,1,Predictable,81.91,0,,,9,,,130,Sound,,,
0,FORT,,1,1776624322.0544572,91.12,Game,1,Predictable,81.92,0,,,9,,,130,Sound,,,
0,FORT,,1,1776624322.0544572,91.13,Game,1,Predictable,81.93,0,,,9,,,130,Sound,,,
0,FORT,,1,1776624322.0544572,91.14,Game,1,Predictable,81.94,0,,,9,,,130,Sound,,,
0,FORT,,1,1776624322.0544572,91.15,Game,1,Predictable,81.95,0,,,9,,,130,Sound,,,
0,FORT,,1,1776624322.0544572,91.16,Game,1,Predictable,81.96,0,,,9,,,130,Sound,,,
0,FORT,,1,1776624322.0544572,91.17,Game,1,Predictable,81.97,0,,,9,,,130,Sound,,,
0,FORT,,1,1776624322.0544572,91.18,Game,1,Predictable,81.98,0,,,9,,,130,Sound,,,
0,FORT,,1,1776624322.0544572,91.19,Game,1,Predictable,82.0,0,,,9,,,130,Sound,,,
0,FORT,,1,1776624322.0544572,91.21,Game,1,Predictable,82.01,0,,,9,,,130,Sound,,,
0,FORT,,1,1776624322.0544572,91.22,Game,1,Predictable,82.02,0,,,9,,,130,Sound,,,
0,FORT,,1,1776624322.0544572,91.23,Game,1,Predictable,82.03,0,,,9,,,130,Sound,,,
0,FORT,,1,1776624322.0544572,91.24,Game,1,Predictable,82.04,0,,,9,,,130,Sound,,,
0,FORT,,1,1776624322.0544572,91.25,Game,1,Predictable,82.05,0,,,9,,,130,Sound,,,
0,FORT,,1,1776624322.0544572,91.26,Game,1,Predictable,82.06,0,,,9,,,130,Sound,,,
0,FORT,,1,1776624322.0544572,91.27,Game,1,Predictable,82.07,0,,,9,,,130,Sound,,,
0,FORT,,1,1776624322.0544572,91.28,Game,1,Predictable,82.08,0,,,9,,,130,Sound,,,
0,FORT,,1,1776624322.0544572,91.29,Game,1,Predictable,82.1,0,,,9,,,130,Sound,,,
0,FORT,,1,1776624322.0544572,91.31,Game,1,Predictable,82.11,0,,,9,,,130,Sound,,,
0,FORT,,1,1776624322.0544572,91.32,Game,1,Predictable,82.12,0,,,9,,,130,Sound,,,
0,FORT,,1,1776624322.0544572,91.33,Game,1,Predictable,82.13,0,,,9,,,130,Sound,,,
0,FORT,,1,1776624322.0544572,91.34,Game,1,Predictable,82.14,0,,,9,,,130,Sound,,,
0,FORT,,1,1776624322.0544572,91.35,Game,1,Predictable,82.15,0,,,9,,,130,Sound,,,
0,FORT,,1,1776624322.0544572,91.36,Game,1,Predictable,82.16,0,,,9,,,130,Sound,,,
0,FORT,,1,1776624322.0544572,91.37,Game,1,Predictable,82.17,0,,,9,,,130,Sound,,,
0,FORT,,1,1776624322.0544572,91.38,Game,1,Predictable,82.18,0,,,9,,,130,Sound,,,
0,FORT,,1,1776624322.0544572,91.39,Game,1,Predictable,82.2,0,,,9,,,130,Sound,,,
0,FORT,,1,1776624322.0544572,91.41,Game,1,Predictable,82.21,0,,,9,,,130,Sound,,,
0,FORT,,1,1776624322.0544572,91.42,Game,1,Predictable,82.22,0,,,9,,,130,Sound,,,
0,FORT,,1,1776624322.0544572,91.43,Game,1,Predictable,82.23,0,,,9,,,130,Sound,,,
0,FORT,,1,1776624322.0544572,91.44,Game,1,Predictable,82.24,0,,,9,,,130,Sound,,,
0,FORT,,1,1776624322.0544572,91.45,Game,1,Predictable,82.25,0,,,9,,,130,Sound,,,
0,FORT,,1,1776624322.0544572,91.46,Game,1,Predictable,82.26,0,,,9,,,130,Sound,,,
0,FORT,,1,1776624322.0544572,91.47,Game,1,Predictable,82.27,0,,,9,,,130,Sound,,,
0,FORT,,1,1776624322.0544572,91.48,Game,1,Predictable,82.28,0,,,9,,,130,Sound,,,
0,FORT,,1,1776624322.0544572,91.49,Game,1,Predictable,82.3,0,,,9,,,130,Sound,,,
0,FORT,,1,1776624322.0544572,91.51,Game,1,Predictable,82.31,0,,,9,,,130,Sound,,,
0,FORT,,1,1776624322.0544572,91.52,Game,1,Predictable,82.32,0,,,9,,,130,Sound,,,
0,FORT,,1,1776624322.0544572,91.53,Game,1,Predictable,82.33,0,,,9,,,130,Sound,,,
0,FORT,,1,1776624322.0544572,91.54,Game,1,Predictable,82.34,0,,,9,,,130,Sound,,,
0,FORT,,1,1776624322.0544572,91.55,Game,1,Predictable,82.35,0,,,9,,,130,Sound,,,
0,FORT,,1,1776624322.0544572,91.56,Game,1,Predictable,82.36,0,,,9,,,130,Sound,,,
0,FORT,,1,1776624322.0544572,91.57,Game,1,Predictable,82.37,0,,,9,,,130,Sound,,,
0,FORT,,1,1776624322.0544572,91.58,Game,1,Predictable,82.38,0,,,9,,,130,Sound,,,
0,FORT,,1,1776624322.0544572,91.59,Game,1,Predictable,82.4,0,,,9,,,130,Sound,,,
0,FORT,,1,1776624322.0544572,91.61,Game,1,Predictable,82.41,0,,,9,,,130,Sound,,,
0,FORT,,1,1776624322.0544572,91.62,Game,1,Predictable,82.42,0,,,9,,,130,Sound,,,
0,FORT,,1,1776624322.0544572,91.63,Game,1,Predictable,82.43,0,,,9,,,130,Sound,,,
0,FORT,,1,1776624322.0544572,91.64,Game,1,Predictable,82.44,0,,,9,,,130,Sound,,,
0,FORT,,1,1776624322.0544572,91.65,Game,1,Predictable,82.45,0,,,9,,,130,Sound,,,
0,FORT,,1,1776624322.0544572,91.66,Game,1,Predictable,82.46,0,,,9,,,130,Sound,,,
0,FORT,,1,1776624322.0544572,91.67,Game,1,Predictable,82.47,0,,,9,,,130,Sound,,,
0,FORT,,1,1776624322.0544572,91.68,Game,1,Predictable,82.48,0,,,9,,,130,Sound,,,
0,FORT,,1,1776624322.0544572,91.69,Game,1,Predictable,82.5,0,,,9,,,130,Sound,,,
0,FORT,,1,1776624322.0544572,91.7,Game,1,Predictable,82.51,0,,,9,,,130,Sound,,,
0,FORT,,1,1776624322.0544572,91.72,Game,1,Predictable,82.52,0,,,9,,,130,Sound,,,
0,FORT,,1,1776624322.0544572,91.73,Game,1,Predictable,82.53,0,,,9,,,130,Sound,,,
0,FORT,,1,1776624322.0544572,91.74,Game,1,Predictable,82.54,0,,,9,,,130,Sound,,,
0,FORT,,1,1776624322.0544572,91.75,Game,1,Predictable,82.55,0,,,9,,,130,Sound,,,
0,FORT,,1,1776624322.0544572,91.76,Game,1,Predictable,82.56,0,,,9,,,130,Sound,,,
0,FORT,,1,1776624322.0544572,91.77,Game,1,Predictable,82.57,0,,,9,,,130,Sound,,,
0,FORT,,1,1776624322.0544572,91.78,Game,1,Predictable,82.58,0,,,9,,,130,Sound,,,
0,FORT,,1,1776624322.0544572,91.79,Game,1,Predictable,82.6,0,,,9,,,130,Sound,,,
0,FORT,,1,1776624322.0544572,91.81,Game,1,Predictable,82.61,0,,,9,,,130,Sound,,,
0,FORT,,1,1776624322.0544572,91.82,Game,1,Predictable,82.62,0,,,9,,,130,Sound,,,
0,FORT,,1,1776624322.0544572,91.83,Game,1,Predictable,82.63,0,,,9,,,130,Sound,,,
0,FORT,,1,1776624322.0544572,91.84,Game,1,Predictable,82.64,0,,,9,,,130,Sound,,,
0,FORT,,1,1776624322.0544572,91.85,Game,1,Predictable,82.65,0,,,9,,,130,Sound,,,
0,FORT,,1,1776624322.0544572,91.86,Game,1,Predictable,82.66,0,,,9,,,130,Sound,,,
0,FORT,,1,1776624322.0544572,91.87,Game,1,Predictable,82.67,0,,,9,,,130,Sound,,,
0,FORT,,1,1776624322.0544572,91.88,Game,1,Predictable,82.68,0,,,9,,,130,Sound,,,
0,FORT,,1,1776624322.0544572,91.89,Game,1,Predictable,82.7,0,,,9,,,130,Sound,,,
0,FORT,,1,1776624322.0544572,91.91,Game,1,Predictable,82.71,0,,,9,,,130,Sound,,,
0,FORT,,1,1776624322.0544572,91.92,Game,1,Predictable,82.72,0,,,9,,,130,Sound,,,
0,FORT,,1,1776624322.0544572,91.93,Game,1,Predictable,82.73,0,,,9,,,130,Sound,,,
0,FORT,,1,1776624322.0544572,91.94,Game,1,Predictable,82.74,0,,,9,,,130,Sound,,,
0,FORT,,1,1776624322.0544572,91.95,Game,1,Predictable,82.75,0,,,9,,,130,Sound,,,
0,FORT,,1,1776624322.0544572,91.96,Game,1,Predictable,82.76,0,,,9,,,130,Sound,,,
0,FORT,,1,1776624322.0544572,91.97,Game,1,Predictable,82.77,0,,,9,,,130,Sound,,,
0,FORT,,1,1776624322.0544572,91.98,Game,1,Predictable,82.78,0,,,9,,,130,Sound,,,
0,FORT,,1,1776624322.0544572,91.99,Game,1,Predictable,82.8,0,,,9,,,130,Sound,,,
0,FORT,,1,1776624322.0544572,92.01,Game,1,Predictable,82.81,0,,,9,,,130,Sound,,,
0,FORT,,1,1776624322.0544572,92.02,Game,1,Predictable,82.82,0,,,9,,,130,Sound,,,
0,FORT,,1,1776624322.0544572,92.03,Game,1,Predictable,82.83,0,,,9,,,130,Sound,,,
0,FORT,,1,1776624322.0544572,92.04,Game,1,Predictable,82.84,0,,,9,,,130,Sound,,,
0,FORT,,1,1776624322.0544572,92.05,Game,1,Predictable,82.85,0,,,9,,,130,Sound,,,
0,FORT,,1,1776624322.0544572,92.06,Game,1,Predictable,82.86,0,,,9,,,130,Sound,,,
0,FORT,,1,1776624322.0544572,92.07,Game,1,Predictable,82.87,0,,,9,,,130,Sound,,,
0,FORT,,1,1776624322.0544572,92.08,Game,1,Predictable,82.88,0,,,9,,,130,Sound,,,
0,FORT,,1,1776624322.0544572,92.09,Game,1,Predictable,82.9,0,,,9,,,130,Sound,,,
0,FORT,,1,1776624322.0544572,92.1,Game,1,Predictable,82.91,0,,,9,,,130,Sound,,,
0,FORT,,1,1776624322.0544572,92.12,Game,1,Predictable,82.92,0,,,9,,,130,Sound,,,
0,FORT,,1,1776624322.0544572,92.13,Game,1,Predictable,82.93,0,,,9,,,130,Sound,,,
0,FORT,,1,1776624322.0544572,92.14,Game,1,Predictable,82.94,0,,,9,,,130,Sound,,,
0,FORT,,1,1776624322.0544572,92.15,Game,1,Predictable,82.95,0,,,9,,,130,Sound,,,
0,FORT,,1,1776624322.0544572,92.16,Game,1,Predictable,82.96,0,,,9,,,130,Sound,,,
0,FORT,,1,1776624322.0544572,92.17,Game,1,Predictable,82.97,0,,,9,,,130,Sound,,,
0,FORT,,1,1776624322.0544572,92.18,Game,1,Predictable,82.98,0,,,9,,,130,Sound,,,
0,FORT,,1,1776624322.0544572,92.19,Game,1,Predictable,83.0,0,,,9,,,130,Sound,,,
0,FORT,,1,1776624322.0544572,92.21,Game,1,Predictable,83.01,0,,,9,,,130,Sound,,,
0,FORT,,1,1776624322.0544572,92.22,Game,1,Predictable,83.02,0,,,9,,,130,Sound,,,
0,FORT,,1,1776624322.0544572,92.23,Game,1,Predictable,83.03,0,,,9,,,130,Sound,,,
0,FORT,,1,1776624322.0544572,92.24,Game,1,Predictable,83.04,0,,,9,,,130,Sound,,,
0,FORT,,1,1776624322.0544572,92.25,Game,1,Predictable,83.05,0,,,9,,,130,Sound,,,
0,FORT,,1,1776624322.0544572,92.26,Game,1,Predictable,83.06,0,,,9,,,130,Sound,,,
0,FORT,,1,1776624322.0544572,92.27,Game,1,Predictable,83.07,0,,,9,,,130,Sound,,,
0,FORT,,1,1776624322.0544572,92.28,Game,1,Predictable,83.08,0,,,9,,,130,Sound,,,
0,FORT,,1,1776624322.0544572,92.29,Game,1,Predictable,83.1,0,,,9,,,130,Sound,,,
0,FORT,,1,1776624322.0544572,92.31,Game,1,Predictable,83.11,0,,,9,,,130,Sound,,,
0,FORT,,1,1776624322.0544572,92.32,Game,1,Predictable,83.12,0,,,9,,,130,Sound,,,
0,FORT,,1,1776624322.0544572,92.33,Game,1,Predictable,83.13,0,,,9,,,130,Sound,,,
0,FORT,,1,1776624322.0544572,92.34,Game,1,Predictable,83.14,0,,,9,,,130,Sound,,,
0,FORT,,1,1776624322.0544572,92.35,Game,1,Predictable,83.15,0,,,9,,,130,Sound,,,
0,FORT,,1,1776624322.0544572,92.36,Game,1,Predictable,83.16,0,,,9,,,130,Sound,,,
0,FORT,,1,1776624322.0544572,92.37,Game,1,Predictable,83.17,0,,,9,,,130,Sound,,,
0,FORT,,1,1776624322.0544572,92.38,Game,1,Predictable,83.18,0,,,9,,,130,Sound,,,
0,FORT,,1,1776624322.0544572,92.39,Game,1,Predictable,83.2,0,,,9,,,130,Sound,,,
0,FORT,,1,1776624322.0544572,92.41,Game,1,Predictable,83.21,0,,,9,,,130,Sound,,,
0,FORT,,1,1776624322.0544572,92.42,Game,1,Predictable,83.22,0,,,9,,,130,Sound,,,
0,FORT,,1,1776624322.0544572,92.43,Game,1,Predictable,83.23,0,,,9,,,130,Sound,,,
0,FORT,,1,1776624322.0544572,92.44,Game,1,Predictable,83.24,0,,,9,,,130,Sound,,,
0,FORT,,1,1776624322.0544572,92.45,Game,1,Predictable,83.25,0,,,9,,,130,Sound,,,
0,FORT,,1,1776624322.0544572,92.46,Game,1,Predictable,83.26,0,,,9,,,130,Sound,,,
0,FORT,,1,1776624322.0544572,92.47,Game,1,Predictable,83.27,0,,,9,,,130,Sound,,,
0,FORT,,1,1776624322.0544572,92.48,Game,1,Predictable,83.28,0,,,9,,,130,Sound,,,
0,FORT,,1,1776624322.0544572,92.49,Game,1,Predictable,83.3,0,,,9,,,130,Sound,,,
0,FORT,,1,1776624322.0544572,92.51,Game,1,Predictable,83.31,0,,,9,,,130,Sound,,,
0,FORT,,1,1776624322.0544572,92.52,Game,1,Predictable,83.32,0,,,9,,,130,Sound,,,
0,FORT,,1,1776624322.0544572,92.53,Game,1,Predictable,83.33,0,,,9,,,130,Sound,,,
0,FORT,,1,1776624322.0544572,92.54,Game,1,Predictable,83.34,0,,,9,,,130,Sound,,,
0,FORT,,1,1776624322.0544572,92.55,Game,1,Predictable,83.35,0,,,9,,,130,Sound,,,
0,FORT,,1,1776624322.0544572,92.56,Game,1,Predictable,83.36,0,,,9,,,130,Sound,,,
0,FORT,,1,1776624322.0544572,92.57,Game,1,Predictable,83.37,0,,,9,,,130,Sound,,,
0,FORT,,1,1776624322.0544572,92.59,Game,1,Predictable,83.39,0,,,9,,,130,Sound,,,
0,FORT,,1,1776624322.0544572,92.6,Game,1,Predictable,83.4,0,,,9,,,130,Sound,,,
0,FORT,,1,1776624322.0544572,92.61,Game,1,Predictable,83.41,0,,,9,,,130,Sound,,,
0,FORT,,1,1776624322.0544572,92.62,Game,1,Predictable,83.42,0,,,9,,,130,Sound,,,
0,FORT,,1,1776624322.0544572,92.64,Game,1,Predictable,83.44,0,,,9,,,130,Sound,,,
0,FORT,,1,1776624322.0544572,92.65,Game,1,Predictable,83.45,0,,,9,,,130,Sound,,,
0,FORT,,1,1776624322.0544572,92.66,Game,1,Predictable,83.46,0,,,9,,,130,Sound,,,
0,FORT,,1,1776624322.0544572,92.68,Game,1,Predictable,83.48,0,,,9,,,130,Sound,,,
0,FORT,,1,1776624322.0544572,92.69,Game,1,Predictable,83.49,0,,,9,,,130,Sound,,,
0,FORT,,1,1776624322.0544572,92.7,Game,1,Predictable,83.5,0,,,9,,,130,Sound,,,
0,FORT,,1,1776624322.0544572,92.71,Game,1,Predictable,83.51,0,,,9,,,130,Sound,,,
0,FORT,,1,1776624322.0544572,92.72,Game,1,Predictable,83.53,0,,,9,,,130,Sound,,,
0,FORT,,1,1776624322.0544572,92.74,Game,1,Predictable,83.54,0,,,9,,,130,Sound,,,
0,FORT,,1,1776624322.0544572,92.75,Game,1,Predictable,83.55,0,,,9,,,130,Sound,,,
0,FORT,,1,1776624322.0544572,92.76,Game,1,Predictable,83.56,0,,,9,,,130,Sound,,,
0,FORT,,1,1776624322.0544572,92.77,Game,1,Predictable,83.58,0,,,9,,,130,Sound,,,
0,FORT,,1,1776624322.0544572,92.79,Game,1,Predictable,83.59,0,,,9,,,130,Sound,,,
0,FORT,,1,1776624322.0544572,92.8,Game,1,Predictable,83.6,0,,,9,,,130,Sound,,,
0,FORT,,1,1776624322.0544572,92.81,Game,1,Predictable,83.61,0,,,9,,,130,Sound,,,
0,FORT,,1,1776624322.0544572,92.82,Game,1,Predictable,83.62,0,,,9,,,130,Sound,,,
0,FORT,,1,1776624322.0544572,92.83,Game,1,Predictable,83.64,0,,,9,,,130,Sound,,,
0,FORT,,1,1776624322.0544572,92.84,Game,1,Predictable,83.65,0,,,9,,,130,Sound,,,
0,FORT,,1,1776624322.0544572,92.86,Game,1,Predictable,83.66,0,,,9,,,130,Sound,,,
0,FORT,,1,1776624322.0544572,92.87,Game,1,Predictable,83.67,0,,,9,,,130,Sound,,,
0,FORT,,1,1776624322.0544572,92.88,Game,1,Predictable,83.68,0,,,9,,,130,Sound,,,
0,FORT,,1,1776624322.0544572,92.89,Game,1,Predictable,83.69,0,,,9,,,130,Sound,,,
0,FORT,,1,1776624322.0544572,92.9,Game,1,Predictable,83.7,0,,,9,,,130,Sound,,,
0,FORT,,1,1776624322.0544572,92.91,Game,1,Predictable,83.71,0,,,9,,,130,Sound,,,
0,FORT,,1,1776624322.0544572,92.92,Game,1,Predictable,83.72,0,,,9,,,130,Sound,,,
0,FORT,,1,1776624322.0544572,92.93,Game,1,Predictable,83.73,0,,,9,,,130,Sound,,,
0,FORT,,1,1776624322.0544572,92.94,Game,1,Predictable,83.75,0,,,9,,,130,Sound,,,
0,FORT,,1,1776624322.0544572,92.96,Game,1,Predictable,83.76,0,,,9,,,130,Sound,,,
0,FORT,,1,1776624322.0544572,92.97,Game,1,Predictable,83.77,0,,,9,,,130,Sound,,,
0,FORT,,1,1776624322.0544572,92.98,Game,1,Predictable,83.78,0,,,9,,,130,Sound,,,
0,FORT,,1,1776624322.0544572,92.99,Game,1,Predictable,83.79,0,,,9,,,130,Sound,,,
0,FORT,,1,1776624322.0544572,93.0,Game,1,Predictable,83.8,0,,,9,,,130,Sound,,,
0,FORT,,1,1776624322.0544572,93.01,Game,1,Predictable,83.81,0,,,9,,,130,Sound,,,
0,FORT,,1,1776624322.0544572,93.02,Game,1,Predictable,83.82,0,,,9,,,130,Sound,,,
0,FORT,,1,1776624322.0544572,93.03,Game,1,Predictable,83.83,0,,,9,,,130,Sound,,,
0,FORT,,1,1776624322.0544572,93.04,Game,1,Predictable,83.85,0,,,9,,,130,Sound,,,
0,FORT,,1,1776624322.0544572,93.06,Game,1,Predictable,83.86,0,,,9,,,130,Sound,,,
0,FORT,,1,1776624322.0544572,93.07,Game,1,Predictable,83.87,0,,,9,,,130,Sound,,,
0,FORT,,1,1776624322.0544572,93.08,Game,1,Predictable,83.88,0,,,9,,,130,Sound,,,
0,FORT,,1,1776624322.0544572,93.09,Game,1,Predictable,83.89,0,,,9,,,130,Sound,,,
0,FORT,,1,1776624322.0544572,93.1,Game,1,Predictable,83.9,0,,,9,,,130,Sound,,,
0,FORT,,1,1776624322.0544572,93.11,Game,1,Predictable,83.91,0,,,9,,,130,Sound,,,
0,FORT,,1,1776624322.0544572,93.12,Game,1,Predictable,83.92,0,,,9,,,130,Sound,,,
0,FORT,,1,1776624322.0544572,93.13,Game,1,Predictable,83.93,0,,,9,,,130,Sound,,,
0,FORT,,1,1776624322.0544572,93.14,Game,1,Predictable,83.95,0,,,9,,,130,Sound,,,
0,FORT,,1,1776624322.0544572,93.16,Game,1,Predictable,83.96,0,,,9,,,130,Sound,,,
0,FORT,,1,1776624322.0544572,93.17,Game,1,Predictable,83.97,0,,,9,,,130,Sound,,,
0,FORT,,1,1776624322.0544572,93.18,Game,1,Predictable,83.98,0,,,9,,,130,Sound,,,
0,FORT,,1,1776624322.0544572,93.19,Game,1,Predictable,84.0,0,,,9,,,130,Sound,,,
0,FORT,,1,1776624322.0544572,93.21,Game,1,Predictable,84.01,0,,,9,,,130,Sound,,,
0,FORT,,1,1776624322.0544572,93.22,Game,1,Predictable,84.02,0,,,9,,,130,Sound,,,
0,FORT,,1,1776624322.0544572,93.23,Game,1,Predictable,84.03,0,,,9,,,130,Sound,,,
0,FORT,,1,1776624322.0544572,93.24,Game,1,Predictable,84.04,0,,,9,,,130,Sound,,,
0,FORT,,1,1776624322.0544572,93.25,Game,1,Predictable,84.05,0,,,9,,,130,Sound,,,
0,FORT,,1,1776624322.0544572,93.26,Game,1,Predictable,84.06,0,,,9,,,130,Sound,,,
0,FORT,,1,1776624322.0544572,93.27,Game,1,Predictable,84.07,0,,,9,,,130,Sound,,,
0,FORT,,1,1776624322.0544572,93.28,Game,1,Predictable,84.08,0,,,9,,,130,Sound,,,
0,FORT,,1,1776624322.0544572,93.29,Game,1,Predictable,84.1,0,,,9,,,130,Sound,,,
0,FORT,,1,1776624322.0544572,93.31,Game,1,Predictable,84.11,0,,,9,,,130,Sound,,,
0,FORT,,1,1776624322.0544572,93.32,Game,1,Predictable,84.12,0,,,9,,,130,Sound,,,
0,FORT,,1,1776624322.0544572,93.33,Game,1,Predictable,84.13,0,,,9,,,130,Sound,,,
0,FORT,,1,1776624322.0544572,93.34,Game,1,Predictable,84.14,0,,,9,,,130,Sound,,,
0,FORT,,1,1776624322.0544572,93.35,Game,1,Predictable,84.15,0,,,9,,,130,Sound,,,
0,FORT,,1,1776624322.0544572,93.36,Game,1,Predictable,84.16,0,,,9,,,130,Sound,,,
0,FORT,,1,1776624322.0544572,93.37,Game,1,Predictable,84.17,0,,,9,,,130,Sound,,,
0,FORT,,1,1776624322.0544572,93.38,Game,1,Predictable,84.18,0,,,9,,,130,Sound,,,
0,FORT,,1,1776624322.0544572,93.39,Game,1,Predictable,84.2,0,,,9,,,130,Sound,,,
0,FORT,,1,1776624322.0544572,93.41,Game,1,Predictable,84.21,0,,,9,,,130,Sound,,,
0,FORT,,1,1776624322.0544572,93.42,Game,1,Predictable,84.22,0,,,9,,,130,Sound,,,
0,FORT,,1,1776624322.0544572,93.43,Game,1,Predictable,84.23,0,,,9,,,130,Sound,,,
0,FORT,,1,1776624322.0544572,93.44,Game,1,Predictable,84.24,0,,,9,,,130,Sound,,,
0,FORT,,1,1776624322.0544572,93.45,Game,1,Predictable,84.25,0,,,9,,,130,Sound,,,
0,FORT,,1,1776624322.0544572,93.46,Game,1,Predictable,84.26,0,,,9,,,130,Sound,,,
0,FORT,,1,1776624322.0544572,93.47,Game,1,Predictable,84.27,0,,,9,,,130,Sound,,,
0,FORT,,1,1776624322.0544572,93.48,Game,1,Predictable,84.28,0,,,9,,,130,Sound,,,
0,FORT,,1,1776624322.0544572,93.49,Game,1,Predictable,84.3,0,,,9,,,130,Sound,,,
0,FORT,,1,1776624322.0544572,93.51,Game,1,Predictable,84.31,0,,,9,,,130,Sound,,,
0,FORT,,1,1776624322.0544572,93.52,Game,1,Predictable,84.32,0,,,9,,,130,Sound,,,
0,FORT,,1,1776624322.0544572,93.53,Game,1,Predictable,84.33,0,,,9,,,130,Sound,,,
0,FORT,,1,1776624322.0544572,93.54,Game,1,Predictable,84.34,0,,,9,,,130,Sound,,,
0,FORT,,1,1776624322.0544572,93.55,Game,1,Predictable,84.35,0,,,9,,,130,Sound,,,
0,FORT,,1,1776624322.0544572,93.56,Game,1,Predictable,84.36,0,,,9,,,130,Sound,,,
0,FORT,,1,1776624322.0544572,93.57,Game,1,Predictable,84.37,0,,,9,,,130,Sound,,,
0,FORT,,1,1776624322.0544572,93.58,Game,1,Predictable,84.38,0,,,9,,,130,Sound,,,
0,FORT,,1,1776624322.0544572,93.59,Game,1,Predictable,84.4,0,,,9,,,130,Sound,,,
0,FORT,,1,1776624322.0544572,93.61,Game,1,Predictable,84.41,0,,,9,,,130,Sound,,,
0,FORT,,1,1776624322.0544572,93.62,Game,1,Predictable,84.42,0,,,9,,,130,Sound,,,
0,FORT,,1,1776624322.0544572,93.63,Game,1,Predictable,84.43,0,,,9,,,130,Sound,,,
0,FORT,,1,1776624322.0544572,93.64,Game,1,Predictable,84.44,0,,,9,,,130,Sound,,,
0,FORT,,1,1776624322.0544572,93.65,Game,1,Predictable,84.45,0,,,9,,,130,Sound,,,
0,FORT,,1,1776624322.0544572,93.66,Game,1,Predictable,84.46,0,,,9,,,130,Sound,,,
0,FORT,,1,1776624322.0544572,93.67,Game,1,Predictable,84.47,0,,,9,,,130,Sound,,,
0,FORT,,1,1776624322.0544572,93.68,Game,1,Predictable,84.48,0,,,9,,,130,Sound,,,
0,FORT,,1,1776624322.0544572,93.69,Game,1,Predictable,84.5,0,,,9,,,130,Sound,,,
0,FORT,,1,1776624322.0544572,93.71,Game,1,Predictable,84.51,0,,,9,,,130,Sound,,,
0,FORT,,1,1776624322.0544572,93.72,Game,1,Predictable,84.52,0,,,9,,,130,Sound,,,
0,FORT,,1,1776624322.0544572,93.73,Game,1,Predictable,84.53,0,,,9,,,130,Sound,,,
0,FORT,,1,1776624322.0544572,93.74,Game,1,Predictable,84.54,0,,,9,,,130,Sound,,,
0,FORT,,1,1776624322.0544572,93.75,Game,1,Predictable,84.55,0,,,9,,,130,Sound,,,
0,FORT,,1,1776624322.0544572,93.76,Game,1,Predictable,84.56,0,,,9,,,130,Sound,,,
0,FORT,,1,1776624322.0544572,93.77,Game,1,Predictable,84.57,0,,,9,,,130,Sound,,,
0,FORT,,1,1776624322.0544572,93.78,Game,1,Predictable,84.58,0,,,9,,,130,Sound,,,
0,FORT,,1,1776624322.0544572,93.79,Game,1,Predictable,84.6,0,,,9,,,130,Sound,,,
0,FORT,,1,1776624322.0544572,93.81,Game,1,Predictable,84.61,0,,,9,,,130,Sound,,,
0,FORT,,1,1776624322.0544572,93.82,Game,1,Predictable,84.62,0,,,9,,,130,Sound,,,
0,FORT,,1,1776624322.0544572,93.83,Game,1,Predictable,84.63,0,,,9,,,130,Sound,,,
0,FORT,,1,1776624322.0544572,93.84,Game,1,Predictable,84.64,0,,,9,,,130,Sound,,,
0,FORT,,1,1776624322.0544572,93.85,Game,1,Predictable,84.65,0,,,9,,,130,Sound,,,
0,FORT,,1,1776624322.0544572,93.86,Game,1,Predictable,84.66,0,,,9,,,130,Sound,,,
0,FORT,,1,1776624322.0544572,93.87,Game,1,Predictable,84.67,0,,,9,,,130,Sound,,,
0,FORT,,1,1776624322.0544572,93.88,Game,1,Predictable,84.68,0,,,9,,,130,Sound,,,
0,FORT,,1,1776624322.0544572,93.89,Game,1,Predictable,84.7,0,,,9,,,130,Sound,,,
0,FORT,,1,1776624322.0544572,93.91,Game,1,Predictable,84.71,0,,,9,,,130,Sound,,,
0,FORT,,1,1776624322.0544572,93.92,Game,1,Predictable,84.72,0,,,9,,,130,Sound,,,
0,FORT,,1,1776624322.0544572,93.93,Game,1,Predictable,84.73,0,,,9,,,130,Sound,,,
0,FORT,,1,1776624322.0544572,93.94,Game,1,Predictable,84.74,0,,,9,,,130,Sound,,,
0,FORT,,1,1776624322.0544572,93.95,Game,1,Predictable,84.75,0,,,9,,,130,Sound,,,
0,FORT,,1,1776624322.0544572,93.96,Game,1,Predictable,84.76,0,,,9,,,130,Sound,,,
0,FORT,,1,1776624322.0544572,93.97,Game,1,Predictable,84.77,0,,,9,,,130,Sound,,,
0,FORT,,1,1776624322.0544572,93.98,Game,1,Predictable,84.78,0,,,9,,,130,Sound,,,
0,FORT,,1,1776624322.0544572,93.99,Game,1,Predictable,84.8,0,,,9,,,130,Sound,,,
0,FORT,,1,1776624322.0544572,94.01,Game,1,Predictable,84.81,0,,,9,,,130,Sound,,,
0,FORT,,1,1776624322.0544572,94.02,Game,1,Predictable,84.82,0,,,9,,,130,Sound,,,
0,FORT,,1,1776624322.0544572,94.03,Game,1,Predictable,84.83,0,,,9,,,130,Sound,,,
0,FORT,,1,1776624322.0544572,94.04,Game,1,Predictable,84.84,0,,,9,,,130,Sound,,,
0,FORT,,1,1776624322.0544572,94.05,Game,1,Predictable,84.85,0,,,9,,,130,Sound,,,
0,FORT,,1,1776624322.0544572,94.06,Game,1,Predictable,84.86,0,,,9,,,130,Sound,,,
0,FORT,,1,1776624322.0544572,94.07,Game,1,Predictable,84.87,0,,,9,,,130,Sound,,,
0,FORT,,1,1776624322.0544572,94.08,Game,1,Predictable,84.88,0,,,9,,,130,Sound,,,
0,FORT,,1,1776624322.0544572,94.09,Game,1,Predictable,84.9,0,,,9,,,130,Sound,,,
0,FORT,,1,1776624322.0544572,94.11,Game,1,Predictable,84.91,0,,,9,,,130,Sound,,,
0,FORT,,1,1776624322.0544572,94.12,Game,1,Predictable,84.92,0,,,9,,,130,Sound,,,
0,FORT,,1,1776624322.0544572,94.13,Game,1,Predictable,84.93,0,,,9,,,130,Sound,,,
0,FORT,,1,1776624322.0544572,94.14,Game,1,Predictable,84.94,0,,,9,,,130,Sound,,,
0,FORT,,1,1776624322.0544572,94.15,Game,1,Predictable,84.95,0,,,9,,,130,Sound,,,
0,FORT,,1,1776624322.0544572,94.16,Game,1,Predictable,84.96,0,,,9,,,130,Sound,,,
0,FORT,,1,1776624322.0544572,94.17,Game,1,Predictable,84.97,0,,,9,,,130,Sound,,,
0,FORT,,1,1776624322.0544572,94.18,Game,1,Predictable,84.98,0,,,9,,,130,Sound,,,
0,FORT,,1,1776624322.0544572,94.19,Game,1,Predictable,85.0,0,,,9,,,130,Sound,,,
0,FORT,,1,1776624322.0544572,94.21,Game,1,Predictable,85.01,0,,,9,,,130,Sound,,,
0,FORT,,1,1776624322.0544572,94.22,Game,1,Predictable,85.02,0,,,9,,,130,Sound,,,
0,FORT,,1,1776624322.0544572,94.23,Game,1,Predictable,85.03,0,,,9,,,130,Sound,,,
0,FORT,,1,1776624322.0544572,94.24,Game,1,Predictable,85.04,0,,,9,,,130,Sound,,,
0,FORT,,1,1776624322.0544572,94.25,Game,1,Predictable,85.05,0,,,9,,,130,Sound,,,
0,FORT,,1,1776624322.0544572,94.26,Game,1,Predictable,85.06,0,,,9,,,130,Sound,,,
0,FORT,,1,1776624322.0544572,94.27,Game,1,Predictable,85.07,0,,,9,,,130,Sound,,,
0,FORT,,1,1776624322.0544572,94.28,Game,1,Predictable,85.08,0,,,9,,,130,Sound,,,
0,FORT,,1,1776624322.0544572,94.29,Game,1,Predictable,85.1,0,,,9,,,130,Sound,,,
0,FORT,,1,1776624322.0544572,94.31,Game,1,Predictable,85.11,0,,,9,,,130,Sound,,,
0,FORT,,1,1776624322.0544572,94.32,Game,1,Predictable,85.12,0,,,9,,,130,Sound,,,
0,FORT,,1,1776624322.0544572,94.33,Game,1,Predictable,85.13,0,,,9,,,130,Sound,,,
0,FORT,,1,1776624322.0544572,94.34,Game,1,Predictable,85.14,0,,,9,,,130,Sound,,,
0,FORT,,1,1776624322.0544572,94.37,Game,1,Predictable,85.15,0,,,9,,,130,Sound,,,
0,FORT,,1,1776624322.0544572,94.38,Game,1,Predictable,85.18,0,,,9,,,130,Sound,,,
0,FORT,,1,1776624322.0544572,94.39,Game,1,Predictable,85.2,0,,,9,,,130,Sound,,,
0,FORT,,1,1776624322.0544572,94.41,Game,1,Predictable,85.21,0,,,9,,,130,Sound,,,
0,FORT,,1,1776624322.0544572,94.42,Game,1,Predictable,85.22,0,,,9,,,130,Sound,,,
0,FORT,,1,1776624322.0544572,94.43,Game,1,Predictable,85.23,0,,,9,,,130,Sound,,,
0,FORT,,1,1776624322.0544572,94.44,Game,1,Predictable,85.24,0,,,9,,,130,Sound,,,
0,FORT,,1,1776624322.0544572,94.45,Game,1,Predictable,85.25,0,,,9,,,130,Sound,,,
0,FORT,,1,1776624322.0544572,94.46,Game,1,Predictable,85.26,0,,,9,,,130,Sound,,,
0,FORT,,1,1776624322.0544572,94.47,Game,1,Predictable,85.27,0,,,9,,,130,Sound,,,
0,FORT,,1,1776624322.0544572,94.48,Game,1,Predictable,85.28,0,,,9,,,130,Sound,,,
0,FORT,,1,1776624322.0544572,94.49,Game,1,Predictable,85.3,0,,,9,,,130,Sound,,,
0,FORT,,1,1776624322.0544572,94.51,Game,1,Predictable,85.31,0,,,9,,,130,Sound,,,
0,FORT,,1,1776624322.0544572,94.52,Game,1,Predictable,85.32,0,,,9,,,130,Sound,,,
0,FORT,,1,1776624322.0544572,94.53,Game,1,Predictable,85.33,0,,,9,,,130,Sound,,,
0,FORT,,1,1776624322.0544572,94.54,Game,1,Predictable,85.34,0,,,9,,,130,Sound,,,
0,FORT,,1,1776624322.0544572,94.55,Game,1,Predictable,85.35,0,,,9,,,130,Sound,,,
0,FORT,,1,1776624322.0544572,94.56,Game,1,Predictable,85.36,0,,,9,,,130,Sound,,,
0,FORT,,1,1776624322.0544572,94.57,Game,1,Predictable,85.37,0,,,9,,,130,Sound,,,
0,FORT,,1,1776624322.0544572,94.58,Game,1,Predictable,85.38,0,,,9,,,130,Sound,,,
0,FORT,,1,1776624322.0544572,94.59,Game,1,Predictable,85.4,0,,,9,,,130,Sound,,,
0,FORT,,1,1776624322.0544572,94.61,Game,1,Predictable,85.41,0,,,9,,,130,Sound,,,
0,FORT,,1,1776624322.0544572,94.62,Game,1,Predictable,85.42,0,,,9,,,130,Sound,,,
0,FORT,,1,1776624322.0544572,94.63,Game,1,Predictable,85.43,0,,,9,,,130,Sound,,,
0,FORT,,1,1776624322.0544572,94.64,Game,1,Predictable,85.44,0,,,9,,,130,Sound,,,
0,FORT,,1,1776624322.0544572,94.65,Game,1,Predictable,85.45,0,,,9,,,130,Sound,,,
0,FORT,,1,1776624322.0544572,94.66,Game,1,Predictable,85.46,0,,,9,,,130,Sound,,,
0,FORT,,1,1776624322.0544572,94.67,Game,1,Predictable,85.47,0,,,9,,,130,Sound,,,
0,FORT,,1,1776624322.0544572,94.68,Game,1,Predictable,85.48,0,,,9,,,130,Sound,,,
0,FORT,,1,1776624322.0544572,94.69,Game,1,Predictable,85.5,0,,,9,,,130,Sound,,,
0,FORT,,1,1776624322.0544572,94.71,Game,1,Predictable,85.51,0,,,9,,,130,Sound,,,
0,FORT,,1,1776624322.0544572,94.72,Game,1,Predictable,85.52,0,,,9,,,130,Sound,,,
0,FORT,,1,1776624322.0544572,94.73,Game,1,Predictable,85.53,0,,,9,,,130,Sound,,,
0,FORT,,1,1776624322.0544572,94.74,Game,1,Predictable,85.54,0,,,9,,,130,Sound,,,
0,FORT,,1,1776624322.0544572,94.75,Game,1,Predictable,85.55,0,,,9,,,130,Sound,,,
0,FORT,,1,1776624322.0544572,94.76,Game,1,Predictable,85.56,0,,,9,,,130,Sound,,,
0,FORT,,1,1776624322.0544572,94.77,Game,1,Predictable,85.57,0,,,9,,,130,Sound,,,
0,FORT,,1,1776624322.0544572,94.78,Game,1,Predictable,85.58,0,,,9,,,130,Sound,,,
0,FORT,,1,1776624322.0544572,94.79,Game,1,Predictable,85.6,0,,,9,,,130,Sound,,,
0,FORT,,1,1776624322.0544572,94.81,Game,1,Predictable,85.61,0,,,9,,,130,Sound,,,
0,FORT,,1,1776624322.0544572,94.82,Game,1,Predictable,85.62,0,,,9,,,130,Sound,,,
0,FORT,,1,1776624322.0544572,94.83,Game,1,Predictable,85.63,0,,,9,,,130,Sound,,,
0,FORT,,1,1776624322.0544572,94.84,Game,1,Predictable,85.64,0,,,9,,,130,Sound,,,
0,FORT,,1,1776624322.0544572,94.85,Game,1,Predictable,85.65,0,,,9,,,130,Sound,,,
0,FORT,,1,1776624322.0544572,94.86,Game,1,Predictable,85.66,0,,,9,,,130,Sound,,,
0,FORT,,1,1776624322.0544572,94.87,Game,1,Predictable,85.67,0,,,9,,,130,Sound,,,
0,FORT,,1,1776624322.0544572,94.88,Game,1,Predictable,85.68,0,,,9,,,130,Sound,,,
0,FORT,,1,1776624322.0544572,94.89,Game,1,Predictable,85.7,0,,,9,,,130,Sound,,,
0,FORT,,1,1776624322.0544572,94.91,Game,1,Predictable,85.71,0,,,9,,,130,Sound,,,
0,FORT,,1,1776624322.0544572,94.92,Game,1,Predictable,85.72,0,,,9,,,130,Sound,,,
0,FORT,,1,1776624322.0544572,94.93,Game,1,Predictable,85.73,0,,,9,,,130,Sound,,,
0,FORT,,1,1776624322.0544572,94.94,Game,1,Predictable,85.74,0,,,9,,,130,Sound,,,
0,FORT,,1,1776624322.0544572,94.95,Game,1,Predictable,85.75,0,,,9,,,130,Sound,,,
0,FORT,,1,1776624322.0544572,94.96,Game,1,Predictable,85.76,0,,,9,,,130,Sound,,,
0,FORT,,1,1776624322.0544572,94.97,Game,1,Predictable,85.77,0,,,9,,,130,Sound,,,
0,FORT,,1,1776624322.0544572,94.98,Game,1,Predictable,85.78,0,,,9,,,130,Sound,,,
0,FORT,,1,1776624322.0544572,94.99,Game,1,Predictable,85.8,0,,,9,,,130,Sound,,,
0,FORT,,1,1776624322.0544572,95.01,Game,1,Predictable,85.81,0,,,9,,,130,Sound,,,
0,FORT,,1,1776624322.0544572,95.02,Game,1,Predictable,85.82,0,,,9,,,130,Sound,,,
0,FORT,,1,1776624322.0544572,95.03,Game,1,Predictable,85.83,0,,,9,,,130,Sound,,,
0,FORT,,1,1776624322.0544572,95.04,Game,1,Predictable,85.84,0,,,9,,,130,Sound,,,
0,FORT,,1,1776624322.0544572,95.05,Game,1,Predictable,85.85,0,,,9,,,130,Sound,,,
0,FORT,,1,1776624322.0544572,95.06,Game,1,Predictable,85.86,0,,,9,,,130,Sound,,,
0,FORT,,1,1776624322.0544572,95.07,Game,1,Predictable,85.87,0,,,9,,,130,Sound,,,
0,FORT,,1,1776624322.0544572,95.08,Game,1,Predictable,85.88,0,,,9,,,130,Sound,,,
0,FORT,,1,1776624322.0544572,95.09,Game,1,Predictable,85.9,0,,,9,,,130,Sound,,,
0,FORT,,1,1776624322.0544572,95.11,Game,1,Predictable,85.91,0,,,9,,,130,Sound,,,
0,FORT,,1,1776624322.0544572,95.12,Game,1,Predictable,85.92,0,,,9,,,130,Sound,,,
0,FORT,,1,1776624322.0544572,95.13,Game,1,Predictable,85.93,0,,,9,,,130,Sound,,,
0,FORT,,1,1776624322.0544572,95.14,Game,1,Predictable,85.94,0,,,9,,,130,Sound,,,
0,FORT,,1,1776624322.0544572,95.15,Game,1,Predictable,85.95,0,,,9,,,130,Sound,,,
0,FORT,,1,1776624322.0544572,95.16,Game,1,Predictable,85.96,0,,,9,,,130,Sound,,,
0,FORT,,1,1776624322.0544572,95.17,Game,1,Predictable,85.97,0,,,9,,,130,Sound,,,
0,FORT,,1,1776624322.0544572,95.18,Game,1,Predictable,85.98,0,,,9,,,130,Sound,,,
0,FORT,,1,1776624322.0544572,95.19,Game,1,Predictable,86.0,0,,,9,,,130,Sound,,,
0,FORT,,1,1776624322.0544572,95.21,Game,1,Predictable,86.01,0,,,9,,,130,Sound,,,
0,FORT,,1,1776624322.0544572,95.22,Game,1,Predictable,86.02,0,,,9,,,130,Sound,,,
0,FORT,,1,1776624322.0544572,95.23,Game,1,Predictable,86.03,0,,,9,,,130,Sound,,,
0,FORT,,1,1776624322.0544572,95.24,Game,1,Predictable,86.04,0,,,9,,,130,Sound,,,
0,FORT,,1,1776624322.0544572,95.25,Game,1,Predictable,86.05,0,,,9,,,130,Sound,,,
0,FORT,,1,1776624322.0544572,95.26,Game,1,Predictable,86.06,0,,,9,,,130,Sound,,,
0,FORT,,1,1776624322.0544572,95.27,Game,1,Predictable,86.07,0,,,9,,,130,Sound,,,
0,FORT,,1,1776624322.0544572,95.28,Game,1,Predictable,86.08,0,,,9,,,130,Sound,,,
0,FORT,,1,1776624322.0544572,95.29,Game,1,Predictable,86.1,0,,,9,,,130,Sound,,,
0,FORT,,1,1776624322.0544572,95.31,Game,1,Predictable,86.11,0,,,9,,,130,Sound,,,
0,FORT,,1,1776624322.0544572,95.32,Game,1,Predictable,86.12,0,,,9,,,130,Sound,,,
0,FORT,,1,1776624322.0544572,95.33,Game,1,Predictable,86.13,0,,,9,,,130,Sound,,,
0,FORT,,1,1776624322.0544572,95.34,Game,1,Predictable,86.14,0,,,9,,,130,Sound,,,
0,FORT,,1,1776624322.0544572,95.35,Game,1,Predictable,86.15,0,,,9,,,130,Sound,,,
0,FORT,,1,1776624322.0544572,95.36,Game,1,Predictable,86.16,0,,,9,,,130,Sound,,,
0,FORT,,1,1776624322.0544572,95.37,Game,1,Predictable,86.17,0,,,9,,,130,Sound,,,
0,FORT,,1,1776624322.0544572,95.51,Game,1,Predictable,86.31,0,,,9,,,130,Sound,,,
0,FORT,,1,1776624322.0544572,95.53,Game,1,Predictable,86.32,0,,,9,,,130,Sound,,,
0,FORT,,1,1776624322.0544572,95.54,Game,1,Predictable,86.34,0,,,9,,,130,Sound,,,
0,FORT,,1,1776624322.0544572,95.55,Game,1,Predictable,86.35,0,,,9,,,130,Sound,,,
0,FORT,,1,1776624322.0544572,95.57,Game,1,Predictable,86.37,0,,,9,,,130,Sound,,,
0,FORT,,1,1776624322.0544572,95.58,Game,1,Predictable,86.38,0,,,9,,,130,Sound,,,
0,FORT,,1,1776624322.0544572,95.59,Game,1,Predictable,86.39,0,,,9,,,130,Sound,,,
0,FORT,,1,1776624322.0544572,95.62,Game,1,Predictable,86.4,0,,,9,,,130,Sound,,,
0,FORT,,1,1776624322.0544572,95.63,Game,1,Predictable,86.43,0,,,9,,,130,Sound,,,
0,FORT,,1,1776624322.0544572,95.64,Game,1,Predictable,86.45,0,,,9,,,130,Sound,,,
0,FORT,,1,1776624322.0544572,95.66,Game,1,Predictable,86.46,0,,,9,,,130,Sound,,,
0,FORT,,1,1776624322.0544572,95.67,Game,1,Predictable,86.47,0,,,9,,,130,Sound,,,
0,FORT,,1,1776624322.0544572,95.68,Game,1,Predictable,86.48,0,,,9,,,130,Sound,,,
0,FORT,,1,1776624322.0544572,95.69,Game,1,Predictable,86.49,0,,,9,,,130,Sound,,,
0,FORT,,1,1776624322.0544572,95.7,Game,1,Predictable,86.5,0,,,9,,,130,Sound,,,
0,FORT,,1,1776624322.0544572,95.71,Game,1,Predictable,86.51,0,,,9,,,130,Sound,,,
0,FORT,,1,1776624322.0544572,95.72,Game,1,Predictable,86.52,0,,,9,,,130,Sound,,,
0,FORT,,1,1776624322.0544572,95.73,Game,1,Predictable,86.53,0,,,9,,,130,Sound,,,
0,FORT,,1,1776624322.0544572,95.75,Game,1,Predictable,86.55,0,,,9,,,130,Sound,,,
0,FORT,,1,1776624322.0544572,95.76,Game,1,Predictable,86.56,0,,,9,,,130,Sound,,,
0,FORT,,1,1776624322.0544572,95.77,Game,1,Predictable,86.57,0,,,9,,,130,Sound,,,
0,FORT,,1,1776624322.0544572,95.78,Game,1,Predictable,86.58,0,,,9,,,130,Sound,,,
0,FORT,,1,1776624322.0544572,95.79,Game,1,Predictable,86.59,0,,,9,,,130,Sound,,,
0,FORT,,1,1776624322.0544572,95.8,Game,1,Predictable,86.6,0,,,9,,,130,Sound,,,
0,FORT,,1,1776624322.0544572,95.81,Game,1,Predictable,86.61,0,,,9,,,130,Sound,,,
0,FORT,,1,1776624322.0544572,95.82,Game,1,Predictable,86.62,0,,,9,,,130,Sound,,,
0,FORT,,1,1776624322.0544572,95.83,Game,1,Predictable,86.63,0,,,9,,,130,Sound,,,
0,FORT,,1,1776624322.0544572,95.84,Game,1,Predictable,86.65,0,,,9,,,130,Sound,,,
0,FORT,,1,1776624322.0544572,95.86,Game,1,Predictable,86.66,0,,,9,,,130,Sound,,,
0,FORT,,1,1776624322.0544572,95.87,Game,1,Predictable,86.67,0,,,9,,,130,Sound,,,
0,FORT,,1,1776624322.0544572,95.88,Game,1,Predictable,86.68,0,,,9,,,130,Sound,,,
0,FORT,,1,1776624322.0544572,95.89,Game,1,Predictable,86.69,0,,,9,,,130,Sound,,,
0,FORT,,1,1776624322.0544572,95.9,Game,1,Predictable,86.7,0,,,9,,,130,Sound,,,
0,FORT,,1,1776624322.0544572,95.91,Game,1,Predictable,86.71,0,,,9,,,130,Sound,,,
0,FORT,,1,1776624322.0544572,95.92,Game,1,Predictable,86.72,0,,,9,,,130,Sound,,,
0,FORT,,1,1776624322.0544572,95.93,Game,1,Predictable,86.73,0,,,9,,,130,Sound,,,
0,FORT,,1,1776624322.0544572,95.94,Game,1,Predictable,86.75,0,,,9,,,130,Sound,,,
0,FORT,,1,1776624322.0544572,95.96,Game,1,Predictable,86.76,0,,,9,,,130,Sound,,,
0,FORT,,1,1776624322.0544572,95.97,Game,1,Predictable,86.77,0,,,9,,,130,Sound,,,
0,FORT,,1,1776624322.0544572,95.98,Game,1,Predictable,86.78,0,,,9,,,130,Sound,,,
0,FORT,,1,1776624322.0544572,95.99,Game,1,Predictable,86.79,0,,,9,,,130,Sound,,,
0,FORT,,1,1776624322.0544572,96.0,Game,1,Predictable,86.8,0,,,9,,,130,Sound,,,
0,FORT,,1,1776624322.0544572,96.01,Game,1,Predictable,86.81,0,,,9,,,130,Sound,,,
0,FORT,,1,1776624322.0544572,96.02,Game,1,Predictable,86.82,0,,,9,,,130,Sound,,,
0,FORT,,1,1776624322.0544572,96.03,Game,1,Predictable,86.83,0,,,9,,,130,Sound,,,
0,FORT,,1,1776624322.0544572,96.04,Game,1,Predictable,86.85,0,,,9,,,130,Sound,,,
0,FORT,,1,1776624322.0544572,96.06,Game,1,Predictable,86.86,0,,,9,,,130,Sound,,,
0,FORT,,1,1776624322.0544572,96.07,Game,1,Predictable,86.87,0,,,9,,,130,Sound,,,
0,FORT,,1,1776624322.0544572,96.08,Game,1,Predictable,86.88,0,,,9,,,130,Sound,,,
0,FORT,,1,1776624322.0544572,96.09,Game,1,Predictable,86.89,0,,,9,,,130,Sound,,,
0,FORT,,1,1776624322.0544572,96.1,Game,1,Predictable,86.9,0,,,9,,,130,Sound,,,
0,FORT,,1,1776624322.0544572,96.11,Game,1,Predictable,86.91,0,,,9,,,130,Sound,,,
0,FORT,,1,1776624322.0544572,96.12,Game,1,Predictable,86.92,0,,,9,,,130,Sound,,,
0,FORT,,1,1776624322.0544572,96.13,Game,1,Predictable,86.94,0,,,9,,,130,Sound,,,
0,FORT,,1,1776624322.0544572,96.14,Game,1,Predictable,86.95,0,,,9,,,130,Sound,,,
0,FORT,,1,1776624322.0544572,96.16,Game,1,Predictable,86.96,0,,,9,,,130,Sound,,,
0,FORT,,1,1776624322.0544572,96.17,Game,1,Predictable,86.97,0,,,9,,,130,Sound,,,
0,FORT,,1,1776624322.0544572,96.18,Game,1,Predictable,86.98,0,,,9,,,130,Sound,,,
0,FORT,,1,1776624322.0544572,96.19,Game,1,Predictable,86.99,0,,,9,,,130,Sound,,,
0,FORT,,1,1776624322.0544572,96.2,Game,1,Predictable,87.0,0,,,9,,,130,Sound,,,
0,FORT,,1,1776624322.0544572,96.21,Game,1,Predictable,87.01,0,,,9,,,130,Sound,,,
0,FORT,,1,1776624322.0544572,96.22,Game,1,Predictable,87.02,0,,,9,,,130,Sound,,,
0,FORT,,1,1776624322.0544572,96.23,Game,1,Predictable,87.03,0,,,9,,,130,Sound,,,
0,FORT,,1,1776624322.0544572,96.24,Game,1,Predictable,87.05,0,,,9,,,130,Sound,,,
0,FORT,,1,1776624322.0544572,96.26,Game,1,Predictable,87.06,0,,,9,,,130,Sound,,,
0,FORT,,1,1776624322.0544572,96.27,Game,1,Predictable,87.07,0,,,9,,,130,Sound,,,
0,FORT,,1,1776624322.0544572,96.28,Game,1,Predictable,87.08,0,,,9,,,130,Sound,,,
0,FORT,,1,1776624322.0544572,96.29,Game,1,Predictable,87.09,0,,,9,,,130,Sound,,,
0,FORT,,1,1776624322.0544572,96.3,Game,1,Predictable,87.1,0,,,9,,,130,Sound,,,
0,FORT,,1,1776624322.0544572,96.31,Game,1,Predictable,87.11,0,,,9,,,130,Sound,,,
0,FORT,,1,1776624322.0544572,96.32,Game,1,Predictable,87.12,0,,,9,,,130,Sound,,,
0,FORT,,1,1776624322.0544572,96.33,Game,1,Predictable,87.14,0,,,9,,,130,Sound,,,
0,FORT,,1,1776624322.0544572,96.34,Game,1,Predictable,87.15,0,,,9,,,130,Sound,,,
0,FORT,,1,1776624322.0544572,96.36,Game,1,Predictable,87.16,0,,,9,,,130,Sound,,,
0,FORT,,1,1776624322.0544572,96.37,Game,1,Predictable,87.17,0,,,9,,,130,Sound,,,
0,FORT,,1,1776624322.0544572,96.38,Game,1,Predictable,87.18,0,,,9,,,130,Sound,,,
0,FORT,,1,1776624322.0544572,96.39,Game,1,Predictable,87.19,0,,,9,,,130,Sound,,,
0,FORT,,1,1776624322.0544572,96.4,Game,1,Predictable,87.2,0,,,9,,,130,Sound,,,
0,FORT,,1,1776624322.0544572,96.41,Game,1,Predictable,87.21,0,,,9,,,130,Sound,,,
0,FORT,,1,1776624322.0544572,96.42,Game,1,Predictable,87.22,0,,,9,,,130,Sound,,,
0,FORT,,1,1776624322.0544572,96.43,Game,1,Predictable,87.23,0,,,9,,,130,Sound,,,
0,FORT,,1,1776624322.0544572,96.45,Game,1,Predictable,87.25,0,,,9,,,130,Sound,,,
0,FORT,,1,1776624322.0544572,96.46,Game,1,Predictable,87.26,0,,,9,,,130,Sound,,,
0,FORT,,1,1776624322.0544572,96.47,Game,1,Predictable,87.27,0,,,9,,,130,Sound,,,
0,FORT,,1,1776624322.0544572,96.48,Game,1,Predictable,87.28,0,,,9,,,130,Sound,,,
0,FORT,,1,1776624322.0544572,96.49,Game,1,Predictable,87.29,0,,,9,,,130,Sound,,,
0,FORT,,1,1776624322.0544572,96.5,Game,1,Predictable,87.3,0,,,9,,,130,Sound,,,
0,FORT,,1,1776624322.0544572,96.51,Game,1,Predictable,87.31,0,,,9,,,130,Sound,,,
0,FORT,,1,1776624322.0544572,96.52,Game,1,Predictable,87.32,0,,,9,,,130,Sound,,,
0,FORT,,1,1776624322.0544572,96.55,Game,1,Predictable,87.34,0,,,9,,,130,Sound,,,
0,FORT,,1,1776624322.0544572,96.57,Game,1,Predictable,87.36,0,,,9,,,130,Sound,,,
0,FORT,,1,1776624322.0544572,96.58,Game,1,Predictable,87.38,0,,,9,,,130,Sound,,,
0,FORT,,1,1776624322.0544572,96.59,Game,1,Predictable,87.39,0,,,9,,,130,Sound,,,
0,FORT,,1,1776624322.0544572,96.6,Game,1,Predictable,87.4,0,,,9,,,130,Sound,,,
0,FORT,,1,1776624322.0544572,96.61,Game,1,Predictable,87.41,0,,,9,,,130,Sound,,,
0,FORT,,1,1776624322.0544572,96.62,Game,1,Predictable,87.42,0,,,9,,,130,Sound,,,
0,FORT,,1,1776624322.0544572,96.63,Game,1,Predictable,87.43,0,,,9,,,130,Sound,,,
0,FORT,,1,1776624322.0544572,96.65,Game,1,Predictable,87.45,0,,,9,,,130,Sound,,,
0,FORT,,1,1776624322.0544572,96.66,Game,1,Predictable,87.46,0,,,9,,,130,Sound,,,
0,FORT,,1,1776624322.0544572,96.67,Game,1,Predictable,87.47,0,,,9,,,130,Sound,,,
0,FORT,,1,1776624322.0544572,96.68,Game,1,Predictable,87.48,0,,,9,,,130,Sound,,,
0,FORT,,1,1776624322.0544572,96.69,Game,1,Predictable,87.49,0,,,9,,,130,Sound,,,
0,FORT,,1,1776624322.0544572,96.7,Game,1,Predictable,87.5,0,,,9,,,130,Sound,,,
0,FORT,,1,1776624322.0544572,96.71,Game,1,Predictable,87.51,0,,,9,,,130,Sound,,,
0,FORT,,1,1776624322.0544572,96.72,Game,1,Predictable,87.52,0,,,9,,,130,Sound,,,
0,FORT,,1,1776624322.0544572,96.73,Game,1,Predictable,87.53,0,,,9,,,130,Sound,,,
0,FORT,,1,1776624322.0544572,96.75,Game,1,Predictable,87.55,0,,,9,,,130,Sound,,,
0,FORT,,1,1776624322.0544572,96.76,Game,1,Predictable,87.56,0,,,9,,,130,Sound,,,
0,FORT,,1,1776624322.0544572,96.77,Game,1,Predictable,87.57,0,,,9,,,130,Sound,,,
0,FORT,,1,1776624322.0544572,96.78,Game,1,Predictable,87.58,0,,,9,,,130,Sound,,,
0,FORT,,1,1776624322.0544572,96.79,Game,1,Predictable,87.59,0,,,9,,,130,Sound,,,
0,FORT,,1,1776624322.0544572,96.8,Game,1,Predictable,87.6,0,,,9,,,130,Sound,,,
0,FORT,,1,1776624322.0544572,96.81,Game,1,Predictable,87.61,0,,,9,,,130,Sound,,,
0,FORT,,1,1776624322.0544572,96.82,Game,1,Predictable,87.62,0,,,9,,,130,Sound,,,
0,FORT,,1,1776624322.0544572,96.83,Game,1,Predictable,87.63,0,,,9,,,130,Sound,,,
0,FORT,,1,1776624322.0544572,96.85,Game,1,Predictable,87.65,0,,,9,,,130,Sound,,,
0,FORT,,1,1776624322.0544572,96.86,Game,1,Predictable,87.66,0,,,9,,,130,Sound,,,
0,FORT,,1,1776624322.0544572,96.87,Game,1,Predictable,87.67,0,,,9,,,130,Sound,,,
0,FORT,,1,1776624322.0544572,96.88,Game,1,Predictable,87.68,0,,,9,,,130,Sound,,,
0,FORT,,1,1776624322.0544572,96.89,Game,1,Predictable,87.69,0,,,9,,,130,Sound,,,
0,FORT,,1,1776624322.0544572,96.9,Game,1,Predictable,87.7,0,,,9,,,130,Sound,,,
0,FORT,,1,1776624322.0544572,96.91,Game,1,Predictable,87.71,0,,,9,,,130,Sound,,,
0,FORT,,1,1776624322.0544572,96.92,Game,1,Predictable,87.72,0,,,9,,,130,Sound,,,
0,FORT,,1,1776624322.0544572,96.93,Game,1,Predictable,87.73,0,,,9,,,130,Sound,,,
0,FORT,,1,1776624322.0544572,96.94,Game,1,Predictable,87.75,0,,,9,,,130,Sound,,,
0,FORT,,1,1776624322.0544572,96.96,Game,1,Predictable,87.76,0,,,9,,,130,Sound,,,
0,FORT,,1,1776624322.0544572,96.97,Game,1,Predictable,87.77,0,,,9,,,130,Sound,,,
0,FORT,,1,1776624322.0544572,96.98,Game,1,Predictable,87.78,0,,,9,,,130,Sound,,,
0,FORT,,1,1776624322.0544572,96.99,Game,1,Predictable,87.79,0,,,9,,,130,Sound,,,
0,FORT,,1,1776624322.0544572,97.0,Game,1,Predictable,87.8,0,,,9,,,130,Sound,,,
0,FORT,,1,1776624322.0544572,97.01,Game,1,Predictable,87.81,0,,,9,,,130,Sound,,,
0,FORT,,1,1776624322.0544572,97.02,Game,1,Predictable,87.82,0,,,9,,,130,Sound,,,
0,FORT,,1,1776624322.0544572,97.03,Game,1,Predictable,87.84,0,,,9,,,130,Sound,,,
0,FORT,,1,1776624322.0544572,97.05,Game,1,Predictable,87.85,0,,,9,,,130,Sound,,,
0,FORT,,1,1776624322.0544572,97.06,Game,1,Predictable,87.86,0,,,9,,,130,Sound,,,
0,FORT,,1,1776624322.0544572,97.07,Game,1,Predictable,87.87,0,,,9,,,130,Sound,,,
0,FORT,,1,1776624322.0544572,97.08,Game,1,Predictable,87.88,0,,,9,,,130,Sound,,,
0,FORT,,1,1776624322.0544572,97.09,Game,1,Predictable,87.89,0,,,9,,,130,Sound,,,
0,FORT,,1,1776624322.0544572,97.1,Game,1,Predictable,87.9,0,,,9,,,130,Sound,,,
0,FORT,,1,1776624322.0544572,97.11,Game,1,Predictable,87.91,0,,,9,,,130,Sound,,,
0,FORT,,1,1776624322.0544572,97.12,Game,1,Predictable,87.92,0,,,9,,,130,Sound,,,
0,FORT,,1,1776624322.0544572,97.13,Game,1,Predictable,87.93,0,,,9,,,130,Sound,,,
0,FORT,,1,1776624322.0544572,97.15,Game,1,Predictable,87.95,0,,,9,,,130,Sound,,,
0,FORT,,1,1776624322.0544572,97.16,Game,1,Predictable,87.96,0,,,9,,,130,Sound,,,
0,FORT,,1,1776624322.0544572,97.17,Game,1,Predictable,87.97,0,,,9,,,130,Sound,,,
0,FORT,,1,1776624322.0544572,97.18,Game,1,Predictable,87.98,0,,,9,,,130,Sound,,,
0,FORT,,1,1776624322.0544572,97.19,Game,1,Predictable,87.99,0,,,9,,,130,Sound,,,
0,FORT,,1,1776624322.0544572,97.2,Game,1,Predictable,88.0,0,,,9,,,130,Sound,,,
0,FORT,,1,1776624322.0544572,97.21,Game,1,Predictable,88.01,0,,,9,,,130,Sound,,,
0,FORT,,1,1776624322.0544572,97.22,Game,1,Predictable,88.02,0,,,9,,,130,Sound,,,
0,FORT,,1,1776624322.0544572,97.23,Game,1,Predictable,88.03,0,,,9,,,130,Sound,,,
0,FORT,,1,1776624322.0544572,97.25,Game,1,Predictable,88.05,0,,,9,,,130,Sound,,,
0,FORT,,1,1776624322.0544572,97.26,Game,1,Predictable,88.06,0,,,9,,,130,Sound,,,
0,FORT,,1,1776624322.0544572,97.27,Game,1,Predictable,88.07,0,,,9,,,130,Sound,,,
0,FORT,,1,1776624322.0544572,97.28,Game,1,Predictable,88.08,0,,,9,,,130,Sound,,,
0,FORT,,1,1776624322.0544572,97.29,Game,1,Predictable,88.09,0,,,9,,,130,Sound,,,
0,FORT,,1,1776624322.0544572,97.3,Game,1,Predictable,88.1,0,,,9,,,130,Sound,,,
0,FORT,,1,1776624322.0544572,97.31,Game,1,Predictable,88.11,0,,,9,,,130,Sound,,,
0,FORT,,1,1776624322.0544572,97.32,Game,1,Predictable,88.12,0,,,9,,,130,Sound,,,
0,FORT,,1,1776624322.0544572,97.33,Game,1,Predictable,88.14,0,,,9,,,130,Sound,,,
0,FORT,,1,1776624322.0544572,97.35,Game,1,Predictable,88.15,0,,,9,,,130,Sound,,,
0,FORT,,1,1776624322.0544572,97.36,Game,1,Predictable,88.16,0,,,9,,,130,Sound,,,
0,FORT,,1,1776624322.0544572,97.37,Game,1,Predictable,88.17,0,,,9,,,130,Sound,,,
0,FORT,,1,1776624322.0544572,97.38,Game,1,Predictable,88.18,0,,,9,,,130,Sound,,,
0,FORT,,1,1776624322.0544572,97.39,Game,1,Predictable,88.19,0,,,9,,,130,Sound,,,
0,FORT,,1,1776624322.0544572,97.4,Game,1,Predictable,88.2,0,,,9,,,130,Sound,,,
0,FORT,,1,1776624322.0544572,97.41,Game,1,Predictable,88.21,0,,,9,,,130,Sound,,,
0,FORT,,1,1776624322.0544572,97.42,Game,1,Predictable,88.22,0,,,9,,,130,Sound,,,
0,FORT,,1,1776624322.0544572,97.43,Game,1,Predictable,88.24,0,,,9,,,130,Sound,,,
0,FORT,,1,1776624322.0544572,97.44,Game,1,Predictable,88.25,0,,,9,,,130,Sound,,,
0,FORT,,1,1776624322.0544572,97.46,Game,1,Predictable,88.26,0,,,9,,,130,Sound,,,
0,FORT,,1,1776624322.0544572,97.47,Game,1,Predictable,88.27,0,,,9,,,130,Sound,,,
0,FORT,,1,1776624322.0544572,97.48,Game,1,Predictable,88.28,0,,,9,,,130,Sound,,,
0,FORT,,1,1776624322.0544572,97.49,Game,1,Predictable,88.29,0,,,9,,,130,Sound,,,
0,FORT,,1,1776624322.0544572,97.5,Game,1,Predictable,88.3,0,,,9,,,130,Sound,,,
0,FORT,,1,1776624322.0544572,97.51,Game,1,Predictable,88.31,0,,,9,,,130,Sound,,,
0,FORT,,1,1776624322.0544572,97.52,Game,1,Predictable,88.32,0,,,9,,,130,Sound,,,
0,FORT,,1,1776624322.0544572,97.53,Game,1,Predictable,88.34,0,,,9,,,130,Sound,,,
0,FORT,,1,1776624322.0544572,97.55,Game,1,Predictable,88.35,0,,,9,,,130,Sound,,,
0,FORT,,1,1776624322.0544572,97.56,Game,1,Predictable,88.36,0,,,9,,,130,Sound,,,
0,FORT,,1,1776624322.0544572,97.57,Game,1,Predictable,88.37,0,,,9,,,130,Sound,,,
0,FORT,,1,1776624322.0544572,97.58,Game,1,Predictable,88.38,0,,,9,,,130,Sound,,,
0,FORT,,1,1776624322.0544572,97.59,Game,1,Predictable,88.39,0,,,9,,,130,Sound,,,
0,FORT,,1,1776624322.0544572,97.6,Game,1,Predictable,88.4,0,,,9,,,130,Sound,,,
0,FORT,,1,1776624322.0544572,97.61,Game,1,Predictable,88.41,0,,,9,,,130,Sound,,,
0,FORT,,1,1776624322.0544572,97.62,Game,1,Predictable,88.42,0,,,9,,,130,Sound,,,
0,FORT,,1,1776624322.0544572,97.63,Game,1,Predictable,88.43,0,,,9,,,130,Sound,,,
0,FORT,,1,1776624322.0544572,97.64,Game,1,Predictable,88.45,0,,,9,,,130,Sound,,,
0,FORT,,1,1776624322.0544572,97.66,Game,1,Predictable,88.46,0,,,9,,,130,Sound,,,
0,FORT,,1,1776624322.0544572,97.67,Game,1,Predictable,88.47,0,,,9,,,130,Sound,,,
0,FORT,,1,1776624322.0544572,97.68,Game,1,Predictable,88.48,0,,,9,,,130,Sound,,,
0,FORT,,1,1776624322.0544572,97.69,Game,1,Predictable,88.49,0,,,9,,,130,Sound,,,
0,FORT,,1,1776624322.0544572,97.7,Game,1,Predictable,88.5,0,,,9,,,130,Sound,,,
0,FORT,,1,1776624322.0544572,97.71,Game,1,Predictable,88.51,0,,,9,,,130,Sound,,,
0,FORT,,1,1776624322.0544572,97.72,Game,1,Predictable,88.52,0,,,9,,,130,Sound,,,
0,FORT,,1,1776624322.0544572,97.73,Game,1,Predictable,88.53,0,,,9,,,130,Sound,,,
0,FORT,,1,1776624322.0544572,97.75,Game,1,Predictable,88.55,0,,,9,,,130,Sound,,,
0,FORT,,1,1776624322.0544572,97.76,Game,1,Predictable,88.56,0,,,9,,,130,Sound,,,
0,FORT,,1,1776624322.0544572,97.77,Game,1,Predictable,88.57,0,,,9,,,130,Sound,,,
0,FORT,,1,1776624322.0544572,97.78,Game,1,Predictable,88.58,0,,,9,,,130,Sound,,,
0,FORT,,1,1776624322.0544572,97.79,Game,1,Predictable,88.59,0,,,9,,,130,Sound,,,
0,FORT,,1,1776624322.0544572,97.8,Game,1,Predictable,88.6,0,,,9,,,130,Sound,,,
0,FORT,,1,1776624322.0544572,97.81,Game,1,Predictable,88.61,0,,,9,,,130,Sound,,,
0,FORT,,1,1776624322.0544572,97.82,Game,1,Predictable,88.62,0,,,9,,,130,Sound,,,
0,FORT,,1,1776624322.0544572,97.83,Game,1,Predictable,88.64,0,,,9,,,130,Sound,,,
0,FORT,,1,1776624322.0544572,97.85,Game,1,Predictable,88.65,0,,,9,,,130,Sound,,,
0,FORT,,1,1776624322.0544572,97.86,Game,1,Predictable,88.66,0,,,9,,,130,Sound,,,
0,FORT,,1,1776624322.0544572,97.87,Game,1,Predictable,88.67,0,,,9,,,130,Sound,,,
0,FORT,,1,1776624322.0544572,97.88,Game,1,Predictable,88.68,0,,,9,,,130,Sound,,,
0,FORT,,1,1776624322.0544572,97.89,Game,1,Predictable,88.69,0,,,9,,,130,Sound,,,
0,FORT,,1,1776624322.0544572,97.9,Game,1,Predictable,88.7,0,,,9,,,130,Sound,,,
0,FORT,,1,1776624322.0544572,97.91,Game,1,Predictable,88.71,0,,,9,,,130,Sound,,,
0,FORT,,1,1776624322.0544572,97.92,Game,1,Predictable,88.72,0,,,9,,,130,Sound,,,
0,FORT,,1,1776624322.0544572,97.93,Game,1,Predictable,88.73,0,,,9,,,130,Sound,,,
0,FORT,,1,1776624322.0544572,97.94,Game,1,Predictable,88.75,0,,,9,,,130,Sound,,,
0,FORT,,1,1776624322.0544572,97.96,Game,1,Predictable,88.76,0,,,9,,,130,Sound,,,
0,FORT,,1,1776624322.0544572,97.97,Game,1,Predictable,88.77,0,,,9,,,130,Sound,,,
0,FORT,,1,1776624322.0544572,97.98,Game,1,Predictable,88.78,0,,,9,,,130,Sound,,,
0,FORT,,1,1776624322.0544572,97.99,Game,1,Predictable,88.8,0,,,9,,,130,Sound,,,
0,FORT,,1,1776624322.0544572,98.01,Game,1,Predictable,88.81,0,,,9,,,130,Sound,,,
0,FORT,,1,1776624322.0544572,98.02,Game,1,Predictable,88.82,0,,,9,,,130,Sound,,,
0,FORT,,1,1776624322.0544572,98.03,Game,1,Predictable,88.83,0,,,9,,,130,Sound,,,
0,FORT,,1,1776624322.0544572,98.04,Game,1,Predictable,88.84,0,,,9,,,130,Sound,,,
0,FORT,,1,1776624322.0544572,98.07,Game,1,Predictable,88.85,0,,,9,,,130,Sound,,,
0,FORT,,1,1776624322.0544572,98.08,Game,1,Predictable,88.88,0,,,9,,,130,Sound,,,
0,FORT,,1,1776624322.0544572,98.1,Game,1,Predictable,88.9,0,,,9,,,130,Sound,,,
0,FORT,,1,1776624322.0544572,98.11,Game,1,Predictable,88.91,0,,,9,,,130,Sound,,,
0,FORT,,1,1776624322.0544572,98.12,Game,1,Predictable,88.92,0,,,9,,,130,Sound,,,
0,FORT,,1,1776624322.0544572,98.13,Game,1,Predictable,88.93,0,,,9,,,130,Sound,,,
0,FORT,,1,1776624322.0544572,98.14,Game,1,Predictable,88.94,0,,,9,,,130,Sound,,,
0,FORT,,1,1776624322.0544572,98.15,Game,1,Predictable,88.95,0,,,9,,,130,Sound,,,
0,FORT,,1,1776624322.0544572,98.16,Game,1,Predictable,88.96,0,,,9,,,130,Sound,,,
0,FORT,,1,1776624322.0544572,98.17,Game,1,Predictable,88.97,0,,,9,,,130,Sound,,,
0,FORT,,1,1776624322.0544572,98.18,Game,1,Predictable,88.99,0,,,9,,,130,Sound,,,
0,FORT,,1,1776624322.0544572,98.2,Game,1,Predictable,89.0,0,,,9,,,130,Sound,,,
0,FORT,,1,1776624322.0544572,98.21,Game,1,Predictable,89.01,0,,,9,,,130,Sound,,,
0,FORT,,1,1776624322.0544572,98.22,Game,1,Predictable,89.02,0,,,9,,,130,Sound,,,
0,FORT,,1,1776624322.0544572,98.23,Game,1,Predictable,89.03,0,,,9,,,130,Sound,,,
0,FORT,,1,1776624322.0544572,98.24,Game,1,Predictable,89.04,0,,,9,,,130,Sound,,,
0,FORT,,1,1776624322.0544572,98.25,Game,1,Predictable,89.05,0,,,9,,,130,Sound,,,
0,FORT,,1,1776624322.0544572,98.26,Game,1,Predictable,89.06,0,,,9,,,130,Sound,,,
0,FORT,,1,1776624322.0544572,98.27,Game,1,Predictable,89.07,0,,,9,,,130,Sound,,,
0,FORT,,1,1776624322.0544572,98.28,Game,1,Predictable,89.09,0,,,9,,,130,Sound,,,
0,FORT,,1,1776624322.0544572,98.3,Game,1,Predictable,89.1,0,,,9,,,130,Sound,,,
0,FORT,,1,1776624322.0544572,98.31,Game,1,Predictable,89.11,0,,,9,,,130,Sound,,,
0,FORT,,1,1776624322.0544572,98.32,Game,1,Predictable,89.12,0,,,9,,,130,Sound,,,
0,FORT,,1,1776624322.0544572,98.33,Game,1,Predictable,89.13,0,,,9,,,130,Sound,,,
0,FORT,,1,1776624322.0544572,98.34,Game,1,Predictable,89.14,0,,,9,,,130,Sound,,,
0,FORT,,1,1776624322.0544572,98.35,Game,1,Predictable,89.15,0,,,9,,,130,Sound,,,
0,FORT,,1,1776624322.0544572,98.36,Game,1,Predictable,89.16,0,,,9,,,130,Sound,,,
0,FORT,,1,1776624322.0544572,98.37,Game,1,Predictable,89.17,0,,,9,,,130,Sound,,,
0,FORT,,1,1776624322.0544572,98.38,Game,1,Predictable,89.19,0,,,9,,,130,Sound,,,
0,FORT,,1,1776624322.0544572,98.39,Game,1,Predictable,89.2,0,,,9,,,130,Sound,,,
0,FORT,,1,1776624322.0544572,98.41,Game,1,Predictable,89.21,0,,,9,,,130,Sound,,,
0,FORT,,1,1776624322.0544572,98.42,Game,1,Predictable,89.22,0,,,9,,,130,Sound,,,
0,FORT,,1,1776624322.0544572,98.43,Game,1,Predictable,89.23,0,,,9,,,130,Sound,,,
0,FORT,,1,1776624322.0544572,98.44,Game,1,Predictable,89.24,0,,,9,,,130,Sound,,,
0,FORT,,1,1776624322.0544572,98.45,Game,1,Predictable,89.25,0,,,9,,,130,Sound,,,
0,FORT,,1,1776624322.0544572,98.46,Game,1,Predictable,89.26,0,,,9,,,130,Sound,,,
0,FORT,,1,1776624322.0544572,98.47,Game,1,Predictable,89.27,0,,,9,,,130,Sound,,,
0,FORT,,1,1776624322.0544572,98.48,Game,1,Predictable,89.29,0,,,9,,,130,Sound,,,
0,FORT,,1,1776624322.0544572,98.49,Game,1,Predictable,89.3,0,,,9,,,130,Sound,,,
0,FORT,,1,1776624322.0544572,98.51,Game,1,Predictable,89.31,0,,,9,,,130,Sound,,,
0,FORT,,1,1776624322.0544572,98.52,Game,1,Predictable,89.32,0,,,9,,,130,Sound,,,
0,FORT,,1,1776624322.0544572,98.53,Game,1,Predictable,89.33,0,,,9,,,130,Sound,,,
0,FORT,,1,1776624322.0544572,98.54,Game,1,Predictable,89.34,0,,,9,,,130,Sound,,,
0,FORT,,1,1776624322.0544572,98.55,Game,1,Predictable,89.35,0,,,9,,,130,Sound,,,
0,FORT,,1,1776624322.0544572,98.56,Game,1,Predictable,89.36,0,,,9,,,130,Sound,,,
0,FORT,,1,1776624322.0544572,98.57,Game,1,Predictable,89.37,0,,,9,,,130,Sound,,,
0,FORT,,1,1776624322.0544572,98.58,Game,1,Predictable,89.39,0,,,9,,,130,Sound,,,
0,FORT,,1,1776624322.0544572,98.59,Game,1,Predictable,89.4,0,,,9,,,130,Sound,,,
0,FORT,,1,1776624322.0544572,98.61,Game,1,Predictable,89.41,0,,,9,,,130,Sound,,,
0,FORT,,1,1776624322.0544572,98.62,Game,1,Predictable,89.42,0,,,9,,,130,Sound,,,
0,FORT,,1,1776624322.0544572,98.63,Game,1,Predictable,89.43,0,,,9,,,130,Sound,,,
0,FORT,,1,1776624322.0544572,98.64,Game,1,Predictable,89.44,0,,,9,,,130,Sound,,,
0,FORT,,1,1776624322.0544572,98.65,Game,1,Predictable,89.45,0,,,9,,,130,Sound,,,
0,FORT,,1,1776624322.0544572,98.66,Game,1,Predictable,89.46,0,,,9,,,130,Sound,,,
0,FORT,,1,1776624322.0544572,98.67,Game,1,Predictable,89.47,0,,,9,,,130,Sound,,,
0,FORT,,1,1776624322.0544572,98.68,Game,1,Predictable,89.48,0,,,9,,,130,Sound,,,
0,FORT,,1,1776624322.0544572,98.7,Game,1,Predictable,89.5,0,,,9,,,130,Sound,,,
0,FORT,,1,1776624322.0544572,98.71,Game,1,Predictable,89.51,0,,,9,,,130,Sound,,,
0,FORT,,1,1776624322.0544572,98.72,Game,1,Predictable,89.52,0,,,9,,,130,Sound,,,
0,FORT,,1,1776624322.0544572,98.73,Game,1,Predictable,89.53,0,,,9,,,130,Sound,,,
0,FORT,,1,1776624322.0544572,98.74,Game,1,Predictable,89.54,0,,,9,,,130,Sound,,,
0,FORT,,1,1776624322.0544572,98.75,Game,1,Predictable,89.55,0,,,9,,,130,Sound,,,
0,FORT,,1,1776624322.0544572,98.76,Game,1,Predictable,89.56,0,,,9,,,130,Sound,,,
0,FORT,,1,1776624322.0544572,98.77,Game,1,Predictable,89.57,0,,,9,,,130,Sound,,,
0,FORT,,1,1776624322.0544572,98.8,Game,1,Predictable,89.59,0,,,9,,,130,Sound,,,
0,FORT,,1,1776624322.0544572,98.82,Game,1,Predictable,89.61,0,,,9,,,130,Sound,,,
0,FORT,,1,1776624322.0544572,98.83,Game,1,Predictable,89.63,0,,,9,,,130,Sound,,,
0,FORT,,1,1776624322.0544572,98.84,Game,1,Predictable,89.64,0,,,9,,,130,Sound,,,
0,FORT,,1,1776624322.0544572,98.85,Game,1,Predictable,89.65,0,,,9,,,130,Sound,,,
0,FORT,,1,1776624322.0544572,98.86,Game,1,Predictable,89.66,0,,,9,,,130,Sound,,,
0,FORT,,1,1776624322.0544572,98.87,Game,1,Predictable,89.67,0,,,9,,,130,Sound,,,
0,FORT,,1,1776624322.0544572,98.88,Game,1,Predictable,89.69,0,,,9,,,130,Sound,,,
0,FORT,,1,1776624322.0544572,98.9,Game,1,Predictable,89.7,0,,,9,,,130,Sound,,,
0,FORT,,1,1776624322.0544572,98.91,Game,1,Predictable,89.71,0,,,9,,,130,Sound,,,
0,FORT,,1,1776624322.0544572,98.92,Game,1,Predictable,89.72,0,,,9,,,130,Sound,,,
0,FORT,,1,1776624322.0544572,98.93,Game,1,Predictable,89.73,0,,,9,,,130,Sound,,,
0,FORT,,1,1776624322.0544572,98.94,Game,1,Predictable,89.74,0,,,9,,,130,Sound,,,
0,FORT,,1,1776624322.0544572,98.95,Game,1,Predictable,89.75,0,,,9,,,130,Sound,,,
0,FORT,,1,1776624322.0544572,98.96,Game,1,Predictable,89.76,0,,,9,,,130,Sound,,,
0,FORT,,1,1776624322.0544572,98.97,Game,1,Predictable,89.77,0,,,9,,,130,Sound,,,
0,FORT,,1,1776624322.0544572,98.98,Game,1,Predictable,89.79,0,,,9,,,130,Sound,,,
0,FORT,,1,1776624322.0544572,98.99,Game,1,Predictable,89.8,0,,,9,,,130,Sound,,,
0,FORT,,1,1776624322.0544572,99.01,Game,1,Predictable,89.81,0,,,9,,,130,Sound,,,
0,FORT,,1,1776624322.0544572,99.02,Game,1,Predictable,89.82,0,,,9,,,130,Sound,,,
0,FORT,,1,1776624322.0544572,99.03,Game,1,Predictable,89.83,0,,,9,,,130,Sound,,,
0,FORT,,1,1776624322.0544572,99.04,Game,1,Predictable,89.84,0,,,9,,,130,Sound,,,
0,FORT,,1,1776624322.0544572,99.07,Game,1,Predictable,89.85,0,,,9,,,130,Sound,,,
0,FORT,,1,1776624322.0544572,99.08,Game,1,Predictable,89.88,0,,,9,,,130,Sound,,,
0,FORT,,1,1776624322.0544572,99.1,Game,1,Predictable,89.9,0,,,9,,,130,Sound,,,
0,FORT,,1,1776624322.0544572,99.11,Game,1,Predictable,89.91,0,,,9,,,130,Sound,,,
0,FORT,,1,1776624322.0544572,99.12,Game,1,Predictable,89.92,0,,,9,,,130,Sound,,,
0,FORT,,1,1776624322.0544572,99.13,Game,1,Predictable,89.93,0,,,9,,,130,Sound,,,
0,FORT,,1,1776624322.0544572,99.14,Game,1,Predictable,89.94,0,,,9,,,130,Sound,,,
0,FORT,,1,1776624322.0544572,99.15,Game,1,Predictable,89.95,0,,,9,,,130,Sound,,,
0,FORT,,1,1776624322.0544572,99.16,Game,1,Predictable,89.96,0,,,9,,,130,Sound,,,
0,FORT,,1,1776624322.0544572,99.17,Game,1,Predictable,89.97,0,,,9,,,130,Sound,,,
0,FORT,,1,1776624322.0544572,99.2,Game,1,Predictable,89.99,0,,,9,,,130,Sound,,,
0,FORT,,1,1776624322.0544572,99.22,Game,1,Predictable,90.01,0,,,9,,,130,Sound,,,
0,FORT,,1,1776624322.0544572,99.23,Game,1,Predictable,90.03,0,,,9,,,130,Sound,,,
0,FORT,,1,1776624322.0544572,99.24,Game,1,Predictable,90.04,0,,,9,,,130,Sound,,,
0,FORT,,1,1776624322.0544572,99.25,Game,1,Predictable,90.05,0,,,9,,,130,Sound,,,
0,FORT,,1,1776624322.0544572,99.26,Game,1,Predictable,90.06,0,,,9,,,130,Sound,,,
0,FORT,,1,1776624322.0544572,99.27,Game,1,Predictable,90.07,0,,,9,,,130,Sound,,,
0,FORT,,1,1776624322.0544572,99.3,Game,1,Predictable,90.09,0,,,9,,,130,Sound,,,
0,FORT,,1,1776624322.0544572,99.32,Game,1,Predictable,90.11,0,,,9,,,130,Sound,,,
0,FORT,,1,1776624322.0544572,99.33,Game,1,Predictable,90.13,0,,,9,,,130,Sound,,,
0,FORT,,1,1776624322.0544572,99.34,Game,1,Predictable,90.14,0,,,9,,,130,Sound,,,
0,FORT,,1,1776624322.0544572,99.37,Game,1,Predictable,90.15,0,,,9,,,130,Sound,,,
0,FORT,,1,1776624322.0544572,99.38,Game,1,Predictable,90.18,0,,,9,,,130,Sound,,,
0,FORT,,1,1776624322.0544572,99.4,Game,1,Predictable,90.2,0,,,9,,,130,Sound,,,
0,FORT,,1,1776624322.0544572,99.41,Game,1,Predictable,90.21,0,,,9,,,130,Sound,,,
0,FORT,,1,1776624322.0544572,99.42,Game,1,Predictable,90.22,0,,,9,,,130,Sound,,,
0,FORT,,1,1776624322.0544572,99.43,Game,1,Predictable,90.23,0,,,9,,,130,Sound,,,
0,FORT,,1,1776624322.0544572,99.44,Game,1,Predictable,90.24,0,,,9,,,130,Sound,,,
0,FORT,,1,1776624322.0544572,99.47,Game,1,Predictable,90.25,0,,,9,,,130,Sound,,,
0,FORT,,1,1776624322.0544572,99.48,Game,1,Predictable,90.28,0,,,9,,,130,Sound,,,
0,FORT,,1,1776624322.0544572,99.5,Game,1,Predictable,90.3,0,,,9,,,130,Sound,,,
0,FORT,,1,1776624322.0544572,99.51,Game,1,Predictable,90.31,0,,,9,,,130,Sound,,,
0,FORT,,1,1776624322.0544572,99.52,Game,1,Predictable,90.32,0,,,9,,,130,Sound,,,
0,FORT,,1,1776624322.0544572,99.53,Game,1,Predictable,90.33,0,,,9,,,130,Sound,,,
0,FORT,,1,1776624322.0544572,99.54,Game,1,Predictable,90.34,0,,,9,,,130,Sound,,,
0,FORT,,1,1776624322.0544572,99.55,Game,1,Predictable,90.35,0,,,9,,,130,Sound,,,
0,FORT,,1,1776624322.0544572,99.56,Game,1,Predictable,90.36,0,,,9,,,130,Sound,,,
0,FORT,,1,1776624322.0544572,99.57,Game,1,Predictable,90.37,0,,,9,,,130,Sound,,,
0,FORT,,1,1776624322.0544572,99.58,Game,1,Predictable,90.39,0,,,9,,,130,Sound,,,
0,FORT,,1,1776624322.0544572,99.6,Game,1,Predictable,90.4,0,,,9,,,130,Sound,,,
0,FORT,,1,1776624322.0544572,99.61,Game,1,Predictable,90.41,0,,,9,,,130,Sound,,,
0,FORT,,1,1776624322.0544572,99.62,Game,1,Predictable,90.42,0,,,9,,,130,Sound,,,
0,FORT,,1,1776624322.0544572,99.63,Game,1,Predictable,90.43,0,,,9,,,130,Sound,,,
0,FORT,,1,1776624322.0544572,99.64,Game,1,Predictable,90.44,0,,,9,,,130,Sound,,,
0,FORT,,1,1776624322.0544572,99.67,Game,1,Predictable,90.45,0,,,9,,,130,Sound,,,
0,FORT,,1,1776624322.0544572,99.68,Game,1,Predictable,90.48,0,,,9,,,130,Sound,,,
0,FORT,,1,1776624322.0544572,99.7,Game,1,Predictable,90.5,0,,,9,,,130,Sound,,,
0,FORT,,1,1776624322.0544572,99.71,Game,1,Predictable,90.51,0,,,9,,,130,Sound,,,
0,FORT,,1,1776624322.0544572,99.73,Game,1,Predictable,90.52,0,,,9,,,130,Sound,,,
0,FORT,,1,1776624322.0544572,99.75,Game,1,Predictable,90.55,0,,,9,,,130,Sound,,,
0,FORT,,1,1776624322.0544572,99.76,Game,1,Predictable,90.56,0,,,9,,,130,Sound,,,
0,FORT,,1,1776624322.0544572,99.77,Game,1,Predictable,90.57,0,,,9,,,130,Sound,,,
0,FORT,,1,1776624322.0544572,99.8,Game,1,Predictable,90.59,0,,,9,,,130,Sound,,,
0,FORT,,1,1776624322.0544572,99.82,Game,1,Predictable,90.61,0,,,9,,,130,Sound,,,
0,FORT,,1,1776624322.0544572,99.83,Game,1,Predictable,90.63,0,,,9,,,130,Sound,,,
0,FORT,,1,1776624322.0544572,99.84,Game,1,Predictable,90.64,0,,,9,,,130,Sound,,,
0,FORT,,1,1776624322.0544572,99.87,Game,1,Predictable,90.65,0,,,9,,,130,Sound,,,
0,FORT,,1,1776624322.0544572,99.88,Game,1,Predictable,90.68,0,,,9,,,130,Sound,,,
0,FORT,,1,1776624322.0544572,99.9,Game,1,Predictable,90.7,0,,,9,,,130,Sound,,,
0,FORT,,1,1776624322.0544572,99.91,Game,1,Predictable,90.71,0,,,9,,,130,Sound,,,
0,FORT,,1,1776624322.0544572,99.93,Game,1,Predictable,90.72,0,,,9,,,130,Sound,,,
0,FORT,,1,1776624322.0544572,99.95,Game,1,Predictable,90.75,0,,,9,,,130,Sound,,,
0,FORT,,1,1776624322.0544572,99.96,Game,1,Predictable,90.76,0,,,9,,,130,Sound,,,
0,FORT,,1,1776624322.0544572,99.97,Game,1,Predictable,90.77,0,,,9,,,130,Sound,,,
0,FORT,,1,1776624322.0544572,99.98,Game,1,Predictable,90.79,0,,,9,,,130,Sound,,,
0,FORT,,1,1776624322.0544572,100.0,Game,1,Predictable,90.8,0,,,9,,,130,Sound,,,
0,FORT,,1,1776624322.0544572,100.01,Game,1,Predictable,90.81,0,,,9,,,130,Sound,,,
0,FORT,,1,1776624322.0544572,100.03,Game,1,Predictable,90.82,0,,,9,,,130,Sound,,,
0,FORT,,1,1776624322.0544572,100.05,Game,1,Predictable,90.85,0,,,9,,,130,Sound,,,
0,FORT,,1,1776624322.0544572,100.06,Game,1,Predictable,90.86,0,,,9,,,130,Sound,,,
0,FORT,,1,1776624322.0544572,100.07,Game,1,Predictable,90.87,0,,,9,,,130,Sound,,,
0,FORT,,1,1776624322.0544572,100.08,Game,1,Predictable,90.89,0,,,9,,,130,Sound,,,
0,FORT,,1,1776624322.0544572,100.1,Game,1,Predictable,90.9,0,,,9,,,130,Sound,,,
0,FORT,,1,1776624322.0544572,100.11,Game,1,Predictable,90.91,0,,,9,,,130,Sound,,,
0,FORT,,1,1776624322.0544572,100.12,Game,1,Predictable,90.92,0,,,9,,,130,Sound,,,
0,FORT,,1,1776624322.0544572,100.13,Game,1,Predictable,90.93,0,,,9,,,130,Sound,,,
0,FORT,,1,1776624322.0544572,100.15,Game,1,Predictable,90.95,0,,,9,,,130,Sound,,,
0,FORT,,1,1776624322.0544572,100.16,Game,1,Predictable,90.96,0,,,9,,,130,Sound,,,
0,FORT,,1,1776624322.0544572,100.18,Game,1,Predictable,90.97,0,,,9,,,130,Sound,,,
0,FORT,,1,1776624322.0544572,100.2,Game,1,Predictable,91.0,0,,,9,,,130,Sound,,,
0,FORT,,1,1776624322.0544572,100.21,Game,1,Predictable,91.01,0,,,9,,,130,Sound,,,
0,FORT,,1,1776624322.0544572,100.22,Game,1,Predictable,91.02,0,,,9,,,130,Sound,,,
0,FORT,,1,1776624322.0544572,100.23,Game,1,Predictable,91.04,0,,,9,,,130,Sound,,,
0,FORT,,1,1776624322.0544572,100.25,Game,1,Predictable,91.05,0,,,9,,,130,Sound,,,
0,FORT,,1,1776624322.0544572,100.26,Game,1,Predictable,91.06,0,,,9,,,130,Sound,,,
0,FORT,,1,1776624322.0544572,100.28,Game,1,Predictable,91.07,0,,,9,,,130,Sound,,,
0,FORT,,1,1776624322.0544572,100.3,Game,1,Predictable,91.1,0,,,9,,,130,Sound,,,
0,FORT,,1,1776624322.0544572,100.31,Game,1,Predictable,91.11,0,,,9,,,130,Sound,,,
0,FORT,,1,1776624322.0544572,100.32,Game,1,Predictable,91.12,0,,,9,,,130,Sound,,,
0,FORT,,1,1776624322.0544572,100.33,Game,1,Predictable,91.14,0,,,9,,,130,Sound,,,
0,FORT,,1,1776624322.0544572,100.35,Game,1,Predictable,91.15,0,,,9,,,130,Sound,,,
0,FORT,,1,1776624322.0544572,100.36,Game,1,Predictable,91.16,0,,,9,,,130,Sound,,,
0,FORT,,1,1776624322.0544572,100.38,Game,1,Predictable,91.17,0,,,9,,,130,Sound,,,
0,FORT,,1,1776624322.0544572,100.4,Game,1,Predictable,91.2,0,,,9,,,130,Sound,,,
0,FORT,,1,1776624322.0544572,100.41,Game,1,Predictable,91.21,0,,,9,,,130,Sound,,,
0,FORT,,1,1776624322.0544572,100.42,Game,1,Predictable,91.22,0,,,9,,,130,Sound,,,
0,FORT,,1,1776624322.0544572,100.45,Game,1,Predictable,91.24,0,,,9,,,130,Sound,,,
0,FORT,,1,1776624322.0544572,100.47,Game,1,Predictable,91.26,0,,,9,,,130,Sound,,,
0,FORT,,1,1776624322.0544572,100.48,Game,1,Predictable,91.28,0,,,9,,,130,Sound,,,
0,FORT,,1,1776624322.0544572,100.49,Game,1,Predictable,91.29,0,,,9,,,130,Sound,,,
0,FORT,,1,1776624322.0544572,100.5,Game,1,Predictable,91.3,0,,,9,,,130,Sound,,,
0,FORT,,1,1776624322.0544572,100.51,Game,1,Predictable,91.31,0,,,9,,,130,Sound,,,
0,FORT,,1,1776624322.0544572,100.52,Game,1,Predictable,91.32,0,,,9,,,130,Sound,,,
0,FORT,,1,1776624322.0544572,100.53,Game,1,Predictable,91.34,0,,,9,,,130,Sound,,,
0,FORT,,1,1776624322.0544572,100.55,Game,1,Predictable,91.35,0,,,9,,,130,Sound,,,
0,FORT,,1,1776624322.0544572,100.56,Game,1,Predictable,91.36,0,,,9,,,130,Sound,,,
0,FORT,,1,1776624322.0544572,100.58,Game,1,Predictable,91.37,0,,,9,,,130,Sound,,,
0,FORT,,1,1776624322.0544572,100.6,Game,1,Predictable,91.4,0,,,9,,,130,Sound,,,
0,FORT,,1,1776624322.0544572,100.61,Game,1,Predictable,91.41,0,,,9,,,130,Sound,,,
0,FORT,,1,1776624322.0544572,100.62,Game,1,Predictable,91.43,0,,,9,,,130,Sound,,,
0,FORT,,1,1776624322.0544572,100.64,Game,1,Predictable,91.44,0,,,9,,,130,Sound,,,
0,FORT,,1,1776624322.0544572,100.65,Game,1,Predictable,91.45,0,,,9,,,130,Sound,,,
0,FORT,,1,1776624322.0544572,100.66,Game,1,Predictable,91.46,0,,,9,,,130,Sound,,,
0,FORT,,1,1776624322.0544572,100.67,Game,1,Predictable,91.47,0,,,9,,,130,Sound,,,
0,FORT,,1,1776624322.0544572,100.69,Game,1,Predictable,91.49,0,,,9,,,130,Sound,,,
0,FORT,,1,1776624322.0544572,100.7,Game,1,Predictable,91.5,0,,,9,,,130,Sound,,,
0,FORT,,1,1776624322.0544572,100.71,Game,1,Predictable,91.51,0,,,9,,,130,Sound,,,
0,FORT,,1,1776624322.0544572,100.72,Game,1,Predictable,91.52,0,,,9,,,130,Sound,,,
0,FORT,,1,1776624322.0544572,100.75,Game,1,Predictable,91.54,0,,,9,,,130,Sound,,,
0,FORT,,1,1776624322.0544572,100.77,Game,1,Predictable,91.56,0,,,9,,,130,Sound,,,
0,FORT,,1,1776624322.0544572,100.78,Game,1,Predictable,91.58,0,,,9,,,130,Sound,,,
0,FORT,,1,1776624322.0544572,100.79,Game,1,Predictable,91.59,0,,,9,,,130,Sound,,,
0,FORT,,1,1776624322.0544572,100.8,Game,1,Predictable,91.6,0,,,9,,,130,Sound,,,
0,FORT,,1,1776624322.0544572,100.82,Game,1,Predictable,91.62,0,,,9,,,130,Sound,,,
0,FORT,,1,1776624322.0544572,100.83,Game,1,Predictable,91.63,0,,,9,,,130,Sound,,,
0,FORT,,1,1776624322.0544572,100.84,Game,1,Predictable,91.64,0,,,9,,,130,Sound,,,
0,FORT,,1,1776624322.0544572,100.85,Game,1,Predictable,91.65,0,,,9,,,130,Sound,,,
0,FORT,,1,1776624322.0544572,100.87,Game,1,Predictable,91.67,0,,,9,,,130,Sound,,,
0,FORT,,1,1776624322.0544572,100.88,Game,1,Predictable,91.68,0,,,9,,,130,Sound,,,
0,FORT,,1,1776624322.0544572,100.89,Game,1,Predictable,91.69,0,,,9,,,130,Sound,,,
0,FORT,,1,1776624322.0544572,100.92,Game,1,Predictable,91.7,0,,,9,,,130,Sound,,,
0,FORT,,1,1776624322.0544572,100.93,Game,1,Predictable,91.73,0,,,9,,,130,Sound,,,
0,FORT,,1,1776624322.0544572,100.95,Game,1,Predictable,91.75,0,,,9,,,130,Sound,,,
0,FORT,,1,1776624322.0544572,100.96,Game,1,Predictable,91.76,0,,,9,,,130,Sound,,,
0,FORT,,1,1776624322.0544572,100.97,Game,1,Predictable,91.77,0,,,9,,,130,Sound,,,
0,FORT,,1,1776624322.0544572,100.98,Game,1,Predictable,91.78,0,,,9,,,130,Sound,,,
0,FORT,,1,1776624322.0544572,100.99,Game,1,Predictable,91.79,0,,,9,,,130,Sound,,,
0,FORT,,1,1776624322.0544572,101.02,Game,1,Predictable,91.8,0,,,9,,,130,Sound,,,
0,FORT,,1,1776624322.0544572,101.03,Game,1,Predictable,91.83,0,,,9,,,130,Sound,,,
0,FORT,,1,1776624322.0544572,101.05,Game,1,Predictable,91.85,0,,,9,,,130,Sound,,,
0,FORT,,1,1776624322.0544572,101.06,Game,1,Predictable,91.86,0,,,9,,,130,Sound,,,
0,FORT,,1,1776624322.0544572,101.07,Game,1,Predictable,91.87,0,,,9,,,130,Sound,,,
0,FORT,,1,1776624322.0544572,101.08,Game,1,Predictable,91.88,0,,,9,,,130,Sound,,,
0,FORT,,1,1776624322.0544572,101.1,Game,1,Predictable,91.9,0,,,9,,,130,Sound,,,
0,FORT,,1,1776624322.0544572,101.11,Game,1,Predictable,91.91,0,,,9,,,130,Sound,,,
0,FORT,,1,1776624322.0544572,101.12,Game,1,Predictable,91.92,0,,,9,,,130,Sound,,,
0,FORT,,1,1776624322.0544572,101.13,Game,1,Predictable,91.93,0,,,9,,,130,Sound,,,
0,FORT,,1,1776624322.0544572,101.15,Game,1,Predictable,91.95,0,,,9,,,130,Sound,,,
0,FORT,,1,1776624322.0544572,101.16,Game,1,Predictable,91.96,0,,,9,,,130,Sound,,,
0,FORT,,1,1776624322.0544572,101.18,Game,1,Predictable,91.97,0,,,9,,,130,Sound,,,
0,FORT,,1,1776624322.0544572,101.2,Game,1,Predictable,92.0,0,,,9,,,130,Sound,,,
0,FORT,,1,1776624322.0544572,101.31,Game,1,Predictable,92.11,1,,,9,92.11,,120,Sound,,,
0,FORT,,1,1776624322.0544572,101.34,Game,1,Predictable,92.11,1,,,9,92.11,,120,Sound,,,
0,FORT,,1,1776624322.0544572,101.36,Game,1,Predictable,92.16,1,,,9,92.11,,120,Sound,,,
0,FORT,,1,1776624322.0544572,101.37,Game,1,Predictable,92.17,1,,,9,92.11,,120,Sound,,,
0,FORT,,1,1776624322.0544572,101.38,Game,1,Predictable,92.18,1,,,9,92.11,,120,Sound,,,
0,FORT,,1,1776624322.0544572,101.4,Game,1,Predictable,92.2,1,,,9,92.11,,120,Sound,,,
0,FORT,,1,1776624322.0544572,101.41,Game,1,Predictable,92.21,1,,,9,92.11,,120,Sound,,,
0,FORT,,1,1776624322.0544572,101.42,Game,1,Predictable,92.22,1,,,9,92.11,,120,Sound,,,
0,FORT,,1,1776624322.0544572,101.43,Game,1,Predictable,92.23,1,,,9,92.11,,120,Sound,,,
0,FORT,,1,1776624322.0544572,101.45,Game,1,Predictable,92.25,1,,,9,92.11,,120,Sound,,,
0,FORT,,1,1776624322.0544572,101.46,Game,1,Predictable,92.26,1,,,9,92.11,,120,Sound,,,
0,FORT,,1,1776624322.0544572,101.48,Game,1,Predictable,92.27,1,,,9,92.11,,120,Sound,,,
0,FORT,,1,1776624322.0544572,101.5,Game,1,Predictable,92.3,1,,,9,92.11,,120,Sound,,,
0,FORT,,1,1776624322.0544572,101.51,Game,1,Predictable,92.31,1,,,9,92.11,,120,Sound,,,
0,FORT,,1,1776624322.0544572,101.53,Game,1,Predictable,92.33,1,,,9,92.11,,120,Sound,,,
0,FORT,,1,1776624322.0544572,101.54,Game,1,Predictable,92.34,1,,,9,92.11,,120,Sound,,,
0,FORT,,1,1776624322.0544572,101.55,Game,1,Predictable,92.35,1,,,9,92.11,,120,Sound,,,
0,FORT,,1,1776624322.0544572,101.57,Game,1,Predictable,92.37,1,,,9,92.11,,120,Sound,,,
0,FORT,,1,1776624322.0544572,101.58,Game,1,Predictable,92.38,1,,,9,92.11,,120,Sound,,,
0,FORT,,1,1776624322.0544572,101.59,Game,1,Predictable,92.39,1,,,9,92.11,,120,Sound,,,
0,FORT,,1,1776624322.0544572,101.6,Game,1,Predictable,92.4,1,,,9,92.11,,120,Sound,,,
0,FORT,,1,1776624322.0544572,101.62,Game,1,Predictable,92.42,1,,,9,92.11,,120,Sound,,,
0,FORT,,1,1776624322.0544572,101.63,Game,1,Predictable,92.43,1,,,9,92.11,,120,Sound,,,
0,FORT,,1,1776624322.0544572,101.64,Game,1,Predictable,92.44,1,,,9,92.11,,120,Sound,,,
0,FORT,,1,1776624322.0544572,101.65,Game,1,Predictable,92.45,1,,,9,92.11,,120,Sound,,,
0,FORT,,1,1776624322.0544572,101.66,Game,1,Predictable,92.46,1,,,9,92.11,,120,Sound,,,
0,FORT,,1,1776624322.0544572,101.67,Game,1,Predictable,92.47,1,,,9,92.11,,120,Sound,,,
0,FORT,,1,1776624322.0544572,101.69,Game,1,Predictable,92.49,1,,,9,92.11,,120,Sound,,,
0,FORT,,1,1776624322.0544572,101.7,Game,1,Predictable,92.5,1,,,9,92.11,,120,Sound,,,
0,FORT,,1,1776624322.0544572,101.71,Game,1,Predictable,92.51,1,,,9,92.11,,120,Sound,,,
0,FORT,,1,1776624322.0544572,101.72,Game,1,Predictable,92.52,1,,,9,92.11,,120,Sound,,,
0,FORT,,1,1776624322.0544572,101.75,Game,1,Predictable,92.54,1,,,9,92.11,,120,Sound,,,
0,FORT,,1,1776624322.0544572,101.77,Game,1,Predictable,92.56,1,,,9,92.11,,120,Sound,,,
0,FORT,,1,1776624322.0544572,101.78,Game,1,Predictable,92.58,1,,,9,92.11,,120,Sound,,,
0,FORT,,1,1776624322.0544572,101.79,Game,1,Predictable,92.59,1,,,9,92.11,,120,Sound,,,
0,FORT,,1,1776624322.0544572,101.82,Game,1,Predictable,92.6,1,,,9,92.11,,120,Sound,,,
0,FORT,,1,1776624322.0544572,101.83,Game,1,Predictable,92.63,1,,,9,92.11,,120,Sound,,,
0,FORT,,1,1776624322.0544572,101.85,Game,1,Predictable,92.65,1,,,9,92.11,,120,Sound,,,
0,FORT,,1,1776624322.0544572,101.86,Game,1,Predictable,92.66,1,,,9,92.11,,120,Sound,,,
0,FORT,,1,1776624322.0544572,101.87,Game,1,Predictable,92.67,1,,,9,92.11,,120,Sound,,,
0,FORT,,1,1776624322.0544572,101.88,Game,1,Predictable,92.68,1,,,9,92.11,,120,Sound,,,
0,FORT,,1,1776624322.0544572,101.9,Game,1,Predictable,92.7,1,,,9,92.11,,120,Sound,,,
0,FORT,,1,1776624322.0544572,101.91,Game,1,Predictable,92.71,1,,,9,92.11,,120,Sound,,,
0,FORT,,1,1776624322.0544572,101.92,Game,1,Predictable,92.72,1,,,9,92.11,,120,Sound,,,
0,FORT,,1,1776624322.0544572,101.93,Game,1,Predictable,92.73,1,,,9,92.11,,120,Sound,,,
0,FORT,,1,1776624322.0544572,101.95,Game,1,Predictable,92.75,1,,,9,92.11,,120,Sound,,,
0,FORT,,1,1776624322.0544572,101.96,Game,1,Predictable,92.76,1,,,9,92.11,,120,Sound,,,
0,FORT,,1,1776624322.0544572,101.97,Game,1,Predictable,92.77,1,,,9,92.11,,120,Sound,,,
0,FORT,,1,1776624322.0544572,101.98,Game,1,Predictable,92.78,1,,,9,92.11,,120,Sound,,,
0,FORT,,1,1776624322.0544572,102.0,Game,1,Predictable,92.8,1,,,9,92.11,,120,Sound,,,
0,FORT,,1,1776624322.0544572,102.01,Game,1,Predictable,92.81,1,,,9,92.11,,120,Sound,,,
0,FORT,,1,1776624322.0544572,102.02,Game,1,Predictable,92.82,1,,,9,92.11,,120,Sound,,,
0,FORT,,1,1776624322.0544572,102.05,Game,1,Predictable,92.83,1,,,8,92.11,,120,Sound,,,
0,FORT,,1,1776624322.0544572,102.07,Game,1,Predictable,92.86,1,,,8,92.11,,120,Sound,,,
0,FORT,,1,1776624322.0544572,102.08,Game,1,Predictable,92.88,1,,,8,92.11,,120,Sound,,,
0,FORT,,1,1776624322.0544572,102.09,Game,1,Predictable,92.89,1,,,8,92.11,,120,Sound,,,
0,FORT,,1,1776624322.0544572,102.1,Game,1,Predictable,92.9,1,,,8,92.11,,120,Sound,,,
0,FORT,,1,1776624322.0544572,102.11,Game,1,Predictable,92.91,1,,,8,92.11,,120,Sound,,,
0,FORT,,1,1776624322.0544572,102.12,Game,1,Predictable,92.92,1,,,8,92.11,,120,Sound,,,
0,FORT,,1,1776624322.0544572,102.14,Game,1,Predictable,92.94,1,,,8,92.11,,120,Sound,,,
0,FORT,,1,1776624322.0544572,102.15,Game,1,Predictable,92.95,1,,,8,92.11,,120,Sound,,,
0,FORT,,1,1776624322.0544572,102.16,Game,1,Predictable,92.96,1,,,8,92.11,,120,Sound,,,
0,FORT,,1,1776624322.0544572,102.17,Game,1,Predictable,92.97,1,,,8,92.11,,120,Sound,,,
0,FORT,,1,1776624322.0544572,102.19,Game,1,Predictable,92.99,1,,,8,92.11,,120,Sound,,,
0,FORT,,1,1776624322.0544572,102.2,Game,1,Predictable,93.0,1,,,8,92.11,,120,Sound,,,
0,FORT,,1,1776624322.0544572,102.21,Game,1,Predictable,93.01,1,,,8,92.11,,120,Sound,,,
0,FORT,,1,1776624322.0544572,102.22,Game,1,Predictable,93.02,1,,,8,92.11,,120,Sound,,,
0,FORT,,1,1776624322.0544572,102.24,Game,1,Predictable,93.04,1,,,8,92.11,,120,Sound,,,
0,FORT,,1,1776624322.0544572,102.25,Game,1,Predictable,93.05,1,,,8,92.11,,120,Sound,,,
0,FORT,,1,1776624322.0544572,102.26,Game,1,Predictable,93.06,1,,,8,92.11,,120,Sound,,,
0,FORT,,1,1776624322.0544572,102.27,Game,1,Predictable,93.07,1,,,8,92.11,,120,Sound,,,
0,FORT,,1,1776624322.0544572,102.29,Game,1,Predictable,93.09,1,,,8,92.11,,120,Sound,,,
0,FORT,,1,1776624322.0544572,102.3,Game,1,Predictable,93.1,1,,,8,92.11,,120,Sound,,,
0,FORT,,1,1776624322.0544572,102.31,Game,1,Predictable,93.11,1,,,8,92.11,,120,Sound,,,
0,FORT,,1,1776624322.0544572,102.32,Game,1,Predictable,93.12,1,,,8,92.11,,120,Sound,,,
0,FORT,,1,1776624322.0544572,102.35,Game,1,Predictable,93.14,1,,,8,92.11,,120,Sound,,,
0,FORT,,1,1776624322.0544572,102.37,Game,1,Predictable,93.16,1,,,8,92.11,,120,Sound,,,
0,FORT,,1,1776624322.0544572,102.38,Game,1,Predictable,93.18,1,,,8,92.11,,120,Sound,,,
0,FORT,,1,1776624322.0544572,102.39,Game,1,Predictable,93.19,1,,,8,92.11,,120,Sound,,,
0,FORT,,1,1776624322.0544572,102.42,Game,1,Predictable,93.2,1,,,8,92.11,,120,Sound,,,
0,FORT,,1,1776624322.0544572,102.43,Game,1,Predictable,93.23,1,,,8,92.11,,120,Sound,,,
0,FORT,,1,1776624322.0544572,102.45,Game,1,Predictable,93.25,1,,,8,92.11,,120,Sound,,,
0,FORT,,1,1776624322.0544572,102.46,Game,1,Predictable,93.26,1,,,8,92.11,,120,Sound,,,
0,FORT,,1,1776624322.0544572,102.47,Game,1,Predictable,93.27,1,,,8,92.11,,120,Sound,,,
0,FORT,,1,1776624322.0544572,102.48,Game,1,Predictable,93.28,1,,,8,92.11,,120,Sound,,,
0,FORT,,1,1776624322.0544572,102.5,Game,1,Predictable,93.3,1,,,8,92.11,,120,Sound,,,
0,FORT,,1,1776624322.0544572,102.51,Game,1,Predictable,93.31,1,,,8,92.11,,120,Sound,,,
0,FORT,,1,1776624322.0544572,102.52,Game,1,Predictable,93.32,1,,,8,92.11,,120,Sound,,,
0,FORT,,1,1776624322.0544572,102.53,Game,1,Predictable,93.33,1,,,8,92.11,,120,Sound,,,
0,FORT,,1,1776624322.0544572,102.55,Game,1,Predictable,93.35,1,,,8,92.11,,120,Sound,,,
0,FORT,,1,1776624322.0544572,102.56,Game,1,Predictable,93.36,1,,,7,92.11,,120,Sound,,,
0,FORT,,1,1776624322.0544572,102.57,Game,1,Predictable,93.37,1,,,7,92.11,,120,Sound,,,
0,FORT,,1,1776624322.0544572,102.58,Game,1,Predictable,93.38,1,,,7,92.11,,120,Sound,,,
0,FORT,,1,1776624322.0544572,102.6,Game,1,Predictable,93.4,1,,,7,92.11,,120,Sound,,,
0,FORT,,1,1776624322.0544572,102.61,Game,1,Predictable,93.41,1,,,7,92.11,,120,Sound,,,
0,FORT,,1,1776624322.0544572,102.62,Game,1,Predictable,93.42,1,,,7,92.11,,120,Sound,,,
0,FORT,,1,1776624322.0544572,102.63,Game,1,Predictable,93.43,1,,,7,92.11,,120,Sound,,,
0,FORT,,1,1776624322.0544572,102.65,Game,1,Predictable,93.45,1,,,7,92.11,,120,Sound,,,
0,FORT,,1,1776624322.0544572,102.66,Game,1,Predictable,93.46,1,,,7,92.11,,120,Sound,,,
0,FORT,,1,1776624322.0544572,102.67,Game,1,Predictable,93.47,1,,,7,92.11,,120,Sound,,,
0,FORT,,1,1776624322.0544572,102.68,Game,1,Predictable,93.48,1,,,7,92.11,,120,Sound,,,
0,FORT,,1,1776624322.0544572,102.7,Game,1,Predictable,93.5,1,,,7,92.11,,120,Sound,,,
0,FORT,,1,1776624322.0544572,102.71,Game,1,Predictable,93.51,1,,,7,92.11,,120,Sound,,,
0,FORT,,1,1776624322.0544572,102.72,Game,1,Predictable,93.52,1,,,7,92.11,,120,Sound,,,
0,FORT,,1,1776624322.0544572,102.73,Game,1,Predictable,93.53,1,,,7,92.11,,120,Sound,,,
0,FORT,,1,1776624322.0544572,102.75,Game,1,Predictable,93.55,1,,,7,92.11,,120,Sound,,,
0,FORT,,1,1776624322.0544572,102.76,Game,1,Predictable,93.56,1,,,7,92.11,,120,Sound,,,
0,FORT,,1,1776624322.0544572,102.77,Game,1,Predictable,93.57,1,,,7,92.11,,120,Sound,,,
0,FORT,,1,1776624322.0544572,102.78,Game,1,Predictable,93.58,1,,,7,92.11,,120,Sound,,,
0,FORT,,1,1776624322.0544572,102.8,Game,1,Predictable,93.6,1,,,7,92.11,,120,Sound,,,
0,FORT,,1,1776624322.0544572,102.81,Game,1,Predictable,93.61,1,,,7,92.11,,120,Sound,,,
0,FORT,,1,1776624322.0544572,102.82,Game,1,Predictable,93.62,1,,,7,92.11,,120,Sound,,,
0,FORT,,1,1776624322.0544572,102.83,Game,1,Predictable,93.63,1,,,7,92.11,,120,Sound,,,
0,FORT,,1,1776624322.0544572,102.85,Game,1,Predictable,93.65,1,,,7,92.11,,120,Sound,,,
0,FORT,,1,1776624322.0544572,102.86,Game,1,Predictable,93.66,1,,,7,92.11,,120,Sound,,,
0,FORT,,1,1776624322.0544572,102.87,Game,1,Predictable,93.67,1,,,7,92.11,,120,Sound,,,
0,FORT,,1,1776624322.0544572,102.88,Game,1,Predictable,93.68,1,,,7,92.11,,120,Sound,,,
0,FORT,,1,1776624322.0544572,102.9,Game,1,Predictable,93.7,1,,,7,92.11,,120,Sound,,,
0,FORT,,1,1776624322.0544572,102.91,Game,1,Predictable,93.71,1,,,7,92.11,,120,Sound,,,
0,FORT,,1,1776624322.0544572,102.92,Game,1,Predictable,93.72,1,,,7,92.11,,120,Sound,,,
0,FORT,,1,1776624322.0544572,102.93,Game,1,Predictable,93.73,1,,,7,92.11,,120,Sound,,,
0,FORT,,1,1776624322.0544572,102.95,Game,1,Predictable,93.75,1,,,7,92.11,,120,Sound,,,
0,FORT,,1,1776624322.0544572,102.96,Game,1,Predictable,93.76,1,,,7,92.11,,120,Sound,,,
0,FORT,,1,1776624322.0544572,102.97,Game,1,Predictable,93.77,1,,,7,92.11,,120,Sound,,,
0,FORT,,1,1776624322.0544572,102.98,Game,1,Predictable,93.78,1,,,7,92.11,,120,Sound,,,
0,FORT,,1,1776624322.0544572,103.0,Game,1,Predictable,93.8,1,,,7,92.11,,120,Sound,,,
0,FORT,,1,1776624322.0544572,103.01,Game,1,Predictable,93.81,1,,,7,92.11,,120,Sound,,,
0,FORT,,1,1776624322.0544572,103.02,Game,1,Predictable,93.82,1,,,7,92.11,,120,Sound,,,
0,FORT,,1,1776624322.0544572,103.03,Game,1,Predictable,93.83,1,,,7,92.11,,120,Sound,,,
0,FORT,,1,1776624322.0544572,103.05,Game,1,Predictable,93.85,1,,,7,92.11,,120,Sound,,,
0,FORT,,1,1776624322.0544572,103.06,Game,1,Predictable,93.86,1,,,7,92.11,,120,Sound,,,
0,FORT,,1,1776624322.0544572,103.07,Game,1,Predictable,93.87,1,,,7,92.11,,120,Sound,,,
0,FORT,,1,1776624322.0544572,103.08,Game,1,Predictable,93.88,1,,,7,92.11,,120,Sound,,,
0,FORT,,1,1776624322.0544572,103.1,Game,1,Predictable,93.9,1,,,7,92.11,,120,Sound,,,
0,FORT,,1,1776624322.0544572,103.11,Game,1,Predictable,93.91,1,,,7,92.11,,120,Sound,,,
0,FORT,,1,1776624322.0544572,103.12,Game,1,Predictable,93.92,1,,,7,92.11,,120,Sound,,,
0,FORT,,1,1776624322.0544572,103.13,Game,1,Predictable,93.93,1,,,7,92.11,,120,Sound,,,
0,FORT,,1,1776624322.0544572,103.15,Game,1,Predictable,93.95,1,,,7,92.11,,120,Sound,,,
0,FORT,,1,1776624322.0544572,103.16,Game,1,Predictable,93.96,1,,,7,92.11,,120,Sound,,,
0,FORT,,1,1776624322.0544572,103.17,Game,1,Predictable,93.97,1,,,7,92.11,,120,Sound,,,
0,FORT,,1,1776624322.0544572,103.18,Game,1,Predictable,93.98,1,,,7,92.11,,120,Sound,,,
0,FORT,,1,1776624322.0544572,103.2,Game,1,Predictable,94.0,1,,,7,92.11,,120,Sound,,,
0,FORT,,1,1776624322.0544572,103.21,Game,1,Predictable,94.01,1,,,7,92.11,,120,Sound,,,
0,FORT,,1,1776624322.0544572,103.22,Game,1,Predictable,94.02,1,,,7,92.11,,120,Sound,,,
0,FORT,,1,1776624322.0544572,103.23,Game,1,Predictable,94.03,1,,,7,92.11,,120,Sound,,,
0,FORT,,1,1776624322.0544572,103.25,Game,1,Predictable,94.05,1,,,7,92.11,,120,Sound,,,
0,FORT,,1,1776624322.0544572,103.26,Game,1,Predictable,94.06,1,,,7,92.11,,120,Sound,,,
0,FORT,,1,1776624322.0544572,103.27,Game,1,Predictable,94.07,1,,,7,92.11,,120,Sound,,,
0,FORT,,1,1776624322.0544572,103.28,Game,1,Predictable,94.08,1,,,7,92.11,,120,Sound,,,
0,FORT,,1,1776624322.0544572,103.3,Game,1,Predictable,94.1,1,,,7,92.11,,120,Sound,,,
0,FORT,,1,1776624322.0544572,103.31,Game,1,Predictable,94.11,1,,,7,92.11,,120,Sound,,,
0,FORT,,1,1776624322.0544572,103.32,Game,1,Predictable,94.12,1,,,7,92.11,,120,Sound,,,
0,FORT,,1,1776624322.0544572,103.33,Game,1,Predictable,94.13,1,,,7,92.11,,120,Sound,,,
0,FORT,,1,1776624322.0544572,103.35,Game,1,Predictable,94.15,1,,,7,92.11,,120,Sound,,,
0,FORT,,1,1776624322.0544572,103.36,Game,1,Predictable,94.16,1,,,7,92.11,,120,Sound,,,
0,FORT,,1,1776624322.0544572,103.37,Game,1,Predictable,94.17,1,,,7,92.11,,120,Sound,,,
0,FORT,,1,1776624322.0544572,103.38,Game,1,Predictable,94.18,1,,,7,92.11,,120,Sound,,,
0,FORT,,1,1776624322.0544572,103.4,Game,1,Predictable,94.2,1,,,7,92.11,,120,Sound,,,
0,FORT,,1,1776624322.0544572,103.41,Game,1,Predictable,94.21,1,,,7,92.11,,120,Sound,,,
0,FORT,,1,1776624322.0544572,103.42,Game,1,Predictable,94.22,1,1,,7,92.11,,121,Sound,,,
0,FORT,,1,1776624322.0544572,103.47,Game,1,Predictable,94.22,1,1,,7,92.11,,121,Sound,,,
0,FORT,,1,1776624322.0544572,103.53,Game,1,Predictable,94.22,1,1,,7,92.11,,121,Sound,,,
0,FORT,,1,1776624322.0544572,103.59,Game,1,Predictable,94.22,1,1,,7,92.11,,121,Sound,,,
0,FORT,,1,1776624322.0544572,103.65,Game,1,Predictable,94.22,1,1,,7,92.11,,121,Sound,,,
0,FORT,,1,1776624322.0544572,103.71,Game,1,Predictable,94.22,1,1,,7,92.11,,121,Sound,,,
0,FORT,,1,1776624322.0544572,103.76,Game,1,Predictable,94.22,1,1,,7,92.11,,121,Sound,,,
0,FORT,,1,1776624322.0544572,103.82,Game,1,Predictable,94.22,1,1,,7,92.11,,121,Sound,,,
0,FORT,,1,1776624322.0544572,103.88,Game,1,Predictable,94.22,1,1,,7,92.11,,121,Sound,,,
0,FORT,,1,1776624322.0544572,103.94,Game,1,Predictable,94.22,1,1,,7,92.11,,121,Sound,,,
0,FORT,,1,1776624322.0544572,104.0,Game,1,Predictable,94.22,1,1,,7,92.11,,121,Sound,,,
0,FORT,,1,1776624322.0544572,104.05,Game,1,Predictable,94.22,1,1,,7,92.11,,121,Sound,,,
0,FORT,,1,1776624322.0544572,104.11,Game,1,Predictable,94.22,1,1,,7,92.11,,121,Sound,,,
0,FORT,,1,1776624322.0544572,104.17,Game,1,Predictable,94.22,1,1,,7,92.11,,121,Sound,,,
0,FORT,,1,1776624322.0544572,104.23,Game,1,Predictable,94.22,1,1,,7,92.11,,121,Sound,,,
0,FORT,,1,1776624322.0544572,104.29,Game,1,Predictable,94.22,1,1,,7,92.11,,121,Sound,,,
0,FORT,,1,1776624322.0544572,104.34,Game,1,Predictable,94.22,1,1,,7,92.11,,121,Sound,,,
0,FORT,,1,1776624322.0544572,104.4,Game,1,Predictable,94.22,1,1,,7,92.11,,121,Sound,,,
0,FORT,,1,1776624322.0544572,104.46,Game,1,Predictable,94.22,1,,,7,92.11,,120,Sound,,,
0,FORT,,1,1776624322.0544572,104.48,Game,1,Predictable,95.28,1,,,7,92.11,,120,Sound,,,
0,FORT,,1,1776624322.0544572,104.49,Game,1,Predictable,95.29,1,,,7,92.11,,120,Sound,,,
0,FORT,,1,1776624322.0544572,104.5,Game,1,Predictable,95.3,1,,,7,92.11,,120,Sound,,,
0,FORT,,1,1776624322.0544572,104.51,Game,1,Predictable,95.31,1,,,7,92.11,,120,Sound,,,
0,FORT,,1,1776624322.0544572,104.52,Game,1,Predictable,95.33,1,,,7,92.11,,120,Sound,,,
0,FORT,,1,1776624322.0544572,104.54,Game,1,Predictable,95.34,1,,,7,92.11,,120,Sound,,,
0,FORT,,1,1776624322.0544572,104.55,Game,1,Predictable,95.35,1,,,7,92.11,,120,Sound,,,
0,FORT,,1,1776624322.0544572,104.56,Game,1,Predictable,95.36,1,,,7,92.11,,120,Sound,,,
0,FORT,,1,1776624322.0544572,104.57,Game,1,Predictable,95.37,1,,,7,92.11,,120,Sound,,,
0,FORT,,1,1776624322.0544572,104.59,Game,1,Predictable,95.39,1,,,7,92.11,,120,Sound,,,
0,FORT,,1,1776624322.0544572,104.6,Game,1,Predictable,95.4,1,,,7,92.11,,120,Sound,,,
0,FORT,,1,1776624322.0544572,104.61,Game,1,Predictable,95.41,1,,,7,92.11,,120,Sound,,,
0,FORT,,1,1776624322.0544572,104.62,Game,1,Predictable,95.42,1,,,7,92.11,,120,Sound,,,
0,FORT,,1,1776624322.0544572,104.64,Game,1,Predictable,95.44,1,,,7,92.11,,120,Sound,,,
0,FORT,,1,1776624322.0544572,104.65,Game,1,Predictable,95.45,1,,,7,92.11,,120,Sound,,,
0,FORT,,1,1776624322.0544572,104.66,Game,1,Predictable,95.46,1,,,7,92.11,,120,Sound,,,
0,FORT,,1,1776624322.0544572,104.67,Game,1,Predictable,95.47,1,,,7,92.11,,120,Sound,,,
0,FORT,,1,1776624322.0544572,104.69,Game,1,Predictable,95.49,1,,,7,92.11,,120,Sound,,,
0,FORT,,1,1776624322.0544572,104.7,Game,1,Predictable,95.5,1,,,7,92.11,,120,Sound,,,
0,FORT,,1,1776624322.0544572,104.71,Game,1,Predictable,95.51,1,,,7,92.11,,120,Sound,,,
0,FORT,,1,1776624322.0544572,104.72,Game,1,Predictable,95.52,1,,,7,92.11,,120,Sound,,,
0,FORT,,1,1776624322.0544572,104.74,Game,1,Predictable,95.54,1,,,7,92.11,,120,Sound,,,
0,FORT,,1,1776624322.0544572,104.75,Game,1,Predictable,95.55,1,,,7,92.11,,120,Sound,,,
0,FORT,,1,1776624322.0544572,104.76,Game,1,Predictable,95.56,1,,,7,92.11,,120,Sound,,,
0,FORT,,1,1776624322.0544572,104.77,Game,1,Predictable,95.58,1,,,7,92.11,,120,Sound,,,
0,FORT,,1,1776624322.0544572,104.79,Game,1,Predictable,95.59,1,,,7,92.11,,120,Sound,,,
0,FORT,,1,1776624322.0544572,104.8,Game,1,Predictable,95.6,1,,,7,92.11,,120,Sound,,,
0,FORT,,1,1776624322.0544572,104.81,Game,1,Predictable,95.61,1,,,7,92.11,,120,Sound,,,
0,FORT,,1,1776624322.0544572,104.82,Game,1,Predictable,95.63,1,,,7,92.11,,120,Sound,,,
0,FORT,,1,1776624322.0544572,104.84,Game,1,Predictable,95.64,1,,,7,92.11,,120,Sound,,,
0,FORT,,1,1776624322.0544572,104.85,Game,1,Predictable,95.65,1,,,7,92.11,,120,Sound,,,
0,FORT,,1,1776624322.0544572,104.86,Game,1,Predictable,95.66,1,,,7,92.11,,120,Sound,,,
0,FORT,,1,1776624322.0544572,104.87,Game,1,Predictable,95.67,1,,,7,92.11,,120,Sound,,,
0,FORT,,1,1776624322.0544572,104.89,Game,1,Predictable,95.69,1,,,7,92.11,,120,Sound,,,
0,FORT,,1,1776624322.0544572,104.9,Game,1,Predictable,95.7,1,,,7,92.11,,120,Sound,,,
0,FORT,,1,1776624322.0544572,104.91,Game,1,Predictable,95.71,1,,,7,92.11,,120,Sound,,,
0,FORT,,1,1776624322.0544572,104.92,Game,1,Predictable,95.72,1,,,7,92.11,,120,Sound,,,
0,FORT,,1,1776624322.0544572,104.95,Game,1,Predictable,95.74,1,,,7,92.11,,120,Sound,,,
0,FORT,,1,1776624322.0544572,104.97,Game,1,Predictable,95.76,1,,,7,92.11,,120,Sound,,,
0,FORT,,1,1776624322.0544572,104.98,Game,1,Predictable,95.78,1,,,7,92.11,,120,Sound,,,
0,FORT,,1,1776624322.0544572,104.99,Game,1,Predictable,95.79,1,,,7,92.11,,120,Sound,,,
0,FORT,,1,1776624322.0544572,105.0,Game,1,Predictable,95.8,1,,,7,92.11,,120,Sound,,,
0,FORT,,1,1776624322.0544572,105.02,Game,1,Predictable,95.82,1,,,7,92.11,,120,Sound,,,
0,FORT,,1,1776624322.0544572,105.03,Game,1,Predictable,95.83,1,,,7,92.11,,120,Sound,,,
0,FORT,,1,1776624322.0544572,105.04,Game,1,Predictable,95.84,1,,,7,92.11,,120,Sound,,,
0,FORT,,1,1776624322.0544572,105.05,Game,1,Predictable,95.85,1,,,7,92.11,,120,Sound,,,
0,FORT,,1,1776624322.0544572,105.07,Game,1,Predictable,95.87,1,,,7,92.11,,120,Sound,,,
0,FORT,,1,1776624322.0544572,105.08,Game,1,Predictable,95.88,1,,,7,92.11,,120,Sound,,,
0,FORT,,1,1776624322.0544572,105.09,Game,1,Predictable,95.89,1,,,7,92.11,,120,Sound,,,
0,FORT,,1,1776624322.0544572,105.1,Game,1,Predictable,95.9,1,,,7,92.11,,120,Sound,,,
0,FORT,,1,1776624322.0544572,105.12,Game,1,Predictable,95.92,1,,,7,92.11,,120,Sound,,,
0,FORT,,1,1776624322.0544572,105.13,Game,1,Predictable,95.93,1,,,7,92.11,,120,Sound,,,
0,FORT,,1,1776624322.0544572,105.14,Game,1,Predictable,95.94,1,,,7,92.11,,120,Sound,,,
0,FORT,,1,1776624322.0544572,105.15,Game,1,Predictable,95.95,1,,,7,92.11,,120,Sound,,,
0,FORT,,1,1776624322.0544572,105.17,Game,1,Predictable,95.97,1,,,7,92.11,,120,Sound,,,
0,FORT,,1,1776624322.0544572,105.18,Game,1,Predictable,95.98,1,,,7,92.11,,120,Sound,,,
0,FORT,,1,1776624322.0544572,105.19,Game,1,Predictable,95.99,1,,,7,92.11,,120,Sound,,,
0,FORT,,1,1776624322.0544572,105.2,Game,1,Predictable,96.0,1,,,7,92.11,,120,Sound,,,
0,FORT,,1,1776624322.0544572,105.22,Game,1,Predictable,96.02,1,,,7,92.11,,120,Sound,,,
0,FORT,,1,1776624322.0544572,105.23,Game,1,Predictable,96.03,1,,,7,92.11,,120,Sound,,,
0,FORT,,1,1776624322.0544572,105.24,Game,1,Predictable,96.04,1,,,7,92.11,,120,Sound,,,
0,FORT,,1,1776624322.0544572,105.25,Game,1,Predictable,96.05,1,,,7,92.11,,120,Sound,,,
0,FORT,,1,1776624322.0544572,105.27,Game,1,Predictable,96.07,1,,,7,92.11,,120,Sound,,,
0,FORT,,1,1776624322.0544572,105.28,Game,1,Predictable,96.08,1,,,7,92.11,,120,Sound,,,
0,FORT,,1,1776624322.0544572,105.29,Game,1,Predictable,96.09,1,,,7,92.11,,120,Sound,,,
0,FORT,,1,1776624322.0544572,105.3,Game,1,Predictable,96.1,1,,,7,92.11,,120,Sound,,,
0,FORT,,1,1776624322.0544572,105.32,Game,1,Predictable,96.12,1,,,7,92.11,,120,Sound,,,
0,FORT,,1,1776624322.0544572,105.33,Game,1,Predictable,96.13,1,,,7,92.11,,120,Sound,,,
0,FORT,,1,1776624322.0544572,105.34,Game,1,Predictable,96.14,1,,,7,92.11,,120,Sound,,,
0,FORT,,1,1776624322.0544572,105.35,Game,1,Predictable,96.15,1,,,7,92.11,,120,Sound,,,
0,FORT,,1,1776624322.0544572,105.37,Game,1,Predictable,96.17,1,,,7,92.11,,120,Sound,,,
0,FORT,,1,1776624322.0544572,105.38,Game,1,Predictable,96.18,1,,,7,92.11,,120,Sound,,,
0,FORT,,1,1776624322.0544572,105.39,Game,1,Predictable,96.19,1,,,7,92.11,,120,Sound,,,
0,FORT,,1,1776624322.0544572,105.4,Game,1,Predictable,96.2,1,,,7,92.11,,120,Sound,,,
0,FORT,,1,1776624322.0544572,105.42,Game,1,Predictable,96.22,1,,,7,92.11,,120,Sound,,,
0,FORT,,1,1776624322.0544572,105.43,Game,1,Predictable,96.23,1,,,7,92.11,,120,Sound,,,
0,FORT,,1,1776624322.0544572,105.44,Game,1,Predictable,96.24,1,,,7,92.11,,120,Sound,,,
0,FORT,,1,1776624322.0544572,105.45,Game,1,Predictable,96.25,1,,,7,92.11,,120,Sound,,,
0,FORT,,1,1776624322.0544572,105.47,Game,1,Predictable,96.27,1,,,7,92.11,,120,Sound,,,
0,FORT,,1,1776624322.0544572,105.48,Game,1,Predictable,96.28,1,,,7,92.11,,120,Sound,,,
0,FORT,,1,1776624322.0544572,105.49,Game,1,Predictable,96.29,1,,,7,92.11,,120,Sound,,,
0,FORT,,1,1776624322.0544572,105.5,Game,1,Predictable,96.3,1,,,7,92.11,,120,Sound,,,
0,FORT,,1,1776624322.0544572,105.52,Game,1,Predictable,96.32,1,,,7,92.11,,120,Sound,,,
0,FORT,,1,1776624322.0544572,105.53,Game,1,Predictable,96.33,1,,,7,92.11,,120,Sound,,,
0,FORT,,1,1776624322.0544572,105.54,Game,1,Predictable,96.34,1,,,7,92.11,,120,Sound,,,
0,FORT,,1,1776624322.0544572,105.55,Game,1,Predictable,96.35,1,,,7,92.11,,120,Sound,,,
0,FORT,,1,1776624322.0544572,105.57,Game,1,Predictable,96.37,1,,,7,92.11,,120,Sound,,,
0,FORT,,1,1776624322.0544572,105.58,Game,1,Predictable,96.38,1,,,7,92.11,,120,Sound,,,
0,FORT,,1,1776624322.0544572,105.59,Game,1,Predictable,96.39,1,,,7,92.11,,120,Sound,,,
0,FORT,,1,1776624322.0544572,105.6,Game,1,Predictable,96.4,1,,,7,92.11,,120,Sound,,,
0,FORT,,1,1776624322.0544572,105.62,Game,1,Predictable,96.42,1,,,7,92.11,,120,Sound,,,
0,FORT,,1,1776624322.0544572,105.63,Game,1,Predictable,96.43,1,,,7,92.11,,120,Sound,,,
0,FORT,,1,1776624322.0544572,105.64,Game,1,Predictable,96.44,1,,,7,92.11,,120,Sound,,,
0,FORT,,1,1776624322.0544572,105.65,Game,1,Predictable,96.45,1,,,7,92.11,,120,Sound,,,
0,FORT,,1,1776624322.0544572,105.67,Game,1,Predictable,96.47,1,,,7,92.11,,120,Sound,,,
0,FORT,,1,1776624322.0544572,105.68,Game,1,Predictable,96.48,1,,,7,92.11,,120,Sound,,,
0,FORT,,1,1776624322.0544572,105.69,Game,1,Predictable,96.49,1,,,7,92.11,,120,Sound,,,
0,FORT,,1,1776624322.0544572,105.7,Game,1,Predictable,96.5,1,,,7,92.11,,120,Sound,,,
0,FORT,,1,1776624322.0544572,105.72,Game,1,Predictable,96.52,1,,,7,92.11,,120,Sound,,,
0,FORT,,1,1776624322.0544572,105.73,Game,1,Predictable,96.53,1,,,7,92.11,,120,Sound,,,
0,FORT,,1,1776624322.0544572,105.74,Game,1,Predictable,96.54,1,,,7,92.11,,120,Sound,,,
0,FORT,,1,1776624322.0544572,105.75,Game,1,Predictable,96.55,1,,,7,92.11,,120,Sound,,,
0,FORT,,1,1776624322.0544572,105.77,Game,1,Predictable,96.57,1,,,7,92.11,,120,Sound,,,
0,FORT,,1,1776624322.0544572,105.78,Game,1,Predictable,96.58,1,,,7,92.11,,120,Sound,,,
0,FORT,,1,1776624322.0544572,105.79,Game,1,Predictable,96.59,1,,,7,92.11,,120,Sound,,,
0,FORT,,1,1776624322.0544572,105.8,Game,1,Predictable,96.6,1,,,7,92.11,,120,Sound,,,
0,FORT,,1,1776624322.0544572,105.82,Game,1,Predictable,96.62,1,,,7,92.11,,120,Sound,,,
0,FORT,,1,1776624322.0544572,105.83,Game,1,Predictable,96.63,1,,,7,92.11,,120,Sound,,,
0,FORT,,1,1776624322.0544572,105.84,Game,1,Predictable,96.64,1,,,7,92.11,,120,Sound,,,
0,FORT,,1,1776624322.0544572,105.85,Game,1,Predictable,96.65,1,,,7,92.11,,120,Sound,,,
0,FORT,,1,1776624322.0544572,105.87,Game,1,Predictable,96.67,1,,,7,92.11,,120,Sound,,,
0,FORT,,1,1776624322.0544572,105.88,Game,1,Predictable,96.68,1,,,7,92.11,,120,Sound,,,
0,FORT,,1,1776624322.0544572,105.89,Game,1,Predictable,96.69,1,,,7,92.11,,120,Sound,,,
0,FORT,,1,1776624322.0544572,105.9,Game,1,Predictable,96.7,1,,,7,92.11,,120,Sound,,,
0,FORT,,1,1776624322.0544572,105.92,Game,1,Predictable,96.72,1,,,7,92.11,,120,Sound,,,
0,FORT,,1,1776624322.0544572,105.93,Game,1,Predictable,96.73,1,,,7,92.11,,120,Sound,,,
0,FORT,,1,1776624322.0544572,105.94,Game,1,Predictable,96.74,1,,,7,92.11,,120,Sound,,,
0,FORT,,1,1776624322.0544572,105.95,Game,1,Predictable,96.75,1,,,7,92.11,,120,Sound,,,
0,FORT,,1,1776624322.0544572,105.97,Game,1,Predictable,96.77,1,,,7,92.11,,120,Sound,,,
0,FORT,,1,1776624322.0544572,105.98,Game,1,Predictable,96.78,1,,,7,92.11,,120,Sound,,,
0,FORT,,1,1776624322.0544572,105.99,Game,1,Predictable,96.79,1,,,7,92.11,,120,Sound,,,
0,FORT,,1,1776624322.0544572,106.0,Game,1,Predictable,96.8,1,,,7,92.11,,120,Sound,,,
0,FORT,,1,1776624322.0544572,106.02,Game,1,Predictable,96.82,1,,,7,92.11,,120,Sound,,,
0,FORT,,1,1776624322.0544572,106.03,Game,1,Predictable,96.83,1,,,7,92.11,,120,Sound,,,
0,FORT,,1,1776624322.0544572,106.04,Game,1,Predictable,96.84,1,,,7,92.11,,120,Sound,,,
0,FORT,,1,1776624322.0544572,106.05,Game,1,Predictable,96.85,1,,,7,92.11,,120,Sound,,,
0,FORT,,1,1776624322.0544572,106.07,Game,1,Predictable,96.87,1,,,7,92.11,,120,Sound,,,
0,FORT,,1,1776624322.0544572,106.08,Game,1,Predictable,96.88,1,,,7,92.11,,120,Sound,,,
0,FORT,,1,1776624322.0544572,106.09,Game,1,Predictable,96.89,1,,,7,92.11,,120,Sound,,,
0,FORT,,1,1776624322.0544572,106.1,Game,1,Predictable,96.9,1,,,7,92.11,,120,Sound,,,
0,FORT,,1,1776624322.0544572,106.12,Game,1,Predictable,96.92,1,,,7,92.11,,120,Sound,,,
0,FORT,,1,1776624322.0544572,106.13,Game,1,Predictable,96.93,1,,,7,92.11,,120,Sound,,,
0,FORT,,1,1776624322.0544572,106.14,Game,1,Predictable,96.94,1,,,7,92.11,,120,Sound,,,
0,FORT,,1,1776624322.0544572,106.15,Game,1,Predictable,96.95,1,,,7,92.11,,120,Sound,,,
0,FORT,,1,1776624322.0544572,106.17,Game,1,Predictable,96.97,1,,,7,92.11,,120,Sound,,,
0,FORT,,1,1776624322.0544572,106.18,Game,1,Predictable,96.98,1,,,7,92.11,,120,Sound,,,
0,FORT,,1,1776624322.0544572,106.19,Game,1,Predictable,96.99,1,,,7,92.11,,120,Sound,,,
0,FORT,,1,1776624322.0544572,106.2,Game,1,Predictable,97.0,1,,,7,92.11,,120,Sound,,,
0,FORT,,1,1776624322.0544572,106.22,Game,1,Predictable,97.02,1,,,7,92.11,,120,Sound,,,
0,FORT,,1,1776624322.0544572,106.23,Game,1,Predictable,97.03,1,,,7,92.11,,120,Sound,,,
0,FORT,,1,1776624322.0544572,106.24,Game,1,Predictable,97.04,1,,,7,92.11,,120,Sound,,,
0,FORT,,1,1776624322.0544572,106.25,Game,1,Predictable,97.05,1,,,7,92.11,,120,Sound,,,
0,FORT,,1,1776624322.0544572,106.27,Game,1,Predictable,97.07,1,,,7,92.11,,120,Sound,,,
0,FORT,,1,1776624322.0544572,106.28,Game,1,Predictable,97.08,1,,,7,92.11,,120,Sound,,,
0,FORT,,1,1776624322.0544572,106.29,Game,1,Predictable,97.09,1,,,7,92.11,,120,Sound,,,
0,FORT,,1,1776624322.0544572,106.3,Game,1,Predictable,97.1,1,,,7,92.11,,120,Sound,,,
0,FORT,,1,1776624322.0544572,106.32,Game,1,Predictable,97.12,1,,,7,92.11,,120,Sound,,,
0,FORT,,1,1776624322.0544572,106.33,Game,1,Predictable,97.13,1,,,7,92.11,,120,Sound,,,
0,FORT,,1,1776624322.0544572,106.34,Game,1,Predictable,97.14,1,,,7,92.11,,120,Sound,,,
0,FORT,,1,1776624322.0544572,106.35,Game,1,Predictable,97.15,1,,,7,92.11,,120,Sound,,,
0,FORT,,1,1776624322.0544572,106.37,Game,1,Predictable,97.17,1,,,7,92.11,,120,Sound,,,
0,FORT,,1,1776624322.0544572,106.38,Game,1,Predictable,97.18,1,,,7,92.11,,120,Sound,,,
0,FORT,,1,1776624322.0544572,106.39,Game,1,Predictable,97.19,1,,,7,92.11,,120,Sound,,,
0,FORT,,1,1776624322.0544572,106.4,Game,1,Predictable,97.2,1,,,7,92.11,,120,Sound,,,
0,FORT,,1,1776624322.0544572,106.42,Game,1,Predictable,97.22,1,,,7,92.11,,120,Sound,,,
0,FORT,,1,1776624322.0544572,106.43,Game,1,Predictable,97.23,1,,,7,92.11,,120,Sound,,,
0,FORT,,1,1776624322.0544572,106.44,Game,1,Predictable,97.24,1,,,7,92.11,,120,Sound,,,
0,FORT,,1,1776624322.0544572,106.45,Game,1,Predictable,97.25,1,,,7,92.11,,120,Sound,,,
0,FORT,,1,1776624322.0544572,106.47,Game,1,Predictable,97.27,1,,,7,92.11,,120,Sound,,,
0,FORT,,1,1776624322.0544572,106.48,Game,1,Predictable,97.28,1,,,7,92.11,,120,Sound,,,
0,FORT,,1,1776624322.0544572,106.49,Game,1,Predictable,97.29,1,,,7,92.11,,120,Sound,,,
0,FORT,,1,1776624322.0544572,106.5,Game,1,Predictable,97.3,1,,,7,92.11,,120,Sound,,,
0,FORT,,1,1776624322.0544572,106.52,Game,1,Predictable,97.32,1,,,7,92.11,,120,Sound,,,
0,FORT,,1,1776624322.0544572,106.53,Game,1,Predictable,97.33,1,,,7,92.11,,120,Sound,,,
0,FORT,,1,1776624322.0544572,106.54,Game,1,Predictable,97.34,1,,,7,92.11,,120,Sound,,,
0,FORT,,1,1776624322.0544572,106.55,Game,1,Predictable,97.35,1,,,7,92.11,,120,Sound,,,
0,FORT,,1,1776624322.0544572,106.57,Game,1,Predictable,97.37,1,,,7,92.11,,120,Sound,,,
0,FORT,,1,1776624322.0544572,106.58,Game,1,Predictable,97.38,1,,,7,92.11,,120,Sound,,,
0,FORT,,1,1776624322.0544572,106.59,Game,1,Predictable,97.39,1,,,7,92.11,,120,Sound,,,
0,FORT,,1,1776624322.0544572,106.6,Game,1,Predictable,97.4,1,,,7,92.11,,120,Sound,,,
0,FORT,,1,1776624322.0544572,106.62,Game,1,Predictable,97.42,1,,,7,92.11,,120,Sound,,,
0,FORT,,1,1776624322.0544572,106.63,Game,1,Predictable,97.43,1,,,7,92.11,,120,Sound,,,
0,FORT,,1,1776624322.0544572,106.64,Game,1,Predictable,97.44,1,,,7,92.11,,120,Sound,,,
0,FORT,,1,1776624322.0544572,106.65,Game,1,Predictable,97.45,1,,,7,92.11,,120,Sound,,,
0,FORT,,1,1776624322.0544572,106.67,Game,1,Predictable,97.47,1,,,7,92.11,,120,Sound,,,
0,FORT,,1,1776624322.0544572,106.68,Game,1,Predictable,97.48,1,,,7,92.11,,120,Sound,,,
0,FORT,,1,1776624322.0544572,106.69,Game,1,Predictable,97.49,1,,,7,92.11,,120,Sound,,,
0,FORT,,1,1776624322.0544572,106.7,Game,1,Predictable,97.5,1,,,7,92.11,,120,Sound,,,
0,FORT,,1,1776624322.0544572,106.72,Game,1,Predictable,97.52,1,,,7,92.11,,120,Sound,,,
0,FORT,,1,1776624322.0544572,106.73,Game,1,Predictable,97.53,1,,,7,92.11,,120,Sound,,,
0,FORT,,1,1776624322.0544572,106.74,Game,1,Predictable,97.54,1,,,7,92.11,,120,Sound,,,
0,FORT,,1,1776624322.0544572,106.75,Game,1,Predictable,97.55,1,,,7,92.11,,120,Sound,,,
0,FORT,,1,1776624322.0544572,106.77,Game,1,Predictable,97.57,1,,,7,92.11,,120,Sound,,,
0,FORT,,1,1776624322.0544572,106.78,Game,1,Predictable,97.58,1,,,7,92.11,,120,Sound,,,
0,FORT,,1,1776624322.0544572,106.79,Game,1,Predictable,97.59,1,,,7,92.11,,120,Sound,,,
0,FORT,,1,1776624322.0544572,106.8,Game,1,Predictable,97.6,1,,,7,92.11,,120,Sound,,,
0,FORT,,1,1776624322.0544572,106.82,Game,1,Predictable,97.62,1,,,7,92.11,,120,Sound,,,
0,FORT,,1,1776624322.0544572,106.83,Game,1,Predictable,97.63,1,,,7,92.11,,120,Sound,,,
0,FORT,,1,1776624322.0544572,106.84,Game,1,Predictable,97.64,1,,,7,92.11,,120,Sound,,,
0,FORT,,1,1776624322.0544572,106.85,Game,1,Predictable,97.65,1,,,7,92.11,,120,Sound,,,
0,FORT,,1,1776624322.0544572,106.87,Game,1,Predictable,97.67,1,,,7,92.11,,120,Sound,,,
0,FORT,,1,1776624322.0544572,106.88,Game,1,Predictable,97.68,1,,,7,92.11,,120,Sound,,,
0,FORT,,1,1776624322.0544572,106.89,Game,1,Predictable,97.69,1,,,7,92.11,,120,Sound,,,
0,FORT,,1,1776624322.0544572,106.9,Game,1,Predictable,97.7,1,,,7,92.11,,120,Sound,,,
0,FORT,,1,1776624322.0544572,106.92,Game,1,Predictable,97.72,1,,,7,92.11,,120,Sound,,,
0,FORT,,1,1776624322.0544572,106.93,Game,1,Predictable,97.73,1,,,7,92.11,,120,Sound,,,
0,FORT,,1,1776624322.0544572,106.94,Game,1,Predictable,97.74,1,,,7,92.11,,120,Sound,,,
0,FORT,,1,1776624322.0544572,106.95,Game,1,Predictable,97.75,1,,,7,92.11,,120,Sound,,,
0,FORT,,1,1776624322.0544572,106.97,Game,1,Predictable,97.77,1,,,7,92.11,,120,Sound,,,
0,FORT,,1,1776624322.0544572,106.98,Game,1,Predictable,97.78,1,,,7,92.11,,120,Sound,,,
0,FORT,,1,1776624322.0544572,106.99,Game,1,Predictable,97.79,1,,,7,92.11,,120,Sound,,,
0,FORT,,1,1776624322.0544572,107.0,Game,1,Predictable,97.8,1,,,7,92.11,,120,Sound,,,
0,FORT,,1,1776624322.0544572,107.02,Game,1,Predictable,97.82,1,,,7,92.11,,120,Sound,,,
0,FORT,,1,1776624322.0544572,107.03,Game,1,Predictable,97.83,1,,,7,92.11,,120,Sound,,,
0,FORT,,1,1776624322.0544572,107.04,Game,1,Predictable,97.84,1,,,7,92.11,,120,Sound,,,
0,FORT,,1,1776624322.0544572,107.05,Game,1,Predictable,97.85,1,,,7,92.11,,120,Sound,,,
0,FORT,,1,1776624322.0544572,107.07,Game,1,Predictable,97.87,1,,,7,92.11,,120,Sound,,,
0,FORT,,1,1776624322.0544572,107.08,Game,1,Predictable,97.88,1,,,7,92.11,,120,Sound,,,
0,FORT,,1,1776624322.0544572,107.09,Game,1,Predictable,97.89,1,,,7,92.11,,120,Sound,,,
0,FORT,,1,1776624322.0544572,107.1,Game,1,Predictable,97.9,1,,,7,92.11,,120,Sound,,,
0,FORT,,1,1776624322.0544572,107.12,Game,1,Predictable,97.92,1,,,7,92.11,,120,Sound,,,
0,FORT,,1,1776624322.0544572,107.13,Game,1,Predictable,97.93,1,,,7,92.11,,120,Sound,,,
0,FORT,,1,1776624322.0544572,107.14,Game,1,Predictable,97.94,1,,,7,92.11,,120,Sound,,,
0,FORT,,1,1776624322.0544572,107.15,Game,1,Predictable,97.95,1,,,7,92.11,,120,Sound,,,
0,FORT,,1,1776624322.0544572,107.17,Game,1,Predictable,97.97,1,,,7,92.11,,120,Sound,,,
0,FORT,,1,1776624322.0544572,107.18,Game,1,Predictable,97.98,1,,,7,92.11,,120,Sound,,,
0,FORT,,1,1776624322.0544572,107.19,Game,1,Predictable,97.99,1,,,7,92.11,,120,Sound,,,
0,FORT,,1,1776624322.0544572,107.2,Game,1,Predictable,98.0,1,,,7,92.11,,120,Sound,,,
0,FORT,,1,1776624322.0544572,107.22,Game,1,Predictable,98.02,1,,,7,92.11,,120,Sound,,,
0,FORT,,1,1776624322.0544572,107.23,Game,1,Predictable,98.03,1,,,7,92.11,,120,Sound,,,
0,FORT,,1,1776624322.0544572,107.24,Game,1,Predictable,98.04,1,,,7,92.11,,120,Sound,,,
0,FORT,,1,1776624322.0544572,107.25,Game,1,Predictable,98.05,1,,,7,92.11,,120,Sound,,,
0,FORT,,1,1776624322.0544572,107.27,Game,1,Predictable,98.07,1,,,7,92.11,,120,Sound,,,
0,FORT,,1,1776624322.0544572,107.28,Game,1,Predictable,98.08,1,,,7,92.11,,120,Sound,,,
0,FORT,,1,1776624322.0544572,107.29,Game,1,Predictable,98.09,1,,,7,92.11,,120,Sound,,,
0,FORT,,1,1776624322.0544572,107.3,Game,1,Predictable,98.1,1,,,7,92.11,,120,Sound,,,
0,FORT,,1,1776624322.0544572,107.32,Game,1,Predictable,98.12,1,,,7,92.11,,120,Sound,,,
0,FORT,,1,1776624322.0544572,107.33,Game,1,Predictable,98.13,1,,,7,92.11,,120,Sound,,,
0,FORT,,1,1776624322.0544572,107.34,Game,1,Predictable,98.14,1,,,7,92.11,,120,Sound,,,
0,FORT,,1,1776624322.0544572,107.35,Game,1,Predictable,98.15,1,,,7,92.11,,120,Sound,,,
0,FORT,,1,1776624322.0544572,107.37,Game,1,Predictable,98.17,1,,,7,92.11,,120,Sound,,,
0,FORT,,1,1776624322.0544572,107.38,Game,1,Predictable,98.18,1,,,7,92.11,,120,Sound,,,
0,FORT,,1,1776624322.0544572,107.39,Game,1,Predictable,98.19,1,,,7,92.11,,120,Sound,,,
0,FORT,,1,1776624322.0544572,107.4,Game,1,Predictable,98.2,1,,,7,92.11,,120,Sound,,,
0,FORT,,1,1776624322.0544572,107.42,Game,1,Predictable,98.22,1,,,7,92.11,,120,Sound,,,
0,FORT,,1,1776624322.0544572,107.43,Game,1,Predictable,98.23,1,,,7,92.11,,120,Sound,,,
0,FORT,,1,1776624322.0544572,107.44,Game,1,Predictable,98.24,1,,,7,92.11,,120,Sound,,,
0,FORT,,1,1776624322.0544572,107.45,Game,1,Predictable,98.25,1,,,7,92.11,,120,Sound,,,
0,FORT,,1,1776624322.0544572,107.47,Game,1,Predictable,98.27,1,,,7,92.11,,120,Sound,,,
0,FORT,,1,1776624322.0544572,107.48,Game,1,Predictable,98.28,1,,,7,92.11,,120,Sound,,,
0,FORT,,1,1776624322.0544572,107.49,Game,1,Predictable,98.29,1,,,7,92.11,,120,Sound,,,
0,FORT,,1,1776624322.0544572,107.5,Game,1,Predictable,98.3,1,,,7,92.11,,120,Sound,,,
0,FORT,,1,1776624322.0544572,107.52,Game,1,Predictable,98.32,1,,,7,92.11,,120,Sound,,,
0,FORT,,1,1776624322.0544572,107.53,Game,1,Predictable,98.33,1,,,7,92.11,,120,Sound,,,
0,FORT,,1,1776624322.0544572,107.54,Game,1,Predictable,98.34,1,,,7,92.11,,120,Sound,,,
0,FORT,,1,1776624322.0544572,107.55,Game,1,Predictable,98.35,1,,,7,92.11,,120,Sound,,,
0,FORT,,1,1776624322.0544572,107.57,Game,1,Predictable,98.37,1,,,7,92.11,,120,Sound,,,
0,FORT,,1,1776624322.0544572,107.58,Game,1,Predictable,98.38,1,,,7,92.11,,120,Sound,,,
0,FORT,,1,1776624322.0544572,107.59,Game,1,Predictable,98.39,1,,,7,92.11,,120,Sound,,,
0,FORT,,1,1776624322.0544572,107.6,Game,1,Predictable,98.4,1,,,7,92.11,,120,Sound,,,
0,FORT,,1,1776624322.0544572,107.62,Game,1,Predictable,98.42,1,,,7,92.11,,120,Sound,,,
0,FORT,,1,1776624322.0544572,107.63,Game,1,Predictable,98.43,1,,,7,92.11,,120,Sound,,,
0,FORT,,1,1776624322.0544572,107.64,Game,1,Predictable,98.44,1,,,7,92.11,,120,Sound,,,
0,FORT,,1,1776624322.0544572,107.65,Game,1,Predictable,98.45,1,,,7,92.11,,120,Sound,,,
0,FORT,,1,1776624322.0544572,107.67,Game,1,Predictable,98.47,1,,,7,92.11,,120,Sound,,,
0,FORT,,1,1776624322.0544572,107.68,Game,1,Predictable,98.48,1,,,7,92.11,,120,Sound,,,
0,FORT,,1,1776624322.0544572,107.69,Game,1,Predictable,98.49,1,,,7,92.11,,120,Sound,,,
0,FORT,,1,1776624322.0544572,107.7,Game,1,Predictable,98.5,1,,,7,92.11,,120,Sound,,,
0,FORT,,1,1776624322.0544572,107.72,Game,1,Predictable,98.52,1,,,7,92.11,,120,Sound,,,
0,FORT,,1,1776624322.0544572,107.73,Game,1,Predictable,98.53,1,,,7,92.11,,120,Sound,,,
0,FORT,,1,1776624322.0544572,107.74,Game,1,Predictable,98.54,1,,,7,92.11,,120,Sound,,,
0,FORT,,1,1776624322.0544572,107.75,Game,1,Predictable,98.55,1,,,7,92.11,,120,Sound,,,
0,FORT,,1,1776624322.0544572,107.77,Game,1,Predictable,98.57,1,,,7,92.11,,120,Sound,,,
0,FORT,,1,1776624322.0544572,107.78,Game,1,Predictable,98.58,1,,,7,92.11,,120,Sound,,,
0,FORT,,1,1776624322.0544572,107.79,Game,1,Predictable,98.59,1,,,7,92.11,,120,Sound,,,
0,FORT,,1,1776624322.0544572,107.8,Game,1,Predictable,98.6,1,,,7,92.11,,120,Sound,,,
0,FORT,,1,1776624322.0544572,107.82,Game,1,Predictable,98.62,1,,,7,92.11,,120,Sound,,,
0,FORT,,1,1776624322.0544572,107.83,Game,1,Predictable,98.63,1,,,7,92.11,,120,Sound,,,
0,FORT,,1,1776624322.0544572,107.84,Game,1,Predictable,98.64,1,,,7,92.11,,120,Sound,,,
0,FORT,,1,1776624322.0544572,107.85,Game,1,Predictable,98.65,1,,,7,92.11,,120,Sound,,,
0,FORT,,1,1776624322.0544572,107.87,Game,1,Predictable,98.67,1,,,7,92.11,,120,Sound,,,
0,FORT,,1,1776624322.0544572,107.88,Game,1,Predictable,98.68,1,,,7,92.11,,120,Sound,,,
0,FORT,,1,1776624322.0544572,107.89,Game,1,Predictable,98.69,1,,,7,92.11,,120,Sound,,,
0,FORT,,1,1776624322.0544572,107.9,Game,1,Predictable,98.7,1,,,7,92.11,,120,Sound,,,
0,FORT,,1,1776624322.0544572,107.92,Game,1,Predictable,98.72,1,,,7,92.11,,120,Sound,,,
0,FORT,,1,1776624322.0544572,107.93,Game,1,Predictable,98.73,1,,,7,92.11,,120,Sound,,,
0,FORT,,1,1776624322.0544572,107.94,Game,1,Predictable,98.74,1,,,7,92.11,,120,Sound,,,
0,FORT,,1,1776624322.0544572,107.95,Game,1,Predictable,98.75,1,,,7,92.11,,120,Sound,,,
0,FORT,,1,1776624322.0544572,107.97,Game,1,Predictable,98.77,1,,,7,92.11,,120,Sound,,,
0,FORT,,1,1776624322.0544572,107.98,Game,1,Predictable,98.78,1,,,7,92.11,,120,Sound,,,
0,FORT,,1,1776624322.0544572,107.99,Game,1,Predictable,98.79,1,,,7,92.11,,120,Sound,,,
0,FORT,,1,1776624322.0544572,108.0,Game,1,Predictable,98.8,1,,,7,92.11,,120,Sound,,,
0,FORT,,1,1776624322.0544572,108.02,Game,1,Predictable,98.82,1,,,7,92.11,,120,Sound,,,
0,FORT,,1,1776624322.0544572,108.03,Game,1,Predictable,98.83,1,,,7,92.11,,120,Sound,,,
0,FORT,,1,1776624322.0544572,108.04,Game,1,Predictable,98.84,1,,,7,92.11,,120,Sound,,,
0,FORT,,1,1776624322.0544572,108.05,Game,1,Predictable,98.85,1,,,7,92.11,,120,Sound,,,
0,FORT,,1,1776624322.0544572,108.07,Game,1,Predictable,98.87,1,,,7,92.11,,120,Sound,,,
0,FORT,,1,1776624322.0544572,108.08,Game,1,Predictable,98.88,1,,,7,92.11,,120,Sound,,,
0,FORT,,1,1776624322.0544572,108.09,Game,1,Predictable,98.89,1,,,7,92.11,,120,Sound,,,
0,FORT,,1,1776624322.0544572,108.11,Game,1,Predictable,98.9,1,,,7,92.11,,120,Sound,,,
0,FORT,,1,1776624322.0544572,108.12,Game,1,Predictable,98.92,1,,,7,92.11,,120,Sound,,,
0,FORT,,1,1776624322.0544572,108.14,Game,1,Predictable,98.94,1,,,7,92.11,,120,Sound,,,
0,FORT,,1,1776624322.0544572,108.17,Game,1,Predictable,98.95,1,,,7,92.11,,120,Sound,,,
0,FORT,,1,1776624322.0544572,108.18,Game,1,Predictable,98.98,1,,,7,92.11,,120,Sound,,,
0,FORT,,1,1776624322.0544572,108.2,Game,1,Predictable,99.0,1,,,7,92.11,,120,Sound,,,
0,FORT,,1,1776624322.0544572,108.21,Game,1,Predictable,99.01,1,,,7,92.11,,120,Sound,,,
0,FORT,,1,1776624322.0544572,108.22,Game,1,Predictable,99.02,1,,,7,92.11,,120,Sound,,,
0,FORT,,1,1776624322.0544572,108.23,Game,1,Predictable,99.03,1,,,7,92.11,,120,Sound,,,
0,FORT,,1,1776624322.0544572,108.25,Game,1,Predictable,99.05,1,,,7,92.11,,120,Sound,,,
0,FORT,,1,1776624322.0544572,108.26,Game,1,Predictable,99.06,1,,,7,92.11,,120,Sound,,,
0,FORT,,1,1776624322.0544572,108.27,Game,1,Predictable,99.07,1,,,7,92.11,,120,Sound,,,
0,FORT,,1,1776624322.0544572,108.28,Game,1,Predictable,99.08,1,,,7,92.11,,120,Sound,,,
0,FORT,,1,1776624322.0544572,108.3,Game,1,Predictable,99.1,1,,,7,92.11,,120,Sound,,,
0,FORT,,1,1776624322.0544572,108.31,Game,1,Predictable,99.11,1,,,7,92.11,,120,Sound,,,
0,FORT,,1,1776624322.0544572,108.32,Game,1,Predictable,99.12,1,,,7,92.11,,120,Sound,,,
0,FORT,,1,1776624322.0544572,108.33,Game,1,Predictable,99.13,1,,,7,92.11,,120,Sound,,,
0,FORT,,1,1776624322.0544572,108.35,Game,1,Predictable,99.15,1,,,7,92.11,,120,Sound,,,
0,FORT,,1,1776624322.0544572,108.36,Game,1,Predictable,99.16,1,,,7,92.11,,120,Sound,,,
0,FORT,,1,1776624322.0544572,108.37,Game,1,Predictable,99.17,1,,,7,92.11,,120,Sound,,,
0,FORT,,1,1776624322.0544572,108.38,Game,1,Predictable,99.18,1,,,7,92.11,,120,Sound,,,
0,FORT,,1,1776624322.0544572,108.4,Game,1,Predictable,99.2,1,,,7,92.11,,120,Sound,,,
0,FORT,,1,1776624322.0544572,108.41,Game,1,Predictable,99.21,1,,,7,92.11,,120,Sound,,,
0,FORT,,1,1776624322.0544572,108.42,Game,1,Predictable,99.22,1,,,7,92.11,,120,Sound,,,
0,FORT,,1,1776624322.0544572,108.43,Game,1,Predictable,99.23,1,,,7,92.11,,120,Sound,,,
0,FORT,,1,1776624322.0544572,108.45,Game,1,Predictable,99.25,1,,,7,92.11,,120,Sound,,,
0,FORT,,1,1776624322.0544572,108.46,Game,1,Predictable,99.26,1,,,7,92.11,,120,Sound,,,
0,FORT,,1,1776624322.0544572,108.47,Game,1,Predictable,99.27,1,,,7,92.11,,120,Sound,,,
0,FORT,,1,1776624322.0544572,108.48,Game,1,Predictable,99.28,1,,,7,92.11,,120,Sound,,,
0,FORT,,1,1776624322.0544572,108.5,Game,1,Predictable,99.3,1,,,7,92.11,,120,Sound,,,
0,FORT,,1,1776624322.0544572,108.51,Game,1,Predictable,99.31,1,,,7,92.11,,120,Sound,,,
0,FORT,,1,1776624322.0544572,108.52,Game,1,Predictable,99.32,1,,,7,92.11,,120,Sound,,,
0,FORT,,1,1776624322.0544572,108.53,Game,1,Predictable,99.33,1,,,7,92.11,,120,Sound,,,
0,FORT,,1,1776624322.0544572,108.55,Game,1,Predictable,99.35,1,,,7,92.11,,120,Sound,,,
0,FORT,,1,1776624322.0544572,108.56,Game,1,Predictable,99.36,1,,,7,92.11,,120,Sound,,,
0,FORT,,1,1776624322.0544572,108.57,Game,1,Predictable,99.37,1,,,7,92.11,,120,Sound,,,
0,FORT,,1,1776624322.0544572,108.58,Game,1,Predictable,99.38,1,,,7,92.11,,120,Sound,,,
0,FORT,,1,1776624322.0544572,108.6,Game,1,Predictable,99.4,1,,,7,92.11,,120,Sound,,,
0,FORT,,1,1776624322.0544572,108.61,Game,1,Predictable,99.41,1,,,7,92.11,,120,Sound,,,
0,FORT,,1,1776624322.0544572,108.62,Game,1,Predictable,99.42,1,,,7,92.11,,120,Sound,,,
0,FORT,,1,1776624322.0544572,108.63,Game,1,Predictable,99.43,1,,,7,92.11,,120,Sound,,,
0,FORT,,1,1776624322.0544572,108.65,Game,1,Predictable,99.45,1,,,7,92.11,,120,Sound,,,
0,FORT,,1,1776624322.0544572,108.66,Game,1,Predictable,99.46,1,,,7,92.11,,120,Sound,,,
0,FORT,,1,1776624322.0544572,108.67,Game,1,Predictable,99.47,1,,,7,92.11,,120,Sound,,,
0,FORT,,1,1776624322.0544572,108.68,Game,1,Predictable,99.48,1,,,7,92.11,,120,Sound,,,
0,FORT,,1,1776624322.0544572,108.7,Game,1,Predictable,99.5,1,,,7,92.11,,120,Sound,,,
0,FORT,,1,1776624322.0544572,108.71,Game,1,Predictable,99.51,1,,,7,92.11,,120,Sound,,,
0,FORT,,1,1776624322.0544572,108.72,Game,1,Predictable,99.52,1,,,7,92.11,,120,Sound,,,
0,FORT,,1,1776624322.0544572,108.73,Game,1,Predictable,99.53,1,,,7,92.11,,120,Sound,,,
0,FORT,,1,1776624322.0544572,108.75,Game,1,Predictable,99.55,1,,,7,92.11,,120,Sound,,,
0,FORT,,1,1776624322.0544572,108.76,Game,1,Predictable,99.56,1,,,7,92.11,,120,Sound,,,
0,FORT,,1,1776624322.0544572,108.77,Game,1,Predictable,99.57,1,,,7,92.11,,120,Sound,,,
0,FORT,,1,1776624322.0544572,108.78,Game,1,Predictable,99.58,1,,,7,92.11,,120,Sound,,,
0,FORT,,1,1776624322.0544572,108.8,Game,1,Predictable,99.6,1,,,7,92.11,,120,Sound,,,
0,FORT,,1,1776624322.0544572,108.81,Game,1,Predictable,99.61,1,,,7,92.11,,120,Sound,,,
0,FORT,,1,1776624322.0544572,108.82,Game,1,Predictable,99.62,1,,,7,92.11,,120,Sound,,,
0,FORT,,1,1776624322.0544572,108.83,Game,1,Predictable,99.63,1,,,7,92.11,,120,Sound,,,
0,FORT,,1,1776624322.0544572,108.85,Game,1,Predictable,99.65,1,,,7,92.11,,120,Sound,,,
0,FORT,,1,1776624322.0544572,108.86,Game,1,Predictable,99.66,1,,,7,92.11,,120,Sound,,,
0,FORT,,1,1776624322.0544572,108.87,Game,1,Predictable,99.67,1,,,7,92.11,,120,Sound,,,
0,FORT,,1,1776624322.0544572,108.88,Game,1,Predictable,99.68,1,,,7,92.11,,120,Sound,,,
0,FORT,,1,1776624322.0544572,108.9,Game,1,Predictable,99.7,1,,,7,92.11,,120,Sound,,,
0,FORT,,1,1776624322.0544572,108.91,Game,1,Predictable,99.71,1,,,7,92.11,,120,Sound,,,
0,FORT,,1,1776624322.0544572,108.92,Game,1,Predictable,99.72,1,,,7,92.11,,120,Sound,,,
0,FORT,,1,1776624322.0544572,108.93,Game,1,Predictable,99.73,1,,,7,92.11,,120,Sound,,,
0,FORT,,1,1776624322.0544572,108.95,Game,1,Predictable,99.75,1,,,7,92.11,,120,Sound,,,
0,FORT,,1,1776624322.0544572,108.96,Game,1,Predictable,99.76,1,,,7,92.11,,120,Sound,,,
0,FORT,,1,1776624322.0544572,108.97,Game,1,Predictable,99.77,1,,,7,92.11,,120,Sound,,,
0,FORT,,1,1776624322.0544572,108.98,Game,1,Predictable,99.78,1,,,7,92.11,,120,Sound,,,
0,FORT,,1,1776624322.0544572,109.0,Game,1,Predictable,99.8,1,,,7,92.11,,120,Sound,,,
0,FORT,,1,1776624322.0544572,109.01,Game,1,Predictable,99.81,1,,,7,92.11,,120,Sound,,,
0,FORT,,1,1776624322.0544572,109.02,Game,1,Predictable,99.82,1,,,7,92.11,,120,Sound,,,
0,FORT,,1,1776624322.0544572,109.03,Game,1,Predictable,99.83,1,,,7,92.11,,120,Sound,,,
0,FORT,,1,1776624322.0544572,109.05,Game,1,Predictable,99.85,1,,,7,92.11,,120,Sound,,,
0,FORT,,1,1776624322.0544572,109.06,Game,1,Predictable,99.86,1,,,7,92.11,,120,Sound,,,
0,FORT,,1,1776624322.0544572,109.07,Game,1,Predictable,99.87,1,,,7,92.11,,120,Sound,,,
0,FORT,,1,1776624322.0544572,109.08,Game,1,Predictable,99.88,1,,,7,92.11,,120,Sound,,,
0,FORT,,1,1776624322.0544572,109.1,Game,1,Predictable,99.9,1,,,7,92.11,,120,Sound,,,
0,FORT,,1,1776624322.0544572,109.11,Game,1,Predictable,99.91,1,,,7,92.11,,120,Sound,,,
0,FORT,,1,1776624322.0544572,109.12,Game,1,Predictable,99.92,1,,,7,92.11,,120,Sound,,,
0,FORT,,1,1776624322.0544572,109.13,Game,1,Predictable,99.93,1,,,7,92.11,,120,Sound,,,
0,FORT,,1,1776624322.0544572,109.15,Game,1,Predictable,99.95,1,,,7,92.11,,120,Sound,,,
0,FORT,,1,1776624322.0544572,109.16,Game,1,Predictable,99.96,1,,,7,92.11,,120,Sound,,,
0,FORT,,1,1776624322.0544572,109.17,Game,1,Predictable,99.97,1,,,7,92.11,,120,Sound,,,
0,FORT,,1,1776624322.0544572,109.18,Game,1,Predictable,99.98,1,,,7,92.11,,120,Sound,,,
0,FORT,,1,1776624322.0544572,109.2,Game,1,Predictable,100.0,1,,,7,92.11,,120,Sound,,,
0,FORT,,1,1776624322.0544572,109.21,Game,1,Predictable,100.01,1,,,7,92.11,,120,Sound,,,
0,FORT,,1,1776624322.0544572,109.22,Game,1,Predictable,100.02,1,,,7,92.11,,120,Sound,,,
0,FORT,,1,1776624322.0544572,109.23,Game,1,Predictable,100.03,1,,,7,92.11,,120,Sound,,,
0,FORT,,1,1776624322.0544572,109.25,Game,1,Predictable,100.05,1,,,7,92.11,,120,Sound,,,
0,FORT,,1,1776624322.0544572,109.26,Game,1,Predictable,100.06,1,,,7,92.11,,120,Sound,,,
0,FORT,,1,1776624322.0544572,109.27,Game,1,Predictable,100.07,1,,,7,92.11,,120,Sound,,,
0,FORT,,1,1776624322.0544572,109.28,Game,1,Predictable,100.08,1,,,7,92.11,,120,Sound,,,
0,FORT,,1,1776624322.0544572,109.3,Game,1,Predictable,100.1,1,,,7,92.11,,120,Sound,,,
0,FORT,,1,1776624322.0544572,109.31,Game,1,Predictable,100.11,1,,,7,92.11,,120,Sound,,,
0,FORT,,1,1776624322.0544572,109.32,Game,1,Predictable,100.12,1,,,7,92.11,,120,Sound,,,
0,FORT,,1,1776624322.0544572,109.33,Game,1,Predictable,100.13,1,,,7,92.11,,120,Sound,,,
0,FORT,,1,1776624322.0544572,109.35,Game,1,Predictable,100.15,1,,,7,92.11,,120,Sound,,,
0,FORT,,1,1776624322.0544572,109.36,Game,1,Predictable,100.16,1,,,7,92.11,,120,Sound,,,
0,FORT,,1,1776624322.0544572,109.37,Game,1,Predictable,100.17,1,,,7,92.11,,120,Sound,,,
0,FORT,,1,1776624322.0544572,109.38,Game,1,Predictable,100.18,1,,,7,92.11,,120,Sound,,,
0,FORT,,1,1776624322.0544572,109.4,Game,1,Predictable,100.2,1,,,7,92.11,,120,Sound,,,
0,FORT,,1,1776624322.0544572,109.41,Game,1,Predictable,100.21,1,,,7,92.11,,120,Sound,,,
0,FORT,,1,1776624322.0544572,109.42,Game,1,Predictable,100.22,1,,,7,92.11,,120,Sound,,,
0,FORT,,1,1776624322.0544572,109.43,Game,1,Predictable,100.23,1,,,7,92.11,,120,Sound,,,
0,FORT,,1,1776624322.0544572,109.45,Game,1,Predictable,100.25,1,,,7,92.11,,120,Sound,,,
0,FORT,,1,1776624322.0544572,109.46,Game,1,Predictable,100.26,1,,,7,92.11,,120,Sound,,,
0,FORT,,1,1776624322.0544572,109.47,Game,1,Predictable,100.27,1,,,7,92.11,,120,Sound,,,
0,FORT,,1,1776624322.0544572,109.48,Game,1,Predictable,100.28,1,,,7,92.11,,120,Sound,,,
0,FORT,,1,1776624322.0544572,109.5,Game,1,Predictable,100.3,1,,,7,92.11,,120,Sound,,,
0,FORT,,1,1776624322.0544572,109.51,Game,1,Predictable,100.31,1,,,7,92.11,,120,Sound,,,
0,FORT,,1,1776624322.0544572,109.52,Game,1,Predictable,100.32,1,,,7,92.11,,120,Sound,,,
0,FORT,,1,1776624322.0544572,109.53,Game,1,Predictable,100.33,1,,,7,92.11,,120,Sound,,,
0,FORT,,1,1776624322.0544572,109.55,Game,1,Predictable,100.35,1,,,7,92.11,,120,Sound,,,
0,FORT,,1,1776624322.0544572,109.56,Game,1,Predictable,100.36,1,,,7,92.11,,120,Sound,,,
0,FORT,,1,1776624322.0544572,109.57,Game,1,Predictable,100.37,1,,,7,92.11,,120,Sound,,,
0,FORT,,1,1776624322.0544572,109.58,Game,1,Predictable,100.38,1,,,7,92.11,,120,Sound,,,
0,FORT,,1,1776624322.0544572,109.6,Game,1,Predictable,100.4,1,,,7,92.11,,120,Sound,,,
0,FORT,,1,1776624322.0544572,109.61,Game,1,Predictable,100.41,1,,,7,92.11,,120,Sound,,,
0,FORT,,1,1776624322.0544572,109.62,Game,1,Predictable,100.42,1,,,7,92.11,,120,Sound,,,
0,FORT,,1,1776624322.0544572,109.63,Game,1,Predictable,100.43,1,,,7,92.11,,120,Sound,,,
0,FORT,,1,1776624322.0544572,109.65,Game,1,Predictable,100.45,1,,,7,92.11,,120,Sound,,,
0,FORT,,1,1776624322.0544572,109.66,Game,1,Predictable,100.46,1,,,7,92.11,,120,Sound,,,
0,FORT,,1,1776624322.0544572,109.67,Game,1,Predictable,100.47,1,,,7,92.11,,120,Sound,,,
0,FORT,,1,1776624322.0544572,109.68,Game,1,Predictable,100.48,1,,,7,92.11,,120,Sound,,,
0,FORT,,1,1776624322.0544572,109.7,Game,1,Predictable,100.5,1,,,7,92.11,,120,Sound,,,
0,FORT,,1,1776624322.0544572,109.71,Game,1,Predictable,100.51,1,,,7,92.11,,120,Sound,,,
0,FORT,,1,1776624322.0544572,109.72,Game,1,Predictable,100.52,1,,,7,92.11,,120,Sound,,,
0,FORT,,1,1776624322.0544572,109.73,Game,1,Predictable,100.53,1,,,7,92.11,,120,Sound,,,
0,FORT,,1,1776624322.0544572,109.75,Game,1,Predictable,100.55,1,,,7,92.11,,120,Sound,,,
0,FORT,,1,1776624322.0544572,109.76,Game,1,Predictable,100.56,1,,,7,92.11,,120,Sound,,,
0,FORT,,1,1776624322.0544572,109.77,Game,1,Predictable,100.57,1,,,7,92.11,,120,Sound,,,
0,FORT,,1,1776624322.0544572,109.78,Game,1,Predictable,100.58,1,,,7,92.11,,120,Sound,,,
0,FORT,,1,1776624322.0544572,109.8,Game,1,Predictable,100.6,1,,,7,92.11,,120,Sound,,,
0,FORT,,1,1776624322.0544572,109.81,Game,1,Predictable,100.61,1,,,7,92.11,,120,Sound,,,
0,FORT,,1,1776624322.0544572,109.82,Game,1,Predictable,100.62,1,,,7,92.11,,120,Sound,,,
0,FORT,,1,1776624322.0544572,109.83,Game,1,Predictable,100.63,1,,,7,92.11,,120,Sound,,,
0,FORT,,1,1776624322.0544572,109.85,Game,1,Predictable,100.65,1,,,7,92.11,,120,Sound,,,
0,FORT,,1,1776624322.0544572,109.86,Game,1,Predictable,100.66,1,,,7,92.11,,120,Sound,,,
0,FORT,,1,1776624322.0544572,109.87,Game,1,Predictable,100.67,1,,,7,92.11,,120,Sound,,,
0,FORT,,1,1776624322.0544572,109.88,Game,1,Predictable,100.68,1,,,7,92.11,,120,Sound,,,
0,FORT,,1,1776624322.0544572,109.9,Game,1,Predictable,100.7,1,,,7,92.11,,120,Sound,,,
0,FORT,,1,1776624322.0544572,109.91,Game,1,Predictable,100.71,1,,,7,92.11,,120,Sound,,,
0,FORT,,1,1776624322.0544572,109.92,Game,1,Predictable,100.72,1,,,7,92.11,,120,Sound,,,
0,FORT,,1,1776624322.0544572,109.93,Game,1,Predictable,100.73,1,,,7,92.11,,120,Sound,,,
0,FORT,,1,1776624322.0544572,109.95,Game,1,Predictable,100.75,1,,,7,92.11,,120,Sound,,,
0,FORT,,1,1776624322.0544572,109.96,Game,1,Predictable,100.76,1,,,7,92.11,,120,Sound,,,
0,FORT,,1,1776624322.0544572,109.97,Game,1,Predictable,100.77,1,,,7,92.11,,120,Sound,,,
0,FORT,,1,1776624322.0544572,109.98,Game,1,Predictable,100.78,1,,,7,92.11,,120,Sound,,,
0,FORT,,1,1776624322.0544572,110.0,Game,1,Predictable,100.8,1,,,7,92.11,,120,Sound,,,
0,FORT,,1,1776624322.0544572,110.01,Game,1,Predictable,100.81,1,,,7,92.11,,120,Sound,,,
0,FORT,,1,1776624322.0544572,110.02,Game,1,Predictable,100.82,1,,,7,92.11,,120,Sound,,,
0,FORT,,1,1776624322.0544572,110.03,Game,1,Predictable,100.83,1,,,7,92.11,,120,Sound,,,
0,FORT,,1,1776624322.0544572,110.05,Game,1,Predictable,100.85,1,,,7,92.11,,120,Sound,,,
0,FORT,,1,1776624322.0544572,110.06,Game,1,Predictable,100.86,1,,,7,92.11,,120,Sound,,,
0,FORT,,1,1776624322.0544572,110.07,Game,1,Predictable,100.87,1,,,7,92.11,,120,Sound,,,
0,FORT,,1,1776624322.0544572,110.08,Game,1,Predictable,100.88,1,,,7,92.11,,120,Sound,,,
0,FORT,,1,1776624322.0544572,110.1,Game,1,Predictable,100.9,1,,,7,92.11,,120,Sound,,,
0,FORT,,1,1776624322.0544572,110.11,Game,1,Predictable,100.91,1,,,7,92.11,,120,Sound,,,
0,FORT,,1,1776624322.0544572,110.12,Game,1,Predictable,100.92,1,,,7,92.11,,120,Sound,,,
0,FORT,,1,1776624322.0544572,110.13,Game,1,Predictable,100.93,1,,,7,92.11,,120,Sound,,,
0,FORT,,1,1776624322.0544572,110.15,Game,1,Predictable,100.95,1,,,7,92.11,,120,Sound,,,
0,FORT,,1,1776624322.0544572,110.16,Game,1,Predictable,100.96,1,,,7,92.11,,120,Sound,,,
0,FORT,,1,1776624322.0544572,110.17,Game,1,Predictable,100.97,1,,,7,92.11,,120,Sound,,,
0,FORT,,1,1776624322.0544572,110.18,Game,1,Predictable,100.98,1,,,7,92.11,,120,Sound,,,
0,FORT,,1,1776624322.0544572,110.2,Game,1,Predictable,101.0,1,,,7,92.11,,120,Sound,,,
0,FORT,,1,1776624322.0544572,110.21,Game,1,Predictable,101.01,1,,,7,92.11,,120,Sound,,,
0,FORT,,1,1776624322.0544572,110.22,Game,1,Predictable,101.02,1,,,7,92.11,,120,Sound,,,
0,FORT,,1,1776624322.0544572,110.23,Game,1,Predictable,101.03,1,,,7,92.11,,120,Sound,,,
0,FORT,,1,1776624322.0544572,110.25,Game,1,Predictable,101.05,1,,,7,92.11,,120,Sound,,,
0,FORT,,1,1776624322.0544572,110.26,Game,1,Predictable,101.06,1,,,7,92.11,,120,Sound,,,
0,FORT,,1,1776624322.0544572,110.27,Game,1,Predictable,101.07,1,,,7,92.11,,120,Sound,,,
0,FORT,,1,1776624322.0544572,110.28,Game,1,Predictable,101.08,1,,,7,92.11,,120,Sound,,,
0,FORT,,1,1776624322.0544572,110.3,Game,1,Predictable,101.1,1,,,7,92.11,,120,Sound,,,
0,FORT,,1,1776624322.0544572,110.31,Game,1,Predictable,101.11,1,,,7,92.11,,120,Sound,,,
0,FORT,,1,1776624322.0544572,110.32,Game,1,Predictable,101.12,1,,,7,92.11,,120,Sound,,,
0,FORT,,1,1776624322.0544572,110.33,Game,1,Predictable,101.13,1,,,7,92.11,,120,Sound,,,
0,FORT,,1,1776624322.0544572,110.35,Game,1,Predictable,101.15,1,,,7,92.11,,120,Sound,,,
0,FORT,,1,1776624322.0544572,110.36,Game,1,Predictable,101.16,1,,,7,92.11,,120,Sound,,,
0,FORT,,1,1776624322.0544572,110.37,Game,1,Predictable,101.17,1,,,7,92.11,,120,Sound,,,
0,FORT,,1,1776624322.0544572,110.38,Game,1,Predictable,101.18,1,,,7,92.11,,120,Sound,,,
0,FORT,,1,1776624322.0544572,110.4,Game,1,Predictable,101.2,1,,,7,92.11,,120,Sound,,,
0,FORT,,1,1776624322.0544572,110.41,Game,1,Predictable,101.21,1,,,7,92.11,,120,Sound,,,
0,FORT,,1,1776624322.0544572,110.42,Game,1,Predictable,101.22,1,,,7,92.11,,120,Sound,,,
0,FORT,,1,1776624322.0544572,110.43,Game,1,Predictable,101.23,1,,,7,92.11,,120,Sound,,,
0,FORT,,1,1776624322.0544572,110.45,Game,1,Predictable,101.25,1,,,7,92.11,,120,Sound,,,
0,FORT,,1,1776624322.0544572,110.46,Game,1,Predictable,101.26,1,,,7,92.11,,120,Sound,,,
0,FORT,,1,1776624322.0544572,110.47,Game,1,Predictable,101.27,1,,,7,92.11,,120,Sound,,,
0,FORT,,1,1776624322.0544572,110.48,Game,1,Predictable,101.28,1,,,7,92.11,,120,Sound,,,
0,FORT,,1,1776624322.0544572,110.5,Game,1,Predictable,101.3,1,,,7,92.11,,120,Sound,,,
0,FORT,,1,1776624322.0544572,110.51,Game,1,Predictable,101.31,1,,,7,92.11,,120,Sound,,,
0,FORT,,1,1776624322.0544572,110.52,Game,1,Predictable,101.32,1,,,7,92.11,,120,Sound,,,
0,FORT,,1,1776624322.0544572,110.53,Game,1,Predictable,101.33,1,,,7,92.11,,120,Sound,,,
0,FORT,,1,1776624322.0544572,110.55,Game,1,Predictable,101.35,1,,,7,92.11,,120,Sound,,,
0,FORT,,1,1776624322.0544572,110.56,Game,1,Predictable,101.36,1,,,7,92.11,,120,Sound,,,
0,FORT,,1,1776624322.0544572,110.57,Game,1,Predictable,101.37,1,,,7,92.11,,120,Sound,,,
0,FORT,,1,1776624322.0544572,110.58,Game,1,Predictable,101.38,1,,,7,92.11,,120,Sound,,,
0,FORT,,1,1776624322.0544572,110.6,Game,1,Predictable,101.4,1,,,7,92.11,,120,Sound,,,
0,FORT,,1,1776624322.0544572,110.61,Game,1,Predictable,101.41,1,,,7,92.11,,120,Sound,,,
0,FORT,,1,1776624322.0544572,110.62,Game,1,Predictable,101.42,1,,,7,92.11,,120,Sound,,,
0,FORT,,1,1776624322.0544572,110.63,Game,1,Predictable,101.43,1,,,7,92.11,,120,Sound,,,
0,FORT,,1,1776624322.0544572,110.65,Game,1,Predictable,101.45,1,,,7,92.11,,120,Sound,,,
0,FORT,,1,1776624322.0544572,110.66,Game,1,Predictable,101.46,1,,,7,92.11,,120,Sound,,,
0,FORT,,1,1776624322.0544572,110.67,Game,1,Predictable,101.47,1,,,7,92.11,,120,Sound,,,
0,FORT,,1,1776624322.0544572,110.68,Game,1,Predictable,101.48,1,,,7,92.11,,120,Sound,,,
0,FORT,,1,1776624322.0544572,110.7,Game,1,Predictable,101.5,1,,,7,92.11,,120,Sound,,,
0,FORT,,1,1776624322.0544572,110.71,Game,1,Predictable,101.51,1,,,7,92.11,,120,Sound,,,
0,FORT,,1,1776624322.0544572,110.72,Game,1,Predictable,101.52,1,,,7,92.11,,120,Sound,,,
0,FORT,,1,1776624322.0544572,110.73,Game,1,Predictable,101.53,1,,,7,92.11,,120,Sound,,,
0,FORT,,1,1776624322.0544572,110.75,Game,1,Predictable,101.55,1,,,7,92.11,,120,Sound,,,
0,FORT,,1,1776624322.0544572,110.76,Game,1,Predictable,101.56,1,,,7,92.11,,120,Sound,,,
0,FORT,,1,1776624322.0544572,110.77,Game,1,Predictable,101.57,1,,,7,92.11,,120,Sound,,,
0,FORT,,1,1776624322.0544572,110.78,Game,1,Predictable,101.58,1,,,7,92.11,,120,Sound,,,
0,FORT,,1,1776624322.0544572,110.8,Game,1,Predictable,101.6,1,,,7,92.11,,120,Sound,,,
0,FORT,,1,1776624322.0544572,110.81,Game,1,Predictable,101.61,1,,,7,92.11,,120,Sound,,,
0,FORT,,1,1776624322.0544572,110.82,Game,1,Predictable,101.62,1,,,7,92.11,,120,Sound,,,
0,FORT,,1,1776624322.0544572,110.83,Game,1,Predictable,101.63,1,,,7,92.11,,120,Sound,,,
0,FORT,,1,1776624322.0544572,110.85,Game,1,Predictable,101.65,1,,,7,92.11,,120,Sound,,,
0,FORT,,1,1776624322.0544572,110.86,Game,1,Predictable,101.66,1,,,7,92.11,,120,Sound,,,
0,FORT,,1,1776624322.0544572,110.87,Game,1,Predictable,101.67,1,,,7,92.11,,120,Sound,,,
0,FORT,,1,1776624322.0544572,110.88,Game,1,Predictable,101.68,1,,,7,92.11,,120,Sound,,,
0,FORT,,1,1776624322.0544572,110.9,Game,1,Predictable,101.7,1,,,7,92.11,,120,Sound,,,
0,FORT,,1,1776624322.0544572,110.91,Game,1,Predictable,101.71,1,,,7,92.11,,120,Sound,,,
0,FORT,,1,1776624322.0544572,110.92,Game,1,Predictable,101.72,1,,,7,92.11,,120,Sound,,,
0,FORT,,1,1776624322.0544572,110.93,Game,1,Predictable,101.73,1,,,7,92.11,,120,Sound,,,
0,FORT,,1,1776624322.0544572,110.95,Game,1,Predictable,101.75,1,,,7,92.11,,120,Sound,,,
0,FORT,,1,1776624322.0544572,110.96,Game,1,Predictable,101.76,1,,,7,92.11,,120,Sound,,,
0,FORT,,1,1776624322.0544572,110.97,Game,1,Predictable,101.77,1,,,7,92.11,,120,Sound,,,
0,FORT,,1,1776624322.0544572,110.98,Game,1,Predictable,101.78,1,,,7,92.11,,120,Sound,,,
0,FORT,,1,1776624322.0544572,111.0,Game,1,Predictable,101.8,1,,,7,92.11,,120,Sound,,,
0,FORT,,1,1776624322.0544572,111.01,Game,1,Predictable,101.81,1,,,7,92.11,,120,Sound,,,
0,FORT,,1,1776624322.0544572,111.02,Game,1,Predictable,101.82,1,,,7,92.11,,120,Sound,,,
0,FORT,,1,1776624322.0544572,111.03,Game,1,Predictable,101.83,1,,,7,92.11,,120,Sound,,,
0,FORT,,1,1776624322.0544572,111.05,Game,1,Predictable,101.85,1,,,7,92.11,,120,Sound,,,
0,FORT,,1,1776624322.0544572,111.06,Game,1,Predictable,101.86,1,,,7,92.11,,120,Sound,,,
0,FORT,,1,1776624322.0544572,111.07,Game,1,Predictable,101.87,1,,,7,92.11,,120,Sound,,,
0,FORT,,1,1776624322.0544572,111.08,Game,1,Predictable,101.88,1,,,7,92.11,,120,Sound,,,
0,FORT,,1,1776624322.0544572,111.1,Game,1,Predictable,101.9,1,,,7,92.11,,120,Sound,,,
0,FORT,,1,1776624322.0544572,111.11,Game,1,Predictable,101.91,1,,,7,92.11,,120,Sound,,,
0,FORT,,1,1776624322.0544572,111.12,Game,1,Predictable,101.92,1,,,7,92.11,,120,Sound,,,
0,FORT,,1,1776624322.0544572,111.13,Game,1,Predictable,101.93,1,,,7,92.11,,120,Sound,,,
0,FORT,,1,1776624322.0544572,111.15,Game,1,Predictable,101.95,1,,,7,92.11,,120,Sound,,,
0,FORT,,1,1776624322.0544572,111.16,Game,1,Predictable,101.96,1,,,7,92.11,,120,Sound,,,
0,FORT,,1,1776624322.0544572,111.17,Game,1,Predictable,101.97,1,,,7,92.11,,120,Sound,,,
0,FORT,,1,1776624322.0544572,111.18,Game,1,Predictable,101.98,1,,,7,92.11,,120,Sound,,,
0,FORT,,1,1776624322.0544572,111.2,Game,1,Predictable,102.0,1,,,7,92.11,,120,Sound,,,
0,FORT,,1,1776624322.0544572,111.21,Game,1,Predictable,102.01,1,,,7,92.11,,120,Sound,,,
0,FORT,,1,1776624322.0544572,111.22,Game,1,Predictable,102.02,1,,,7,92.11,,120,Sound,,,
0,FORT,,1,1776624322.0544572,111.23,Game,1,Predictable,102.03,1,,,7,92.11,,120,Sound,,,
0,FORT,,1,1776624322.0544572,111.25,Game,1,Predictable,102.05,1,,,7,92.11,,120,Sound,,,
0,FORT,,1,1776624322.0544572,111.26,Game,1,Predictable,102.06,1,,,7,92.11,,120,Sound,,,
0,FORT,,1,1776624322.0544572,111.27,Game,1,Predictable,102.07,1,,,7,92.11,,120,Sound,,,
0,FORT,,1,1776624322.0544572,111.28,Game,1,Predictable,102.08,1,,,7,92.11,,120,Sound,,,
0,FORT,,1,1776624322.0544572,111.3,Game,1,Predictable,102.1,1,,,7,92.11,,120,Sound,,,
0,FORT,,1,1776624322.0544572,111.31,Game,1,Predictable,102.11,1,,,7,92.11,,120,Sound,,,
0,FORT,,1,1776624322.0544572,111.32,Game,1,Predictable,102.12,1,,,7,92.11,,120,Sound,,,
0,FORT,,1,1776624322.0544572,111.33,Game,1,Predictable,102.13,1,,,7,92.11,,120,Sound,,,
0,FORT,,1,1776624322.0544572,111.35,Game,1,Predictable,102.15,1,,,7,92.11,,120,Sound,,,
0,FORT,,1,1776624322.0544572,111.36,Game,1,Predictable,102.16,1,,,7,92.11,,120,Sound,,,
0,FORT,,1,1776624322.0544572,111.37,Game,1,Predictable,102.17,1,,,7,92.11,,120,Sound,,,
0,FORT,,1,1776624322.0544572,111.38,Game,1,Predictable,102.18,1,,,7,92.11,,120,Sound,,,
0,FORT,,1,1776624322.0544572,111.4,Game,1,Predictable,102.2,1,,,7,92.11,,120,Sound,,,
0,FORT,,1,1776624322.0544572,111.41,Game,1,Predictable,102.21,1,,,7,92.11,,120,Sound,,,
0,FORT,,1,1776624322.0544572,111.42,Game,1,Predictable,102.22,1,,,7,92.11,,120,Sound,,,
0,FORT,,1,1776624322.0544572,111.43,Game,1,Predictable,102.23,1,,,7,92.11,,120,Sound,,,
0,FORT,,1,1776624322.0544572,111.45,Game,1,Predictable,102.25,1,,,7,92.11,,120,Sound,,,
0,FORT,,1,1776624322.0544572,111.46,Game,1,Predictable,102.26,1,,,7,92.11,,120,Sound,,,
0,FORT,,1,1776624322.0544572,111.47,Game,1,Predictable,102.27,1,,,7,92.11,,120,Sound,,,
0,FORT,,1,1776624322.0544572,111.48,Game,1,Predictable,102.28,1,,,7,92.11,,120,Sound,,,
0,FORT,,1,1776624322.0544572,111.5,Game,1,Predictable,102.3,1,,,7,92.11,,120,Sound,,,
0,FORT,,1,1776624322.0544572,111.51,Game,1,Predictable,102.31,1,,,7,92.11,,120,Sound,,,
0,FORT,,1,1776624322.0544572,111.52,Game,1,Predictable,102.32,1,,,7,92.11,,120,Sound,,,
0,FORT,,1,1776624322.0544572,111.53,Game,1,Predictable,102.33,1,,,7,92.11,,120,Sound,,,
0,FORT,,1,1776624322.0544572,111.55,Game,1,Predictable,102.35,1,,,7,92.11,,120,Sound,,,
0,FORT,,1,1776624322.0544572,111.56,Game,1,Predictable,102.36,1,,,7,92.11,,120,Sound,,,
0,FORT,,1,1776624322.0544572,111.57,Game,1,Predictable,102.37,1,,,7,92.11,,120,Sound,,,
0,FORT,,1,1776624322.0544572,111.58,Game,1,Predictable,102.38,1,,,7,92.11,,120,Sound,,,
0,FORT,,1,1776624322.0544572,111.6,Game,1,Predictable,102.4,1,,,7,92.11,,120,Sound,,,
0,FORT,,1,1776624322.0544572,111.61,Game,1,Predictable,102.41,1,,,7,92.11,,120,Sound,,,
0,FORT,,1,1776624322.0544572,111.62,Game,1,Predictable,102.42,1,,,7,92.11,,120,Sound,,,
0,FORT,,1,1776624322.0544572,111.64,Game,1,Predictable,102.44,1,,,7,92.11,,120,Sound,,,
0,FORT,,1,1776624322.0544572,111.65,Game,1,Predictable,102.45,1,,,7,92.11,,120,Sound,,,
0,FORT,,1,1776624322.0544572,111.66,Game,1,Predictable,102.46,1,,,7,92.11,,120,Sound,,,
0,FORT,,1,1776624322.0544572,111.68,Game,1,Predictable,102.48,1,,,7,92.11,,120,Sound,,,
0,FORT,,1,1776624322.0544572,111.69,Game,1,Predictable,102.49,1,,,7,92.11,,120,Sound,,,
0,FORT,,1,1776624322.0544572,111.7,Game,1,Predictable,102.5,1,,,7,92.11,,120,Sound,,,
0,FORT,,1,1776624322.0544572,111.72,Game,1,Predictable,102.52,1,,,7,92.11,,120,Sound,,,
0,FORT,,1,1776624322.0544572,111.73,Game,1,Predictable,102.53,1,,,7,92.11,,120,Sound,,,
0,FORT,,1,1776624322.0544572,111.74,Game,1,Predictable,102.54,1,,,7,92.11,,120,Sound,,,
0,FORT,,1,1776624322.0544572,111.75,Game,1,Predictable,102.55,1,,,7,92.11,,120,Sound,,,
0,FORT,,1,1776624322.0544572,111.77,Game,1,Predictable,102.57,1,,,7,92.11,,120,Sound,,,
0,FORT,,1,1776624322.0544572,111.78,Game,1,Predictable,102.58,1,,,7,92.11,,120,Sound,,,
0,FORT,,1,1776624322.0544572,111.79,Game,1,Predictable,102.59,1,,,7,92.11,,120,Sound,,,
0,FORT,,1,1776624322.0544572,111.8,Game,1,Predictable,102.6,1,,,7,92.11,,120,Sound,,,
0,FORT,,1,1776624322.0544572,111.82,Game,1,Predictable,102.62,1,,,7,92.11,,120,Sound,,,
0,FORT,,1,1776624322.0544572,111.83,Game,1,Predictable,102.63,1,,,7,92.11,,120,Sound,,,
0,FORT,,1,1776624322.0544572,111.84,Game,1,Predictable,102.64,1,,,7,92.11,,120,Sound,,,
0,FORT,,1,1776624322.0544572,111.85,Game,1,Predictable,102.65,1,,,7,92.11,,120,Sound,,,
0,FORT,,1,1776624322.0544572,111.87,Game,1,Predictable,102.67,1,,,7,92.11,,120,Sound,,,
0,FORT,,1,1776624322.0544572,111.88,Game,1,Predictable,102.68,1,,,7,92.11,,120,Sound,,,
0,FORT,,1,1776624322.0544572,111.89,Game,1,Predictable,102.69,1,,,7,92.11,,120,Sound,,,
0,FORT,,1,1776624322.0544572,111.9,Game,1,Predictable,102.7,1,,,7,92.11,,120,Sound,,,
0,FORT,,1,1776624322.0544572,111.92,Game,1,Predictable,102.72,1,,,7,92.11,,120,Sound,,,
0,FORT,,1,1776624322.0544572,111.93,Game,1,Predictable,102.73,1,,,7,92.11,,120,Sound,,,
0,FORT,,1,1776624322.0544572,111.94,Game,1,Predictable,102.74,1,,,7,92.11,,120,Sound,,,
0,FORT,,1,1776624322.0544572,111.95,Game,1,Predictable,102.75,1,,,7,92.11,,120,Sound,,,
0,FORT,,1,1776624322.0544572,111.97,Game,1,Predictable,102.77,1,,,7,92.11,,120,Sound,,,
0,FORT,,1,1776624322.0544572,111.98,Game,1,Predictable,102.78,1,,,7,92.11,,120,Sound,,,
0,FORT,,1,1776624322.0544572,111.99,Game,1,Predictable,102.79,1,,,7,92.11,,120,Sound,,,
0,FORT,,1,1776624322.0544572,112.0,Game,1,Predictable,102.8,1,,,7,92.11,,120,Sound,,,
0,FORT,,1,1776624322.0544572,112.02,Game,1,Predictable,102.82,1,,,7,92.11,,120,Sound,,,
0,FORT,,1,1776624322.0544572,112.03,Game,1,Predictable,102.83,1,,,7,92.11,,120,Sound,,,
0,FORT,,1,1776624322.0544572,112.04,Game,1,Predictable,102.84,1,,,7,92.11,,120,Sound,,,
0,FORT,,1,1776624322.0544572,112.05,Game,1,Predictable,102.85,1,,,7,92.11,,120,Sound,,,
0,FORT,,1,1776624322.0544572,112.07,Game,1,Predictable,102.87,1,,,7,92.11,,120,Sound,,,
0,FORT,,1,1776624322.0544572,112.08,Game,1,Predictable,102.88,1,,,7,92.11,,120,Sound,,,
0,FORT,,1,1776624322.0544572,112.09,Game,1,Predictable,102.89,1,,,7,92.11,,120,Sound,,,
0,FORT,,1,1776624322.0544572,112.1,Game,1,Predictable,102.9,1,,,7,92.11,,120,Sound,,,
0,FORT,,1,1776624322.0544572,112.12,Game,1,Predictable,102.92,1,,,7,92.11,,120,Sound,,,
0,FORT,,1,1776624322.0544572,112.13,Game,1,Predictable,102.93,1,,,7,92.11,,120,Sound,,,
0,FORT,,1,1776624322.0544572,112.14,Game,1,Predictable,102.94,1,,,7,92.11,,120,Sound,,,
0,FORT,,1,1776624322.0544572,112.15,Game,1,Predictable,102.95,1,,,7,92.11,,120,Sound,,,
0,FORT,,1,1776624322.0544572,112.17,Game,1,Predictable,102.97,1,,,7,92.11,,120,Sound,,,
0,FORT,,1,1776624322.0544572,112.18,Game,1,Predictable,102.98,1,,,7,92.11,,120,Sound,,,
0,FORT,,1,1776624322.0544572,112.19,Game,1,Predictable,102.99,1,,,7,92.11,,120,Sound,,,
0,FORT,,1,1776624322.0544572,112.2,Game,1,Predictable,103.0,1,,,7,92.11,,120,Sound,,,
0,FORT,,1,1776624322.0544572,112.22,Game,1,Predictable,103.02,1,,,7,92.11,,120,Sound,,,
0,FORT,,1,1776624322.0544572,112.23,Game,1,Predictable,103.03,1,,,7,92.11,,120,Sound,,,
0,FORT,,1,1776624322.0544572,112.24,Game,1,Predictable,103.04,1,,,7,92.11,,120,Sound,,,
0,FORT,,1,1776624322.0544572,112.25,Game,1,Predictable,103.05,1,,,7,92.11,,120,Sound,,,
0,FORT,,1,1776624322.0544572,112.27,Game,1,Predictable,103.07,1,,,7,92.11,,120,Sound,,,
0,FORT,,1,1776624322.0544572,112.28,Game,1,Predictable,103.08,1,,,7,92.11,,120,Sound,,,
0,FORT,,1,1776624322.0544572,112.29,Game,1,Predictable,103.09,1,,,7,92.11,,120,Sound,,,
0,FORT,,1,1776624322.0544572,112.3,Game,1,Predictable,103.1,1,,,7,92.11,,120,Sound,,,
0,FORT,,1,1776624322.0544572,112.32,Game,1,Predictable,103.12,1,,,7,92.11,,120,Sound,,,
0,FORT,,1,1776624322.0544572,112.33,Game,1,Predictable,103.13,1,,,7,92.11,,120,Sound,,,
0,FORT,,1,1776624322.0544572,112.34,Game,1,Predictable,103.14,1,,,7,92.11,,120,Sound,,,
0,FORT,,1,1776624322.0544572,112.35,Game,1,Predictable,103.15,1,,,7,92.11,,120,Sound,,,
0,FORT,,1,1776624322.0544572,112.37,Game,1,Predictable,103.17,1,,,7,92.11,,120,Sound,,,
0,FORT,,1,1776624322.0544572,112.38,Game,1,Predictable,103.18,1,,,7,92.11,,120,Sound,,,
0,FORT,,1,1776624322.0544572,112.39,Game,1,Predictable,103.19,1,,,7,92.11,,120,Sound,,,
0,FORT,,1,1776624322.0544572,112.4,Game,1,Predictable,103.2,1,,,7,92.11,,120,Sound,,,
0,FORT,,1,1776624322.0544572,112.42,Game,1,Predictable,103.22,1,,,7,92.11,,120,Sound,,,
0,FORT,,1,1776624322.0544572,112.43,Game,1,Predictable,103.23,1,,,7,92.11,,120,Sound,,,
0,FORT,,1,1776624322.0544572,112.44,Game,1,Predictable,103.24,1,,,7,92.11,,120,Sound,,,
0,FORT,,1,1776624322.0544572,112.45,Game,1,Predictable,103.26,1,,,7,92.11,,120,Sound,,,
0,FORT,,1,1776624322.0544572,112.47,Game,1,Predictable,103.27,1,,,7,92.11,,120,Sound,,,
0,FORT,,1,1776624322.0544572,112.48,Game,1,Predictable,103.28,1,,,7,92.11,,120,Sound,,,
0,FORT,,1,1776624322.0544572,112.49,Game,1,Predictable,103.29,1,,,7,92.11,,120,Sound,,,
0,FORT,,1,1776624322.0544572,112.5,Game,1,Predictable,103.3,1,,,7,92.11,,120,Sound,,,
0,FORT,,1,1776624322.0544572,112.52,Game,1,Predictable,103.32,1,,,7,92.11,,120,Sound,,,
0,FORT,,1,1776624322.0544572,112.53,Game,1,Predictable,103.33,1,,,7,92.11,,120,Sound,,,
0,FORT,,1,1776624322.0544572,112.54,Game,1,Predictable,103.34,1,,,7,92.11,,120,Sound,,,
0,FORT,,1,1776624322.0544572,112.55,Game,1,Predictable,103.35,1,,,7,92.11,,120,Sound,,,
0,FORT,,1,1776624322.0544572,112.57,Game,1,Predictable,103.37,1,,,7,92.11,,120,Sound,,,
0,FORT,,1,1776624322.0544572,112.58,Game,1,Predictable,103.38,1,,,7,92.11,,120,Sound,,,
0,FORT,,1,1776624322.0544572,112.59,Game,1,Predictable,103.39,1,,,7,92.11,,120,Sound,,,
0,FORT,,1,1776624322.0544572,112.6,Game,1,Predictable,103.4,1,,,7,92.11,,120,Sound,,,
0,FORT,,1,1776624322.0544572,112.62,Game,1,Predictable,103.42,1,,,7,92.11,,120,Sound,,,
0,FORT,,1,1776624322.0544572,112.63,Game,1,Predictable,103.43,1,,,7,92.11,,120,Sound,,,
0,FORT,,1,1776624322.0544572,112.64,Game,1,Predictable,103.44,1,,,7,92.11,,120,Sound,,,
0,FORT,,1,1776624322.0544572,112.65,Game,1,Predictable,103.45,1,,,7,92.11,,120,Sound,,,
0,FORT,,1,1776624322.0544572,112.67,Game,1,Predictable,103.47,1,,,7,92.11,,120,Sound,,,
0,FORT,,1,1776624322.0544572,112.68,Game,1,Predictable,103.48,1,,,7,92.11,,120,Sound,,,
0,FORT,,1,1776624322.0544572,112.69,Game,1,Predictable,103.49,1,,,7,92.11,,120,Sound,,,
0,FORT,,1,1776624322.0544572,112.7,Game,1,Predictable,103.5,1,,,7,92.11,,120,Sound,,,
0,FORT,,1,1776624322.0544572,112.72,Game,1,Predictable,103.52,1,,,7,92.11,,120,Sound,,,
0,FORT,,1,1776624322.0544572,112.73,Game,1,Predictable,103.53,1,,,7,92.11,,120,Sound,,,
0,FORT,,1,1776624322.0544572,112.74,Game,1,Predictable,103.54,1,,,7,92.11,,120,Sound,,,
0,FORT,,1,1776624322.0544572,112.75,Game,1,Predictable,103.55,1,,,7,92.11,,120,Sound,,,
0,FORT,,1,1776624322.0544572,112.77,Game,1,Predictable,103.57,1,,,7,92.11,,120,Sound,,,
0,FORT,,1,1776624322.0544572,112.78,Game,1,Predictable,103.58,1,,,7,92.11,,120,Sound,,,
0,FORT,,1,1776624322.0544572,112.79,Game,1,Predictable,103.59,1,,,7,92.11,,120,Sound,,,
0,FORT,,1,1776624322.0544572,112.8,Game,1,Predictable,103.6,1,,,7,92.11,,120,Sound,,,
0,FORT,,1,1776624322.0544572,112.82,Game,1,Predictable,103.62,1,,,7,92.11,,120,Sound,,,
0,FORT,,1,1776624322.0544572,112.83,Game,1,Predictable,103.63,1,,,7,92.11,,120,Sound,,,
0,FORT,,1,1776624322.0544572,112.84,Game,1,Predictable,103.64,1,,,7,92.11,,120,Sound,,,
0,FORT,,1,1776624322.0544572,112.85,Game,1,Predictable,103.65,1,,,7,92.11,,120,Sound,,,
0,FORT,,1,1776624322.0544572,112.87,Game,1,Predictable,103.67,1,,,7,92.11,,120,Sound,,,
0,FORT,,1,1776624322.0544572,112.88,Game,1,Predictable,103.68,1,,,7,92.11,,120,Sound,,,
0,FORT,,1,1776624322.0544572,112.89,Game,1,Predictable,103.69,1,,,7,92.11,,120,Sound,,,
0,FORT,,1,1776624322.0544572,112.9,Game,1,Predictable,103.7,1,,,7,92.11,,120,Sound,,,
0,FORT,,1,1776624322.0544572,112.92,Game,1,Predictable,103.72,1,,,7,92.11,,120,Sound,,,
0,FORT,,1,1776624322.0544572,112.93,Game,1,Predictable,103.73,1,,,7,92.11,,120,Sound,,,
0,FORT,,1,1776624322.0544572,112.94,Game,1,Predictable,103.74,1,,,7,92.11,,120,Sound,,,
0,FORT,,1,1776624322.0544572,112.95,Game,1,Predictable,103.75,1,,,7,92.11,,120,Sound,,,
0,FORT,,1,1776624322.0544572,112.97,Game,1,Predictable,103.77,1,,,7,92.11,,120,Sound,,,
0,FORT,,1,1776624322.0544572,112.98,Game,1,Predictable,103.78,1,,,7,92.11,,120,Sound,,,
0,FORT,,1,1776624322.0544572,112.99,Game,1,Predictable,103.79,1,,,7,92.11,,120,Sound,,,
0,FORT,,1,1776624322.0544572,113.0,Game,1,Predictable,103.8,1,,,7,92.11,,120,Sound,,,
0,FORT,,1,1776624322.0544572,113.02,Game,1,Predictable,103.82,1,,,7,92.11,,120,Sound,,,
0,FORT,,1,1776624322.0544572,113.03,Game,1,Predictable,103.83,1,,,7,92.11,,120,Sound,,,
0,FORT,,1,1776624322.0544572,113.04,Game,1,Predictable,103.84,1,,,7,92.11,,120,Sound,,,
0,FORT,,1,1776624322.0544572,113.05,Game,1,Predictable,103.85,1,,,7,92.11,,120,Sound,,,
0,FORT,,1,1776624322.0544572,113.07,Game,1,Predictable,103.87,1,,,7,92.11,,120,Sound,,,
0,FORT,,1,1776624322.0544572,113.08,Game,1,Predictable,103.88,1,,,7,92.11,,120,Sound,,,
0,FORT,,1,1776624322.0544572,113.09,Game,1,Predictable,103.89,1,,,7,92.11,,120,Sound,,,
0,FORT,,1,1776624322.0544572,113.1,Game,1,Predictable,103.9,1,,,7,92.11,,120,Sound,,,
0,FORT,,1,1776624322.0544572,113.12,Game,1,Predictable,103.92,1,,,7,92.11,,120,Sound,,,
0,FORT,,1,1776624322.0544572,113.13,Game,1,Predictable,103.93,1,,,7,92.11,,120,Sound,,,
0,FORT,,1,1776624322.0544572,113.14,Game,1,Predictable,103.94,1,,,7,92.11,,120,Sound,,,
0,FORT,,1,1776624322.0544572,113.15,Game,1,Predictable,103.95,1,,,7,92.11,,120,Sound,,,
0,FORT,,1,1776624322.0544572,113.17,Game,1,Predictable,103.97,1,,,7,92.11,,120,Sound,,,
0,FORT,,1,1776624322.0544572,113.18,Game,1,Predictable,103.98,1,,,7,92.11,,120,Sound,,,
0,FORT,,1,1776624322.0544572,113.19,Game,1,Predictable,103.99,1,,,7,92.11,,120,Sound,,,
0,FORT,,1,1776624322.0544572,113.2,Game,1,Predictable,104.0,1,,,7,92.11,,120,Sound,,,
0,FORT,,1,1776624322.0544572,113.29,Game,1,Predictable,104.1,0,,,7,,,130,Sound,,,
0,FORT,,1,1776624322.0544572,113.33,Game,1,Predictable,104.1,0,,,7,,,130,Sound,,,
0,FORT,,1,1776624322.0544572,113.34,Game,1,Predictable,104.15,0,,,7,,,130,Sound,,,
0,FORT,,1,1776624322.0544572,113.36,Game,1,Predictable,104.16,0,,,7,,,130,Sound,,,
0,FORT,,1,1776624322.0544572,113.37,Game,1,Predictable,104.17,0,,,7,,,130,Sound,,,
0,FORT,,1,1776624322.0544572,113.38,Game,1,Predictable,104.18,0,,,7,,,130,Sound,,,
0,FORT,,1,1776624322.0544572,113.4,Game,1,Predictable,104.2,0,,,7,,,130,Sound,,,
0,FORT,,1,1776624322.0544572,113.41,Game,1,Predictable,104.21,0,,,7,,,130,Sound,,,
0,FORT,,1,1776624322.0544572,113.42,Game,1,Predictable,104.22,0,,,7,,,130,Sound,,,
0,FORT,,1,1776624322.0544572,113.43,Game,1,Predictable,104.23,0,,,7,,,130,Sound,,,
0,FORT,,1,1776624322.0544572,113.45,Game,1,Predictable,104.25,0,,,7,,,130,Sound,,,
0,FORT,,1,1776624322.0544572,113.46,Game,1,Predictable,104.26,0,,,7,,,130,Sound,,,
0,FORT,,1,1776624322.0544572,113.47,Game,1,Predictable,104.27,0,,,7,,,130,Sound,,,
0,FORT,,1,1776624322.0544572,113.48,Game,1,Predictable,104.28,0,,,7,,,130,Sound,,,
0,FORT,,1,1776624322.0544572,113.5,Game,1,Predictable,104.3,0,,,7,,,130,Sound,,,
0,FORT,,1,1776624322.0544572,113.51,Game,1,Predictable,104.31,0,,,7,,,130,Sound,,,
0,FORT,,1,1776624322.0544572,113.52,Game,1,Predictable,104.32,0,,,7,,,130,Sound,,,
0,FORT,,1,1776624322.0544572,113.53,Game,1,Predictable,104.33,0,,,7,,,130,Sound,,,
0,FORT,,1,1776624322.0544572,113.55,Game,1,Predictable,104.35,0,,,7,,,130,Sound,,,
0,FORT,,1,1776624322.0544572,113.56,Game,1,Predictable,104.36,0,,,7,,,130,Sound,,,
0,FORT,,1,1776624322.0544572,113.57,Game,1,Predictable,104.37,0,,,7,,,130,Sound,,,
0,FORT,,1,1776624322.0544572,113.58,Game,1,Predictable,104.38,0,,,7,,,130,Sound,,,
0,FORT,,1,1776624322.0544572,113.6,Game,1,Predictable,104.4,0,,,7,,,130,Sound,,,
0,FORT,,1,1776624322.0544572,113.61,Game,1,Predictable,104.41,0,,,7,,,130,Sound,,,
0,FORT,,1,1776624322.0544572,113.62,Game,1,Predictable,104.42,0,,,7,,,130,Sound,,,
0,FORT,,1,1776624322.0544572,113.63,Game,1,Predictable,104.43,0,,,7,,,130,Sound,,,
0,FORT,,1,1776624322.0544572,113.65,Game,1,Predictable,104.45,0,,,7,,,130,Sound,,,
0,FORT,,1,1776624322.0544572,113.66,Game,1,Predictable,104.46,0,,,7,,,130,Sound,,,
0,FORT,,1,1776624322.0544572,113.67,Game,1,Predictable,104.47,0,,,7,,,130,Sound,,,
0,FORT,,1,1776624322.0544572,113.68,Game,1,Predictable,104.48,0,,,7,,,130,Sound,,,
0,FORT,,1,1776624322.0544572,113.7,Game,1,Predictable,104.5,0,,,7,,,130,Sound,,,
0,FORT,,1,1776624322.0544572,113.71,Game,1,Predictable,104.51,0,,,7,,,130,Sound,,,
0,FORT,,1,1776624322.0544572,113.72,Game,1,Predictable,104.52,0,,,7,,,130,Sound,,,
0,FORT,,1,1776624322.0544572,113.73,Game,1,Predictable,104.53,0,,,7,,,130,Sound,,,
0,FORT,,1,1776624322.0544572,113.75,Game,1,Predictable,104.55,0,,,7,,,130,Sound,,,
0,FORT,,1,1776624322.0544572,113.76,Game,1,Predictable,104.56,0,,,7,,,130,Sound,,,
0,FORT,,1,1776624322.0544572,113.77,Game,1,Predictable,104.57,0,,,7,,,130,Sound,,,
0,FORT,,1,1776624322.0544572,113.78,Game,1,Predictable,104.58,0,,,7,,,130,Sound,,,
0,FORT,,1,1776624322.0544572,113.8,Game,1,Predictable,104.6,0,,,7,,,130,Sound,,,
0,FORT,,1,1776624322.0544572,113.81,Game,1,Predictable,104.61,0,,,7,,,130,Sound,,,
0,FORT,,1,1776624322.0544572,113.82,Game,1,Predictable,104.62,0,,,7,,,130,Sound,,,
0,FORT,,1,1776624322.0544572,113.83,Game,1,Predictable,104.63,0,,,7,,,130,Sound,,,
0,FORT,,1,1776624322.0544572,113.85,Game,1,Predictable,104.65,0,,,7,,,130,Sound,,,
0,FORT,,1,1776624322.0544572,113.86,Game,1,Predictable,104.66,0,,,7,,,130,Sound,,,
0,FORT,,1,1776624322.0544572,113.87,Game,1,Predictable,104.67,0,,,7,,,130,Sound,,,
0,FORT,,1,1776624322.0544572,113.88,Game,1,Predictable,104.68,0,,,7,,,130,Sound,,,
0,FORT,,1,1776624322.0544572,113.9,Game,1,Predictable,104.7,0,,,7,,,130,Sound,,,
0,FORT,,1,1776624322.0544572,113.91,Game,1,Predictable,104.71,0,,,7,,,130,Sound,,,
0,FORT,,1,1776624322.0544572,113.92,Game,1,Predictable,104.72,0,,,7,,,130,Sound,,,
0,FORT,,1,1776624322.0544572,113.93,Game,1,Predictable,104.73,0,,,7,,,130,Sound,,,
0,FORT,,1,1776624322.0544572,113.95,Game,1,Predictable,104.75,0,,,7,,,130,Sound,,,
0,FORT,,1,1776624322.0544572,113.96,Game,1,Predictable,104.76,0,,,7,,,130,Sound,,,
0,FORT,,1,1776624322.0544572,113.97,Game,1,Predictable,104.77,0,,,7,,,130,Sound,,,
0,FORT,,1,1776624322.0544572,113.98,Game,1,Predictable,104.78,0,,,7,,,130,Sound,,,
0,FORT,,1,1776624322.0544572,114.0,Game,1,Predictable,104.8,0,,,7,,,130,Sound,,,
0,FORT,,1,1776624322.0544572,114.01,Game,1,Predictable,104.81,0,,,7,,,130,Sound,,,
0,FORT,,1,1776624322.0544572,114.02,Game,1,Predictable,104.82,0,,,7,,,130,Sound,,,
0,FORT,,1,1776624322.0544572,114.03,Game,1,Predictable,104.83,0,,,7,,,130,Sound,,,
0,FORT,,1,1776624322.0544572,114.05,Game,1,Predictable,104.85,0,,,7,,,130,Sound,,,
0,FORT,,1,1776624322.0544572,114.06,Game,1,Predictable,104.86,0,,,7,,,130,Sound,,,
0,FORT,,1,1776624322.0544572,114.07,Game,1,Predictable,104.87,0,,,7,,,130,Sound,,,
0,FORT,,1,1776624322.0544572,114.08,Game,1,Predictable,104.88,0,,,7,,,130,Sound,,,
0,FORT,,1,1776624322.0544572,114.1,Game,1,Predictable,104.9,0,,,7,,,130,Sound,,,
0,FORT,,1,1776624322.0544572,114.11,Game,1,Predictable,104.91,0,,,7,,,130,Sound,,,
0,FORT,,1,1776624322.0544572,114.12,Game,1,Predictable,104.92,0,,,7,,,130,Sound,,,
0,FORT,,1,1776624322.0544572,114.13,Game,1,Predictable,104.93,0,,,7,,,130,Sound,,,
0,FORT,,1,1776624322.0544572,114.15,Game,1,Predictable,104.95,0,,,7,,,130,Sound,,,
0,FORT,,1,1776624322.0544572,114.16,Game,1,Predictable,104.96,0,,,7,,,130,Sound,,,
0,FORT,,1,1776624322.0544572,114.17,Game,1,Predictable,104.97,0,,,7,,,130,Sound,,,
0,FORT,,1,1776624322.0544572,114.18,Game,1,Predictable,104.98,0,,,7,,,130,Sound,,,
0,FORT,,1,1776624322.0544572,114.2,Game,1,Predictable,105.0,0,,,7,,,130,Sound,,,
0,FORT,,1,1776624322.0544572,114.21,Game,1,Predictable,105.01,0,,,7,,,130,Sound,,,
0,FORT,,1,1776624322.0544572,114.22,Game,1,Predictable,105.02,0,,,7,,,130,Sound,,,
0,FORT,,1,1776624322.0544572,114.23,Game,1,Predictable,105.03,0,,,7,,,130,Sound,,,
0,FORT,,1,1776624322.0544572,114.25,Game,1,Predictable,105.05,0,,,7,,,130,Sound,,,
0,FORT,,1,1776624322.0544572,114.26,Game,1,Predictable,105.06,0,,,7,,,130,Sound,,,
0,FORT,,1,1776624322.0544572,114.27,Game,1,Predictable,105.07,0,,,7,,,130,Sound,,,
0,FORT,,1,1776624322.0544572,114.28,Game,1,Predictable,105.08,0,,,7,,,130,Sound,,,
0,FORT,,1,1776624322.0544572,114.3,Game,1,Predictable,105.1,0,,,7,,,130,Sound,,,
0,FORT,,1,1776624322.0544572,114.31,Game,1,Predictable,105.11,0,,,7,,,130,Sound,,,
0,FORT,,1,1776624322.0544572,114.32,Game,1,Predictable,105.12,0,,,7,,,130,Sound,,,
0,FORT,,1,1776624322.0544572,114.33,Game,1,Predictable,105.13,0,,,7,,,130,Sound,,,
0,FORT,,1,1776624322.0544572,114.35,Game,1,Predictable,105.15,0,,,7,,,130,Sound,,,
0,FORT,,1,1776624322.0544572,114.36,Game,1,Predictable,105.16,0,,,7,,,130,Sound,,,
0,FORT,,1,1776624322.0544572,114.37,Game,1,Predictable,105.17,0,,,7,,,130,Sound,,,
0,FORT,,1,1776624322.0544572,114.38,Game,1,Predictable,105.18,0,,,7,,,130,Sound,,,
0,FORT,,1,1776624322.0544572,114.4,Game,1,Predictable,105.2,0,,,7,,,130,Sound,,,
0,FORT,,1,1776624322.0544572,114.41,Game,1,Predictable,105.21,0,,,7,,,130,Sound,,,
0,FORT,,1,1776624322.0544572,114.42,Game,1,Predictable,105.22,0,,,7,,,130,Sound,,,
0,FORT,,1,1776624322.0544572,114.43,Game,1,Predictable,105.23,0,,,7,,,130,Sound,,,
0,FORT,,1,1776624322.0544572,114.45,Game,1,Predictable,105.25,0,,,7,,,130,Sound,,,
0,FORT,,1,1776624322.0544572,114.46,Game,1,Predictable,105.26,0,,,7,,,130,Sound,,,
0,FORT,,1,1776624322.0544572,114.47,Game,1,Predictable,105.27,0,,,7,,,130,Sound,,,
0,FORT,,1,1776624322.0544572,114.48,Game,1,Predictable,105.28,0,,,7,,,130,Sound,,,
0,FORT,,1,1776624322.0544572,114.5,Game,1,Predictable,105.3,0,,,7,,,130,Sound,,,
0,FORT,,1,1776624322.0544572,114.51,Game,1,Predictable,105.31,0,,,7,,,130,Sound,,,
0,FORT,,1,1776624322.0544572,114.52,Game,1,Predictable,105.32,0,,,7,,,130,Sound,,,
0,FORT,,1,1776624322.0544572,114.53,Game,1,Predictable,105.33,0,,,7,,,130,Sound,,,
0,FORT,,1,1776624322.0544572,114.55,Game,1,Predictable,105.35,0,,,7,,,130,Sound,,,
0,FORT,,1,1776624322.0544572,114.56,Game,1,Predictable,105.36,0,,,7,,,130,Sound,,,
0,FORT,,1,1776624322.0544572,114.57,Game,1,Predictable,105.37,0,,,7,,,130,Sound,,,
0,FORT,,1,1776624322.0544572,114.58,Game,1,Predictable,105.38,0,,,7,,,130,Sound,,,
0,FORT,,1,1776624322.0544572,114.6,Game,1,Predictable,105.4,0,,,7,,,130,Sound,,,
0,FORT,,1,1776624322.0544572,114.61,Game,1,Predictable,105.41,0,,,7,,,130,Sound,,,
0,FORT,,1,1776624322.0544572,114.62,Game,1,Predictable,105.42,0,,,7,,,130,Sound,,,
0,FORT,,1,1776624322.0544572,114.63,Game,1,Predictable,105.43,0,,,7,,,130,Sound,,,
0,FORT,,1,1776624322.0544572,114.65,Game,1,Predictable,105.45,0,,,7,,,130,Sound,,,
0,FORT,,1,1776624322.0544572,114.66,Game,1,Predictable,105.46,0,,,7,,,130,Sound,,,
0,FORT,,1,1776624322.0544572,114.67,Game,1,Predictable,105.47,0,,,7,,,130,Sound,,,
0,FORT,,1,1776624322.0544572,114.68,Game,1,Predictable,105.48,0,,,7,,,130,Sound,,,
0,FORT,,1,1776624322.0544572,114.7,Game,1,Predictable,105.5,0,,,7,,,130,Sound,,,
0,FORT,,1,1776624322.0544572,114.71,Game,1,Predictable,105.51,0,,,7,,,130,Sound,,,
0,FORT,,1,1776624322.0544572,114.72,Game,1,Predictable,105.52,0,,,7,,,130,Sound,,,
0,FORT,,1,1776624322.0544572,114.73,Game,1,Predictable,105.53,0,,,7,,,130,Sound,,,
0,FORT,,1,1776624322.0544572,114.75,Game,1,Predictable,105.55,0,,,7,,,130,Sound,,,
0,FORT,,1,1776624322.0544572,114.76,Game,1,Predictable,105.56,0,,,7,,,130,Sound,,,
0,FORT,,1,1776624322.0544572,114.77,Game,1,Predictable,105.57,0,,,7,,,130,Sound,,,
0,FORT,,1,1776624322.0544572,114.78,Game,1,Predictable,105.58,0,,,7,,,130,Sound,,,
0,FORT,,1,1776624322.0544572,114.8,Game,1,Predictable,105.6,0,,,7,,,130,Sound,,,
0,FORT,,1,1776624322.0544572,114.81,Game,1,Predictable,105.61,0,,,7,,,130,Sound,,,
0,FORT,,1,1776624322.0544572,114.82,Game,1,Predictable,105.62,0,,,7,,,130,Sound,,,
0,FORT,,1,1776624322.0544572,114.83,Game,1,Predictable,105.63,0,,,7,,,130,Sound,,,
0,FORT,,1,1776624322.0544572,114.85,Game,1,Predictable,105.65,0,,,7,,,130,Sound,,,
0,FORT,,1,1776624322.0544572,114.86,Game,1,Predictable,105.66,0,,,7,,,130,Sound,,,
0,FORT,,1,1776624322.0544572,114.87,Game,1,Predictable,105.67,0,,,7,,,130,Sound,,,
0,FORT,,1,1776624322.0544572,114.88,Game,1,Predictable,105.68,0,,,7,,,130,Sound,,,
0,FORT,,1,1776624322.0544572,114.9,Game,1,Predictable,105.7,0,,,7,,,130,Sound,,,
0,FORT,,1,1776624322.0544572,114.91,Game,1,Predictable,105.71,0,,,7,,,130,Sound,,,
0,FORT,,1,1776624322.0544572,114.92,Game,1,Predictable,105.72,0,,,7,,,130,Sound,,,
0,FORT,,1,1776624322.0544572,114.93,Game,1,Predictable,105.73,0,,,7,,,130,Sound,,,
0,FORT,,1,1776624322.0544572,114.95,Game,1,Predictable,105.75,0,,,7,,,130,Sound,,,
0,FORT,,1,1776624322.0544572,114.96,Game,1,Predictable,105.76,0,,,7,,,130,Sound,,,
0,FORT,,1,1776624322.0544572,114.97,Game,1,Predictable,105.77,0,,,7,,,130,Sound,,,
0,FORT,,1,1776624322.0544572,114.98,Game,1,Predictable,105.78,0,,,7,,,130,Sound,,,
0,FORT,,1,1776624322.0544572,115.0,Game,1,Predictable,105.8,0,,,7,,,130,Sound,,,
0,FORT,,1,1776624322.0544572,115.01,Game,1,Predictable,105.81,0,,,7,,,130,Sound,,,
0,FORT,,1,1776624322.0544572,115.02,Game,1,Predictable,105.82,0,,,7,,,130,Sound,,,
0,FORT,,1,1776624322.0544572,115.03,Game,1,Predictable,105.83,0,,,7,,,130,Sound,,,
0,FORT,,1,1776624322.0544572,115.05,Game,1,Predictable,105.85,0,,,7,,,130,Sound,,,
0,FORT,,1,1776624322.0544572,115.06,Game,1,Predictable,105.86,0,,,7,,,130,Sound,,,
0,FORT,,1,1776624322.0544572,115.07,Game,1,Predictable,105.87,0,,,7,,,130,Sound,,,
0,FORT,,1,1776624322.0544572,115.08,Game,1,Predictable,105.88,0,,,7,,,130,Sound,,,
0,FORT,,1,1776624322.0544572,115.1,Game,1,Predictable,105.9,0,,,7,,,130,Sound,,,
0,FORT,,1,1776624322.0544572,115.11,Game,1,Predictable,105.91,0,,,7,,,130,Sound,,,
0,FORT,,1,1776624322.0544572,115.12,Game,1,Predictable,105.92,0,,,7,,,130,Sound,,,
0,FORT,,1,1776624322.0544572,115.13,Game,1,Predictable,105.93,0,,,7,,,130,Sound,,,
0,FORT,,1,1776624322.0544572,115.15,Game,1,Predictable,105.95,0,,,7,,,130,Sound,,,
0,FORT,,1,1776624322.0544572,115.16,Game,1,Predictable,105.96,0,,,7,,,130,Sound,,,
0,FORT,,1,1776624322.0544572,115.17,Game,1,Predictable,105.97,0,,,7,,,130,Sound,,,
0,FORT,,1,1776624322.0544572,115.18,Game,1,Predictable,105.98,0,,,7,,,130,Sound,,,
0,FORT,,1,1776624322.0544572,115.2,Game,1,Predictable,106.0,0,,,7,,,130,Sound,,,
0,FORT,,1,1776624322.0544572,115.21,Game,1,Predictable,106.01,0,,,7,,,130,Sound,,,
0,FORT,,1,1776624322.0544572,115.22,Game,1,Predictable,106.02,0,,,7,,,130,Sound,,,
0,FORT,,1,1776624322.0544572,115.23,Game,1,Predictable,106.03,0,,,7,,,130,Sound,,,
0,FORT,,1,1776624322.0544572,115.25,Game,1,Predictable,106.05,0,,,7,,,130,Sound,,,
0,FORT,,1,1776624322.0544572,115.26,Game,1,Predictable,106.06,0,,,7,,,130,Sound,,,
0,FORT,,1,1776624322.0544572,115.27,Game,1,Predictable,106.07,0,,,7,,,130,Sound,,,
0,FORT,,1,1776624322.0544572,115.28,Game,1,Predictable,106.08,0,,,7,,,130,Sound,,,
0,FORT,,1,1776624322.0544572,115.3,Game,1,Predictable,106.1,0,,,7,,,130,Sound,,,
0,FORT,,1,1776624322.0544572,115.31,Game,1,Predictable,106.11,0,,,7,,,130,Sound,,,
0,FORT,,1,1776624322.0544572,115.32,Game,1,Predictable,106.12,0,,,7,,,130,Sound,,,
0,FORT,,1,1776624322.0544572,115.33,Game,1,Predictable,106.13,0,,,7,,,130,Sound,,,
0,FORT,,1,1776624322.0544572,115.35,Game,1,Predictable,106.15,0,,,7,,,130,Sound,,,
0,FORT,,1,1776624322.0544572,115.36,Game,1,Predictable,106.16,0,,,7,,,130,Sound,,,
0,FORT,,1,1776624322.0544572,115.37,Game,1,Predictable,106.17,0,,,7,,,130,Sound,,,
0,FORT,,1,1776624322.0544572,115.38,Game,1,Predictable,106.18,0,,,7,,,130,Sound,,,
0,FORT,,1,1776624322.0544572,115.4,Game,1,Predictable,106.2,0,,,7,,,130,Sound,,,
0,FORT,,1,1776624322.0544572,115.41,Game,1,Predictable,106.21,0,,,7,,,130,Sound,,,
0,FORT,,1,1776624322.0544572,115.42,Game,1,Predictable,106.22,0,,,7,,,130,Sound,,,
0,FORT,,1,1776624322.0544572,115.43,Game,1,Predictable,106.23,0,,,7,,,130,Sound,,,
0,FORT,,1,1776624322.0544572,115.45,Game,1,Predictable,106.25,0,,,7,,,130,Sound,,,
0,FORT,,1,1776624322.0544572,115.46,Game,1,Predictable,106.26,0,,,7,,,130,Sound,,,
0,FORT,,1,1776624322.0544572,115.47,Game,1,Predictable,106.27,0,,,7,,,130,Sound,,,
0,FORT,,1,1776624322.0544572,115.48,Game,1,Predictable,106.28,0,,,7,,,130,Sound,,,
0,FORT,,1,1776624322.0544572,115.5,Game,1,Predictable,106.3,0,,,7,,,130,Sound,,,
0,FORT,,1,1776624322.0544572,115.51,Game,1,Predictable,106.31,0,,,7,,,130,Sound,,,
0,FORT,,1,1776624322.0544572,115.52,Game,1,Predictable,106.32,0,,,7,,,130,Sound,,,
0,FORT,,1,1776624322.0544572,115.53,Game,1,Predictable,106.33,0,,,7,,,130,Sound,,,
0,FORT,,1,1776624322.0544572,115.55,Game,1,Predictable,106.35,0,,,7,,,130,Sound,,,
0,FORT,,1,1776624322.0544572,115.56,Game,1,Predictable,106.36,0,,,7,,,130,Sound,,,
0,FORT,,1,1776624322.0544572,115.57,Game,1,Predictable,106.37,0,,,7,,,130,Sound,,,
0,FORT,,1,1776624322.0544572,115.58,Game,1,Predictable,106.38,0,,,7,,,130,Sound,,,
0,FORT,,1,1776624322.0544572,115.6,Game,1,Predictable,106.4,0,,,7,,,130,Sound,,,
0,FORT,,1,1776624322.0544572,115.61,Game,1,Predictable,106.41,0,,,7,,,130,Sound,,,
0,FORT,,1,1776624322.0544572,115.62,Game,1,Predictable,106.42,0,,,7,,,130,Sound,,,
0,FORT,,1,1776624322.0544572,115.63,Game,1,Predictable,106.43,0,,,7,,,130,Sound,,,
0,FORT,,1,1776624322.0544572,115.65,Game,1,Predictable,106.45,0,,,7,,,130,Sound,,,
0,FORT,,1,1776624322.0544572,115.66,Game,1,Predictable,106.46,0,,,7,,,130,Sound,,,
0,FORT,,1,1776624322.0544572,115.67,Game,1,Predictable,106.47,0,,,7,,,130,Sound,,,
0,FORT,,1,1776624322.0544572,115.68,Game,1,Predictable,106.48,0,,,7,,,130,Sound,,,
0,FORT,,1,1776624322.0544572,115.7,Game,1,Predictable,106.5,0,,,7,,,130,Sound,,,
0,FORT,,1,1776624322.0544572,115.71,Game,1,Predictable,106.51,0,,,7,,,130,Sound,,,
0,FORT,,1,1776624322.0544572,115.72,Game,1,Predictable,106.52,0,,,7,,,130,Sound,,,
0,FORT,,1,1776624322.0544572,115.73,Game,1,Predictable,106.53,0,,,7,,,130,Sound,,,
0,FORT,,1,1776624322.0544572,115.75,Game,1,Predictable,106.55,0,,,7,,,130,Sound,,,
0,FORT,,1,1776624322.0544572,115.76,Game,1,Predictable,106.56,0,,,7,,,130,Sound,,,
0,FORT,,1,1776624322.0544572,115.77,Game,1,Predictable,106.57,0,,,7,,,130,Sound,,,
0,FORT,,1,1776624322.0544572,115.78,Game,1,Predictable,106.58,0,,,7,,,130,Sound,,,
0,FORT,,1,1776624322.0544572,115.8,Game,1,Predictable,106.6,0,,,7,,,130,Sound,,,
0,FORT,,1,1776624322.0544572,115.81,Game,1,Predictable,106.61,0,,,7,,,130,Sound,,,
0,FORT,,1,1776624322.0544572,115.82,Game,1,Predictable,106.62,0,,,7,,,130,Sound,,,
0,FORT,,1,1776624322.0544572,115.83,Game,1,Predictable,106.63,0,,,7,,,130,Sound,,,
0,FORT,,1,1776624322.0544572,115.85,Game,1,Predictable,106.65,0,,,7,,,130,Sound,,,
0,FORT,,1,1776624322.0544572,115.86,Game,1,Predictable,106.66,0,,,7,,,130,Sound,,,
0,FORT,,1,1776624322.0544572,115.87,Game,1,Predictable,106.67,0,,,7,,,130,Sound,,,
0,FORT,,1,1776624322.0544572,115.88,Game,1,Predictable,106.68,0,,,7,,,130,Sound,,,
0,FORT,,1,1776624322.0544572,115.9,Game,1,Predictable,106.7,0,,,7,,,130,Sound,,,
0,FORT,,1,1776624322.0544572,115.91,Game,1,Predictable,106.71,0,,,7,,,130,Sound,,,
0,FORT,,1,1776624322.0544572,115.92,Game,1,Predictable,106.72,0,,,7,,,130,Sound,,,
0,FORT,,1,1776624322.0544572,115.93,Game,1,Predictable,106.73,0,,,7,,,130,Sound,,,
0,FORT,,1,1776624322.0544572,115.95,Game,1,Predictable,106.75,0,,,7,,,130,Sound,,,
0,FORT,,1,1776624322.0544572,115.96,Game,1,Predictable,106.76,0,,,7,,,130,Sound,,,
0,FORT,,1,1776624322.0544572,115.97,Game,1,Predictable,106.77,0,,,7,,,130,Sound,,,
0,FORT,,1,1776624322.0544572,115.98,Game,1,Predictable,106.78,0,,,7,,,130,Sound,,,
0,FORT,,1,1776624322.0544572,116.0,Game,1,Predictable,106.8,0,,,7,,,130,Sound,,,
0,FORT,,1,1776624322.0544572,116.01,Game,1,Predictable,106.81,0,,,7,,,130,Sound,,,
0,FORT,,1,1776624322.0544572,116.02,Game,1,Predictable,106.82,0,,,7,,,130,Sound,,,
0,FORT,,1,1776624322.0544572,116.03,Game,1,Predictable,106.83,0,,,7,,,130,Sound,,,
0,FORT,,1,1776624322.0544572,116.05,Game,1,Predictable,106.85,0,,,7,,,130,Sound,,,
0,FORT,,1,1776624322.0544572,116.06,Game,1,Predictable,106.86,0,,,7,,,130,Sound,,,
0,FORT,,1,1776624322.0544572,116.07,Game,1,Predictable,106.87,0,,,7,,,130,Sound,,,
0,FORT,,1,1776624322.0544572,116.08,Game,1,Predictable,106.88,0,,,7,,,130,Sound,,,
0,FORT,,1,1776624322.0544572,116.1,Game,1,Predictable,106.9,0,,,7,,,130,Sound,,,
0,FORT,,1,1776624322.0544572,116.11,Game,1,Predictable,106.91,0,,,7,,,130,Sound,,,
0,FORT,,1,1776624322.0544572,116.12,Game,1,Predictable,106.92,0,,,7,,,130,Sound,,,
0,FORT,,1,1776624322.0544572,116.13,Game,1,Predictable,106.93,0,,,7,,,130,Sound,,,
0,FORT,,1,1776624322.0544572,116.15,Game,1,Predictable,106.95,0,,,7,,,130,Sound,,,
0,FORT,,1,1776624322.0544572,116.16,Game,1,Predictable,106.96,0,,,7,,,130,Sound,,,
0,FORT,,1,1776624322.0544572,116.17,Game,1,Predictable,106.97,0,,,7,,,130,Sound,,,
0,FORT,,1,1776624322.0544572,116.18,Game,1,Predictable,106.98,0,,,7,,,130,Sound,,,
0,FORT,,1,1776624322.0544572,116.2,Game,1,Predictable,107.0,0,,,7,,,130,Sound,,,
0,FORT,,1,1776624322.0544572,116.21,Game,1,Predictable,107.01,0,1,,7,,,131,Sound,,,
0,FORT,,1,1776624322.0544572,116.27,Game,1,Predictable,107.01,0,1,,7,,,131,Sound,,,
0,FORT,,1,1776624322.0544572,116.32,Game,1,Predictable,107.01,0,1,,7,,,131,Sound,,,
0,FORT,,1,1776624322.0544572,116.38,Game,1,Predictable,107.01,0,1,,7,,,131,Sound,,,
0,FORT,,1,1776624322.0544572,116.44,Game,1,Predictable,107.01,0,1,,7,,,131,Sound,,,
0,FORT,,1,1776624322.0544572,116.5,Game,1,Predictable,107.01,0,1,,7,,,131,Sound,,,
0,FORT,,1,1776624322.0544572,116.56,Game,1,Predictable,107.01,0,1,,7,,,131,Sound,,,
0,FORT,,1,1776624322.0544572,116.62,Game,1,Predictable,107.01,0,1,,7,,,131,Sound,,,
0,FORT,,1,1776624322.0544572,116.68,Game,1,Predictable,107.01,0,1,,7,,,131,Sound,,,
0,FORT,,1,1776624322.0544572,116.73,Game,1,Predictable,107.01,0,1,,7,,,131,Sound,,,
0,FORT,,1,1776624322.0544572,116.79,Game,1,Predictable,107.01,0,1,,7,,,131,Sound,,,
0,FORT,,1,1776624322.0544572,116.85,Game,1,Predictable,107.01,0,1,,7,,,131,Sound,,,
0,FORT,,1,1776624322.0544572,116.91,Game,1,Predictable,107.01,0,1,,7,,,131,Sound,,,
0,FORT,,1,1776624322.0544572,116.97,Game,1,Predictable,107.01,0,1,,7,,,131,Sound,,,
0,FORT,,1,1776624322.0544572,117.03,Game,1,Predictable,107.01,0,1,,7,,,131,Sound,,,
0,FORT,,1,1776624322.0544572,117.09,Game,1,Predictable,107.01,0,1,,7,,,131,Sound,,,
0,FORT,,1,1776624322.0544572,117.14,Game,1,Predictable,107.01,0,1,,7,,,131,Sound,,,
0,FORT,,1,1776624322.0544572,117.2,Game,1,Predictable,107.01,0,1,,7,,,131,Sound,,,
0,FORT,,1,1776624322.0544572,117.27,Game,1,Predictable,107.01,0,,,7,,,130,Sound,,,
0,FORT,,1,1776624322.0544572,117.28,Game,1,Predictable,108.08,0,,,7,,,130,Sound,,,
0,FORT,,1,1776624322.0544572,117.29,Game,1,Predictable,108.09,0,,,7,,,130,Sound,,,
0,FORT,,1,1776624322.0544572,117.3,Game,1,Predictable,108.1,0,,,7,,,130,Sound,,,
0,FORT,,1,1776624322.0544572,117.32,Game,1,Predictable,108.12,0,,,7,,,130,Sound,,,
0,FORT,,1,1776624322.0544572,117.33,Game,1,Predictable,108.13,0,,,7,,,130,Sound,,,
0,FORT,,1,1776624322.0544572,117.34,Game,1,Predictable,108.14,0,,,7,,,130,Sound,,,
0,FORT,,1,1776624322.0544572,117.35,Game,1,Predictable,108.16,0,,,7,,,130,Sound,,,
0,FORT,,1,1776624322.0544572,117.37,Game,1,Predictable,108.17,0,,,7,,,130,Sound,,,
0,FORT,,1,1776624322.0544572,117.38,Game,1,Predictable,108.18,0,,,7,,,130,Sound,,,
0,FORT,,1,1776624322.0544572,117.39,Game,1,Predictable,108.19,0,,,7,,,130,Sound,,,
0,FORT,,1,1776624322.0544572,117.4,Game,1,Predictable,108.21,0,,,7,,,130,Sound,,,
0,FORT,,1,1776624322.0544572,117.42,Game,1,Predictable,108.22,0,,,7,,,130,Sound,,,
0,FORT,,1,1776624322.0544572,117.43,Game,1,Predictable,108.23,0,,,7,,,130,Sound,,,
0,FORT,,1,1776624322.0544572,117.44,Game,1,Predictable,108.24,0,,,7,,,130,Sound,,,
0,FORT,,1,1776624322.0544572,117.45,Game,1,Predictable,108.26,0,,,7,,,130,Sound,,,
0,FORT,,1,1776624322.0544572,117.47,Game,1,Predictable,108.27,0,,,7,,,130,Sound,,,
0,FORT,,1,1776624322.0544572,117.48,Game,1,Predictable,108.28,0,,,7,,,130,Sound,,,
0,FORT,,1,1776624322.0544572,117.49,Game,1,Predictable,108.29,0,,,7,,,130,Sound,,,
0,FORT,,1,1776624322.0544572,117.5,Game,1,Predictable,108.31,0,,,7,,,130,Sound,,,
0,FORT,,1,1776624322.0544572,117.52,Game,1,Predictable,108.32,0,,,7,,,130,Sound,,,
0,FORT,,1,1776624322.0544572,117.53,Game,1,Predictable,108.33,0,,,7,,,130,Sound,,,
0,FORT,,1,1776624322.0544572,117.54,Game,1,Predictable,108.34,0,,,7,,,130,Sound,,,
0,FORT,,1,1776624322.0544572,117.55,Game,1,Predictable,108.36,0,,,7,,,130,Sound,,,
0,FORT,,1,1776624322.0544572,117.57,Game,1,Predictable,108.37,0,,,7,,,130,Sound,,,
0,FORT,,1,1776624322.0544572,117.58,Game,1,Predictable,108.38,0,,,7,,,130,Sound,,,
0,FORT,,1,1776624322.0544572,117.59,Game,1,Predictable,108.39,0,,,7,,,130,Sound,,,
0,FORT,,1,1776624322.0544572,117.6,Game,1,Predictable,108.41,0,,,7,,,130,Sound,,,
0,FORT,,1,1776624322.0544572,117.62,Game,1,Predictable,108.42,0,,,7,,,130,Sound,,,
0,FORT,,1,1776624322.0544572,117.63,Game,1,Predictable,108.43,0,,,7,,,130,Sound,,,
0,FORT,,1,1776624322.0544572,117.64,Game,1,Predictable,108.44,0,,,7,,,130,Sound,,,
0,FORT,,1,1776624322.0544572,117.65,Game,1,Predictable,108.46,0,,,7,,,130,Sound,,,
0,FORT,,1,1776624322.0544572,117.67,Game,1,Predictable,108.47,0,,,7,,,130,Sound,,,
0,FORT,,1,1776624322.0544572,117.68,Game,1,Predictable,108.48,0,,,7,,,130,Sound,,,
0,FORT,,1,1776624322.0544572,117.69,Game,1,Predictable,108.49,0,,,7,,,130,Sound,,,
0,FORT,,1,1776624322.0544572,117.7,Game,1,Predictable,108.51,0,,,7,,,130,Sound,,,
0,FORT,,1,1776624322.0544572,117.72,Game,1,Predictable,108.52,0,,,7,,,130,Sound,,,
0,FORT,,1,1776624322.0544572,117.73,Game,1,Predictable,108.53,0,,,7,,,130,Sound,,,
0,FORT,,1,1776624322.0544572,117.74,Game,1,Predictable,108.54,0,,,7,,,130,Sound,,,
0,FORT,,1,1776624322.0544572,117.75,Game,1,Predictable,108.56,0,,,7,,,130,Sound,,,
0,FORT,,1,1776624322.0544572,117.77,Game,1,Predictable,108.57,0,,,7,,,130,Sound,,,
0,FORT,,1,1776624322.0544572,117.78,Game,1,Predictable,108.58,0,,,7,,,130,Sound,,,
0,FORT,,1,1776624322.0544572,117.79,Game,1,Predictable,108.59,0,,,7,,,130,Sound,,,
0,FORT,,1,1776624322.0544572,117.8,Game,1,Predictable,108.61,0,,,7,,,130,Sound,,,
0,FORT,,1,1776624322.0544572,117.82,Game,1,Predictable,108.62,0,,,7,,,130,Sound,,,
0,FORT,,1,1776624322.0544572,117.83,Game,1,Predictable,108.63,0,,,7,,,130,Sound,,,
0,FORT,,1,1776624322.0544572,117.84,Game,1,Predictable,108.64,0,,,7,,,130,Sound,,,
0,FORT,,1,1776624322.0544572,117.85,Game,1,Predictable,108.66,0,,,7,,,130,Sound,,,
0,FORT,,1,1776624322.0544572,117.87,Game,1,Predictable,108.67,0,,,7,,,130,Sound,,,
0,FORT,,1,1776624322.0544572,117.88,Game,1,Predictable,108.68,0,,,7,,,130,Sound,,,
0,FORT,,1,1776624322.0544572,117.89,Game,1,Predictable,108.69,0,,,7,,,130,Sound,,,
0,FORT,,1,1776624322.0544572,117.9,Game,1,Predictable,108.71,0,,,7,,,130,Sound,,,
0,FORT,,1,1776624322.0544572,117.92,Game,1,Predictable,108.72,0,,,7,,,130,Sound,,,
0,FORT,,1,1776624322.0544572,117.93,Game,1,Predictable,108.73,0,,,7,,,130,Sound,,,
0,FORT,,1,1776624322.0544572,117.94,Game,1,Predictable,108.74,0,,,7,,,130,Sound,,,
0,FORT,,1,1776624322.0544572,117.95,Game,1,Predictable,108.76,0,,,7,,,130,Sound,,,
0,FORT,,1,1776624322.0544572,117.97,Game,1,Predictable,108.77,0,,,7,,,130,Sound,,,
0,FORT,,1,1776624322.0544572,117.98,Game,1,Predictable,108.78,0,,,7,,,130,Sound,,,
0,FORT,,1,1776624322.0544572,117.99,Game,1,Predictable,108.79,0,,,7,,,130,Sound,,,
0,FORT,,1,1776624322.0544572,118.0,Game,1,Predictable,108.81,0,,,7,,,130,Sound,,,
0,FORT,,1,1776624322.0544572,118.02,Game,1,Predictable,108.82,0,,,7,,,130,Sound,,,
0,FORT,,1,1776624322.0544572,118.03,Game,1,Predictable,108.83,0,,,7,,,130,Sound,,,
0,FORT,,1,1776624322.0544572,118.04,Game,1,Predictable,108.84,0,,,7,,,130,Sound,,,
0,FORT,,1,1776624322.0544572,118.05,Game,1,Predictable,108.86,0,,,7,,,130,Sound,,,
0,FORT,,1,1776624322.0544572,118.07,Game,1,Predictable,108.87,0,,,7,,,130,Sound,,,
0,FORT,,1,1776624322.0544572,118.08,Game,1,Predictable,108.88,0,,,7,,,130,Sound,,,
0,FORT,,1,1776624322.0544572,118.09,Game,1,Predictable,108.89,0,,,7,,,130,Sound,,,
0,FORT,,1,1776624322.0544572,118.1,Game,1,Predictable,108.91,0,,,7,,,130,Sound,,,
0,FORT,,1,1776624322.0544572,118.12,Game,1,Predictable,108.92,0,,,7,,,130,Sound,,,
0,FORT,,1,1776624322.0544572,118.13,Game,1,Predictable,108.93,0,,,7,,,130,Sound,,,
0,FORT,,1,1776624322.0544572,118.14,Game,1,Predictable,108.94,0,,,7,,,130,Sound,,,
0,FORT,,1,1776624322.0544572,118.15,Game,1,Predictable,108.96,0,,,7,,,130,Sound,,,
0,FORT,,1,1776624322.0544572,118.17,Game,1,Predictable,108.97,0,,,7,,,130,Sound,,,
0,FORT,,1,1776624322.0544572,118.18,Game,1,Predictable,108.98,0,,,7,,,130,Sound,,,
0,FORT,,1,1776624322.0544572,118.19,Game,1,Predictable,108.99,0,,,7,,,130,Sound,,,
0,FORT,,1,1776624322.0544572,118.2,Game,1,Predictable,109.01,0,,,7,,,130,Sound,,,
0,FORT,,1,1776624322.0544572,118.22,Game,1,Predictable,109.02,0,,,7,,,130,Sound,,,
0,FORT,,1,1776624322.0544572,118.23,Game,1,Predictable,109.03,0,,,7,,,130,Sound,,,
0,FORT,,1,1776624322.0544572,118.24,Game,1,Predictable,109.04,0,,,7,,,130,Sound,,,
0,FORT,,1,1776624322.0544572,118.25,Game,1,Predictable,109.06,0,,,7,,,130,Sound,,,
0,FORT,,1,1776624322.0544572,118.27,Game,1,Predictable,109.07,0,,,7,,,130,Sound,,,
0,FORT,,1,1776624322.0544572,118.28,Game,1,Predictable,109.08,0,,,7,,,130,Sound,,,
0,FORT,,1,1776624322.0544572,118.29,Game,1,Predictable,109.09,0,,,7,,,130,Sound,,,
0,FORT,,1,1776624322.0544572,118.3,Game,1,Predictable,109.11,0,,,7,,,130,Sound,,,
0,FORT,,1,1776624322.0544572,118.32,Game,1,Predictable,109.12,0,,,7,,,130,Sound,,,
0,FORT,,1,1776624322.0544572,118.33,Game,1,Predictable,109.13,0,,,7,,,130,Sound,,,
0,FORT,,1,1776624322.0544572,118.34,Game,1,Predictable,109.14,0,,,7,,,130,Sound,,,
0,FORT,,1,1776624322.0544572,118.35,Game,1,Predictable,109.16,0,,,7,,,130,Sound,,,
0,FORT,,1,1776624322.0544572,118.37,Game,1,Predictable,109.17,0,,,7,,,130,Sound,,,
0,FORT,,1,1776624322.0544572,118.38,Game,1,Predictable,109.18,0,,,7,,,130,Sound,,,
0,FORT,,1,1776624322.0544572,118.39,Game,1,Predictable,109.19,0,,,7,,,130,Sound,,,
0,FORT,,1,1776624322.0544572,118.4,Game,1,Predictable,109.21,0,,,7,,,130,Sound,,,
0,FORT,,1,1776624322.0544572,118.42,Game,1,Predictable,109.22,0,,,7,,,130,Sound,,,
0,FORT,,1,1776624322.0544572,118.43,Game,1,Predictable,109.23,0,,,7,,,130,Sound,,,
0,FORT,,1,1776624322.0544572,118.44,Game,1,Predictable,109.24,0,,,7,,,130,Sound,,,
0,FORT,,1,1776624322.0544572,118.45,Game,1,Predictable,109.26,0,,,7,,,130,Sound,,,
0,FORT,,1,1776624322.0544572,118.47,Game,1,Predictable,109.27,0,,,7,,,130,Sound,,,
0,FORT,,1,1776624322.0544572,118.48,Game,1,Predictable,109.28,0,,,7,,,130,Sound,,,
0,FORT,,1,1776624322.0544572,118.49,Game,1,Predictable,109.29,0,,,7,,,130,Sound,,,
0,FORT,,1,1776624322.0544572,118.5,Game,1,Predictable,109.31,0,,,7,,,130,Sound,,,
0,FORT,,1,1776624322.0544572,118.52,Game,1,Predictable,109.32,0,,,7,,,130,Sound,,,
0,FORT,,1,1776624322.0544572,118.53,Game,1,Predictable,109.33,0,,,7,,,130,Sound,,,
0,FORT,,1,1776624322.0544572,118.54,Game,1,Predictable,109.34,0,,,7,,,130,Sound,,,
0,FORT,,1,1776624322.0544572,118.55,Game,1,Predictable,109.36,0,,,7,,,130,Sound,,,
0,FORT,,1,1776624322.0544572,118.57,Game,1,Predictable,109.37,0,,,7,,,130,Sound,,,
0,FORT,,1,1776624322.0544572,118.58,Game,1,Predictable,109.38,0,,,7,,,130,Sound,,,
0,FORT,,1,1776624322.0544572,118.59,Game,1,Predictable,109.39,0,,,7,,,130,Sound,,,
0,FORT,,1,1776624322.0544572,118.6,Game,1,Predictable,109.41,0,,,7,,,130,Sound,,,
0,FORT,,1,1776624322.0544572,118.62,Game,1,Predictable,109.42,0,,,7,,,130,Sound,,,
0,FORT,,1,1776624322.0544572,118.63,Game,1,Predictable,109.43,0,,,7,,,130,Sound,,,
0,FORT,,1,1776624322.0544572,118.64,Game,1,Predictable,109.44,0,,,7,,,130,Sound,,,
0,FORT,,1,1776624322.0544572,118.65,Game,1,Predictable,109.46,0,,,7,,,130,Sound,,,
0,FORT,,1,1776624322.0544572,118.67,Game,1,Predictable,109.47,0,,,7,,,130,Sound,,,
0,FORT,,1,1776624322.0544572,118.68,Game,1,Predictable,109.48,0,,,7,,,130,Sound,,,
0,FORT,,1,1776624322.0544572,118.69,Game,1,Predictable,109.49,0,,,7,,,130,Sound,,,
0,FORT,,1,1776624322.0544572,118.7,Game,1,Predictable,109.51,0,,,7,,,130,Sound,,,
0,FORT,,1,1776624322.0544572,118.72,Game,1,Predictable,109.52,0,,,7,,,130,Sound,,,
0,FORT,,1,1776624322.0544572,118.73,Game,1,Predictable,109.53,0,,,7,,,130,Sound,,,
0,FORT,,1,1776624322.0544572,118.74,Game,1,Predictable,109.54,0,,,7,,,130,Sound,,,
0,FORT,,1,1776624322.0544572,118.75,Game,1,Predictable,109.56,0,,,7,,,130,Sound,,,
0,FORT,,1,1776624322.0544572,118.77,Game,1,Predictable,109.57,0,,,7,,,130,Sound,,,
0,FORT,,1,1776624322.0544572,118.78,Game,1,Predictable,109.58,0,,,7,,,130,Sound,,,
0,FORT,,1,1776624322.0544572,118.79,Game,1,Predictable,109.59,0,,,7,,,130,Sound,,,
0,FORT,,1,1776624322.0544572,118.8,Game,1,Predictable,109.61,0,,,7,,,130,Sound,,,
0,FORT,,1,1776624322.0544572,118.82,Game,1,Predictable,109.62,0,,,7,,,130,Sound,,,
0,FORT,,1,1776624322.0544572,118.83,Game,1,Predictable,109.63,0,,,7,,,130,Sound,,,
0,FORT,,1,1776624322.0544572,118.84,Game,1,Predictable,109.64,0,,,7,,,130,Sound,,,
0,FORT,,1,1776624322.0544572,118.85,Game,1,Predictable,109.66,0,,,7,,,130,Sound,,,
0,FORT,,1,1776624322.0544572,118.87,Game,1,Predictable,109.67,0,,,7,,,130,Sound,,,
0,FORT,,1,1776624322.0544572,118.88,Game,1,Predictable,109.68,0,,,7,,,130,Sound,,,
0,FORT,,1,1776624322.0544572,118.89,Game,1,Predictable,109.69,0,,,7,,,130,Sound,,,
0,FORT,,1,1776624322.0544572,118.9,Game,1,Predictable,109.71,0,,,7,,,130,Sound,,,
0,FORT,,1,1776624322.0544572,118.92,Game,1,Predictable,109.72,0,,,7,,,130,Sound,,,
0,FORT,,1,1776624322.0544572,118.93,Game,1,Predictable,109.73,0,,,7,,,130,Sound,,,
0,FORT,,1,1776624322.0544572,118.94,Game,1,Predictable,109.74,0,,,7,,,130,Sound,,,
0,FORT,,1,1776624322.0544572,118.95,Game,1,Predictable,109.76,0,,,7,,,130,Sound,,,
0,FORT,,1,1776624322.0544572,118.97,Game,1,Predictable,109.77,0,,,7,,,130,Sound,,,
0,FORT,,1,1776624322.0544572,118.98,Game,1,Predictable,109.78,0,,,7,,,130,Sound,,,
0,FORT,,1,1776624322.0544572,118.99,Game,1,Predictable,109.79,0,,,7,,,130,Sound,,,
0,FORT,,1,1776624322.0544572,119.0,Game,1,Predictable,109.81,0,,,7,,,130,Sound,,,
0,FORT,,1,1776624322.0544572,119.02,Game,1,Predictable,109.82,0,,,7,,,130,Sound,,,
0,FORT,,1,1776624322.0544572,119.03,Game,1,Predictable,109.83,0,,,7,,,130,Sound,,,
0,FORT,,1,1776624322.0544572,119.04,Game,1,Predictable,109.84,0,,,7,,,130,Sound,,,
0,FORT,,1,1776624322.0544572,119.06,Game,1,Predictable,109.86,0,,,7,,,130,Sound,,,
0,FORT,,1,1776624322.0544572,119.07,Game,1,Predictable,109.87,0,,,7,,,130,Sound,,,
0,FORT,,1,1776624322.0544572,119.08,Game,1,Predictable,109.88,0,,,7,,,130,Sound,,,
0,FORT,,1,1776624322.0544572,119.1,Game,1,Predictable,109.9,0,,,7,,,130,Sound,,,
0,FORT,,1,1776624322.0544572,119.11,Game,1,Predictable,109.91,0,,,7,,,130,Sound,,,
0,FORT,,1,1776624322.0544572,119.12,Game,1,Predictable,109.92,0,,,7,,,130,Sound,,,
0,FORT,,1,1776624322.0544572,119.13,Game,1,Predictable,109.93,0,,,7,,,130,Sound,,,
0,FORT,,1,1776624322.0544572,119.15,Game,1,Predictable,109.95,0,,,7,,,130,Sound,,,
0,FORT,,1,1776624322.0544572,119.16,Game,1,Predictable,109.96,0,,,7,,,130,Sound,,,
0,FORT,,1,1776624322.0544572,119.17,Game,1,Predictable,109.97,0,,,7,,,130,Sound,,,
0,FORT,,1,1776624322.0544572,119.18,Game,1,Predictable,109.98,0,,,7,,,130,Sound,,,
0,FORT,,1,1776624322.0544572,119.2,Game,1,Predictable,110.0,0,,,7,,,130,Sound,,,
0,FORT,,1,1776624322.0544572,119.21,Game,1,Predictable,110.01,0,,,7,,,130,Sound,,,
0,FORT,,1,1776624322.0544572,119.22,Game,1,Predictable,110.02,0,,,7,,,130,Sound,,,
0,FORT,,1,1776624322.0544572,119.23,Game,1,Predictable,110.03,0,,,7,,,130,Sound,,,
0,FORT,,1,1776624322.0544572,119.25,Game,1,Predictable,110.05,0,,,7,,,130,Sound,,,
0,FORT,,1,1776624322.0544572,119.26,Game,1,Predictable,110.06,0,,,7,,,130,Sound,,,
0,FORT,,1,1776624322.0544572,119.27,Game,1,Predictable,110.07,0,,,7,,,130,Sound,,,
0,FORT,,1,1776624322.0544572,119.28,Game,1,Predictable,110.08,0,,,7,,,130,Sound,,,
0,FORT,,1,1776624322.0544572,119.3,Game,1,Predictable,110.1,0,,,7,,,130,Sound,,,
0,FORT,,1,1776624322.0544572,119.31,Game,1,Predictable,110.11,0,,,7,,,130,Sound,,,
0,FORT,,1,1776624322.0544572,119.32,Game,1,Predictable,110.12,0,,,7,,,130,Sound,,,
0,FORT,,1,1776624322.0544572,119.33,Game,1,Predictable,110.13,0,,,7,,,130,Sound,,,
0,FORT,,1,1776624322.0544572,119.35,Game,1,Predictable,110.15,0,,,7,,,130,Sound,,,
0,FORT,,1,1776624322.0544572,119.36,Game,1,Predictable,110.16,0,,,7,,,130,Sound,,,
0,FORT,,1,1776624322.0544572,119.37,Game,1,Predictable,110.17,0,,,7,,,130,Sound,,,
0,FORT,,1,1776624322.0544572,119.38,Game,1,Predictable,110.18,0,,,7,,,130,Sound,,,
0,FORT,,1,1776624322.0544572,119.4,Game,1,Predictable,110.2,0,,,7,,,130,Sound,,,
0,FORT,,1,1776624322.0544572,119.41,Game,1,Predictable,110.21,0,,,7,,,130,Sound,,,
0,FORT,,1,1776624322.0544572,119.42,Game,1,Predictable,110.22,0,,,7,,,130,Sound,,,
0,FORT,,1,1776624322.0544572,119.43,Game,1,Predictable,110.23,0,,,7,,,130,Sound,,,
0,FORT,,1,1776624322.0544572,119.45,Game,1,Predictable,110.25,0,,,7,,,130,Sound,,,
0,FORT,,1,1776624322.0544572,119.46,Game,1,Predictable,110.26,0,,,7,,,130,Sound,,,
0,FORT,,1,1776624322.0544572,119.47,Game,1,Predictable,110.27,0,,,7,,,130,Sound,,,
0,FORT,,1,1776624322.0544572,119.48,Game,1,Predictable,110.28,0,,,7,,,130,Sound,,,
0,FORT,,1,1776624322.0544572,119.5,Game,1,Predictable,110.3,0,,,7,,,130,Sound,,,
0,FORT,,1,1776624322.0544572,119.51,Game,1,Predictable,110.31,0,,,7,,,130,Sound,,,
0,FORT,,1,1776624322.0544572,119.52,Game,1,Predictable,110.32,0,,,7,,,130,Sound,,,
0,FORT,,1,1776624322.0544572,119.53,Game,1,Predictable,110.33,0,,,7,,,130,Sound,,,
0,FORT,,1,1776624322.0544572,119.55,Game,1,Predictable,110.35,0,,,7,,,130,Sound,,,
0,FORT,,1,1776624322.0544572,119.56,Game,1,Predictable,110.36,0,,,7,,,130,Sound,,,
0,FORT,,1,1776624322.0544572,119.57,Game,1,Predictable,110.37,0,,,7,,,130,Sound,,,
0,FORT,,1,1776624322.0544572,119.58,Game,1,Predictable,110.38,0,,,7,,,130,Sound,,,
0,FORT,,1,1776624322.0544572,119.6,Game,1,Predictable,110.4,0,,,7,,,130,Sound,,,
0,FORT,,1,1776624322.0544572,119.61,Game,1,Predictable,110.41,0,,,7,,,130,Sound,,,
0,FORT,,1,1776624322.0544572,119.62,Game,1,Predictable,110.42,0,,,7,,,130,Sound,,,
0,FORT,,1,1776624322.0544572,119.63,Game,1,Predictable,110.43,0,,,7,,,130,Sound,,,
0,FORT,,1,1776624322.0544572,119.65,Game,1,Predictable,110.45,0,,,7,,,130,Sound,,,
0,FORT,,1,1776624322.0544572,119.66,Game,1,Predictable,110.46,0,,,7,,,130,Sound,,,
0,FORT,,1,1776624322.0544572,119.67,Game,1,Predictable,110.47,0,,,7,,,130,Sound,,,
0,FORT,,1,1776624322.0544572,119.68,Game,1,Predictable,110.48,0,,,7,,,130,Sound,,,
0,FORT,,1,1776624322.0544572,119.7,Game,1,Predictable,110.5,0,,,7,,,130,Sound,,,
0,FORT,,1,1776624322.0544572,119.71,Game,1,Predictable,110.51,0,,,7,,,130,Sound,,,
0,FORT,,1,1776624322.0544572,119.72,Game,1,Predictable,110.52,0,,,7,,,130,Sound,,,
0,FORT,,1,1776624322.0544572,119.73,Game,1,Predictable,110.53,0,,,7,,,130,Sound,,,
0,FORT,,1,1776624322.0544572,119.75,Game,1,Predictable,110.55,0,,,7,,,130,Sound,,,
0,FORT,,1,1776624322.0544572,119.76,Game,1,Predictable,110.56,0,,,7,,,130,Sound,,,
0,FORT,,1,1776624322.0544572,119.77,Game,1,Predictable,110.57,0,,,7,,,130,Sound,,,
0,FORT,,1,1776624322.0544572,119.78,Game,1,Predictable,110.58,0,,,7,,,130,Sound,,,
0,FORT,,1,1776624322.0544572,119.8,Game,1,Predictable,110.6,0,,,7,,,130,Sound,,,
0,FORT,,1,1776624322.0544572,119.81,Game,1,Predictable,110.61,0,,,7,,,130,Sound,,,
0,FORT,,1,1776624322.0544572,119.82,Game,1,Predictable,110.62,0,,,7,,,130,Sound,,,
0,FORT,,1,1776624322.0544572,119.83,Game,1,Predictable,110.63,0,,,7,,,130,Sound,,,
0,FORT,,1,1776624322.0544572,119.85,Game,1,Predictable,110.65,0,,,7,,,130,Sound,,,
0,FORT,,1,1776624322.0544572,119.86,Game,1,Predictable,110.66,0,,,7,,,130,Sound,,,
0,FORT,,1,1776624322.0544572,119.87,Game,1,Predictable,110.67,0,,,7,,,130,Sound,,,
0,FORT,,1,1776624322.0544572,119.9,Game,1,Predictable,110.69,0,,,7,,,130,Sound,,,
0,FORT,,1,1776624322.0544572,119.92,Game,1,Predictable,110.71,0,,,7,,,130,Sound,,,
0,FORT,,1,1776624322.0544572,119.93,Game,1,Predictable,110.73,0,,,7,,,130,Sound,,,
0,FORT,,1,1776624322.0544572,119.94,Game,1,Predictable,110.74,0,,,7,,,130,Sound,,,
0,FORT,,1,1776624322.0544572,119.95,Game,1,Predictable,110.76,0,,,7,,,130,Sound,,,
0,FORT,,1,1776624322.0544572,119.97,Game,1,Predictable,110.77,0,,,7,,,130,Sound,,,
0,FORT,,1,1776624322.0544572,119.98,Game,1,Predictable,110.78,0,,,7,,,130,Sound,,,
0,FORT,,1,1776624322.0544572,119.99,Game,1,Predictable,110.79,0,,,7,,,130,Sound,,,
0,FORT,,1,1776624322.0544572,120.0,Game,1,Predictable,110.81,0,,,7,,,130,Sound,,,
0,FORT,,1,1776624322.0544572,120.02,Game,1,Predictable,110.82,0,,,7,,,130,Sound,,,
0,FORT,,1,1776624322.0544572,120.03,Game,1,Predictable,110.83,0,,,7,,,130,Sound,,,
0,FORT,,1,1776624322.0544572,120.04,Game,1,Predictable,110.84,0,,,7,,,130,Sound,,,
0,FORT,,1,1776624322.0544572,120.05,Game,1,Predictable,110.86,0,,,7,,,130,Sound,,,
0,FORT,,1,1776624322.0544572,120.07,Game,1,Predictable,110.87,0,,,7,,,130,Sound,,,
0,FORT,,1,1776624322.0544572,120.08,Game,1,Predictable,110.88,0,,,7,,,130,Sound,,,
0,FORT,,1,1776624322.0544572,120.09,Game,1,Predictable,110.89,0,,,7,,,130,Sound,,,
0,FORT,,1,1776624322.0544572,120.1,Game,1,Predictable,110.91,0,,,7,,,130,Sound,,,
0,FORT,,1,1776624322.0544572,120.12,Game,1,Predictable,110.92,0,,,7,,,130,Sound,,,
0,FORT,,1,1776624322.0544572,120.13,Game,1,Predictable,110.93,0,,,7,,,130,Sound,,,
0,FORT,,1,1776624322.0544572,120.14,Game,1,Predictable,110.94,0,,,7,,,130,Sound,,,
0,FORT,,1,1776624322.0544572,120.15,Game,1,Predictable,110.96,0,,,7,,,130,Sound,,,
0,FORT,,1,1776624322.0544572,120.17,Game,1,Predictable,110.97,0,,,7,,,130,Sound,,,
0,FORT,,1,1776624322.0544572,120.18,Game,1,Predictable,110.98,0,,,7,,,130,Sound,,,
0,FORT,,1,1776624322.0544572,120.19,Game,1,Predictable,110.99,0,,,7,,,130,Sound,,,
0,FORT,,1,1776624322.0544572,120.2,Game,1,Predictable,111.01,0,,,7,,,130,Sound,,,
0,FORT,,1,1776624322.0544572,120.22,Game,1,Predictable,111.02,0,,,7,,,130,Sound,,,
0,FORT,,1,1776624322.0544572,120.23,Game,1,Predictable,111.03,0,,,7,,,130,Sound,,,
0,FORT,,1,1776624322.0544572,120.24,Game,1,Predictable,111.04,0,,,7,,,130,Sound,,,
0,FORT,,1,1776624322.0544572,120.25,Game,1,Predictable,111.06,0,,,7,,,130,Sound,,,
0,FORT,,1,1776624322.0544572,120.27,Game,1,Predictable,111.07,0,,,7,,,130,Sound,,,
0,FORT,,1,1776624322.0544572,120.28,Game,1,Predictable,111.08,0,,,7,,,130,Sound,,,
0,FORT,,1,1776624322.0544572,120.29,Game,1,Predictable,111.09,0,,,7,,,130,Sound,,,
0,FORT,,1,1776624322.0544572,120.3,Game,1,Predictable,111.11,0,,,7,,,130,Sound,,,
0,FORT,,1,1776624322.0544572,120.32,Game,1,Predictable,111.12,0,,,7,,,130,Sound,,,
0,FORT,,1,1776624322.0544572,120.33,Game,1,Predictable,111.13,0,,,7,,,130,Sound,,,
0,FORT,,1,1776624322.0544572,120.34,Game,1,Predictable,111.14,0,,,7,,,130,Sound,,,
0,FORT,,1,1776624322.0544572,120.35,Game,1,Predictable,111.16,0,,,7,,,130,Sound,,,
0,FORT,,1,1776624322.0544572,120.37,Game,1,Predictable,111.17,0,,,7,,,130,Sound,,,
0,FORT,,1,1776624322.0544572,120.38,Game,1,Predictable,111.18,0,,,7,,,130,Sound,,,
0,FORT,,1,1776624322.0544572,120.39,Game,1,Predictable,111.19,0,,,7,,,130,Sound,,,
0,FORT,,1,1776624322.0544572,120.4,Game,1,Predictable,111.21,0,,,7,,,130,Sound,,,
0,FORT,,1,1776624322.0544572,120.42,Game,1,Predictable,111.22,0,,,7,,,130,Sound,,,
0,FORT,,1,1776624322.0544572,120.43,Game,1,Predictable,111.23,0,,,7,,,130,Sound,,,
0,FORT,,1,1776624322.0544572,120.44,Game,1,Predictable,111.24,0,,,7,,,130,Sound,,,
0,FORT,,1,1776624322.0544572,120.45,Game,1,Predictable,111.26,0,,,7,,,130,Sound,,,
0,FORT,,1,1776624322.0544572,120.47,Game,1,Predictable,111.27,0,,,7,,,130,Sound,,,
0,FORT,,1,1776624322.0544572,120.48,Game,1,Predictable,111.28,0,,,7,,,130,Sound,,,
0,FORT,,1,1776624322.0544572,120.49,Game,1,Predictable,111.29,0,,,7,,,130,Sound,,,
0,FORT,,1,1776624322.0544572,120.5,Game,1,Predictable,111.31,0,,,7,,,130,Sound,,,
0,FORT,,1,1776624322.0544572,120.52,Game,1,Predictable,111.32,0,,,7,,,130,Sound,,,
0,FORT,,1,1776624322.0544572,120.53,Game,1,Predictable,111.33,0,,,7,,,130,Sound,,,
0,FORT,,1,1776624322.0544572,120.54,Game,1,Predictable,111.34,0,,,7,,,130,Sound,,,
0,FORT,,1,1776624322.0544572,120.55,Game,1,Predictable,111.36,0,,,7,,,130,Sound,,,
0,FORT,,1,1776624322.0544572,120.57,Game,1,Predictable,111.37,0,,,7,,,130,Sound,,,
0,FORT,,1,1776624322.0544572,120.58,Game,1,Predictable,111.38,0,,,7,,,130,Sound,,,
0,FORT,,1,1776624322.0544572,120.59,Game,1,Predictable,111.39,0,,,7,,,130,Sound,,,
0,FORT,,1,1776624322.0544572,120.6,Game,1,Predictable,111.41,0,,,7,,,130,Sound,,,
0,FORT,,1,1776624322.0544572,120.62,Game,1,Predictable,111.42,0,,,7,,,130,Sound,,,
0,FORT,,1,1776624322.0544572,120.63,Game,1,Predictable,111.43,0,,,7,,,130,Sound,,,
0,FORT,,1,1776624322.0544572,120.64,Game,1,Predictable,111.44,0,,,7,,,130,Sound,,,
0,FORT,,1,1776624322.0544572,120.65,Game,1,Predictable,111.46,0,,,7,,,130,Sound,,,
0,FORT,,1,1776624322.0544572,120.67,Game,1,Predictable,111.47,0,,,7,,,130,Sound,,,
0,FORT,,1,1776624322.0544572,120.68,Game,1,Predictable,111.48,0,,,7,,,130,Sound,,,
0,FORT,,1,1776624322.0544572,120.69,Game,1,Predictable,111.49,0,,,7,,,130,Sound,,,
0,FORT,,1,1776624322.0544572,120.7,Game,1,Predictable,111.51,0,,,7,,,130,Sound,,,
0,FORT,,1,1776624322.0544572,120.72,Game,1,Predictable,111.52,0,,,7,,,130,Sound,,,
0,FORT,,1,1776624322.0544572,120.73,Game,1,Predictable,111.53,0,,,7,,,130,Sound,,,
0,FORT,,1,1776624322.0544572,120.74,Game,1,Predictable,111.54,0,,,7,,,130,Sound,,,
0,FORT,,1,1776624322.0544572,120.75,Game,1,Predictable,111.56,0,,,7,,,130,Sound,,,
0,FORT,,1,1776624322.0544572,120.77,Game,1,Predictable,111.57,0,,,7,,,130,Sound,,,
0,FORT,,1,1776624322.0544572,120.78,Game,1,Predictable,111.58,0,,,7,,,130,Sound,,,
0,FORT,,1,1776624322.0544572,120.79,Game,1,Predictable,111.59,0,,,7,,,130,Sound,,,
0,FORT,,1,1776624322.0544572,120.8,Game,1,Predictable,111.61,0,,,7,,,130,Sound,,,
0,FORT,,1,1776624322.0544572,120.82,Game,1,Predictable,111.62,0,,,7,,,130,Sound,,,
0,FORT,,1,1776624322.0544572,120.83,Game,1,Predictable,111.63,0,,,7,,,130,Sound,,,
0,FORT,,1,1776624322.0544572,120.84,Game,1,Predictable,111.64,0,,,7,,,130,Sound,,,
0,FORT,,1,1776624322.0544572,120.86,Game,1,Predictable,111.66,0,,,7,,,130,Sound,,,
0,FORT,,1,1776624322.0544572,120.88,Game,1,Predictable,111.67,0,,,7,,,130,Sound,,,
0,FORT,,1,1776624322.0544572,120.9,Game,1,Predictable,111.7,0,,,7,,,130,Sound,,,
0,FORT,,1,1776624322.0544572,120.91,Game,1,Predictable,111.71,0,,,7,,,130,Sound,,,
0,FORT,,1,1776624322.0544572,120.92,Game,1,Predictable,111.73,0,,,7,,,130,Sound,,,
0,FORT,,1,1776624322.0544572,120.94,Game,1,Predictable,111.74,0,,,7,,,130,Sound,,,
0,FORT,,1,1776624322.0544572,120.95,Game,1,Predictable,111.75,0,,,7,,,130,Sound,,,
0,FORT,,1,1776624322.0544572,120.96,Game,1,Predictable,111.76,0,,,7,,,130,Sound,,,
0,FORT,,1,1776624322.0544572,120.98,Game,1,Predictable,111.78,0,,,7,,,130,Sound,,,
0,FORT,,1,1776624322.0544572,120.99,Game,1,Predictable,111.79,0,,,7,,,130,Sound,,,
0,FORT,,1,1776624322.0544572,121.0,Game,1,Predictable,111.8,0,,,7,,,130,Sound,,,
0,FORT,,1,1776624322.0544572,121.02,Game,1,Predictable,111.82,0,,,7,,,130,Sound,,,
0,FORT,,1,1776624322.0544572,121.03,Game,1,Predictable,111.83,0,,,7,,,130,Sound,,,
0,FORT,,1,1776624322.0544572,121.04,Game,1,Predictable,111.84,0,,,7,,,130,Sound,,,
0,FORT,,1,1776624322.0544572,121.06,Game,1,Predictable,111.86,0,,,7,,,130,Sound,,,
0,FORT,,1,1776624322.0544572,121.07,Game,1,Predictable,111.87,0,,,7,,,130,Sound,,,
0,FORT,,1,1776624322.0544572,121.08,Game,1,Predictable,111.88,0,,,7,,,130,Sound,,,
0,FORT,,1,1776624322.0544572,121.1,Game,1,Predictable,111.9,0,,,7,,,130,Sound,,,
0,FORT,,1,1776624322.0544572,121.11,Game,1,Predictable,111.91,0,,,7,,,130,Sound,,,
0,FORT,,1,1776624322.0544572,121.12,Game,1,Predictable,111.92,0,,,7,,,130,Sound,,,
0,FORT,,1,1776624322.0544572,121.13,Game,1,Predictable,111.94,0,,,7,,,130,Sound,,,
0,FORT,,1,1776624322.0544572,121.15,Game,1,Predictable,111.95,0,,,7,,,130,Sound,,,
0,FORT,,1,1776624322.0544572,121.16,Game,1,Predictable,111.96,0,,,7,,,130,Sound,,,
0,FORT,,1,1776624322.0544572,121.17,Game,1,Predictable,111.97,0,,,7,,,130,Sound,,,
0,FORT,,1,1776624322.0544572,121.18,Game,1,Predictable,111.98,0,,,7,,,130,Sound,,,
0,FORT,,1,1776624322.0544572,121.2,Game,1,Predictable,112.0,0,,,7,,,130,Sound,,,
0,FORT,,1,1776624322.0544572,121.21,Game,1,Predictable,112.01,0,,,7,,,130,Sound,,,
0,FORT,,1,1776624322.0544572,121.22,Game,1,Predictable,112.02,0,,,7,,,130,Sound,,,
0,FORT,,1,1776624322.0544572,121.23,Game,1,Predictable,112.03,0,,,7,,,130,Sound,,,
0,FORT,,1,1776624322.0544572,121.25,Game,1,Predictable,112.05,0,,,7,,,130,Sound,,,
0,FORT,,1,1776624322.0544572,121.26,Game,1,Predictable,112.06,0,,,7,,,130,Sound,,,
0,FORT,,1,1776624322.0544572,121.27,Game,1,Predictable,112.07,0,,,7,,,130,Sound,,,
0,FORT,,1,1776624322.0544572,121.28,Game,1,Predictable,112.08,0,,,7,,,130,Sound,,,
0,FORT,,1,1776624322.0544572,121.3,Game,1,Predictable,112.1,0,,,7,,,130,Sound,,,
0,FORT,,1,1776624322.0544572,121.31,Game,1,Predictable,112.11,0,,,7,,,130,Sound,,,
0,FORT,,1,1776624322.0544572,121.32,Game,1,Predictable,112.12,0,,,7,,,130,Sound,,,
0,FORT,,1,1776624322.0544572,121.33,Game,1,Predictable,112.13,0,,,7,,,130,Sound,,,
0,FORT,,1,1776624322.0544572,121.35,Game,1,Predictable,112.15,0,,,7,,,130,Sound,,,
0,FORT,,1,1776624322.0544572,121.36,Game,1,Predictable,112.16,0,,,7,,,130,Sound,,,
0,FORT,,1,1776624322.0544572,121.37,Game,1,Predictable,112.17,0,,,7,,,130,Sound,,,
0,FORT,,1,1776624322.0544572,121.38,Game,1,Predictable,112.19,0,,,7,,,130,Sound,,,
0,FORT,,1,1776624322.0544572,121.4,Game,1,Predictable,112.2,0,,,7,,,130,Sound,,,
0,FORT,,1,1776624322.0544572,121.41,Game,1,Predictable,112.21,0,,,7,,,130,Sound,,,
0,FORT,,1,1776624322.0544572,121.42,Game,1,Predictable,112.22,0,,,7,,,130,Sound,,,
0,FORT,,1,1776624322.0544572,121.43,Game,1,Predictable,112.23,0,,,7,,,130,Sound,,,
0,FORT,,1,1776624322.0544572,121.45,Game,1,Predictable,112.25,0,,,7,,,130,Sound,,,
0,FORT,,1,1776624322.0544572,121.46,Game,1,Predictable,112.26,0,,,7,,,130,Sound,,,
0,FORT,,1,1776624322.0544572,121.47,Game,1,Predictable,112.27,0,,,7,,,130,Sound,,,
0,FORT,,1,1776624322.0544572,121.48,Game,1,Predictable,112.29,0,,,7,,,130,Sound,,,
0,FORT,,1,1776624322.0544572,121.5,Game,1,Predictable,112.3,0,,,7,,,130,Sound,,,
0,FORT,,1,1776624322.0544572,121.51,Game,1,Predictable,112.31,0,,,7,,,130,Sound,,,
0,FORT,,1,1776624322.0544572,121.52,Game,1,Predictable,112.32,0,,,7,,,130,Sound,,,
0,FORT,,1,1776624322.0544572,121.55,Game,1,Predictable,112.34,0,,,7,,,130,Sound,,,
0,FORT,,1,1776624322.0544572,121.57,Game,1,Predictable,112.37,0,,,7,,,130,Sound,,,
0,FORT,,1,1776624322.0544572,121.58,Game,1,Predictable,112.38,0,,,7,,,130,Sound,,,
0,FORT,,1,1776624322.0544572,121.59,Game,1,Predictable,112.39,0,,,7,,,130,Sound,,,
0,FORT,,1,1776624322.0544572,121.61,Game,1,Predictable,112.41,0,,,7,,,130,Sound,,,
0,FORT,,1,1776624322.0544572,121.62,Game,1,Predictable,112.42,0,,,7,,,130,Sound,,,
0,FORT,,1,1776624322.0544572,121.63,Game,1,Predictable,112.43,0,,,7,,,130,Sound,,,
0,FORT,,1,1776624322.0544572,121.65,Game,1,Predictable,112.45,0,,,7,,,130,Sound,,,
0,FORT,,1,1776624322.0544572,121.66,Game,1,Predictable,112.46,0,,,7,,,130,Sound,,,
0,FORT,,1,1776624322.0544572,121.67,Game,1,Predictable,112.47,0,,,7,,,130,Sound,,,
0,FORT,,1,1776624322.0544572,121.68,Game,1,Predictable,112.49,0,,,7,,,130,Sound,,,
0,FORT,,1,1776624322.0544572,121.7,Game,1,Predictable,112.5,0,,,7,,,130,Sound,,,
0,FORT,,1,1776624322.0544572,121.71,Game,1,Predictable,112.51,0,,,7,,,130,Sound,,,
0,FORT,,1,1776624322.0544572,121.72,Game,1,Predictable,112.52,0,,,7,,,130,Sound,,,
0,FORT,,1,1776624322.0544572,121.73,Game,1,Predictable,112.54,0,,,7,,,130,Sound,,,
0,FORT,,1,1776624322.0544572,121.75,Game,1,Predictable,112.55,0,,,7,,,130,Sound,,,
0,FORT,,1,1776624322.0544572,121.76,Game,1,Predictable,112.56,0,,,7,,,130,Sound,,,
0,FORT,,1,1776624322.0544572,121.77,Game,1,Predictable,112.57,0,,,7,,,130,Sound,,,
0,FORT,,1,1776624322.0544572,121.78,Game,1,Predictable,112.58,0,,,7,,,130,Sound,,,
0,FORT,,1,1776624322.0544572,121.8,Game,1,Predictable,112.6,0,,,7,,,130,Sound,,,
0,FORT,,1,1776624322.0544572,121.81,Game,1,Predictable,112.61,0,,,7,,,130,Sound,,,
0,FORT,,1,1776624322.0544572,121.82,Game,1,Predictable,112.62,0,,,7,,,130,Sound,,,
0,FORT,,1,1776624322.0544572,121.85,Game,1,Predictable,112.64,0,,,7,,,130,Sound,,,
0,FORT,,1,1776624322.0544572,121.87,Game,1,Predictable,112.66,0,,,7,,,130,Sound,,,
0,FORT,,1,1776624322.0544572,121.88,Game,1,Predictable,112.68,0,,,7,,,130,Sound,,,
0,FORT,,1,1776624322.0544572,121.89,Game,1,Predictable,112.69,0,,,7,,,130,Sound,,,
0,FORT,,1,1776624322.0544572,121.91,Game,1,Predictable,112.71,0,,,7,,,130,Sound,,,
0,FORT,,1,1776624322.0544572,121.93,Game,1,Predictable,112.72,0,,,7,,,130,Sound,,,
0,FORT,,1,1776624322.0544572,121.95,Game,1,Predictable,112.75,0,,,7,,,130,Sound,,,
0,FORT,,1,1776624322.0544572,121.96,Game,1,Predictable,112.76,0,,,7,,,130,Sound,,,
0,FORT,,1,1776624322.0544572,121.98,Game,1,Predictable,112.78,0,,,7,,,130,Sound,,,
0,FORT,,1,1776624322.0544572,121.99,Game,1,Predictable,112.79,0,,,7,,,130,Sound,,,
0,FORT,,1,1776624322.0544572,122.0,Game,1,Predictable,112.8,0,,,7,,,130,Sound,,,
0,FORT,,1,1776624322.0544572,122.01,Game,1,Predictable,112.81,0,,,7,,,130,Sound,,,
0,FORT,,1,1776624322.0544572,122.03,Game,1,Predictable,112.83,0,,,7,,,130,Sound,,,
0,FORT,,1,1776624322.0544572,122.04,Game,1,Predictable,112.84,0,,,7,,,130,Sound,,,
0,FORT,,1,1776624322.0544572,122.05,Game,1,Predictable,112.85,0,,,7,,,130,Sound,,,
0,FORT,,1,1776624322.0544572,122.06,Game,1,Predictable,112.86,0,,,7,,,130,Sound,,,
0,FORT,,1,1776624322.0544572,122.08,Game,1,Predictable,112.88,0,,,7,,,130,Sound,,,
0,FORT,,1,1776624322.0544572,122.09,Game,1,Predictable,112.89,0,,,7,,,130,Sound,,,
0,FORT,,1,1776624322.0544572,122.12,Game,1,Predictable,112.9,0,,,7,,,130,Sound,,,
0,FORT,,1,1776624322.0544572,122.13,Game,1,Predictable,112.93,0,,,7,,,130,Sound,,,
0,FORT,,1,1776624322.0544572,122.15,Game,1,Predictable,112.95,0,,,7,,,130,Sound,,,
0,FORT,,1,1776624322.0544572,122.16,Game,1,Predictable,112.96,0,,,7,,,130,Sound,,,
0,FORT,,1,1776624322.0544572,122.17,Game,1,Predictable,112.97,0,,,7,,,130,Sound,,,
0,FORT,,1,1776624322.0544572,122.19,Game,1,Predictable,112.99,0,,,7,,,130,Sound,,,
0,FORT,,1,1776624322.0544572,122.2,Game,1,Predictable,113.0,0,,,7,,,130,Sound,,,
0,FORT,,1,1776624322.0544572,122.21,Game,1,Predictable,113.01,0,,,7,,,130,Sound,,,
0,FORT,,1,1776624322.0544572,122.23,Game,1,Predictable,113.03,0,,,7,,,130,Sound,,,
0,FORT,,1,1776624322.0544572,122.24,Game,1,Predictable,113.04,0,,,7,,,130,Sound,,,
0,FORT,,1,1776624322.0544572,122.25,Game,1,Predictable,113.05,0,,,7,,,130,Sound,,,
0,FORT,,1,1776624322.0544572,122.26,Game,1,Predictable,113.06,0,,,7,,,130,Sound,,,
0,FORT,,1,1776624322.0544572,122.28,Game,1,Predictable,113.08,0,,,7,,,130,Sound,,,
0,FORT,,1,1776624322.0544572,122.29,Game,1,Predictable,113.09,0,,,7,,,130,Sound,,,
0,FORT,,1,1776624322.0544572,122.3,Game,1,Predictable,113.1,0,,,7,,,130,Sound,,,
0,FORT,,1,1776624322.0544572,122.31,Game,1,Predictable,113.11,0,,,7,,,130,Sound,,,
0,FORT,,1,1776624322.0544572,122.33,Game,1,Predictable,113.13,0,,,7,,,130,Sound,,,
0,FORT,,1,1776624322.0544572,122.34,Game,1,Predictable,113.14,0,,,7,,,130,Sound,,,
0,FORT,,1,1776624322.0544572,122.35,Game,1,Predictable,113.15,0,,,7,,,130,Sound,,,
0,FORT,,1,1776624322.0544572,122.36,Game,1,Predictable,113.16,0,,,7,,,130,Sound,,,
0,FORT,,1,1776624322.0544572,122.38,Game,1,Predictable,113.18,0,,,7,,,130,Sound,,,
0,FORT,,1,1776624322.0544572,122.39,Game,1,Predictable,113.19,0,,,7,,,130,Sound,,,
0,FORT,,1,1776624322.0544572,122.4,Game,1,Predictable,113.2,0,,,7,,,130,Sound,,,
0,FORT,,1,1776624322.0544572,122.41,Game,1,Predictable,113.21,0,,,7,,,130,Sound,,,
0,FORT,,1,1776624322.0544572,122.43,Game,1,Predictable,113.23,0,,,7,,,130,Sound,,,
0,FORT,,1,1776624322.0544572,122.44,Game,1,Predictable,113.24,0,,,7,,,130,Sound,,,
0,FORT,,1,1776624322.0544572,122.45,Game,1,Predictable,113.25,0,,,7,,,130,Sound,,,
0,FORT,,1,1776624322.0544572,122.46,Game,1,Predictable,113.26,0,,,7,,,130,Sound,,,
0,FORT,,1,1776624322.0544572,122.48,Game,1,Predictable,113.28,0,,,7,,,130,Sound,,,
0,FORT,,1,1776624322.0544572,122.49,Game,1,Predictable,113.29,0,,,7,,,130,Sound,,,
0,FORT,,1,1776624322.0544572,122.5,Game,1,Predictable,113.3,0,,,7,,,130,Sound,,,
0,FORT,,1,1776624322.0544572,122.51,Game,1,Predictable,113.31,0,,,7,,,130,Sound,,,
0,FORT,,1,1776624322.0544572,122.53,Game,1,Predictable,113.33,0,,,7,,,130,Sound,,,
0,FORT,,1,1776624322.0544572,122.54,Game,1,Predictable,113.34,0,,,7,,,130,Sound,,,
0,FORT,,1,1776624322.0544572,122.55,Game,1,Predictable,113.35,0,,,7,,,130,Sound,,,
0,FORT,,1,1776624322.0544572,122.56,Game,1,Predictable,113.36,0,,,7,,,130,Sound,,,
0,FORT,,1,1776624322.0544572,122.58,Game,1,Predictable,113.38,0,,,7,,,130,Sound,,,
0,FORT,,1,1776624322.0544572,122.59,Game,1,Predictable,113.39,0,,,7,,,130,Sound,,,
0,FORT,,1,1776624322.0544572,122.6,Game,1,Predictable,113.4,0,,,7,,,130,Sound,,,
0,FORT,,1,1776624322.0544572,122.61,Game,1,Predictable,113.41,0,,,7,,,130,Sound,,,
0,FORT,,1,1776624322.0544572,122.63,Game,1,Predictable,113.43,0,,,7,,,130,Sound,,,
0,FORT,,1,1776624322.0544572,122.64,Game,1,Predictable,113.44,0,,,7,,,130,Sound,,,
0,FORT,,1,1776624322.0544572,122.65,Game,1,Predictable,113.45,0,,,7,,,130,Sound,,,
0,FORT,,1,1776624322.0544572,122.66,Game,1,Predictable,113.46,0,,,7,,,130,Sound,,,
0,FORT,,1,1776624322.0544572,122.68,Game,1,Predictable,113.48,0,,,7,,,130,Sound,,,
0,FORT,,1,1776624322.0544572,122.69,Game,1,Predictable,113.49,0,,,7,,,130,Sound,,,
0,FORT,,1,1776624322.0544572,122.7,Game,1,Predictable,113.5,0,,,7,,,130,Sound,,,
0,FORT,,1,1776624322.0544572,122.71,Game,1,Predictable,113.51,0,,,7,,,130,Sound,,,
0,FORT,,1,1776624322.0544572,122.73,Game,1,Predictable,113.53,0,,,7,,,130,Sound,,,
0,FORT,,1,1776624322.0544572,122.74,Game,1,Predictable,113.54,0,,,7,,,130,Sound,,,
0,FORT,,1,1776624322.0544572,122.77,Game,1,Predictable,113.55,0,,,7,,,130,Sound,,,
0,FORT,,1,1776624322.0544572,122.78,Game,1,Predictable,113.58,0,,,7,,,130,Sound,,,
0,FORT,,1,1776624322.0544572,122.8,Game,1,Predictable,113.6,0,,,7,,,130,Sound,,,
0,FORT,,1,1776624322.0544572,122.81,Game,1,Predictable,113.61,0,,,7,,,130,Sound,,,
0,FORT,,1,1776624322.0544572,122.82,Game,1,Predictable,113.62,0,,,7,,,130,Sound,,,
0,FORT,,1,1776624322.0544572,122.85,Game,1,Predictable,113.64,0,,,7,,,130,Sound,,,
0,FORT,,1,1776624322.0544572,122.87,Game,1,Predictable,113.66,0,,,7,,,130,Sound,,,
0,FORT,,1,1776624322.0544572,122.88,Game,1,Predictable,113.68,0,,,7,,,130,Sound,,,
0,FORT,,1,1776624322.0544572,122.89,Game,1,Predictable,113.69,0,,,7,,,130,Sound,,,
0,FORT,,1,1776624322.0544572,122.91,Game,1,Predictable,113.71,0,,,7,,,130,Sound,,,
0,FORT,,1,1776624322.0544572,122.93,Game,1,Predictable,113.72,0,,,7,,,130,Sound,,,
0,FORT,,1,1776624322.0544572,122.95,Game,1,Predictable,113.75,0,,,7,,,130,Sound,,,
0,FORT,,1,1776624322.0544572,122.96,Game,1,Predictable,113.76,0,,,7,,,130,Sound,,,
0,FORT,,1,1776624322.0544572,122.98,Game,1,Predictable,113.78,0,,,7,,,130,Sound,,,
0,FORT,,1,1776624322.0544572,122.99,Game,1,Predictable,113.79,0,,,7,,,130,Sound,,,
0,FORT,,1,1776624322.0544572,123.0,Game,1,Predictable,113.8,0,,,7,,,130,Sound,,,
0,FORT,,1,1776624322.0544572,123.01,Game,1,Predictable,113.81,0,,,7,,,130,Sound,,,
0,FORT,,1,1776624322.0544572,123.03,Game,1,Predictable,113.83,0,,,7,,,130,Sound,,,
0,FORT,,1,1776624322.0544572,123.04,Game,1,Predictable,113.84,0,,,7,,,130,Sound,,,
0,FORT,,1,1776624322.0544572,123.05,Game,1,Predictable,113.85,0,,,7,,,130,Sound,,,
0,FORT,,1,1776624322.0544572,123.06,Game,1,Predictable,113.86,0,,,7,,,130,Sound,,,
0,FORT,,1,1776624322.0544572,123.08,Game,1,Predictable,113.88,0,,,7,,,130,Sound,,,
0,FORT,,1,1776624322.0544572,123.09,Game,1,Predictable,113.89,0,,,7,,,130,Sound,,,
0,FORT,,1,1776624322.0544572,123.1,Game,1,Predictable,113.9,0,,,7,,,130,Sound,,,
0,FORT,,1,1776624322.0544572,123.11,Game,1,Predictable,113.91,0,,,7,,,130,Sound,,,
0,FORT,,1,1776624322.0544572,123.13,Game,1,Predictable,113.93,0,,,7,,,130,Sound,,,
0,FORT,,1,1776624322.0544572,123.14,Game,1,Predictable,113.94,0,,,7,,,130,Sound,,,
0,FORT,,1,1776624322.0544572,123.15,Game,1,Predictable,113.95,0,,,7,,,130,Sound,,,
0,FORT,,1,1776624322.0544572,123.16,Game,1,Predictable,113.96,0,,,7,,,130,Sound,,,
0,FORT,,1,1776624322.0544572,123.18,Game,1,Predictable,113.98,0,,,7,,,130,Sound,,,
0,FORT,,1,1776624322.0544572,123.19,Game,1,Predictable,113.99,0,,,7,,,130,Sound,,,
0,FORT,,1,1776624322.0544572,123.22,Game,1,Predictable,114.0,0,,,7,,,130,Sound,,,
0,FORT,,1,1776624322.0544572,123.23,Game,1,Predictable,114.03,0,,,7,,,130,Sound,,,
0,FORT,,1,1776624322.0544572,123.25,Game,1,Predictable,114.05,0,,,7,,,130,Sound,,,
0,FORT,,1,1776624322.0544572,123.26,Game,1,Predictable,114.06,0,,,7,,,130,Sound,,,
0,FORT,,1,1776624322.0544572,123.27,Game,1,Predictable,114.07,0,,,7,,,130,Sound,,,
0,FORT,,1,1776624322.0544572,123.3,Game,1,Predictable,114.09,0,,,7,,,130,Sound,,,
0,FORT,,1,1776624322.0544572,123.32,Game,1,Predictable,114.11,0,,,7,,,130,Sound,,,
0,FORT,,1,1776624322.0544572,123.33,Game,1,Predictable,114.13,0,,,7,,,130,Sound,,,
0,FORT,,1,1776624322.0544572,123.34,Game,1,Predictable,114.14,0,,,7,,,130,Sound,,,
0,FORT,,1,1776624322.0544572,123.35,Game,1,Predictable,114.16,0,,,7,,,130,Sound,,,
0,FORT,,1,1776624322.0544572,123.37,Game,1,Predictable,114.17,0,,,7,,,130,Sound,,,
0,FORT,,1,1776624322.0544572,123.38,Game,1,Predictable,114.18,0,,,7,,,130,Sound,,,
0,FORT,,1,1776624322.0544572,123.39,Game,1,Predictable,114.19,0,,,7,,,130,Sound,,,
0,FORT,,1,1776624322.0544572,123.41,Game,1,Predictable,114.21,0,,,7,,,130,Sound,,,
0,FORT,,1,1776624322.0544572,123.43,Game,1,Predictable,114.22,0,,,7,,,130,Sound,,,
0,FORT,,1,1776624322.0544572,123.45,Game,1,Predictable,114.25,0,,,7,,,130,Sound,,,
0,FORT,,1,1776624322.0544572,123.46,Game,1,Predictable,114.26,0,,,7,,,130,Sound,,,
0,FORT,,1,1776624322.0544572,123.48,Game,1,Predictable,114.28,0,,,7,,,130,Sound,,,
0,FORT,,1,1776624322.0544572,123.49,Game,1,Predictable,114.29,0,,,7,,,130,Sound,,,
0,FORT,,1,1776624322.0544572,123.5,Game,1,Predictable,114.3,0,,,7,,,130,Sound,,,
0,FORT,,1,1776624322.0544572,123.51,Game,1,Predictable,114.31,0,,,7,,,130,Sound,,,
0,FORT,,1,1776624322.0544572,123.53,Game,1,Predictable,114.33,0,,,7,,,130,Sound,,,
0,FORT,,1,1776624322.0544572,123.54,Game,1,Predictable,114.34,0,,,7,,,130,Sound,,,
0,FORT,,1,1776624322.0544572,123.55,Game,1,Predictable,114.35,0,,,7,,,130,Sound,,,
0,FORT,,1,1776624322.0544572,123.56,Game,1,Predictable,114.36,0,,,7,,,130,Sound,,,
0,FORT,,1,1776624322.0544572,123.58,Game,1,Predictable,114.38,0,,,7,,,130,Sound,,,
0,FORT,,1,1776624322.0544572,123.59,Game,1,Predictable,114.39,0,,,7,,,130,Sound,,,
0,FORT,,1,1776624322.0544572,123.6,Game,1,Predictable,114.4,0,,,7,,,130,Sound,,,
0,FORT,,1,1776624322.0544572,123.62,Game,1,Predictable,114.42,0,,,7,,,130,Sound,,,
0,FORT,,1,1776624322.0544572,123.63,Game,1,Predictable,114.43,0,,,7,,,130,Sound,,,
0,FORT,,1,1776624322.0544572,123.64,Game,1,Predictable,114.44,0,,,7,,,130,Sound,,,
0,FORT,,1,1776624322.0544572,123.65,Game,1,Predictable,114.46,0,,,7,,,130,Sound,,,
0,FORT,,1,1776624322.0544572,123.67,Game,1,Predictable,114.47,0,,,7,,,130,Sound,,,
0,FORT,,1,1776624322.0544572,123.68,Game,1,Predictable,114.48,0,,,7,,,130,Sound,,,
0,FORT,,1,1776624322.0544572,123.69,Game,1,Predictable,114.49,0,,,7,,,130,Sound,,,
0,FORT,,1,1776624322.0544572,123.71,Game,1,Predictable,114.51,0,,,7,,,130,Sound,,,
0,FORT,,1,1776624322.0544572,123.73,Game,1,Predictable,114.52,0,,,7,,,130,Sound,,,
0,FORT,,1,1776624322.0544572,123.75,Game,1,Predictable,114.55,0,,,7,,,130,Sound,,,
0,FORT,,1,1776624322.0544572,123.76,Game,1,Predictable,114.56,0,,,7,,,130,Sound,,,
0,FORT,,1,1776624322.0544572,123.78,Game,1,Predictable,114.58,0,,,7,,,130,Sound,,,
0,FORT,,1,1776624322.0544572,123.79,Game,1,Predictable,114.59,0,,,7,,,130,Sound,,,
0,FORT,,1,1776624322.0544572,123.8,Game,1,Predictable,114.6,0,,,7,,,130,Sound,,,
0,FORT,,1,1776624322.0544572,123.82,Game,1,Predictable,114.62,0,,,7,,,130,Sound,,,
0,FORT,,1,1776624322.0544572,123.83,Game,1,Predictable,114.63,0,,,7,,,130,Sound,,,
0,FORT,,1,1776624322.0544572,123.84,Game,1,Predictable,114.64,0,,,7,,,130,Sound,,,
0,FORT,,1,1776624322.0544572,123.86,Game,1,Predictable,114.66,0,,,7,,,130,Sound,,,
0,FORT,,1,1776624322.0544572,123.88,Game,1,Predictable,114.67,0,,,7,,,130,Sound,,,
0,FORT,,1,1776624322.0544572,123.9,Game,1,Predictable,114.7,0,,,7,,,130,Sound,,,
0,FORT,,1,1776624322.0544572,123.91,Game,1,Predictable,114.71,0,,,7,,,130,Sound,,,
0,FORT,,1,1776624322.0544572,123.93,Game,1,Predictable,114.73,0,,,7,,,130,Sound,,,
0,FORT,,1,1776624322.0544572,123.94,Game,1,Predictable,114.74,0,,,7,,,130,Sound,,,
0,FORT,,1,1776624322.0544572,123.97,Game,1,Predictable,114.75,0,,,7,,,130,Sound,,,
0,FORT,,1,1776624322.0544572,123.98,Game,1,Predictable,114.78,0,,,7,,,130,Sound,,,
0,FORT,,1,1776624322.0544572,124.0,Game,1,Predictable,114.8,0,,,7,,,130,Sound,,,
0,FORT,,1,1776624322.0544572,124.01,Game,1,Predictable,114.81,0,,,7,,,130,Sound,,,
0,FORT,,1,1776624322.0544572,124.02,Game,1,Predictable,114.82,0,,,7,,,130,Sound,,,
0,FORT,,1,1776624322.0544572,124.05,Game,1,Predictable,114.84,0,,,7,,,130,Sound,,,
0,FORT,,1,1776624322.0544572,124.06,Game,1,Predictable,114.86,0,,,7,,,130,Sound,,,
0,FORT,,1,1776624322.0544572,124.08,Game,1,Predictable,114.88,0,,,7,,,130,Sound,,,
0,FORT,,1,1776624322.0544572,124.09,Game,1,Predictable,114.89,0,,,7,,,130,Sound,,,
0,FORT,,1,1776624322.0544572,124.1,Game,1,Predictable,114.9,0,,,7,,,130,Sound,,,
0,FORT,,1,1776624322.0544572,124.12,Game,1,Predictable,114.92,0,,,7,,,130,Sound,,,
0,FORT,,1,1776624322.0544572,124.13,Game,1,Predictable,114.93,0,,,7,,,130,Sound,,,
0,FORT,,1,1776624322.0544572,124.14,Game,1,Predictable,114.94,0,,,7,,,130,Sound,,,
0,FORT,,1,1776624322.0544572,124.16,Game,1,Predictable,114.96,0,,,7,,,130,Sound,,,
0,FORT,,1,1776624322.0544572,124.18,Game,1,Predictable,114.97,0,,,7,,,130,Sound,,,
0,FORT,,1,1776624322.0544572,124.2,Game,1,Predictable,115.0,0,,,7,,,130,Sound,,,
0,FORT,,1,1776624322.0544572,124.21,Game,1,Predictable,115.01,0,,,7,,,130,Sound,,,
0,FORT,,1,1776624322.0544572,124.23,Game,1,Predictable,115.03,0,,,7,,,130,Sound,,,
0,FORT,,1,1776624322.0544572,124.24,Game,1,Predictable,115.04,0,,,7,,,130,Sound,,,
0,FORT,,1,1776624322.0544572,124.27,Game,1,Predictable,115.05,0,,,7,,,130,Sound,,,
0,FORT,,1,1776624322.0544572,124.28,Game,1,Predictable,115.08,0,,,7,,,130,Sound,,,
0,FORT,,1,1776624322.0544572,124.3,Game,1,Predictable,115.1,0,,,7,,,130,Sound,,,
0,FORT,,1,1776624322.0544572,124.31,Game,1,Predictable,115.11,0,,,7,,,130,Sound,,,
0,FORT,,1,1776624322.0544572,124.32,Game,1,Predictable,115.12,0,,,7,,,130,Sound,,,
0,FORT,,1,1776624322.0544572,124.35,Game,1,Predictable,115.14,0,,,7,,,130,Sound,,,
0,FORT,,1,1776624322.0544572,124.37,Game,1,Predictable,115.16,0,,,7,,,130,Sound,,,
0,FORT,,1,1776624322.0544572,124.38,Game,1,Predictable,115.18,0,,,7,,,130,Sound,,,
0,FORT,,1,1776624322.0544572,124.39,Game,1,Predictable,115.19,0,,,7,,,130,Sound,,,
0,FORT,,1,1776624322.0544572,124.4,Game,1,Predictable,115.21,0,,,7,,,130,Sound,,,
0,FORT,,1,1776624322.0544572,124.42,Game,1,Predictable,115.22,0,,,7,,,130,Sound,,,
0,FORT,,1,1776624322.0544572,124.43,Game,1,Predictable,115.23,0,,,7,,,130,Sound,,,
0,FORT,,1,1776624322.0544572,124.44,Game,1,Predictable,115.24,0,,,7,,,130,Sound,,,
0,FORT,,1,1776624322.0544572,124.46,Game,1,Predictable,115.26,0,,,7,,,130,Sound,,,
0,FORT,,1,1776624322.0544572,124.48,Game,1,Predictable,115.27,0,,,7,,,130,Sound,,,
0,FORT,,1,1776624322.0544572,124.5,Game,1,Predictable,115.3,0,,,7,,,130,Sound,,,
0,FORT,,1,1776624322.0544572,124.51,Game,1,Predictable,115.31,0,,,7,,,130,Sound,,,
0,FORT,,1,1776624322.0544572,124.53,Game,1,Predictable,115.33,0,,,7,,,130,Sound,,,
0,FORT,,1,1776624322.0544572,124.54,Game,1,Predictable,115.34,0,,,7,,,130,Sound,,,
0,FORT,,1,1776624322.0544572,124.57,Game,1,Predictable,115.35,0,,,7,,,130,Sound,,,
0,FORT,,1,1776624322.0544572,124.58,Game,1,Predictable,115.38,0,,,7,,,130,Sound,,,
0,FORT,,1,1776624322.0544572,124.6,Game,1,Predictable,115.4,0,,,7,,,130,Sound,,,
0,FORT,,1,1776624322.0544572,124.61,Game,1,Predictable,115.41,0,,,7,,,130,Sound,,,
0,FORT,,1,1776624322.0544572,124.62,Game,1,Predictable,115.42,0,,,7,,,130,Sound,,,
0,FORT,,1,1776624322.0544572,124.64,Game,1,Predictable,115.44,0,,,7,,,130,Sound,,,
0,FORT,,1,1776624322.0544572,124.65,Game,1,Predictable,115.45,0,,,7,,,130,Sound,,,
0,FORT,,1,1776624322.0544572,124.66,Game,1,Predictable,115.46,0,,,7,,,130,Sound,,,
0,FORT,,1,1776624322.0544572,124.68,Game,1,Predictable,115.48,0,,,7,,,130,Sound,,,
0,FORT,,1,1776624322.0544572,124.69,Game,1,Predictable,115.49,0,,,7,,,130,Sound,,,
0,FORT,,1,1776624322.0544572,124.7,Game,1,Predictable,115.5,0,,,7,,,130,Sound,,,
0,FORT,,1,1776624322.0544572,124.71,Game,1,Predictable,115.51,0,,,7,,,130,Sound,,,
0,FORT,,1,1776624322.0544572,124.73,Game,1,Predictable,115.53,0,,,7,,,130,Sound,,,
0,FORT,,1,1776624322.0544572,124.74,Game,1,Predictable,115.54,0,,,7,,,130,Sound,,,
0,FORT,,1,1776624322.0544572,124.77,Game,1,Predictable,115.55,0,,,7,,,130,Sound,,,
0,FORT,,1,1776624322.0544572,124.78,Game,1,Predictable,115.58,0,,,7,,,130,Sound,,,
0,FORT,,1,1776624322.0544572,124.8,Game,1,Predictable,115.6,0,,,7,,,130,Sound,,,
0,FORT,,1,1776624322.0544572,124.81,Game,1,Predictable,115.61,0,,,7,,,130,Sound,,,
0,FORT,,1,1776624322.0544572,124.82,Game,1,Predictable,115.62,0,,,7,,,130,Sound,,,
0,FORT,,1,1776624322.0544572,124.84,Game,1,Predictable,115.64,0,,,7,,,130,Sound,,,
0,FORT,,1,1776624322.0544572,124.85,Game,1,Predictable,115.65,0,,,7,,,130,Sound,,,
0,FORT,,1,1776624322.0544572,124.86,Game,1,Predictable,115.66,0,,,7,,,130,Sound,,,
0,FORT,,1,1776624322.0544572,124.88,Game,1,Predictable,115.68,0,,,7,,,130,Sound,,,
0,FORT,,1,1776624322.0544572,124.89,Game,1,Predictable,115.69,0,,,7,,,130,Sound,,,
0,FORT,,1,1776624322.0544572,124.92,Game,1,Predictable,115.7,0,,,7,,,130,Sound,,,
0,FORT,,1,1776624322.0544572,124.93,Game,1,Predictable,115.73,0,,,7,,,130,Sound,,,
0,FORT,,1,1776624322.0544572,124.95,Game,1,Predictable,115.75,0,,,7,,,130,Sound,,,
0,FORT,,1,1776624322.0544572,124.96,Game,1,Predictable,115.76,0,,,7,,,130,Sound,,,
0,FORT,,1,1776624322.0544572,124.97,Game,1,Predictable,115.77,0,,,7,,,130,Sound,,,
0,FORT,,1,1776624322.0544572,125.0,Game,1,Predictable,115.79,0,,,7,,,130,Sound,,,
0,FORT,,1,1776624322.0544572,125.02,Game,1,Predictable,115.81,0,,,7,,,130,Sound,,,
0,FORT,,1,1776624322.0544572,125.03,Game,1,Predictable,115.83,0,,,7,,,130,Sound,,,
0,FORT,,1,1776624322.0544572,125.04,Game,1,Predictable,115.84,0,,,7,,,130,Sound,,,
0,FORT,,1,1776624322.0544572,125.06,Game,1,Predictable,115.86,0,,,7,,,130,Sound,,,
0,FORT,,1,1776624322.0544572,125.07,Game,1,Predictable,115.87,0,,,7,,,130,Sound,,,
0,FORT,,1,1776624322.0544572,125.08,Game,1,Predictable,115.88,0,,,7,,,130,Sound,,,
0,FORT,,1,1776624322.0544572,125.1,Game,1,Predictable,115.9,0,,,7,,,130,Sound,,,
0,FORT,,1,1776624322.0544572,125.11,Game,1,Predictable,115.91,0,,,7,,,130,Sound,,,
0,FORT,,1,1776624322.0544572,125.12,Game,1,Predictable,115.92,0,,,7,,,130,Sound,,,
0,FORT,,1,1776624322.0544572,125.15,Game,1,Predictable,115.94,0,,,7,,,130,Sound,,,
0,FORT,,1,1776624322.0544572,125.17,Game,1,Predictable,115.96,0,,,7,,,130,Sound,,,
0,FORT,,1,1776624322.0544572,125.18,Game,1,Predictable,115.98,0,,,7,,,130,Sound,,,
0,FORT,,1,1776624322.0544572,125.19,Game,1,Predictable,115.99,0,,,7,,,130,Sound,,,
0,FORT,,1,1776624322.0544572,125.21,Game,1,Predictable,116.01,0,,,7,,,130,Sound,,,
0,FORT,,1,1776624322.0544572,125.23,Game,1,Predictable,116.02,0,,,7,,,130,Sound,,,
0,FORT,,1,1776624322.0544572,125.25,Game,1,Predictable,116.05,0,,,7,,,130,Sound,,,
0,FORT,,1,1776624322.0544572,125.26,Game,1,Predictable,116.06,0,,,7,,,130,Sound,,,
0,FORT,,1,1776624322.0544572,125.28,Game,1,Predictable,116.08,0,,,7,,,130,Sound,,,
0,FORT,,1,1776624322.0544572,125.29,Game,1,Predictable,116.09,0,,,7,,,130,Sound,,,
0,FORT,,1,1776624322.0544572,125.32,Game,1,Predictable,116.1,0,,,7,,,130,Sound,,,
0,FORT,,1,1776624322.0544572,125.33,Game,1,Predictable,116.13,0,,,7,,,130,Sound,,,
0,FORT,,1,1776624322.0544572,125.35,Game,1,Predictable,116.15,0,,,7,,,130,Sound,,,
0,FORT,,1,1776624322.0544572,125.36,Game,1,Predictable,116.16,0,,,7,,,130,Sound,,,
0,FORT,,1,1776624322.0544572,125.37,Game,1,Predictable,116.17,0,,,7,,,130,Sound,,,
0,FORT,,1,1776624322.0544572,125.4,Game,1,Predictable,116.19,0,,,7,,,130,Sound,,,
0,FORT,,1,1776624322.0544572,125.42,Game,1,Predictable,116.21,0,,,7,,,130,Sound,,,
0,FORT,,1,1776624322.0544572,125.43,Game,1,Predictable,116.23,0,,,7,,,130,Sound,,,
0,FORT,,1,1776624322.0544572,125.44,Game,1,Predictable,116.24,0,,,7,,,130,Sound,,,
0,FORT,,1,1776624322.0544572,125.45,Game,1,Predictable,116.26,0,,,7,,,130,Sound,,,
0,FORT,,1,1776624322.0544572,125.47,Game,1,Predictable,116.27,0,,,7,,,130,Sound,,,
0,FORT,,1,1776624322.0544572,125.48,Game,1,Predictable,116.28,0,,,7,,,130,Sound,,,
0,FORT,,1,1776624322.0544572,125.49,Game,1,Predictable,116.29,0,,,7,,,130,Sound,,,
0,FORT,,1,1776624322.0544572,125.5,Game,1,Predictable,116.31,0,,,7,,,130,Sound,,,
0,FORT,,1,1776624322.0544572,125.52,Game,1,Predictable,116.32,0,,,7,,,130,Sound,,,
0,FORT,,1,1776624322.0544572,125.53,Game,1,Predictable,116.33,0,,,7,,,130,Sound,,,
0,FORT,,1,1776624322.0544572,125.54,Game,1,Predictable,116.34,0,,,7,,,130,Sound,,,
0,FORT,,1,1776624322.0544572,125.56,Game,1,Predictable,116.36,0,,,7,,,130,Sound,,,
0,FORT,,1,1776624322.0544572,125.57,Game,1,Predictable,116.37,0,,,7,,,130,Sound,,,
0,FORT,,1,1776624322.0544572,125.58,Game,1,Predictable,116.38,0,,,7,,,130,Sound,,,
0,FORT,,1,1776624322.0544572,125.6,Game,1,Predictable,116.4,0,,,7,,,130,Sound,,,
0,FORT,,1,1776624322.0544572,125.61,Game,1,Predictable,116.41,0,,,7,,,130,Sound,,,
0,FORT,,1,1776624322.0544572,125.62,Game,1,Predictable,116.42,0,,,7,,,130,Sound,,,
0,FORT,,1,1776624322.0544572,125.64,Game,1,Predictable,116.44,0,,,7,,,130,Sound,,,
0,FORT,,1,1776624322.0544572,125.65,Game,1,Predictable,116.45,0,,,7,,,130,Sound,,,
0,FORT,,1,1776624322.0544572,125.66,Game,1,Predictable,116.46,0,,,7,,,130,Sound,,,
0,FORT,,1,1776624322.0544572,125.68,Game,1,Predictable,116.48,0,,,7,,,130,Sound,,,
0,FORT,,1,1776624322.0544572,125.69,Game,1,Predictable,116.49,0,,,7,,,130,Sound,,,
0,FORT,,1,1776624322.0544572,125.7,Game,1,Predictable,116.5,0,,,7,,,130,Sound,,,
0,FORT,,1,1776624322.0544572,125.72,Game,1,Predictable,116.52,0,,,7,,,130,Sound,,,
0,FORT,,1,1776624322.0544572,125.73,Game,1,Predictable,116.53,0,,,7,,,130,Sound,,,
0,FORT,,1,1776624322.0544572,125.74,Game,1,Predictable,116.54,0,,,7,,,130,Sound,,,
0,FORT,,1,1776624322.0544572,125.76,Game,1,Predictable,116.56,0,,,7,,,130,Sound,,,
0,FORT,,1,1776624322.0544572,125.78,Game,1,Predictable,116.57,0,,,7,,,130,Sound,,,
0,FORT,,1,1776624322.0544572,125.8,Game,1,Predictable,116.6,0,,,7,,,130,Sound,,,
0,FORT,,1,1776624322.0544572,125.81,Game,1,Predictable,116.61,0,,,7,,,130,Sound,,,
0,FORT,,1,1776624322.0544572,125.83,Game,1,Predictable,116.63,0,,,7,,,130,Sound,,,
0,FORT,,1,1776624322.0544572,125.84,Game,1,Predictable,116.64,0,,,7,,,130,Sound,,,
0,FORT,,1,1776624322.0544572,125.85,Game,1,Predictable,116.65,0,,,7,,,130,Sound,,,
0,FORT,,1,1776624322.0544572,125.87,Game,1,Predictable,116.67,0,,,7,,,130,Sound,,,
0,FORT,,1,1776624322.0544572,125.88,Game,1,Predictable,116.68,0,,,7,,,130,Sound,,,
0,FORT,,1,1776624322.0544572,125.89,Game,1,Predictable,116.69,0,,,7,,,130,Sound,,,
0,FORT,,1,1776624322.0544572,125.91,Game,1,Predictable,116.71,0,,,7,,,130,Sound,,,
0,FORT,,1,1776624322.0544572,125.93,Game,1,Predictable,116.72,0,,,7,,,130,Sound,,,
0,FORT,,1,1776624322.0544572,125.95,Game,1,Predictable,116.75,0,,,7,,,130,Sound,,,
0,FORT,,1,1776624322.0544572,125.96,Game,1,Predictable,116.76,0,,,7,,,130,Sound,,,
0,FORT,,1,1776624322.0544572,125.98,Game,1,Predictable,116.78,0,,,7,,,130,Sound,,,
0,FORT,,1,1776624322.0544572,125.99,Game,1,Predictable,116.79,0,,,7,,,130,Sound,,,
0,FORT,,1,1776624322.0544572,126.0,Game,1,Predictable,116.8,0,,,7,,,130,Sound,,,
0,FORT,,1,1776624322.0544572,126.01,Game,1,Predictable,116.81,0,,,7,,,130,Sound,,,
0,FORT,,1,1776624322.0544572,126.03,Game,1,Predictable,116.83,0,,,7,,,130,Sound,,,
0,FORT,,1,1776624322.0544572,126.04,Game,1,Predictable,116.84,0,,,7,,,130,Sound,,,
0,FORT,,1,1776624322.0544572,126.05,Game,1,Predictable,116.85,0,,,7,,,130,Sound,,,
0,FORT,,1,1776624322.0544572,126.07,Game,1,Predictable,116.87,0,,,7,,,130,Sound,,,
0,FORT,,1,1776624322.0544572,126.08,Game,1,Predictable,116.88,0,,,7,,,130,Sound,,,
0,FORT,,1,1776624322.0544572,126.09,Game,1,Predictable,116.89,0,,,7,,,130,Sound,,,
0,FORT,,1,1776624322.0544572,126.11,Game,1,Predictable,116.91,0,,,7,,,130,Sound,,,
0,FORT,,1,1776624322.0544572,126.13,Game,1,Predictable,116.92,0,,,7,,,130,Sound,,,
0,FORT,,1,1776624322.0544572,126.15,Game,1,Predictable,116.95,0,,,7,,,130,Sound,,,
0,FORT,,1,1776624322.0544572,126.16,Game,1,Predictable,116.96,0,,,7,,,130,Sound,,,
0,FORT,,1,1776624322.0544572,126.18,Game,1,Predictable,116.98,0,,,7,,,130,Sound,,,
0,FORT,,1,1776624322.0544572,126.19,Game,1,Predictable,116.99,0,,,7,,,130,Sound,,,
0,FORT,,1,1776624322.0544572,126.2,Game,1,Predictable,117.0,0,,,7,,,130,Sound,,,
0,FORT,,1,1776624322.0544572,126.22,Game,1,Predictable,117.02,0,,,7,,,130,Sound,,,
0,FORT,,1,1776624322.0544572,126.23,Game,1,Predictable,117.03,0,,,7,,,130,Sound,,,
0,FORT,,1,1776624322.0544572,126.24,Game,1,Predictable,117.04,0,,,7,,,130,Sound,,,
0,FORT,,1,1776624322.0544572,126.26,Game,1,Predictable,117.06,0,,,7,,,130,Sound,,,
0,FORT,,1,1776624322.0544572,126.27,Game,1,Predictable,117.07,0,,,7,,,130,Sound,,,
0,FORT,,1,1776624322.0544572,126.28,Game,1,Predictable,117.08,0,,,7,,,130,Sound,,,
0,FORT,,1,1776624322.0544572,126.3,Game,1,Predictable,117.1,0,,,7,,,130,Sound,,,
0,FORT,,1,1776624322.0544572,126.31,Game,1,Predictable,117.11,0,,,7,,,130,Sound,,,
0,FORT,,1,1776624322.0544572,126.32,Game,1,Predictable,117.12,0,,,7,,,130,Sound,,,
0,FORT,,1,1776624322.0544572,126.35,Game,1,Predictable,117.14,0,,,7,,,130,Sound,,,
0,FORT,,1,1776624322.0544572,126.37,Game,1,Predictable,117.16,0,,,7,,,130,Sound,,,
0,FORT,,1,1776624322.0544572,126.38,Game,1,Predictable,117.18,0,,,7,,,130,Sound,,,
0,FORT,,1,1776624322.0544572,126.39,Game,1,Predictable,117.19,0,,,7,,,130,Sound,,,
0,FORT,,1,1776624322.0544572,126.41,Game,1,Predictable,117.21,0,,,7,,,130,Sound,,,
0,FORT,,1,1776624322.0544572,126.42,Game,1,Predictable,117.22,0,,,7,,,130,Sound,,,
0,FORT,,1,1776624322.0544572,126.43,Game,1,Predictable,117.23,0,,,7,,,130,Sound,,,
0,FORT,,1,1776624322.0544572,126.45,Game,1,Predictable,117.25,0,,,7,,,130,Sound,,,
0,FORT,,1,1776624322.0544572,126.46,Game,1,Predictable,117.26,0,,,7,,,130,Sound,,,
0,FORT,,1,1776624322.0544572,126.47,Game,1,Predictable,117.27,0,,,7,,,130,Sound,,,
0,FORT,,1,1776624322.0544572,126.49,Game,1,Predictable,117.29,0,,,7,,,130,Sound,,,
0,FORT,,1,1776624322.0544572,126.5,Game,1,Predictable,117.3,0,,,7,,,130,Sound,,,
0,FORT,,1,1776624322.0544572,126.51,Game,1,Predictable,117.31,0,,,7,,,130,Sound,,,
0,FORT,,1,1776624322.0544572,126.53,Game,1,Predictable,117.33,0,,,7,,,130,Sound,,,
0,FORT,,1,1776624322.0544572,126.54,Game,1,Predictable,117.34,0,,,7,,,130,Sound,,,
0,FORT,,1,1776624322.0544572,126.57,Game,1,Predictable,117.35,0,,,7,,,130,Sound,,,
0,FORT,,1,1776624322.0544572,126.58,Game,1,Predictable,117.38,0,,,7,,,130,Sound,,,
0,FORT,,1,1776624322.0544572,126.6,Game,1,Predictable,117.4,0,,,7,,,130,Sound,,,
0,FORT,,1,1776624322.0544572,126.61,Game,1,Predictable,117.41,0,,,7,,,130,Sound,,,
0,FORT,,1,1776624322.0544572,126.62,Game,1,Predictable,117.42,0,,,7,,,130,Sound,,,
0,FORT,,1,1776624322.0544572,126.65,Game,1,Predictable,117.44,0,,,7,,,130,Sound,,,
0,FORT,,1,1776624322.0544572,126.67,Game,1,Predictable,117.46,0,,,7,,,130,Sound,,,
0,FORT,,1,1776624322.0544572,126.68,Game,1,Predictable,117.48,0,,,7,,,130,Sound,,,
0,FORT,,1,1776624322.0544572,126.69,Game,1,Predictable,117.49,0,,,7,,,130,Sound,,,
0,FORT,,1,1776624322.0544572,126.71,Game,1,Predictable,117.51,0,,,7,,,130,Sound,,,
0,FORT,,1,1776624322.0544572,126.73,Game,1,Predictable,117.52,0,,,7,,,130,Sound,,,
0,FORT,,1,1776624322.0544572,126.75,Game,1,Predictable,117.55,0,,,7,,,130,Sound,,,
0,FORT,,1,1776624322.0544572,126.76,Game,1,Predictable,117.56,0,,,7,,,130,Sound,,,
0,FORT,,1,1776624322.0544572,126.78,Game,1,Predictable,117.58,0,,,7,,,130,Sound,,,
0,FORT,,1,1776624322.0544572,126.79,Game,1,Predictable,117.59,0,,,7,,,130,Sound,,,
0,FORT,,1,1776624322.0544572,126.8,Game,1,Predictable,117.6,0,,,7,,,130,Sound,,,
0,FORT,,1,1776624322.0544572,126.82,Game,1,Predictable,117.62,0,,,7,,,130,Sound,,,
0,FORT,,1,1776624322.0544572,126.83,Game,1,Predictable,117.63,0,,,7,,,130,Sound,,,
0,FORT,,1,1776624322.0544572,126.84,Game,1,Predictable,117.64,0,,,7,,,130,Sound,,,
0,FORT,,1,1776624322.0544572,126.86,Game,1,Predictable,117.66,0,,,7,,,130,Sound,,,
0,FORT,,1,1776624322.0544572,126.87,Game,1,Predictable,117.67,0,,,7,,,130,Sound,,,
0,FORT,,1,1776624322.0544572,126.88,Game,1,Predictable,117.68,0,,,7,,,130,Sound,,,
0,FORT,,1,1776624322.0544572,126.9,Game,1,Predictable,117.7,0,,,7,,,130,Sound,,,
0,FORT,,1,1776624322.0544572,126.91,Game,1,Predictable,117.71,0,,,7,,,130,Sound,,,
0,FORT,,1,1776624322.0544572,126.92,Game,1,Predictable,117.72,0,,,7,,,130,Sound,,,
0,FORT,,1,1776624322.0544572,126.95,Game,1,Predictable,117.74,0,,,7,,,130,Sound,,,
0,FORT,,1,1776624322.0544572,126.97,Game,1,Predictable,117.76,0,,,7,,,130,Sound,,,
0,FORT,,1,1776624322.0544572,126.98,Game,1,Predictable,117.78,0,,,7,,,130,Sound,,,
0,FORT,,1,1776624322.0544572,126.99,Game,1,Predictable,117.79,0,,,7,,,130,Sound,,,
0,FORT,,1,1776624322.0544572,127.01,Game,1,Predictable,117.81,0,,,7,,,130,Sound,,,
0,FORT,,1,1776624322.0544572,127.03,Game,1,Predictable,117.82,0,,,7,,,130,Sound,,,
0,FORT,,1,1776624322.0544572,127.05,Game,1,Predictable,117.85,0,,,7,,,130,Sound,,,
0,FORT,,1,1776624322.0544572,127.06,Game,1,Predictable,117.86,0,,,7,,,130,Sound,,,
0,FORT,,1,1776624322.0544572,127.08,Game,1,Predictable,117.88,0,,,7,,,130,Sound,,,
0,FORT,,1,1776624322.0544572,127.09,Game,1,Predictable,117.89,0,,,7,,,130,Sound,,,
0,FORT,,1,1776624322.0544572,127.1,Game,1,Predictable,117.9,0,,,7,,,130,Sound,,,
0,FORT,,1,1776624322.0544572,127.12,Game,1,Predictable,117.92,0,,,7,,,130,Sound,,,
0,FORT,,1,1776624322.0544572,127.13,Game,1,Predictable,117.93,0,,,7,,,130,Sound,,,
0,FORT,,1,1776624322.0544572,127.14,Game,1,Predictable,117.94,0,,,7,,,130,Sound,,,
0,FORT,,1,1776624322.0544572,127.16,Game,1,Predictable,117.96,0,,,7,,,130,Sound,,,
0,FORT,,1,1776624322.0544572,127.18,Game,1,Predictable,117.97,0,,,7,,,130,Sound,,,
0,FORT,,1,1776624322.0544572,127.2,Game,1,Predictable,118.0,0,,,7,,,130,Sound,,,
0,FORT,,1,1776624322.0544572,127.21,Game,1,Predictable,118.01,0,,,7,,,130,Sound,,,
0,FORT,,1,1776624322.0544572,127.23,Game,1,Predictable,118.03,0,,,7,,,130,Sound,,,
0,FORT,,1,1776624322.0544572,127.24,Game,1,Predictable,118.04,0,,,7,,,130,Sound,,,
0,FORT,,1,1776624322.0544572,127.27,Game,1,Predictable,118.05,0,,,7,,,130,Sound,,,
0,FORT,,1,1776624322.0544572,127.28,Game,1,Predictable,118.08,0,,,7,,,130,Sound,,,
0,FORT,,1,1776624322.0544572,127.3,Game,1,Predictable,118.1,0,,,7,,,130,Sound,,,
0,FORT,,1,1776624322.0544572,127.31,Game,1,Predictable,118.11,0,,,7,,,130,Sound,,,
0,FORT,,1,1776624322.0544572,127.32,Game,1,Predictable,118.12,0,,,7,,,130,Sound,,,
0,FORT,,1,1776624322.0544572,127.34,Game,1,Predictable,118.14,0,,,7,,,130,Sound,,,
0,FORT,,1,1776624322.0544572,127.35,Game,1,Predictable,118.15,0,,,7,,,130,Sound,,,
0,FORT,,1,1776624322.0544572,127.36,Game,1,Predictable,118.16,0,,,7,,,130,Sound,,,
0,FORT,,1,1776624322.0544572,127.38,Game,1,Predictable,118.18,0,,,7,,,130,Sound,,,
0,FORT,,1,1776624322.0544572,127.39,Game,1,Predictable,118.19,0,,,7,,,130,Sound,,,
0,FORT,,1,1776624322.0544572,127.4,Game,1,Predictable,118.2,0,,,7,,,130,Sound,,,
0,FORT,,1,1776624322.0544572,127.42,Game,1,Predictable,118.22,0,,,7,,,130,Sound,,,
0,FORT,,1,1776624322.0544572,127.43,Game,1,Predictable,118.23,0,,,7,,,130,Sound,,,
0,FORT,,1,1776624322.0544572,127.44,Game,1,Predictable,118.24,0,,,7,,,130,Sound,,,
0,FORT,,1,1776624322.0544572,127.46,Game,1,Predictable,118.26,0,,,7,,,130,Sound,,,
0,FORT,,1,1776624322.0544572,127.47,Game,1,Predictable,118.27,0,,,7,,,130,Sound,,,
0,FORT,,1,1776624322.0544572,127.48,Game,1,Predictable,118.28,0,,,7,,,130,Sound,,,
0,FORT,,1,1776624322.0544572,127.5,Game,1,Predictable,118.3,0,,,7,,,130,Sound,,,
0,FORT,,1,1776624322.0544572,127.51,Game,1,Predictable,118.31,0,,,7,,,130,Sound,,,
0,FORT,,1,1776624322.0544572,127.52,Game,1,Predictable,118.32,0,,,7,,,130,Sound,,,
0,FORT,,1,1776624322.0544572,127.54,Game,1,Predictable,118.34,0,,,7,,,130,Sound,,,
0,FORT,,1,1776624322.0544572,127.55,Game,1,Predictable,118.35,0,,,7,,,130,Sound,,,
0,FORT,,1,1776624322.0544572,127.56,Game,1,Predictable,118.36,0,,,7,,,130,Sound,,,
0,FORT,,1,1776624322.0544572,127.58,Game,1,Predictable,118.38,0,,,7,,,130,Sound,,,
0,FORT,,1,1776624322.0544572,127.59,Game,1,Predictable,118.39,0,,,7,,,130,Sound,,,
0,FORT,,1,1776624322.0544572,127.6,Game,1,Predictable,118.4,0,,,7,,,130,Sound,,,
0,FORT,,1,1776624322.0544572,127.62,Game,1,Predictable,118.42,0,,,7,,,130,Sound,,,
0,FORT,,1,1776624322.0544572,127.63,Game,1,Predictable,118.43,0,,,7,,,130,Sound,,,
0,FORT,,1,1776624322.0544572,127.64,Game,1,Predictable,118.44,0,,,7,,,130,Sound,,,
0,FORT,,1,1776624322.0544572,127.66,Game,1,Predictable,118.46,0,,,7,,,130,Sound,,,
0,FORT,,1,1776624322.0544572,127.68,Game,1,Predictable,118.47,0,,,7,,,130,Sound,,,
0,FORT,,1,1776624322.0544572,127.7,Game,1,Predictable,118.5,0,,,7,,,130,Sound,,,
0,FORT,,1,1776624322.0544572,127.71,Game,1,Predictable,118.51,0,,,7,,,130,Sound,,,
0,FORT,,1,1776624322.0544572,127.73,Game,1,Predictable,118.53,0,,,7,,,130,Sound,,,
0,FORT,,1,1776624322.0544572,127.74,Game,1,Predictable,118.54,0,,,7,,,130,Sound,,,
0,FORT,,1,1776624322.0544572,127.75,Game,1,Predictable,118.55,0,,,7,,,130,Sound,,,
0,FORT,,1,1776624322.0544572,127.77,Game,1,Predictable,118.57,0,,,7,,,130,Sound,,,
0,FORT,,1,1776624322.0544572,127.78,Game,1,Predictable,118.58,0,,,7,,,130,Sound,,,
0,FORT,,1,1776624322.0544572,127.79,Game,1,Predictable,118.59,0,,,7,,,130,Sound,,,
0,FORT,,1,1776624322.0544572,127.81,Game,1,Predictable,118.61,0,,,7,,,130,Sound,,,
0,FORT,,1,1776624322.0544572,127.82,Game,1,Predictable,118.62,0,,,7,,,130,Sound,,,
0,FORT,,1,1776624322.0544572,127.83,Game,1,Predictable,118.63,0,,,7,,,130,Sound,,,
0,FORT,,1,1776624322.0544572,127.85,Game,1,Predictable,118.65,0,,,7,,,130,Sound,,,
0,FORT,,1,1776624322.0544572,127.86,Game,1,Predictable,118.66,0,,,7,,,130,Sound,,,
0,FORT,,1,1776624322.0544572,127.87,Game,1,Predictable,118.67,0,,,7,,,130,Sound,,,
0,FORT,,1,1776624322.0544572,127.89,Game,1,Predictable,118.69,0,,,7,,,130,Sound,,,
0,FORT,,1,1776624322.0544572,127.9,Game,1,Predictable,118.7,0,,,7,,,130,Sound,,,
0,FORT,,1,1776624322.0544572,127.91,Game,1,Predictable,118.71,0,,,7,,,130,Sound,,,
0,FORT,,1,1776624322.0544572,127.93,Game,1,Predictable,118.73,0,,,7,,,130,Sound,,,
0,FORT,,1,1776624322.0544572,127.94,Game,1,Predictable,118.74,0,,,7,,,130,Sound,,,
0,FORT,,1,1776624322.0544572,127.95,Game,1,Predictable,118.75,0,,,7,,,130,Sound,,,
0,FORT,,1,1776624322.0544572,127.97,Game,1,Predictable,118.77,0,,,7,,,130,Sound,,,
0,FORT,,1,1776624322.0544572,127.98,Game,1,Predictable,118.78,0,,,7,,,130,Sound,,,
0,FORT,,1,1776624322.0544572,127.99,Game,1,Predictable,118.79,0,,,7,,,130,Sound,,,
0,FORT,,1,1776624322.0544572,128.01,Game,1,Predictable,118.81,0,,,7,,,130,Sound,,,
0,FORT,,1,1776624322.0544572,128.03,Game,1,Predictable,118.82,0,,,7,,,130,Sound,,,
0,FORT,,1,1776624322.0544572,128.05,Game,1,Predictable,118.85,0,,,7,,,130,Sound,,,
0,FORT,,1,1776624322.0544572,128.06,Game,1,Predictable,118.86,0,,,7,,,130,Sound,,,
0,FORT,,1,1776624322.0544572,128.08,Game,1,Predictable,118.88,0,,,7,,,130,Sound,,,
0,FORT,,1,1776624322.0544572,128.09,Game,1,Predictable,118.89,0,,,7,,,130,Sound,,,
0,FORT,,1,1776624322.0544572,128.1,Game,1,Predictable,118.9,0,,,7,,,130,Sound,,,
0,FORT,,1,1776624322.0544572,128.12,Game,1,Predictable,118.92,0,,,7,,,130,Sound,,,
0,FORT,,1,1776624322.0544572,128.13,Game,1,Predictable,118.93,0,,,7,,,130,Sound,,,
0,FORT,,1,1776624322.0544572,128.14,Game,1,Predictable,118.94,0,,,7,,,130,Sound,,,
0,FORT,,1,1776624322.0544572,128.16,Game,1,Predictable,118.96,0,,,7,,,130,Sound,,,
0,FORT,,1,1776624322.0544572,128.17,Game,1,Predictable,118.97,0,,,7,,,130,Sound,,,
0,FORT,,1,1776624322.0544572,128.18,Game,1,Predictable,118.98,0,,,7,,,130,Sound,,,
0,FORT,,1,1776624322.0544572,128.2,Game,1,Predictable,119.0,0,,,7,,,130,Sound,,,
0,FORT,,1,1776624322.0544572,128.21,Game,1,Predictable,119.01,0,,,7,,,130,Sound,,,
0,FORT,,1,1776624322.0544572,128.22,Game,1,Predictable,119.02,0,,,7,,,130,Sound,,,
0,FORT,,1,1776624322.0544572,128.24,Game,1,Predictable,119.04,0,,,7,,,130,Sound,,,
0,FORT,,1,1776624322.0544572,128.25,Game,1,Predictable,119.05,0,,,7,,,130,Sound,,,
0,FORT,,1,1776624322.0544572,128.26,Game,1,Predictable,119.06,0,,,7,,,130,Sound,,,
0,FORT,,1,1776624322.0544572,128.28,Game,1,Predictable,119.08,0,,,7,,,130,Sound,,,
0,FORT,,1,1776624322.0544572,128.29,Game,1,Predictable,119.09,0,,,7,,,130,Sound,,,
0,FORT,,1,1776624322.0544572,128.3,Game,1,Predictable,119.1,0,,,7,,,130,Sound,,,
0,FORT,,1,1776624322.0544572,128.32,Game,1,Predictable,119.12,0,,,7,,,130,Sound,,,
0,FORT,,1,1776624322.0544572,128.33,Game,1,Predictable,119.13,0,,,7,,,130,Sound,,,
0,FORT,,1,1776624322.0544572,128.34,Game,1,Predictable,119.14,0,,,7,,,130,Sound,,,
0,FORT,,1,1776624322.0544572,128.36,Game,1,Predictable,119.16,0,,,7,,,130,Sound,,,
0,FORT,,1,1776624322.0544572,128.38,Game,1,Predictable,119.17,0,,,7,,,130,Sound,,,
0,FORT,,1,1776624322.0544572,128.4,Game,1,Predictable,119.2,0,,,7,,,130,Sound,,,
0,FORT,,1,1776624322.0544572,128.41,Game,1,Predictable,119.21,0,,,7,,,130,Sound,,,
0,FORT,,1,1776624322.0544572,128.43,Game,1,Predictable,119.23,0,,,7,,,130,Sound,,,
0,FORT,,1,1776624322.0544572,128.44,Game,1,Predictable,119.24,0,,,7,,,130,Sound,,,
0,FORT,,1,1776624322.0544572,128.45,Game,1,Predictable,119.25,0,,,7,,,130,Sound,,,
0,FORT,,1,1776624322.0544572,128.47,Game,1,Predictable,119.27,0,,,7,,,130,Sound,,,
0,FORT,,1,1776624322.0544572,128.48,Game,1,Predictable,119.28,0,,,7,,,130,Sound,,,
0,FORT,,1,1776624322.0544572,128.49,Game,1,Predictable,119.29,0,,,7,,,130,Sound,,,
0,FORT,,1,1776624322.0544572,128.51,Game,1,Predictable,119.31,0,,,7,,,130,Sound,,,
0,FORT,,1,1776624322.0544572,128.52,Game,1,Predictable,119.32,0,,,7,,,130,Sound,,,
0,FORT,,1,1776624322.0544572,128.53,Game,1,Predictable,119.33,0,,,7,,,130,Sound,,,
0,FORT,,1,1776624322.0544572,128.55,Game,1,Predictable,119.35,0,,,7,,,130,Sound,,,
0,FORT,,1,1776624322.0544572,128.56,Game,1,Predictable,119.36,0,,,7,,,130,Sound,,,
0,FORT,,1,1776624322.0544572,128.57,Game,1,Predictable,119.37,0,,,7,,,130,Sound,,,
0,FORT,,1,1776624322.0544572,128.59,Game,1,Predictable,119.39,0,,,7,,,130,Sound,,,
0,FORT,,1,1776624322.0544572,128.6,Game,1,Predictable,119.4,0,,,7,,,130,Sound,,,
0,FORT,,1,1776624322.0544572,128.61,Game,1,Predictable,119.41,0,,,7,,,130,Sound,,,
0,FORT,,1,1776624322.0544572,128.63,Game,1,Predictable,119.43,0,,,7,,,130,Sound,,,
0,FORT,,1,1776624322.0544572,128.64,Game,1,Predictable,119.44,0,,,7,,,130,Sound,,,
0,FORT,,1,1776624322.0544572,128.65,Game,1,Predictable,119.45,0,,,7,,,130,Sound,,,
0,FORT,,1,1776624322.0544572,128.67,Game,1,Predictable,119.47,0,,,7,,,130,Sound,,,
0,FORT,,1,1776624322.0544572,128.68,Game,1,Predictable,119.48,0,,,7,,,130,Sound,,,
0,FORT,,1,1776624322.0544572,128.69,Game,1,Predictable,119.49,0,,,7,,,130,Sound,,,
0,FORT,,1,1776624322.0544572,128.71,Game,1,Predictable,119.51,0,,,7,,,130,Sound,,,
0,FORT,,1,1776624322.0544572,128.72,Game,1,Predictable,119.52,0,,,7,,,130,Sound,,,
0,FORT,,1,1776624322.0544572,128.73,Game,1,Predictable,119.53,0,,,7,,,130,Sound,,,
0,FORT,,1,1776624322.0544572,128.75,Game,1,Predictable,119.55,0,,,7,,,130,Sound,,,
0,FORT,,1,1776624322.0544572,128.76,Game,1,Predictable,119.56,0,,,7,,,130,Sound,,,
0,FORT,,1,1776624322.0544572,128.77,Game,1,Predictable,119.57,0,,,7,,,130,Sound,,,
0,FORT,,1,1776624322.0544572,128.8,Game,1,Predictable,119.59,0,,,7,,,130,Sound,,,
0,FORT,,1,1776624322.0544572,128.82,Game,1,Predictable,119.61,0,,,7,,,130,Sound,,,
0,FORT,,1,1776624322.0544572,128.83,Game,1,Predictable,119.63,0,,,7,,,130,Sound,,,
0,FORT,,1,1776624322.0544572,128.84,Game,1,Predictable,119.64,0,,,7,,,130,Sound,,,
0,FORT,,1,1776624322.0544572,128.86,Game,1,Predictable,119.66,0,,,7,,,130,Sound,,,
0,FORT,,1,1776624322.0544572,128.87,Game,1,Predictable,119.67,0,,,7,,,130,Sound,,,
0,FORT,,1,1776624322.0544572,128.88,Game,1,Predictable,119.68,0,,,7,,,130,Sound,,,
0,FORT,,1,1776624322.0544572,128.9,Game,1,Predictable,119.7,0,,,7,,,130,Sound,,,
0,FORT,,1,1776624322.0544572,128.91,Game,1,Predictable,119.71,0,,,7,,,130,Sound,,,
0,FORT,,1,1776624322.0544572,128.92,Game,1,Predictable,119.72,0,,,7,,,130,Sound,,,
0,FORT,,1,1776624322.0544572,128.94,Game,1,Predictable,119.74,0,,,7,,,130,Sound,,,
0,FORT,,1,1776624322.0544572,128.95,Game,1,Predictable,119.75,0,,,7,,,130,Sound,,,
0,FORT,,1,1776624322.0544572,128.96,Game,1,Predictable,119.76,0,,,7,,,130,Sound,,,
0,FORT,,1,1776624322.0544572,128.98,Game,1,Predictable,119.78,0,,,7,,,130,Sound,,,
0,FORT,,1,1776624322.0544572,128.99,Game,1,Predictable,119.79,0,,,7,,,130,Sound,,,
0,FORT,,1,1776624322.0544572,129.0,Game,1,Predictable,119.81,0,,,7,,,130,Sound,,,
0,FORT,,1,1776624322.0544572,129.02,Game,1,Predictable,119.82,0,,,7,,,130,Sound,,,
0,FORT,,1,1776624322.0544572,129.03,Game,1,Predictable,119.83,0,,,7,,,130,Sound,,,
0,FORT,,1,1776624322.0544572,129.04,Game,1,Predictable,119.84,0,,,7,,,130,Sound,,,
0,FORT,,1,1776624322.0544572,129.06,Game,1,Predictable,119.86,0,,,7,,,130,Sound,,,
0,FORT,,1,1776624322.0544572,129.07,Game,1,Predictable,119.87,0,,,7,,,130,Sound,,,
0,FORT,,1,1776624322.0544572,129.08,Game,1,Predictable,119.88,0,,,7,,,130,Sound,,,
0,FORT,,1,1776624322.0544572,129.1,Game,1,Predictable,119.9,0,,,7,,,130,Sound,,,
0,FORT,,1,1776624322.0544572,129.11,Game,1,Predictable,119.91,0,,,7,,,130,Sound,,,
0,FORT,,1,1776624322.0544572,129.12,Game,1,Predictable,119.92,0,,,7,,,130,Sound,,,
0,FORT,,1,1776624322.0544572,129.14,Game,1,Predictable,119.94,0,,,7,,,130,Sound,,,
0,FORT,,1,1776624322.0544572,129.15,Game,1,Predictable,119.95,0,,,7,,,130,Sound,,,
0,FORT,,1,1776624322.0544572,129.16,Game,1,Predictable,119.96,0,,,7,,,130,Sound,,,
0,FORT,,1,1776624322.0544572,129.18,Game,1,Predictable,119.98,0,,,7,,,130,Sound,,,
0,FORT,,1,1776624322.0544572,129.19,Game,1,Predictable,119.99,0,,,7,,,130,Sound,,,
