,ExperimentName,Subject,Session,StartTime,CurrentTime,Step,Block,Scenario,TimeInCondition,Cue,Startle,Shock,FearRating,CueStart,CueEnd,ScenarioIndex,ShockType,VAS_score,VAS_type,VAS_RT
0,FORT,,1,1777024441.638954,47.93,Game,1,Predictable,0.07,0,,,,,,130,Sound,,,
0,FORT,,1,1777024441.638954,47.97,Game,1,Predictable,0.07,0,,,5,,,130,Sound,,,
0,FORT,,1,1777024441.638954,47.98,Game,1,Predictable,0.11,0,,,5,,,130,Sound,,,
0,FORT,,1,1777024441.638954,48.0,Game,1,Predictable,0.12,0,,,5,,,130,Sound,,,
0,FORT,,1,1777024441.638954,48.0,Game,1,Predictable,0.13,0,,,5,,,130,Sound,,,
0,FORT,,1,1777024441.638954,48.01,Game,1,Predictable,0.14,0,,,5,,,130,Sound,,,
0,FORT,,1,1777024441.638954,48.02,Game,1,Predictable,0.15,0,,,5,,,130,Sound,,,
0,FORT,,1,1777024441.638954,48.03,Game,1,Predictable,0.15,0,,,5,,,130,Sound,,,
0,FORT,,1,1777024441.638954,48.03,Game,1,Predictable,0.17,0,,,5,,,130,Sound,,,
0,FORT,,1,1777024441.638954,48.05,Game,1,Predictable,0.17,0,,,5,,,130,Sound,,,
0,FORT,,1,1777024441.638954,48.05,Game,1,Predictable,0.18,0,,,5,,,130,Sound,,,
0,FORT,,1,1777024441.638954,48.06,Game,1,Predictable,0.19,0,,,5,,,130,Sound,,,
0,FORT,,1,1777024441.638954,48.07,Game,1,Predictable,0.2,0,,,5,,,130,Sound,,,
0,FORT,,1,1777024441.638954,48.08,Game,1,Predictable,0.2,0,,,5,,,130,Sound,,,
0,FORT,,1,1777024441.638954,48.08,Game,1,Predictable,0.22,0,,,5,,,130,Sound,,,
0,FORT,,1,1777024441.638954,48.1,Game,1,Predictable,0.22,0,,,5,,,130,Sound,,,
0,FORT,,1,1777024441.638954,48.1,Game,1,Predictable,0.23,0,,,5,,,130,Sound,,,
0,FORT,,1,1777024441.638954,48.11,Game,1,Predictable,0.24,0,,,5,,,130,Sound,,,
0,FORT,,1,1777024441.638954,48.12,Game,1,Predictable,0.25,0,,,5,,,130,Sound,,,
0,FORT,,1,1777024441.638954,48.13,Game,1,Predictable,0.25,0,,,5,,,130,Sound,,,
0,FORT,,1,1777024441.638954,48.13,Game,1,Predictable,0.27,0,,,5,,,130,Sound,,,
0,FORT,,1,1777024441.638954,48.15,Game,1,Predictable,0.27,0,,,5,,,130,Sound,,,
0,FORT,,1,1777024441.638954,48.15,Game,1,Predictable,0.28,0,,,5,,,130,Sound,,,
0,FORT,,1,1777024441.638954,48.16,Game,1,Predictable,0.29,0,,,5,,,130,Sound,,,
0,FORT,,1,1777024441.638954,48.17,Game,1,Predictable,0.3,0,,,5,,,130,Sound,,,
0,FORT,,1,1777024441.638954,48.18,Game,1,Predictable,0.3,0,,,5,,,130,Sound,,,
0,FORT,,1,1777024441.638954,48.18,Game,1,Predictable,0.32,0,,,5,,,130,Sound,,,
0,FORT,,1,1777024441.638954,48.2,Game,1,Predictable,0.32,0,,,5,,,130,Sound,,,
0,FORT,,1,1777024441.638954,48.2,Game,1,Predictable,0.33,0,,,5,,,130,Sound,,,
0,FORT,,1,1777024441.638954,48.21,Game,1,Predictable,0.34,0,,,5,,,130,Sound,,,
0,FORT,,1,1777024441.638954,48.22,Game,1,Predictable,0.35,0,,,5,,,130,Sound,,,
0,FORT,,1,1777024441.638954,48.23,Game,1,Predictable,0.35,0,,,5,,,130,Sound,,,
0,FORT,,1,1777024441.638954,48.23,Game,1,Predictable,0.37,0,,,5,,,130,Sound,,,
0,FORT,,1,1777024441.638954,48.25,Game,1,Predictable,0.37,0,,,5,,,130,Sound,,,
0,FORT,,1,1777024441.638954,48.25,Game,1,Predictable,0.38,0,,,5,,,130,Sound,,,
0,FORT,,1,1777024441.638954,48.26,Game,1,Predictable,0.39,0,,,5,,,130,Sound,,,
0,FORT,,1,1777024441.638954,48.27,Game,1,Predictable,0.4,0,,,5,,,130,Sound,,,
0,FORT,,1,1777024441.638954,48.28,Game,1,Predictable,0.41,0,,,5,,,130,Sound,,,
0,FORT,,1,1777024441.638954,48.28,Game,1,Predictable,0.42,0,,,5,,,130,Sound,,,
0,FORT,,1,1777024441.638954,48.3,Game,1,Predictable,0.42,0,,,5,,,130,Sound,,,
0,FORT,,1,1777024441.638954,48.3,Game,1,Predictable,0.43,0,,,5,,,130,Sound,,,
0,FORT,,1,1777024441.638954,48.31,Game,1,Predictable,0.44,0,,,5,,,130,Sound,,,
0,FORT,,1,1777024441.638954,48.32,Game,1,Predictable,0.45,0,,,5,,,130,Sound,,,
0,FORT,,1,1777024441.638954,48.33,Game,1,Predictable,0.46,0,,,5,,,130,Sound,,,
0,FORT,,1,1777024441.638954,48.33,Game,1,Predictable,0.47,0,,,5,,,130,Sound,,,
0,FORT,,1,1777024441.638954,48.35,Game,1,Predictable,0.47,0,,,5,,,130,Sound,,,
0,FORT,,1,1777024441.638954,48.35,Game,1,Predictable,0.48,0,,,5,,,130,Sound,,,
0,FORT,,1,1777024441.638954,48.36,Game,1,Predictable,0.49,0,,,5,,,130,Sound,,,
0,FORT,,1,1777024441.638954,48.37,Game,1,Predictable,0.5,0,,,5,,,130,Sound,,,
0,FORT,,1,1777024441.638954,48.38,Game,1,Predictable,0.51,0,,,5,,,130,Sound,,,
0,FORT,,1,1777024441.638954,48.38,Game,1,Predictable,0.52,0,,,5,,,130,Sound,,,
0,FORT,,1,1777024441.638954,48.4,Game,1,Predictable,0.52,0,,,5,,,130,Sound,,,
0,FORT,,1,1777024441.638954,48.4,Game,1,Predictable,0.53,0,,,5,,,130,Sound,,,
0,FORT,,1,1777024441.638954,48.41,Game,1,Predictable,0.54,0,,,5,,,130,Sound,,,
0,FORT,,1,1777024441.638954,48.42,Game,1,Predictable,0.55,0,,,5,,,130,Sound,,,
0,FORT,,1,1777024441.638954,48.43,Game,1,Predictable,0.56,0,,,5,,,130,Sound,,,
0,FORT,,1,1777024441.638954,48.43,Game,1,Predictable,0.57,0,,,5,,,130,Sound,,,
0,FORT,,1,1777024441.638954,48.45,Game,1,Predictable,0.57,0,,,5,,,130,Sound,,,
0,FORT,,1,1777024441.638954,48.45,Game,1,Predictable,0.58,0,,,5,,,130,Sound,,,
0,FORT,,1,1777024441.638954,48.46,Game,1,Predictable,0.59,0,,,5,,,130,Sound,,,
0,FORT,,1,1777024441.638954,48.47,Game,1,Predictable,0.6,0,,,5,,,130,Sound,,,
0,FORT,,1,1777024441.638954,48.48,Game,1,Predictable,0.61,0,,,5,,,130,Sound,,,
0,FORT,,1,1777024441.638954,48.48,Game,1,Predictable,0.62,0,,,5,,,130,Sound,,,
0,FORT,,1,1777024441.638954,48.5,Game,1,Predictable,0.62,0,,,5,,,130,Sound,,,
0,FORT,,1,1777024441.638954,48.5,Game,1,Predictable,0.63,0,,,5,,,130,Sound,,,
0,FORT,,1,1777024441.638954,48.51,Game,1,Predictable,0.64,0,,,5,,,130,Sound,,,
0,FORT,,1,1777024441.638954,48.52,Game,1,Predictable,0.65,0,,,5,,,130,Sound,,,
0,FORT,,1,1777024441.638954,48.53,Game,1,Predictable,0.66,0,,,5,,,130,Sound,,,
0,FORT,,1,1777024441.638954,48.53,Game,1,Predictable,0.67,0,,,5,,,130,Sound,,,
0,FORT,,1,1777024441.638954,48.55,Game,1,Predictable,0.67,0,,,5,,,130,Sound,,,
0,FORT,,1,1777024441.638954,48.55,Game,1,Predictable,0.68,0,,,5,,,130,Sound,,,
0,FORT,,1,1777024441.638954,48.56,Game,1,Predictable,0.69,0,,,5,,,130,Sound,,,
0,FORT,,1,1777024441.638954,48.57,Game,1,Predictable,0.7,0,,,5,,,130,Sound,,,
0,FORT,,1,1777024441.638954,48.58,Game,1,Predictable,0.71,0,,,5,,,130,Sound,,,
0,FORT,,1,1777024441.638954,48.58,Game,1,Predictable,0.72,0,,,5,,,130,Sound,,,
0,FORT,,1,1777024441.638954,48.6,Game,1,Predictable,0.72,0,,,5,,,130,Sound,,,
0,FORT,,1,1777024441.638954,48.6,Game,1,Predictable,0.73,0,,,5,,,130,Sound,,,
0,FORT,,1,1777024441.638954,48.61,Game,1,Predictable,0.74,0,,,5,,,130,Sound,,,
0,FORT,,1,1777024441.638954,48.62,Game,1,Predictable,0.75,0,,,5,,,130,Sound,,,
0,FORT,,1,1777024441.638954,48.63,Game,1,Predictable,0.76,0,,,5,,,130,Sound,,,
0,FORT,,1,1777024441.638954,48.63,Game,1,Predictable,0.77,0,,,5,,,130,Sound,,,
0,FORT,,1,1777024441.638954,48.65,Game,1,Predictable,0.77,0,,,5,,,130,Sound,,,
0,FORT,,1,1777024441.638954,48.65,Game,1,Predictable,0.78,0,,,5,,,130,Sound,,,
0,FORT,,1,1777024441.638954,48.66,Game,1,Predictable,0.79,0,,,5,,,130,Sound,,,
0,FORT,,1,1777024441.638954,48.67,Game,1,Predictable,0.8,0,,,5,,,130,Sound,,,
0,FORT,,1,1777024441.638954,48.68,Game,1,Predictable,0.81,0,,,5,,,130,Sound,,,
0,FORT,,1,1777024441.638954,48.68,Game,1,Predictable,0.82,0,,,5,,,130,Sound,,,
0,FORT,,1,1777024441.638954,48.7,Game,1,Predictable,0.82,0,,,5,,,130,Sound,,,
0,FORT,,1,1777024441.638954,48.7,Game,1,Predictable,0.83,0,,,5,,,130,Sound,,,
0,FORT,,1,1777024441.638954,48.71,Game,1,Predictable,0.84,0,,,5,,,130,Sound,,,
0,FORT,,1,1777024441.638954,48.72,Game,1,Predictable,0.85,0,,,5,,,130,Sound,,,
0,FORT,,1,1777024441.638954,48.73,Game,1,Predictable,0.86,0,,,5,,,130,Sound,,,
0,FORT,,1,1777024441.638954,48.73,Game,1,Predictable,0.87,0,,,5,,,130,Sound,,,
0,FORT,,1,1777024441.638954,48.75,Game,1,Predictable,0.87,0,,,5,,,130,Sound,,,
0,FORT,,1,1777024441.638954,48.75,Game,1,Predictable,0.88,0,,,5,,,130,Sound,,,
0,FORT,,1,1777024441.638954,48.76,Game,1,Predictable,0.89,0,,,5,,,130,Sound,,,
0,FORT,,1,1777024441.638954,48.77,Game,1,Predictable,0.9,0,,,5,,,130,Sound,,,
0,FORT,,1,1777024441.638954,48.78,Game,1,Predictable,0.91,0,,,5,,,130,Sound,,,
0,FORT,,1,1777024441.638954,48.78,Game,1,Predictable,0.92,0,,,5,,,130,Sound,,,
0,FORT,,1,1777024441.638954,48.8,Game,1,Predictable,0.92,0,,,5,,,130,Sound,,,
0,FORT,,1,1777024441.638954,48.8,Game,1,Predictable,0.93,0,,,5,,,130,Sound,,,
0,FORT,,1,1777024441.638954,48.81,Game,1,Predictable,0.94,0,,,5,,,130,Sound,,,
0,FORT,,1,1777024441.638954,48.82,Game,1,Predictable,0.95,0,,,5,,,130,Sound,,,
0,FORT,,1,1777024441.638954,48.83,Game,1,Predictable,0.96,0,,,5,,,130,Sound,,,
0,FORT,,1,1777024441.638954,48.83,Game,1,Predictable,0.97,0,,,5,,,130,Sound,,,
0,FORT,,1,1777024441.638954,48.85,Game,1,Predictable,0.97,0,,,5,,,130,Sound,,,
0,FORT,,1,1777024441.638954,48.85,Game,1,Predictable,0.98,0,,,5,,,130,Sound,,,
0,FORT,,1,1777024441.638954,48.86,Game,1,Predictable,0.99,0,,,5,,,130,Sound,,,
0,FORT,,1,1777024441.638954,48.87,Game,1,Predictable,1.0,0,,,5,,,130,Sound,,,
0,FORT,,1,1777024441.638954,48.88,Game,1,Predictable,1.01,0,,,5,,,130,Sound,,,
0,FORT,,1,1777024441.638954,48.88,Game,1,Predictable,1.02,0,,,5,,,130,Sound,,,
0,FORT,,1,1777024441.638954,48.9,Game,1,Predictable,1.02,0,,,5,,,130,Sound,,,
0,FORT,,1,1777024441.638954,48.9,Game,1,Predictable,1.03,0,,,5,,,130,Sound,,,
0,FORT,,1,1777024441.638954,48.91,Game,1,Predictable,1.04,0,,,5,,,130,Sound,,,
0,FORT,,1,1777024441.638954,48.92,Game,1,Predictable,1.05,0,,,5,,,130,Sound,,,
0,FORT,,1,1777024441.638954,48.93,Game,1,Predictable,1.06,0,,,5,,,130,Sound,,,
0,FORT,,1,1777024441.638954,48.93,Game,1,Predictable,1.07,0,,,5,,,130,Sound,,,
0,FORT,,1,1777024441.638954,48.95,Game,1,Predictable,1.07,0,,,5,,,130,Sound,,,
0,FORT,,1,1777024441.638954,48.95,Game,1,Predictable,1.08,0,,,5,,,130,Sound,,,
0,FORT,,1,1777024441.638954,48.96,Game,1,Predictable,1.09,0,,,5,,,130,Sound,,,
0,FORT,,1,1777024441.638954,48.97,Game,1,Predictable,1.1,0,,,5,,,130,Sound,,,
0,FORT,,1,1777024441.638954,48.98,Game,1,Predictable,1.11,0,,,5,,,130,Sound,,,
0,FORT,,1,1777024441.638954,48.98,Game,1,Predictable,1.12,0,,,5,,,130,Sound,,,
0,FORT,,1,1777024441.638954,49.0,Game,1,Predictable,1.12,0,,,5,,,130,Sound,,,
0,FORT,,1,1777024441.638954,49.0,Game,1,Predictable,1.13,0,,,5,,,130,Sound,,,
0,FORT,,1,1777024441.638954,49.01,Game,1,Predictable,1.14,0,,,5,,,130,Sound,,,
0,FORT,,1,1777024441.638954,49.02,Game,1,Predictable,1.15,0,,,5,,,130,Sound,,,
0,FORT,,1,1777024441.638954,49.03,Game,1,Predictable,1.16,0,,,5,,,130,Sound,,,
0,FORT,,1,1777024441.638954,49.03,Game,1,Predictable,1.17,0,,,5,,,130,Sound,,,
0,FORT,,1,1777024441.638954,49.05,Game,1,Predictable,1.17,0,,,5,,,130,Sound,,,
0,FORT,,1,1777024441.638954,49.05,Game,1,Predictable,1.18,0,,,5,,,130,Sound,,,
0,FORT,,1,1777024441.638954,49.06,Game,1,Predictable,1.19,0,,,5,,,130,Sound,,,
0,FORT,,1,1777024441.638954,49.07,Game,1,Predictable,1.2,0,,,5,,,130,Sound,,,
0,FORT,,1,1777024441.638954,49.08,Game,1,Predictable,1.21,0,,,5,,,130,Sound,,,
0,FORT,,1,1777024441.638954,49.08,Game,1,Predictable,1.22,0,,,5,,,130,Sound,,,
0,FORT,,1,1777024441.638954,49.1,Game,1,Predictable,1.22,0,,,5,,,130,Sound,,,
0,FORT,,1,1777024441.638954,49.1,Game,1,Predictable,1.23,0,,,5,,,130,Sound,,,
0,FORT,,1,1777024441.638954,49.11,Game,1,Predictable,1.24,0,,,5,,,130,Sound,,,
0,FORT,,1,1777024441.638954,49.12,Game,1,Predictable,1.25,0,,,5,,,130,Sound,,,
0,FORT,,1,1777024441.638954,49.13,Game,1,Predictable,1.26,0,,,5,,,130,Sound,,,
0,FORT,,1,1777024441.638954,49.13,Game,1,Predictable,1.27,0,,,5,,,130,Sound,,,
0,FORT,,1,1777024441.638954,49.15,Game,1,Predictable,1.27,0,,,5,,,130,Sound,,,
0,FORT,,1,1777024441.638954,49.15,Game,1,Predictable,1.28,0,,,5,,,130,Sound,,,
0,FORT,,1,1777024441.638954,49.16,Game,1,Predictable,1.29,0,,,5,,,130,Sound,,,
0,FORT,,1,1777024441.638954,49.17,Game,1,Predictable,1.3,0,,,5,,,130,Sound,,,
0,FORT,,1,1777024441.638954,49.18,Game,1,Predictable,1.31,0,,,5,,,130,Sound,,,
0,FORT,,1,1777024441.638954,49.18,Game,1,Predictable,1.32,0,,,5,,,130,Sound,,,
0,FORT,,1,1777024441.638954,49.2,Game,1,Predictable,1.32,0,,,5,,,130,Sound,,,
0,FORT,,1,1777024441.638954,49.2,Game,1,Predictable,1.33,0,,,5,,,130,Sound,,,
0,FORT,,1,1777024441.638954,49.21,Game,1,Predictable,1.34,0,,,5,,,130,Sound,,,
0,FORT,,1,1777024441.638954,49.22,Game,1,Predictable,1.35,0,,,5,,,130,Sound,,,
0,FORT,,1,1777024441.638954,49.23,Game,1,Predictable,1.36,0,,,5,,,130,Sound,,,
0,FORT,,1,1777024441.638954,49.23,Game,1,Predictable,1.37,0,,,5,,,130,Sound,,,
0,FORT,,1,1777024441.638954,49.25,Game,1,Predictable,1.37,0,,,5,,,130,Sound,,,
0,FORT,,1,1777024441.638954,49.25,Game,1,Predictable,1.38,0,,,5,,,130,Sound,,,
0,FORT,,1,1777024441.638954,49.26,Game,1,Predictable,1.39,0,,,5,,,130,Sound,,,
0,FORT,,1,1777024441.638954,49.27,Game,1,Predictable,1.4,0,,,5,,,130,Sound,,,
0,FORT,,1,1777024441.638954,49.28,Game,1,Predictable,1.41,0,,,5,,,130,Sound,,,
0,FORT,,1,1777024441.638954,49.28,Game,1,Predictable,1.42,0,,,5,,,130,Sound,,,
0,FORT,,1,1777024441.638954,49.3,Game,1,Predictable,1.42,0,,,5,,,130,Sound,,,
0,FORT,,1,1777024441.638954,49.3,Game,1,Predictable,1.43,0,,,5,,,130,Sound,,,
0,FORT,,1,1777024441.638954,49.31,Game,1,Predictable,1.44,0,,,5,,,130,Sound,,,
0,FORT,,1,1777024441.638954,49.32,Game,1,Predictable,1.45,0,,,5,,,130,Sound,,,
0,FORT,,1,1777024441.638954,49.33,Game,1,Predictable,1.46,0,,,5,,,130,Sound,,,
0,FORT,,1,1777024441.638954,49.33,Game,1,Predictable,1.47,0,,,5,,,130,Sound,,,
0,FORT,,1,1777024441.638954,49.35,Game,1,Predictable,1.47,0,,,5,,,130,Sound,,,
0,FORT,,1,1777024441.638954,49.35,Game,1,Predictable,1.48,0,,,5,,,130,Sound,,,
0,FORT,,1,1777024441.638954,49.36,Game,1,Predictable,1.49,0,,,5,,,130,Sound,,,
0,FORT,,1,1777024441.638954,49.37,Game,1,Predictable,1.5,0,,,5,,,130,Sound,,,
0,FORT,,1,1777024441.638954,49.38,Game,1,Predictable,1.51,0,,,5,,,130,Sound,,,
0,FORT,,1,1777024441.638954,49.38,Game,1,Predictable,1.52,0,,,5,,,130,Sound,,,
0,FORT,,1,1777024441.638954,49.4,Game,1,Predictable,1.52,0,,,5,,,130,Sound,,,
0,FORT,,1,1777024441.638954,49.4,Game,1,Predictable,1.53,0,,,5,,,130,Sound,,,
0,FORT,,1,1777024441.638954,49.41,Game,1,Predictable,1.54,0,,,5,,,130,Sound,,,
0,FORT,,1,1777024441.638954,49.42,Game,1,Predictable,1.55,0,,,5,,,130,Sound,,,
0,FORT,,1,1777024441.638954,49.43,Game,1,Predictable,1.56,0,,,5,,,130,Sound,,,
0,FORT,,1,1777024441.638954,49.43,Game,1,Predictable,1.57,0,,,5,,,130,Sound,,,
0,FORT,,1,1777024441.638954,49.45,Game,1,Predictable,1.57,0,,,5,,,130,Sound,,,
0,FORT,,1,1777024441.638954,49.45,Game,1,Predictable,1.58,0,,,5,,,130,Sound,,,
0,FORT,,1,1777024441.638954,49.46,Game,1,Predictable,1.59,0,,,5,,,130,Sound,,,
0,FORT,,1,1777024441.638954,49.47,Game,1,Predictable,1.6,0,,,5,,,130,Sound,,,
0,FORT,,1,1777024441.638954,49.48,Game,1,Predictable,1.61,0,,,5,,,130,Sound,,,
0,FORT,,1,1777024441.638954,49.48,Game,1,Predictable,1.62,0,,,5,,,130,Sound,,,
0,FORT,,1,1777024441.638954,49.5,Game,1,Predictable,1.62,0,,,5,,,130,Sound,,,
0,FORT,,1,1777024441.638954,49.5,Game,1,Predictable,1.63,0,,,5,,,130,Sound,,,
0,FORT,,1,1777024441.638954,49.51,Game,1,Predictable,1.64,0,,,5,,,130,Sound,,,
0,FORT,,1,1777024441.638954,49.52,Game,1,Predictable,1.65,0,,,5,,,130,Sound,,,
0,FORT,,1,1777024441.638954,49.53,Game,1,Predictable,1.66,0,,,5,,,130,Sound,,,
0,FORT,,1,1777024441.638954,49.53,Game,1,Predictable,1.67,0,,,5,,,130,Sound,,,
0,FORT,,1,1777024441.638954,49.55,Game,1,Predictable,1.67,0,,,5,,,130,Sound,,,
0,FORT,,1,1777024441.638954,49.55,Game,1,Predictable,1.68,0,,,5,,,130,Sound,,,
0,FORT,,1,1777024441.638954,49.56,Game,1,Predictable,1.69,0,,,5,,,130,Sound,,,
0,FORT,,1,1777024441.638954,49.57,Game,1,Predictable,1.7,0,,,5,,,130,Sound,,,
0,FORT,,1,1777024441.638954,49.58,Game,1,Predictable,1.71,0,,,5,,,130,Sound,,,
0,FORT,,1,1777024441.638954,49.58,Game,1,Predictable,1.72,0,,,5,,,130,Sound,,,
0,FORT,,1,1777024441.638954,49.6,Game,1,Predictable,1.72,0,,,5,,,130,Sound,,,
0,FORT,,1,1777024441.638954,49.6,Game,1,Predictable,1.73,0,,,5,,,130,Sound,,,
0,FORT,,1,1777024441.638954,49.61,Game,1,Predictable,1.74,0,,,5,,,130,Sound,,,
0,FORT,,1,1777024441.638954,49.62,Game,1,Predictable,1.75,0,,,5,,,130,Sound,,,
0,FORT,,1,1777024441.638954,49.63,Game,1,Predictable,1.76,0,,,5,,,130,Sound,,,
0,FORT,,1,1777024441.638954,49.63,Game,1,Predictable,1.77,0,,,5,,,130,Sound,,,
0,FORT,,1,1777024441.638954,49.65,Game,1,Predictable,1.77,0,,,5,,,130,Sound,,,
0,FORT,,1,1777024441.638954,49.65,Game,1,Predictable,1.78,0,,,5,,,130,Sound,,,
0,FORT,,1,1777024441.638954,49.66,Game,1,Predictable,1.79,0,,,5,,,130,Sound,,,
0,FORT,,1,1777024441.638954,49.67,Game,1,Predictable,1.8,0,,,5,,,130,Sound,,,
0,FORT,,1,1777024441.638954,49.68,Game,1,Predictable,1.81,0,,,5,,,130,Sound,,,
0,FORT,,1,1777024441.638954,49.68,Game,1,Predictable,1.82,0,,,5,,,130,Sound,,,
0,FORT,,1,1777024441.638954,49.7,Game,1,Predictable,1.82,0,,,5,,,130,Sound,,,
0,FORT,,1,1777024441.638954,49.7,Game,1,Predictable,1.83,0,,,5,,,130,Sound,,,
0,FORT,,1,1777024441.638954,49.71,Game,1,Predictable,1.84,0,,,5,,,130,Sound,,,
0,FORT,,1,1777024441.638954,49.72,Game,1,Predictable,1.85,0,,,5,,,130,Sound,,,
0,FORT,,1,1777024441.638954,49.73,Game,1,Predictable,1.86,0,,,5,,,130,Sound,,,
0,FORT,,1,1777024441.638954,49.73,Game,1,Predictable,1.87,0,,,5,,,130,Sound,,,
0,FORT,,1,1777024441.638954,49.75,Game,1,Predictable,1.87,0,,,5,,,130,Sound,,,
0,FORT,,1,1777024441.638954,49.75,Game,1,Predictable,1.88,0,,,5,,,130,Sound,,,
0,FORT,,1,1777024441.638954,49.76,Game,1,Predictable,1.89,0,,,5,,,130,Sound,,,
0,FORT,,1,1777024441.638954,49.77,Game,1,Predictable,1.9,0,,,5,,,130,Sound,,,
0,FORT,,1,1777024441.638954,49.78,Game,1,Predictable,1.91,0,,,5,,,130,Sound,,,
0,FORT,,1,1777024441.638954,49.78,Game,1,Predictable,1.92,0,,,5,,,130,Sound,,,
0,FORT,,1,1777024441.638954,49.8,Game,1,Predictable,1.92,0,,,5,,,130,Sound,,,
0,FORT,,1,1777024441.638954,49.8,Game,1,Predictable,1.93,0,,,5,,,130,Sound,,,
0,FORT,,1,1777024441.638954,49.81,Game,1,Predictable,1.94,0,,,5,,,130,Sound,,,
0,FORT,,1,1777024441.638954,49.82,Game,1,Predictable,1.95,0,,,5,,,130,Sound,,,
0,FORT,,1,1777024441.638954,49.83,Game,1,Predictable,1.96,0,,,5,,,130,Sound,,,
0,FORT,,1,1777024441.638954,49.83,Game,1,Predictable,1.97,0,,,5,,,130,Sound,,,
0,FORT,,1,1777024441.638954,49.85,Game,1,Predictable,1.97,0,,,5,,,130,Sound,,,
0,FORT,,1,1777024441.638954,49.85,Game,1,Predictable,1.98,0,,,5,,,130,Sound,,,
0,FORT,,1,1777024441.638954,49.86,Game,1,Predictable,1.99,0,,,5,,,130,Sound,,,
0,FORT,,1,1777024441.638954,49.87,Game,1,Predictable,2.0,0,,,5,,,130,Sound,,,
0,FORT,,1,1777024441.638954,49.88,Game,1,Predictable,2.01,0,,,5,,,130,Sound,,,
0,FORT,,1,1777024441.638954,49.88,Game,1,Predictable,2.02,0,,,5,,,130,Sound,,,
0,FORT,,1,1777024441.638954,49.9,Game,1,Predictable,2.02,0,,,5,,,130,Sound,,,
0,FORT,,1,1777024441.638954,49.9,Game,1,Predictable,2.03,0,,,5,,,130,Sound,,,
0,FORT,,1,1777024441.638954,49.91,Game,1,Predictable,2.04,0,,,5,,,130,Sound,,,
0,FORT,,1,1777024441.638954,49.92,Game,1,Predictable,2.05,0,,,5,,,130,Sound,,,
0,FORT,,1,1777024441.638954,49.93,Game,1,Predictable,2.06,0,,,5,,,130,Sound,,,
0,FORT,,1,1777024441.638954,49.93,Game,1,Predictable,2.07,0,,,5,,,130,Sound,,,
0,FORT,,1,1777024441.638954,49.95,Game,1,Predictable,2.07,0,,,5,,,130,Sound,,,
0,FORT,,1,1777024441.638954,49.95,Game,1,Predictable,2.08,0,,,5,,,130,Sound,,,
0,FORT,,1,1777024441.638954,49.96,Game,1,Predictable,2.09,0,,,5,,,130,Sound,,,
0,FORT,,1,1777024441.638954,49.97,Game,1,Predictable,2.1,0,,,5,,,130,Sound,,,
0,FORT,,1,1777024441.638954,49.98,Game,1,Predictable,2.11,0,,,5,,,130,Sound,,,
0,FORT,,1,1777024441.638954,49.98,Game,1,Predictable,2.12,0,,,5,,,130,Sound,,,
0,FORT,,1,1777024441.638954,50.0,Game,1,Predictable,2.12,0,,,5,,,130,Sound,,,
0,FORT,,1,1777024441.638954,50.0,Game,1,Predictable,2.13,0,,,5,,,130,Sound,,,
0,FORT,,1,1777024441.638954,50.01,Game,1,Predictable,2.14,0,,,5,,,130,Sound,,,
0,FORT,,1,1777024441.638954,50.02,Game,1,Predictable,2.15,0,,,5,,,130,Sound,,,
0,FORT,,1,1777024441.638954,50.03,Game,1,Predictable,2.16,0,,,5,,,130,Sound,,,
0,FORT,,1,1777024441.638954,50.03,Game,1,Predictable,2.17,0,,,5,,,130,Sound,,,
0,FORT,,1,1777024441.638954,50.05,Game,1,Predictable,2.17,0,,,5,,,130,Sound,,,
0,FORT,,1,1777024441.638954,50.05,Game,1,Predictable,2.18,0,,,5,,,130,Sound,,,
0,FORT,,1,1777024441.638954,50.06,Game,1,Predictable,2.19,0,,,5,,,130,Sound,,,
0,FORT,,1,1777024441.638954,50.07,Game,1,Predictable,2.2,0,,,5,,,130,Sound,,,
0,FORT,,1,1777024441.638954,50.08,Game,1,Predictable,2.21,0,,,5,,,130,Sound,,,
0,FORT,,1,1777024441.638954,50.08,Game,1,Predictable,2.22,0,,,5,,,130,Sound,,,
0,FORT,,1,1777024441.638954,50.1,Game,1,Predictable,2.22,0,,,5,,,130,Sound,,,
0,FORT,,1,1777024441.638954,50.1,Game,1,Predictable,2.23,0,,,5,,,130,Sound,,,
0,FORT,,1,1777024441.638954,50.11,Game,1,Predictable,2.24,0,,,5,,,130,Sound,,,
0,FORT,,1,1777024441.638954,50.12,Game,1,Predictable,2.25,0,,,5,,,130,Sound,,,
0,FORT,,1,1777024441.638954,50.13,Game,1,Predictable,2.26,0,,,5,,,130,Sound,,,
0,FORT,,1,1777024441.638954,50.13,Game,1,Predictable,2.27,0,,,5,,,130,Sound,,,
0,FORT,,1,1777024441.638954,50.15,Game,1,Predictable,2.27,0,,,5,,,130,Sound,,,
0,FORT,,1,1777024441.638954,50.15,Game,1,Predictable,2.28,0,,,5,,,130,Sound,,,
0,FORT,,1,1777024441.638954,50.16,Game,1,Predictable,2.29,0,,,5,,,130,Sound,,,
0,FORT,,1,1777024441.638954,50.17,Game,1,Predictable,2.3,0,,,5,,,130,Sound,,,
0,FORT,,1,1777024441.638954,50.18,Game,1,Predictable,2.31,0,,,5,,,130,Sound,,,
0,FORT,,1,1777024441.638954,50.18,Game,1,Predictable,2.32,0,,,5,,,130,Sound,,,
0,FORT,,1,1777024441.638954,50.2,Game,1,Predictable,2.32,0,,,5,,,130,Sound,,,
0,FORT,,1,1777024441.638954,50.2,Game,1,Predictable,2.33,0,,,5,,,130,Sound,,,
0,FORT,,1,1777024441.638954,50.21,Game,1,Predictable,2.34,0,,,5,,,130,Sound,,,
0,FORT,,1,1777024441.638954,50.22,Game,1,Predictable,2.35,0,,,5,,,130,Sound,,,
0,FORT,,1,1777024441.638954,50.23,Game,1,Predictable,2.36,0,,,5,,,130,Sound,,,
0,FORT,,1,1777024441.638954,50.23,Game,1,Predictable,2.37,0,,,5,,,130,Sound,,,
0,FORT,,1,1777024441.638954,50.25,Game,1,Predictable,2.37,0,,,5,,,130,Sound,,,
0,FORT,,1,1777024441.638954,50.25,Game,1,Predictable,2.38,0,,,5,,,130,Sound,,,
0,FORT,,1,1777024441.638954,50.26,Game,1,Predictable,2.39,0,,,5,,,130,Sound,,,
0,FORT,,1,1777024441.638954,50.27,Game,1,Predictable,2.4,0,,,5,,,130,Sound,,,
0,FORT,,1,1777024441.638954,50.28,Game,1,Predictable,2.41,0,,,5,,,130,Sound,,,
0,FORT,,1,1777024441.638954,50.28,Game,1,Predictable,2.42,0,,,5,,,130,Sound,,,
0,FORT,,1,1777024441.638954,50.3,Game,1,Predictable,2.42,0,,,5,,,130,Sound,,,
0,FORT,,1,1777024441.638954,50.3,Game,1,Predictable,2.43,0,,,5,,,130,Sound,,,
0,FORT,,1,1777024441.638954,50.31,Game,1,Predictable,2.44,0,,,5,,,130,Sound,,,
0,FORT,,1,1777024441.638954,50.32,Game,1,Predictable,2.45,0,,,5,,,130,Sound,,,
0,FORT,,1,1777024441.638954,50.33,Game,1,Predictable,2.46,0,,,5,,,130,Sound,,,
0,FORT,,1,1777024441.638954,50.33,Game,1,Predictable,2.47,0,,,5,,,130,Sound,,,
0,FORT,,1,1777024441.638954,50.35,Game,1,Predictable,2.47,0,,,5,,,130,Sound,,,
0,FORT,,1,1777024441.638954,50.35,Game,1,Predictable,2.48,0,,,5,,,130,Sound,,,
0,FORT,,1,1777024441.638954,50.36,Game,1,Predictable,2.49,0,,,5,,,130,Sound,,,
0,FORT,,1,1777024441.638954,50.37,Game,1,Predictable,2.5,0,,,5,,,130,Sound,,,
0,FORT,,1,1777024441.638954,50.38,Game,1,Predictable,2.51,0,,,5,,,130,Sound,,,
0,FORT,,1,1777024441.638954,50.38,Game,1,Predictable,2.52,0,,,5,,,130,Sound,,,
0,FORT,,1,1777024441.638954,50.4,Game,1,Predictable,2.52,0,,,5,,,130,Sound,,,
0,FORT,,1,1777024441.638954,50.4,Game,1,Predictable,2.53,0,,,5,,,130,Sound,,,
0,FORT,,1,1777024441.638954,50.41,Game,1,Predictable,2.54,0,,,5,,,130,Sound,,,
0,FORT,,1,1777024441.638954,50.42,Game,1,Predictable,2.55,0,,,5,,,130,Sound,,,
0,FORT,,1,1777024441.638954,50.43,Game,1,Predictable,2.56,0,,,5,,,130,Sound,,,
0,FORT,,1,1777024441.638954,50.43,Game,1,Predictable,2.57,0,,,5,,,130,Sound,,,
0,FORT,,1,1777024441.638954,50.45,Game,1,Predictable,2.57,0,,,5,,,130,Sound,,,
0,FORT,,1,1777024441.638954,50.45,Game,1,Predictable,2.58,0,,,5,,,130,Sound,,,
0,FORT,,1,1777024441.638954,50.46,Game,1,Predictable,2.59,0,,,5,,,130,Sound,,,
0,FORT,,1,1777024441.638954,50.47,Game,1,Predictable,2.6,0,,,5,,,130,Sound,,,
0,FORT,,1,1777024441.638954,50.48,Game,1,Predictable,2.61,0,,,5,,,130,Sound,,,
0,FORT,,1,1777024441.638954,50.48,Game,1,Predictable,2.62,0,,,5,,,130,Sound,,,
0,FORT,,1,1777024441.638954,50.5,Game,1,Predictable,2.62,0,,,5,,,130,Sound,,,
0,FORT,,1,1777024441.638954,50.5,Game,1,Predictable,2.63,0,,,5,,,130,Sound,,,
0,FORT,,1,1777024441.638954,50.51,Game,1,Predictable,2.64,0,,,5,,,130,Sound,,,
0,FORT,,1,1777024441.638954,50.52,Game,1,Predictable,2.65,0,,,5,,,130,Sound,,,
0,FORT,,1,1777024441.638954,50.53,Game,1,Predictable,2.66,0,,,5,,,130,Sound,,,
0,FORT,,1,1777024441.638954,50.53,Game,1,Predictable,2.67,0,,,5,,,130,Sound,,,
0,FORT,,1,1777024441.638954,50.55,Game,1,Predictable,2.67,0,,,5,,,130,Sound,,,
0,FORT,,1,1777024441.638954,50.55,Game,1,Predictable,2.68,0,,,5,,,130,Sound,,,
0,FORT,,1,1777024441.638954,50.56,Game,1,Predictable,2.69,0,,,5,,,130,Sound,,,
0,FORT,,1,1777024441.638954,50.57,Game,1,Predictable,2.7,0,,,5,,,130,Sound,,,
0,FORT,,1,1777024441.638954,50.58,Game,1,Predictable,2.71,0,,,5,,,130,Sound,,,
0,FORT,,1,1777024441.638954,50.58,Game,1,Predictable,2.72,0,,,5,,,130,Sound,,,
0,FORT,,1,1777024441.638954,50.6,Game,1,Predictable,2.72,0,,,5,,,130,Sound,,,
0,FORT,,1,1777024441.638954,50.6,Game,1,Predictable,2.73,0,,,5,,,130,Sound,,,
0,FORT,,1,1777024441.638954,50.61,Game,1,Predictable,2.74,0,,,5,,,130,Sound,,,
0,FORT,,1,1777024441.638954,50.62,Game,1,Predictable,2.75,0,,,5,,,130,Sound,,,
0,FORT,,1,1777024441.638954,50.63,Game,1,Predictable,2.76,0,,,5,,,130,Sound,,,
0,FORT,,1,1777024441.638954,50.63,Game,1,Predictable,2.77,0,,,5,,,130,Sound,,,
0,FORT,,1,1777024441.638954,50.65,Game,1,Predictable,2.77,0,,,5,,,130,Sound,,,
0,FORT,,1,1777024441.638954,50.65,Game,1,Predictable,2.78,0,,,5,,,130,Sound,,,
0,FORT,,1,1777024441.638954,50.66,Game,1,Predictable,2.79,0,,,5,,,130,Sound,,,
0,FORT,,1,1777024441.638954,50.67,Game,1,Predictable,2.8,0,,,5,,,130,Sound,,,
0,FORT,,1,1777024441.638954,50.68,Game,1,Predictable,2.81,0,,,5,,,130,Sound,,,
0,FORT,,1,1777024441.638954,50.68,Game,1,Predictable,2.82,0,,,5,,,130,Sound,,,
0,FORT,,1,1777024441.638954,50.7,Game,1,Predictable,2.82,0,,,5,,,130,Sound,,,
0,FORT,,1,1777024441.638954,50.7,Game,1,Predictable,2.83,0,,,5,,,130,Sound,,,
0,FORT,,1,1777024441.638954,50.71,Game,1,Predictable,2.84,0,,,5,,,130,Sound,,,
0,FORT,,1,1777024441.638954,50.72,Game,1,Predictable,2.85,0,,,5,,,130,Sound,,,
0,FORT,,1,1777024441.638954,50.73,Game,1,Predictable,2.86,0,,,5,,,130,Sound,,,
0,FORT,,1,1777024441.638954,50.73,Game,1,Predictable,2.87,0,,,5,,,130,Sound,,,
0,FORT,,1,1777024441.638954,50.75,Game,1,Predictable,2.87,0,,,5,,,130,Sound,,,
0,FORT,,1,1777024441.638954,50.75,Game,1,Predictable,2.88,0,,,5,,,130,Sound,,,
0,FORT,,1,1777024441.638954,50.76,Game,1,Predictable,2.89,0,,,5,,,130,Sound,,,
0,FORT,,1,1777024441.638954,50.77,Game,1,Predictable,2.9,0,,,5,,,130,Sound,,,
0,FORT,,1,1777024441.638954,50.78,Game,1,Predictable,2.91,0,,,5,,,130,Sound,,,
0,FORT,,1,1777024441.638954,50.78,Game,1,Predictable,2.92,0,,,5,,,130,Sound,,,
0,FORT,,1,1777024441.638954,50.8,Game,1,Predictable,2.92,0,,,5,,,130,Sound,,,
0,FORT,,1,1777024441.638954,50.8,Game,1,Predictable,2.93,0,,,5,,,130,Sound,,,
0,FORT,,1,1777024441.638954,50.81,Game,1,Predictable,2.94,0,,,5,,,130,Sound,,,
0,FORT,,1,1777024441.638954,50.82,Game,1,Predictable,2.95,0,,,5,,,130,Sound,,,
0,FORT,,1,1777024441.638954,50.83,Game,1,Predictable,2.96,0,,,5,,,130,Sound,,,
0,FORT,,1,1777024441.638954,50.84,Game,1,Predictable,2.97,0,,,5,,,130,Sound,,,
0,FORT,,1,1777024441.638954,50.85,Game,1,Predictable,2.97,0,,,5,,,130,Sound,,,
0,FORT,,1,1777024441.638954,50.85,Game,1,Predictable,2.98,0,,,5,,,130,Sound,,,
0,FORT,,1,1777024441.638954,50.86,Game,1,Predictable,2.99,0,,,5,,,130,Sound,,,
0,FORT,,1,1777024441.638954,50.87,Game,1,Predictable,3.0,0,,,5,,,130,Sound,,,
0,FORT,,1,1777024441.638954,50.88,Game,1,Predictable,3.01,0,,,5,,,130,Sound,,,
0,FORT,,1,1777024441.638954,50.88,Game,1,Predictable,3.02,0,,,5,,,130,Sound,,,
0,FORT,,1,1777024441.638954,50.9,Game,1,Predictable,3.02,0,,,5,,,130,Sound,,,
0,FORT,,1,1777024441.638954,50.9,Game,1,Predictable,3.03,0,,,5,,,130,Sound,,,
0,FORT,,1,1777024441.638954,50.91,Game,1,Predictable,3.04,0,,,5,,,130,Sound,,,
0,FORT,,1,1777024441.638954,50.92,Game,1,Predictable,3.05,0,,,5,,,130,Sound,,,
0,FORT,,1,1777024441.638954,50.93,Game,1,Predictable,3.06,0,,,5,,,130,Sound,,,
0,FORT,,1,1777024441.638954,50.93,Game,1,Predictable,3.07,0,,,5,,,130,Sound,,,
0,FORT,,1,1777024441.638954,50.95,Game,1,Predictable,3.07,0,,,5,,,130,Sound,,,
0,FORT,,1,1777024441.638954,50.95,Game,1,Predictable,3.08,0,,,5,,,130,Sound,,,
0,FORT,,1,1777024441.638954,50.96,Game,1,Predictable,3.09,0,,,5,,,130,Sound,,,
0,FORT,,1,1777024441.638954,50.97,Game,1,Predictable,3.1,0,,,5,,,130,Sound,,,
0,FORT,,1,1777024441.638954,50.98,Game,1,Predictable,3.11,0,,,5,,,130,Sound,,,
0,FORT,,1,1777024441.638954,50.98,Game,1,Predictable,3.12,0,,,5,,,130,Sound,,,
0,FORT,,1,1777024441.638954,51.0,Game,1,Predictable,3.12,0,,,5,,,130,Sound,,,
0,FORT,,1,1777024441.638954,51.0,Game,1,Predictable,3.13,0,,,5,,,130,Sound,,,
0,FORT,,1,1777024441.638954,51.01,Game,1,Predictable,3.14,0,,,5,,,130,Sound,,,
0,FORT,,1,1777024441.638954,51.02,Game,1,Predictable,3.15,0,,,5,,,130,Sound,,,
0,FORT,,1,1777024441.638954,51.03,Game,1,Predictable,3.16,0,,,5,,,130,Sound,,,
0,FORT,,1,1777024441.638954,51.03,Game,1,Predictable,3.17,0,,,5,,,130,Sound,,,
0,FORT,,1,1777024441.638954,51.05,Game,1,Predictable,3.17,0,,,5,,,130,Sound,,,
0,FORT,,1,1777024441.638954,51.05,Game,1,Predictable,3.18,0,,,5,,,130,Sound,,,
0,FORT,,1,1777024441.638954,51.06,Game,1,Predictable,3.19,0,,,5,,,130,Sound,,,
0,FORT,,1,1777024441.638954,51.07,Game,1,Predictable,3.2,0,,,5,,,130,Sound,,,
0,FORT,,1,1777024441.638954,51.08,Game,1,Predictable,3.21,0,,,5,,,130,Sound,,,
0,FORT,,1,1777024441.638954,51.08,Game,1,Predictable,3.22,0,,,5,,,130,Sound,,,
0,FORT,,1,1777024441.638954,51.1,Game,1,Predictable,3.22,0,,,5,,,130,Sound,,,
0,FORT,,1,1777024441.638954,51.1,Game,1,Predictable,3.23,0,,,5,,,130,Sound,,,
0,FORT,,1,1777024441.638954,51.11,Game,1,Predictable,3.24,0,,,5,,,130,Sound,,,
0,FORT,,1,1777024441.638954,51.12,Game,1,Predictable,3.25,0,,,5,,,130,Sound,,,
0,FORT,,1,1777024441.638954,51.13,Game,1,Predictable,3.26,0,,,5,,,130,Sound,,,
0,FORT,,1,1777024441.638954,51.13,Game,1,Predictable,3.27,0,,,5,,,130,Sound,,,
0,FORT,,1,1777024441.638954,51.15,Game,1,Predictable,3.27,0,,,5,,,130,Sound,,,
0,FORT,,1,1777024441.638954,51.15,Game,1,Predictable,3.28,0,,,5,,,130,Sound,,,
0,FORT,,1,1777024441.638954,51.16,Game,1,Predictable,3.29,0,,,5,,,130,Sound,,,
0,FORT,,1,1777024441.638954,51.17,Game,1,Predictable,3.3,0,,,5,,,130,Sound,,,
0,FORT,,1,1777024441.638954,51.18,Game,1,Predictable,3.31,0,,,5,,,130,Sound,,,
0,FORT,,1,1777024441.638954,51.18,Game,1,Predictable,3.32,0,,,5,,,130,Sound,,,
0,FORT,,1,1777024441.638954,51.2,Game,1,Predictable,3.32,0,,,5,,,130,Sound,,,
0,FORT,,1,1777024441.638954,51.2,Game,1,Predictable,3.33,0,,,5,,,130,Sound,,,
0,FORT,,1,1777024441.638954,51.21,Game,1,Predictable,3.34,0,,,5,,,130,Sound,,,
0,FORT,,1,1777024441.638954,51.22,Game,1,Predictable,3.35,0,,,5,,,130,Sound,,,
0,FORT,,1,1777024441.638954,51.23,Game,1,Predictable,3.36,0,,,5,,,130,Sound,,,
0,FORT,,1,1777024441.638954,51.23,Game,1,Predictable,3.37,0,,,5,,,130,Sound,,,
0,FORT,,1,1777024441.638954,51.25,Game,1,Predictable,3.37,0,,,5,,,130,Sound,,,
0,FORT,,1,1777024441.638954,51.25,Game,1,Predictable,3.38,0,,,5,,,130,Sound,,,
0,FORT,,1,1777024441.638954,51.26,Game,1,Predictable,3.39,0,,,5,,,130,Sound,,,
0,FORT,,1,1777024441.638954,51.27,Game,1,Predictable,3.4,0,,,5,,,130,Sound,,,
0,FORT,,1,1777024441.638954,51.28,Game,1,Predictable,3.41,0,,,5,,,130,Sound,,,
0,FORT,,1,1777024441.638954,51.28,Game,1,Predictable,3.42,0,,,5,,,130,Sound,,,
0,FORT,,1,1777024441.638954,51.3,Game,1,Predictable,3.42,0,,,5,,,130,Sound,,,
0,FORT,,1,1777024441.638954,51.3,Game,1,Predictable,3.43,0,,,5,,,130,Sound,,,
0,FORT,,1,1777024441.638954,51.31,Game,1,Predictable,3.44,0,,,5,,,130,Sound,,,
0,FORT,,1,1777024441.638954,51.32,Game,1,Predictable,3.45,0,,,5,,,130,Sound,,,
0,FORT,,1,1777024441.638954,51.33,Game,1,Predictable,3.46,0,,,5,,,130,Sound,,,
0,FORT,,1,1777024441.638954,51.33,Game,1,Predictable,3.47,0,,,5,,,130,Sound,,,
0,FORT,,1,1777024441.638954,51.35,Game,1,Predictable,3.47,0,,,5,,,130,Sound,,,
0,FORT,,1,1777024441.638954,51.35,Game,1,Predictable,3.48,0,,,5,,,130,Sound,,,
0,FORT,,1,1777024441.638954,51.36,Game,1,Predictable,3.49,0,,,5,,,130,Sound,,,
0,FORT,,1,1777024441.638954,51.37,Game,1,Predictable,3.5,0,,,5,,,130,Sound,,,
0,FORT,,1,1777024441.638954,51.38,Game,1,Predictable,3.51,0,,,5,,,130,Sound,,,
0,FORT,,1,1777024441.638954,51.38,Game,1,Predictable,3.52,0,,,5,,,130,Sound,,,
0,FORT,,1,1777024441.638954,51.4,Game,1,Predictable,3.52,0,,,5,,,130,Sound,,,
0,FORT,,1,1777024441.638954,51.4,Game,1,Predictable,3.53,0,,,5,,,130,Sound,,,
0,FORT,,1,1777024441.638954,51.41,Game,1,Predictable,3.54,0,,,5,,,130,Sound,,,
0,FORT,,1,1777024441.638954,51.42,Game,1,Predictable,3.55,0,,,5,,,130,Sound,,,
0,FORT,,1,1777024441.638954,51.43,Game,1,Predictable,3.56,0,,,5,,,130,Sound,,,
0,FORT,,1,1777024441.638954,51.43,Game,1,Predictable,3.57,0,,,5,,,130,Sound,,,
0,FORT,,1,1777024441.638954,51.45,Game,1,Predictable,3.57,0,,,5,,,130,Sound,,,
0,FORT,,1,1777024441.638954,51.45,Game,1,Predictable,3.58,0,,,5,,,130,Sound,,,
0,FORT,,1,1777024441.638954,51.46,Game,1,Predictable,3.59,0,,,5,,,130,Sound,,,
0,FORT,,1,1777024441.638954,51.47,Game,1,Predictable,3.6,0,,,5,,,130,Sound,,,
0,FORT,,1,1777024441.638954,51.48,Game,1,Predictable,3.61,0,,,5,,,130,Sound,,,
0,FORT,,1,1777024441.638954,51.49,Game,1,Predictable,3.62,0,,,5,,,130,Sound,,,
0,FORT,,1,1777024441.638954,51.5,Game,1,Predictable,3.62,0,,,5,,,130,Sound,,,
0,FORT,,1,1777024441.638954,51.5,Game,1,Predictable,3.63,0,,,5,,,130,Sound,,,
0,FORT,,1,1777024441.638954,51.51,Game,1,Predictable,3.64,0,,,5,,,130,Sound,,,
0,FORT,,1,1777024441.638954,51.52,Game,1,Predictable,3.65,0,,,5,,,130,Sound,,,
0,FORT,,1,1777024441.638954,51.53,Game,1,Predictable,3.66,0,,,5,,,130,Sound,,,
0,FORT,,1,1777024441.638954,51.53,Game,1,Predictable,3.67,0,,,5,,,130,Sound,,,
0,FORT,,1,1777024441.638954,51.55,Game,1,Predictable,3.67,0,,,5,,,130,Sound,,,
0,FORT,,1,1777024441.638954,51.55,Game,1,Predictable,3.68,0,,,5,,,130,Sound,,,
0,FORT,,1,1777024441.638954,51.56,Game,1,Predictable,3.69,0,,,5,,,130,Sound,,,
0,FORT,,1,1777024441.638954,51.57,Game,1,Predictable,3.7,0,,,5,,,130,Sound,,,
0,FORT,,1,1777024441.638954,51.58,Game,1,Predictable,3.71,0,,,5,,,130,Sound,,,
0,FORT,,1,1777024441.638954,51.59,Game,1,Predictable,3.72,0,,,5,,,130,Sound,,,
0,FORT,,1,1777024441.638954,51.6,Game,1,Predictable,3.72,0,,,5,,,130,Sound,,,
0,FORT,,1,1777024441.638954,51.6,Game,1,Predictable,3.73,0,,,5,,,130,Sound,,,
0,FORT,,1,1777024441.638954,51.61,Game,1,Predictable,3.74,0,,,5,,,130,Sound,,,
0,FORT,,1,1777024441.638954,51.62,Game,1,Predictable,3.75,0,,,5,,,130,Sound,,,
0,FORT,,1,1777024441.638954,51.63,Game,1,Predictable,3.76,0,,,5,,,130,Sound,,,
0,FORT,,1,1777024441.638954,51.64,Game,1,Predictable,3.77,0,,,5,,,130,Sound,,,
0,FORT,,1,1777024441.638954,51.65,Game,1,Predictable,3.77,0,,,5,,,130,Sound,,,
0,FORT,,1,1777024441.638954,51.65,Game,1,Predictable,3.78,0,,,5,,,130,Sound,,,
0,FORT,,1,1777024441.638954,51.66,Game,1,Predictable,3.79,0,,,5,,,130,Sound,,,
0,FORT,,1,1777024441.638954,51.67,Game,1,Predictable,3.8,0,,,5,,,130,Sound,,,
0,FORT,,1,1777024441.638954,51.68,Game,1,Predictable,3.81,0,,,5,,,130,Sound,,,
0,FORT,,1,1777024441.638954,51.69,Game,1,Predictable,3.82,0,,,5,,,130,Sound,,,
0,FORT,,1,1777024441.638954,51.7,Game,1,Predictable,3.82,0,,,5,,,130,Sound,,,
0,FORT,,1,1777024441.638954,51.7,Game,1,Predictable,3.83,0,,,5,,,130,Sound,,,
0,FORT,,1,1777024441.638954,51.71,Game,1,Predictable,3.84,0,,,5,,,130,Sound,,,
0,FORT,,1,1777024441.638954,51.72,Game,1,Predictable,3.85,0,,,5,,,130,Sound,,,
0,FORT,,1,1777024441.638954,51.73,Game,1,Predictable,3.86,0,,,5,,,130,Sound,,,
0,FORT,,1,1777024441.638954,51.74,Game,1,Predictable,3.87,0,,,5,,,130,Sound,,,
0,FORT,,1,1777024441.638954,51.75,Game,1,Predictable,3.87,0,,,5,,,130,Sound,,,
0,FORT,,1,1777024441.638954,51.75,Game,1,Predictable,3.88,0,,,5,,,130,Sound,,,
0,FORT,,1,1777024441.638954,51.76,Game,1,Predictable,3.89,0,,,5,,,130,Sound,,,
0,FORT,,1,1777024441.638954,51.77,Game,1,Predictable,3.9,0,,,5,,,130,Sound,,,
0,FORT,,1,1777024441.638954,51.78,Game,1,Predictable,3.91,0,,,5,,,130,Sound,,,
0,FORT,,1,1777024441.638954,51.79,Game,1,Predictable,3.92,0,,,5,,,130,Sound,,,
0,FORT,,1,1777024441.638954,51.8,Game,1,Predictable,3.92,0,,,5,,,130,Sound,,,
0,FORT,,1,1777024441.638954,51.8,Game,1,Predictable,3.93,0,,,5,,,130,Sound,,,
0,FORT,,1,1777024441.638954,51.81,Game,1,Predictable,3.94,0,,,5,,,130,Sound,,,
0,FORT,,1,1777024441.638954,51.82,Game,1,Predictable,3.95,0,,,5,,,130,Sound,,,
0,FORT,,1,1777024441.638954,51.83,Game,1,Predictable,3.96,0,,,5,,,130,Sound,,,
0,FORT,,1,1777024441.638954,51.84,Game,1,Predictable,3.97,0,,,5,,,130,Sound,,,
0,FORT,,1,1777024441.638954,51.85,Game,1,Predictable,3.97,0,,,5,,,130,Sound,,,
0,FORT,,1,1777024441.638954,51.85,Game,1,Predictable,3.98,0,,,5,,,130,Sound,,,
0,FORT,,1,1777024441.638954,51.86,Game,1,Predictable,3.99,0,,,5,,,130,Sound,,,
0,FORT,,1,1777024441.638954,51.87,Game,1,Predictable,4.0,0,,,5,,,130,Sound,,,
0,FORT,,1,1777024441.638954,51.88,Game,1,Predictable,4.01,0,,,5,,,130,Sound,,,
0,FORT,,1,1777024441.638954,51.89,Game,1,Predictable,4.02,0,,,5,,,130,Sound,,,
0,FORT,,1,1777024441.638954,51.9,Game,1,Predictable,4.02,0,,,5,,,130,Sound,,,
0,FORT,,1,1777024441.638954,51.9,Game,1,Predictable,4.03,0,,,5,,,130,Sound,,,
0,FORT,,1,1777024441.638954,51.91,Game,1,Predictable,4.04,0,,,5,,,130,Sound,,,
0,FORT,,1,1777024441.638954,51.92,Game,1,Predictable,4.05,0,,,5,,,130,Sound,,,
0,FORT,,1,1777024441.638954,51.93,Game,1,Predictable,4.06,0,,,5,,,130,Sound,,,
0,FORT,,1,1777024441.638954,51.94,Game,1,Predictable,4.07,0,,,5,,,130,Sound,,,
0,FORT,,1,1777024441.638954,51.95,Game,1,Predictable,4.07,0,,,5,,,130,Sound,,,
0,FORT,,1,1777024441.638954,51.95,Game,1,Predictable,4.08,0,,,5,,,130,Sound,,,
0,FORT,,1,1777024441.638954,51.96,Game,1,Predictable,4.09,0,,,5,,,130,Sound,,,
0,FORT,,1,1777024441.638954,51.97,Game,1,Predictable,4.1,0,,,5,,,130,Sound,,,
0,FORT,,1,1777024441.638954,51.98,Game,1,Predictable,4.11,0,,,5,,,130,Sound,,,
0,FORT,,1,1777024441.638954,51.99,Game,1,Predictable,4.12,0,,,5,,,130,Sound,,,
0,FORT,,1,1777024441.638954,52.0,Game,1,Predictable,4.12,0,,,5,,,130,Sound,,,
0,FORT,,1,1777024441.638954,52.0,Game,1,Predictable,4.13,0,,,5,,,130,Sound,,,
0,FORT,,1,1777024441.638954,52.01,Game,1,Predictable,4.14,0,,,5,,,130,Sound,,,
0,FORT,,1,1777024441.638954,52.02,Game,1,Predictable,4.15,0,,,5,,,130,Sound,,,
0,FORT,,1,1777024441.638954,52.03,Game,1,Predictable,4.16,0,,,5,,,130,Sound,,,
0,FORT,,1,1777024441.638954,52.04,Game,1,Predictable,4.17,0,,,5,,,130,Sound,,,
0,FORT,,1,1777024441.638954,52.05,Game,1,Predictable,4.17,0,,,5,,,130,Sound,,,
0,FORT,,1,1777024441.638954,52.05,Game,1,Predictable,4.18,0,,,5,,,130,Sound,,,
0,FORT,,1,1777024441.638954,52.06,Game,1,Predictable,4.19,0,,,5,,,130,Sound,,,
0,FORT,,1,1777024441.638954,52.07,Game,1,Predictable,4.2,0,,,5,,,130,Sound,,,
0,FORT,,1,1777024441.638954,52.08,Game,1,Predictable,4.21,0,,,5,,,130,Sound,,,
0,FORT,,1,1777024441.638954,52.09,Game,1,Predictable,4.22,0,,,5,,,130,Sound,,,
0,FORT,,1,1777024441.638954,52.1,Game,1,Predictable,4.22,0,,,5,,,130,Sound,,,
0,FORT,,1,1777024441.638954,52.1,Game,1,Predictable,4.23,0,,,5,,,130,Sound,,,
0,FORT,,1,1777024441.638954,52.11,Game,1,Predictable,4.24,0,,,5,,,130,Sound,,,
0,FORT,,1,1777024441.638954,52.12,Game,1,Predictable,4.25,0,,,5,,,130,Sound,,,
0,FORT,,1,1777024441.638954,52.13,Game,1,Predictable,4.26,0,,,5,,,130,Sound,,,
0,FORT,,1,1777024441.638954,52.14,Game,1,Predictable,4.27,0,,,5,,,130,Sound,,,
0,FORT,,1,1777024441.638954,52.15,Game,1,Predictable,4.27,0,,,5,,,130,Sound,,,
0,FORT,,1,1777024441.638954,52.15,Game,1,Predictable,4.28,0,,,5,,,130,Sound,,,
0,FORT,,1,1777024441.638954,52.16,Game,1,Predictable,4.29,0,,,5,,,130,Sound,,,
0,FORT,,1,1777024441.638954,52.17,Game,1,Predictable,4.3,0,,,5,,,130,Sound,,,
0,FORT,,1,1777024441.638954,52.18,Game,1,Predictable,4.31,0,,,5,,,130,Sound,,,
0,FORT,,1,1777024441.638954,52.19,Game,1,Predictable,4.32,0,,,5,,,130,Sound,,,
0,FORT,,1,1777024441.638954,52.2,Game,1,Predictable,4.32,0,,,5,,,130,Sound,,,
0,FORT,,1,1777024441.638954,52.2,Game,1,Predictable,4.33,0,,,5,,,130,Sound,,,
0,FORT,,1,1777024441.638954,52.21,Game,1,Predictable,4.34,0,,,5,,,130,Sound,,,
0,FORT,,1,1777024441.638954,52.22,Game,1,Predictable,4.35,0,,,5,,,130,Sound,,,
0,FORT,,1,1777024441.638954,52.23,Game,1,Predictable,4.36,0,,,5,,,130,Sound,,,
0,FORT,,1,1777024441.638954,52.24,Game,1,Predictable,4.37,0,,,5,,,130,Sound,,,
0,FORT,,1,1777024441.638954,52.25,Game,1,Predictable,4.37,0,,,5,,,130,Sound,,,
0,FORT,,1,1777024441.638954,52.25,Game,1,Predictable,4.38,0,,,5,,,130,Sound,,,
0,FORT,,1,1777024441.638954,52.26,Game,1,Predictable,4.39,0,,,5,,,130,Sound,,,
0,FORT,,1,1777024441.638954,52.27,Game,1,Predictable,4.4,0,,,5,,,130,Sound,,,
0,FORT,,1,1777024441.638954,52.28,Game,1,Predictable,4.41,0,,,5,,,130,Sound,,,
0,FORT,,1,1777024441.638954,52.29,Game,1,Predictable,4.42,0,,,5,,,130,Sound,,,
0,FORT,,1,1777024441.638954,52.3,Game,1,Predictable,4.42,0,,,5,,,130,Sound,,,
0,FORT,,1,1777024441.638954,52.3,Game,1,Predictable,4.43,0,,,5,,,130,Sound,,,
0,FORT,,1,1777024441.638954,52.31,Game,1,Predictable,4.44,0,,,5,,,130,Sound,,,
0,FORT,,1,1777024441.638954,52.32,Game,1,Predictable,4.45,0,,,5,,,130,Sound,,,
0,FORT,,1,1777024441.638954,52.33,Game,1,Predictable,4.46,0,,,5,,,130,Sound,,,
0,FORT,,1,1777024441.638954,52.34,Game,1,Predictable,4.47,0,,,5,,,130,Sound,,,
0,FORT,,1,1777024441.638954,52.35,Game,1,Predictable,4.47,0,,,5,,,130,Sound,,,
0,FORT,,1,1777024441.638954,52.35,Game,1,Predictable,4.48,0,,,5,,,130,Sound,,,
0,FORT,,1,1777024441.638954,52.36,Game,1,Predictable,4.49,0,,,5,,,130,Sound,,,
0,FORT,,1,1777024441.638954,52.37,Game,1,Predictable,4.5,0,,,5,,,130,Sound,,,
0,FORT,,1,1777024441.638954,52.38,Game,1,Predictable,4.51,0,,,5,,,130,Sound,,,
0,FORT,,1,1777024441.638954,52.39,Game,1,Predictable,4.52,0,,,5,,,130,Sound,,,
0,FORT,,1,1777024441.638954,52.4,Game,1,Predictable,4.52,0,,,5,,,130,Sound,,,
0,FORT,,1,1777024441.638954,52.4,Game,1,Predictable,4.53,0,,,5,,,130,Sound,,,
0,FORT,,1,1777024441.638954,52.41,Game,1,Predictable,4.54,0,,,5,,,130,Sound,,,
0,FORT,,1,1777024441.638954,52.42,Game,1,Predictable,4.55,0,,,5,,,130,Sound,,,
0,FORT,,1,1777024441.638954,52.43,Game,1,Predictable,4.56,0,,,5,,,130,Sound,,,
0,FORT,,1,1777024441.638954,52.44,Game,1,Predictable,4.57,0,,,5,,,130,Sound,,,
0,FORT,,1,1777024441.638954,52.45,Game,1,Predictable,4.57,0,,,5,,,130,Sound,,,
0,FORT,,1,1777024441.638954,52.45,Game,1,Predictable,4.58,0,,,5,,,130,Sound,,,
0,FORT,,1,1777024441.638954,52.46,Game,1,Predictable,4.59,0,,,5,,,130,Sound,,,
0,FORT,,1,1777024441.638954,52.47,Game,1,Predictable,4.6,0,,,5,,,130,Sound,,,
0,FORT,,1,1777024441.638954,52.48,Game,1,Predictable,4.61,0,,,5,,,130,Sound,,,
0,FORT,,1,1777024441.638954,52.49,Game,1,Predictable,4.62,0,,,5,,,130,Sound,,,
0,FORT,,1,1777024441.638954,52.5,Game,1,Predictable,4.62,0,,,5,,,130,Sound,,,
0,FORT,,1,1777024441.638954,52.5,Game,1,Predictable,4.63,0,,,5,,,130,Sound,,,
0,FORT,,1,1777024441.638954,52.51,Game,1,Predictable,4.64,0,,,5,,,130,Sound,,,
0,FORT,,1,1777024441.638954,52.52,Game,1,Predictable,4.65,0,,,5,,,130,Sound,,,
0,FORT,,1,1777024441.638954,52.53,Game,1,Predictable,4.66,0,,,5,,,130,Sound,,,
0,FORT,,1,1777024441.638954,52.54,Game,1,Predictable,4.67,0,,,5,,,130,Sound,,,
0,FORT,,1,1777024441.638954,52.55,Game,1,Predictable,4.67,0,,,5,,,130,Sound,,,
0,FORT,,1,1777024441.638954,52.55,Game,1,Predictable,4.68,0,,,5,,,130,Sound,,,
0,FORT,,1,1777024441.638954,52.56,Game,1,Predictable,4.69,0,,,5,,,130,Sound,,,
0,FORT,,1,1777024441.638954,52.57,Game,1,Predictable,4.7,0,,,5,,,130,Sound,,,
0,FORT,,1,1777024441.638954,52.58,Game,1,Predictable,4.71,0,,,5,,,130,Sound,,,
0,FORT,,1,1777024441.638954,52.59,Game,1,Predictable,4.72,0,,,5,,,130,Sound,,,
0,FORT,,1,1777024441.638954,52.6,Game,1,Predictable,4.72,0,,,5,,,130,Sound,,,
0,FORT,,1,1777024441.638954,52.6,Game,1,Predictable,4.73,0,,,5,,,130,Sound,,,
0,FORT,,1,1777024441.638954,52.61,Game,1,Predictable,4.74,0,,,5,,,130,Sound,,,
0,FORT,,1,1777024441.638954,52.62,Game,1,Predictable,4.75,0,,,5,,,130,Sound,,,
0,FORT,,1,1777024441.638954,52.63,Game,1,Predictable,4.76,0,,,5,,,130,Sound,,,
0,FORT,,1,1777024441.638954,52.64,Game,1,Predictable,4.77,0,,,5,,,130,Sound,,,
0,FORT,,1,1777024441.638954,52.65,Game,1,Predictable,4.77,0,,,5,,,130,Sound,,,
0,FORT,,1,1777024441.638954,52.65,Game,1,Predictable,4.78,0,,,5,,,130,Sound,,,
0,FORT,,1,1777024441.638954,52.66,Game,1,Predictable,4.79,0,,,5,,,130,Sound,,,
0,FORT,,1,1777024441.638954,52.67,Game,1,Predictable,4.8,0,,,5,,,130,Sound,,,
0,FORT,,1,1777024441.638954,52.68,Game,1,Predictable,4.81,0,,,5,,,130,Sound,,,
0,FORT,,1,1777024441.638954,52.69,Game,1,Predictable,4.82,0,,,5,,,130,Sound,,,
0,FORT,,1,1777024441.638954,52.7,Game,1,Predictable,4.82,0,,,5,,,130,Sound,,,
0,FORT,,1,1777024441.638954,52.7,Game,1,Predictable,4.83,0,,,5,,,130,Sound,,,
0,FORT,,1,1777024441.638954,52.71,Game,1,Predictable,4.84,0,,,5,,,130,Sound,,,
0,FORT,,1,1777024441.638954,52.72,Game,1,Predictable,4.85,0,,,5,,,130,Sound,,,
0,FORT,,1,1777024441.638954,52.73,Game,1,Predictable,4.86,0,,,5,,,130,Sound,,,
0,FORT,,1,1777024441.638954,52.74,Game,1,Predictable,4.87,0,,,5,,,130,Sound,,,
0,FORT,,1,1777024441.638954,52.75,Game,1,Predictable,4.87,0,,,5,,,130,Sound,,,
0,FORT,,1,1777024441.638954,52.75,Game,1,Predictable,4.88,0,,,5,,,130,Sound,,,
0,FORT,,1,1777024441.638954,52.76,Game,1,Predictable,4.89,0,,,5,,,130,Sound,,,
0,FORT,,1,1777024441.638954,52.77,Game,1,Predictable,4.9,0,,,5,,,130,Sound,,,
0,FORT,,1,1777024441.638954,52.78,Game,1,Predictable,4.91,0,,,5,,,130,Sound,,,
0,FORT,,1,1777024441.638954,52.79,Game,1,Predictable,4.92,0,,,5,,,130,Sound,,,
0,FORT,,1,1777024441.638954,52.8,Game,1,Predictable,4.92,0,,,5,,,130,Sound,,,
0,FORT,,1,1777024441.638954,52.8,Game,1,Predictable,4.93,0,,,5,,,130,Sound,,,
0,FORT,,1,1777024441.638954,52.81,Game,1,Predictable,4.94,0,,,5,,,130,Sound,,,
0,FORT,,1,1777024441.638954,52.82,Game,1,Predictable,4.95,0,,,5,,,130,Sound,,,
0,FORT,,1,1777024441.638954,52.83,Game,1,Predictable,4.96,0,,,5,,,130,Sound,,,
0,FORT,,1,1777024441.638954,52.84,Game,1,Predictable,4.97,0,,,5,,,130,Sound,,,
0,FORT,,1,1777024441.638954,52.85,Game,1,Predictable,4.97,0,,,5,,,130,Sound,,,
0,FORT,,1,1777024441.638954,52.85,Game,1,Predictable,4.98,0,,,5,,,130,Sound,,,
0,FORT,,1,1777024441.638954,52.86,Game,1,Predictable,4.99,0,,,5,,,130,Sound,,,
0,FORT,,1,1777024441.638954,52.87,Game,1,Predictable,5.0,0,,,5,,,130,Sound,,,
0,FORT,,1,1777024441.638954,52.88,Game,1,Predictable,5.01,0,,,5,,,130,Sound,,,
0,FORT,,1,1777024441.638954,52.89,Game,1,Predictable,5.02,0,,,5,,,130,Sound,,,
0,FORT,,1,1777024441.638954,52.9,Game,1,Predictable,5.02,0,,,5,,,130,Sound,,,
0,FORT,,1,1777024441.638954,52.9,Game,1,Predictable,5.03,0,,,5,,,130,Sound,,,
0,FORT,,1,1777024441.638954,52.91,Game,1,Predictable,5.04,0,,,5,,,130,Sound,,,
0,FORT,,1,1777024441.638954,52.92,Game,1,Predictable,5.05,0,,,5,,,130,Sound,,,
0,FORT,,1,1777024441.638954,52.93,Game,1,Predictable,5.06,0,,,5,,,130,Sound,,,
0,FORT,,1,1777024441.638954,52.94,Game,1,Predictable,5.07,0,,,5,,,130,Sound,,,
0,FORT,,1,1777024441.638954,52.95,Game,1,Predictable,5.07,0,,,5,,,130,Sound,,,
0,FORT,,1,1777024441.638954,52.95,Game,1,Predictable,5.08,0,,,5,,,130,Sound,,,
0,FORT,,1,1777024441.638954,52.96,Game,1,Predictable,5.09,0,,,5,,,130,Sound,,,
0,FORT,,1,1777024441.638954,52.97,Game,1,Predictable,5.1,0,,,5,,,130,Sound,,,
0,FORT,,1,1777024441.638954,52.98,Game,1,Predictable,5.11,0,,,5,,,130,Sound,,,
0,FORT,,1,1777024441.638954,52.99,Game,1,Predictable,5.12,0,,,5,,,130,Sound,,,
0,FORT,,1,1777024441.638954,53.0,Game,1,Predictable,5.12,0,,,5,,,130,Sound,,,
0,FORT,,1,1777024441.638954,53.0,Game,1,Predictable,5.13,0,,,5,,,130,Sound,,,
0,FORT,,1,1777024441.638954,53.01,Game,1,Predictable,5.14,0,,,5,,,130,Sound,,,
0,FORT,,1,1777024441.638954,53.02,Game,1,Predictable,5.15,0,,,5,,,130,Sound,,,
0,FORT,,1,1777024441.638954,53.03,Game,1,Predictable,5.16,0,,,5,,,130,Sound,,,
0,FORT,,1,1777024441.638954,53.04,Game,1,Predictable,5.17,0,,,5,,,130,Sound,,,
0,FORT,,1,1777024441.638954,53.05,Game,1,Predictable,5.17,0,,,5,,,130,Sound,,,
0,FORT,,1,1777024441.638954,53.05,Game,1,Predictable,5.18,0,,,5,,,130,Sound,,,
0,FORT,,1,1777024441.638954,53.06,Game,1,Predictable,5.19,0,,,5,,,130,Sound,,,
0,FORT,,1,1777024441.638954,53.07,Game,1,Predictable,5.2,0,,,5,,,130,Sound,,,
0,FORT,,1,1777024441.638954,53.08,Game,1,Predictable,5.21,0,,,5,,,130,Sound,,,
0,FORT,,1,1777024441.638954,53.09,Game,1,Predictable,5.22,0,,,5,,,130,Sound,,,
0,FORT,,1,1777024441.638954,53.1,Game,1,Predictable,5.22,0,,,5,,,130,Sound,,,
0,FORT,,1,1777024441.638954,53.1,Game,1,Predictable,5.23,0,,,5,,,130,Sound,,,
0,FORT,,1,1777024441.638954,53.11,Game,1,Predictable,5.24,0,,,5,,,130,Sound,,,
0,FORT,,1,1777024441.638954,53.12,Game,1,Predictable,5.25,0,,,5,,,130,Sound,,,
0,FORT,,1,1777024441.638954,53.13,Game,1,Predictable,5.26,0,,,5,,,130,Sound,,,
0,FORT,,1,1777024441.638954,53.14,Game,1,Predictable,5.27,0,,,5,,,130,Sound,,,
0,FORT,,1,1777024441.638954,53.15,Game,1,Predictable,5.27,0,,,5,,,130,Sound,,,
0,FORT,,1,1777024441.638954,53.15,Game,1,Predictable,5.28,0,,,5,,,130,Sound,,,
0,FORT,,1,1777024441.638954,53.16,Game,1,Predictable,5.29,0,,,5,,,130,Sound,,,
0,FORT,,1,1777024441.638954,53.17,Game,1,Predictable,5.3,0,,,5,,,130,Sound,,,
0,FORT,,1,1777024441.638954,53.18,Game,1,Predictable,5.31,0,,,5,,,130,Sound,,,
0,FORT,,1,1777024441.638954,53.19,Game,1,Predictable,5.32,0,,,5,,,130,Sound,,,
0,FORT,,1,1777024441.638954,53.2,Game,1,Predictable,5.32,0,,,5,,,130,Sound,,,
0,FORT,,1,1777024441.638954,53.2,Game,1,Predictable,5.33,0,,,5,,,130,Sound,,,
0,FORT,,1,1777024441.638954,53.21,Game,1,Predictable,5.34,0,,,5,,,130,Sound,,,
0,FORT,,1,1777024441.638954,53.22,Game,1,Predictable,5.35,0,,,5,,,130,Sound,,,
0,FORT,,1,1777024441.638954,53.23,Game,1,Predictable,5.36,0,,,5,,,130,Sound,,,
0,FORT,,1,1777024441.638954,53.24,Game,1,Predictable,5.37,0,,,5,,,130,Sound,,,
0,FORT,,1,1777024441.638954,53.25,Game,1,Predictable,5.37,0,,,5,,,130,Sound,,,
0,FORT,,1,1777024441.638954,53.25,Game,1,Predictable,5.38,0,,,5,,,130,Sound,,,
0,FORT,,1,1777024441.638954,53.26,Game,1,Predictable,5.39,0,,,5,,,130,Sound,,,
0,FORT,,1,1777024441.638954,53.27,Game,1,Predictable,5.4,0,,,5,,,130,Sound,,,
0,FORT,,1,1777024441.638954,53.28,Game,1,Predictable,5.41,0,,,5,,,130,Sound,,,
0,FORT,,1,1777024441.638954,53.29,Game,1,Predictable,5.42,0,,,5,,,130,Sound,,,
0,FORT,,1,1777024441.638954,53.3,Game,1,Predictable,5.42,0,,,5,,,130,Sound,,,
0,FORT,,1,1777024441.638954,53.3,Game,1,Predictable,5.43,0,,,5,,,130,Sound,,,
0,FORT,,1,1777024441.638954,53.31,Game,1,Predictable,5.44,0,,,5,,,130,Sound,,,
0,FORT,,1,1777024441.638954,53.32,Game,1,Predictable,5.45,0,,,5,,,130,Sound,,,
0,FORT,,1,1777024441.638954,53.33,Game,1,Predictable,5.46,0,,,5,,,130,Sound,,,
0,FORT,,1,1777024441.638954,53.34,Game,1,Predictable,5.47,0,,,5,,,130,Sound,,,
0,FORT,,1,1777024441.638954,53.35,Game,1,Predictable,5.47,0,,,5,,,130,Sound,,,
0,FORT,,1,1777024441.638954,53.35,Game,1,Predictable,5.48,0,,,5,,,130,Sound,,,
0,FORT,,1,1777024441.638954,53.36,Game,1,Predictable,5.49,0,,,5,,,130,Sound,,,
0,FORT,,1,1777024441.638954,53.37,Game,1,Predictable,5.5,0,,,5,,,130,Sound,,,
0,FORT,,1,1777024441.638954,53.38,Game,1,Predictable,5.51,0,,,5,,,130,Sound,,,
0,FORT,,1,1777024441.638954,53.39,Game,1,Predictable,5.52,0,,,5,,,130,Sound,,,
0,FORT,,1,1777024441.638954,53.4,Game,1,Predictable,5.52,0,,,5,,,130,Sound,,,
0,FORT,,1,1777024441.638954,53.4,Game,1,Predictable,5.53,0,,,5,,,130,Sound,,,
0,FORT,,1,1777024441.638954,53.41,Game,1,Predictable,5.54,0,,,5,,,130,Sound,,,
0,FORT,,1,1777024441.638954,53.42,Game,1,Predictable,5.55,0,,,5,,,130,Sound,,,
0,FORT,,1,1777024441.638954,53.43,Game,1,Predictable,5.56,0,,,5,,,130,Sound,,,
0,FORT,,1,1777024441.638954,53.44,Game,1,Predictable,5.57,0,,,5,,,130,Sound,,,
0,FORT,,1,1777024441.638954,53.45,Game,1,Predictable,5.57,0,,,5,,,130,Sound,,,
0,FORT,,1,1777024441.638954,53.45,Game,1,Predictable,5.58,0,,,5,,,130,Sound,,,
0,FORT,,1,1777024441.638954,53.46,Game,1,Predictable,5.59,0,,,5,,,130,Sound,,,
0,FORT,,1,1777024441.638954,53.47,Game,1,Predictable,5.6,0,,,5,,,130,Sound,,,
0,FORT,,1,1777024441.638954,53.48,Game,1,Predictable,5.61,0,,,5,,,130,Sound,,,
0,FORT,,1,1777024441.638954,53.49,Game,1,Predictable,5.62,0,,,5,,,130,Sound,,,
0,FORT,,1,1777024441.638954,53.5,Game,1,Predictable,5.62,0,,,5,,,130,Sound,,,
0,FORT,,1,1777024441.638954,53.5,Game,1,Predictable,5.63,0,,,5,,,130,Sound,,,
0,FORT,,1,1777024441.638954,53.51,Game,1,Predictable,5.64,0,,,5,,,130,Sound,,,
0,FORT,,1,1777024441.638954,53.52,Game,1,Predictable,5.65,0,,,5,,,130,Sound,,,
0,FORT,,1,1777024441.638954,53.53,Game,1,Predictable,5.66,0,,,5,,,130,Sound,,,
0,FORT,,1,1777024441.638954,53.54,Game,1,Predictable,5.67,0,,,5,,,130,Sound,,,
0,FORT,,1,1777024441.638954,53.55,Game,1,Predictable,5.67,0,,,5,,,130,Sound,,,
0,FORT,,1,1777024441.638954,53.55,Game,1,Predictable,5.68,0,,,5,,,130,Sound,,,
0,FORT,,1,1777024441.638954,53.56,Game,1,Predictable,5.69,0,,,5,,,130,Sound,,,
0,FORT,,1,1777024441.638954,53.57,Game,1,Predictable,5.7,0,,,5,,,130,Sound,,,
0,FORT,,1,1777024441.638954,53.58,Game,1,Predictable,5.71,0,,,5,,,130,Sound,,,
0,FORT,,1,1777024441.638954,53.59,Game,1,Predictable,5.72,0,,,5,,,130,Sound,,,
0,FORT,,1,1777024441.638954,53.6,Game,1,Predictable,5.72,0,,,5,,,130,Sound,,,
0,FORT,,1,1777024441.638954,53.6,Game,1,Predictable,5.73,0,,,5,,,130,Sound,,,
0,FORT,,1,1777024441.638954,53.61,Game,1,Predictable,5.74,0,,,5,,,130,Sound,,,
0,FORT,,1,1777024441.638954,53.62,Game,1,Predictable,5.75,0,,,5,,,130,Sound,,,
0,FORT,,1,1777024441.638954,53.63,Game,1,Predictable,5.76,0,,,5,,,130,Sound,,,
0,FORT,,1,1777024441.638954,53.64,Game,1,Predictable,5.77,0,,,5,,,130,Sound,,,
0,FORT,,1,1777024441.638954,53.65,Game,1,Predictable,5.77,0,,,5,,,130,Sound,,,
0,FORT,,1,1777024441.638954,53.65,Game,1,Predictable,5.78,0,,,5,,,130,Sound,,,
0,FORT,,1,1777024441.638954,53.66,Game,1,Predictable,5.79,0,,,5,,,130,Sound,,,
0,FORT,,1,1777024441.638954,53.67,Game,1,Predictable,5.8,0,,,5,,,130,Sound,,,
0,FORT,,1,1777024441.638954,53.68,Game,1,Predictable,5.81,0,,,5,,,130,Sound,,,
0,FORT,,1,1777024441.638954,53.69,Game,1,Predictable,5.82,0,,,5,,,130,Sound,,,
0,FORT,,1,1777024441.638954,53.7,Game,1,Predictable,5.82,0,,,5,,,130,Sound,,,
0,FORT,,1,1777024441.638954,53.7,Game,1,Predictable,5.83,0,,,5,,,130,Sound,,,
0,FORT,,1,1777024441.638954,53.71,Game,1,Predictable,5.84,0,,,5,,,130,Sound,,,
0,FORT,,1,1777024441.638954,53.72,Game,1,Predictable,5.85,0,,,5,,,130,Sound,,,
0,FORT,,1,1777024441.638954,53.73,Game,1,Predictable,5.86,0,,,5,,,130,Sound,,,
0,FORT,,1,1777024441.638954,53.74,Game,1,Predictable,5.87,0,,,5,,,130,Sound,,,
0,FORT,,1,1777024441.638954,53.75,Game,1,Predictable,5.87,0,,,5,,,130,Sound,,,
0,FORT,,1,1777024441.638954,53.75,Game,1,Predictable,5.88,0,,,5,,,130,Sound,,,
0,FORT,,1,1777024441.638954,53.76,Game,1,Predictable,5.89,0,,,5,,,130,Sound,,,
0,FORT,,1,1777024441.638954,53.77,Game,1,Predictable,5.9,0,,,5,,,130,Sound,,,
0,FORT,,1,1777024441.638954,53.78,Game,1,Predictable,5.91,0,,,5,,,130,Sound,,,
0,FORT,,1,1777024441.638954,53.79,Game,1,Predictable,5.92,0,,,5,,,130,Sound,,,
0,FORT,,1,1777024441.638954,53.8,Game,1,Predictable,5.92,0,,,5,,,130,Sound,,,
0,FORT,,1,1777024441.638954,53.8,Game,1,Predictable,5.93,0,,,5,,,130,Sound,,,
0,FORT,,1,1777024441.638954,53.81,Game,1,Predictable,5.94,0,,,5,,,130,Sound,,,
0,FORT,,1,1777024441.638954,53.82,Game,1,Predictable,5.95,0,,,5,,,130,Sound,,,
0,FORT,,1,1777024441.638954,53.83,Game,1,Predictable,5.96,0,,,5,,,130,Sound,,,
0,FORT,,1,1777024441.638954,53.84,Game,1,Predictable,5.97,0,,,5,,,130,Sound,,,
0,FORT,,1,1777024441.638954,53.85,Game,1,Predictable,5.97,0,,,5,,,130,Sound,,,
0,FORT,,1,1777024441.638954,53.85,Game,1,Predictable,5.98,0,,,5,,,130,Sound,,,
0,FORT,,1,1777024441.638954,53.86,Game,1,Predictable,5.99,0,,,5,,,130,Sound,,,
0,FORT,,1,1777024441.638954,53.87,Game,1,Predictable,6.0,0,,,5,,,130,Sound,,,
0,FORT,,1,1777024441.638954,53.88,Game,1,Predictable,6.01,0,,,5,,,130,Sound,,,
0,FORT,,1,1777024441.638954,53.89,Game,1,Predictable,6.02,0,,,5,,,130,Sound,,,
0,FORT,,1,1777024441.638954,53.9,Game,1,Predictable,6.02,0,,,5,,,130,Sound,,,
0,FORT,,1,1777024441.638954,53.9,Game,1,Predictable,6.03,0,,,5,,,130,Sound,,,
0,FORT,,1,1777024441.638954,53.91,Game,1,Predictable,6.04,0,,,5,,,130,Sound,,,
0,FORT,,1,1777024441.638954,53.92,Game,1,Predictable,6.05,0,,,5,,,130,Sound,,,
0,FORT,,1,1777024441.638954,53.93,Game,1,Predictable,6.06,0,,,5,,,130,Sound,,,
0,FORT,,1,1777024441.638954,53.94,Game,1,Predictable,6.07,0,,,5,,,130,Sound,,,
0,FORT,,1,1777024441.638954,53.95,Game,1,Predictable,6.07,0,,,5,,,130,Sound,,,
0,FORT,,1,1777024441.638954,53.95,Game,1,Predictable,6.08,0,,,5,,,130,Sound,,,
0,FORT,,1,1777024441.638954,53.96,Game,1,Predictable,6.09,0,,,5,,,130,Sound,,,
0,FORT,,1,1777024441.638954,53.97,Game,1,Predictable,6.1,0,,,5,,,130,Sound,,,
0,FORT,,1,1777024441.638954,53.98,Game,1,Predictable,6.11,0,,,5,,,130,Sound,,,
0,FORT,,1,1777024441.638954,53.99,Game,1,Predictable,6.12,0,,,5,,,130,Sound,,,
0,FORT,,1,1777024441.638954,54.0,Game,1,Predictable,6.12,0,,,5,,,130,Sound,,,
0,FORT,,1,1777024441.638954,54.0,Game,1,Predictable,6.13,0,,,5,,,130,Sound,,,
0,FORT,,1,1777024441.638954,54.01,Game,1,Predictable,6.14,0,,,5,,,130,Sound,,,
0,FORT,,1,1777024441.638954,54.02,Game,1,Predictable,6.15,0,,,5,,,130,Sound,,,
0,FORT,,1,1777024441.638954,54.03,Game,1,Predictable,6.16,0,,,5,,,130,Sound,,,
0,FORT,,1,1777024441.638954,54.04,Game,1,Predictable,6.17,0,,,5,,,130,Sound,,,
0,FORT,,1,1777024441.638954,54.05,Game,1,Predictable,6.17,0,,,5,,,130,Sound,,,
0,FORT,,1,1777024441.638954,54.05,Game,1,Predictable,6.18,0,,,5,,,130,Sound,,,
0,FORT,,1,1777024441.638954,54.06,Game,1,Predictable,6.19,0,,,5,,,130,Sound,,,
0,FORT,,1,1777024441.638954,54.07,Game,1,Predictable,6.2,0,,,5,,,130,Sound,,,
0,FORT,,1,1777024441.638954,54.08,Game,1,Predictable,6.21,0,,,5,,,130,Sound,,,
0,FORT,,1,1777024441.638954,54.09,Game,1,Predictable,6.22,0,,,5,,,130,Sound,,,
0,FORT,,1,1777024441.638954,54.1,Game,1,Predictable,6.22,0,,,5,,,130,Sound,,,
0,FORT,,1,1777024441.638954,54.1,Game,1,Predictable,6.23,0,,,5,,,130,Sound,,,
0,FORT,,1,1777024441.638954,54.11,Game,1,Predictable,6.24,0,,,5,,,130,Sound,,,
0,FORT,,1,1777024441.638954,54.12,Game,1,Predictable,6.25,0,,,5,,,130,Sound,,,
0,FORT,,1,1777024441.638954,54.13,Game,1,Predictable,6.26,0,,,5,,,130,Sound,,,
0,FORT,,1,1777024441.638954,54.14,Game,1,Predictable,6.27,0,,,5,,,130,Sound,,,
0,FORT,,1,1777024441.638954,54.15,Game,1,Predictable,6.27,0,,,5,,,130,Sound,,,
0,FORT,,1,1777024441.638954,54.15,Game,1,Predictable,6.28,0,,,5,,,130,Sound,,,
0,FORT,,1,1777024441.638954,54.16,Game,1,Predictable,6.29,0,,,5,,,130,Sound,,,
0,FORT,,1,1777024441.638954,54.17,Game,1,Predictable,6.3,0,,,5,,,130,Sound,,,
0,FORT,,1,1777024441.638954,54.18,Game,1,Predictable,6.31,0,,,5,,,130,Sound,,,
0,FORT,,1,1777024441.638954,54.19,Game,1,Predictable,6.32,0,,,5,,,130,Sound,,,
0,FORT,,1,1777024441.638954,54.2,Game,1,Predictable,6.32,0,,,5,,,130,Sound,,,
0,FORT,,1,1777024441.638954,54.2,Game,1,Predictable,6.33,0,,,5,,,130,Sound,,,
0,FORT,,1,1777024441.638954,54.21,Game,1,Predictable,6.34,0,,,5,,,130,Sound,,,
0,FORT,,1,1777024441.638954,54.22,Game,1,Predictable,6.35,0,,,5,,,130,Sound,,,
0,FORT,,1,1777024441.638954,54.23,Game,1,Predictable,6.36,0,,,5,,,130,Sound,,,
0,FORT,,1,1777024441.638954,54.24,Game,1,Predictable,6.37,0,,,5,,,130,Sound,,,
0,FORT,,1,1777024441.638954,54.25,Game,1,Predictable,6.37,0,,,5,,,130,Sound,,,
0,FORT,,1,1777024441.638954,54.25,Game,1,Predictable,6.38,0,,,5,,,130,Sound,,,
0,FORT,,1,1777024441.638954,54.26,Game,1,Predictable,6.39,0,,,5,,,130,Sound,,,
0,FORT,,1,1777024441.638954,54.27,Game,1,Predictable,6.4,0,,,5,,,130,Sound,,,
0,FORT,,1,1777024441.638954,54.28,Game,1,Predictable,6.41,0,,,5,,,130,Sound,,,
0,FORT,,1,1777024441.638954,54.29,Game,1,Predictable,6.42,0,,,5,,,130,Sound,,,
0,FORT,,1,1777024441.638954,54.3,Game,1,Predictable,6.42,0,,,5,,,130,Sound,,,
0,FORT,,1,1777024441.638954,54.3,Game,1,Predictable,6.43,0,,,5,,,130,Sound,,,
0,FORT,,1,1777024441.638954,54.31,Game,1,Predictable,6.44,0,,,5,,,130,Sound,,,
0,FORT,,1,1777024441.638954,54.32,Game,1,Predictable,6.45,0,,,5,,,130,Sound,,,
0,FORT,,1,1777024441.638954,54.33,Game,1,Predictable,6.46,0,,,5,,,130,Sound,,,
0,FORT,,1,1777024441.638954,54.34,Game,1,Predictable,6.47,0,,,5,,,130,Sound,,,
0,FORT,,1,1777024441.638954,54.35,Game,1,Predictable,6.47,0,,,5,,,130,Sound,,,
0,FORT,,1,1777024441.638954,54.35,Game,1,Predictable,6.48,0,,,5,,,130,Sound,,,
0,FORT,,1,1777024441.638954,54.36,Game,1,Predictable,6.49,0,,,5,,,130,Sound,,,
0,FORT,,1,1777024441.638954,54.37,Game,1,Predictable,6.5,0,,,5,,,130,Sound,,,
0,FORT,,1,1777024441.638954,54.38,Game,1,Predictable,6.51,0,,,5,,,130,Sound,,,
0,FORT,,1,1777024441.638954,54.39,Game,1,Predictable,6.52,0,,,5,,,130,Sound,,,
0,FORT,,1,1777024441.638954,54.4,Game,1,Predictable,6.52,0,,,5,,,130,Sound,,,
0,FORT,,1,1777024441.638954,54.4,Game,1,Predictable,6.53,0,,,5,,,130,Sound,,,
0,FORT,,1,1777024441.638954,54.41,Game,1,Predictable,6.54,0,,,5,,,130,Sound,,,
0,FORT,,1,1777024441.638954,54.42,Game,1,Predictable,6.55,0,,,5,,,130,Sound,,,
0,FORT,,1,1777024441.638954,54.43,Game,1,Predictable,6.56,0,,,5,,,130,Sound,,,
0,FORT,,1,1777024441.638954,54.44,Game,1,Predictable,6.57,0,,,5,,,130,Sound,,,
0,FORT,,1,1777024441.638954,54.45,Game,1,Predictable,6.57,0,,,5,,,130,Sound,,,
0,FORT,,1,1777024441.638954,54.45,Game,1,Predictable,6.58,0,,,5,,,130,Sound,,,
0,FORT,,1,1777024441.638954,54.46,Game,1,Predictable,6.59,0,,,5,,,130,Sound,,,
0,FORT,,1,1777024441.638954,54.47,Game,1,Predictable,6.6,0,,,5,,,130,Sound,,,
0,FORT,,1,1777024441.638954,54.48,Game,1,Predictable,6.61,0,,,5,,,130,Sound,,,
0,FORT,,1,1777024441.638954,54.49,Game,1,Predictable,6.62,0,,,5,,,130,Sound,,,
0,FORT,,1,1777024441.638954,54.5,Game,1,Predictable,6.62,0,,,5,,,130,Sound,,,
0,FORT,,1,1777024441.638954,54.5,Game,1,Predictable,6.63,0,,,5,,,130,Sound,,,
0,FORT,,1,1777024441.638954,54.51,Game,1,Predictable,6.64,0,,,5,,,130,Sound,,,
0,FORT,,1,1777024441.638954,54.52,Game,1,Predictable,6.65,0,,,5,,,130,Sound,,,
0,FORT,,1,1777024441.638954,54.53,Game,1,Predictable,6.66,0,,,5,,,130,Sound,,,
0,FORT,,1,1777024441.638954,54.54,Game,1,Predictable,6.67,0,,,5,,,130,Sound,,,
0,FORT,,1,1777024441.638954,54.55,Game,1,Predictable,6.67,0,,,5,,,130,Sound,,,
0,FORT,,1,1777024441.638954,54.55,Game,1,Predictable,6.68,0,,,5,,,130,Sound,,,
0,FORT,,1,1777024441.638954,54.56,Game,1,Predictable,6.69,0,,,5,,,130,Sound,,,
0,FORT,,1,1777024441.638954,54.57,Game,1,Predictable,6.7,0,,,5,,,130,Sound,,,
0,FORT,,1,1777024441.638954,54.58,Game,1,Predictable,6.71,0,,,5,,,130,Sound,,,
0,FORT,,1,1777024441.638954,54.59,Game,1,Predictable,6.72,0,,,5,,,130,Sound,,,
0,FORT,,1,1777024441.638954,54.6,Game,1,Predictable,6.73,0,,,5,,,130,Sound,,,
0,FORT,,1,1777024441.638954,54.61,Game,1,Predictable,6.74,0,,,5,,,130,Sound,,,
0,FORT,,1,1777024441.638954,54.62,Game,1,Predictable,6.75,0,,,5,,,130,Sound,,,
0,FORT,,1,1777024441.638954,54.63,Game,1,Predictable,6.76,0,,,5,,,130,Sound,,,
0,FORT,,1,1777024441.638954,54.64,Game,1,Predictable,6.77,0,,,5,,,130,Sound,,,
0,FORT,,1,1777024441.638954,54.65,Game,1,Predictable,6.77,0,,,5,,,130,Sound,,,
0,FORT,,1,1777024441.638954,54.65,Game,1,Predictable,6.78,0,,,5,,,130,Sound,,,
0,FORT,,1,1777024441.638954,54.66,Game,1,Predictable,6.79,0,,,5,,,130,Sound,,,
0,FORT,,1,1777024441.638954,54.67,Game,1,Predictable,6.8,0,,,5,,,130,Sound,,,
0,FORT,,1,1777024441.638954,54.68,Game,1,Predictable,6.81,0,,,5,,,130,Sound,,,
0,FORT,,1,1777024441.638954,54.69,Game,1,Predictable,6.82,0,,,5,,,130,Sound,,,
0,FORT,,1,1777024441.638954,54.7,Game,1,Predictable,6.83,0,,,5,,,130,Sound,,,
0,FORT,,1,1777024441.638954,54.71,Game,1,Predictable,6.84,0,,,5,,,130,Sound,,,
0,FORT,,1,1777024441.638954,54.72,Game,1,Predictable,6.85,0,,,5,,,130,Sound,,,
0,FORT,,1,1777024441.638954,54.73,Game,1,Predictable,6.86,0,,,5,,,130,Sound,,,
0,FORT,,1,1777024441.638954,54.74,Game,1,Predictable,6.87,0,,,5,,,130,Sound,,,
0,FORT,,1,1777024441.638954,54.75,Game,1,Predictable,6.88,0,,,5,,,130,Sound,,,
0,FORT,,1,1777024441.638954,54.76,Game,1,Predictable,6.89,0,,,5,,,130,Sound,,,
0,FORT,,1,1777024441.638954,54.77,Game,1,Predictable,6.9,0,,,5,,,130,Sound,,,
0,FORT,,1,1777024441.638954,54.78,Game,1,Predictable,6.91,0,,,5,,,130,Sound,,,
0,FORT,,1,1777024441.638954,54.79,Game,1,Predictable,6.92,0,,,5,,,130,Sound,,,
0,FORT,,1,1777024441.638954,54.8,Game,1,Predictable,6.92,0,,,5,,,130,Sound,,,
0,FORT,,1,1777024441.638954,54.8,Game,1,Predictable,6.93,0,,,5,,,130,Sound,,,
0,FORT,,1,1777024441.638954,54.81,Game,1,Predictable,6.94,0,,,5,,,130,Sound,,,
0,FORT,,1,1777024441.638954,54.82,Game,1,Predictable,6.95,0,,,5,,,130,Sound,,,
0,FORT,,1,1777024441.638954,54.83,Game,1,Predictable,6.96,0,,,5,,,130,Sound,,,
0,FORT,,1,1777024441.638954,54.84,Game,1,Predictable,6.97,0,,,5,,,130,Sound,,,
0,FORT,,1,1777024441.638954,54.85,Game,1,Predictable,6.98,0,,,5,,,130,Sound,,,
0,FORT,,1,1777024441.638954,54.86,Game,1,Predictable,6.99,0,,,5,,,130,Sound,,,
0,FORT,,1,1777024441.638954,54.87,Game,1,Predictable,7.0,0,,,6,,,130,Sound,,,
0,FORT,,1,1777024441.638954,54.88,Game,1,Predictable,7.01,0,,,6,,,130,Sound,,,
0,FORT,,1,1777024441.638954,54.9,Game,1,Predictable,7.02,0,,,6,,,130,Sound,,,
0,FORT,,1,1777024441.638954,54.9,Game,1,Predictable,7.03,0,,,6,,,130,Sound,,,
0,FORT,,1,1777024441.638954,54.91,Game,1,Predictable,7.04,0,,,6,,,130,Sound,,,
0,FORT,,1,1777024441.638954,54.92,Game,1,Predictable,7.05,0,,,6,,,130,Sound,,,
0,FORT,,1,1777024441.638954,54.93,Game,1,Predictable,7.06,0,,,6,,,130,Sound,,,
0,FORT,,1,1777024441.638954,54.94,Game,1,Predictable,7.07,0,,,6,,,130,Sound,,,
0,FORT,,1,1777024441.638954,54.95,Game,1,Predictable,7.08,0,,,6,,,130,Sound,,,
0,FORT,,1,1777024441.638954,54.96,Game,1,Predictable,7.09,0,,,6,,,130,Sound,,,
0,FORT,,1,1777024441.638954,54.97,Game,1,Predictable,7.1,0,,,6,,,130,Sound,,,
0,FORT,,1,1777024441.638954,54.98,Game,1,Predictable,7.11,0,,,6,,,130,Sound,,,
0,FORT,,1,1777024441.638954,54.99,Game,1,Predictable,7.12,0,,,6,,,130,Sound,,,
0,FORT,,1,1777024441.638954,55.0,Game,1,Predictable,7.13,0,,,6,,,130,Sound,,,
0,FORT,,1,1777024441.638954,55.01,Game,1,Predictable,7.14,0,,,6,,,130,Sound,,,
0,FORT,,1,1777024441.638954,55.02,Game,1,Predictable,7.15,0,,,6,,,130,Sound,,,
0,FORT,,1,1777024441.638954,55.03,Game,1,Predictable,7.16,0,,,6,,,130,Sound,,,
0,FORT,,1,1777024441.638954,55.04,Game,1,Predictable,7.17,0,,,6,,,130,Sound,,,
0,FORT,,1,1777024441.638954,55.05,Game,1,Predictable,7.18,0,,,6,,,130,Sound,,,
0,FORT,,1,1777024441.638954,55.06,Game,1,Predictable,7.19,0,,,6,,,130,Sound,,,
0,FORT,,1,1777024441.638954,55.07,Game,1,Predictable,7.2,0,,,6,,,130,Sound,,,
0,FORT,,1,1777024441.638954,55.08,Game,1,Predictable,7.21,0,,,6,,,130,Sound,,,
0,FORT,,1,1777024441.638954,55.09,Game,1,Predictable,7.22,0,,,6,,,130,Sound,,,
0,FORT,,1,1777024441.638954,55.1,Game,1,Predictable,7.23,0,,,6,,,130,Sound,,,
0,FORT,,1,1777024441.638954,55.11,Game,1,Predictable,7.24,0,,,6,,,130,Sound,,,
0,FORT,,1,1777024441.638954,55.12,Game,1,Predictable,7.25,0,,,6,,,130,Sound,,,
0,FORT,,1,1777024441.638954,55.13,Game,1,Predictable,7.26,0,,,6,,,130,Sound,,,
0,FORT,,1,1777024441.638954,55.14,Game,1,Predictable,7.27,0,,,6,,,130,Sound,,,
0,FORT,,1,1777024441.638954,55.15,Game,1,Predictable,7.28,0,,,6,,,130,Sound,,,
0,FORT,,1,1777024441.638954,55.16,Game,1,Predictable,7.29,0,,,6,,,130,Sound,,,
0,FORT,,1,1777024441.638954,55.17,Game,1,Predictable,7.3,0,,,6,,,130,Sound,,,
0,FORT,,1,1777024441.638954,55.18,Game,1,Predictable,7.31,0,,,6,,,130,Sound,,,
0,FORT,,1,1777024441.638954,55.19,Game,1,Predictable,7.32,0,,,6,,,130,Sound,,,
0,FORT,,1,1777024441.638954,55.2,Game,1,Predictable,7.33,0,,,6,,,130,Sound,,,
0,FORT,,1,1777024441.638954,55.21,Game,1,Predictable,7.34,0,,,6,,,130,Sound,,,
0,FORT,,1,1777024441.638954,55.22,Game,1,Predictable,7.35,0,,,6,,,130,Sound,,,
0,FORT,,1,1777024441.638954,55.23,Game,1,Predictable,7.36,0,,,6,,,130,Sound,,,
0,FORT,,1,1777024441.638954,55.24,Game,1,Predictable,7.37,0,,,6,,,130,Sound,,,
0,FORT,,1,1777024441.638954,55.25,Game,1,Predictable,7.38,0,,,6,,,130,Sound,,,
0,FORT,,1,1777024441.638954,55.26,Game,1,Predictable,7.39,0,,,6,,,130,Sound,,,
0,FORT,,1,1777024441.638954,55.27,Game,1,Predictable,7.4,0,,,6,,,130,Sound,,,
0,FORT,,1,1777024441.638954,55.28,Game,1,Predictable,7.41,0,,,6,,,130,Sound,,,
0,FORT,,1,1777024441.638954,55.29,Game,1,Predictable,7.42,0,,,6,,,130,Sound,,,
0,FORT,,1,1777024441.638954,55.3,Game,1,Predictable,7.43,0,,,6,,,130,Sound,,,
0,FORT,,1,1777024441.638954,55.31,Game,1,Predictable,7.44,0,,,6,,,130,Sound,,,
0,FORT,,1,1777024441.638954,55.32,Game,1,Predictable,7.45,0,,,6,,,130,Sound,,,
0,FORT,,1,1777024441.638954,55.33,Game,1,Predictable,7.46,0,,,6,,,130,Sound,,,
0,FORT,,1,1777024441.638954,55.34,Game,1,Predictable,7.47,0,,,6,,,130,Sound,,,
0,FORT,,1,1777024441.638954,55.35,Game,1,Predictable,7.48,0,,,6,,,130,Sound,,,
0,FORT,,1,1777024441.638954,55.36,Game,1,Predictable,7.48,0,,,7,,,130,Sound,,,
0,FORT,,1,1777024441.638954,55.36,Game,1,Predictable,7.5,0,,,7,,,130,Sound,,,
0,FORT,,1,1777024441.638954,55.38,Game,1,Predictable,7.5,0,,,7,,,130,Sound,,,
0,FORT,,1,1777024441.638954,55.39,Game,1,Predictable,7.52,0,,,7,,,130,Sound,,,
0,FORT,,1,1777024441.638954,55.4,Game,1,Predictable,7.53,0,,,7,,,130,Sound,,,
0,FORT,,1,1777024441.638954,55.41,Game,1,Predictable,7.54,0,,,7,,,130,Sound,,,
0,FORT,,1,1777024441.638954,55.42,Game,1,Predictable,7.55,0,,,7,,,130,Sound,,,
0,FORT,,1,1777024441.638954,55.43,Game,1,Predictable,7.56,0,,,7,,,130,Sound,,,
0,FORT,,1,1777024441.638954,55.44,Game,1,Predictable,7.57,0,,,7,,,130,Sound,,,
0,FORT,,1,1777024441.638954,55.45,Game,1,Predictable,7.58,0,,,7,,,130,Sound,,,
0,FORT,,1,1777024441.638954,55.46,Game,1,Predictable,7.59,0,,,7,,,130,Sound,,,
0,FORT,,1,1777024441.638954,55.47,Game,1,Predictable,7.6,0,,,7,,,130,Sound,,,
0,FORT,,1,1777024441.638954,55.48,Game,1,Predictable,7.61,0,,,7,,,130,Sound,,,
0,FORT,,1,1777024441.638954,55.49,Game,1,Predictable,7.62,0,,,7,,,130,Sound,,,
0,FORT,,1,1777024441.638954,55.5,Game,1,Predictable,7.63,0,,,7,,,130,Sound,,,
0,FORT,,1,1777024441.638954,55.51,Game,1,Predictable,7.64,0,,,7,,,130,Sound,,,
0,FORT,,1,1777024441.638954,55.52,Game,1,Predictable,7.65,0,,,7,,,130,Sound,,,
0,FORT,,1,1777024441.638954,55.53,Game,1,Predictable,7.66,0,,,7,,,130,Sound,,,
0,FORT,,1,1777024441.638954,55.54,Game,1,Predictable,7.67,0,,,7,,,130,Sound,,,
0,FORT,,1,1777024441.638954,55.55,Game,1,Predictable,7.68,0,,,7,,,130,Sound,,,
0,FORT,,1,1777024441.638954,55.56,Game,1,Predictable,7.69,0,,,7,,,130,Sound,,,
0,FORT,,1,1777024441.638954,55.57,Game,1,Predictable,7.7,0,,,7,,,130,Sound,,,
0,FORT,,1,1777024441.638954,55.58,Game,1,Predictable,7.71,0,,,7,,,130,Sound,,,
0,FORT,,1,1777024441.638954,55.59,Game,1,Predictable,7.72,0,,,7,,,130,Sound,,,
0,FORT,,1,1777024441.638954,55.6,Game,1,Predictable,7.73,0,,,7,,,130,Sound,,,
0,FORT,,1,1777024441.638954,55.61,Game,1,Predictable,7.74,0,,,7,,,130,Sound,,,
0,FORT,,1,1777024441.638954,55.62,Game,1,Predictable,7.75,0,,,7,,,130,Sound,,,
0,FORT,,1,1777024441.638954,55.63,Game,1,Predictable,7.76,0,,,7,,,130,Sound,,,
0,FORT,,1,1777024441.638954,55.64,Game,1,Predictable,7.77,0,,,7,,,130,Sound,,,
0,FORT,,1,1777024441.638954,55.65,Game,1,Predictable,7.78,0,,,7,,,130,Sound,,,
0,FORT,,1,1777024441.638954,55.66,Game,1,Predictable,7.79,0,,,7,,,130,Sound,,,
0,FORT,,1,1777024441.638954,55.67,Game,1,Predictable,7.8,0,,,7,,,130,Sound,,,
0,FORT,,1,1777024441.638954,55.68,Game,1,Predictable,7.81,0,,,7,,,130,Sound,,,
0,FORT,,1,1777024441.638954,55.69,Game,1,Predictable,7.82,0,,,7,,,130,Sound,,,
0,FORT,,1,1777024441.638954,55.7,Game,1,Predictable,7.83,0,,,7,,,130,Sound,,,
0,FORT,,1,1777024441.638954,55.71,Game,1,Predictable,7.84,0,,,7,,,130,Sound,,,
0,FORT,,1,1777024441.638954,55.72,Game,1,Predictable,7.85,0,,,7,,,130,Sound,,,
0,FORT,,1,1777024441.638954,55.73,Game,1,Predictable,7.86,0,,,7,,,130,Sound,,,
0,FORT,,1,1777024441.638954,55.74,Game,1,Predictable,7.87,0,,,7,,,130,Sound,,,
0,FORT,,1,1777024441.638954,55.75,Game,1,Predictable,7.88,0,,,7,,,130,Sound,,,
0,FORT,,1,1777024441.638954,55.76,Game,1,Predictable,7.89,0,,,7,,,130,Sound,,,
0,FORT,,1,1777024441.638954,55.77,Game,1,Predictable,7.9,0,,,7,,,130,Sound,,,
0,FORT,,1,1777024441.638954,55.78,Game,1,Predictable,7.91,0,,,7,,,130,Sound,,,
0,FORT,,1,1777024441.638954,55.79,Game,1,Predictable,7.92,0,,,7,,,130,Sound,,,
0,FORT,,1,1777024441.638954,55.8,Game,1,Predictable,7.93,0,,,7,,,130,Sound,,,
0,FORT,,1,1777024441.638954,55.81,Game,1,Predictable,7.94,0,,,7,,,130,Sound,,,
0,FORT,,1,1777024441.638954,55.82,Game,1,Predictable,7.95,0,,,7,,,130,Sound,,,
0,FORT,,1,1777024441.638954,55.83,Game,1,Predictable,7.96,0,,,8,,,130,Sound,,,
0,FORT,,1,1777024441.638954,55.85,Game,1,Predictable,7.97,0,,,8,,,130,Sound,,,
0,FORT,,1,1777024441.638954,55.85,Game,1,Predictable,7.99,0,,,8,,,130,Sound,,,
0,FORT,,1,1777024441.638954,55.86,Game,1,Predictable,7.99,0,,,8,,,130,Sound,,,
0,FORT,,1,1777024441.638954,55.87,Game,1,Predictable,8.0,0,,,8,,,130,Sound,,,
0,FORT,,1,1777024441.638954,55.88,Game,1,Predictable,8.01,0,,,8,,,130,Sound,,,
0,FORT,,1,1777024441.638954,55.89,Game,1,Predictable,8.02,0,,,8,,,130,Sound,,,
0,FORT,,1,1777024441.638954,55.9,Game,1,Predictable,8.03,0,,,8,,,130,Sound,,,
0,FORT,,1,1777024441.638954,55.91,Game,1,Predictable,8.04,0,,,8,,,130,Sound,,,
0,FORT,,1,1777024441.638954,55.92,Game,1,Predictable,8.05,0,,,8,,,130,Sound,,,
0,FORT,,1,1777024441.638954,55.93,Game,1,Predictable,8.06,0,,,8,,,130,Sound,,,
0,FORT,,1,1777024441.638954,55.94,Game,1,Predictable,8.07,0,,,8,,,130,Sound,,,
0,FORT,,1,1777024441.638954,55.95,Game,1,Predictable,8.08,0,,,8,,,130,Sound,,,
0,FORT,,1,1777024441.638954,55.95,Game,1,Predictable,8.09,0,,,8,,,130,Sound,,,
0,FORT,,1,1777024441.638954,55.96,Game,1,Predictable,8.09,0,,,8,,,130,Sound,,,
0,FORT,,1,1777024441.638954,55.97,Game,1,Predictable,8.1,0,,,8,,,130,Sound,,,
0,FORT,,1,1777024441.638954,55.98,Game,1,Predictable,8.11,0,,,8,,,130,Sound,,,
0,FORT,,1,1777024441.638954,55.99,Game,1,Predictable,8.12,0,,,8,,,130,Sound,,,
0,FORT,,1,1777024441.638954,56.0,Game,1,Predictable,8.13,0,,,8,,,130,Sound,,,
0,FORT,,1,1777024441.638954,56.0,Game,1,Predictable,8.14,0,,,8,,,130,Sound,,,
0,FORT,,1,1777024441.638954,56.01,Game,1,Predictable,8.14,0,,,8,,,130,Sound,,,
0,FORT,,1,1777024441.638954,56.02,Game,1,Predictable,8.15,0,,,8,,,130,Sound,,,
0,FORT,,1,1777024441.638954,56.03,Game,1,Predictable,8.16,0,,,8,,,130,Sound,,,
0,FORT,,1,1777024441.638954,56.04,Game,1,Predictable,8.17,0,,,8,,,130,Sound,,,
0,FORT,,1,1777024441.638954,56.05,Game,1,Predictable,8.18,0,,,8,,,130,Sound,,,
0,FORT,,1,1777024441.638954,56.05,Game,1,Predictable,8.19,0,,,8,,,130,Sound,,,
0,FORT,,1,1777024441.638954,56.06,Game,1,Predictable,8.19,0,,,8,,,130,Sound,,,
0,FORT,,1,1777024441.638954,56.07,Game,1,Predictable,8.2,0,,,8,,,130,Sound,,,
0,FORT,,1,1777024441.638954,56.08,Game,1,Predictable,8.21,0,,,8,,,130,Sound,,,
0,FORT,,1,1777024441.638954,56.09,Game,1,Predictable,8.22,0,,,8,,,130,Sound,,,
0,FORT,,1,1777024441.638954,56.1,Game,1,Predictable,8.23,0,,,8,,,130,Sound,,,
0,FORT,,1,1777024441.638954,56.1,Game,1,Predictable,8.24,0,,,8,,,130,Sound,,,
0,FORT,,1,1777024441.638954,56.11,Game,1,Predictable,8.24,0,,,8,,,130,Sound,,,
0,FORT,,1,1777024441.638954,56.12,Game,1,Predictable,8.25,0,,,8,,,130,Sound,,,
0,FORT,,1,1777024441.638954,56.13,Game,1,Predictable,8.26,0,,,8,,,130,Sound,,,
0,FORT,,1,1777024441.638954,56.14,Game,1,Predictable,8.27,0,,,8,,,130,Sound,,,
0,FORT,,1,1777024441.638954,56.15,Game,1,Predictable,8.28,0,,,8,,,130,Sound,,,
0,FORT,,1,1777024441.638954,56.15,Game,1,Predictable,8.29,0,,,8,,,130,Sound,,,
0,FORT,,1,1777024441.638954,56.16,Game,1,Predictable,8.29,0,,,8,,,130,Sound,,,
0,FORT,,1,1777024441.638954,56.17,Game,1,Predictable,8.3,0,,,8,,,130,Sound,,,
0,FORT,,1,1777024441.638954,56.18,Game,1,Predictable,8.31,0,,,8,,,130,Sound,,,
0,FORT,,1,1777024441.638954,56.19,Game,1,Predictable,8.32,0,,,8,,,130,Sound,,,
0,FORT,,1,1777024441.638954,56.2,Game,1,Predictable,8.33,0,,,8,,,130,Sound,,,
0,FORT,,1,1777024441.638954,56.2,Game,1,Predictable,8.34,0,,,8,,,130,Sound,,,
0,FORT,,1,1777024441.638954,56.21,Game,1,Predictable,8.34,0,,,8,,,130,Sound,,,
0,FORT,,1,1777024441.638954,56.22,Game,1,Predictable,8.35,0,,,8,,,130,Sound,,,
0,FORT,,1,1777024441.638954,56.23,Game,1,Predictable,8.36,0,,,8,,,130,Sound,,,
0,FORT,,1,1777024441.638954,56.24,Game,1,Predictable,8.37,0,,,8,,,130,Sound,,,
0,FORT,,1,1777024441.638954,56.25,Game,1,Predictable,8.38,0,,,8,,,130,Sound,,,
0,FORT,,1,1777024441.638954,56.25,Game,1,Predictable,8.39,0,,,8,,,130,Sound,,,
0,FORT,,1,1777024441.638954,56.26,Game,1,Predictable,8.39,0,,,8,,,130,Sound,,,
0,FORT,,1,1777024441.638954,56.27,Game,1,Predictable,8.4,0,,,8,,,130,Sound,,,
0,FORT,,1,1777024441.638954,56.28,Game,1,Predictable,8.41,0,,,7,,,130,Sound,,,
0,FORT,,1,1777024441.638954,56.3,Game,1,Predictable,8.42,0,,,7,,,130,Sound,,,
0,FORT,,1,1777024441.638954,56.3,Game,1,Predictable,8.44,0,,,7,,,130,Sound,,,
0,FORT,,1,1777024441.638954,56.31,Game,1,Predictable,8.44,0,,,7,,,130,Sound,,,
0,FORT,,1,1777024441.638954,56.32,Game,1,Predictable,8.45,0,,,7,,,130,Sound,,,
0,FORT,,1,1777024441.638954,56.33,Game,1,Predictable,8.46,0,,,7,,,130,Sound,,,
0,FORT,,1,1777024441.638954,56.34,Game,1,Predictable,8.47,0,,,7,,,130,Sound,,,
0,FORT,,1,1777024441.638954,56.35,Game,1,Predictable,8.48,0,,,7,,,130,Sound,,,
0,FORT,,1,1777024441.638954,56.35,Game,1,Predictable,8.49,0,,,7,,,130,Sound,,,
0,FORT,,1,1777024441.638954,56.36,Game,1,Predictable,8.49,0,,,7,,,130,Sound,,,
0,FORT,,1,1777024441.638954,56.37,Game,1,Predictable,8.5,0,,,7,,,130,Sound,,,
0,FORT,,1,1777024441.638954,56.38,Game,1,Predictable,8.51,0,,,7,,,130,Sound,,,
0,FORT,,1,1777024441.638954,56.39,Game,1,Predictable,8.52,0,,,7,,,130,Sound,,,
0,FORT,,1,1777024441.638954,56.4,Game,1,Predictable,8.53,0,,,7,,,130,Sound,,,
0,FORT,,1,1777024441.638954,56.4,Game,1,Predictable,8.54,0,,,7,,,130,Sound,,,
0,FORT,,1,1777024441.638954,56.41,Game,1,Predictable,8.54,0,,,7,,,130,Sound,,,
0,FORT,,1,1777024441.638954,56.42,Game,1,Predictable,8.55,0,,,7,,,130,Sound,,,
0,FORT,,1,1777024441.638954,56.43,Game,1,Predictable,8.56,0,,,7,,,130,Sound,,,
0,FORT,,1,1777024441.638954,56.44,Game,1,Predictable,8.57,0,,,7,,,130,Sound,,,
0,FORT,,1,1777024441.638954,56.45,Game,1,Predictable,8.58,0,,,7,,,130,Sound,,,
0,FORT,,1,1777024441.638954,56.45,Game,1,Predictable,8.59,0,,,7,,,130,Sound,,,
0,FORT,,1,1777024441.638954,56.46,Game,1,Predictable,8.59,0,,,7,,,130,Sound,,,
0,FORT,,1,1777024441.638954,56.47,Game,1,Predictable,8.6,0,,,7,,,130,Sound,,,
0,FORT,,1,1777024441.638954,56.48,Game,1,Predictable,8.61,0,,,7,,,130,Sound,,,
0,FORT,,1,1777024441.638954,56.49,Game,1,Predictable,8.62,0,,,7,,,130,Sound,,,
0,FORT,,1,1777024441.638954,56.5,Game,1,Predictable,8.63,0,,,7,,,130,Sound,,,
0,FORT,,1,1777024441.638954,56.5,Game,1,Predictable,8.64,0,,,7,,,130,Sound,,,
0,FORT,,1,1777024441.638954,56.51,Game,1,Predictable,8.64,0,,,7,,,130,Sound,,,
0,FORT,,1,1777024441.638954,56.52,Game,1,Predictable,8.65,0,,,7,,,130,Sound,,,
0,FORT,,1,1777024441.638954,56.53,Game,1,Predictable,8.66,0,,,7,,,130,Sound,,,
0,FORT,,1,1777024441.638954,56.54,Game,1,Predictable,8.67,0,,,7,,,130,Sound,,,
0,FORT,,1,1777024441.638954,56.55,Game,1,Predictable,8.68,0,,,7,,,130,Sound,,,
0,FORT,,1,1777024441.638954,56.56,Game,1,Predictable,8.69,0,,,6,,,130,Sound,,,
0,FORT,,1,1777024441.638954,56.56,Game,1,Predictable,8.7,0,,,6,,,130,Sound,,,
0,FORT,,1,1777024441.638954,56.58,Game,1,Predictable,8.7,0,,,6,,,130,Sound,,,
0,FORT,,1,1777024441.638954,56.59,Game,1,Predictable,8.72,0,,,6,,,130,Sound,,,
0,FORT,,1,1777024441.638954,56.6,Game,1,Predictable,8.73,0,,,6,,,130,Sound,,,
0,FORT,,1,1777024441.638954,56.6,Game,1,Predictable,8.74,0,,,6,,,130,Sound,,,
0,FORT,,1,1777024441.638954,56.61,Game,1,Predictable,8.74,0,,,6,,,130,Sound,,,
0,FORT,,1,1777024441.638954,56.62,Game,1,Predictable,8.75,0,,,6,,,130,Sound,,,
0,FORT,,1,1777024441.638954,56.63,Game,1,Predictable,8.76,0,,,6,,,130,Sound,,,
0,FORT,,1,1777024441.638954,56.64,Game,1,Predictable,8.77,0,,,6,,,130,Sound,,,
0,FORT,,1,1777024441.638954,56.65,Game,1,Predictable,8.78,0,,,6,,,130,Sound,,,
0,FORT,,1,1777024441.638954,56.65,Game,1,Predictable,8.79,0,,,6,,,130,Sound,,,
0,FORT,,1,1777024441.638954,56.66,Game,1,Predictable,8.79,0,,,6,,,130,Sound,,,
0,FORT,,1,1777024441.638954,56.67,Game,1,Predictable,8.8,0,,,6,,,130,Sound,,,
0,FORT,,1,1777024441.638954,56.68,Game,1,Predictable,8.81,0,,,6,,,130,Sound,,,
0,FORT,,1,1777024441.638954,56.69,Game,1,Predictable,8.82,0,,,6,,,130,Sound,,,
0,FORT,,1,1777024441.638954,56.7,Game,1,Predictable,8.83,0,,,6,,,130,Sound,,,
0,FORT,,1,1777024441.638954,56.7,Game,1,Predictable,8.84,0,,,6,,,130,Sound,,,
0,FORT,,1,1777024441.638954,56.71,Game,1,Predictable,8.84,0,,,6,,,130,Sound,,,
0,FORT,,1,1777024441.638954,56.72,Game,1,Predictable,8.85,0,,,6,,,130,Sound,,,
0,FORT,,1,1777024441.638954,56.73,Game,1,Predictable,8.86,0,,,6,,,130,Sound,,,
0,FORT,,1,1777024441.638954,56.74,Game,1,Predictable,8.87,0,,,6,,,130,Sound,,,
0,FORT,,1,1777024441.638954,56.75,Game,1,Predictable,8.88,0,,,6,,,130,Sound,,,
0,FORT,,1,1777024441.638954,56.75,Game,1,Predictable,8.89,0,,,6,,,130,Sound,,,
0,FORT,,1,1777024441.638954,56.76,Game,1,Predictable,8.89,0,,,6,,,130,Sound,,,
0,FORT,,1,1777024441.638954,56.77,Game,1,Predictable,8.9,0,,,6,,,130,Sound,,,
0,FORT,,1,1777024441.638954,56.78,Game,1,Predictable,8.91,0,,,6,,,130,Sound,,,
0,FORT,,1,1777024441.638954,56.79,Game,1,Predictable,8.92,0,,,6,,,130,Sound,,,
0,FORT,,1,1777024441.638954,56.8,Game,1,Predictable,8.93,0,,,6,,,130,Sound,,,
0,FORT,,1,1777024441.638954,56.8,Game,1,Predictable,8.94,0,,,6,,,130,Sound,,,
0,FORT,,1,1777024441.638954,56.81,Game,1,Predictable,8.94,0,,,6,,,130,Sound,,,
0,FORT,,1,1777024441.638954,56.82,Game,1,Predictable,8.95,0,,,5,,,130,Sound,,,
0,FORT,,1,1777024441.638954,56.83,Game,1,Predictable,8.96,0,,,5,,,130,Sound,,,
0,FORT,,1,1777024441.638954,56.85,Game,1,Predictable,8.97,0,,,5,,,130,Sound,,,
0,FORT,,1,1777024441.638954,56.85,Game,1,Predictable,8.99,0,,,5,,,130,Sound,,,
0,FORT,,1,1777024441.638954,56.86,Game,1,Predictable,8.99,0,,,5,,,130,Sound,,,
0,FORT,,1,1777024441.638954,56.87,Game,1,Predictable,9.0,0,,,5,,,130,Sound,,,
0,FORT,,1,1777024441.638954,56.88,Game,1,Predictable,9.01,0,,,5,,,130,Sound,,,
0,FORT,,1,1777024441.638954,56.89,Game,1,Predictable,9.02,0,,,5,,,130,Sound,,,
0,FORT,,1,1777024441.638954,56.9,Game,1,Predictable,9.03,0,,,5,,,130,Sound,,,
0,FORT,,1,1777024441.638954,56.9,Game,1,Predictable,9.04,0,,,5,,,130,Sound,,,
0,FORT,,1,1777024441.638954,56.91,Game,1,Predictable,9.04,0,,,5,,,130,Sound,,,
0,FORT,,1,1777024441.638954,56.92,Game,1,Predictable,9.05,0,,,5,,,130,Sound,,,
0,FORT,,1,1777024441.638954,56.93,Game,1,Predictable,9.06,0,,,5,,,130,Sound,,,
0,FORT,,1,1777024441.638954,56.94,Game,1,Predictable,9.07,0,,,5,,,130,Sound,,,
0,FORT,,1,1777024441.638954,56.95,Game,1,Predictable,9.08,0,,,5,,,130,Sound,,,
0,FORT,,1,1777024441.638954,56.95,Game,1,Predictable,9.09,0,,,5,,,130,Sound,,,
0,FORT,,1,1777024441.638954,56.96,Game,1,Predictable,9.09,0,,,5,,,130,Sound,,,
0,FORT,,1,1777024441.638954,56.97,Game,1,Predictable,9.1,0,,,5,,,130,Sound,,,
0,FORT,,1,1777024441.638954,56.98,Game,1,Predictable,9.11,0,,,5,,,130,Sound,,,
0,FORT,,1,1777024441.638954,56.99,Game,1,Predictable,9.12,0,,,5,,,130,Sound,,,
0,FORT,,1,1777024441.638954,57.0,Game,1,Predictable,9.13,0,,,5,,,130,Sound,,,
0,FORT,,1,1777024441.638954,57.0,Game,1,Predictable,9.14,0,,,5,,,130,Sound,,,
0,FORT,,1,1777024441.638954,57.01,Game,1,Predictable,9.14,0,,,5,,,130,Sound,,,
0,FORT,,1,1777024441.638954,57.02,Game,1,Predictable,9.15,0,,,5,,,130,Sound,,,
0,FORT,,1,1777024441.638954,57.03,Game,1,Predictable,9.16,0,,,5,,,130,Sound,,,
0,FORT,,1,1777024441.638954,57.04,Game,1,Predictable,9.17,0,,,5,,,130,Sound,,,
0,FORT,,1,1777024441.638954,57.05,Game,1,Predictable,9.18,0,,,5,,,130,Sound,,,
0,FORT,,1,1777024441.638954,57.05,Game,1,Predictable,9.19,0,,,5,,,130,Sound,,,
0,FORT,,1,1777024441.638954,57.06,Game,1,Predictable,9.19,0,,,5,,,130,Sound,,,
0,FORT,,1,1777024441.638954,57.07,Game,1,Predictable,9.2,0,,,5,,,130,Sound,,,
0,FORT,,1,1777024441.638954,57.08,Game,1,Predictable,9.21,0,,,5,,,130,Sound,,,
0,FORT,,1,1777024441.638954,57.09,Game,1,Predictable,9.22,0,,,5,,,130,Sound,,,
0,FORT,,1,1777024441.638954,57.1,Game,1,Predictable,9.23,0,,,5,,,130,Sound,,,
0,FORT,,1,1777024441.638954,57.11,Game,1,Predictable,9.24,0,,,4,,,130,Sound,,,
0,FORT,,1,1777024441.638954,57.11,Game,1,Predictable,9.25,0,,,4,,,130,Sound,,,
0,FORT,,1,1777024441.638954,57.13,Game,1,Predictable,9.25,0,,,4,,,130,Sound,,,
0,FORT,,1,1777024441.638954,57.14,Game,1,Predictable,9.27,0,,,4,,,130,Sound,,,
0,FORT,,1,1777024441.638954,57.15,Game,1,Predictable,9.28,0,,,4,,,130,Sound,,,
0,FORT,,1,1777024441.638954,57.15,Game,1,Predictable,9.29,0,,,4,,,130,Sound,,,
0,FORT,,1,1777024441.638954,57.16,Game,1,Predictable,9.29,0,,,4,,,130,Sound,,,
0,FORT,,1,1777024441.638954,57.17,Game,1,Predictable,9.3,0,,,4,,,130,Sound,,,
0,FORT,,1,1777024441.638954,57.18,Game,1,Predictable,9.31,0,,,4,,,130,Sound,,,
0,FORT,,1,1777024441.638954,57.19,Game,1,Predictable,9.32,0,,,4,,,130,Sound,,,
0,FORT,,1,1777024441.638954,57.2,Game,1,Predictable,9.33,0,,,4,,,130,Sound,,,
0,FORT,,1,1777024441.638954,57.2,Game,1,Predictable,9.34,0,,,4,,,130,Sound,,,
0,FORT,,1,1777024441.638954,57.21,Game,1,Predictable,9.34,0,,,4,,,130,Sound,,,
0,FORT,,1,1777024441.638954,57.22,Game,1,Predictable,9.35,0,,,4,,,130,Sound,,,
0,FORT,,1,1777024441.638954,57.23,Game,1,Predictable,9.36,0,,,4,,,130,Sound,,,
0,FORT,,1,1777024441.638954,57.24,Game,1,Predictable,9.37,0,,,4,,,130,Sound,,,
0,FORT,,1,1777024441.638954,57.25,Game,1,Predictable,9.38,0,,,4,,,130,Sound,,,
0,FORT,,1,1777024441.638954,57.26,Game,1,Predictable,9.39,0,,,4,,,130,Sound,,,
0,FORT,,1,1777024441.638954,57.27,Game,1,Predictable,9.4,0,,,4,,,130,Sound,,,
0,FORT,,1,1777024441.638954,57.28,Game,1,Predictable,9.41,0,,,4,,,130,Sound,,,
0,FORT,,1,1777024441.638954,57.29,Game,1,Predictable,9.42,0,,,4,,,130,Sound,,,
0,FORT,,1,1777024441.638954,57.3,Game,1,Predictable,9.43,0,,,4,,,130,Sound,,,
0,FORT,,1,1777024441.638954,57.3,Game,1,Predictable,9.44,0,,,4,,,130,Sound,,,
0,FORT,,1,1777024441.638954,57.31,Game,1,Predictable,9.44,0,,,4,,,130,Sound,,,
0,FORT,,1,1777024441.638954,57.32,Game,1,Predictable,9.45,0,,,4,,,130,Sound,,,
0,FORT,,1,1777024441.638954,57.33,Game,1,Predictable,9.46,0,,,4,,,130,Sound,,,
0,FORT,,1,1777024441.638954,57.34,Game,1,Predictable,9.47,0,,,4,,,130,Sound,,,
0,FORT,,1,1777024441.638954,57.35,Game,1,Predictable,9.48,0,,,4,,,130,Sound,,,
0,FORT,,1,1777024441.638954,57.35,Game,1,Predictable,9.49,0,,,4,,,130,Sound,,,
0,FORT,,1,1777024441.638954,57.36,Game,1,Predictable,9.49,0,,,4,,,130,Sound,,,
0,FORT,,1,1777024441.638954,57.37,Game,1,Predictable,9.5,0,,,4,,,130,Sound,,,
0,FORT,,1,1777024441.638954,57.38,Game,1,Predictable,9.51,0,,,4,,,130,Sound,,,
0,FORT,,1,1777024441.638954,57.39,Game,1,Predictable,9.52,0,,,3,,,130,Sound,,,
0,FORT,,1,1777024441.638954,57.4,Game,1,Predictable,9.53,0,,,3,,,130,Sound,,,
0,FORT,,1,1777024441.638954,57.41,Game,1,Predictable,9.54,0,,,3,,,130,Sound,,,
0,FORT,,1,1777024441.638954,57.42,Game,1,Predictable,9.55,0,,,3,,,130,Sound,,,
0,FORT,,1,1777024441.638954,57.43,Game,1,Predictable,9.56,0,,,3,,,130,Sound,,,
0,FORT,,1,1777024441.638954,57.44,Game,1,Predictable,9.57,0,,,3,,,130,Sound,,,
0,FORT,,1,1777024441.638954,57.45,Game,1,Predictable,9.58,0,,,3,,,130,Sound,,,
0,FORT,,1,1777024441.638954,57.45,Game,1,Predictable,9.59,0,,,3,,,130,Sound,,,
0,FORT,,1,1777024441.638954,57.46,Game,1,Predictable,9.59,0,,,3,,,130,Sound,,,
0,FORT,,1,1777024441.638954,57.47,Game,1,Predictable,9.6,0,,,3,,,130,Sound,,,
0,FORT,,1,1777024441.638954,57.48,Game,1,Predictable,9.61,0,,,3,,,130,Sound,,,
0,FORT,,1,1777024441.638954,57.49,Game,1,Predictable,9.62,0,,,3,,,130,Sound,,,
0,FORT,,1,1777024441.638954,57.5,Game,1,Predictable,9.63,0,,,3,,,130,Sound,,,
0,FORT,,1,1777024441.638954,57.5,Game,1,Predictable,9.64,0,,,3,,,130,Sound,,,
0,FORT,,1,1777024441.638954,57.51,Game,1,Predictable,9.64,0,,,3,,,130,Sound,,,
0,FORT,,1,1777024441.638954,57.52,Game,1,Predictable,9.65,0,,,3,,,130,Sound,,,
0,FORT,,1,1777024441.638954,57.53,Game,1,Predictable,9.66,0,,,3,,,130,Sound,,,
0,FORT,,1,1777024441.638954,57.54,Game,1,Predictable,9.67,0,,,3,,,130,Sound,,,
0,FORT,,1,1777024441.638954,57.55,Game,1,Predictable,9.68,0,,,3,,,130,Sound,,,
0,FORT,,1,1777024441.638954,57.55,Game,1,Predictable,9.69,0,,,3,,,130,Sound,,,
0,FORT,,1,1777024441.638954,57.56,Game,1,Predictable,9.69,0,,,3,,,130,Sound,,,
0,FORT,,1,1777024441.638954,57.57,Game,1,Predictable,9.7,0,,,3,,,130,Sound,,,
0,FORT,,1,1777024441.638954,57.58,Game,1,Predictable,9.71,0,,,3,,,130,Sound,,,
0,FORT,,1,1777024441.638954,57.59,Game,1,Predictable,9.72,0,,,3,,,130,Sound,,,
0,FORT,,1,1777024441.638954,57.6,Game,1,Predictable,9.73,0,,,3,,,130,Sound,,,
0,FORT,,1,1777024441.638954,57.6,Game,1,Predictable,9.74,0,,,3,,,130,Sound,,,
0,FORT,,1,1777024441.638954,57.61,Game,1,Predictable,9.74,0,,,3,,,130,Sound,,,
0,FORT,,1,1777024441.638954,57.62,Game,1,Predictable,9.75,0,,,3,,,130,Sound,,,
0,FORT,,1,1777024441.638954,57.63,Game,1,Predictable,9.76,0,,,3,,,130,Sound,,,
0,FORT,,1,1777024441.638954,57.64,Game,1,Predictable,9.77,0,,,3,,,130,Sound,,,
0,FORT,,1,1777024441.638954,57.65,Game,1,Predictable,9.78,0,,,3,,,130,Sound,,,
0,FORT,,1,1777024441.638954,57.65,Game,1,Predictable,9.79,0,,,3,,,130,Sound,,,
0,FORT,,1,1777024441.638954,57.66,Game,1,Predictable,9.79,0,,,3,,,130,Sound,,,
0,FORT,,1,1777024441.638954,57.67,Game,1,Predictable,9.8,0,,,3,,,130,Sound,,,
0,FORT,,1,1777024441.638954,57.68,Game,1,Predictable,9.81,0,,,3,,,130,Sound,,,
0,FORT,,1,1777024441.638954,57.69,Game,1,Predictable,9.82,0,,,3,,,130,Sound,,,
0,FORT,,1,1777024441.638954,57.7,Game,1,Predictable,9.83,0,,,3,,,130,Sound,,,
0,FORT,,1,1777024441.638954,57.7,Game,1,Predictable,9.84,0,,,3,,,130,Sound,,,
0,FORT,,1,1777024441.638954,57.71,Game,1,Predictable,9.84,0,,,3,,,130,Sound,,,
0,FORT,,1,1777024441.638954,57.72,Game,1,Predictable,9.85,0,,,3,,,130,Sound,,,
0,FORT,,1,1777024441.638954,57.73,Game,1,Predictable,9.86,0,,,3,,,130,Sound,,,
0,FORT,,1,1777024441.638954,57.74,Game,1,Predictable,9.87,0,,,3,,,130,Sound,,,
0,FORT,,1,1777024441.638954,57.75,Game,1,Predictable,9.88,0,,,3,,,130,Sound,,,
0,FORT,,1,1777024441.638954,57.75,Game,1,Predictable,9.89,0,,,3,,,130,Sound,,,
0,FORT,,1,1777024441.638954,57.76,Game,1,Predictable,9.89,0,,,3,,,130,Sound,,,
0,FORT,,1,1777024441.638954,57.77,Game,1,Predictable,9.9,0,,,3,,,130,Sound,,,
0,FORT,,1,1777024441.638954,57.78,Game,1,Predictable,9.91,0,,,3,,,130,Sound,,,
0,FORT,,1,1777024441.638954,57.79,Game,1,Predictable,9.92,0,,,3,,,130,Sound,,,
0,FORT,,1,1777024441.638954,57.8,Game,1,Predictable,9.93,0,,,3,,,130,Sound,,,
0,FORT,,1,1777024441.638954,57.8,Game,1,Predictable,9.94,0,,,3,,,130,Sound,,,
0,FORT,,1,1777024441.638954,57.81,Game,1,Predictable,9.94,0,,,3,,,130,Sound,,,
0,FORT,,1,1777024441.638954,57.82,Game,1,Predictable,9.95,0,,,3,,,130,Sound,,,
0,FORT,,1,1777024441.638954,57.83,Game,1,Predictable,9.96,0,,,3,,,130,Sound,,,
0,FORT,,1,1777024441.638954,57.84,Game,1,Predictable,9.97,0,,,3,,,130,Sound,,,
0,FORT,,1,1777024441.638954,57.85,Game,1,Predictable,9.98,0,,,3,,,130,Sound,,,
0,FORT,,1,1777024441.638954,57.85,Game,1,Predictable,9.99,0,,,3,,,130,Sound,,,
0,FORT,,1,1777024441.638954,57.86,Game,1,Predictable,9.99,0,,,3,,,130,Sound,,,
0,FORT,,1,1777024441.638954,57.87,Game,1,Predictable,10.0,0,,,3,,,130,Sound,,,
0,FORT,,1,1777024441.638954,57.88,Game,1,Predictable,10.01,0,,,3,,,130,Sound,,,
0,FORT,,1,1777024441.638954,57.89,Game,1,Predictable,10.02,0,,,3,,,130,Sound,,,
0,FORT,,1,1777024441.638954,57.9,Game,1,Predictable,10.03,0,,,3,,,130,Sound,,,
0,FORT,,1,1777024441.638954,57.9,Game,1,Predictable,10.04,0,,,3,,,130,Sound,,,
0,FORT,,1,1777024441.638954,57.91,Game,1,Predictable,10.04,0,,,3,,,130,Sound,,,
0,FORT,,1,1777024441.638954,57.92,Game,1,Predictable,10.05,0,,,3,,,130,Sound,,,
0,FORT,,1,1777024441.638954,57.93,Game,1,Predictable,10.06,0,,,3,,,130,Sound,,,
0,FORT,,1,1777024441.638954,57.94,Game,1,Predictable,10.07,0,,,3,,,130,Sound,,,
0,FORT,,1,1777024441.638954,57.95,Game,1,Predictable,10.08,0,,,3,,,130,Sound,,,
0,FORT,,1,1777024441.638954,57.95,Game,1,Predictable,10.09,0,,,3,,,130,Sound,,,
0,FORT,,1,1777024441.638954,57.96,Game,1,Predictable,10.09,0,,,3,,,130,Sound,,,
0,FORT,,1,1777024441.638954,57.97,Game,1,Predictable,10.1,0,,,3,,,130,Sound,,,
0,FORT,,1,1777024441.638954,57.98,Game,1,Predictable,10.11,0,,,3,,,130,Sound,,,
0,FORT,,1,1777024441.638954,57.99,Game,1,Predictable,10.12,0,,,3,,,130,Sound,,,
0,FORT,,1,1777024441.638954,58.0,Game,1,Predictable,10.13,0,,,3,,,130,Sound,,,
0,FORT,,1,1777024441.638954,58.0,Game,1,Predictable,10.14,0,,,3,,,130,Sound,,,
0,FORT,,1,1777024441.638954,58.01,Game,1,Predictable,10.14,0,,,3,,,130,Sound,,,
0,FORT,,1,1777024441.638954,58.02,Game,1,Predictable,10.15,0,,,3,,,130,Sound,,,
0,FORT,,1,1777024441.638954,58.03,Game,1,Predictable,10.16,0,,,3,,,130,Sound,,,
0,FORT,,1,1777024441.638954,58.04,Game,1,Predictable,10.17,0,,,3,,,130,Sound,,,
0,FORT,,1,1777024441.638954,58.05,Game,1,Predictable,10.18,0,,,3,,,130,Sound,,,
0,FORT,,1,1777024441.638954,58.05,Game,1,Predictable,10.19,0,,,3,,,130,Sound,,,
0,FORT,,1,1777024441.638954,58.06,Game,1,Predictable,10.19,0,,,3,,,130,Sound,,,
0,FORT,,1,1777024441.638954,58.07,Game,1,Predictable,10.2,0,,,3,,,130,Sound,,,
0,FORT,,1,1777024441.638954,58.08,Game,1,Predictable,10.21,0,,,3,,,130,Sound,,,
0,FORT,,1,1777024441.638954,58.09,Game,1,Predictable,10.22,0,,,3,,,130,Sound,,,
0,FORT,,1,1777024441.638954,58.1,Game,1,Predictable,10.23,0,,,3,,,130,Sound,,,
0,FORT,,1,1777024441.638954,58.1,Game,1,Predictable,10.24,0,,,3,,,130,Sound,,,
0,FORT,,1,1777024441.638954,58.11,Game,1,Predictable,10.24,0,,,3,,,130,Sound,,,
0,FORT,,1,1777024441.638954,58.12,Game,1,Predictable,10.25,0,,,3,,,130,Sound,,,
0,FORT,,1,1777024441.638954,58.13,Game,1,Predictable,10.26,0,,,3,,,130,Sound,,,
0,FORT,,1,1777024441.638954,58.14,Game,1,Predictable,10.27,0,,,3,,,130,Sound,,,
0,FORT,,1,1777024441.638954,58.15,Game,1,Predictable,10.28,0,,,3,,,130,Sound,,,
0,FORT,,1,1777024441.638954,58.15,Game,1,Predictable,10.29,0,,,3,,,130,Sound,,,
0,FORT,,1,1777024441.638954,58.16,Game,1,Predictable,10.29,0,,,3,,,130,Sound,,,
0,FORT,,1,1777024441.638954,58.17,Game,1,Predictable,10.3,0,,,3,,,130,Sound,,,
0,FORT,,1,1777024441.638954,58.18,Game,1,Predictable,10.31,0,,,3,,,130,Sound,,,
0,FORT,,1,1777024441.638954,58.19,Game,1,Predictable,10.32,0,,,3,,,130,Sound,,,
0,FORT,,1,1777024441.638954,58.2,Game,1,Predictable,10.33,0,,,3,,,130,Sound,,,
0,FORT,,1,1777024441.638954,58.2,Game,1,Predictable,10.34,0,,,3,,,130,Sound,,,
0,FORT,,1,1777024441.638954,58.21,Game,1,Predictable,10.34,0,,,3,,,130,Sound,,,
0,FORT,,1,1777024441.638954,58.22,Game,1,Predictable,10.35,0,,,3,,,130,Sound,,,
0,FORT,,1,1777024441.638954,58.23,Game,1,Predictable,10.36,0,,,3,,,130,Sound,,,
0,FORT,,1,1777024441.638954,58.24,Game,1,Predictable,10.37,0,,,3,,,130,Sound,,,
0,FORT,,1,1777024441.638954,58.25,Game,1,Predictable,10.38,0,,,3,,,130,Sound,,,
0,FORT,,1,1777024441.638954,58.25,Game,1,Predictable,10.39,0,,,3,,,130,Sound,,,
0,FORT,,1,1777024441.638954,58.26,Game,1,Predictable,10.39,0,,,3,,,130,Sound,,,
0,FORT,,1,1777024441.638954,58.27,Game,1,Predictable,10.4,0,,,3,,,130,Sound,,,
0,FORT,,1,1777024441.638954,58.28,Game,1,Predictable,10.41,0,,,3,,,130,Sound,,,
0,FORT,,1,1777024441.638954,58.29,Game,1,Predictable,10.42,0,,,3,,,130,Sound,,,
0,FORT,,1,1777024441.638954,58.3,Game,1,Predictable,10.43,0,,,3,,,130,Sound,,,
0,FORT,,1,1777024441.638954,58.3,Game,1,Predictable,10.44,0,,,3,,,130,Sound,,,
0,FORT,,1,1777024441.638954,58.31,Game,1,Predictable,10.44,0,,,3,,,130,Sound,,,
0,FORT,,1,1777024441.638954,58.32,Game,1,Predictable,10.45,0,,,3,,,130,Sound,,,
0,FORT,,1,1777024441.638954,58.33,Game,1,Predictable,10.46,0,,,3,,,130,Sound,,,
0,FORT,,1,1777024441.638954,58.34,Game,1,Predictable,10.47,0,,,3,,,130,Sound,,,
0,FORT,,1,1777024441.638954,58.35,Game,1,Predictable,10.48,0,,,3,,,130,Sound,,,
0,FORT,,1,1777024441.638954,58.35,Game,1,Predictable,10.49,0,,,3,,,130,Sound,,,
0,FORT,,1,1777024441.638954,58.36,Game,1,Predictable,10.49,0,,,3,,,130,Sound,,,
0,FORT,,1,1777024441.638954,58.37,Game,1,Predictable,10.5,0,,,3,,,130,Sound,,,
0,FORT,,1,1777024441.638954,58.38,Game,1,Predictable,10.51,0,,,3,,,130,Sound,,,
0,FORT,,1,1777024441.638954,58.39,Game,1,Predictable,10.52,0,,,3,,,130,Sound,,,
0,FORT,,1,1777024441.638954,58.4,Game,1,Predictable,10.53,0,,,3,,,130,Sound,,,
0,FORT,,1,1777024441.638954,58.41,Game,1,Predictable,10.54,0,,,3,,,130,Sound,,,
0,FORT,,1,1777024441.638954,58.42,Game,1,Predictable,10.55,0,,,3,,,130,Sound,,,
0,FORT,,1,1777024441.638954,58.45,Game,1,Predictable,10.56,0,,,3,,,130,Sound,,,
0,FORT,,1,1777024441.638954,58.46,Game,1,Predictable,10.59,0,,,3,,,130,Sound,,,
0,FORT,,1,1777024441.638954,58.47,Game,1,Predictable,10.6,0,,,3,,,130,Sound,,,
0,FORT,,1,1777024441.638954,58.5,Game,1,Predictable,10.61,0,,,3,,,130,Sound,,,
0,FORT,,1,1777024441.638954,58.51,Game,1,Predictable,10.64,0,,,3,,,130,Sound,,,
0,FORT,,1,1777024441.638954,58.52,Game,1,Predictable,10.65,0,,,3,,,130,Sound,,,
0,FORT,,1,1777024441.638954,58.55,Game,1,Predictable,10.66,0,,,3,,,130,Sound,,,
0,FORT,,1,1777024441.638954,58.55,Game,1,Predictable,10.69,0,,,3,,,130,Sound,,,
0,FORT,,1,1777024441.638954,58.56,Game,1,Predictable,10.7,0,,,3,,,130,Sound,,,
0,FORT,,1,1777024441.638954,58.58,Game,1,Predictable,10.71,0,,,3,,,130,Sound,,,
0,FORT,,1,1777024441.638954,58.59,Game,1,Predictable,10.72,0,,,3,,,130,Sound,,,
0,FORT,,1,1777024441.638954,58.6,Game,1,Predictable,10.73,0,,,3,,,130,Sound,,,
0,FORT,,1,1777024441.638954,58.6,Game,1,Predictable,10.74,0,,,3,,,130,Sound,,,
0,FORT,,1,1777024441.638954,58.61,Game,1,Predictable,10.74,0,,,3,,,130,Sound,,,
0,FORT,,1,1777024441.638954,58.62,Game,1,Predictable,10.75,0,,,3,,,130,Sound,,,
0,FORT,,1,1777024441.638954,58.63,Game,1,Predictable,10.76,0,,,3,,,130,Sound,,,
0,FORT,,1,1777024441.638954,58.64,Game,1,Predictable,10.77,0,,,3,,,130,Sound,,,
0,FORT,,1,1777024441.638954,58.65,Game,1,Predictable,10.78,0,,,3,,,130,Sound,,,
0,FORT,,1,1777024441.638954,58.65,Game,1,Predictable,10.79,0,,,3,,,130,Sound,,,
0,FORT,,1,1777024441.638954,58.66,Game,1,Predictable,10.79,0,,,3,,,130,Sound,,,
0,FORT,,1,1777024441.638954,58.67,Game,1,Predictable,10.8,0,,,3,,,130,Sound,,,
0,FORT,,1,1777024441.638954,58.68,Game,1,Predictable,10.81,0,,,3,,,130,Sound,,,
0,FORT,,1,1777024441.638954,58.69,Game,1,Predictable,10.82,0,,,3,,,130,Sound,,,
0,FORT,,1,1777024441.638954,58.7,Game,1,Predictable,10.83,0,,,3,,,130,Sound,,,
0,FORT,,1,1777024441.638954,58.7,Game,1,Predictable,10.84,0,,,3,,,130,Sound,,,
0,FORT,,1,1777024441.638954,58.71,Game,1,Predictable,10.84,0,,,3,,,130,Sound,,,
0,FORT,,1,1777024441.638954,58.72,Game,1,Predictable,10.85,0,,,3,,,130,Sound,,,
0,FORT,,1,1777024441.638954,58.73,Game,1,Predictable,10.86,0,,,3,,,130,Sound,,,
0,FORT,,1,1777024441.638954,58.74,Game,1,Predictable,10.87,0,,,3,,,130,Sound,,,
0,FORT,,1,1777024441.638954,58.75,Game,1,Predictable,10.88,0,,,3,,,130,Sound,,,
0,FORT,,1,1777024441.638954,58.75,Game,1,Predictable,10.89,0,,,3,,,130,Sound,,,
0,FORT,,1,1777024441.638954,58.76,Game,1,Predictable,10.89,0,,,3,,,130,Sound,,,
0,FORT,,1,1777024441.638954,58.77,Game,1,Predictable,10.9,0,,,3,,,130,Sound,,,
0,FORT,,1,1777024441.638954,58.78,Game,1,Predictable,10.91,0,,,3,,,130,Sound,,,
0,FORT,,1,1777024441.638954,58.79,Game,1,Predictable,10.92,0,,,3,,,130,Sound,,,
0,FORT,,1,1777024441.638954,58.8,Game,1,Predictable,10.93,0,,,3,,,130,Sound,,,
0,FORT,,1,1777024441.638954,58.8,Game,1,Predictable,10.94,0,,,3,,,130,Sound,,,
0,FORT,,1,1777024441.638954,58.82,Game,1,Predictable,10.94,0,,,3,,,130,Sound,,,
0,FORT,,1,1777024441.638954,58.83,Game,1,Predictable,10.96,0,,,3,,,130,Sound,,,
0,FORT,,1,1777024441.638954,58.84,Game,1,Predictable,10.97,0,,,3,,,130,Sound,,,
0,FORT,,1,1777024441.638954,58.86,Game,1,Predictable,10.98,0,,,3,,,130,Sound,,,
0,FORT,,1,1777024441.638954,58.88,Game,1,Predictable,11.0,0,,,3,,,130,Sound,,,
0,FORT,,1,1777024441.638954,58.89,Game,1,Predictable,11.02,0,,,3,,,130,Sound,,,
0,FORT,,1,1777024441.638954,58.91,Game,1,Predictable,11.03,0,,,3,,,130,Sound,,,
0,FORT,,1,1777024441.638954,58.93,Game,1,Predictable,11.05,0,,,4,,,130,Sound,,,
0,FORT,,1,1777024441.638954,58.94,Game,1,Predictable,11.07,0,,,4,,,130,Sound,,,
0,FORT,,1,1777024441.638954,58.96,Game,1,Predictable,11.08,0,,,4,,,130,Sound,,,
0,FORT,,1,1777024441.638954,58.98,Game,1,Predictable,11.1,0,,,4,,,130,Sound,,,
0,FORT,,1,1777024441.638954,58.99,Game,1,Predictable,11.12,0,,,4,,,130,Sound,,,
0,FORT,,1,1777024441.638954,59.0,Game,1,Predictable,11.13,0,,,4,,,130,Sound,,,
0,FORT,,1,1777024441.638954,59.01,Game,1,Predictable,11.14,0,,,4,,,130,Sound,,,
0,FORT,,1,1777024441.638954,59.02,Game,1,Predictable,11.15,0,,,4,,,130,Sound,,,
0,FORT,,1,1777024441.638954,59.03,Game,1,Predictable,11.16,0,,,4,,,130,Sound,,,
0,FORT,,1,1777024441.638954,59.04,Game,1,Predictable,11.17,0,,,4,,,130,Sound,,,
0,FORT,,1,1777024441.638954,59.05,Game,1,Predictable,11.18,0,,,4,,,130,Sound,,,
0,FORT,,1,1777024441.638954,59.05,Game,1,Predictable,11.19,0,,,4,,,130,Sound,,,
0,FORT,,1,1777024441.638954,59.08,Game,1,Predictable,11.19,0,,,4,,,130,Sound,,,
0,FORT,,1,1777024441.638954,59.1,Game,1,Predictable,11.22,0,,,4,,,130,Sound,,,
0,FORT,,1,1777024441.638954,59.1,Game,1,Predictable,11.24,0,,,4,,,130,Sound,,,
0,FORT,,1,1777024441.638954,59.13,Game,1,Predictable,11.24,0,,,4,,,130,Sound,,,
0,FORT,,1,1777024441.638954,59.15,Game,1,Predictable,11.27,0,,,4,,,130,Sound,,,
0,FORT,,1,1777024441.638954,59.15,Game,1,Predictable,11.29,0,,,4,,,130,Sound,,,
0,FORT,,1,1777024441.638954,59.16,Game,1,Predictable,11.3,0,,,4,,,130,Sound,,,
0,FORT,,1,1777024441.638954,59.18,Game,1,Predictable,11.31,0,,,4,,,130,Sound,,,
0,FORT,,1,1777024441.638954,59.19,Game,1,Predictable,11.32,0,,,4,,,130,Sound,,,
0,FORT,,1,1777024441.638954,59.21,Game,1,Predictable,11.33,0,,,4,,,130,Sound,,,
0,FORT,,1,1777024441.638954,59.23,Game,1,Predictable,11.35,0,,,4,,,130,Sound,,,
0,FORT,,1,1777024441.638954,59.24,Game,1,Predictable,11.37,0,,,4,,,130,Sound,,,
0,FORT,,1,1777024441.638954,59.25,Game,1,Predictable,11.38,0,,,4,,,130,Sound,,,
0,FORT,,1,1777024441.638954,59.26,Game,1,Predictable,11.39,0,,,4,,,130,Sound,,,
0,FORT,,1,1777024441.638954,59.27,Game,1,Predictable,11.4,0,,,4,,,130,Sound,,,
0,FORT,,1,1777024441.638954,59.3,Game,1,Predictable,11.41,0,,,4,,,130,Sound,,,
0,FORT,,1,1777024441.638954,59.31,Game,1,Predictable,11.44,0,,,4,,,130,Sound,,,
0,FORT,,1,1777024441.638954,59.32,Game,1,Predictable,11.45,0,,,5,,,130,Sound,,,
0,FORT,,1,1777024441.638954,59.33,Game,1,Predictable,11.46,0,,,5,,,130,Sound,,,
0,FORT,,1,1777024441.638954,59.35,Game,1,Predictable,11.47,0,,,5,,,130,Sound,,,
0,FORT,,1,1777024441.638954,59.35,Game,1,Predictable,11.49,0,,,5,,,130,Sound,,,
0,FORT,,1,1777024441.638954,59.38,Game,1,Predictable,11.49,0,,,5,,,130,Sound,,,
0,FORT,,1,1777024441.638954,59.4,Game,1,Predictable,11.52,0,,,5,,,130,Sound,,,
0,FORT,,1,1777024441.638954,59.4,Game,1,Predictable,11.54,0,,,5,,,130,Sound,,,
0,FORT,,1,1777024441.638954,59.41,Game,1,Predictable,11.55,0,,,5,,,130,Sound,,,
0,FORT,,1,1777024441.638954,59.43,Game,1,Predictable,11.56,0,,,5,,,130,Sound,,,
0,FORT,,1,1777024441.638954,59.44,Game,1,Predictable,11.57,0,,,5,,,130,Sound,,,
0,FORT,,1,1777024441.638954,59.46,Game,1,Predictable,11.58,0,,,5,,,130,Sound,,,
0,FORT,,1,1777024441.638954,59.48,Game,1,Predictable,11.6,0,,,5,,,130,Sound,,,
0,FORT,,1,1777024441.638954,59.49,Game,1,Predictable,11.62,0,,,5,,,130,Sound,,,
0,FORT,,1,1777024441.638954,59.51,Game,1,Predictable,11.63,0,,,5,,,130,Sound,,,
0,FORT,,1,1777024441.638954,59.53,Game,1,Predictable,11.65,0,,,5,,,130,Sound,,,
0,FORT,,1,1777024441.638954,59.54,Game,1,Predictable,11.67,0,,,5,,,130,Sound,,,
0,FORT,,1,1777024441.638954,59.55,Game,1,Predictable,11.68,0,,,5,,,130,Sound,,,
0,FORT,,1,1777024441.638954,59.56,Game,1,Predictable,11.69,0,,,5,,,130,Sound,,,
0,FORT,,1,1777024441.638954,59.57,Game,1,Predictable,11.7,0,,,5,,,130,Sound,,,
0,FORT,,1,1777024441.638954,59.6,Game,1,Predictable,11.71,0,,,5,,,130,Sound,,,
0,FORT,,1,1777024441.638954,59.61,Game,1,Predictable,11.74,0,,,5,,,130,Sound,,,
0,FORT,,1,1777024441.638954,59.62,Game,1,Predictable,11.75,0,,,5,,,130,Sound,,,
0,FORT,,1,1777024441.638954,59.63,Game,1,Predictable,11.76,0,,,5,,,130,Sound,,,
0,FORT,,1,1777024441.638954,59.65,Game,1,Predictable,11.77,0,,,5,,,130,Sound,,,
0,FORT,,1,1777024441.638954,59.65,Game,1,Predictable,11.79,0,,,5,,,130,Sound,,,
0,FORT,,1,1777024441.638954,59.68,Game,1,Predictable,11.79,0,,,5,,,130,Sound,,,
0,FORT,,1,1777024441.638954,59.7,Game,1,Predictable,11.82,0,,,6,,,130,Sound,,,
0,FORT,,1,1777024441.638954,59.7,Game,1,Predictable,11.84,0,,,6,,,130,Sound,,,
0,FORT,,1,1777024441.638954,59.71,Game,1,Predictable,11.85,0,,,6,,,130,Sound,,,
0,FORT,,1,1777024441.638954,59.73,Game,1,Predictable,11.86,0,,,6,,,130,Sound,,,
0,FORT,,1,1777024441.638954,59.74,Game,1,Predictable,11.87,0,,,6,,,130,Sound,,,
0,FORT,,1,1777024441.638954,59.76,Game,1,Predictable,11.88,0,,,6,,,130,Sound,,,
0,FORT,,1,1777024441.638954,59.78,Game,1,Predictable,11.9,0,,,6,,,130,Sound,,,
0,FORT,,1,1777024441.638954,59.79,Game,1,Predictable,11.92,0,,,6,,,130,Sound,,,
0,FORT,,1,1777024441.638954,59.8,Game,1,Predictable,11.93,0,,,6,,,130,Sound,,,
0,FORT,,1,1777024441.638954,59.81,Game,1,Predictable,11.94,0,,,6,,,130,Sound,,,
0,FORT,,1,1777024441.638954,59.82,Game,1,Predictable,11.95,0,,,6,,,130,Sound,,,
0,FORT,,1,1777024441.638954,59.83,Game,1,Predictable,11.96,0,,,6,,,130,Sound,,,
0,FORT,,1,1777024441.638954,59.85,Game,1,Predictable,11.97,0,,,6,,,130,Sound,,,
0,FORT,,1,1777024441.638954,59.85,Game,1,Predictable,11.99,0,,,6,,,130,Sound,,,
0,FORT,,1,1777024441.638954,59.86,Game,1,Predictable,11.99,0,,,6,,,130,Sound,,,
0,FORT,,1,1777024441.638954,59.88,Game,1,Predictable,12.01,0,,,6,,,130,Sound,,,
0,FORT,,1,1777024441.638954,59.89,Game,1,Predictable,12.02,0,,,6,,,130,Sound,,,
0,FORT,,1,1777024441.638954,59.91,Game,1,Predictable,12.03,0,,,6,,,130,Sound,,,
0,FORT,,1,1777024441.638954,59.92,Game,1,Predictable,12.05,0,,,6,,,130,Sound,,,
0,FORT,,1,1777024441.638954,59.93,Game,1,Predictable,12.06,0,,,6,,,130,Sound,,,
0,FORT,,1,1777024441.638954,59.95,Game,1,Predictable,12.07,0,,,6,,,130,Sound,,,
0,FORT,,1,1777024441.638954,59.95,Game,1,Predictable,12.09,0,,,6,,,130,Sound,,,
0,FORT,,1,1777024441.638954,59.98,Game,1,Predictable,12.09,0,,,6,,,130,Sound,,,
0,FORT,,1,1777024441.638954,60.0,Game,1,Predictable,12.12,0,,,6,,,130,Sound,,,
0,FORT,,1,1777024441.638954,60.01,Game,1,Predictable,12.14,0,,,7,,,130,Sound,,,
0,FORT,,1,1777024441.638954,60.02,Game,1,Predictable,12.15,0,,,7,,,130,Sound,,,
0,FORT,,1,1777024441.638954,60.03,Game,1,Predictable,12.16,0,,,7,,,130,Sound,,,
0,FORT,,1,1777024441.638954,60.04,Game,1,Predictable,12.17,0,,,7,,,130,Sound,,,
0,FORT,,1,1777024441.638954,60.06,Game,1,Predictable,12.18,0,,,7,,,130,Sound,,,
0,FORT,,1,1777024441.638954,60.08,Game,1,Predictable,12.2,0,,,7,,,130,Sound,,,
0,FORT,,1,1777024441.638954,60.09,Game,1,Predictable,12.22,0,,,7,,,130,Sound,,,
0,FORT,,1,1777024441.638954,60.1,Game,1,Predictable,12.23,0,,,7,,,130,Sound,,,
0,FORT,,1,1777024441.638954,60.11,Game,1,Predictable,12.24,0,,,7,,,130,Sound,,,
0,FORT,,1,1777024441.638954,60.12,Game,1,Predictable,12.25,0,,,7,,,130,Sound,,,
0,FORT,,1,1777024441.638954,60.13,Game,1,Predictable,12.26,0,,,7,,,130,Sound,,,
0,FORT,,1,1777024441.638954,60.15,Game,1,Predictable,12.27,0,,,7,,,130,Sound,,,
0,FORT,,1,1777024441.638954,60.15,Game,1,Predictable,12.29,0,,,7,,,130,Sound,,,
0,FORT,,1,1777024441.638954,60.18,Game,1,Predictable,12.29,0,,,7,,,130,Sound,,,
0,FORT,,1,1777024441.638954,60.2,Game,1,Predictable,12.32,0,,,7,,,130,Sound,,,
0,FORT,,1,1777024441.638954,60.2,Game,1,Predictable,12.34,0,,,7,,,130,Sound,,,
0,FORT,,1,1777024441.638954,60.21,Game,1,Predictable,12.35,0,,,7,,,130,Sound,,,
0,FORT,,1,1777024441.638954,60.23,Game,1,Predictable,12.36,0,,,7,,,130,Sound,,,
0,FORT,,1,1777024441.638954,60.24,Game,1,Predictable,12.37,0,,,7,,,130,Sound,,,
0,FORT,,1,1777024441.638954,60.25,Game,1,Predictable,12.38,0,,,7,,,130,Sound,,,
0,FORT,,1,1777024441.638954,60.26,Game,1,Predictable,12.39,0,,,7,,,130,Sound,,,
0,FORT,,1,1777024441.638954,60.27,Game,1,Predictable,12.4,0,,,7,,,130,Sound,,,
0,FORT,,1,1777024441.638954,60.28,Game,1,Predictable,12.41,0,,,7,,,130,Sound,,,
0,FORT,,1,1777024441.638954,60.3,Game,1,Predictable,12.42,0,,,7,,,130,Sound,,,
0,FORT,,1,1777024441.638954,60.3,Game,1,Predictable,12.44,0,,,7,,,130,Sound,,,
0,FORT,,1,1777024441.638954,60.33,Game,1,Predictable,12.44,0,,,7,,,130,Sound,,,
0,FORT,,1,1777024441.638954,60.35,Game,1,Predictable,12.47,0,,,8,,,130,Sound,,,
0,FORT,,1,1777024441.638954,60.35,Game,1,Predictable,12.49,0,,,8,,,130,Sound,,,
0,FORT,,1,1777024441.638954,60.36,Game,1,Predictable,12.5,0,,,8,,,130,Sound,,,
0,FORT,,1,1777024441.638954,60.38,Game,1,Predictable,12.51,0,,,8,,,130,Sound,,,
0,FORT,,1,1777024441.638954,60.39,Game,1,Predictable,12.52,0,,,8,,,130,Sound,,,
0,FORT,,1,1777024441.638954,60.41,Game,1,Predictable,12.53,0,,,8,,,130,Sound,,,
0,FORT,,1,1777024441.638954,60.43,Game,1,Predictable,12.55,0,,,8,,,130,Sound,,,
0,FORT,,1,1777024441.638954,60.44,Game,1,Predictable,12.57,0,,,8,,,130,Sound,,,
0,FORT,,1,1777024441.638954,60.45,Game,1,Predictable,12.58,0,,,8,,,130,Sound,,,
0,FORT,,1,1777024441.638954,60.46,Game,1,Predictable,12.59,0,,,8,,,130,Sound,,,
0,FORT,,1,1777024441.638954,60.47,Game,1,Predictable,12.6,0,,,8,,,130,Sound,,,
0,FORT,,1,1777024441.638954,60.48,Game,1,Predictable,12.61,0,,,8,,,130,Sound,,,
0,FORT,,1,1777024441.638954,60.5,Game,1,Predictable,12.62,0,,,8,,,130,Sound,,,
0,FORT,,1,1777024441.638954,60.5,Game,1,Predictable,12.64,0,,,8,,,130,Sound,,,
0,FORT,,1,1777024441.638954,60.51,Game,1,Predictable,12.65,0,,,8,,,130,Sound,,,
0,FORT,,1,1777024441.638954,60.53,Game,1,Predictable,12.66,0,,,8,,,130,Sound,,,
0,FORT,,1,1777024441.638954,60.54,Game,1,Predictable,12.67,0,,,8,,,130,Sound,,,
0,FORT,,1,1777024441.638954,60.55,Game,1,Predictable,12.68,0,,,8,,,130,Sound,,,
0,FORT,,1,1777024441.638954,60.56,Game,1,Predictable,12.69,0,,,8,,,130,Sound,,,
0,FORT,,1,1777024441.638954,60.57,Game,1,Predictable,12.7,0,,,8,,,130,Sound,,,
0,FORT,,1,1777024441.638954,60.58,Game,1,Predictable,12.71,0,,,8,,,130,Sound,,,
0,FORT,,1,1777024441.638954,60.6,Game,1,Predictable,12.72,0,,,8,,,130,Sound,,,
0,FORT,,1,1777024441.638954,60.6,Game,1,Predictable,12.74,0,,,8,,,130,Sound,,,
0,FORT,,1,1777024441.638954,60.61,Game,1,Predictable,12.75,0,,,8,,,130,Sound,,,
0,FORT,,1,1777024441.638954,60.63,Game,1,Predictable,12.76,0,,,8,,,130,Sound,,,
0,FORT,,1,1777024441.638954,60.64,Game,1,Predictable,12.77,0,,,8,,,130,Sound,,,
0,FORT,,1,1777024441.638954,60.66,Game,1,Predictable,12.78,0,,,8,,,130,Sound,,,
0,FORT,,1,1777024441.638954,60.68,Game,1,Predictable,12.8,0,,,8,,,130,Sound,,,
0,FORT,,1,1777024441.638954,60.69,Game,1,Predictable,12.82,0,,,8,,,130,Sound,,,
0,FORT,,1,1777024441.638954,60.7,Game,1,Predictable,12.83,0,,,8,,,130,Sound,,,
0,FORT,,1,1777024441.638954,60.71,Game,1,Predictable,12.84,0,,,8,,,130,Sound,,,
0,FORT,,1,1777024441.638954,60.72,Game,1,Predictable,12.85,0,,,8,,,130,Sound,,,
0,FORT,,1,1777024441.638954,60.73,Game,1,Predictable,12.86,0,,,8,,,130,Sound,,,
0,FORT,,1,1777024441.638954,60.75,Game,1,Predictable,12.87,0,,,8,,,130,Sound,,,
0,FORT,,1,1777024441.638954,60.75,Game,1,Predictable,12.89,0,,,8,,,130,Sound,,,
0,FORT,,1,1777024441.638954,60.76,Game,1,Predictable,12.9,0,,,8,,,130,Sound,,,
0,FORT,,1,1777024441.638954,60.78,Game,1,Predictable,12.91,0,,,8,,,130,Sound,,,
0,FORT,,1,1777024441.638954,60.79,Game,1,Predictable,12.92,0,,,8,,,130,Sound,,,
0,FORT,,1,1777024441.638954,60.8,Game,1,Predictable,12.93,0,,,8,,,130,Sound,,,
0,FORT,,1,1777024441.638954,60.81,Game,1,Predictable,12.94,0,,,8,,,130,Sound,,,
0,FORT,,1,1777024441.638954,60.82,Game,1,Predictable,12.95,0,,,7,,,130,Sound,,,
0,FORT,,1,1777024441.638954,60.83,Game,1,Predictable,12.96,0,,,7,,,130,Sound,,,
0,FORT,,1,1777024441.638954,60.85,Game,1,Predictable,12.97,0,,,7,,,130,Sound,,,
0,FORT,,1,1777024441.638954,60.85,Game,1,Predictable,12.99,0,,,7,,,130,Sound,,,
0,FORT,,1,1777024441.638954,60.86,Game,1,Predictable,13.0,0,,,7,,,130,Sound,,,
0,FORT,,1,1777024441.638954,60.88,Game,1,Predictable,13.01,0,,,7,,,130,Sound,,,
0,FORT,,1,1777024441.638954,61.18,Game,1,Predictable,13.02,0,1,,7,,,131,Sound,,,
0,FORT,,1,1777024441.638954,61.24,Game,1,Predictable,13.02,0,1,,7,,,131,Sound,,,
0,FORT,,1,1777024441.638954,61.29,Game,1,Predictable,13.02,0,1,,7,,,131,Sound,,,
0,FORT,,1,1777024441.638954,61.35,Game,1,Predictable,13.02,0,1,,7,,,131,Sound,,,
0,FORT,,1,1777024441.638954,61.4,Game,1,Predictable,13.02,0,1,,7,,,131,Sound,,,
0,FORT,,1,1777024441.638954,61.45,Game,1,Predictable,13.02,0,1,,7,,,131,Sound,,,
0,FORT,,1,1777024441.638954,61.51,Game,1,Predictable,13.02,0,1,,7,,,131,Sound,,,
0,FORT,,1,1777024441.638954,61.56,Game,1,Predictable,13.02,0,1,,7,,,131,Sound,,,
0,FORT,,1,1777024441.638954,61.62,Game,1,Predictable,13.02,0,1,,7,,,131,Sound,,,
0,FORT,,1,1777024441.638954,61.67,Game,1,Predictable,13.02,0,1,,7,,,131,Sound,,,
0,FORT,,1,1777024441.638954,61.73,Game,1,Predictable,13.02,0,1,,7,,,131,Sound,,,
0,FORT,,1,1777024441.638954,61.78,Game,1,Predictable,13.02,0,1,,7,,,131,Sound,,,
0,FORT,,1,1777024441.638954,61.84,Game,1,Predictable,13.02,0,1,,7,,,131,Sound,,,
0,FORT,,1,1777024441.638954,61.89,Game,1,Predictable,13.02,0,1,,7,,,131,Sound,,,
0,FORT,,1,1777024441.638954,61.95,Game,1,Predictable,13.02,0,1,,7,,,131,Sound,,,
0,FORT,,1,1777024441.638954,62.0,Game,1,Predictable,13.02,0,1,,7,,,131,Sound,,,
0,FORT,,1,1777024441.638954,62.06,Game,1,Predictable,13.02,0,1,,7,,,131,Sound,,,
0,FORT,,1,1777024441.638954,62.11,Game,1,Predictable,13.02,0,1,,7,,,131,Sound,,,
0,FORT,,1,1777024441.638954,62.17,Game,1,Predictable,13.02,0,1,,7,,,131,Sound,,,
0,FORT,,1,1777024441.638954,62.23,Game,1,Predictable,13.02,0,,,5,,,130,Sound,,,
0,FORT,,1,1777024441.638954,62.24,Game,1,Predictable,14.37,0,,,5,,,130,Sound,,,
0,FORT,,1,1777024441.638954,62.25,Game,1,Predictable,14.38,0,,,4,,,130,Sound,,,
0,FORT,,1,1777024441.638954,62.26,Game,1,Predictable,14.39,0,,,4,,,130,Sound,,,
0,FORT,,1,1777024441.638954,62.27,Game,1,Predictable,14.4,0,,,4,,,130,Sound,,,
0,FORT,,1,1777024441.638954,62.28,Game,1,Predictable,14.41,0,,,4,,,130,Sound,,,
0,FORT,,1,1777024441.638954,62.29,Game,1,Predictable,14.42,0,,,4,,,130,Sound,,,
0,FORT,,1,1777024441.638954,62.3,Game,1,Predictable,14.43,0,,,4,,,130,Sound,,,
0,FORT,,1,1777024441.638954,62.3,Game,1,Predictable,14.44,0,,,4,,,130,Sound,,,
0,FORT,,1,1777024441.638954,62.31,Game,1,Predictable,14.44,0,,,4,,,130,Sound,,,
0,FORT,,1,1777024441.638954,62.32,Game,1,Predictable,14.45,0,,,4,,,130,Sound,,,
0,FORT,,1,1777024441.638954,62.33,Game,1,Predictable,14.46,0,,,4,,,130,Sound,,,
0,FORT,,1,1777024441.638954,62.34,Game,1,Predictable,14.47,0,,,4,,,130,Sound,,,
0,FORT,,1,1777024441.638954,62.35,Game,1,Predictable,14.48,0,,,4,,,130,Sound,,,
0,FORT,,1,1777024441.638954,62.35,Game,1,Predictable,14.49,0,,,4,,,130,Sound,,,
0,FORT,,1,1777024441.638954,62.36,Game,1,Predictable,14.49,0,,,4,,,130,Sound,,,
0,FORT,,1,1777024441.638954,62.37,Game,1,Predictable,14.5,0,,,4,,,130,Sound,,,
0,FORT,,1,1777024441.638954,62.38,Game,1,Predictable,14.51,0,,,4,,,130,Sound,,,
0,FORT,,1,1777024441.638954,62.39,Game,1,Predictable,14.52,0,,,4,,,130,Sound,,,
0,FORT,,1,1777024441.638954,62.4,Game,1,Predictable,14.53,0,,,4,,,130,Sound,,,
0,FORT,,1,1777024441.638954,62.4,Game,1,Predictable,14.54,0,,,4,,,130,Sound,,,
0,FORT,,1,1777024441.638954,62.41,Game,1,Predictable,14.54,0,,,4,,,130,Sound,,,
0,FORT,,1,1777024441.638954,62.42,Game,1,Predictable,14.55,0,,,4,,,130,Sound,,,
0,FORT,,1,1777024441.638954,62.43,Game,1,Predictable,14.56,0,,,4,,,130,Sound,,,
0,FORT,,1,1777024441.638954,62.44,Game,1,Predictable,14.57,0,,,4,,,130,Sound,,,
0,FORT,,1,1777024441.638954,62.45,Game,1,Predictable,14.58,0,,,4,,,130,Sound,,,
0,FORT,,1,1777024441.638954,62.45,Game,1,Predictable,14.59,0,,,4,,,130,Sound,,,
0,FORT,,1,1777024441.638954,62.46,Game,1,Predictable,14.59,0,,,4,,,130,Sound,,,
0,FORT,,1,1777024441.638954,62.47,Game,1,Predictable,14.6,0,,,4,,,130,Sound,,,
0,FORT,,1,1777024441.638954,62.48,Game,1,Predictable,14.61,0,,,4,,,130,Sound,,,
0,FORT,,1,1777024441.638954,62.49,Game,1,Predictable,14.62,0,,,4,,,130,Sound,,,
0,FORT,,1,1777024441.638954,62.5,Game,1,Predictable,14.63,0,,,4,,,130,Sound,,,
0,FORT,,1,1777024441.638954,62.5,Game,1,Predictable,14.64,0,,,4,,,130,Sound,,,
0,FORT,,1,1777024441.638954,62.51,Game,1,Predictable,14.64,0,,,4,,,130,Sound,,,
0,FORT,,1,1777024441.638954,62.52,Game,1,Predictable,14.65,0,,,4,,,130,Sound,,,
0,FORT,,1,1777024441.638954,62.53,Game,1,Predictable,14.66,0,,,4,,,130,Sound,,,
0,FORT,,1,1777024441.638954,62.54,Game,1,Predictable,14.67,0,,,4,,,130,Sound,,,
0,FORT,,1,1777024441.638954,62.55,Game,1,Predictable,14.68,0,,,4,,,130,Sound,,,
0,FORT,,1,1777024441.638954,62.55,Game,1,Predictable,14.69,0,,,4,,,130,Sound,,,
0,FORT,,1,1777024441.638954,62.56,Game,1,Predictable,14.69,0,,,4,,,130,Sound,,,
0,FORT,,1,1777024441.638954,62.57,Game,1,Predictable,14.7,0,,,4,,,130,Sound,,,
0,FORT,,1,1777024441.638954,62.58,Game,1,Predictable,14.71,0,,,4,,,130,Sound,,,
0,FORT,,1,1777024441.638954,62.59,Game,1,Predictable,14.72,0,,,4,,,130,Sound,,,
0,FORT,,1,1777024441.638954,62.6,Game,1,Predictable,14.73,0,,,4,,,130,Sound,,,
0,FORT,,1,1777024441.638954,62.6,Game,1,Predictable,14.74,0,,,4,,,130,Sound,,,
0,FORT,,1,1777024441.638954,62.61,Game,1,Predictable,14.74,0,,,4,,,130,Sound,,,
0,FORT,,1,1777024441.638954,62.62,Game,1,Predictable,14.75,0,,,4,,,130,Sound,,,
0,FORT,,1,1777024441.638954,62.63,Game,1,Predictable,14.76,0,,,4,,,130,Sound,,,
0,FORT,,1,1777024441.638954,62.64,Game,1,Predictable,14.77,0,,,4,,,130,Sound,,,
0,FORT,,1,1777024441.638954,62.65,Game,1,Predictable,14.78,0,,,4,,,130,Sound,,,
0,FORT,,1,1777024441.638954,62.65,Game,1,Predictable,14.79,0,,,4,,,130,Sound,,,
0,FORT,,1,1777024441.638954,62.66,Game,1,Predictable,14.79,0,,,4,,,130,Sound,,,
0,FORT,,1,1777024441.638954,62.67,Game,1,Predictable,14.8,0,,,4,,,130,Sound,,,
0,FORT,,1,1777024441.638954,62.68,Game,1,Predictable,14.81,0,,,4,,,130,Sound,,,
0,FORT,,1,1777024441.638954,62.69,Game,1,Predictable,14.82,0,,,4,,,130,Sound,,,
0,FORT,,1,1777024441.638954,62.7,Game,1,Predictable,14.83,0,,,4,,,130,Sound,,,
0,FORT,,1,1777024441.638954,62.7,Game,1,Predictable,14.84,0,,,4,,,130,Sound,,,
0,FORT,,1,1777024441.638954,62.71,Game,1,Predictable,14.84,0,,,4,,,130,Sound,,,
0,FORT,,1,1777024441.638954,62.72,Game,1,Predictable,14.85,0,,,4,,,130,Sound,,,
0,FORT,,1,1777024441.638954,62.73,Game,1,Predictable,14.86,0,,,4,,,130,Sound,,,
0,FORT,,1,1777024441.638954,62.74,Game,1,Predictable,14.87,0,,,4,,,130,Sound,,,
0,FORT,,1,1777024441.638954,62.75,Game,1,Predictable,14.88,0,,,4,,,130,Sound,,,
0,FORT,,1,1777024441.638954,62.76,Game,1,Predictable,14.89,0,,,4,,,130,Sound,,,
0,FORT,,1,1777024441.638954,62.77,Game,1,Predictable,14.9,0,,,4,,,130,Sound,,,
0,FORT,,1,1777024441.638954,62.8,Game,1,Predictable,14.91,0,,,4,,,130,Sound,,,
0,FORT,,1,1777024441.638954,62.81,Game,1,Predictable,14.94,0,,,4,,,130,Sound,,,
0,FORT,,1,1777024441.638954,62.82,Game,1,Predictable,14.95,0,,,4,,,130,Sound,,,
0,FORT,,1,1777024441.638954,62.83,Game,1,Predictable,14.96,0,,,4,,,130,Sound,,,
0,FORT,,1,1777024441.638954,62.84,Game,1,Predictable,14.97,0,,,4,,,130,Sound,,,
0,FORT,,1,1777024441.638954,62.85,Game,1,Predictable,14.98,0,,,4,,,130,Sound,,,
0,FORT,,1,1777024441.638954,62.85,Game,1,Predictable,14.99,0,,,4,,,130,Sound,,,
0,FORT,,1,1777024441.638954,62.86,Game,1,Predictable,14.99,0,,,4,,,130,Sound,,,
0,FORT,,1,1777024441.638954,62.87,Game,1,Predictable,15.0,0,,,4,,,130,Sound,,,
0,FORT,,1,1777024441.638954,62.88,Game,1,Predictable,15.01,0,,,3,,,130,Sound,,,
0,FORT,,1,1777024441.638954,62.9,Game,1,Predictable,15.02,0,,,3,,,130,Sound,,,
0,FORT,,1,1777024441.638954,62.9,Game,1,Predictable,15.04,0,,,3,,,130,Sound,,,
0,FORT,,1,1777024441.638954,62.91,Game,1,Predictable,15.04,0,,,3,,,130,Sound,,,
0,FORT,,1,1777024441.638954,62.92,Game,1,Predictable,15.05,0,,,3,,,130,Sound,,,
0,FORT,,1,1777024441.638954,62.93,Game,1,Predictable,15.06,0,,,3,,,130,Sound,,,
0,FORT,,1,1777024441.638954,62.94,Game,1,Predictable,15.07,0,,,3,,,130,Sound,,,
0,FORT,,1,1777024441.638954,62.95,Game,1,Predictable,15.08,0,,,3,,,130,Sound,,,
0,FORT,,1,1777024441.638954,62.95,Game,1,Predictable,15.09,0,,,3,,,130,Sound,,,
0,FORT,,1,1777024441.638954,62.96,Game,1,Predictable,15.09,0,,,3,,,130,Sound,,,
0,FORT,,1,1777024441.638954,62.97,Game,1,Predictable,15.1,0,,,3,,,130,Sound,,,
0,FORT,,1,1777024441.638954,62.98,Game,1,Predictable,15.11,0,,,3,,,130,Sound,,,
0,FORT,,1,1777024441.638954,62.99,Game,1,Predictable,15.12,0,,,3,,,130,Sound,,,
0,FORT,,1,1777024441.638954,63.0,Game,1,Predictable,15.13,0,,,3,,,130,Sound,,,
0,FORT,,1,1777024441.638954,63.0,Game,1,Predictable,15.14,0,,,3,,,130,Sound,,,
0,FORT,,1,1777024441.638954,63.01,Game,1,Predictable,15.14,0,,,3,,,130,Sound,,,
0,FORT,,1,1777024441.638954,63.02,Game,1,Predictable,15.15,0,,,3,,,130,Sound,,,
0,FORT,,1,1777024441.638954,63.03,Game,1,Predictable,15.16,0,,,3,,,130,Sound,,,
0,FORT,,1,1777024441.638954,63.04,Game,1,Predictable,15.17,0,,,3,,,130,Sound,,,
0,FORT,,1,1777024441.638954,63.05,Game,1,Predictable,15.18,0,,,3,,,130,Sound,,,
0,FORT,,1,1777024441.638954,63.05,Game,1,Predictable,15.19,0,,,3,,,130,Sound,,,
0,FORT,,1,1777024441.638954,63.06,Game,1,Predictable,15.19,0,,,3,,,130,Sound,,,
0,FORT,,1,1777024441.638954,63.07,Game,1,Predictable,15.2,0,,,3,,,130,Sound,,,
0,FORT,,1,1777024441.638954,63.1,Game,1,Predictable,15.21,0,,,3,,,130,Sound,,,
0,FORT,,1,1777024441.638954,63.11,Game,1,Predictable,15.24,0,,,3,,,130,Sound,,,
0,FORT,,1,1777024441.638954,63.12,Game,1,Predictable,15.25,0,,,3,,,130,Sound,,,
0,FORT,,1,1777024441.638954,63.13,Game,1,Predictable,15.26,0,,,3,,,130,Sound,,,
0,FORT,,1,1777024441.638954,63.14,Game,1,Predictable,15.27,0,,,3,,,130,Sound,,,
0,FORT,,1,1777024441.638954,63.15,Game,1,Predictable,15.28,0,,,3,,,130,Sound,,,
0,FORT,,1,1777024441.638954,63.15,Game,1,Predictable,15.29,0,,,3,,,130,Sound,,,
0,FORT,,1,1777024441.638954,63.16,Game,1,Predictable,15.29,0,,,3,,,130,Sound,,,
0,FORT,,1,1777024441.638954,63.17,Game,1,Predictable,15.3,0,,,3,,,130,Sound,,,
0,FORT,,1,1777024441.638954,63.18,Game,1,Predictable,15.31,0,,,3,,,130,Sound,,,
0,FORT,,1,1777024441.638954,63.19,Game,1,Predictable,15.32,0,,,3,,,130,Sound,,,
0,FORT,,1,1777024441.638954,63.2,Game,1,Predictable,15.33,0,,,3,,,130,Sound,,,
0,FORT,,1,1777024441.638954,63.2,Game,1,Predictable,15.34,0,,,3,,,130,Sound,,,
0,FORT,,1,1777024441.638954,63.21,Game,1,Predictable,15.34,0,,,3,,,130,Sound,,,
0,FORT,,1,1777024441.638954,63.22,Game,1,Predictable,15.35,0,,,3,,,130,Sound,,,
0,FORT,,1,1777024441.638954,63.23,Game,1,Predictable,15.36,0,,,3,,,130,Sound,,,
0,FORT,,1,1777024441.638954,63.24,Game,1,Predictable,15.37,0,,,3,,,130,Sound,,,
0,FORT,,1,1777024441.638954,63.25,Game,1,Predictable,15.38,0,,,3,,,130,Sound,,,
0,FORT,,1,1777024441.638954,63.25,Game,1,Predictable,15.39,0,,,3,,,130,Sound,,,
0,FORT,,1,1777024441.638954,63.26,Game,1,Predictable,15.39,0,,,3,,,130,Sound,,,
0,FORT,,1,1777024441.638954,63.27,Game,1,Predictable,15.4,0,,,3,,,130,Sound,,,
0,FORT,,1,1777024441.638954,63.28,Game,1,Predictable,15.41,0,,,3,,,130,Sound,,,
0,FORT,,1,1777024441.638954,63.29,Game,1,Predictable,15.42,0,,,3,,,130,Sound,,,
0,FORT,,1,1777024441.638954,63.3,Game,1,Predictable,15.43,0,,,3,,,130,Sound,,,
0,FORT,,1,1777024441.638954,63.3,Game,1,Predictable,15.44,0,,,3,,,130,Sound,,,
0,FORT,,1,1777024441.638954,63.31,Game,1,Predictable,15.44,0,,,3,,,130,Sound,,,
0,FORT,,1,1777024441.638954,63.32,Game,1,Predictable,15.45,0,,,3,,,130,Sound,,,
0,FORT,,1,1777024441.638954,63.33,Game,1,Predictable,15.46,0,,,3,,,130,Sound,,,
0,FORT,,1,1777024441.638954,63.34,Game,1,Predictable,15.47,0,,,3,,,130,Sound,,,
0,FORT,,1,1777024441.638954,63.35,Game,1,Predictable,15.48,0,,,3,,,130,Sound,,,
0,FORT,,1,1777024441.638954,63.35,Game,1,Predictable,15.49,0,,,3,,,130,Sound,,,
0,FORT,,1,1777024441.638954,63.36,Game,1,Predictable,15.49,0,,,3,,,130,Sound,,,
0,FORT,,1,1777024441.638954,63.37,Game,1,Predictable,15.5,0,,,3,,,130,Sound,,,
0,FORT,,1,1777024441.638954,63.38,Game,1,Predictable,15.51,0,,,3,,,130,Sound,,,
0,FORT,,1,1777024441.638954,63.39,Game,1,Predictable,15.52,0,,,3,,,130,Sound,,,
0,FORT,,1,1777024441.638954,63.4,Game,1,Predictable,15.53,0,,,3,,,130,Sound,,,
0,FORT,,1,1777024441.638954,63.4,Game,1,Predictable,15.54,0,,,3,,,130,Sound,,,
0,FORT,,1,1777024441.638954,63.41,Game,1,Predictable,15.54,0,,,3,,,130,Sound,,,
0,FORT,,1,1777024441.638954,63.42,Game,1,Predictable,15.55,0,,,3,,,130,Sound,,,
0,FORT,,1,1777024441.638954,63.43,Game,1,Predictable,15.56,0,,,3,,,130,Sound,,,
0,FORT,,1,1777024441.638954,63.44,Game,1,Predictable,15.57,0,,,3,,,130,Sound,,,
0,FORT,,1,1777024441.638954,63.45,Game,1,Predictable,15.58,0,,,3,,,130,Sound,,,
0,FORT,,1,1777024441.638954,63.45,Game,1,Predictable,15.59,0,,,3,,,130,Sound,,,
0,FORT,,1,1777024441.638954,63.48,Game,1,Predictable,15.59,0,,,3,,,130,Sound,,,
0,FORT,,1,1777024441.638954,63.5,Game,1,Predictable,15.62,0,,,3,,,130,Sound,,,
0,FORT,,1,1777024441.638954,63.5,Game,1,Predictable,15.64,0,,,3,,,130,Sound,,,
0,FORT,,1,1777024441.638954,63.51,Game,1,Predictable,15.64,0,,,3,,,130,Sound,,,
0,FORT,,1,1777024441.638954,63.52,Game,1,Predictable,15.65,0,,,3,,,130,Sound,,,
0,FORT,,1,1777024441.638954,63.53,Game,1,Predictable,15.66,0,,,3,,,130,Sound,,,
0,FORT,,1,1777024441.638954,63.54,Game,1,Predictable,15.67,0,,,3,,,130,Sound,,,
0,FORT,,1,1777024441.638954,63.55,Game,1,Predictable,15.68,0,,,3,,,130,Sound,,,
0,FORT,,1,1777024441.638954,63.55,Game,1,Predictable,15.69,0,,,3,,,130,Sound,,,
0,FORT,,1,1777024441.638954,63.56,Game,1,Predictable,15.69,0,,,3,,,130,Sound,,,
0,FORT,,1,1777024441.638954,63.57,Game,1,Predictable,15.7,0,,,3,,,130,Sound,,,
0,FORT,,1,1777024441.638954,63.58,Game,1,Predictable,15.71,0,,,3,,,130,Sound,,,
0,FORT,,1,1777024441.638954,63.59,Game,1,Predictable,15.72,0,,,3,,,130,Sound,,,
0,FORT,,1,1777024441.638954,63.6,Game,1,Predictable,15.73,0,,,3,,,130,Sound,,,
0,FORT,,1,1777024441.638954,63.6,Game,1,Predictable,15.74,0,,,3,,,130,Sound,,,
0,FORT,,1,1777024441.638954,63.63,Game,1,Predictable,15.74,0,,,3,,,130,Sound,,,
0,FORT,,1,1777024441.638954,63.65,Game,1,Predictable,15.77,0,,,3,,,130,Sound,,,
0,FORT,,1,1777024441.638954,63.65,Game,1,Predictable,15.79,0,,,3,,,130,Sound,,,
0,FORT,,1,1777024441.638954,63.66,Game,1,Predictable,15.79,0,,,3,,,130,Sound,,,
0,FORT,,1,1777024441.638954,63.67,Game,1,Predictable,15.8,0,,,3,,,130,Sound,,,
0,FORT,,1,1777024441.638954,63.68,Game,1,Predictable,15.81,0,,,3,,,130,Sound,,,
0,FORT,,1,1777024441.638954,63.69,Game,1,Predictable,15.82,0,,,3,,,130,Sound,,,
0,FORT,,1,1777024441.638954,63.7,Game,1,Predictable,15.83,0,,,3,,,130,Sound,,,
0,FORT,,1,1777024441.638954,63.7,Game,1,Predictable,15.84,0,,,3,,,130,Sound,,,
0,FORT,,1,1777024441.638954,63.71,Game,1,Predictable,15.84,0,,,3,,,130,Sound,,,
0,FORT,,1,1777024441.638954,63.72,Game,1,Predictable,15.85,0,,,3,,,130,Sound,,,
0,FORT,,1,1777024441.638954,63.75,Game,1,Predictable,15.86,0,,,3,,,130,Sound,,,
0,FORT,,1,1777024441.638954,63.76,Game,1,Predictable,15.89,0,,,3,,,130,Sound,,,
0,FORT,,1,1777024441.638954,63.77,Game,1,Predictable,15.9,0,,,3,,,130,Sound,,,
0,FORT,,1,1777024441.638954,63.8,Game,1,Predictable,15.91,0,,,3,,,130,Sound,,,
0,FORT,,1,1777024441.638954,63.81,Game,1,Predictable,15.94,0,,,3,,,130,Sound,,,
0,FORT,,1,1777024441.638954,63.82,Game,1,Predictable,15.95,0,,,3,,,130,Sound,,,
0,FORT,,1,1777024441.638954,63.85,Game,1,Predictable,15.96,0,,,3,,,130,Sound,,,
0,FORT,,1,1777024441.638954,63.86,Game,1,Predictable,15.99,0,,,3,,,130,Sound,,,
0,FORT,,1,1777024441.638954,63.87,Game,1,Predictable,16.0,0,,,3,,,130,Sound,,,
0,FORT,,1,1777024441.638954,63.88,Game,1,Predictable,16.01,0,,,3,,,130,Sound,,,
0,FORT,,1,1777024441.638954,63.9,Game,1,Predictable,16.02,0,,,3,,,130,Sound,,,
0,FORT,,1,1777024441.638954,63.9,Game,1,Predictable,16.04,0,,,3,,,130,Sound,,,
0,FORT,,1,1777024441.638954,63.93,Game,1,Predictable,16.04,0,,,3,,,130,Sound,,,
0,FORT,,1,1777024441.638954,63.95,Game,1,Predictable,16.07,0,,,3,,,130,Sound,,,
0,FORT,,1,1777024441.638954,63.95,Game,1,Predictable,16.09,0,,,3,,,130,Sound,,,
0,FORT,,1,1777024441.638954,63.96,Game,1,Predictable,16.09,0,,,3,,,130,Sound,,,
0,FORT,,1,1777024441.638954,63.97,Game,1,Predictable,16.1,0,,,3,,,130,Sound,,,
0,FORT,,1,1777024441.638954,63.98,Game,1,Predictable,16.11,0,,,3,,,130,Sound,,,
0,FORT,,1,1777024441.638954,63.99,Game,1,Predictable,16.12,0,,,3,,,130,Sound,,,
0,FORT,,1,1777024441.638954,64.0,Game,1,Predictable,16.13,0,,,3,,,130,Sound,,,
0,FORT,,1,1777024441.638954,64.0,Game,1,Predictable,16.14,0,,,3,,,130,Sound,,,
0,FORT,,1,1777024441.638954,64.03,Game,1,Predictable,16.14,0,,,3,,,130,Sound,,,
0,FORT,,1,1777024441.638954,64.05,Game,1,Predictable,16.17,0,,,3,,,130,Sound,,,
0,FORT,,1,1777024441.638954,64.05,Game,1,Predictable,16.19,0,,,3,,,130,Sound,,,
0,FORT,,1,1777024441.638954,64.08,Game,1,Predictable,16.19,0,,,3,,,130,Sound,,,
0,FORT,,1,1777024441.638954,64.1,Game,1,Predictable,16.22,0,,,3,,,130,Sound,,,
0,FORT,,1,1777024441.638954,64.1,Game,1,Predictable,16.24,0,,,3,,,130,Sound,,,
0,FORT,,1,1777024441.638954,64.13,Game,1,Predictable,16.24,0,,,3,,,130,Sound,,,
0,FORT,,1,1777024441.638954,64.14,Game,1,Predictable,16.27,0,,,3,,,130,Sound,,,
0,FORT,,1,1777024441.638954,64.15,Game,1,Predictable,16.29,0,,,3,,,130,Sound,,,
0,FORT,,1,1777024441.638954,64.16,Game,1,Predictable,16.29,0,,,3,,,130,Sound,,,
0,FORT,,1,1777024441.638954,64.17,Game,1,Predictable,16.3,0,,,3,,,130,Sound,,,
0,FORT,,1,1777024441.638954,64.2,Game,1,Predictable,16.31,0,,,3,,,130,Sound,,,
0,FORT,,1,1777024441.638954,64.21,Game,1,Predictable,16.34,0,,,3,,,130,Sound,,,
0,FORT,,1,1777024441.638954,64.22,Game,1,Predictable,16.35,0,,,3,,,130,Sound,,,
0,FORT,,1,1777024441.638954,64.23,Game,1,Predictable,16.36,0,,,3,,,130,Sound,,,
0,FORT,,1,1777024441.638954,64.25,Game,1,Predictable,16.37,0,,,3,,,130,Sound,,,
0,FORT,,1,1777024441.638954,64.25,Game,1,Predictable,16.39,0,,,3,,,130,Sound,,,
0,FORT,,1,1777024441.638954,64.28,Game,1,Predictable,16.39,0,,,3,,,130,Sound,,,
0,FORT,,1,1777024441.638954,64.3,Game,1,Predictable,16.42,0,,,3,,,130,Sound,,,
0,FORT,,1,1777024441.638954,64.3,Game,1,Predictable,16.44,0,,,3,,,130,Sound,,,
0,FORT,,1,1777024441.638954,64.31,Game,1,Predictable,16.44,0,,,3,,,130,Sound,,,
0,FORT,,1,1777024441.638954,64.32,Game,1,Predictable,16.45,0,,,3,,,130,Sound,,,
0,FORT,,1,1777024441.638954,64.35,Game,1,Predictable,16.46,0,,,3,,,130,Sound,,,
0,FORT,,1,1777024441.638954,64.36,Game,1,Predictable,16.49,0,,,3,,,130,Sound,,,
0,FORT,,1,1777024441.638954,64.37,Game,1,Predictable,16.5,0,,,3,,,130,Sound,,,
0,FORT,,1,1777024441.638954,64.38,Game,1,Predictable,16.51,0,,,3,,,130,Sound,,,
0,FORT,,1,1777024441.638954,64.4,Game,1,Predictable,16.52,0,,,3,,,130,Sound,,,
0,FORT,,1,1777024441.638954,64.4,Game,1,Predictable,16.54,0,,,3,,,130,Sound,,,
0,FORT,,1,1777024441.638954,64.43,Game,1,Predictable,16.54,0,,,3,,,130,Sound,,,
0,FORT,,1,1777024441.638954,64.45,Game,1,Predictable,16.57,0,,,3,,,130,Sound,,,
0,FORT,,1,1777024441.638954,64.45,Game,1,Predictable,16.59,0,,,3,,,130,Sound,,,
0,FORT,,1,1777024441.638954,64.46,Game,1,Predictable,16.59,0,,,3,,,130,Sound,,,
0,FORT,,1,1777024441.638954,64.47,Game,1,Predictable,16.6,0,,,3,,,130,Sound,,,
0,FORT,,1,1777024441.638954,64.5,Game,1,Predictable,16.61,0,,,3,,,130,Sound,,,
0,FORT,,1,1777024441.638954,64.51,Game,1,Predictable,16.64,0,,,3,,,130,Sound,,,
0,FORT,,1,1777024441.638954,64.52,Game,1,Predictable,16.65,0,,,3,,,130,Sound,,,
0,FORT,,1,1777024441.638954,64.55,Game,1,Predictable,16.66,0,,,3,,,130,Sound,,,
0,FORT,,1,1777024441.638954,64.56,Game,1,Predictable,16.69,0,,,3,,,130,Sound,,,
0,FORT,,1,1777024441.638954,64.57,Game,1,Predictable,16.7,0,,,3,,,130,Sound,,,
0,FORT,,1,1777024441.638954,64.6,Game,1,Predictable,16.71,0,,,3,,,130,Sound,,,
0,FORT,,1,1777024441.638954,64.61,Game,1,Predictable,16.74,0,,,3,,,130,Sound,,,
0,FORT,,1,1777024441.638954,64.62,Game,1,Predictable,16.75,0,,,3,,,130,Sound,,,
0,FORT,,1,1777024441.638954,64.63,Game,1,Predictable,16.76,0,,,3,,,130,Sound,,,
0,FORT,,1,1777024441.638954,64.65,Game,1,Predictable,16.77,0,,,3,,,130,Sound,,,
0,FORT,,1,1777024441.638954,64.65,Game,1,Predictable,16.79,0,,,3,,,130,Sound,,,
0,FORT,,1,1777024441.638954,64.68,Game,1,Predictable,16.79,0,,,3,,,130,Sound,,,
0,FORT,,1,1777024441.638954,64.7,Game,1,Predictable,16.82,0,,,3,,,130,Sound,,,
0,FORT,,1,1777024441.638954,64.7,Game,1,Predictable,16.84,0,,,3,,,130,Sound,,,
0,FORT,,1,1777024441.638954,64.71,Game,1,Predictable,16.84,0,,,3,,,130,Sound,,,
0,FORT,,1,1777024441.638954,64.73,Game,1,Predictable,16.85,0,,,3,,,130,Sound,,,
0,FORT,,1,1777024441.638954,64.74,Game,1,Predictable,16.87,0,,,3,,,130,Sound,,,
0,FORT,,1,1777024441.638954,64.76,Game,1,Predictable,16.88,0,,,3,,,130,Sound,,,
0,FORT,,1,1777024441.638954,64.78,Game,1,Predictable,16.9,0,,,3,,,130,Sound,,,
0,FORT,,1,1777024441.638954,64.79,Game,1,Predictable,16.92,0,,,3,,,130,Sound,,,
0,FORT,,1,1777024441.638954,64.81,Game,1,Predictable,16.93,0,,,3,,,130,Sound,,,
0,FORT,,1,1777024441.638954,64.83,Game,1,Predictable,16.95,0,,,3,,,130,Sound,,,
0,FORT,,1,1777024441.638954,64.84,Game,1,Predictable,16.97,0,,,3,,,130,Sound,,,
0,FORT,,1,1777024441.638954,64.85,Game,1,Predictable,16.98,0,,,3,,,130,Sound,,,
0,FORT,,1,1777024441.638954,64.86,Game,1,Predictable,16.99,0,,,3,,,130,Sound,,,
0,FORT,,1,1777024441.638954,64.87,Game,1,Predictable,17.0,0,,,3,,,130,Sound,,,
0,FORT,,1,1777024441.638954,64.9,Game,1,Predictable,17.01,0,,,3,,,130,Sound,,,
0,FORT,,1,1777024441.638954,64.91,Game,1,Predictable,17.04,0,,,3,,,130,Sound,,,
0,FORT,,1,1777024441.638954,64.92,Game,1,Predictable,17.05,0,,,3,,,130,Sound,,,
0,FORT,,1,1777024441.638954,64.93,Game,1,Predictable,17.06,0,,,3,,,130,Sound,,,
0,FORT,,1,1777024441.638954,64.95,Game,1,Predictable,17.07,0,,,3,,,130,Sound,,,
0,FORT,,1,1777024441.638954,64.95,Game,1,Predictable,17.09,0,,,3,,,130,Sound,,,
0,FORT,,1,1777024441.638954,64.96,Game,1,Predictable,17.09,0,,,3,,,130,Sound,,,
0,FORT,,1,1777024441.638954,64.98,Game,1,Predictable,17.11,0,,,3,,,130,Sound,,,
0,FORT,,1,1777024441.638954,64.99,Game,1,Predictable,17.12,0,,,3,,,130,Sound,,,
0,FORT,,1,1777024441.638954,65.0,Game,1,Predictable,17.13,0,,,3,,,130,Sound,,,
0,FORT,,1,1777024441.638954,65.01,Game,1,Predictable,17.14,0,,,3,,,130,Sound,,,
0,FORT,,1,1777024441.638954,65.02,Game,1,Predictable,17.15,0,,,3,,,130,Sound,,,
0,FORT,,1,1777024441.638954,65.05,Game,1,Predictable,17.16,0,,,3,,,130,Sound,,,
0,FORT,,1,1777024441.638954,65.06,Game,1,Predictable,17.19,0,,,3,,,130,Sound,,,
0,FORT,,1,1777024441.638954,65.07,Game,1,Predictable,17.2,0,,,3,,,130,Sound,,,
0,FORT,,1,1777024441.638954,65.1,Game,1,Predictable,17.21,0,,,3,,,130,Sound,,,
0,FORT,,1,1777024441.638954,65.11,Game,1,Predictable,17.24,0,,,3,,,130,Sound,,,
0,FORT,,1,1777024441.638954,65.12,Game,1,Predictable,17.25,0,,,3,,,130,Sound,,,
0,FORT,,1,1777024441.638954,65.13,Game,1,Predictable,17.26,0,,,3,,,130,Sound,,,
0,FORT,,1,1777024441.638954,65.15,Game,1,Predictable,17.27,0,,,3,,,130,Sound,,,
0,FORT,,1,1777024441.638954,65.15,Game,1,Predictable,17.29,0,,,3,,,130,Sound,,,
0,FORT,,1,1777024441.638954,65.18,Game,1,Predictable,17.29,0,,,3,,,130,Sound,,,
0,FORT,,1,1777024441.638954,65.2,Game,1,Predictable,17.32,0,,,3,,,130,Sound,,,
0,FORT,,1,1777024441.638954,65.2,Game,1,Predictable,17.34,0,,,3,,,130,Sound,,,
0,FORT,,1,1777024441.638954,65.21,Game,1,Predictable,17.35,0,,,3,,,130,Sound,,,
0,FORT,,1,1777024441.638954,65.23,Game,1,Predictable,17.35,0,,,3,,,130,Sound,,,
0,FORT,,1,1777024441.638954,65.24,Game,1,Predictable,17.37,0,,,3,,,130,Sound,,,
0,FORT,,1,1777024441.638954,65.26,Game,1,Predictable,17.38,0,,,3,,,130,Sound,,,
0,FORT,,1,1777024441.638954,65.28,Game,1,Predictable,17.4,0,,,3,,,130,Sound,,,
0,FORT,,1,1777024441.638954,65.29,Game,1,Predictable,17.42,0,,,3,,,130,Sound,,,
0,FORT,,1,1777024441.638954,65.3,Game,1,Predictable,17.43,0,,,3,,,130,Sound,,,
0,FORT,,1,1777024441.638954,65.31,Game,1,Predictable,17.44,0,,,3,,,130,Sound,,,
0,FORT,,1,1777024441.638954,65.32,Game,1,Predictable,17.45,0,,,3,,,130,Sound,,,
0,FORT,,1,1777024441.638954,65.33,Game,1,Predictable,17.46,0,,,3,,,130,Sound,,,
0,FORT,,1,1777024441.638954,65.35,Game,1,Predictable,17.47,0,,,3,,,130,Sound,,,
0,FORT,,1,1777024441.638954,65.35,Game,1,Predictable,17.49,0,,,3,,,130,Sound,,,
0,FORT,,1,1777024441.638954,65.38,Game,1,Predictable,17.49,0,,,3,,,130,Sound,,,
0,FORT,,1,1777024441.638954,65.4,Game,1,Predictable,17.52,0,,,3,,,130,Sound,,,
0,FORT,,1,1777024441.638954,65.4,Game,1,Predictable,17.54,0,,,3,,,130,Sound,,,
0,FORT,,1,1777024441.638954,65.41,Game,1,Predictable,17.55,0,,,3,,,130,Sound,,,
0,FORT,,1,1777024441.638954,65.43,Game,1,Predictable,17.56,0,,,3,,,130,Sound,,,
0,FORT,,1,1777024441.638954,65.44,Game,1,Predictable,17.57,0,,,3,,,130,Sound,,,
0,FORT,,1,1777024441.638954,65.46,Game,1,Predictable,17.58,0,,,3,,,130,Sound,,,
0,FORT,,1,1777024441.638954,65.48,Game,1,Predictable,17.6,0,,,3,,,130,Sound,,,
0,FORT,,1,1777024441.638954,65.49,Game,1,Predictable,17.62,0,,,3,,,130,Sound,,,
0,FORT,,1,1777024441.638954,65.51,Game,1,Predictable,17.63,0,,,3,,,130,Sound,,,
0,FORT,,1,1777024441.638954,65.53,Game,1,Predictable,17.65,0,,,3,,,130,Sound,,,
0,FORT,,1,1777024441.638954,65.54,Game,1,Predictable,17.67,0,,,3,,,130,Sound,,,
0,FORT,,1,1777024441.638954,65.55,Game,1,Predictable,17.68,0,,,3,,,130,Sound,,,
0,FORT,,1,1777024441.638954,65.56,Game,1,Predictable,17.69,0,,,3,,,130,Sound,,,
0,FORT,,1,1777024441.638954,65.57,Game,1,Predictable,17.7,0,,,3,,,130,Sound,,,
0,FORT,,1,1777024441.638954,65.6,Game,1,Predictable,17.71,0,,,3,,,130,Sound,,,
0,FORT,,1,1777024441.638954,65.61,Game,1,Predictable,17.74,0,,,3,,,130,Sound,,,
0,FORT,,1,1777024441.638954,65.62,Game,1,Predictable,17.75,0,,,3,,,130,Sound,,,
0,FORT,,1,1777024441.638954,65.63,Game,1,Predictable,17.76,0,,,3,,,130,Sound,,,
0,FORT,,1,1777024441.638954,65.65,Game,1,Predictable,17.77,0,,,3,,,130,Sound,,,
0,FORT,,1,1777024441.638954,65.65,Game,1,Predictable,17.79,0,,,3,,,130,Sound,,,
0,FORT,,1,1777024441.638954,65.66,Game,1,Predictable,17.8,0,,,3,,,130,Sound,,,
0,FORT,,1,1777024441.638954,65.68,Game,1,Predictable,17.81,0,,,3,,,130,Sound,,,
0,FORT,,1,1777024441.638954,65.69,Game,1,Predictable,17.82,0,,,3,,,130,Sound,,,
0,FORT,,1,1777024441.638954,65.71,Game,1,Predictable,17.83,0,,,3,,,130,Sound,,,
0,FORT,,1,1777024441.638954,65.73,Game,1,Predictable,17.85,0,,,3,,,130,Sound,,,
0,FORT,,1,1777024441.638954,65.74,Game,1,Predictable,17.87,0,,,3,,,130,Sound,,,
0,FORT,,1,1777024441.638954,65.75,Game,1,Predictable,17.88,0,,,3,,,130,Sound,,,
0,FORT,,1,1777024441.638954,65.76,Game,1,Predictable,17.89,0,,,3,,,130,Sound,,,
0,FORT,,1,1777024441.638954,65.77,Game,1,Predictable,17.9,0,,,3,,,130,Sound,,,
0,FORT,,1,1777024441.638954,65.8,Game,1,Predictable,17.91,0,,,3,,,130,Sound,,,
0,FORT,,1,1777024441.638954,65.81,Game,1,Predictable,17.94,0,,,3,,,130,Sound,,,
0,FORT,,1,1777024441.638954,65.82,Game,1,Predictable,17.95,0,,,3,,,130,Sound,,,
0,FORT,,1,1777024441.638954,65.83,Game,1,Predictable,17.96,0,,,3,,,130,Sound,,,
0,FORT,,1,1777024441.638954,65.85,Game,1,Predictable,17.97,0,,,3,,,130,Sound,,,
0,FORT,,1,1777024441.638954,65.85,Game,1,Predictable,17.99,0,,,3,,,130,Sound,,,
0,FORT,,1,1777024441.638954,65.86,Game,1,Predictable,18.0,0,,,3,,,130,Sound,,,
0,FORT,,1,1777024441.638954,65.88,Game,1,Predictable,18.01,0,,,3,,,130,Sound,,,
0,FORT,,1,1777024441.638954,65.89,Game,1,Predictable,18.02,0,,,3,,,130,Sound,,,
0,FORT,,1,1777024441.638954,65.9,Game,1,Predictable,18.03,0,,,3,,,130,Sound,,,
0,FORT,,1,1777024441.638954,65.91,Game,1,Predictable,18.04,0,,,3,,,130,Sound,,,
0,FORT,,1,1777024441.638954,65.92,Game,1,Predictable,18.05,0,,,3,,,130,Sound,,,
0,FORT,,1,1777024441.638954,65.93,Game,1,Predictable,18.06,0,,,3,,,130,Sound,,,
0,FORT,,1,1777024441.638954,65.95,Game,1,Predictable,18.07,0,,,3,,,130,Sound,,,
0,FORT,,1,1777024441.638954,65.95,Game,1,Predictable,18.09,0,,,3,,,130,Sound,,,
0,FORT,,1,1777024441.638954,65.96,Game,1,Predictable,18.09,0,,,3,,,130,Sound,,,
0,FORT,,1,1777024441.638954,65.98,Game,1,Predictable,18.11,0,,,3,,,130,Sound,,,
0,FORT,,1,1777024441.638954,65.99,Game,1,Predictable,18.12,0,,,3,,,130,Sound,,,
0,FORT,,1,1777024441.638954,66.0,Game,1,Predictable,18.13,0,,,3,,,130,Sound,,,
0,FORT,,1,1777024441.638954,66.01,Game,1,Predictable,18.14,0,,,3,,,130,Sound,,,
0,FORT,,1,1777024441.638954,66.02,Game,1,Predictable,18.15,0,,,3,,,130,Sound,,,
0,FORT,,1,1777024441.638954,66.03,Game,1,Predictable,18.16,0,,,3,,,130,Sound,,,
0,FORT,,1,1777024441.638954,66.05,Game,1,Predictable,18.17,0,,,3,,,130,Sound,,,
0,FORT,,1,1777024441.638954,66.05,Game,1,Predictable,18.19,0,,,3,,,130,Sound,,,
0,FORT,,1,1777024441.638954,66.06,Game,1,Predictable,18.19,0,,,3,,,130,Sound,,,
0,FORT,,1,1777024441.638954,66.08,Game,1,Predictable,18.21,0,,,3,,,130,Sound,,,
0,FORT,,1,1777024441.638954,66.09,Game,1,Predictable,18.22,0,,,3,,,130,Sound,,,
0,FORT,,1,1777024441.638954,66.1,Game,1,Predictable,18.23,0,,,3,,,130,Sound,,,
0,FORT,,1,1777024441.638954,66.11,Game,1,Predictable,18.24,0,,,3,,,130,Sound,,,
0,FORT,,1,1777024441.638954,66.12,Game,1,Predictable,18.25,0,,,3,,,130,Sound,,,
0,FORT,,1,1777024441.638954,66.13,Game,1,Predictable,18.26,0,,,3,,,130,Sound,,,
0,FORT,,1,1777024441.638954,66.15,Game,1,Predictable,18.27,0,,,3,,,130,Sound,,,
0,FORT,,1,1777024441.638954,66.15,Game,1,Predictable,18.29,0,,,3,,,130,Sound,,,
0,FORT,,1,1777024441.638954,66.16,Game,1,Predictable,18.3,0,,,3,,,130,Sound,,,
0,FORT,,1,1777024441.638954,66.18,Game,1,Predictable,18.31,0,,,3,,,130,Sound,,,
0,FORT,,1,1777024441.638954,66.19,Game,1,Predictable,18.32,0,,,3,,,130,Sound,,,
0,FORT,,1,1777024441.638954,66.2,Game,1,Predictable,18.33,0,,,3,,,130,Sound,,,
0,FORT,,1,1777024441.638954,66.21,Game,1,Predictable,18.34,0,,,3,,,130,Sound,,,
0,FORT,,1,1777024441.638954,66.22,Game,1,Predictable,18.35,0,,,3,,,130,Sound,,,
0,FORT,,1,1777024441.638954,66.23,Game,1,Predictable,18.36,0,,,3,,,130,Sound,,,
0,FORT,,1,1777024441.638954,66.25,Game,1,Predictable,18.37,0,,,3,,,130,Sound,,,
0,FORT,,1,1777024441.638954,66.25,Game,1,Predictable,18.39,0,,,3,,,130,Sound,,,
0,FORT,,1,1777024441.638954,66.26,Game,1,Predictable,18.39,0,,,3,,,130,Sound,,,
0,FORT,,1,1777024441.638954,66.28,Game,1,Predictable,18.4,0,,,3,,,130,Sound,,,
0,FORT,,1,1777024441.638954,66.29,Game,1,Predictable,18.42,0,,,3,,,130,Sound,,,
0,FORT,,1,1777024441.638954,66.3,Game,1,Predictable,18.43,0,,,3,,,130,Sound,,,
0,FORT,,1,1777024441.638954,66.31,Game,1,Predictable,18.44,0,,,3,,,130,Sound,,,
0,FORT,,1,1777024441.638954,66.32,Game,1,Predictable,18.45,0,,,3,,,130,Sound,,,
0,FORT,,1,1777024441.638954,66.33,Game,1,Predictable,18.46,0,,,3,,,130,Sound,,,
0,FORT,,1,1777024441.638954,66.35,Game,1,Predictable,18.47,0,,,3,,,130,Sound,,,
0,FORT,,1,1777024441.638954,66.35,Game,1,Predictable,18.49,0,,,3,,,130,Sound,,,
0,FORT,,1,1777024441.638954,66.36,Game,1,Predictable,18.5,0,,,3,,,130,Sound,,,
0,FORT,,1,1777024441.638954,66.38,Game,1,Predictable,18.51,0,,,3,,,130,Sound,,,
0,FORT,,1,1777024441.638954,66.39,Game,1,Predictable,18.52,0,,,3,,,130,Sound,,,
0,FORT,,1,1777024441.638954,66.4,Game,1,Predictable,18.53,0,,,3,,,130,Sound,,,
0,FORT,,1,1777024441.638954,66.41,Game,1,Predictable,18.54,0,,,3,,,130,Sound,,,
0,FORT,,1,1777024441.638954,66.42,Game,1,Predictable,18.55,0,,,3,,,130,Sound,,,
0,FORT,,1,1777024441.638954,66.43,Game,1,Predictable,18.56,0,,,3,,,130,Sound,,,
0,FORT,,1,1777024441.638954,66.45,Game,1,Predictable,18.57,0,,,3,,,130,Sound,,,
0,FORT,,1,1777024441.638954,66.45,Game,1,Predictable,18.59,0,,,3,,,130,Sound,,,
0,FORT,,1,1777024441.638954,66.46,Game,1,Predictable,18.59,0,,,3,,,130,Sound,,,
0,FORT,,1,1777024441.638954,66.48,Game,1,Predictable,18.61,0,,,3,,,130,Sound,,,
0,FORT,,1,1777024441.638954,66.49,Game,1,Predictable,18.62,0,,,3,,,130,Sound,,,
0,FORT,,1,1777024441.638954,66.5,Game,1,Predictable,18.63,0,,,3,,,130,Sound,,,
0,FORT,,1,1777024441.638954,66.51,Game,1,Predictable,18.64,0,,,3,,,130,Sound,,,
0,FORT,,1,1777024441.638954,66.52,Game,1,Predictable,18.65,0,,,3,,,130,Sound,,,
0,FORT,,1,1777024441.638954,66.53,Game,1,Predictable,18.66,0,,,3,,,130,Sound,,,
0,FORT,,1,1777024441.638954,66.55,Game,1,Predictable,18.67,0,,,3,,,130,Sound,,,
0,FORT,,1,1777024441.638954,66.55,Game,1,Predictable,18.69,0,,,3,,,130,Sound,,,
0,FORT,,1,1777024441.638954,66.56,Game,1,Predictable,18.69,0,,,3,,,130,Sound,,,
0,FORT,,1,1777024441.638954,66.58,Game,1,Predictable,18.71,0,,,3,,,130,Sound,,,
0,FORT,,1,1777024441.638954,66.59,Game,1,Predictable,18.72,0,,,3,,,130,Sound,,,
0,FORT,,1,1777024441.638954,66.6,Game,1,Predictable,18.73,0,,,3,,,130,Sound,,,
0,FORT,,1,1777024441.638954,66.61,Game,1,Predictable,18.74,0,,,3,,,130,Sound,,,
0,FORT,,1,1777024441.638954,66.62,Game,1,Predictable,18.75,0,,,3,,,130,Sound,,,
0,FORT,,1,1777024441.638954,66.63,Game,1,Predictable,18.76,0,,,3,,,130,Sound,,,
0,FORT,,1,1777024441.638954,66.65,Game,1,Predictable,18.77,0,,,3,,,130,Sound,,,
0,FORT,,1,1777024441.638954,66.65,Game,1,Predictable,18.79,0,,,3,,,130,Sound,,,
0,FORT,,1,1777024441.638954,66.66,Game,1,Predictable,18.8,0,,,3,,,130,Sound,,,
0,FORT,,1,1777024441.638954,66.68,Game,1,Predictable,18.81,0,,,3,,,130,Sound,,,
0,FORT,,1,1777024441.638954,66.69,Game,1,Predictable,18.82,0,,,3,,,130,Sound,,,
0,FORT,,1,1777024441.638954,66.7,Game,1,Predictable,18.83,0,,,3,,,130,Sound,,,
0,FORT,,1,1777024441.638954,66.71,Game,1,Predictable,18.84,0,,,3,,,130,Sound,,,
0,FORT,,1,1777024441.638954,66.72,Game,1,Predictable,18.85,0,,,3,,,130,Sound,,,
0,FORT,,1,1777024441.638954,66.73,Game,1,Predictable,18.86,0,,,3,,,130,Sound,,,
0,FORT,,1,1777024441.638954,66.75,Game,1,Predictable,18.87,0,,,3,,,130,Sound,,,
0,FORT,,1,1777024441.638954,66.75,Game,1,Predictable,18.89,0,,,3,,,130,Sound,,,
0,FORT,,1,1777024441.638954,66.76,Game,1,Predictable,18.9,0,,,3,,,130,Sound,,,
0,FORT,,1,1777024441.638954,66.78,Game,1,Predictable,18.91,0,,,3,,,130,Sound,,,
0,FORT,,1,1777024441.638954,66.79,Game,1,Predictable,18.92,0,,,3,,,130,Sound,,,
0,FORT,,1,1777024441.638954,66.8,Game,1,Predictable,18.93,0,,,3,,,130,Sound,,,
0,FORT,,1,1777024441.638954,66.81,Game,1,Predictable,18.94,0,,,3,,,130,Sound,,,
0,FORT,,1,1777024441.638954,66.82,Game,1,Predictable,18.95,0,,,3,,,130,Sound,,,
0,FORT,,1,1777024441.638954,66.83,Game,1,Predictable,18.96,0,,,3,,,130,Sound,,,
0,FORT,,1,1777024441.638954,66.85,Game,1,Predictable,18.97,0,,,3,,,130,Sound,,,
0,FORT,,1,1777024441.638954,66.85,Game,1,Predictable,18.99,0,,,3,,,130,Sound,,,
0,FORT,,1,1777024441.638954,66.86,Game,1,Predictable,19.0,0,,,3,,,130,Sound,,,
0,FORT,,1,1777024441.638954,66.88,Game,1,Predictable,19.01,0,,,3,,,130,Sound,,,
0,FORT,,1,1777024441.638954,66.89,Game,1,Predictable,19.02,0,,,3,,,130,Sound,,,
0,FORT,,1,1777024441.638954,66.9,Game,1,Predictable,19.03,0,,,3,,,130,Sound,,,
0,FORT,,1,1777024441.638954,66.91,Game,1,Predictable,19.04,0,,,3,,,130,Sound,,,
0,FORT,,1,1777024441.638954,66.92,Game,1,Predictable,19.05,0,,,3,,,130,Sound,,,
0,FORT,,1,1777024441.638954,66.93,Game,1,Predictable,19.06,0,,,3,,,130,Sound,,,
0,FORT,,1,1777024441.638954,66.95,Game,1,Predictable,19.07,0,,,3,,,130,Sound,,,
0,FORT,,1,1777024441.638954,66.95,Game,1,Predictable,19.09,0,,,3,,,130,Sound,,,
0,FORT,,1,1777024441.638954,66.96,Game,1,Predictable,19.1,0,,,3,,,130,Sound,,,
0,FORT,,1,1777024441.638954,66.98,Game,1,Predictable,19.11,0,,,3,,,130,Sound,,,
0,FORT,,1,1777024441.638954,66.99,Game,1,Predictable,19.12,0,,,3,,,130,Sound,,,
0,FORT,,1,1777024441.638954,67.0,Game,1,Predictable,19.13,0,,,3,,,130,Sound,,,
0,FORT,,1,1777024441.638954,67.01,Game,1,Predictable,19.14,0,,,3,,,130,Sound,,,
0,FORT,,1,1777024441.638954,67.02,Game,1,Predictable,19.15,0,,,3,,,130,Sound,,,
0,FORT,,1,1777024441.638954,67.03,Game,1,Predictable,19.16,0,,,3,,,130,Sound,,,
0,FORT,,1,1777024441.638954,67.05,Game,1,Predictable,19.17,0,,,3,,,130,Sound,,,
0,FORT,,1,1777024441.638954,67.05,Game,1,Predictable,19.19,0,,,3,,,130,Sound,,,
0,FORT,,1,1777024441.638954,67.06,Game,1,Predictable,19.2,0,,,3,,,130,Sound,,,
0,FORT,,1,1777024441.638954,67.08,Game,1,Predictable,19.21,0,,,3,,,130,Sound,,,
0,FORT,,1,1777024441.638954,67.09,Game,1,Predictable,19.22,0,,,3,,,130,Sound,,,
0,FORT,,1,1777024441.638954,67.1,Game,1,Predictable,19.23,0,,,3,,,130,Sound,,,
0,FORT,,1,1777024441.638954,67.11,Game,1,Predictable,19.24,0,,,3,,,130,Sound,,,
0,FORT,,1,1777024441.638954,67.12,Game,1,Predictable,19.25,0,,,3,,,130,Sound,,,
0,FORT,,1,1777024441.638954,67.13,Game,1,Predictable,19.26,0,,,3,,,130,Sound,,,
0,FORT,,1,1777024441.638954,67.15,Game,1,Predictable,19.27,0,,,3,,,130,Sound,,,
0,FORT,,1,1777024441.638954,67.15,Game,1,Predictable,19.29,0,,,3,,,130,Sound,,,
0,FORT,,1,1777024441.638954,67.16,Game,1,Predictable,19.3,0,,,3,,,130,Sound,,,
0,FORT,,1,1777024441.638954,67.18,Game,1,Predictable,19.31,0,,,3,,,130,Sound,,,
0,FORT,,1,1777024441.638954,67.19,Game,1,Predictable,19.32,0,,,3,,,130,Sound,,,
0,FORT,,1,1777024441.638954,67.2,Game,1,Predictable,19.33,0,,,3,,,130,Sound,,,
0,FORT,,1,1777024441.638954,67.21,Game,1,Predictable,19.34,0,,,3,,,130,Sound,,,
0,FORT,,1,1777024441.638954,67.22,Game,1,Predictable,19.35,0,,,3,,,130,Sound,,,
0,FORT,,1,1777024441.638954,67.23,Game,1,Predictable,19.36,0,,,3,,,130,Sound,,,
0,FORT,,1,1777024441.638954,67.25,Game,1,Predictable,19.37,0,,,3,,,130,Sound,,,
0,FORT,,1,1777024441.638954,67.25,Game,1,Predictable,19.39,0,,,3,,,130,Sound,,,
0,FORT,,1,1777024441.638954,67.26,Game,1,Predictable,19.4,0,,,3,,,130,Sound,,,
0,FORT,,1,1777024441.638954,67.28,Game,1,Predictable,19.41,0,,,3,,,130,Sound,,,
0,FORT,,1,1777024441.638954,67.29,Game,1,Predictable,19.42,0,,,3,,,130,Sound,,,
0,FORT,,1,1777024441.638954,67.3,Game,1,Predictable,19.43,0,,,3,,,130,Sound,,,
0,FORT,,1,1777024441.638954,67.31,Game,1,Predictable,19.44,0,,,3,,,130,Sound,,,
0,FORT,,1,1777024441.638954,67.32,Game,1,Predictable,19.45,0,,,3,,,130,Sound,,,
0,FORT,,1,1777024441.638954,67.33,Game,1,Predictable,19.46,0,,,3,,,130,Sound,,,
0,FORT,,1,1777024441.638954,67.35,Game,1,Predictable,19.47,0,,,3,,,130,Sound,,,
0,FORT,,1,1777024441.638954,67.35,Game,1,Predictable,19.49,0,,,3,,,130,Sound,,,
0,FORT,,1,1777024441.638954,67.36,Game,1,Predictable,19.5,0,,,3,,,130,Sound,,,
0,FORT,,1,1777024441.638954,67.38,Game,1,Predictable,19.51,0,,,3,,,130,Sound,,,
0,FORT,,1,1777024441.638954,67.39,Game,1,Predictable,19.52,0,,,3,,,130,Sound,,,
0,FORT,,1,1777024441.638954,67.4,Game,1,Predictable,19.53,0,,,3,,,130,Sound,,,
0,FORT,,1,1777024441.638954,67.41,Game,1,Predictable,19.54,0,,,3,,,130,Sound,,,
0,FORT,,1,1777024441.638954,67.42,Game,1,Predictable,19.55,0,,,3,,,130,Sound,,,
0,FORT,,1,1777024441.638954,67.43,Game,1,Predictable,19.56,0,,,3,,,130,Sound,,,
0,FORT,,1,1777024441.638954,67.45,Game,1,Predictable,19.57,0,,,3,,,130,Sound,,,
0,FORT,,1,1777024441.638954,67.45,Game,1,Predictable,19.59,0,,,3,,,130,Sound,,,
0,FORT,,1,1777024441.638954,67.46,Game,1,Predictable,19.6,0,,,3,,,130,Sound,,,
0,FORT,,1,1777024441.638954,67.48,Game,1,Predictable,19.61,0,,,3,,,130,Sound,,,
0,FORT,,1,1777024441.638954,67.49,Game,1,Predictable,19.62,0,,,3,,,130,Sound,,,
0,FORT,,1,1777024441.638954,67.5,Game,1,Predictable,19.63,0,,,3,,,130,Sound,,,
0,FORT,,1,1777024441.638954,67.51,Game,1,Predictable,19.64,0,,,3,,,130,Sound,,,
0,FORT,,1,1777024441.638954,67.52,Game,1,Predictable,19.65,0,,,3,,,130,Sound,,,
0,FORT,,1,1777024441.638954,67.53,Game,1,Predictable,19.66,0,,,3,,,130,Sound,,,
0,FORT,,1,1777024441.638954,67.55,Game,1,Predictable,19.67,0,,,3,,,130,Sound,,,
0,FORT,,1,1777024441.638954,67.55,Game,1,Predictable,19.69,0,,,3,,,130,Sound,,,
0,FORT,,1,1777024441.638954,67.56,Game,1,Predictable,19.7,0,,,3,,,130,Sound,,,
0,FORT,,1,1777024441.638954,67.58,Game,1,Predictable,19.71,0,,,3,,,130,Sound,,,
0,FORT,,1,1777024441.638954,67.59,Game,1,Predictable,19.72,0,,,3,,,130,Sound,,,
0,FORT,,1,1777024441.638954,67.6,Game,1,Predictable,19.73,0,,,3,,,130,Sound,,,
0,FORT,,1,1777024441.638954,67.61,Game,1,Predictable,19.74,0,,,3,,,130,Sound,,,
0,FORT,,1,1777024441.638954,67.62,Game,1,Predictable,19.75,0,,,3,,,130,Sound,,,
0,FORT,,1,1777024441.638954,67.63,Game,1,Predictable,19.76,0,,,3,,,130,Sound,,,
0,FORT,,1,1777024441.638954,67.65,Game,1,Predictable,19.77,0,,,3,,,130,Sound,,,
0,FORT,,1,1777024441.638954,67.65,Game,1,Predictable,19.79,0,,,3,,,130,Sound,,,
0,FORT,,1,1777024441.638954,67.66,Game,1,Predictable,19.8,0,,,3,,,130,Sound,,,
0,FORT,,1,1777024441.638954,67.68,Game,1,Predictable,19.81,0,,,3,,,130,Sound,,,
0,FORT,,1,1777024441.638954,67.69,Game,1,Predictable,19.82,0,,,3,,,130,Sound,,,
0,FORT,,1,1777024441.638954,67.7,Game,1,Predictable,19.83,0,,,3,,,130,Sound,,,
0,FORT,,1,1777024441.638954,67.71,Game,1,Predictable,19.84,0,,,3,,,130,Sound,,,
0,FORT,,1,1777024441.638954,67.72,Game,1,Predictable,19.85,0,,,3,,,130,Sound,,,
0,FORT,,1,1777024441.638954,67.73,Game,1,Predictable,19.86,0,,,3,,,130,Sound,,,
0,FORT,,1,1777024441.638954,67.75,Game,1,Predictable,19.87,0,,,3,,,130,Sound,,,
0,FORT,,1,1777024441.638954,67.75,Game,1,Predictable,19.89,0,,,3,,,130,Sound,,,
0,FORT,,1,1777024441.638954,67.76,Game,1,Predictable,19.9,0,,,3,,,130,Sound,,,
0,FORT,,1,1777024441.638954,67.78,Game,1,Predictable,19.91,0,,,3,,,130,Sound,,,
0,FORT,,1,1777024441.638954,67.79,Game,1,Predictable,19.92,0,,,3,,,130,Sound,,,
0,FORT,,1,1777024441.638954,67.8,Game,1,Predictable,19.93,0,,,3,,,130,Sound,,,
0,FORT,,1,1777024441.638954,67.81,Game,1,Predictable,19.94,0,,,3,,,130,Sound,,,
0,FORT,,1,1777024441.638954,67.82,Game,1,Predictable,19.95,0,,,3,,,130,Sound,,,
0,FORT,,1,1777024441.638954,67.83,Game,1,Predictable,19.96,0,,,3,,,130,Sound,,,
0,FORT,,1,1777024441.638954,67.85,Game,1,Predictable,19.97,0,,,3,,,130,Sound,,,
0,FORT,,1,1777024441.638954,67.85,Game,1,Predictable,19.99,0,,,3,,,130,Sound,,,
0,FORT,,1,1777024441.638954,67.86,Game,1,Predictable,20.0,0,,,3,,,130,Sound,,,
0,FORT,,1,1777024441.638954,67.88,Game,1,Predictable,20.01,0,,,3,,,130,Sound,,,
0,FORT,,1,1777024441.638954,67.89,Game,1,Predictable,20.02,0,,,3,,,130,Sound,,,
0,FORT,,1,1777024441.638954,67.9,Game,1,Predictable,20.03,0,,,3,,,130,Sound,,,
0,FORT,,1,1777024441.638954,67.91,Game,1,Predictable,20.04,0,,,3,,,130,Sound,,,
0,FORT,,1,1777024441.638954,67.92,Game,1,Predictable,20.05,0,,,3,,,130,Sound,,,
0,FORT,,1,1777024441.638954,67.93,Game,1,Predictable,20.06,0,,,3,,,130,Sound,,,
0,FORT,,1,1777024441.638954,67.95,Game,1,Predictable,20.07,0,,,3,,,130,Sound,,,
0,FORT,,1,1777024441.638954,67.95,Game,1,Predictable,20.09,0,,,3,,,130,Sound,,,
0,FORT,,1,1777024441.638954,67.96,Game,1,Predictable,20.1,0,,,3,,,130,Sound,,,
0,FORT,,1,1777024441.638954,67.98,Game,1,Predictable,20.11,0,,,3,,,130,Sound,,,
0,FORT,,1,1777024441.638954,67.99,Game,1,Predictable,20.12,0,,,3,,,130,Sound,,,
0,FORT,,1,1777024441.638954,68.0,Game,1,Predictable,20.13,0,,,3,,,130,Sound,,,
0,FORT,,1,1777024441.638954,68.01,Game,1,Predictable,20.14,0,,,3,,,130,Sound,,,
0,FORT,,1,1777024441.638954,68.02,Game,1,Predictable,20.15,0,,,3,,,130,Sound,,,
0,FORT,,1,1777024441.638954,68.03,Game,1,Predictable,20.16,0,,,3,,,130,Sound,,,
0,FORT,,1,1777024441.638954,68.05,Game,1,Predictable,20.17,0,,,3,,,130,Sound,,,
0,FORT,,1,1777024441.638954,68.05,Game,1,Predictable,20.19,0,,,3,,,130,Sound,,,
0,FORT,,1,1777024441.638954,68.06,Game,1,Predictable,20.2,0,,,3,,,130,Sound,,,
0,FORT,,1,1777024441.638954,68.08,Game,1,Predictable,20.21,0,,,3,,,130,Sound,,,
0,FORT,,1,1777024441.638954,68.09,Game,1,Predictable,20.22,0,,,3,,,130,Sound,,,
0,FORT,,1,1777024441.638954,68.1,Game,1,Predictable,20.23,0,,,3,,,130,Sound,,,
0,FORT,,1,1777024441.638954,68.11,Game,1,Predictable,20.24,0,,,3,,,130,Sound,,,
0,FORT,,1,1777024441.638954,68.12,Game,1,Predictable,20.25,0,,,3,,,130,Sound,,,
0,FORT,,1,1777024441.638954,68.13,Game,1,Predictable,20.26,0,,,3,,,130,Sound,,,
0,FORT,,1,1777024441.638954,68.15,Game,1,Predictable,20.27,0,,,3,,,130,Sound,,,
0,FORT,,1,1777024441.638954,68.15,Game,1,Predictable,20.29,0,,,3,,,130,Sound,,,
0,FORT,,1,1777024441.638954,68.16,Game,1,Predictable,20.3,0,,,3,,,130,Sound,,,
0,FORT,,1,1777024441.638954,68.18,Game,1,Predictable,20.31,0,,,3,,,130,Sound,,,
0,FORT,,1,1777024441.638954,68.19,Game,1,Predictable,20.32,0,,,3,,,130,Sound,,,
0,FORT,,1,1777024441.638954,68.2,Game,1,Predictable,20.33,0,,,3,,,130,Sound,,,
0,FORT,,1,1777024441.638954,68.21,Game,1,Predictable,20.34,0,,,3,,,130,Sound,,,
0,FORT,,1,1777024441.638954,68.22,Game,1,Predictable,20.35,0,,,3,,,130,Sound,,,
0,FORT,,1,1777024441.638954,68.23,Game,1,Predictable,20.36,0,,,3,,,130,Sound,,,
0,FORT,,1,1777024441.638954,68.25,Game,1,Predictable,20.37,0,,,3,,,130,Sound,,,
0,FORT,,1,1777024441.638954,68.25,Game,1,Predictable,20.39,0,,,3,,,130,Sound,,,
0,FORT,,1,1777024441.638954,68.26,Game,1,Predictable,20.4,0,,,3,,,130,Sound,,,
0,FORT,,1,1777024441.638954,68.28,Game,1,Predictable,20.41,0,,,3,,,130,Sound,,,
0,FORT,,1,1777024441.638954,68.29,Game,1,Predictable,20.42,0,,,3,,,130,Sound,,,
0,FORT,,1,1777024441.638954,68.3,Game,1,Predictable,20.43,0,,,3,,,130,Sound,,,
0,FORT,,1,1777024441.638954,68.31,Game,1,Predictable,20.44,0,,,3,,,130,Sound,,,
0,FORT,,1,1777024441.638954,68.32,Game,1,Predictable,20.45,0,,,3,,,130,Sound,,,
0,FORT,,1,1777024441.638954,68.33,Game,1,Predictable,20.46,0,,,3,,,130,Sound,,,
0,FORT,,1,1777024441.638954,68.35,Game,1,Predictable,20.47,0,,,3,,,130,Sound,,,
0,FORT,,1,1777024441.638954,68.35,Game,1,Predictable,20.49,0,,,3,,,130,Sound,,,
0,FORT,,1,1777024441.638954,68.36,Game,1,Predictable,20.5,0,,,3,,,130,Sound,,,
0,FORT,,1,1777024441.638954,68.38,Game,1,Predictable,20.51,0,,,3,,,130,Sound,,,
0,FORT,,1,1777024441.638954,68.39,Game,1,Predictable,20.52,0,,,3,,,130,Sound,,,
0,FORT,,1,1777024441.638954,68.4,Game,1,Predictable,20.53,0,,,3,,,130,Sound,,,
0,FORT,,1,1777024441.638954,68.41,Game,1,Predictable,20.54,0,,,3,,,130,Sound,,,
0,FORT,,1,1777024441.638954,68.42,Game,1,Predictable,20.55,0,,,3,,,130,Sound,,,
0,FORT,,1,1777024441.638954,68.43,Game,1,Predictable,20.56,0,,,3,,,130,Sound,,,
0,FORT,,1,1777024441.638954,68.45,Game,1,Predictable,20.57,0,,,3,,,130,Sound,,,
0,FORT,,1,1777024441.638954,68.45,Game,1,Predictable,20.59,0,,,3,,,130,Sound,,,
0,FORT,,1,1777024441.638954,68.46,Game,1,Predictable,20.6,0,,,3,,,130,Sound,,,
0,FORT,,1,1777024441.638954,68.48,Game,1,Predictable,20.61,0,,,3,,,130,Sound,,,
0,FORT,,1,1777024441.638954,68.49,Game,1,Predictable,20.62,0,,,3,,,130,Sound,,,
0,FORT,,1,1777024441.638954,68.5,Game,1,Predictable,20.63,0,,,3,,,130,Sound,,,
0,FORT,,1,1777024441.638954,68.51,Game,1,Predictable,20.64,0,,,3,,,130,Sound,,,
0,FORT,,1,1777024441.638954,68.52,Game,1,Predictable,20.65,0,,,3,,,130,Sound,,,
0,FORT,,1,1777024441.638954,68.53,Game,1,Predictable,20.66,0,,,3,,,130,Sound,,,
0,FORT,,1,1777024441.638954,68.55,Game,1,Predictable,20.67,0,,,3,,,130,Sound,,,
0,FORT,,1,1777024441.638954,68.55,Game,1,Predictable,20.69,0,,,3,,,130,Sound,,,
0,FORT,,1,1777024441.638954,68.57,Game,1,Predictable,20.7,0,,,3,,,130,Sound,,,
0,FORT,,1,1777024441.638954,68.58,Game,1,Predictable,20.71,0,,,3,,,130,Sound,,,
0,FORT,,1,1777024441.638954,68.59,Game,1,Predictable,20.72,0,,,3,,,130,Sound,,,
0,FORT,,1,1777024441.638954,68.6,Game,1,Predictable,20.73,0,,,3,,,130,Sound,,,
0,FORT,,1,1777024441.638954,68.61,Game,1,Predictable,20.74,0,,,3,,,130,Sound,,,
0,FORT,,1,1777024441.638954,68.62,Game,1,Predictable,20.75,0,,,3,,,130,Sound,,,
0,FORT,,1,1777024441.638954,68.63,Game,1,Predictable,20.76,0,,,3,,,130,Sound,,,
0,FORT,,1,1777024441.638954,68.65,Game,1,Predictable,20.77,0,,,3,,,130,Sound,,,
0,FORT,,1,1777024441.638954,68.65,Game,1,Predictable,20.79,0,,,3,,,130,Sound,,,
0,FORT,,1,1777024441.638954,68.66,Game,1,Predictable,20.8,0,,,3,,,130,Sound,,,
0,FORT,,1,1777024441.638954,68.68,Game,1,Predictable,20.81,0,,,3,,,130,Sound,,,
0,FORT,,1,1777024441.638954,68.69,Game,1,Predictable,20.82,0,,,3,,,130,Sound,,,
0,FORT,,1,1777024441.638954,68.7,Game,1,Predictable,20.83,0,,,3,,,130,Sound,,,
0,FORT,,1,1777024441.638954,68.71,Game,1,Predictable,20.84,0,,,3,,,130,Sound,,,
0,FORT,,1,1777024441.638954,68.72,Game,1,Predictable,20.85,0,,,3,,,130,Sound,,,
0,FORT,,1,1777024441.638954,68.73,Game,1,Predictable,20.86,0,,,3,,,130,Sound,,,
0,FORT,,1,1777024441.638954,68.75,Game,1,Predictable,20.87,0,,,3,,,130,Sound,,,
0,FORT,,1,1777024441.638954,68.75,Game,1,Predictable,20.89,0,,,3,,,130,Sound,,,
0,FORT,,1,1777024441.638954,68.76,Game,1,Predictable,20.9,0,,,3,,,130,Sound,,,
0,FORT,,1,1777024441.638954,68.78,Game,1,Predictable,20.91,0,,,3,,,130,Sound,,,
0,FORT,,1,1777024441.638954,68.79,Game,1,Predictable,20.92,0,,,3,,,130,Sound,,,
0,FORT,,1,1777024441.638954,68.8,Game,1,Predictable,20.93,0,,,3,,,130,Sound,,,
0,FORT,,1,1777024441.638954,68.81,Game,1,Predictable,20.94,0,,,3,,,130,Sound,,,
0,FORT,,1,1777024441.638954,68.82,Game,1,Predictable,20.95,0,,,3,,,130,Sound,,,
0,FORT,,1,1777024441.638954,68.83,Game,1,Predictable,20.96,0,,,3,,,130,Sound,,,
0,FORT,,1,1777024441.638954,68.85,Game,1,Predictable,20.97,0,,,3,,,130,Sound,,,
0,FORT,,1,1777024441.638954,68.85,Game,1,Predictable,20.99,0,,,3,,,130,Sound,,,
0,FORT,,1,1777024441.638954,68.86,Game,1,Predictable,21.0,0,,,3,,,130,Sound,,,
0,FORT,,1,1777024441.638954,68.88,Game,1,Predictable,21.01,0,,,3,,,130,Sound,,,
0,FORT,,1,1777024441.638954,68.89,Game,1,Predictable,21.02,0,,,3,,,130,Sound,,,
0,FORT,,1,1777024441.638954,68.9,Game,1,Predictable,21.03,0,,,3,,,130,Sound,,,
0,FORT,,1,1777024441.638954,68.91,Game,1,Predictable,21.04,0,,,3,,,130,Sound,,,
0,FORT,,1,1777024441.638954,68.92,Game,1,Predictable,21.05,0,,,3,,,130,Sound,,,
0,FORT,,1,1777024441.638954,68.93,Game,1,Predictable,21.06,0,,,3,,,130,Sound,,,
0,FORT,,1,1777024441.638954,68.95,Game,1,Predictable,21.07,0,,,3,,,130,Sound,,,
0,FORT,,1,1777024441.638954,68.95,Game,1,Predictable,21.09,0,,,3,,,130,Sound,,,
0,FORT,,1,1777024441.638954,68.96,Game,1,Predictable,21.1,0,,,3,,,130,Sound,,,
0,FORT,,1,1777024441.638954,68.98,Game,1,Predictable,21.11,0,,,3,,,130,Sound,,,
0,FORT,,1,1777024441.638954,68.99,Game,1,Predictable,21.12,0,,,3,,,130,Sound,,,
0,FORT,,1,1777024441.638954,69.0,Game,1,Predictable,21.13,0,,,3,,,130,Sound,,,
0,FORT,,1,1777024441.638954,69.01,Game,1,Predictable,21.14,0,,,3,,,130,Sound,,,
0,FORT,,1,1777024441.638954,69.02,Game,1,Predictable,21.15,0,,,3,,,130,Sound,,,
0,FORT,,1,1777024441.638954,69.03,Game,1,Predictable,21.16,0,,,3,,,130,Sound,,,
0,FORT,,1,1777024441.638954,69.05,Game,1,Predictable,21.17,0,,,3,,,130,Sound,,,
0,FORT,,1,1777024441.638954,69.05,Game,1,Predictable,21.19,0,,,3,,,130,Sound,,,
0,FORT,,1,1777024441.638954,69.06,Game,1,Predictable,21.2,0,,,3,,,130,Sound,,,
0,FORT,,1,1777024441.638954,69.08,Game,1,Predictable,21.21,0,,,3,,,130,Sound,,,
0,FORT,,1,1777024441.638954,69.09,Game,1,Predictable,21.22,0,,,3,,,130,Sound,,,
0,FORT,,1,1777024441.638954,69.1,Game,1,Predictable,21.23,0,,,3,,,130,Sound,,,
0,FORT,,1,1777024441.638954,69.11,Game,1,Predictable,21.24,0,,,3,,,130,Sound,,,
0,FORT,,1,1777024441.638954,69.12,Game,1,Predictable,21.25,0,,,3,,,130,Sound,,,
0,FORT,,1,1777024441.638954,69.13,Game,1,Predictable,21.26,0,,,3,,,130,Sound,,,
0,FORT,,1,1777024441.638954,69.15,Game,1,Predictable,21.27,0,,,3,,,130,Sound,,,
0,FORT,,1,1777024441.638954,69.15,Game,1,Predictable,21.29,0,,,3,,,130,Sound,,,
0,FORT,,1,1777024441.638954,69.16,Game,1,Predictable,21.3,0,,,3,,,130,Sound,,,
0,FORT,,1,1777024441.638954,69.18,Game,1,Predictable,21.31,0,,,3,,,130,Sound,,,
0,FORT,,1,1777024441.638954,69.19,Game,1,Predictable,21.32,0,,,3,,,130,Sound,,,
0,FORT,,1,1777024441.638954,69.2,Game,1,Predictable,21.33,0,,,3,,,130,Sound,,,
0,FORT,,1,1777024441.638954,69.21,Game,1,Predictable,21.34,0,,,3,,,130,Sound,,,
0,FORT,,1,1777024441.638954,69.22,Game,1,Predictable,21.35,0,,,3,,,130,Sound,,,
0,FORT,,1,1777024441.638954,69.23,Game,1,Predictable,21.36,0,,,3,,,130,Sound,,,
0,FORT,,1,1777024441.638954,69.25,Game,1,Predictable,21.37,0,,,3,,,130,Sound,,,
0,FORT,,1,1777024441.638954,69.25,Game,1,Predictable,21.39,0,,,3,,,130,Sound,,,
0,FORT,,1,1777024441.638954,69.26,Game,1,Predictable,21.4,0,,,3,,,130,Sound,,,
0,FORT,,1,1777024441.638954,69.28,Game,1,Predictable,21.41,0,,,3,,,130,Sound,,,
0,FORT,,1,1777024441.638954,69.29,Game,1,Predictable,21.42,0,,,3,,,130,Sound,,,
0,FORT,,1,1777024441.638954,69.3,Game,1,Predictable,21.43,0,,,3,,,130,Sound,,,
0,FORT,,1,1777024441.638954,69.31,Game,1,Predictable,21.44,0,,,3,,,130,Sound,,,
0,FORT,,1,1777024441.638954,69.32,Game,1,Predictable,21.45,0,,,3,,,130,Sound,,,
0,FORT,,1,1777024441.638954,69.33,Game,1,Predictable,21.46,0,,,3,,,130,Sound,,,
0,FORT,,1,1777024441.638954,69.35,Game,1,Predictable,21.47,0,,,3,,,130,Sound,,,
0,FORT,,1,1777024441.638954,69.35,Game,1,Predictable,21.49,0,,,3,,,130,Sound,,,
0,FORT,,1,1777024441.638954,69.36,Game,1,Predictable,21.5,0,,,3,,,130,Sound,,,
0,FORT,,1,1777024441.638954,69.38,Game,1,Predictable,21.51,0,,,3,,,130,Sound,,,
0,FORT,,1,1777024441.638954,69.39,Game,1,Predictable,21.52,0,,,3,,,130,Sound,,,
0,FORT,,1,1777024441.638954,69.4,Game,1,Predictable,21.53,0,,,3,,,130,Sound,,,
0,FORT,,1,1777024441.638954,69.41,Game,1,Predictable,21.54,0,,,3,,,130,Sound,,,
0,FORT,,1,1777024441.638954,69.42,Game,1,Predictable,21.55,0,,,3,,,130,Sound,,,
0,FORT,,1,1777024441.638954,69.43,Game,1,Predictable,21.56,0,,,3,,,130,Sound,,,
0,FORT,,1,1777024441.638954,69.45,Game,1,Predictable,21.57,0,,,3,,,130,Sound,,,
0,FORT,,1,1777024441.638954,69.45,Game,1,Predictable,21.59,0,,,3,,,130,Sound,,,
0,FORT,,1,1777024441.638954,69.46,Game,1,Predictable,21.6,0,,,3,,,130,Sound,,,
0,FORT,,1,1777024441.638954,69.48,Game,1,Predictable,21.61,0,,,3,,,130,Sound,,,
0,FORT,,1,1777024441.638954,69.49,Game,1,Predictable,21.62,0,,,3,,,130,Sound,,,
0,FORT,,1,1777024441.638954,69.5,Game,1,Predictable,21.63,0,,,3,,,130,Sound,,,
0,FORT,,1,1777024441.638954,69.51,Game,1,Predictable,21.64,0,,,3,,,130,Sound,,,
0,FORT,,1,1777024441.638954,69.52,Game,1,Predictable,21.65,0,,,3,,,130,Sound,,,
0,FORT,,1,1777024441.638954,69.53,Game,1,Predictable,21.66,0,,,3,,,130,Sound,,,
0,FORT,,1,1777024441.638954,69.55,Game,1,Predictable,21.67,0,,,3,,,130,Sound,,,
0,FORT,,1,1777024441.638954,69.56,Game,1,Predictable,21.69,0,,,3,,,130,Sound,,,
0,FORT,,1,1777024441.638954,69.56,Game,1,Predictable,21.7,0,,,3,,,130,Sound,,,
0,FORT,,1,1777024441.638954,69.58,Game,1,Predictable,21.71,0,,,3,,,130,Sound,,,
0,FORT,,1,1777024441.638954,69.59,Game,1,Predictable,21.72,0,,,3,,,130,Sound,,,
0,FORT,,1,1777024441.638954,69.6,Game,1,Predictable,21.73,0,,,3,,,130,Sound,,,
0,FORT,,1,1777024441.638954,69.61,Game,1,Predictable,21.74,0,,,3,,,130,Sound,,,
0,FORT,,1,1777024441.638954,69.62,Game,1,Predictable,21.75,0,,,3,,,130,Sound,,,
0,FORT,,1,1777024441.638954,69.63,Game,1,Predictable,21.76,0,,,3,,,130,Sound,,,
0,FORT,,1,1777024441.638954,69.65,Game,1,Predictable,21.77,0,,,3,,,130,Sound,,,
0,FORT,,1,1777024441.638954,69.65,Game,1,Predictable,21.79,0,,,3,,,130,Sound,,,
0,FORT,,1,1777024441.638954,69.66,Game,1,Predictable,21.8,0,,,3,,,130,Sound,,,
0,FORT,,1,1777024441.638954,69.68,Game,1,Predictable,21.81,0,,,3,,,130,Sound,,,
0,FORT,,1,1777024441.638954,69.69,Game,1,Predictable,21.82,0,,,3,,,130,Sound,,,
0,FORT,,1,1777024441.638954,69.7,Game,1,Predictable,21.83,0,,,3,,,130,Sound,,,
0,FORT,,1,1777024441.638954,69.71,Game,1,Predictable,21.84,0,,,3,,,130,Sound,,,
0,FORT,,1,1777024441.638954,69.72,Game,1,Predictable,21.85,0,,,3,,,130,Sound,,,
0,FORT,,1,1777024441.638954,69.73,Game,1,Predictable,21.86,0,,,3,,,130,Sound,,,
0,FORT,,1,1777024441.638954,69.75,Game,1,Predictable,21.87,0,,,3,,,130,Sound,,,
0,FORT,,1,1777024441.638954,69.76,Game,1,Predictable,21.89,0,,,3,,,130,Sound,,,
0,FORT,,1,1777024441.638954,69.76,Game,1,Predictable,21.9,0,,,3,,,130,Sound,,,
0,FORT,,1,1777024441.638954,69.78,Game,1,Predictable,21.91,0,,,3,,,130,Sound,,,
0,FORT,,1,1777024441.638954,69.79,Game,1,Predictable,21.92,0,,,3,,,130,Sound,,,
0,FORT,,1,1777024441.638954,69.8,Game,1,Predictable,21.93,0,,,3,,,130,Sound,,,
0,FORT,,1,1777024441.638954,69.81,Game,1,Predictable,21.94,0,,,3,,,130,Sound,,,
0,FORT,,1,1777024441.638954,69.82,Game,1,Predictable,21.95,0,,,3,,,130,Sound,,,
0,FORT,,1,1777024441.638954,69.83,Game,1,Predictable,21.96,0,,,3,,,130,Sound,,,
0,FORT,,1,1777024441.638954,69.85,Game,1,Predictable,21.97,0,,,3,,,130,Sound,,,
0,FORT,,1,1777024441.638954,69.86,Game,1,Predictable,21.99,0,,,3,,,130,Sound,,,
0,FORT,,1,1777024441.638954,69.86,Game,1,Predictable,22.0,0,,,3,,,130,Sound,,,
0,FORT,,1,1777024441.638954,69.88,Game,1,Predictable,22.01,0,,,3,,,130,Sound,,,
0,FORT,,1,1777024441.638954,69.89,Game,1,Predictable,22.02,0,,,3,,,130,Sound,,,
0,FORT,,1,1777024441.638954,69.9,Game,1,Predictable,22.03,0,,,3,,,130,Sound,,,
0,FORT,,1,1777024441.638954,69.91,Game,1,Predictable,22.04,0,,,3,,,130,Sound,,,
0,FORT,,1,1777024441.638954,69.92,Game,1,Predictable,22.05,0,,,3,,,130,Sound,,,
0,FORT,,1,1777024441.638954,69.93,Game,1,Predictable,22.06,0,,,3,,,130,Sound,,,
0,FORT,,1,1777024441.638954,69.95,Game,1,Predictable,22.07,0,,,3,,,130,Sound,,,
0,FORT,,1,1777024441.638954,69.95,Game,1,Predictable,22.09,0,,,3,,,130,Sound,,,
0,FORT,,1,1777024441.638954,69.96,Game,1,Predictable,22.1,0,,,3,,,130,Sound,,,
0,FORT,,1,1777024441.638954,69.98,Game,1,Predictable,22.11,0,,,3,,,130,Sound,,,
0,FORT,,1,1777024441.638954,69.99,Game,1,Predictable,22.12,0,,,3,,,130,Sound,,,
0,FORT,,1,1777024441.638954,70.0,Game,1,Predictable,22.13,0,,,3,,,130,Sound,,,
0,FORT,,1,1777024441.638954,70.01,Game,1,Predictable,22.14,0,,,3,,,130,Sound,,,
0,FORT,,1,1777024441.638954,70.04,Game,1,Predictable,22.15,0,,,3,,,130,Sound,,,
0,FORT,,1,1777024441.638954,70.05,Game,1,Predictable,22.18,0,,,3,,,130,Sound,,,
0,FORT,,1,1777024441.638954,70.06,Game,1,Predictable,22.19,0,,,3,,,130,Sound,,,
0,FORT,,1,1777024441.638954,70.08,Game,1,Predictable,22.21,0,,,3,,,130,Sound,,,
0,FORT,,1,1777024441.638954,70.09,Game,1,Predictable,22.22,0,,,3,,,130,Sound,,,
0,FORT,,1,1777024441.638954,70.1,Game,1,Predictable,22.23,0,,,3,,,130,Sound,,,
0,FORT,,1,1777024441.638954,70.11,Game,1,Predictable,22.24,0,,,3,,,130,Sound,,,
0,FORT,,1,1777024441.638954,70.12,Game,1,Predictable,22.25,0,,,3,,,130,Sound,,,
0,FORT,,1,1777024441.638954,70.13,Game,1,Predictable,22.26,0,,,3,,,130,Sound,,,
0,FORT,,1,1777024441.638954,70.15,Game,1,Predictable,22.27,0,,,3,,,130,Sound,,,
0,FORT,,1,1777024441.638954,70.16,Game,1,Predictable,22.29,0,,,3,,,130,Sound,,,
0,FORT,,1,1777024441.638954,70.16,Game,1,Predictable,22.3,0,,,3,,,130,Sound,,,
0,FORT,,1,1777024441.638954,70.18,Game,1,Predictable,22.31,0,,,3,,,130,Sound,,,
0,FORT,,1,1777024441.638954,70.19,Game,1,Predictable,22.32,0,,,3,,,130,Sound,,,
0,FORT,,1,1777024441.638954,70.2,Game,1,Predictable,22.33,0,,,3,,,130,Sound,,,
0,FORT,,1,1777024441.638954,70.21,Game,1,Predictable,22.34,0,,,3,,,130,Sound,,,
0,FORT,,1,1777024441.638954,70.22,Game,1,Predictable,22.35,0,,,3,,,130,Sound,,,
0,FORT,,1,1777024441.638954,70.23,Game,1,Predictable,22.36,0,,,3,,,130,Sound,,,
0,FORT,,1,1777024441.638954,70.25,Game,1,Predictable,22.37,0,,,3,,,130,Sound,,,
0,FORT,,1,1777024441.638954,70.25,Game,1,Predictable,22.39,0,,,3,,,130,Sound,,,
0,FORT,,1,1777024441.638954,70.26,Game,1,Predictable,22.4,0,,,3,,,130,Sound,,,
0,FORT,,1,1777024441.638954,70.28,Game,1,Predictable,22.41,0,,,3,,,130,Sound,,,
0,FORT,,1,1777024441.638954,70.29,Game,1,Predictable,22.42,0,,,3,,,130,Sound,,,
0,FORT,,1,1777024441.638954,70.3,Game,1,Predictable,22.43,0,,,3,,,130,Sound,,,
0,FORT,,1,1777024441.638954,70.31,Game,1,Predictable,22.44,0,,,3,,,130,Sound,,,
0,FORT,,1,1777024441.638954,70.32,Game,1,Predictable,22.45,0,,,3,,,130,Sound,,,
0,FORT,,1,1777024441.638954,70.33,Game,1,Predictable,22.46,0,,,3,,,130,Sound,,,
0,FORT,,1,1777024441.638954,70.35,Game,1,Predictable,22.47,0,,,3,,,130,Sound,,,
0,FORT,,1,1777024441.638954,70.35,Game,1,Predictable,22.49,0,,,3,,,130,Sound,,,
0,FORT,,1,1777024441.638954,70.36,Game,1,Predictable,22.5,0,,,3,,,130,Sound,,,
0,FORT,,1,1777024441.638954,70.38,Game,1,Predictable,22.51,0,,,3,,,130,Sound,,,
0,FORT,,1,1777024441.638954,70.39,Game,1,Predictable,22.52,0,,,3,,,130,Sound,,,
0,FORT,,1,1777024441.638954,70.4,Game,1,Predictable,22.53,0,,,3,,,130,Sound,,,
0,FORT,,1,1777024441.638954,70.41,Game,1,Predictable,22.54,0,,,3,,,130,Sound,,,
0,FORT,,1,1777024441.638954,70.42,Game,1,Predictable,22.55,0,,,3,,,130,Sound,,,
0,FORT,,1,1777024441.638954,70.43,Game,1,Predictable,22.56,0,,,3,,,130,Sound,,,
0,FORT,,1,1777024441.638954,70.45,Game,1,Predictable,22.57,0,,,3,,,130,Sound,,,
0,FORT,,1,1777024441.638954,70.45,Game,1,Predictable,22.59,0,,,3,,,130,Sound,,,
0,FORT,,1,1777024441.638954,70.46,Game,1,Predictable,22.6,0,,,3,,,130,Sound,,,
0,FORT,,1,1777024441.638954,70.48,Game,1,Predictable,22.61,0,,,3,,,130,Sound,,,
0,FORT,,1,1777024441.638954,70.49,Game,1,Predictable,22.62,0,,,3,,,130,Sound,,,
0,FORT,,1,1777024441.638954,70.5,Game,1,Predictable,22.63,0,,,3,,,130,Sound,,,
0,FORT,,1,1777024441.638954,70.51,Game,1,Predictable,22.64,0,,,3,,,130,Sound,,,
0,FORT,,1,1777024441.638954,70.52,Game,1,Predictable,22.65,0,,,3,,,130,Sound,,,
0,FORT,,1,1777024441.638954,70.53,Game,1,Predictable,22.66,0,,,3,,,130,Sound,,,
0,FORT,,1,1777024441.638954,70.55,Game,1,Predictable,22.67,0,,,3,,,130,Sound,,,
0,FORT,,1,1777024441.638954,70.56,Game,1,Predictable,22.69,0,,,3,,,130,Sound,,,
0,FORT,,1,1777024441.638954,70.56,Game,1,Predictable,22.7,0,,,3,,,130,Sound,,,
0,FORT,,1,1777024441.638954,70.58,Game,1,Predictable,22.71,0,,,3,,,130,Sound,,,
0,FORT,,1,1777024441.638954,70.59,Game,1,Predictable,22.72,0,,,3,,,130,Sound,,,
0,FORT,,1,1777024441.638954,70.6,Game,1,Predictable,22.73,0,,,3,,,130,Sound,,,
0,FORT,,1,1777024441.638954,70.61,Game,1,Predictable,22.74,0,,,3,,,130,Sound,,,
0,FORT,,1,1777024441.638954,70.62,Game,1,Predictable,22.75,0,,,3,,,130,Sound,,,
0,FORT,,1,1777024441.638954,70.63,Game,1,Predictable,22.76,0,,,3,,,130,Sound,,,
0,FORT,,1,1777024441.638954,70.65,Game,1,Predictable,22.77,0,,,3,,,130,Sound,,,
0,FORT,,1,1777024441.638954,70.65,Game,1,Predictable,22.79,0,,,3,,,130,Sound,,,
0,FORT,,1,1777024441.638954,70.66,Game,1,Predictable,22.8,0,,,3,,,130,Sound,,,
0,FORT,,1,1777024441.638954,70.68,Game,1,Predictable,22.81,0,,,3,,,130,Sound,,,
0,FORT,,1,1777024441.638954,70.69,Game,1,Predictable,22.82,0,,,3,,,130,Sound,,,
0,FORT,,1,1777024441.638954,70.7,Game,1,Predictable,22.83,0,,,3,,,130,Sound,,,
0,FORT,,1,1777024441.638954,70.71,Game,1,Predictable,22.84,0,,,3,,,130,Sound,,,
0,FORT,,1,1777024441.638954,70.72,Game,1,Predictable,22.85,0,,,3,,,130,Sound,,,
0,FORT,,1,1777024441.638954,70.73,Game,1,Predictable,22.86,0,,,3,,,130,Sound,,,
0,FORT,,1,1777024441.638954,70.75,Game,1,Predictable,22.87,0,,,3,,,130,Sound,,,
0,FORT,,1,1777024441.638954,70.76,Game,1,Predictable,22.89,0,,,3,,,130,Sound,,,
0,FORT,,1,1777024441.638954,70.76,Game,1,Predictable,22.9,0,,,3,,,130,Sound,,,
0,FORT,,1,1777024441.638954,70.78,Game,1,Predictable,22.91,0,,,3,,,130,Sound,,,
0,FORT,,1,1777024441.638954,70.79,Game,1,Predictable,22.92,0,,,3,,,130,Sound,,,
0,FORT,,1,1777024441.638954,70.8,Game,1,Predictable,22.93,0,,,3,,,130,Sound,,,
0,FORT,,1,1777024441.638954,70.81,Game,1,Predictable,22.94,0,,,3,,,130,Sound,,,
0,FORT,,1,1777024441.638954,70.82,Game,1,Predictable,22.95,0,,,3,,,130,Sound,,,
0,FORT,,1,1777024441.638954,70.83,Game,1,Predictable,22.96,0,,,3,,,130,Sound,,,
0,FORT,,1,1777024441.638954,70.85,Game,1,Predictable,22.97,0,,,3,,,130,Sound,,,
0,FORT,,1,1777024441.638954,70.86,Game,1,Predictable,22.99,0,,,3,,,130,Sound,,,
0,FORT,,1,1777024441.638954,70.86,Game,1,Predictable,23.0,0,,,3,,,130,Sound,,,
0,FORT,,1,1777024441.638954,70.88,Game,1,Predictable,23.01,0,,,3,,,130,Sound,,,
0,FORT,,1,1777024441.638954,70.89,Game,1,Predictable,23.02,0,,,3,,,130,Sound,,,
0,FORT,,1,1777024441.638954,70.9,Game,1,Predictable,23.03,0,,,3,,,130,Sound,,,
0,FORT,,1,1777024441.638954,70.91,Game,1,Predictable,23.04,0,,,3,,,130,Sound,,,
0,FORT,,1,1777024441.638954,70.92,Game,1,Predictable,23.05,0,,,3,,,130,Sound,,,
0,FORT,,1,1777024441.638954,70.93,Game,1,Predictable,23.06,0,,,3,,,130,Sound,,,
0,FORT,,1,1777024441.638954,70.95,Game,1,Predictable,23.07,0,,,3,,,130,Sound,,,
0,FORT,,1,1777024441.638954,70.96,Game,1,Predictable,23.09,0,,,3,,,130,Sound,,,
0,FORT,,1,1777024441.638954,70.96,Game,1,Predictable,23.1,0,,,3,,,130,Sound,,,
0,FORT,,1,1777024441.638954,70.98,Game,1,Predictable,23.11,0,,,3,,,130,Sound,,,
0,FORT,,1,1777024441.638954,70.99,Game,1,Predictable,23.12,0,,,3,,,130,Sound,,,
0,FORT,,1,1777024441.638954,71.0,Game,1,Predictable,23.13,0,,,3,,,130,Sound,,,
0,FORT,,1,1777024441.638954,71.01,Game,1,Predictable,23.14,0,,,3,,,130,Sound,,,
0,FORT,,1,1777024441.638954,71.02,Game,1,Predictable,23.15,0,,,3,,,130,Sound,,,
0,FORT,,1,1777024441.638954,71.03,Game,1,Predictable,23.16,0,,,3,,,130,Sound,,,
0,FORT,,1,1777024441.638954,71.05,Game,1,Predictable,23.17,0,,,3,,,130,Sound,,,
0,FORT,,1,1777024441.638954,71.06,Game,1,Predictable,23.19,0,,,3,,,130,Sound,,,
0,FORT,,1,1777024441.638954,71.06,Game,1,Predictable,23.2,0,,,3,,,130,Sound,,,
0,FORT,,1,1777024441.638954,71.08,Game,1,Predictable,23.21,0,,,3,,,130,Sound,,,
0,FORT,,1,1777024441.638954,71.09,Game,1,Predictable,23.22,0,,,3,,,130,Sound,,,
0,FORT,,1,1777024441.638954,71.1,Game,1,Predictable,23.23,0,,,3,,,130,Sound,,,
0,FORT,,1,1777024441.638954,71.11,Game,1,Predictable,23.24,0,,,3,,,130,Sound,,,
0,FORT,,1,1777024441.638954,71.12,Game,1,Predictable,23.25,0,,,3,,,130,Sound,,,
0,FORT,,1,1777024441.638954,71.13,Game,1,Predictable,23.26,0,,,3,,,130,Sound,,,
0,FORT,,1,1777024441.638954,71.15,Game,1,Predictable,23.27,0,,,3,,,130,Sound,,,
0,FORT,,1,1777024441.638954,71.16,Game,1,Predictable,23.29,0,,,3,,,130,Sound,,,
0,FORT,,1,1777024441.638954,71.16,Game,1,Predictable,23.3,0,,,3,,,130,Sound,,,
0,FORT,,1,1777024441.638954,71.18,Game,1,Predictable,23.31,0,,,3,,,130,Sound,,,
0,FORT,,1,1777024441.638954,71.19,Game,1,Predictable,23.32,0,,,3,,,130,Sound,,,
0,FORT,,1,1777024441.638954,71.2,Game,1,Predictable,23.33,0,,,3,,,130,Sound,,,
0,FORT,,1,1777024441.638954,71.21,Game,1,Predictable,23.34,0,,,3,,,130,Sound,,,
0,FORT,,1,1777024441.638954,71.22,Game,1,Predictable,23.35,0,,,3,,,130,Sound,,,
0,FORT,,1,1777024441.638954,71.23,Game,1,Predictable,23.36,0,,,3,,,130,Sound,,,
0,FORT,,1,1777024441.638954,71.25,Game,1,Predictable,23.37,0,,,3,,,130,Sound,,,
0,FORT,,1,1777024441.638954,71.26,Game,1,Predictable,23.39,0,,,3,,,130,Sound,,,
0,FORT,,1,1777024441.638954,71.26,Game,1,Predictable,23.4,0,,,3,,,130,Sound,,,
0,FORT,,1,1777024441.638954,71.28,Game,1,Predictable,23.41,0,,,3,,,130,Sound,,,
0,FORT,,1,1777024441.638954,71.29,Game,1,Predictable,23.42,0,,,3,,,130,Sound,,,
0,FORT,,1,1777024441.638954,71.3,Game,1,Predictable,23.43,0,,,3,,,130,Sound,,,
0,FORT,,1,1777024441.638954,71.31,Game,1,Predictable,23.44,0,,,3,,,130,Sound,,,
0,FORT,,1,1777024441.638954,71.32,Game,1,Predictable,23.45,0,,,3,,,130,Sound,,,
0,FORT,,1,1777024441.638954,71.33,Game,1,Predictable,23.46,0,,,3,,,130,Sound,,,
0,FORT,,1,1777024441.638954,71.35,Game,1,Predictable,23.47,0,,,3,,,130,Sound,,,
0,FORT,,1,1777024441.638954,71.36,Game,1,Predictable,23.49,0,,,3,,,130,Sound,,,
0,FORT,,1,1777024441.638954,71.36,Game,1,Predictable,23.5,0,,,3,,,130,Sound,,,
0,FORT,,1,1777024441.638954,71.38,Game,1,Predictable,23.51,0,,,3,,,130,Sound,,,
0,FORT,,1,1777024441.638954,71.39,Game,1,Predictable,23.52,0,,,3,,,130,Sound,,,
0,FORT,,1,1777024441.638954,71.4,Game,1,Predictable,23.53,0,,,3,,,130,Sound,,,
0,FORT,,1,1777024441.638954,71.41,Game,1,Predictable,23.54,0,,,3,,,130,Sound,,,
0,FORT,,1,1777024441.638954,71.42,Game,1,Predictable,23.55,0,,,3,,,130,Sound,,,
0,FORT,,1,1777024441.638954,71.43,Game,1,Predictable,23.56,0,,,3,,,130,Sound,,,
0,FORT,,1,1777024441.638954,71.45,Game,1,Predictable,23.57,0,,,3,,,130,Sound,,,
0,FORT,,1,1777024441.638954,71.46,Game,1,Predictable,23.59,0,,,3,,,130,Sound,,,
0,FORT,,1,1777024441.638954,71.46,Game,1,Predictable,23.6,0,,,3,,,130,Sound,,,
0,FORT,,1,1777024441.638954,71.48,Game,1,Predictable,23.61,0,,,3,,,130,Sound,,,
0,FORT,,1,1777024441.638954,71.49,Game,1,Predictable,23.62,0,,,3,,,130,Sound,,,
0,FORT,,1,1777024441.638954,71.5,Game,1,Predictable,23.63,0,,,3,,,130,Sound,,,
0,FORT,,1,1777024441.638954,71.51,Game,1,Predictable,23.64,0,,,3,,,130,Sound,,,
0,FORT,,1,1777024441.638954,71.52,Game,1,Predictable,23.65,0,,,3,,,130,Sound,,,
0,FORT,,1,1777024441.638954,71.53,Game,1,Predictable,23.66,0,,,3,,,130,Sound,,,
0,FORT,,1,1777024441.638954,71.55,Game,1,Predictable,23.67,0,,,3,,,130,Sound,,,
0,FORT,,1,1777024441.638954,71.56,Game,1,Predictable,23.69,0,,,3,,,130,Sound,,,
0,FORT,,1,1777024441.638954,71.57,Game,1,Predictable,23.7,0,,,3,,,130,Sound,,,
0,FORT,,1,1777024441.638954,71.58,Game,1,Predictable,23.71,0,,,3,,,130,Sound,,,
0,FORT,,1,1777024441.638954,71.59,Game,1,Predictable,23.72,0,,,3,,,130,Sound,,,
0,FORT,,1,1777024441.638954,71.6,Game,1,Predictable,23.73,0,,,3,,,130,Sound,,,
0,FORT,,1,1777024441.638954,71.61,Game,1,Predictable,23.74,0,,,3,,,130,Sound,,,
0,FORT,,1,1777024441.638954,71.62,Game,1,Predictable,23.75,0,,,3,,,130,Sound,,,
0,FORT,,1,1777024441.638954,71.63,Game,1,Predictable,23.76,0,,,3,,,130,Sound,,,
0,FORT,,1,1777024441.638954,71.65,Game,1,Predictable,23.77,0,,,3,,,130,Sound,,,
0,FORT,,1,1777024441.638954,71.66,Game,1,Predictable,23.79,0,,,3,,,130,Sound,,,
0,FORT,,1,1777024441.638954,71.66,Game,1,Predictable,23.8,0,,,3,,,130,Sound,,,
0,FORT,,1,1777024441.638954,71.68,Game,1,Predictable,23.81,0,,,3,,,130,Sound,,,
0,FORT,,1,1777024441.638954,71.69,Game,1,Predictable,23.82,0,,,3,,,130,Sound,,,
0,FORT,,1,1777024441.638954,71.7,Game,1,Predictable,23.83,0,,,3,,,130,Sound,,,
0,FORT,,1,1777024441.638954,71.71,Game,1,Predictable,23.84,0,,,3,,,130,Sound,,,
0,FORT,,1,1777024441.638954,71.72,Game,1,Predictable,23.85,0,,,3,,,130,Sound,,,
0,FORT,,1,1777024441.638954,71.73,Game,1,Predictable,23.86,0,,,3,,,130,Sound,,,
0,FORT,,1,1777024441.638954,71.75,Game,1,Predictable,23.87,0,,,3,,,130,Sound,,,
0,FORT,,1,1777024441.638954,71.76,Game,1,Predictable,23.89,0,,,3,,,130,Sound,,,
0,FORT,,1,1777024441.638954,71.77,Game,1,Predictable,23.9,0,,,3,,,130,Sound,,,
0,FORT,,1,1777024441.638954,71.78,Game,1,Predictable,23.91,0,,,3,,,130,Sound,,,
0,FORT,,1,1777024441.638954,71.79,Game,1,Predictable,23.92,0,,,3,,,130,Sound,,,
0,FORT,,1,1777024441.638954,71.8,Game,1,Predictable,23.93,0,,,3,,,130,Sound,,,
0,FORT,,1,1777024441.638954,71.81,Game,1,Predictable,23.94,0,,,3,,,130,Sound,,,
0,FORT,,1,1777024441.638954,71.82,Game,1,Predictable,23.95,0,,,3,,,130,Sound,,,
0,FORT,,1,1777024441.638954,71.83,Game,1,Predictable,23.96,0,,,3,,,130,Sound,,,
0,FORT,,1,1777024441.638954,71.85,Game,1,Predictable,23.97,0,,,3,,,130,Sound,,,
0,FORT,,1,1777024441.638954,71.86,Game,1,Predictable,23.99,0,,,3,,,130,Sound,,,
0,FORT,,1,1777024441.638954,71.87,Game,1,Predictable,24.0,0,,,3,,,130,Sound,,,
0,FORT,,1,1777024441.638954,71.88,Game,1,Predictable,24.01,0,,,3,,,130,Sound,,,
0,FORT,,1,1777024441.638954,71.89,Game,1,Predictable,24.02,0,,,3,,,130,Sound,,,
0,FORT,,1,1777024441.638954,71.9,Game,1,Predictable,24.03,0,,,3,,,130,Sound,,,
0,FORT,,1,1777024441.638954,71.91,Game,1,Predictable,24.04,0,,,3,,,130,Sound,,,
0,FORT,,1,1777024441.638954,71.92,Game,1,Predictable,24.05,0,,,3,,,130,Sound,,,
0,FORT,,1,1777024441.638954,71.93,Game,1,Predictable,24.06,0,,,3,,,130,Sound,,,
0,FORT,,1,1777024441.638954,71.95,Game,1,Predictable,24.07,0,,,3,,,130,Sound,,,
0,FORT,,1,1777024441.638954,71.96,Game,1,Predictable,24.09,0,,,3,,,130,Sound,,,
0,FORT,,1,1777024441.638954,71.97,Game,1,Predictable,24.1,0,,,3,,,130,Sound,,,
0,FORT,,1,1777024441.638954,71.98,Game,1,Predictable,24.11,0,,,3,,,130,Sound,,,
0,FORT,,1,1777024441.638954,71.99,Game,1,Predictable,24.12,0,,,3,,,130,Sound,,,
0,FORT,,1,1777024441.638954,72.0,Game,1,Predictable,24.13,0,,,3,,,130,Sound,,,
0,FORT,,1,1777024441.638954,72.01,Game,1,Predictable,24.14,0,,,3,,,130,Sound,,,
0,FORT,,1,1777024441.638954,72.02,Game,1,Predictable,24.15,0,,,3,,,130,Sound,,,
0,FORT,,1,1777024441.638954,72.03,Game,1,Predictable,24.16,0,,,3,,,130,Sound,,,
0,FORT,,1,1777024441.638954,72.05,Game,1,Predictable,24.17,0,,,3,,,130,Sound,,,
0,FORT,,1,1777024441.638954,72.06,Game,1,Predictable,24.19,0,,,3,,,130,Sound,,,
0,FORT,,1,1777024441.638954,72.07,Game,1,Predictable,24.2,0,,,3,,,130,Sound,,,
0,FORT,,1,1777024441.638954,72.08,Game,1,Predictable,24.21,0,,,3,,,130,Sound,,,
0,FORT,,1,1777024441.638954,72.09,Game,1,Predictable,24.22,0,,,3,,,130,Sound,,,
0,FORT,,1,1777024441.638954,72.1,Game,1,Predictable,24.23,0,,,3,,,130,Sound,,,
0,FORT,,1,1777024441.638954,72.11,Game,1,Predictable,24.24,0,,,3,,,130,Sound,,,
0,FORT,,1,1777024441.638954,72.12,Game,1,Predictable,24.25,0,,,3,,,130,Sound,,,
0,FORT,,1,1777024441.638954,72.13,Game,1,Predictable,24.26,0,,,3,,,130,Sound,,,
0,FORT,,1,1777024441.638954,72.15,Game,1,Predictable,24.27,0,,,3,,,130,Sound,,,
0,FORT,,1,1777024441.638954,72.16,Game,1,Predictable,24.29,0,,,3,,,130,Sound,,,
0,FORT,,1,1777024441.638954,72.17,Game,1,Predictable,24.3,0,,,3,,,130,Sound,,,
0,FORT,,1,1777024441.638954,72.18,Game,1,Predictable,24.31,0,,,3,,,130,Sound,,,
0,FORT,,1,1777024441.638954,72.19,Game,1,Predictable,24.32,0,,,3,,,130,Sound,,,
0,FORT,,1,1777024441.638954,72.2,Game,1,Predictable,24.33,0,,,3,,,130,Sound,,,
0,FORT,,1,1777024441.638954,72.21,Game,1,Predictable,24.34,0,,,3,,,130,Sound,,,
0,FORT,,1,1777024441.638954,72.22,Game,1,Predictable,24.35,0,,,3,,,130,Sound,,,
0,FORT,,1,1777024441.638954,72.23,Game,1,Predictable,24.36,0,,,3,,,130,Sound,,,
0,FORT,,1,1777024441.638954,72.25,Game,1,Predictable,24.37,0,,,3,,,130,Sound,,,
0,FORT,,1,1777024441.638954,72.26,Game,1,Predictable,24.39,0,,,3,,,130,Sound,,,
0,FORT,,1,1777024441.638954,72.27,Game,1,Predictable,24.4,0,,,3,,,130,Sound,,,
0,FORT,,1,1777024441.638954,72.28,Game,1,Predictable,24.41,0,,,3,,,130,Sound,,,
0,FORT,,1,1777024441.638954,72.29,Game,1,Predictable,24.42,0,,,3,,,130,Sound,,,
0,FORT,,1,1777024441.638954,72.3,Game,1,Predictable,24.43,0,,,3,,,130,Sound,,,
0,FORT,,1,1777024441.638954,72.31,Game,1,Predictable,24.44,0,,,3,,,130,Sound,,,
0,FORT,,1,1777024441.638954,72.32,Game,1,Predictable,24.45,0,,,3,,,130,Sound,,,
0,FORT,,1,1777024441.638954,72.33,Game,1,Predictable,24.46,0,,,3,,,130,Sound,,,
0,FORT,,1,1777024441.638954,72.34,Game,1,Predictable,24.47,0,,,3,,,130,Sound,,,
0,FORT,,1,1777024441.638954,72.36,Game,1,Predictable,24.49,0,,,3,,,130,Sound,,,
0,FORT,,1,1777024441.638954,72.36,Game,1,Predictable,24.5,0,,,3,,,130,Sound,,,
0,FORT,,1,1777024441.638954,72.38,Game,1,Predictable,24.51,0,,,3,,,130,Sound,,,
0,FORT,,1,1777024441.638954,72.39,Game,1,Predictable,24.52,0,,,3,,,130,Sound,,,
0,FORT,,1,1777024441.638954,72.4,Game,1,Predictable,24.53,0,,,3,,,130,Sound,,,
0,FORT,,1,1777024441.638954,72.41,Game,1,Predictable,24.54,0,,,3,,,130,Sound,,,
0,FORT,,1,1777024441.638954,72.42,Game,1,Predictable,24.55,0,,,3,,,130,Sound,,,
0,FORT,,1,1777024441.638954,72.43,Game,1,Predictable,24.56,0,,,3,,,130,Sound,,,
0,FORT,,1,1777024441.638954,72.45,Game,1,Predictable,24.57,0,,,3,,,130,Sound,,,
0,FORT,,1,1777024441.638954,72.46,Game,1,Predictable,24.59,0,,,3,,,130,Sound,,,
0,FORT,,1,1777024441.638954,72.47,Game,1,Predictable,24.6,0,,,3,,,130,Sound,,,
0,FORT,,1,1777024441.638954,72.48,Game,1,Predictable,24.61,0,,,3,,,130,Sound,,,
0,FORT,,1,1777024441.638954,72.49,Game,1,Predictable,24.62,0,,,3,,,130,Sound,,,
0,FORT,,1,1777024441.638954,72.5,Game,1,Predictable,24.63,0,,,3,,,130,Sound,,,
0,FORT,,1,1777024441.638954,72.51,Game,1,Predictable,24.64,0,,,3,,,130,Sound,,,
0,FORT,,1,1777024441.638954,72.52,Game,1,Predictable,24.65,0,,,3,,,130,Sound,,,
0,FORT,,1,1777024441.638954,72.53,Game,1,Predictable,24.66,0,,,3,,,130,Sound,,,
0,FORT,,1,1777024441.638954,72.55,Game,1,Predictable,24.67,0,,,3,,,130,Sound,,,
0,FORT,,1,1777024441.638954,72.56,Game,1,Predictable,24.69,0,,,3,,,130,Sound,,,
0,FORT,,1,1777024441.638954,72.57,Game,1,Predictable,24.7,0,,,3,,,130,Sound,,,
0,FORT,,1,1777024441.638954,72.58,Game,1,Predictable,24.71,0,,,3,,,130,Sound,,,
0,FORT,,1,1777024441.638954,72.59,Game,1,Predictable,24.72,0,,,3,,,130,Sound,,,
0,FORT,,1,1777024441.638954,72.6,Game,1,Predictable,24.73,0,,,3,,,130,Sound,,,
0,FORT,,1,1777024441.638954,72.61,Game,1,Predictable,24.74,0,,,3,,,130,Sound,,,
0,FORT,,1,1777024441.638954,72.62,Game,1,Predictable,24.75,0,,,3,,,130,Sound,,,
0,FORT,,1,1777024441.638954,72.63,Game,1,Predictable,24.76,0,,,3,,,130,Sound,,,
0,FORT,,1,1777024441.638954,72.65,Game,1,Predictable,24.77,0,,,3,,,130,Sound,,,
0,FORT,,1,1777024441.638954,72.66,Game,1,Predictable,24.79,0,,,3,,,130,Sound,,,
0,FORT,,1,1777024441.638954,72.67,Game,1,Predictable,24.8,0,,,3,,,130,Sound,,,
0,FORT,,1,1777024441.638954,72.68,Game,1,Predictable,24.81,0,,,3,,,130,Sound,,,
0,FORT,,1,1777024441.638954,72.69,Game,1,Predictable,24.82,0,,,3,,,130,Sound,,,
0,FORT,,1,1777024441.638954,72.7,Game,1,Predictable,24.83,0,,,3,,,130,Sound,,,
0,FORT,,1,1777024441.638954,72.71,Game,1,Predictable,24.84,0,,,3,,,130,Sound,,,
0,FORT,,1,1777024441.638954,72.72,Game,1,Predictable,24.85,0,,,3,,,130,Sound,,,
0,FORT,,1,1777024441.638954,72.73,Game,1,Predictable,24.86,0,,,3,,,130,Sound,,,
0,FORT,,1,1777024441.638954,72.75,Game,1,Predictable,24.87,0,,,3,,,130,Sound,,,
0,FORT,,1,1777024441.638954,72.76,Game,1,Predictable,24.89,0,,,3,,,130,Sound,,,
0,FORT,,1,1777024441.638954,72.77,Game,1,Predictable,24.9,0,,,3,,,130,Sound,,,
0,FORT,,1,1777024441.638954,72.78,Game,1,Predictable,24.91,0,,,3,,,130,Sound,,,
0,FORT,,1,1777024441.638954,72.79,Game,1,Predictable,24.92,0,,,3,,,130,Sound,,,
0,FORT,,1,1777024441.638954,72.8,Game,1,Predictable,24.93,0,,,3,,,130,Sound,,,
0,FORT,,1,1777024441.638954,72.81,Game,1,Predictable,24.94,0,,,3,,,130,Sound,,,
0,FORT,,1,1777024441.638954,72.82,Game,1,Predictable,24.95,0,,,3,,,130,Sound,,,
0,FORT,,1,1777024441.638954,72.83,Game,1,Predictable,24.96,0,,,3,,,130,Sound,,,
0,FORT,,1,1777024441.638954,72.85,Game,1,Predictable,24.97,0,,,3,,,130,Sound,,,
0,FORT,,1,1777024441.638954,72.86,Game,1,Predictable,24.99,0,,,3,,,130,Sound,,,
0,FORT,,1,1777024441.638954,72.87,Game,1,Predictable,25.0,0,,,3,,,130,Sound,,,
0,FORT,,1,1777024441.638954,72.88,Game,1,Predictable,25.01,0,,,3,,,130,Sound,,,
0,FORT,,1,1777024441.638954,72.89,Game,1,Predictable,25.02,0,,,3,,,130,Sound,,,
0,FORT,,1,1777024441.638954,72.9,Game,1,Predictable,25.03,0,,,3,,,130,Sound,,,
0,FORT,,1,1777024441.638954,72.91,Game,1,Predictable,25.04,0,,,3,,,130,Sound,,,
0,FORT,,1,1777024441.638954,72.92,Game,1,Predictable,25.05,0,,,3,,,130,Sound,,,
0,FORT,,1,1777024441.638954,72.93,Game,1,Predictable,25.06,0,,,3,,,130,Sound,,,
0,FORT,,1,1777024441.638954,72.95,Game,1,Predictable,25.07,0,,,3,,,130,Sound,,,
0,FORT,,1,1777024441.638954,72.96,Game,1,Predictable,25.09,0,,,3,,,130,Sound,,,
0,FORT,,1,1777024441.638954,72.97,Game,1,Predictable,25.1,0,,,3,,,130,Sound,,,
0,FORT,,1,1777024441.638954,72.98,Game,1,Predictable,25.11,0,,,3,,,130,Sound,,,
0,FORT,,1,1777024441.638954,72.99,Game,1,Predictable,25.12,0,,,3,,,130,Sound,,,
0,FORT,,1,1777024441.638954,73.0,Game,1,Predictable,25.13,0,,,3,,,130,Sound,,,
0,FORT,,1,1777024441.638954,73.01,Game,1,Predictable,25.14,0,,,3,,,130,Sound,,,
0,FORT,,1,1777024441.638954,73.02,Game,1,Predictable,25.15,0,,,3,,,130,Sound,,,
0,FORT,,1,1777024441.638954,73.03,Game,1,Predictable,25.16,0,,,3,,,130,Sound,,,
0,FORT,,1,1777024441.638954,73.05,Game,1,Predictable,25.17,0,,,3,,,130,Sound,,,
0,FORT,,1,1777024441.638954,73.06,Game,1,Predictable,25.19,0,,,3,,,130,Sound,,,
0,FORT,,1,1777024441.638954,73.07,Game,1,Predictable,25.2,0,,,3,,,130,Sound,,,
0,FORT,,1,1777024441.638954,73.08,Game,1,Predictable,25.21,0,,,3,,,130,Sound,,,
0,FORT,,1,1777024441.638954,73.09,Game,1,Predictable,25.22,0,,,3,,,130,Sound,,,
0,FORT,,1,1777024441.638954,73.1,Game,1,Predictable,25.23,0,,,3,,,130,Sound,,,
0,FORT,,1,1777024441.638954,73.11,Game,1,Predictable,25.24,0,,,3,,,130,Sound,,,
0,FORT,,1,1777024441.638954,73.12,Game,1,Predictable,25.25,0,,,3,,,130,Sound,,,
0,FORT,,1,1777024441.638954,73.13,Game,1,Predictable,25.26,0,,,3,,,130,Sound,,,
0,FORT,,1,1777024441.638954,73.15,Game,1,Predictable,25.27,0,,,3,,,130,Sound,,,
0,FORT,,1,1777024441.638954,73.16,Game,1,Predictable,25.29,0,,,3,,,130,Sound,,,
0,FORT,,1,1777024441.638954,73.17,Game,1,Predictable,25.3,0,,,3,,,130,Sound,,,
0,FORT,,1,1777024441.638954,73.18,Game,1,Predictable,25.31,0,,,3,,,130,Sound,,,
0,FORT,,1,1777024441.638954,73.19,Game,1,Predictable,25.32,0,,,3,,,130,Sound,,,
0,FORT,,1,1777024441.638954,73.2,Game,1,Predictable,25.33,0,,,3,,,130,Sound,,,
0,FORT,,1,1777024441.638954,73.21,Game,1,Predictable,25.34,0,,,3,,,130,Sound,,,
0,FORT,,1,1777024441.638954,73.22,Game,1,Predictable,25.35,0,,,3,,,130,Sound,,,
0,FORT,,1,1777024441.638954,73.23,Game,1,Predictable,25.36,0,,,3,,,130,Sound,,,
0,FORT,,1,1777024441.638954,73.25,Game,1,Predictable,25.37,0,,,3,,,130,Sound,,,
0,FORT,,1,1777024441.638954,73.26,Game,1,Predictable,25.39,0,,,3,,,130,Sound,,,
0,FORT,,1,1777024441.638954,73.27,Game,1,Predictable,25.4,0,,,3,,,130,Sound,,,
0,FORT,,1,1777024441.638954,73.28,Game,1,Predictable,25.41,0,,,3,,,130,Sound,,,
0,FORT,,1,1777024441.638954,73.29,Game,1,Predictable,25.42,0,,,3,,,130,Sound,,,
0,FORT,,1,1777024441.638954,73.3,Game,1,Predictable,25.43,0,,,3,,,130,Sound,,,
0,FORT,,1,1777024441.638954,73.31,Game,1,Predictable,25.44,0,,,3,,,130,Sound,,,
0,FORT,,1,1777024441.638954,73.32,Game,1,Predictable,25.45,0,,,3,,,130,Sound,,,
0,FORT,,1,1777024441.638954,73.33,Game,1,Predictable,25.46,0,,,3,,,130,Sound,,,
0,FORT,,1,1777024441.638954,73.35,Game,1,Predictable,25.47,0,,,3,,,130,Sound,,,
0,FORT,,1,1777024441.638954,73.36,Game,1,Predictable,25.49,0,,,3,,,130,Sound,,,
0,FORT,,1,1777024441.638954,73.37,Game,1,Predictable,25.5,0,,,4,,,130,Sound,,,
0,FORT,,1,1777024441.638954,73.38,Game,1,Predictable,25.51,0,,,4,,,130,Sound,,,
0,FORT,,1,1777024441.638954,73.4,Game,1,Predictable,25.52,0,,,4,,,130,Sound,,,
0,FORT,,1,1777024441.638954,73.41,Game,1,Predictable,25.54,0,,,4,,,130,Sound,,,
0,FORT,,1,1777024441.638954,73.42,Game,1,Predictable,25.55,0,,,4,,,130,Sound,,,
0,FORT,,1,1777024441.638954,73.43,Game,1,Predictable,25.56,0,,,4,,,130,Sound,,,
0,FORT,,1,1777024441.638954,73.44,Game,1,Predictable,25.57,0,,,4,,,130,Sound,,,
0,FORT,,1,1777024441.638954,73.45,Game,1,Predictable,25.58,0,,,4,,,130,Sound,,,
0,FORT,,1,1777024441.638954,73.46,Game,1,Predictable,25.59,0,,,4,,,130,Sound,,,
0,FORT,,1,1777024441.638954,73.47,Game,1,Predictable,25.6,0,,,4,,,130,Sound,,,
0,FORT,,1,1777024441.638954,73.48,Game,1,Predictable,25.61,0,,,4,,,130,Sound,,,
0,FORT,,1,1777024441.638954,73.5,Game,1,Predictable,25.62,0,,,4,,,130,Sound,,,
0,FORT,,1,1777024441.638954,73.51,Game,1,Predictable,25.64,0,,,4,,,130,Sound,,,
0,FORT,,1,1777024441.638954,73.52,Game,1,Predictable,25.65,0,,,4,,,130,Sound,,,
0,FORT,,1,1777024441.638954,73.53,Game,1,Predictable,25.66,0,,,4,,,130,Sound,,,
0,FORT,,1,1777024441.638954,73.54,Game,1,Predictable,25.67,0,,,4,,,130,Sound,,,
0,FORT,,1,1777024441.638954,73.55,Game,1,Predictable,25.68,0,,,4,,,130,Sound,,,
0,FORT,,1,1777024441.638954,73.56,Game,1,Predictable,25.69,0,,,4,,,130,Sound,,,
0,FORT,,1,1777024441.638954,73.57,Game,1,Predictable,25.7,0,,,4,,,130,Sound,,,
0,FORT,,1,1777024441.638954,73.58,Game,1,Predictable,25.71,0,,,4,,,130,Sound,,,
0,FORT,,1,1777024441.638954,73.6,Game,1,Predictable,25.72,0,,,4,,,130,Sound,,,
0,FORT,,1,1777024441.638954,73.61,Game,1,Predictable,25.74,0,,,4,,,130,Sound,,,
0,FORT,,1,1777024441.638954,73.62,Game,1,Predictable,25.75,0,,,4,,,130,Sound,,,
0,FORT,,1,1777024441.638954,73.63,Game,1,Predictable,25.76,0,,,4,,,130,Sound,,,
0,FORT,,1,1777024441.638954,73.64,Game,1,Predictable,25.77,0,,,4,,,130,Sound,,,
0,FORT,,1,1777024441.638954,73.65,Game,1,Predictable,25.78,0,,,4,,,130,Sound,,,
0,FORT,,1,1777024441.638954,73.66,Game,1,Predictable,25.79,0,,,4,,,130,Sound,,,
0,FORT,,1,1777024441.638954,73.67,Game,1,Predictable,25.8,0,,,4,,,130,Sound,,,
0,FORT,,1,1777024441.638954,73.68,Game,1,Predictable,25.81,0,,,4,,,130,Sound,,,
0,FORT,,1,1777024441.638954,73.7,Game,1,Predictable,25.82,0,,,4,,,130,Sound,,,
0,FORT,,1,1777024441.638954,73.71,Game,1,Predictable,25.84,0,,,4,,,130,Sound,,,
0,FORT,,1,1777024441.638954,73.72,Game,1,Predictable,25.85,0,,,4,,,130,Sound,,,
0,FORT,,1,1777024441.638954,73.73,Game,1,Predictable,25.86,0,,,4,,,130,Sound,,,
0,FORT,,1,1777024441.638954,73.74,Game,1,Predictable,25.87,0,,,4,,,130,Sound,,,
0,FORT,,1,1777024441.638954,73.75,Game,1,Predictable,25.88,0,,,4,,,130,Sound,,,
0,FORT,,1,1777024441.638954,73.76,Game,1,Predictable,25.89,0,,,4,,,130,Sound,,,
0,FORT,,1,1777024441.638954,73.77,Game,1,Predictable,25.9,0,,,4,,,130,Sound,,,
0,FORT,,1,1777024441.638954,73.79,Game,1,Predictable,25.91,0,,,5,,,130,Sound,,,
0,FORT,,1,1777024441.638954,73.8,Game,1,Predictable,25.93,0,,,5,,,130,Sound,,,
0,FORT,,1,1777024441.638954,73.81,Game,1,Predictable,25.94,0,,,5,,,130,Sound,,,
0,FORT,,1,1777024441.638954,73.82,Game,1,Predictable,25.95,0,,,5,,,130,Sound,,,
0,FORT,,1,1777024441.638954,73.83,Game,1,Predictable,25.96,0,,,5,,,130,Sound,,,
0,FORT,,1,1777024441.638954,73.85,Game,1,Predictable,25.97,0,,,5,,,130,Sound,,,
0,FORT,,1,1777024441.638954,73.86,Game,1,Predictable,25.99,0,,,5,,,130,Sound,,,
0,FORT,,1,1777024441.638954,73.87,Game,1,Predictable,26.0,0,,,5,,,130,Sound,,,
0,FORT,,1,1777024441.638954,73.88,Game,1,Predictable,26.01,0,,,5,,,130,Sound,,,
0,FORT,,1,1777024441.638954,73.89,Game,1,Predictable,26.02,0,,,5,,,130,Sound,,,
0,FORT,,1,1777024441.638954,73.9,Game,1,Predictable,26.03,0,,,5,,,130,Sound,,,
0,FORT,,1,1777024441.638954,73.91,Game,1,Predictable,26.04,0,,,5,,,130,Sound,,,
0,FORT,,1,1777024441.638954,73.92,Game,1,Predictable,26.05,0,,,5,,,130,Sound,,,
0,FORT,,1,1777024441.638954,73.93,Game,1,Predictable,26.06,0,,,5,,,130,Sound,,,
0,FORT,,1,1777024441.638954,73.95,Game,1,Predictable,26.08,0,,,5,,,130,Sound,,,
0,FORT,,1,1777024441.638954,73.96,Game,1,Predictable,26.09,0,,,5,,,130,Sound,,,
0,FORT,,1,1777024441.638954,73.97,Game,1,Predictable,26.1,0,,,5,,,130,Sound,,,
0,FORT,,1,1777024441.638954,73.98,Game,1,Predictable,26.11,0,,,5,,,130,Sound,,,
0,FORT,,1,1777024441.638954,73.99,Game,1,Predictable,26.12,0,,,5,,,130,Sound,,,
0,FORT,,1,1777024441.638954,74.0,Game,1,Predictable,26.13,0,,,5,,,130,Sound,,,
0,FORT,,1,1777024441.638954,74.01,Game,1,Predictable,26.14,0,,,5,,,130,Sound,,,
0,FORT,,1,1777024441.638954,74.02,Game,1,Predictable,26.15,0,,,5,,,130,Sound,,,
0,FORT,,1,1777024441.638954,74.03,Game,1,Predictable,26.16,0,,,5,,,130,Sound,,,
0,FORT,,1,1777024441.638954,74.05,Game,1,Predictable,26.17,0,,,5,,,130,Sound,,,
0,FORT,,1,1777024441.638954,74.06,Game,1,Predictable,26.19,0,,,5,,,130,Sound,,,
0,FORT,,1,1777024441.638954,74.07,Game,1,Predictable,26.2,0,,,5,,,130,Sound,,,
0,FORT,,1,1777024441.638954,74.08,Game,1,Predictable,26.21,0,,,5,,,130,Sound,,,
0,FORT,,1,1777024441.638954,74.09,Game,1,Predictable,26.22,0,,,5,,,130,Sound,,,
0,FORT,,1,1777024441.638954,74.1,Game,1,Predictable,26.23,0,,,5,,,130,Sound,,,
0,FORT,,1,1777024441.638954,74.11,Game,1,Predictable,26.24,0,,,5,,,130,Sound,,,
0,FORT,,1,1777024441.638954,74.12,Game,1,Predictable,26.25,0,,,5,,,130,Sound,,,
0,FORT,,1,1777024441.638954,74.13,Game,1,Predictable,26.26,0,,,5,,,130,Sound,,,
0,FORT,,1,1777024441.638954,74.15,Game,1,Predictable,26.27,0,,,5,,,130,Sound,,,
0,FORT,,1,1777024441.638954,74.16,Game,1,Predictable,26.29,0,,,5,,,130,Sound,,,
0,FORT,,1,1777024441.638954,74.17,Game,1,Predictable,26.3,0,,,5,,,130,Sound,,,
0,FORT,,1,1777024441.638954,74.18,Game,1,Predictable,26.31,0,,,5,,,130,Sound,,,
0,FORT,,1,1777024441.638954,74.19,Game,1,Predictable,26.32,0,,,5,,,130,Sound,,,
0,FORT,,1,1777024441.638954,74.2,Game,1,Predictable,26.33,0,,,5,,,130,Sound,,,
0,FORT,,1,1777024441.638954,74.21,Game,1,Predictable,26.34,0,,,5,,,130,Sound,,,
0,FORT,,1,1777024441.638954,74.22,Game,1,Predictable,26.35,0,,,5,,,130,Sound,,,
0,FORT,,1,1777024441.638954,74.23,Game,1,Predictable,26.36,0,,,5,,,130,Sound,,,
0,FORT,,1,1777024441.638954,74.25,Game,1,Predictable,26.38,0,,,5,,,130,Sound,,,
0,FORT,,1,1777024441.638954,74.26,Game,1,Predictable,26.39,0,,,5,,,130,Sound,,,
0,FORT,,1,1777024441.638954,74.27,Game,1,Predictable,26.4,0,,,6,,,130,Sound,,,
0,FORT,,1,1777024441.638954,74.28,Game,1,Predictable,26.41,0,,,6,,,130,Sound,,,
0,FORT,,1,1777024441.638954,74.3,Game,1,Predictable,26.42,0,,,6,,,130,Sound,,,
0,FORT,,1,1777024441.638954,74.31,Game,1,Predictable,26.44,0,,,6,,,130,Sound,,,
0,FORT,,1,1777024441.638954,74.32,Game,1,Predictable,26.45,0,,,6,,,130,Sound,,,
0,FORT,,1,1777024441.638954,74.33,Game,1,Predictable,26.46,0,,,6,,,130,Sound,,,
0,FORT,,1,1777024441.638954,74.34,Game,1,Predictable,26.47,0,,,6,,,130,Sound,,,
0,FORT,,1,1777024441.638954,74.35,Game,1,Predictable,26.48,0,,,6,,,130,Sound,,,
0,FORT,,1,1777024441.638954,74.36,Game,1,Predictable,26.49,0,,,6,,,130,Sound,,,
0,FORT,,1,1777024441.638954,74.37,Game,1,Predictable,26.5,0,,,6,,,130,Sound,,,
0,FORT,,1,1777024441.638954,74.38,Game,1,Predictable,26.52,0,,,6,,,130,Sound,,,
0,FORT,,1,1777024441.638954,74.4,Game,1,Predictable,26.53,0,,,6,,,130,Sound,,,
0,FORT,,1,1777024441.638954,74.41,Game,1,Predictable,26.54,0,,,6,,,130,Sound,,,
0,FORT,,1,1777024441.638954,74.42,Game,1,Predictable,26.55,0,,,6,,,130,Sound,,,
0,FORT,,1,1777024441.638954,74.43,Game,1,Predictable,26.56,0,,,6,,,130,Sound,,,
0,FORT,,1,1777024441.638954,74.44,Game,1,Predictable,26.57,0,,,6,,,130,Sound,,,
0,FORT,,1,1777024441.638954,74.45,Game,1,Predictable,26.58,0,,,6,,,130,Sound,,,
0,FORT,,1,1777024441.638954,74.46,Game,1,Predictable,26.59,0,,,6,,,130,Sound,,,
0,FORT,,1,1777024441.638954,74.47,Game,1,Predictable,26.6,0,,,6,,,130,Sound,,,
0,FORT,,1,1777024441.638954,74.48,Game,1,Predictable,26.61,0,,,6,,,130,Sound,,,
0,FORT,,1,1777024441.638954,74.5,Game,1,Predictable,26.63,0,,,6,,,130,Sound,,,
0,FORT,,1,1777024441.638954,74.51,Game,1,Predictable,26.64,0,,,6,,,130,Sound,,,
0,FORT,,1,1777024441.638954,74.52,Game,1,Predictable,26.65,0,,,6,,,130,Sound,,,
0,FORT,,1,1777024441.638954,74.53,Game,1,Predictable,26.66,0,,,6,,,130,Sound,,,
0,FORT,,1,1777024441.638954,74.54,Game,1,Predictable,26.67,0,,,6,,,130,Sound,,,
0,FORT,,1,1777024441.638954,74.55,Game,1,Predictable,26.68,0,,,6,,,130,Sound,,,
0,FORT,,1,1777024441.638954,74.56,Game,1,Predictable,26.69,0,,,6,,,130,Sound,,,
0,FORT,,1,1777024441.638954,74.57,Game,1,Predictable,26.7,0,,,6,,,130,Sound,,,
0,FORT,,1,1777024441.638954,74.58,Game,1,Predictable,26.71,0,,,6,,,130,Sound,,,
0,FORT,,1,1777024441.638954,74.6,Game,1,Predictable,26.72,0,,,6,,,130,Sound,,,
0,FORT,,1,1777024441.638954,74.61,Game,1,Predictable,26.74,0,,,6,,,130,Sound,,,
0,FORT,,1,1777024441.638954,74.62,Game,1,Predictable,26.75,0,,,6,,,130,Sound,,,
0,FORT,,1,1777024441.638954,74.63,Game,1,Predictable,26.76,0,,,6,,,130,Sound,,,
0,FORT,,1,1777024441.638954,74.64,Game,1,Predictable,26.77,0,,,6,,,130,Sound,,,
0,FORT,,1,1777024441.638954,74.65,Game,1,Predictable,26.78,0,,,6,,,130,Sound,,,
0,FORT,,1,1777024441.638954,74.68,Game,1,Predictable,26.79,0,,,6,,,130,Sound,,,
0,FORT,,1,1777024441.638954,74.7,Game,1,Predictable,26.82,0,,,6,,,130,Sound,,,
0,FORT,,1,1777024441.638954,74.71,Game,1,Predictable,26.84,0,,,6,,,130,Sound,,,
0,FORT,,1,1777024441.638954,74.72,Game,1,Predictable,26.85,0,,,7,,,130,Sound,,,
0,FORT,,1,1777024441.638954,74.73,Game,1,Predictable,26.86,0,,,7,,,130,Sound,,,
0,FORT,,1,1777024441.638954,74.75,Game,1,Predictable,26.87,0,,,7,,,130,Sound,,,
0,FORT,,1,1777024441.638954,74.76,Game,1,Predictable,26.89,0,,,7,,,130,Sound,,,
0,FORT,,1,1777024441.638954,74.77,Game,1,Predictable,26.9,0,,,7,,,130,Sound,,,
0,FORT,,1,1777024441.638954,74.78,Game,1,Predictable,26.91,0,,,7,,,130,Sound,,,
0,FORT,,1,1777024441.638954,74.79,Game,1,Predictable,26.92,0,,,7,,,130,Sound,,,
0,FORT,,1,1777024441.638954,74.8,Game,1,Predictable,26.93,0,,,7,,,130,Sound,,,
0,FORT,,1,1777024441.638954,74.81,Game,1,Predictable,26.94,0,,,7,,,130,Sound,,,
0,FORT,,1,1777024441.638954,74.82,Game,1,Predictable,26.95,0,,,7,,,130,Sound,,,
0,FORT,,1,1777024441.638954,74.83,Game,1,Predictable,26.96,0,,,7,,,130,Sound,,,
0,FORT,,1,1777024441.638954,74.85,Game,1,Predictable,26.98,0,,,7,,,130,Sound,,,
0,FORT,,1,1777024441.638954,74.86,Game,1,Predictable,26.99,0,,,7,,,130,Sound,,,
0,FORT,,1,1777024441.638954,74.87,Game,1,Predictable,27.0,0,,,7,,,130,Sound,,,
0,FORT,,1,1777024441.638954,74.88,Game,1,Predictable,27.01,0,,,7,,,130,Sound,,,
0,FORT,,1,1777024441.638954,74.89,Game,1,Predictable,27.02,0,,,7,,,130,Sound,,,
0,FORT,,1,1777024441.638954,74.9,Game,1,Predictable,27.03,0,,,7,,,130,Sound,,,
0,FORT,,1,1777024441.638954,74.91,Game,1,Predictable,27.04,0,,,7,,,130,Sound,,,
0,FORT,,1,1777024441.638954,74.92,Game,1,Predictable,27.05,0,,,7,,,130,Sound,,,
0,FORT,,1,1777024441.638954,74.93,Game,1,Predictable,27.07,0,,,7,,,130,Sound,,,
0,FORT,,1,1777024441.638954,74.95,Game,1,Predictable,27.08,0,,,7,,,130,Sound,,,
0,FORT,,1,1777024441.638954,74.96,Game,1,Predictable,27.09,0,,,7,,,130,Sound,,,
0,FORT,,1,1777024441.638954,74.97,Game,1,Predictable,27.1,0,,,7,,,130,Sound,,,
0,FORT,,1,1777024441.638954,74.98,Game,1,Predictable,27.11,0,,,7,,,130,Sound,,,
0,FORT,,1,1777024441.638954,74.99,Game,1,Predictable,27.12,0,,,7,,,130,Sound,,,
0,FORT,,1,1777024441.638954,75.0,Game,1,Predictable,27.13,0,,,7,,,130,Sound,,,
0,FORT,,1,1777024441.638954,75.01,Game,1,Predictable,27.14,0,,,7,,,130,Sound,,,
0,FORT,,1,1777024441.638954,75.02,Game,1,Predictable,27.15,0,,,7,,,130,Sound,,,
0,FORT,,1,1777024441.638954,75.03,Game,1,Predictable,27.16,0,,,7,,,130,Sound,,,
0,FORT,,1,1777024441.638954,75.05,Game,1,Predictable,27.18,0,,,7,,,130,Sound,,,
0,FORT,,1,1777024441.638954,75.06,Game,1,Predictable,27.19,0,,,7,,,130,Sound,,,
0,FORT,,1,1777024441.638954,75.07,Game,1,Predictable,27.2,0,,,7,,,130,Sound,,,
0,FORT,,1,1777024441.638954,75.08,Game,1,Predictable,27.21,0,,,7,,,130,Sound,,,
0,FORT,,1,1777024441.638954,75.09,Game,1,Predictable,27.22,0,,,7,,,130,Sound,,,
0,FORT,,1,1777024441.638954,75.1,Game,1,Predictable,27.23,0,,,7,,,130,Sound,,,
0,FORT,,1,1777024441.638954,75.11,Game,1,Predictable,27.24,0,,,7,,,130,Sound,,,
0,FORT,,1,1777024441.638954,75.12,Game,1,Predictable,27.25,0,,,7,,,130,Sound,,,
0,FORT,,1,1777024441.638954,75.13,Game,1,Predictable,27.26,0,,,7,,,130,Sound,,,
0,FORT,,1,1777024441.638954,75.15,Game,1,Predictable,27.28,0,,,7,,,130,Sound,,,
0,FORT,,1,1777024441.638954,75.16,Game,1,Predictable,27.29,0,,,7,,,130,Sound,,,
0,FORT,,1,1777024441.638954,75.17,Game,1,Predictable,27.3,0,,,7,,,130,Sound,,,
0,FORT,,1,1777024441.638954,75.18,Game,1,Predictable,27.31,0,,,7,,,130,Sound,,,
0,FORT,,1,1777024441.638954,75.19,Game,1,Predictable,27.32,0,,,7,,,130,Sound,,,
0,FORT,,1,1777024441.638954,75.2,Game,1,Predictable,27.33,0,,,7,,,130,Sound,,,
0,FORT,,1,1777024441.638954,75.21,Game,1,Predictable,27.34,0,,,7,,,130,Sound,,,
0,FORT,,1,1777024441.638954,75.22,Game,1,Predictable,27.35,0,,,7,,,130,Sound,,,
0,FORT,,1,1777024441.638954,75.23,Game,1,Predictable,27.36,0,,,7,,,130,Sound,,,
0,FORT,,1,1777024441.638954,75.25,Game,1,Predictable,27.38,0,,,7,,,130,Sound,,,
0,FORT,,1,1777024441.638954,75.26,Game,1,Predictable,27.39,0,,,7,,,130,Sound,,,
0,FORT,,1,1777024441.638954,75.27,Game,1,Predictable,27.4,0,,,7,,,130,Sound,,,
0,FORT,,1,1777024441.638954,75.28,Game,1,Predictable,27.41,0,,,7,,,130,Sound,,,
0,FORT,,1,1777024441.638954,75.29,Game,1,Predictable,27.42,0,,,7,,,130,Sound,,,
0,FORT,,1,1777024441.638954,75.3,Game,1,Predictable,27.43,0,,,7,,,130,Sound,,,
0,FORT,,1,1777024441.638954,75.31,Game,1,Predictable,27.44,0,,,7,,,130,Sound,,,
0,FORT,,1,1777024441.638954,75.32,Game,1,Predictable,27.45,0,,,7,,,130,Sound,,,
0,FORT,,1,1777024441.638954,75.33,Game,1,Predictable,27.47,0,,,7,,,130,Sound,,,
0,FORT,,1,1777024441.638954,75.35,Game,1,Predictable,27.48,0,,,7,,,130,Sound,,,
0,FORT,,1,1777024441.638954,75.36,Game,1,Predictable,27.49,0,,,7,,,130,Sound,,,
0,FORT,,1,1777024441.638954,75.37,Game,1,Predictable,27.5,0,,,7,,,130,Sound,,,
0,FORT,,1,1777024441.638954,75.38,Game,1,Predictable,27.51,0,,,7,,,130,Sound,,,
0,FORT,,1,1777024441.638954,75.39,Game,1,Predictable,27.52,0,,,7,,,130,Sound,,,
0,FORT,,1,1777024441.638954,75.4,Game,1,Predictable,27.53,0,,,7,,,130,Sound,,,
0,FORT,,1,1777024441.638954,75.41,Game,1,Predictable,27.54,0,,,7,,,130,Sound,,,
0,FORT,,1,1777024441.638954,75.42,Game,1,Predictable,27.55,0,,,7,,,130,Sound,,,
0,FORT,,1,1777024441.638954,75.43,Game,1,Predictable,27.57,0,,,7,,,130,Sound,,,
0,FORT,,1,1777024441.638954,75.45,Game,1,Predictable,27.58,0,,,7,,,130,Sound,,,
0,FORT,,1,1777024441.638954,75.46,Game,1,Predictable,27.59,0,,,7,,,130,Sound,,,
0,FORT,,1,1777024441.638954,75.47,Game,1,Predictable,27.6,0,,,7,,,130,Sound,,,
0,FORT,,1,1777024441.638954,75.48,Game,1,Predictable,27.61,0,,,7,,,130,Sound,,,
0,FORT,,1,1777024441.638954,75.49,Game,1,Predictable,27.62,0,,,7,,,130,Sound,,,
0,FORT,,1,1777024441.638954,75.5,Game,1,Predictable,27.63,0,,,7,,,130,Sound,,,
0,FORT,,1,1777024441.638954,75.51,Game,1,Predictable,27.64,0,,,7,,,130,Sound,,,
0,FORT,,1,1777024441.638954,75.52,Game,1,Predictable,27.65,0,,,7,,,130,Sound,,,
0,FORT,,1,1777024441.638954,75.53,Game,1,Predictable,27.67,0,,,7,,,130,Sound,,,
0,FORT,,1,1777024441.638954,75.55,Game,1,Predictable,27.68,0,,,7,,,130,Sound,,,
0,FORT,,1,1777024441.638954,75.56,Game,1,Predictable,27.69,0,,,7,,,130,Sound,,,
0,FORT,,1,1777024441.638954,75.57,Game,1,Predictable,27.7,0,,,7,,,130,Sound,,,
0,FORT,,1,1777024441.638954,75.58,Game,1,Predictable,27.71,0,,,7,,,130,Sound,,,
0,FORT,,1,1777024441.638954,75.59,Game,1,Predictable,27.72,0,,,7,,,130,Sound,,,
0,FORT,,1,1777024441.638954,75.6,Game,1,Predictable,27.73,0,,,7,,,130,Sound,,,
0,FORT,,1,1777024441.638954,75.61,Game,1,Predictable,27.74,0,,,7,,,130,Sound,,,
0,FORT,,1,1777024441.638954,75.62,Game,1,Predictable,27.75,0,,,7,,,130,Sound,,,
0,FORT,,1,1777024441.638954,75.63,Game,1,Predictable,27.77,0,,,7,,,130,Sound,,,
0,FORT,,1,1777024441.638954,75.65,Game,1,Predictable,27.78,0,,,7,,,130,Sound,,,
0,FORT,,1,1777024441.638954,75.66,Game,1,Predictable,27.79,0,,,7,,,130,Sound,,,
0,FORT,,1,1777024441.638954,75.67,Game,1,Predictable,27.8,0,,,7,,,130,Sound,,,
0,FORT,,1,1777024441.638954,75.68,Game,1,Predictable,27.81,0,,,7,,,130,Sound,,,
0,FORT,,1,1777024441.638954,75.69,Game,1,Predictable,27.82,0,,,7,,,130,Sound,,,
0,FORT,,1,1777024441.638954,75.7,Game,1,Predictable,27.83,0,,,7,,,130,Sound,,,
0,FORT,,1,1777024441.638954,75.71,Game,1,Predictable,27.84,0,,,7,,,130,Sound,,,
0,FORT,,1,1777024441.638954,75.72,Game,1,Predictable,27.85,0,,,7,,,130,Sound,,,
0,FORT,,1,1777024441.638954,75.73,Game,1,Predictable,27.87,0,,,7,,,130,Sound,,,
0,FORT,,1,1777024441.638954,75.75,Game,1,Predictable,27.88,0,,,7,,,130,Sound,,,
0,FORT,,1,1777024441.638954,75.76,Game,1,Predictable,27.89,0,,,7,,,130,Sound,,,
0,FORT,,1,1777024441.638954,75.77,Game,1,Predictable,27.9,0,,,7,,,130,Sound,,,
0,FORT,,1,1777024441.638954,75.78,Game,1,Predictable,27.91,0,,,7,,,130,Sound,,,
0,FORT,,1,1777024441.638954,75.79,Game,1,Predictable,27.92,0,,,7,,,130,Sound,,,
0,FORT,,1,1777024441.638954,75.8,Game,1,Predictable,27.93,0,,,7,,,130,Sound,,,
0,FORT,,1,1777024441.638954,75.81,Game,1,Predictable,27.94,0,,,7,,,130,Sound,,,
0,FORT,,1,1777024441.638954,75.82,Game,1,Predictable,27.95,0,,,7,,,130,Sound,,,
0,FORT,,1,1777024441.638954,75.83,Game,1,Predictable,27.97,0,,,7,,,130,Sound,,,
0,FORT,,1,1777024441.638954,75.85,Game,1,Predictable,27.98,0,,,7,,,130,Sound,,,
0,FORT,,1,1777024441.638954,75.86,Game,1,Predictable,27.99,0,,,7,,,130,Sound,,,
0,FORT,,1,1777024441.638954,75.87,Game,1,Predictable,28.0,0,,,7,,,130,Sound,,,
0,FORT,,1,1777024441.638954,75.88,Game,1,Predictable,28.01,0,,,7,,,130,Sound,,,
0,FORT,,1,1777024441.638954,75.94,Game,1,Predictable,28.08,1,,,7,28.08,,120,Sound,,,
0,FORT,,1,1777024441.638954,75.98,Game,1,Predictable,28.08,1,,,7,28.08,,120,Sound,,,
0,FORT,,1,1777024441.638954,75.99,Game,1,Predictable,28.12,1,,,7,28.08,,120,Sound,,,
0,FORT,,1,1777024441.638954,76.0,Game,1,Predictable,28.13,1,,,7,28.08,,120,Sound,,,
0,FORT,,1,1777024441.638954,76.01,Game,1,Predictable,28.14,1,,,7,28.08,,120,Sound,,,
0,FORT,,1,1777024441.638954,76.02,Game,1,Predictable,28.15,1,,,7,28.08,,120,Sound,,,
0,FORT,,1,1777024441.638954,76.03,Game,1,Predictable,28.16,1,,,7,28.08,,120,Sound,,,
0,FORT,,1,1777024441.638954,76.05,Game,1,Predictable,28.17,1,,,7,28.08,,120,Sound,,,
0,FORT,,1,1777024441.638954,76.05,Game,1,Predictable,28.19,1,,,7,28.08,,120,Sound,,,
0,FORT,,1,1777024441.638954,76.06,Game,1,Predictable,28.19,1,,,7,28.08,,120,Sound,,,
0,FORT,,1,1777024441.638954,76.08,Game,1,Predictable,28.21,1,,,7,28.08,,120,Sound,,,
0,FORT,,1,1777024441.638954,76.09,Game,1,Predictable,28.22,1,,,7,28.08,,120,Sound,,,
0,FORT,,1,1777024441.638954,76.1,Game,1,Predictable,28.23,1,,,7,28.08,,120,Sound,,,
0,FORT,,1,1777024441.638954,76.11,Game,1,Predictable,28.24,1,,,7,28.08,,120,Sound,,,
0,FORT,,1,1777024441.638954,76.12,Game,1,Predictable,28.25,1,,,7,28.08,,120,Sound,,,
0,FORT,,1,1777024441.638954,76.13,Game,1,Predictable,28.26,1,,,7,28.08,,120,Sound,,,
0,FORT,,1,1777024441.638954,76.15,Game,1,Predictable,28.27,1,,,7,28.08,,120,Sound,,,
0,FORT,,1,1777024441.638954,76.15,Game,1,Predictable,28.29,1,,,7,28.08,,120,Sound,,,
0,FORT,,1,1777024441.638954,76.16,Game,1,Predictable,28.3,1,,,7,28.08,,120,Sound,,,
0,FORT,,1,1777024441.638954,76.18,Game,1,Predictable,28.31,1,,,7,28.08,,120,Sound,,,
0,FORT,,1,1777024441.638954,76.19,Game,1,Predictable,28.32,1,,,7,28.08,,120,Sound,,,
0,FORT,,1,1777024441.638954,76.2,Game,1,Predictable,28.33,1,,,7,28.08,,120,Sound,,,
0,FORT,,1,1777024441.638954,76.21,Game,1,Predictable,28.34,1,,,7,28.08,,120,Sound,,,
0,FORT,,1,1777024441.638954,76.22,Game,1,Predictable,28.35,1,,,7,28.08,,120,Sound,,,
0,FORT,,1,1777024441.638954,76.23,Game,1,Predictable,28.36,1,,,7,28.08,,120,Sound,,,
0,FORT,,1,1777024441.638954,76.25,Game,1,Predictable,28.37,1,,,7,28.08,,120,Sound,,,
0,FORT,,1,1777024441.638954,76.25,Game,1,Predictable,28.39,1,,,7,28.08,,120,Sound,,,
0,FORT,,1,1777024441.638954,76.26,Game,1,Predictable,28.39,1,,,7,28.08,,120,Sound,,,
0,FORT,,1,1777024441.638954,76.28,Game,1,Predictable,28.41,1,,,7,28.08,,120,Sound,,,
0,FORT,,1,1777024441.638954,76.29,Game,1,Predictable,28.42,1,,,7,28.08,,120,Sound,,,
0,FORT,,1,1777024441.638954,76.3,Game,1,Predictable,28.43,1,,,7,28.08,,120,Sound,,,
0,FORT,,1,1777024441.638954,76.31,Game,1,Predictable,28.44,1,,,7,28.08,,120,Sound,,,
0,FORT,,1,1777024441.638954,76.32,Game,1,Predictable,28.45,1,,,7,28.08,,120,Sound,,,
0,FORT,,1,1777024441.638954,76.33,Game,1,Predictable,28.46,1,,,7,28.08,,120,Sound,,,
0,FORT,,1,1777024441.638954,76.35,Game,1,Predictable,28.47,1,,,7,28.08,,120,Sound,,,
0,FORT,,1,1777024441.638954,76.35,Game,1,Predictable,28.49,1,,,7,28.08,,120,Sound,,,
0,FORT,,1,1777024441.638954,76.36,Game,1,Predictable,28.5,1,,,7,28.08,,120,Sound,,,
0,FORT,,1,1777024441.638954,76.38,Game,1,Predictable,28.51,1,,,7,28.08,,120,Sound,,,
0,FORT,,1,1777024441.638954,76.39,Game,1,Predictable,28.52,1,,,7,28.08,,120,Sound,,,
0,FORT,,1,1777024441.638954,76.4,Game,1,Predictable,28.53,1,,,7,28.08,,120,Sound,,,
0,FORT,,1,1777024441.638954,76.41,Game,1,Predictable,28.54,1,,,7,28.08,,120,Sound,,,
0,FORT,,1,1777024441.638954,76.42,Game,1,Predictable,28.55,1,,,7,28.08,,120,Sound,,,
0,FORT,,1,1777024441.638954,76.43,Game,1,Predictable,28.56,1,,,7,28.08,,120,Sound,,,
0,FORT,,1,1777024441.638954,76.45,Game,1,Predictable,28.57,1,,,7,28.08,,120,Sound,,,
0,FORT,,1,1777024441.638954,76.45,Game,1,Predictable,28.59,1,,,7,28.08,,120,Sound,,,
0,FORT,,1,1777024441.638954,76.46,Game,1,Predictable,28.59,1,,,7,28.08,,120,Sound,,,
0,FORT,,1,1777024441.638954,76.48,Game,1,Predictable,28.61,1,,,7,28.08,,120,Sound,,,
0,FORT,,1,1777024441.638954,76.49,Game,1,Predictable,28.62,1,,,7,28.08,,120,Sound,,,
0,FORT,,1,1777024441.638954,76.5,Game,1,Predictable,28.63,1,,,7,28.08,,120,Sound,,,
0,FORT,,1,1777024441.638954,76.51,Game,1,Predictable,28.64,1,,,7,28.08,,120,Sound,,,
0,FORT,,1,1777024441.638954,76.52,Game,1,Predictable,28.65,1,,,7,28.08,,120,Sound,,,
0,FORT,,1,1777024441.638954,76.53,Game,1,Predictable,28.66,1,,,7,28.08,,120,Sound,,,
0,FORT,,1,1777024441.638954,76.55,Game,1,Predictable,28.67,1,,,7,28.08,,120,Sound,,,
0,FORT,,1,1777024441.638954,76.55,Game,1,Predictable,28.69,1,,,7,28.08,,120,Sound,,,
0,FORT,,1,1777024441.638954,76.56,Game,1,Predictable,28.69,1,,,7,28.08,,120,Sound,,,
0,FORT,,1,1777024441.638954,76.58,Game,1,Predictable,28.71,1,,,7,28.08,,120,Sound,,,
0,FORT,,1,1777024441.638954,76.59,Game,1,Predictable,28.72,1,,,7,28.08,,120,Sound,,,
0,FORT,,1,1777024441.638954,76.6,Game,1,Predictable,28.73,1,,,7,28.08,,120,Sound,,,
0,FORT,,1,1777024441.638954,76.61,Game,1,Predictable,28.74,1,,,7,28.08,,120,Sound,,,
0,FORT,,1,1777024441.638954,76.62,Game,1,Predictable,28.75,1,,,7,28.08,,120,Sound,,,
0,FORT,,1,1777024441.638954,76.63,Game,1,Predictable,28.76,1,,,7,28.08,,120,Sound,,,
0,FORT,,1,1777024441.638954,76.65,Game,1,Predictable,28.77,1,,,7,28.08,,120,Sound,,,
0,FORT,,1,1777024441.638954,76.65,Game,1,Predictable,28.79,1,,,7,28.08,,120,Sound,,,
0,FORT,,1,1777024441.638954,76.66,Game,1,Predictable,28.8,1,,,7,28.08,,120,Sound,,,
0,FORT,,1,1777024441.638954,76.68,Game,1,Predictable,28.81,1,,,7,28.08,,120,Sound,,,
0,FORT,,1,1777024441.638954,76.69,Game,1,Predictable,28.82,1,,,7,28.08,,120,Sound,,,
0,FORT,,1,1777024441.638954,76.7,Game,1,Predictable,28.83,1,,,7,28.08,,120,Sound,,,
0,FORT,,1,1777024441.638954,76.71,Game,1,Predictable,28.84,1,,,7,28.08,,120,Sound,,,
0,FORT,,1,1777024441.638954,76.72,Game,1,Predictable,28.85,1,,,7,28.08,,120,Sound,,,
0,FORT,,1,1777024441.638954,76.73,Game,1,Predictable,28.86,1,,,7,28.08,,120,Sound,,,
0,FORT,,1,1777024441.638954,76.75,Game,1,Predictable,28.87,1,,,7,28.08,,120,Sound,,,
0,FORT,,1,1777024441.638954,76.75,Game,1,Predictable,28.89,1,,,7,28.08,,120,Sound,,,
0,FORT,,1,1777024441.638954,76.76,Game,1,Predictable,28.9,1,,,7,28.08,,120,Sound,,,
0,FORT,,1,1777024441.638954,76.78,Game,1,Predictable,28.91,1,,,7,28.08,,120,Sound,,,
0,FORT,,1,1777024441.638954,76.79,Game,1,Predictable,28.92,1,,,7,28.08,,120,Sound,,,
0,FORT,,1,1777024441.638954,76.8,Game,1,Predictable,28.93,1,,,7,28.08,,120,Sound,,,
0,FORT,,1,1777024441.638954,76.81,Game,1,Predictable,28.94,1,,,7,28.08,,120,Sound,,,
0,FORT,,1,1777024441.638954,76.82,Game,1,Predictable,28.95,1,,,7,28.08,,120,Sound,,,
0,FORT,,1,1777024441.638954,76.83,Game,1,Predictable,28.96,1,,,7,28.08,,120,Sound,,,
0,FORT,,1,1777024441.638954,76.85,Game,1,Predictable,28.97,1,,,7,28.08,,120,Sound,,,
0,FORT,,1,1777024441.638954,76.85,Game,1,Predictable,28.99,1,,,7,28.08,,120,Sound,,,
0,FORT,,1,1777024441.638954,76.86,Game,1,Predictable,29.0,1,,,7,28.08,,120,Sound,,,
0,FORT,,1,1777024441.638954,76.88,Game,1,Predictable,29.01,1,,,7,28.08,,120,Sound,,,
0,FORT,,1,1777024441.638954,76.89,Game,1,Predictable,29.02,1,,,7,28.08,,120,Sound,,,
0,FORT,,1,1777024441.638954,76.9,Game,1,Predictable,29.03,1,,,7,28.08,,120,Sound,,,
0,FORT,,1,1777024441.638954,76.91,Game,1,Predictable,29.04,1,,,7,28.08,,120,Sound,,,
0,FORT,,1,1777024441.638954,76.92,Game,1,Predictable,29.05,1,,,7,28.08,,120,Sound,,,
0,FORT,,1,1777024441.638954,76.93,Game,1,Predictable,29.06,1,,,7,28.08,,120,Sound,,,
0,FORT,,1,1777024441.638954,76.95,Game,1,Predictable,29.07,1,,,7,28.08,,120,Sound,,,
0,FORT,,1,1777024441.638954,76.95,Game,1,Predictable,29.09,1,,,7,28.08,,120,Sound,,,
0,FORT,,1,1777024441.638954,76.96,Game,1,Predictable,29.1,1,,,7,28.08,,120,Sound,,,
0,FORT,,1,1777024441.638954,76.98,Game,1,Predictable,29.11,1,,,7,28.08,,120,Sound,,,
0,FORT,,1,1777024441.638954,76.99,Game,1,Predictable,29.12,1,,,7,28.08,,120,Sound,,,
0,FORT,,1,1777024441.638954,77.0,Game,1,Predictable,29.13,1,,,7,28.08,,120,Sound,,,
0,FORT,,1,1777024441.638954,77.01,Game,1,Predictable,29.14,1,,,7,28.08,,120,Sound,,,
0,FORT,,1,1777024441.638954,77.02,Game,1,Predictable,29.15,1,,,7,28.08,,120,Sound,,,
0,FORT,,1,1777024441.638954,77.03,Game,1,Predictable,29.16,1,,,7,28.08,,120,Sound,,,
0,FORT,,1,1777024441.638954,77.05,Game,1,Predictable,29.17,1,,,7,28.08,,120,Sound,,,
0,FORT,,1,1777024441.638954,77.05,Game,1,Predictable,29.19,1,,,7,28.08,,120,Sound,,,
0,FORT,,1,1777024441.638954,77.06,Game,1,Predictable,29.2,1,,,7,28.08,,120,Sound,,,
0,FORT,,1,1777024441.638954,77.08,Game,1,Predictable,29.21,1,,,7,28.08,,120,Sound,,,
0,FORT,,1,1777024441.638954,77.09,Game,1,Predictable,29.22,1,,,7,28.08,,120,Sound,,,
0,FORT,,1,1777024441.638954,77.1,Game,1,Predictable,29.23,1,,,7,28.08,,120,Sound,,,
0,FORT,,1,1777024441.638954,77.11,Game,1,Predictable,29.24,1,,,7,28.08,,120,Sound,,,
0,FORT,,1,1777024441.638954,77.12,Game,1,Predictable,29.25,1,,,7,28.08,,120,Sound,,,
0,FORT,,1,1777024441.638954,77.13,Game,1,Predictable,29.26,1,,,7,28.08,,120,Sound,,,
0,FORT,,1,1777024441.638954,77.15,Game,1,Predictable,29.27,1,,,7,28.08,,120,Sound,,,
0,FORT,,1,1777024441.638954,77.15,Game,1,Predictable,29.29,1,,,7,28.08,,120,Sound,,,
0,FORT,,1,1777024441.638954,77.16,Game,1,Predictable,29.3,1,,,7,28.08,,120,Sound,,,
0,FORT,,1,1777024441.638954,77.18,Game,1,Predictable,29.31,1,,,7,28.08,,120,Sound,,,
0,FORT,,1,1777024441.638954,77.19,Game,1,Predictable,29.32,1,,,7,28.08,,120,Sound,,,
0,FORT,,1,1777024441.638954,77.2,Game,1,Predictable,29.33,1,,,7,28.08,,120,Sound,,,
0,FORT,,1,1777024441.638954,77.21,Game,1,Predictable,29.34,1,,,7,28.08,,120,Sound,,,
0,FORT,,1,1777024441.638954,77.22,Game,1,Predictable,29.35,1,,,7,28.08,,120,Sound,,,
0,FORT,,1,1777024441.638954,77.23,Game,1,Predictable,29.36,1,,,7,28.08,,120,Sound,,,
0,FORT,,1,1777024441.638954,77.25,Game,1,Predictable,29.37,1,,,7,28.08,,120,Sound,,,
0,FORT,,1,1777024441.638954,77.25,Game,1,Predictable,29.39,1,,,7,28.08,,120,Sound,,,
0,FORT,,1,1777024441.638954,77.26,Game,1,Predictable,29.4,1,,,7,28.08,,120,Sound,,,
0,FORT,,1,1777024441.638954,77.28,Game,1,Predictable,29.41,1,,,7,28.08,,120,Sound,,,
0,FORT,,1,1777024441.638954,77.29,Game,1,Predictable,29.42,1,,,7,28.08,,120,Sound,,,
0,FORT,,1,1777024441.638954,77.3,Game,1,Predictable,29.43,1,,,7,28.08,,120,Sound,,,
0,FORT,,1,1777024441.638954,77.31,Game,1,Predictable,29.44,1,,,7,28.08,,120,Sound,,,
0,FORT,,1,1777024441.638954,77.32,Game,1,Predictable,29.45,1,,,7,28.08,,120,Sound,,,
0,FORT,,1,1777024441.638954,77.33,Game,1,Predictable,29.46,1,,,7,28.08,,120,Sound,,,
0,FORT,,1,1777024441.638954,77.35,Game,1,Predictable,29.47,1,,,7,28.08,,120,Sound,,,
0,FORT,,1,1777024441.638954,77.35,Game,1,Predictable,29.49,1,,,7,28.08,,120,Sound,,,
0,FORT,,1,1777024441.638954,77.36,Game,1,Predictable,29.5,1,,,7,28.08,,120,Sound,,,
0,FORT,,1,1777024441.638954,77.38,Game,1,Predictable,29.51,1,,,7,28.08,,120,Sound,,,
0,FORT,,1,1777024441.638954,77.39,Game,1,Predictable,29.52,1,,,7,28.08,,120,Sound,,,
0,FORT,,1,1777024441.638954,77.4,Game,1,Predictable,29.53,1,,,7,28.08,,120,Sound,,,
0,FORT,,1,1777024441.638954,77.41,Game,1,Predictable,29.54,1,,,7,28.08,,120,Sound,,,
0,FORT,,1,1777024441.638954,77.42,Game,1,Predictable,29.55,1,,,7,28.08,,120,Sound,,,
0,FORT,,1,1777024441.638954,77.43,Game,1,Predictable,29.56,1,,,7,28.08,,120,Sound,,,
0,FORT,,1,1777024441.638954,77.45,Game,1,Predictable,29.57,1,,,7,28.08,,120,Sound,,,
0,FORT,,1,1777024441.638954,77.45,Game,1,Predictable,29.59,1,,,7,28.08,,120,Sound,,,
0,FORT,,1,1777024441.638954,77.46,Game,1,Predictable,29.6,1,,,7,28.08,,120,Sound,,,
0,FORT,,1,1777024441.638954,77.48,Game,1,Predictable,29.61,1,,,7,28.08,,120,Sound,,,
0,FORT,,1,1777024441.638954,77.49,Game,1,Predictable,29.62,1,,,7,28.08,,120,Sound,,,
0,FORT,,1,1777024441.638954,77.5,Game,1,Predictable,29.63,1,1,,7,28.08,,121,Sound,,,
0,FORT,,1,1777024441.638954,77.55,Game,1,Predictable,29.63,1,1,,7,28.08,,121,Sound,,,
0,FORT,,1,1777024441.638954,77.61,Game,1,Predictable,29.63,1,1,,7,28.08,,121,Sound,,,
0,FORT,,1,1777024441.638954,77.66,Game,1,Predictable,29.63,1,1,,7,28.08,,121,Sound,,,
0,FORT,,1,1777024441.638954,77.72,Game,1,Predictable,29.63,1,1,,7,28.08,,121,Sound,,,
0,FORT,,1,1777024441.638954,77.77,Game,1,Predictable,29.63,1,1,,7,28.08,,121,Sound,,,
0,FORT,,1,1777024441.638954,77.83,Game,1,Predictable,29.63,1,1,,7,28.08,,121,Sound,,,
0,FORT,,1,1777024441.638954,77.88,Game,1,Predictable,29.63,1,1,,7,28.08,,121,Sound,,,
0,FORT,,1,1777024441.638954,77.94,Game,1,Predictable,29.63,1,1,,7,28.08,,121,Sound,,,
0,FORT,,1,1777024441.638954,78.0,Game,1,Predictable,29.63,1,1,,7,28.08,,121,Sound,,,
0,FORT,,1,1777024441.638954,78.05,Game,1,Predictable,29.63,1,1,,7,28.08,,121,Sound,,,
0,FORT,,1,1777024441.638954,78.11,Game,1,Predictable,29.63,1,1,,7,28.08,,121,Sound,,,
0,FORT,,1,1777024441.638954,78.16,Game,1,Predictable,29.63,1,1,,7,28.08,,121,Sound,,,
0,FORT,,1,1777024441.638954,78.22,Game,1,Predictable,29.63,1,1,,7,28.08,,121,Sound,,,
0,FORT,,1,1777024441.638954,78.27,Game,1,Predictable,29.63,1,1,,7,28.08,,121,Sound,,,
0,FORT,,1,1777024441.638954,78.33,Game,1,Predictable,29.63,1,1,,7,28.08,,121,Sound,,,
0,FORT,,1,1777024441.638954,78.38,Game,1,Predictable,29.63,1,1,,7,28.08,,121,Sound,,,
0,FORT,,1,1777024441.638954,78.44,Game,1,Predictable,29.63,1,1,,7,28.08,,121,Sound,,,
0,FORT,,1,1777024441.638954,78.49,Game,1,Predictable,29.63,1,1,,7,28.08,,121,Sound,,,
0,FORT,,1,1777024441.638954,78.55,Game,1,Predictable,29.63,1,,,7,28.08,,120,Sound,,,
0,FORT,,1,1777024441.638954,78.57,Game,1,Predictable,30.7,1,,,7,28.08,,120,Sound,,,
0,FORT,,1,1777024441.638954,78.58,Game,1,Predictable,30.71,1,,,7,28.08,,120,Sound,,,
0,FORT,,1,1777024441.638954,78.59,Game,1,Predictable,30.72,1,,,7,28.08,,120,Sound,,,
0,FORT,,1,1777024441.638954,78.6,Game,1,Predictable,30.73,1,,,7,28.08,,120,Sound,,,
0,FORT,,1,1777024441.638954,78.61,Game,1,Predictable,30.74,1,,,7,28.08,,120,Sound,,,
0,FORT,,1,1777024441.638954,78.62,Game,1,Predictable,30.75,1,,,7,28.08,,120,Sound,,,
0,FORT,,1,1777024441.638954,78.63,Game,1,Predictable,30.76,1,,,7,28.08,,120,Sound,,,
0,FORT,,1,1777024441.638954,78.65,Game,1,Predictable,30.77,1,,,7,28.08,,120,Sound,,,
0,FORT,,1,1777024441.638954,78.65,Game,1,Predictable,30.79,1,,,7,28.08,,120,Sound,,,
0,FORT,,1,1777024441.638954,78.66,Game,1,Predictable,30.8,1,,,7,28.08,,120,Sound,,,
0,FORT,,1,1777024441.638954,78.68,Game,1,Predictable,30.81,1,,,7,28.08,,120,Sound,,,
0,FORT,,1,1777024441.638954,78.69,Game,1,Predictable,30.82,1,,,7,28.08,,120,Sound,,,
0,FORT,,1,1777024441.638954,78.7,Game,1,Predictable,30.83,1,,,7,28.08,,120,Sound,,,
0,FORT,,1,1777024441.638954,78.71,Game,1,Predictable,30.84,1,,,7,28.08,,120,Sound,,,
0,FORT,,1,1777024441.638954,78.72,Game,1,Predictable,30.85,1,,,7,28.08,,120,Sound,,,
0,FORT,,1,1777024441.638954,78.73,Game,1,Predictable,30.86,1,,,7,28.08,,120,Sound,,,
0,FORT,,1,1777024441.638954,78.75,Game,1,Predictable,30.87,1,,,7,28.08,,120,Sound,,,
0,FORT,,1,1777024441.638954,78.75,Game,1,Predictable,30.89,1,,,7,28.08,,120,Sound,,,
0,FORT,,1,1777024441.638954,78.76,Game,1,Predictable,30.9,1,,,7,28.08,,120,Sound,,,
0,FORT,,1,1777024441.638954,78.78,Game,1,Predictable,30.91,1,,,7,28.08,,120,Sound,,,
0,FORT,,1,1777024441.638954,78.79,Game,1,Predictable,30.92,1,,,7,28.08,,120,Sound,,,
0,FORT,,1,1777024441.638954,78.8,Game,1,Predictable,30.93,1,,,7,28.08,,120,Sound,,,
0,FORT,,1,1777024441.638954,78.81,Game,1,Predictable,30.94,1,,,7,28.08,,120,Sound,,,
0,FORT,,1,1777024441.638954,78.82,Game,1,Predictable,30.95,1,,,7,28.08,,120,Sound,,,
0,FORT,,1,1777024441.638954,78.83,Game,1,Predictable,30.96,1,,,7,28.08,,120,Sound,,,
0,FORT,,1,1777024441.638954,78.85,Game,1,Predictable,30.97,1,,,7,28.08,,120,Sound,,,
0,FORT,,1,1777024441.638954,78.85,Game,1,Predictable,30.99,1,,,7,28.08,,120,Sound,,,
0,FORT,,1,1777024441.638954,78.86,Game,1,Predictable,31.0,1,,,7,28.08,,120,Sound,,,
0,FORT,,1,1777024441.638954,78.88,Game,1,Predictable,31.01,1,,,7,28.08,,120,Sound,,,
0,FORT,,1,1777024441.638954,78.89,Game,1,Predictable,31.02,1,,,7,28.08,,120,Sound,,,
0,FORT,,1,1777024441.638954,78.9,Game,1,Predictable,31.03,1,,,7,28.08,,120,Sound,,,
0,FORT,,1,1777024441.638954,78.91,Game,1,Predictable,31.04,1,,,7,28.08,,120,Sound,,,
0,FORT,,1,1777024441.638954,78.92,Game,1,Predictable,31.05,1,,,7,28.08,,120,Sound,,,
0,FORT,,1,1777024441.638954,78.93,Game,1,Predictable,31.06,1,,,7,28.08,,120,Sound,,,
0,FORT,,1,1777024441.638954,78.95,Game,1,Predictable,31.07,1,,,7,28.08,,120,Sound,,,
0,FORT,,1,1777024441.638954,78.95,Game,1,Predictable,31.09,1,,,7,28.08,,120,Sound,,,
0,FORT,,1,1777024441.638954,78.96,Game,1,Predictable,31.1,1,,,7,28.08,,120,Sound,,,
0,FORT,,1,1777024441.638954,78.98,Game,1,Predictable,31.11,1,,,7,28.08,,120,Sound,,,
0,FORT,,1,1777024441.638954,78.99,Game,1,Predictable,31.12,1,,,7,28.08,,120,Sound,,,
0,FORT,,1,1777024441.638954,79.0,Game,1,Predictable,31.13,1,,,7,28.08,,120,Sound,,,
0,FORT,,1,1777024441.638954,79.01,Game,1,Predictable,31.14,1,,,7,28.08,,120,Sound,,,
0,FORT,,1,1777024441.638954,79.02,Game,1,Predictable,31.15,1,,,7,28.08,,120,Sound,,,
0,FORT,,1,1777024441.638954,79.03,Game,1,Predictable,31.16,1,,,7,28.08,,120,Sound,,,
0,FORT,,1,1777024441.638954,79.05,Game,1,Predictable,31.17,1,,,7,28.08,,120,Sound,,,
0,FORT,,1,1777024441.638954,79.05,Game,1,Predictable,31.19,1,,,7,28.08,,120,Sound,,,
0,FORT,,1,1777024441.638954,79.06,Game,1,Predictable,31.2,1,,,7,28.08,,120,Sound,,,
0,FORT,,1,1777024441.638954,79.08,Game,1,Predictable,31.21,1,,,7,28.08,,120,Sound,,,
0,FORT,,1,1777024441.638954,79.09,Game,1,Predictable,31.22,1,,,7,28.08,,120,Sound,,,
0,FORT,,1,1777024441.638954,79.1,Game,1,Predictable,31.23,1,,,7,28.08,,120,Sound,,,
0,FORT,,1,1777024441.638954,79.11,Game,1,Predictable,31.24,1,,,7,28.08,,120,Sound,,,
0,FORT,,1,1777024441.638954,79.12,Game,1,Predictable,31.25,1,,,7,28.08,,120,Sound,,,
0,FORT,,1,1777024441.638954,79.13,Game,1,Predictable,31.26,1,,,7,28.08,,120,Sound,,,
0,FORT,,1,1777024441.638954,79.15,Game,1,Predictable,31.27,1,,,7,28.08,,120,Sound,,,
0,FORT,,1,1777024441.638954,79.15,Game,1,Predictable,31.29,1,,,7,28.08,,120,Sound,,,
0,FORT,,1,1777024441.638954,79.16,Game,1,Predictable,31.3,1,,,7,28.08,,120,Sound,,,
0,FORT,,1,1777024441.638954,79.18,Game,1,Predictable,31.31,1,,,7,28.08,,120,Sound,,,
0,FORT,,1,1777024441.638954,79.19,Game,1,Predictable,31.32,1,,,7,28.08,,120,Sound,,,
0,FORT,,1,1777024441.638954,79.2,Game,1,Predictable,31.33,1,,,7,28.08,,120,Sound,,,
0,FORT,,1,1777024441.638954,79.21,Game,1,Predictable,31.34,1,,,7,28.08,,120,Sound,,,
0,FORT,,1,1777024441.638954,79.22,Game,1,Predictable,31.35,1,,,7,28.08,,120,Sound,,,
0,FORT,,1,1777024441.638954,79.23,Game,1,Predictable,31.36,1,,,7,28.08,,120,Sound,,,
0,FORT,,1,1777024441.638954,79.25,Game,1,Predictable,31.37,1,,,7,28.08,,120,Sound,,,
0,FORT,,1,1777024441.638954,79.25,Game,1,Predictable,31.39,1,,,7,28.08,,120,Sound,,,
0,FORT,,1,1777024441.638954,79.26,Game,1,Predictable,31.4,1,,,7,28.08,,120,Sound,,,
0,FORT,,1,1777024441.638954,79.28,Game,1,Predictable,31.41,1,,,7,28.08,,120,Sound,,,
0,FORT,,1,1777024441.638954,79.29,Game,1,Predictable,31.42,1,,,7,28.08,,120,Sound,,,
0,FORT,,1,1777024441.638954,79.3,Game,1,Predictable,31.43,1,,,7,28.08,,120,Sound,,,
0,FORT,,1,1777024441.638954,79.31,Game,1,Predictable,31.44,1,,,7,28.08,,120,Sound,,,
0,FORT,,1,1777024441.638954,79.32,Game,1,Predictable,31.45,1,,,7,28.08,,120,Sound,,,
0,FORT,,1,1777024441.638954,79.33,Game,1,Predictable,31.46,1,,,7,28.08,,120,Sound,,,
0,FORT,,1,1777024441.638954,79.35,Game,1,Predictable,31.47,1,,,7,28.08,,120,Sound,,,
0,FORT,,1,1777024441.638954,79.35,Game,1,Predictable,31.49,1,,,7,28.08,,120,Sound,,,
0,FORT,,1,1777024441.638954,79.36,Game,1,Predictable,31.5,1,,,7,28.08,,120,Sound,,,
0,FORT,,1,1777024441.638954,79.38,Game,1,Predictable,31.51,1,,,7,28.08,,120,Sound,,,
0,FORT,,1,1777024441.638954,79.39,Game,1,Predictable,31.52,1,,,7,28.08,,120,Sound,,,
0,FORT,,1,1777024441.638954,79.4,Game,1,Predictable,31.53,1,,,7,28.08,,120,Sound,,,
0,FORT,,1,1777024441.638954,79.41,Game,1,Predictable,31.54,1,,,7,28.08,,120,Sound,,,
0,FORT,,1,1777024441.638954,79.42,Game,1,Predictable,31.55,1,,,7,28.08,,120,Sound,,,
0,FORT,,1,1777024441.638954,79.43,Game,1,Predictable,31.56,1,,,7,28.08,,120,Sound,,,
0,FORT,,1,1777024441.638954,79.45,Game,1,Predictable,31.57,1,,,7,28.08,,120,Sound,,,
0,FORT,,1,1777024441.638954,79.45,Game,1,Predictable,31.59,1,,,7,28.08,,120,Sound,,,
0,FORT,,1,1777024441.638954,79.46,Game,1,Predictable,31.6,1,,,7,28.08,,120,Sound,,,
0,FORT,,1,1777024441.638954,79.48,Game,1,Predictable,31.61,1,,,7,28.08,,120,Sound,,,
0,FORT,,1,1777024441.638954,79.49,Game,1,Predictable,31.62,1,,,7,28.08,,120,Sound,,,
0,FORT,,1,1777024441.638954,79.5,Game,1,Predictable,31.63,1,,,7,28.08,,120,Sound,,,
0,FORT,,1,1777024441.638954,79.51,Game,1,Predictable,31.64,1,,,7,28.08,,120,Sound,,,
0,FORT,,1,1777024441.638954,79.52,Game,1,Predictable,31.65,1,,,7,28.08,,120,Sound,,,
0,FORT,,1,1777024441.638954,79.53,Game,1,Predictable,31.66,1,,,7,28.08,,120,Sound,,,
0,FORT,,1,1777024441.638954,79.55,Game,1,Predictable,31.67,1,,,7,28.08,,120,Sound,,,
0,FORT,,1,1777024441.638954,79.55,Game,1,Predictable,31.69,1,,,7,28.08,,120,Sound,,,
0,FORT,,1,1777024441.638954,79.56,Game,1,Predictable,31.7,1,,,7,28.08,,120,Sound,,,
0,FORT,,1,1777024441.638954,79.58,Game,1,Predictable,31.71,1,,,7,28.08,,120,Sound,,,
0,FORT,,1,1777024441.638954,79.59,Game,1,Predictable,31.72,1,,,7,28.08,,120,Sound,,,
0,FORT,,1,1777024441.638954,79.6,Game,1,Predictable,31.73,1,,,7,28.08,,120,Sound,,,
0,FORT,,1,1777024441.638954,79.61,Game,1,Predictable,31.74,1,,,7,28.08,,120,Sound,,,
0,FORT,,1,1777024441.638954,79.62,Game,1,Predictable,31.75,1,,,7,28.08,,120,Sound,,,
0,FORT,,1,1777024441.638954,79.63,Game,1,Predictable,31.76,1,,,7,28.08,,120,Sound,,,
0,FORT,,1,1777024441.638954,79.65,Game,1,Predictable,31.77,1,,,7,28.08,,120,Sound,,,
0,FORT,,1,1777024441.638954,79.65,Game,1,Predictable,31.79,1,,,7,28.08,,120,Sound,,,
0,FORT,,1,1777024441.638954,79.66,Game,1,Predictable,31.8,1,,,7,28.08,,120,Sound,,,
0,FORT,,1,1777024441.638954,79.68,Game,1,Predictable,31.81,1,,,7,28.08,,120,Sound,,,
0,FORT,,1,1777024441.638954,79.69,Game,1,Predictable,31.82,1,,,7,28.08,,120,Sound,,,
0,FORT,,1,1777024441.638954,79.7,Game,1,Predictable,31.83,1,,,7,28.08,,120,Sound,,,
0,FORT,,1,1777024441.638954,79.71,Game,1,Predictable,31.84,1,,,7,28.08,,120,Sound,,,
0,FORT,,1,1777024441.638954,79.72,Game,1,Predictable,31.85,1,,,7,28.08,,120,Sound,,,
0,FORT,,1,1777024441.638954,79.73,Game,1,Predictable,31.86,1,,,7,28.08,,120,Sound,,,
0,FORT,,1,1777024441.638954,79.75,Game,1,Predictable,31.87,1,,,7,28.08,,120,Sound,,,
0,FORT,,1,1777024441.638954,79.75,Game,1,Predictable,31.89,1,,,7,28.08,,120,Sound,,,
0,FORT,,1,1777024441.638954,79.76,Game,1,Predictable,31.9,1,,,7,28.08,,120,Sound,,,
0,FORT,,1,1777024441.638954,79.78,Game,1,Predictable,31.91,1,,,7,28.08,,120,Sound,,,
0,FORT,,1,1777024441.638954,79.79,Game,1,Predictable,31.92,1,,,7,28.08,,120,Sound,,,
0,FORT,,1,1777024441.638954,79.8,Game,1,Predictable,31.93,1,,,7,28.08,,120,Sound,,,
0,FORT,,1,1777024441.638954,79.81,Game,1,Predictable,31.94,1,,,7,28.08,,120,Sound,,,
0,FORT,,1,1777024441.638954,79.82,Game,1,Predictable,31.95,1,,,7,28.08,,120,Sound,,,
0,FORT,,1,1777024441.638954,79.83,Game,1,Predictable,31.96,1,,,7,28.08,,120,Sound,,,
0,FORT,,1,1777024441.638954,79.85,Game,1,Predictable,31.97,1,,,7,28.08,,120,Sound,,,
0,FORT,,1,1777024441.638954,79.85,Game,1,Predictable,31.99,1,,,7,28.08,,120,Sound,,,
0,FORT,,1,1777024441.638954,79.86,Game,1,Predictable,32.0,1,,,7,28.08,,120,Sound,,,
0,FORT,,1,1777024441.638954,79.88,Game,1,Predictable,32.01,1,,,7,28.08,,120,Sound,,,
0,FORT,,1,1777024441.638954,79.89,Game,1,Predictable,32.02,1,,,7,28.08,,120,Sound,,,
0,FORT,,1,1777024441.638954,79.9,Game,1,Predictable,32.03,1,,,7,28.08,,120,Sound,,,
0,FORT,,1,1777024441.638954,79.91,Game,1,Predictable,32.04,1,,,7,28.08,,120,Sound,,,
0,FORT,,1,1777024441.638954,79.92,Game,1,Predictable,32.05,1,,,7,28.08,,120,Sound,,,
0,FORT,,1,1777024441.638954,79.93,Game,1,Predictable,32.06,1,,,7,28.08,,120,Sound,,,
0,FORT,,1,1777024441.638954,79.95,Game,1,Predictable,32.07,1,,,7,28.08,,120,Sound,,,
0,FORT,,1,1777024441.638954,79.95,Game,1,Predictable,32.09,1,,,7,28.08,,120,Sound,,,
0,FORT,,1,1777024441.638954,79.96,Game,1,Predictable,32.1,1,,,7,28.08,,120,Sound,,,
0,FORT,,1,1777024441.638954,79.98,Game,1,Predictable,32.11,1,,,7,28.08,,120,Sound,,,
0,FORT,,1,1777024441.638954,79.99,Game,1,Predictable,32.12,1,,,7,28.08,,120,Sound,,,
0,FORT,,1,1777024441.638954,80.0,Game,1,Predictable,32.13,1,,,7,28.08,,120,Sound,,,
0,FORT,,1,1777024441.638954,80.01,Game,1,Predictable,32.14,1,,,7,28.08,,120,Sound,,,
0,FORT,,1,1777024441.638954,80.02,Game,1,Predictable,32.15,1,,,7,28.08,,120,Sound,,,
0,FORT,,1,1777024441.638954,80.03,Game,1,Predictable,32.16,1,,,7,28.08,,120,Sound,,,
0,FORT,,1,1777024441.638954,80.05,Game,1,Predictable,32.17,1,,,7,28.08,,120,Sound,,,
0,FORT,,1,1777024441.638954,80.05,Game,1,Predictable,32.19,1,,,7,28.08,,120,Sound,,,
0,FORT,,1,1777024441.638954,80.06,Game,1,Predictable,32.2,1,,,7,28.08,,120,Sound,,,
0,FORT,,1,1777024441.638954,80.08,Game,1,Predictable,32.21,1,,,7,28.08,,120,Sound,,,
0,FORT,,1,1777024441.638954,80.09,Game,1,Predictable,32.22,1,,,7,28.08,,120,Sound,,,
0,FORT,,1,1777024441.638954,80.1,Game,1,Predictable,32.23,1,,,7,28.08,,120,Sound,,,
0,FORT,,1,1777024441.638954,80.11,Game,1,Predictable,32.24,1,,,7,28.08,,120,Sound,,,
0,FORT,,1,1777024441.638954,80.12,Game,1,Predictable,32.25,1,,,7,28.08,,120,Sound,,,
0,FORT,,1,1777024441.638954,80.13,Game,1,Predictable,32.26,1,,,7,28.08,,120,Sound,,,
0,FORT,,1,1777024441.638954,80.15,Game,1,Predictable,32.27,1,,,7,28.08,,120,Sound,,,
0,FORT,,1,1777024441.638954,80.15,Game,1,Predictable,32.29,1,,,7,28.08,,120,Sound,,,
0,FORT,,1,1777024441.638954,80.16,Game,1,Predictable,32.3,1,,,7,28.08,,120,Sound,,,
0,FORT,,1,1777024441.638954,80.18,Game,1,Predictable,32.31,1,,,7,28.08,,120,Sound,,,
0,FORT,,1,1777024441.638954,80.19,Game,1,Predictable,32.32,1,,,7,28.08,,120,Sound,,,
0,FORT,,1,1777024441.638954,80.2,Game,1,Predictable,32.33,1,,,7,28.08,,120,Sound,,,
0,FORT,,1,1777024441.638954,80.21,Game,1,Predictable,32.34,1,,,7,28.08,,120,Sound,,,
0,FORT,,1,1777024441.638954,80.22,Game,1,Predictable,32.35,1,,,7,28.08,,120,Sound,,,
0,FORT,,1,1777024441.638954,80.23,Game,1,Predictable,32.36,1,,,7,28.08,,120,Sound,,,
0,FORT,,1,1777024441.638954,80.25,Game,1,Predictable,32.37,1,,,7,28.08,,120,Sound,,,
0,FORT,,1,1777024441.638954,80.25,Game,1,Predictable,32.39,1,,,7,28.08,,120,Sound,,,
0,FORT,,1,1777024441.638954,80.26,Game,1,Predictable,32.4,1,,,7,28.08,,120,Sound,,,
0,FORT,,1,1777024441.638954,80.28,Game,1,Predictable,32.41,1,,,7,28.08,,120,Sound,,,
0,FORT,,1,1777024441.638954,80.29,Game,1,Predictable,32.42,1,,,7,28.08,,120,Sound,,,
0,FORT,,1,1777024441.638954,80.3,Game,1,Predictable,32.43,1,,,7,28.08,,120,Sound,,,
0,FORT,,1,1777024441.638954,80.31,Game,1,Predictable,32.44,1,,,7,28.08,,120,Sound,,,
0,FORT,,1,1777024441.638954,80.32,Game,1,Predictable,32.45,1,,,7,28.08,,120,Sound,,,
0,FORT,,1,1777024441.638954,80.33,Game,1,Predictable,32.46,1,,,7,28.08,,120,Sound,,,
0,FORT,,1,1777024441.638954,80.35,Game,1,Predictable,32.47,1,,,7,28.08,,120,Sound,,,
0,FORT,,1,1777024441.638954,80.35,Game,1,Predictable,32.49,1,,,7,28.08,,120,Sound,,,
0,FORT,,1,1777024441.638954,80.36,Game,1,Predictable,32.5,1,,,7,28.08,,120,Sound,,,
0,FORT,,1,1777024441.638954,80.38,Game,1,Predictable,32.51,1,,,7,28.08,,120,Sound,,,
0,FORT,,1,1777024441.638954,80.39,Game,1,Predictable,32.52,1,,,7,28.08,,120,Sound,,,
0,FORT,,1,1777024441.638954,80.4,Game,1,Predictable,32.53,1,,,7,28.08,,120,Sound,,,
0,FORT,,1,1777024441.638954,80.41,Game,1,Predictable,32.54,1,,,7,28.08,,120,Sound,,,
0,FORT,,1,1777024441.638954,80.42,Game,1,Predictable,32.55,1,,,7,28.08,,120,Sound,,,
0,FORT,,1,1777024441.638954,80.43,Game,1,Predictable,32.56,1,,,7,28.08,,120,Sound,,,
0,FORT,,1,1777024441.638954,80.45,Game,1,Predictable,32.57,1,,,7,28.08,,120,Sound,,,
0,FORT,,1,1777024441.638954,80.45,Game,1,Predictable,32.59,1,,,7,28.08,,120,Sound,,,
0,FORT,,1,1777024441.638954,80.46,Game,1,Predictable,32.6,1,,,7,28.08,,120,Sound,,,
0,FORT,,1,1777024441.638954,80.48,Game,1,Predictable,32.61,1,,,7,28.08,,120,Sound,,,
0,FORT,,1,1777024441.638954,80.49,Game,1,Predictable,32.62,1,,,7,28.08,,120,Sound,,,
0,FORT,,1,1777024441.638954,80.5,Game,1,Predictable,32.63,1,,,7,28.08,,120,Sound,,,
0,FORT,,1,1777024441.638954,80.51,Game,1,Predictable,32.64,1,,,7,28.08,,120,Sound,,,
0,FORT,,1,1777024441.638954,80.52,Game,1,Predictable,32.65,1,,,7,28.08,,120,Sound,,,
0,FORT,,1,1777024441.638954,80.53,Game,1,Predictable,32.66,1,,,7,28.08,,120,Sound,,,
0,FORT,,1,1777024441.638954,80.55,Game,1,Predictable,32.67,1,,,7,28.08,,120,Sound,,,
0,FORT,,1,1777024441.638954,80.55,Game,1,Predictable,32.69,1,,,7,28.08,,120,Sound,,,
0,FORT,,1,1777024441.638954,80.56,Game,1,Predictable,32.7,1,,,7,28.08,,120,Sound,,,
0,FORT,,1,1777024441.638954,80.58,Game,1,Predictable,32.71,1,,,7,28.08,,120,Sound,,,
0,FORT,,1,1777024441.638954,80.59,Game,1,Predictable,32.72,1,,,7,28.08,,120,Sound,,,
0,FORT,,1,1777024441.638954,80.6,Game,1,Predictable,32.73,1,,,7,28.08,,120,Sound,,,
0,FORT,,1,1777024441.638954,80.61,Game,1,Predictable,32.74,1,,,7,28.08,,120,Sound,,,
0,FORT,,1,1777024441.638954,80.62,Game,1,Predictable,32.75,1,,,7,28.08,,120,Sound,,,
0,FORT,,1,1777024441.638954,80.63,Game,1,Predictable,32.76,1,,,7,28.08,,120,Sound,,,
0,FORT,,1,1777024441.638954,80.65,Game,1,Predictable,32.77,1,,,7,28.08,,120,Sound,,,
0,FORT,,1,1777024441.638954,80.65,Game,1,Predictable,32.79,1,,,7,28.08,,120,Sound,,,
0,FORT,,1,1777024441.638954,80.66,Game,1,Predictable,32.8,1,,,7,28.08,,120,Sound,,,
0,FORT,,1,1777024441.638954,80.68,Game,1,Predictable,32.81,1,,,7,28.08,,120,Sound,,,
0,FORT,,1,1777024441.638954,80.69,Game,1,Predictable,32.82,1,,,7,28.08,,120,Sound,,,
0,FORT,,1,1777024441.638954,80.7,Game,1,Predictable,32.83,1,,,7,28.08,,120,Sound,,,
0,FORT,,1,1777024441.638954,80.71,Game,1,Predictable,32.84,1,,,7,28.08,,120,Sound,,,
0,FORT,,1,1777024441.638954,80.72,Game,1,Predictable,32.85,1,,,7,28.08,,120,Sound,,,
0,FORT,,1,1777024441.638954,80.73,Game,1,Predictable,32.86,1,,,7,28.08,,120,Sound,,,
0,FORT,,1,1777024441.638954,80.75,Game,1,Predictable,32.87,1,,,7,28.08,,120,Sound,,,
0,FORT,,1,1777024441.638954,80.75,Game,1,Predictable,32.89,1,,,7,28.08,,120,Sound,,,
0,FORT,,1,1777024441.638954,80.76,Game,1,Predictable,32.9,1,,,7,28.08,,120,Sound,,,
0,FORT,,1,1777024441.638954,80.78,Game,1,Predictable,32.91,1,,,7,28.08,,120,Sound,,,
0,FORT,,1,1777024441.638954,80.79,Game,1,Predictable,32.92,1,,,7,28.08,,120,Sound,,,
0,FORT,,1,1777024441.638954,80.8,Game,1,Predictable,32.93,1,,,7,28.08,,120,Sound,,,
0,FORT,,1,1777024441.638954,80.81,Game,1,Predictable,32.94,1,,,7,28.08,,120,Sound,,,
0,FORT,,1,1777024441.638954,80.82,Game,1,Predictable,32.95,1,,,7,28.08,,120,Sound,,,
0,FORT,,1,1777024441.638954,80.83,Game,1,Predictable,32.96,1,,,7,28.08,,120,Sound,,,
0,FORT,,1,1777024441.638954,80.85,Game,1,Predictable,32.97,1,,,7,28.08,,120,Sound,,,
0,FORT,,1,1777024441.638954,80.85,Game,1,Predictable,32.99,1,,,7,28.08,,120,Sound,,,
0,FORT,,1,1777024441.638954,80.86,Game,1,Predictable,33.0,1,,,7,28.08,,120,Sound,,,
0,FORT,,1,1777024441.638954,80.88,Game,1,Predictable,33.01,1,,,7,28.08,,120,Sound,,,
0,FORT,,1,1777024441.638954,80.89,Game,1,Predictable,33.02,1,,,7,28.08,,120,Sound,,,
0,FORT,,1,1777024441.638954,80.9,Game,1,Predictable,33.03,1,,,7,28.08,,120,Sound,,,
0,FORT,,1,1777024441.638954,80.91,Game,1,Predictable,33.04,1,,,7,28.08,,120,Sound,,,
0,FORT,,1,1777024441.638954,80.92,Game,1,Predictable,33.05,1,,,7,28.08,,120,Sound,,,
0,FORT,,1,1777024441.638954,80.93,Game,1,Predictable,33.06,1,,,7,28.08,,120,Sound,,,
0,FORT,,1,1777024441.638954,80.95,Game,1,Predictable,33.07,1,,,7,28.08,,120,Sound,,,
0,FORT,,1,1777024441.638954,80.95,Game,1,Predictable,33.09,1,,,7,28.08,,120,Sound,,,
0,FORT,,1,1777024441.638954,80.96,Game,1,Predictable,33.1,1,,,7,28.08,,120,Sound,,,
0,FORT,,1,1777024441.638954,80.98,Game,1,Predictable,33.11,1,,,7,28.08,,120,Sound,,,
0,FORT,,1,1777024441.638954,80.99,Game,1,Predictable,33.12,1,,,7,28.08,,120,Sound,,,
0,FORT,,1,1777024441.638954,81.0,Game,1,Predictable,33.13,1,,,7,28.08,,120,Sound,,,
0,FORT,,1,1777024441.638954,81.01,Game,1,Predictable,33.14,1,,,7,28.08,,120,Sound,,,
0,FORT,,1,1777024441.638954,81.02,Game,1,Predictable,33.15,1,,,7,28.08,,120,Sound,,,
0,FORT,,1,1777024441.638954,81.03,Game,1,Predictable,33.16,1,,,7,28.08,,120,Sound,,,
0,FORT,,1,1777024441.638954,81.05,Game,1,Predictable,33.17,1,,,7,28.08,,120,Sound,,,
0,FORT,,1,1777024441.638954,81.05,Game,1,Predictable,33.19,1,,,7,28.08,,120,Sound,,,
0,FORT,,1,1777024441.638954,81.06,Game,1,Predictable,33.2,1,,,7,28.08,,120,Sound,,,
0,FORT,,1,1777024441.638954,81.08,Game,1,Predictable,33.21,1,,,7,28.08,,120,Sound,,,
0,FORT,,1,1777024441.638954,81.09,Game,1,Predictable,33.22,1,,,7,28.08,,120,Sound,,,
0,FORT,,1,1777024441.638954,81.1,Game,1,Predictable,33.23,1,,,7,28.08,,120,Sound,,,
0,FORT,,1,1777024441.638954,81.11,Game,1,Predictable,33.24,1,,,7,28.08,,120,Sound,,,
0,FORT,,1,1777024441.638954,81.12,Game,1,Predictable,33.25,1,,,7,28.08,,120,Sound,,,
0,FORT,,1,1777024441.638954,81.13,Game,1,Predictable,33.26,1,,,7,28.08,,120,Sound,,,
0,FORT,,1,1777024441.638954,81.15,Game,1,Predictable,33.27,1,,,7,28.08,,120,Sound,,,
0,FORT,,1,1777024441.638954,81.15,Game,1,Predictable,33.29,1,,,7,28.08,,120,Sound,,,
0,FORT,,1,1777024441.638954,81.16,Game,1,Predictable,33.3,1,,,7,28.08,,120,Sound,,,
0,FORT,,1,1777024441.638954,81.18,Game,1,Predictable,33.31,1,,,7,28.08,,120,Sound,,,
0,FORT,,1,1777024441.638954,81.19,Game,1,Predictable,33.32,1,,,7,28.08,,120,Sound,,,
0,FORT,,1,1777024441.638954,81.2,Game,1,Predictable,33.33,1,,,7,28.08,,120,Sound,,,
0,FORT,,1,1777024441.638954,81.21,Game,1,Predictable,33.34,1,,,7,28.08,,120,Sound,,,
0,FORT,,1,1777024441.638954,81.22,Game,1,Predictable,33.35,1,,,7,28.08,,120,Sound,,,
0,FORT,,1,1777024441.638954,81.23,Game,1,Predictable,33.36,1,,,7,28.08,,120,Sound,,,
0,FORT,,1,1777024441.638954,81.25,Game,1,Predictable,33.37,1,,,7,28.08,,120,Sound,,,
0,FORT,,1,1777024441.638954,81.25,Game,1,Predictable,33.39,1,,,7,28.08,,120,Sound,,,
0,FORT,,1,1777024441.638954,81.26,Game,1,Predictable,33.4,1,,,7,28.08,,120,Sound,,,
0,FORT,,1,1777024441.638954,81.28,Game,1,Predictable,33.41,1,,,7,28.08,,120,Sound,,,
0,FORT,,1,1777024441.638954,81.29,Game,1,Predictable,33.42,1,,,7,28.08,,120,Sound,,,
0,FORT,,1,1777024441.638954,81.3,Game,1,Predictable,33.43,1,,,7,28.08,,120,Sound,,,
0,FORT,,1,1777024441.638954,81.31,Game,1,Predictable,33.44,1,,,7,28.08,,120,Sound,,,
0,FORT,,1,1777024441.638954,81.32,Game,1,Predictable,33.45,1,,,7,28.08,,120,Sound,,,
0,FORT,,1,1777024441.638954,81.33,Game,1,Predictable,33.46,1,,,7,28.08,,120,Sound,,,
0,FORT,,1,1777024441.638954,81.35,Game,1,Predictable,33.47,1,,,7,28.08,,120,Sound,,,
0,FORT,,1,1777024441.638954,81.35,Game,1,Predictable,33.49,1,,,7,28.08,,120,Sound,,,
0,FORT,,1,1777024441.638954,81.36,Game,1,Predictable,33.5,1,,,7,28.08,,120,Sound,,,
0,FORT,,1,1777024441.638954,81.38,Game,1,Predictable,33.51,1,,,7,28.08,,120,Sound,,,
0,FORT,,1,1777024441.638954,81.39,Game,1,Predictable,33.52,1,,,7,28.08,,120,Sound,,,
0,FORT,,1,1777024441.638954,81.4,Game,1,Predictable,33.53,1,,,7,28.08,,120,Sound,,,
0,FORT,,1,1777024441.638954,81.41,Game,1,Predictable,33.54,1,,,7,28.08,,120,Sound,,,
0,FORT,,1,1777024441.638954,81.42,Game,1,Predictable,33.55,1,,,7,28.08,,120,Sound,,,
0,FORT,,1,1777024441.638954,81.43,Game,1,Predictable,33.56,1,,,7,28.08,,120,Sound,,,
0,FORT,,1,1777024441.638954,81.45,Game,1,Predictable,33.57,1,,,7,28.08,,120,Sound,,,
0,FORT,,1,1777024441.638954,81.45,Game,1,Predictable,33.59,1,,,7,28.08,,120,Sound,,,
0,FORT,,1,1777024441.638954,81.46,Game,1,Predictable,33.6,1,,,7,28.08,,120,Sound,,,
0,FORT,,1,1777024441.638954,81.48,Game,1,Predictable,33.61,1,,,7,28.08,,120,Sound,,,
0,FORT,,1,1777024441.638954,81.49,Game,1,Predictable,33.62,1,,,7,28.08,,120,Sound,,,
0,FORT,,1,1777024441.638954,81.5,Game,1,Predictable,33.63,1,,,7,28.08,,120,Sound,,,
0,FORT,,1,1777024441.638954,81.51,Game,1,Predictable,33.64,1,,,7,28.08,,120,Sound,,,
0,FORT,,1,1777024441.638954,81.52,Game,1,Predictable,33.65,1,,,7,28.08,,120,Sound,,,
0,FORT,,1,1777024441.638954,81.53,Game,1,Predictable,33.66,1,,,7,28.08,,120,Sound,,,
0,FORT,,1,1777024441.638954,81.55,Game,1,Predictable,33.67,1,,,7,28.08,,120,Sound,,,
0,FORT,,1,1777024441.638954,81.55,Game,1,Predictable,33.69,1,,,7,28.08,,120,Sound,,,
0,FORT,,1,1777024441.638954,81.56,Game,1,Predictable,33.7,1,,,7,28.08,,120,Sound,,,
0,FORT,,1,1777024441.638954,81.58,Game,1,Predictable,33.71,1,,,7,28.08,,120,Sound,,,
0,FORT,,1,1777024441.638954,81.59,Game,1,Predictable,33.72,1,,,7,28.08,,120,Sound,,,
0,FORT,,1,1777024441.638954,81.6,Game,1,Predictable,33.73,1,,,7,28.08,,120,Sound,,,
0,FORT,,1,1777024441.638954,81.61,Game,1,Predictable,33.74,1,,,7,28.08,,120,Sound,,,
0,FORT,,1,1777024441.638954,81.62,Game,1,Predictable,33.75,1,,,7,28.08,,120,Sound,,,
0,FORT,,1,1777024441.638954,81.63,Game,1,Predictable,33.76,1,,,7,28.08,,120,Sound,,,
0,FORT,,1,1777024441.638954,81.65,Game,1,Predictable,33.77,1,,,7,28.08,,120,Sound,,,
0,FORT,,1,1777024441.638954,81.65,Game,1,Predictable,33.79,1,,,7,28.08,,120,Sound,,,
0,FORT,,1,1777024441.638954,81.66,Game,1,Predictable,33.8,1,,,7,28.08,,120,Sound,,,
0,FORT,,1,1777024441.638954,81.68,Game,1,Predictable,33.81,1,,,7,28.08,,120,Sound,,,
0,FORT,,1,1777024441.638954,81.69,Game,1,Predictable,33.82,1,,,7,28.08,,120,Sound,,,
0,FORT,,1,1777024441.638954,81.7,Game,1,Predictable,33.83,1,,,7,28.08,,120,Sound,,,
0,FORT,,1,1777024441.638954,81.71,Game,1,Predictable,33.84,1,,,7,28.08,,120,Sound,,,
0,FORT,,1,1777024441.638954,81.72,Game,1,Predictable,33.85,1,,,7,28.08,,120,Sound,,,
0,FORT,,1,1777024441.638954,81.73,Game,1,Predictable,33.86,1,,,7,28.08,,120,Sound,,,
0,FORT,,1,1777024441.638954,81.75,Game,1,Predictable,33.87,1,,,7,28.08,,120,Sound,,,
0,FORT,,1,1777024441.638954,81.76,Game,1,Predictable,33.89,1,,,7,28.08,,120,Sound,,,
0,FORT,,1,1777024441.638954,81.76,Game,1,Predictable,33.9,1,,,7,28.08,,120,Sound,,,
0,FORT,,1,1777024441.638954,81.78,Game,1,Predictable,33.91,1,,,7,28.08,,120,Sound,,,
0,FORT,,1,1777024441.638954,81.79,Game,1,Predictable,33.92,1,,,7,28.08,,120,Sound,,,
0,FORT,,1,1777024441.638954,81.8,Game,1,Predictable,33.93,1,,,7,28.08,,120,Sound,,,
0,FORT,,1,1777024441.638954,81.81,Game,1,Predictable,33.94,1,,,7,28.08,,120,Sound,,,
0,FORT,,1,1777024441.638954,81.82,Game,1,Predictable,33.95,1,,,7,28.08,,120,Sound,,,
0,FORT,,1,1777024441.638954,81.83,Game,1,Predictable,33.96,1,,,7,28.08,,120,Sound,,,
0,FORT,,1,1777024441.638954,81.85,Game,1,Predictable,33.97,1,,,7,28.08,,120,Sound,,,
0,FORT,,1,1777024441.638954,81.85,Game,1,Predictable,33.99,1,,,7,28.08,,120,Sound,,,
0,FORT,,1,1777024441.638954,81.86,Game,1,Predictable,34.0,1,,,7,28.08,,120,Sound,,,
0,FORT,,1,1777024441.638954,81.88,Game,1,Predictable,34.01,1,,,7,28.08,,120,Sound,,,
0,FORT,,1,1777024441.638954,81.89,Game,1,Predictable,34.02,1,,,7,28.08,,120,Sound,,,
0,FORT,,1,1777024441.638954,81.9,Game,1,Predictable,34.03,1,,,7,28.08,,120,Sound,,,
0,FORT,,1,1777024441.638954,81.91,Game,1,Predictable,34.04,1,,,7,28.08,,120,Sound,,,
0,FORT,,1,1777024441.638954,81.92,Game,1,Predictable,34.05,1,,,7,28.08,,120,Sound,,,
0,FORT,,1,1777024441.638954,81.93,Game,1,Predictable,34.06,1,,,7,28.08,,120,Sound,,,
0,FORT,,1,1777024441.638954,81.95,Game,1,Predictable,34.07,1,,,7,28.08,,120,Sound,,,
0,FORT,,1,1777024441.638954,81.95,Game,1,Predictable,34.09,1,,,7,28.08,,120,Sound,,,
0,FORT,,1,1777024441.638954,81.96,Game,1,Predictable,34.1,1,,,7,28.08,,120,Sound,,,
0,FORT,,1,1777024441.638954,81.98,Game,1,Predictable,34.11,1,,,7,28.08,,120,Sound,,,
0,FORT,,1,1777024441.638954,81.99,Game,1,Predictable,34.12,1,,,7,28.08,,120,Sound,,,
0,FORT,,1,1777024441.638954,82.0,Game,1,Predictable,34.13,1,,,7,28.08,,120,Sound,,,
0,FORT,,1,1777024441.638954,82.01,Game,1,Predictable,34.14,1,,,7,28.08,,120,Sound,,,
0,FORT,,1,1777024441.638954,82.02,Game,1,Predictable,34.15,1,,,7,28.08,,120,Sound,,,
0,FORT,,1,1777024441.638954,82.03,Game,1,Predictable,34.16,1,,,7,28.08,,120,Sound,,,
0,FORT,,1,1777024441.638954,82.05,Game,1,Predictable,34.17,1,,,7,28.08,,120,Sound,,,
0,FORT,,1,1777024441.638954,82.05,Game,1,Predictable,34.19,1,,,7,28.08,,120,Sound,,,
0,FORT,,1,1777024441.638954,82.06,Game,1,Predictable,34.2,1,,,7,28.08,,120,Sound,,,
0,FORT,,1,1777024441.638954,82.08,Game,1,Predictable,34.21,1,,,7,28.08,,120,Sound,,,
0,FORT,,1,1777024441.638954,82.09,Game,1,Predictable,34.22,1,,,7,28.08,,120,Sound,,,
0,FORT,,1,1777024441.638954,82.1,Game,1,Predictable,34.23,1,,,7,28.08,,120,Sound,,,
0,FORT,,1,1777024441.638954,82.11,Game,1,Predictable,34.24,1,,,7,28.08,,120,Sound,,,
0,FORT,,1,1777024441.638954,82.12,Game,1,Predictable,34.25,1,,,7,28.08,,120,Sound,,,
0,FORT,,1,1777024441.638954,82.13,Game,1,Predictable,34.26,1,,,7,28.08,,120,Sound,,,
0,FORT,,1,1777024441.638954,82.15,Game,1,Predictable,34.27,1,,,7,28.08,,120,Sound,,,
0,FORT,,1,1777024441.638954,82.15,Game,1,Predictable,34.29,1,,,7,28.08,,120,Sound,,,
0,FORT,,1,1777024441.638954,82.16,Game,1,Predictable,34.3,1,,,7,28.08,,120,Sound,,,
0,FORT,,1,1777024441.638954,82.18,Game,1,Predictable,34.31,1,,,7,28.08,,120,Sound,,,
0,FORT,,1,1777024441.638954,82.19,Game,1,Predictable,34.32,1,,,7,28.08,,120,Sound,,,
0,FORT,,1,1777024441.638954,82.2,Game,1,Predictable,34.33,1,,,7,28.08,,120,Sound,,,
0,FORT,,1,1777024441.638954,82.21,Game,1,Predictable,34.34,1,,,7,28.08,,120,Sound,,,
0,FORT,,1,1777024441.638954,82.22,Game,1,Predictable,34.35,1,,,7,28.08,,120,Sound,,,
0,FORT,,1,1777024441.638954,82.23,Game,1,Predictable,34.36,1,,,7,28.08,,120,Sound,,,
0,FORT,,1,1777024441.638954,82.25,Game,1,Predictable,34.37,1,,,7,28.08,,120,Sound,,,
0,FORT,,1,1777024441.638954,82.25,Game,1,Predictable,34.39,1,,,7,28.08,,120,Sound,,,
0,FORT,,1,1777024441.638954,82.26,Game,1,Predictable,34.4,1,,,7,28.08,,120,Sound,,,
0,FORT,,1,1777024441.638954,82.28,Game,1,Predictable,34.41,1,,,7,28.08,,120,Sound,,,
0,FORT,,1,1777024441.638954,82.29,Game,1,Predictable,34.42,1,,,7,28.08,,120,Sound,,,
0,FORT,,1,1777024441.638954,82.3,Game,1,Predictable,34.43,1,,,7,28.08,,120,Sound,,,
0,FORT,,1,1777024441.638954,82.31,Game,1,Predictable,34.44,1,,,7,28.08,,120,Sound,,,
0,FORT,,1,1777024441.638954,82.32,Game,1,Predictable,34.45,1,,,7,28.08,,120,Sound,,,
0,FORT,,1,1777024441.638954,82.33,Game,1,Predictable,34.46,1,,,7,28.08,,120,Sound,,,
0,FORT,,1,1777024441.638954,82.35,Game,1,Predictable,34.47,1,,,7,28.08,,120,Sound,,,
0,FORT,,1,1777024441.638954,82.35,Game,1,Predictable,34.49,1,,,7,28.08,,120,Sound,,,
0,FORT,,1,1777024441.638954,82.36,Game,1,Predictable,34.5,1,,,7,28.08,,120,Sound,,,
0,FORT,,1,1777024441.638954,82.38,Game,1,Predictable,34.51,1,,,7,28.08,,120,Sound,,,
0,FORT,,1,1777024441.638954,82.39,Game,1,Predictable,34.52,1,,,7,28.08,,120,Sound,,,
0,FORT,,1,1777024441.638954,82.4,Game,1,Predictable,34.53,1,,,7,28.08,,120,Sound,,,
0,FORT,,1,1777024441.638954,82.41,Game,1,Predictable,34.54,1,,,7,28.08,,120,Sound,,,
0,FORT,,1,1777024441.638954,82.42,Game,1,Predictable,34.55,1,,,7,28.08,,120,Sound,,,
0,FORT,,1,1777024441.638954,82.43,Game,1,Predictable,34.56,1,,,7,28.08,,120,Sound,,,
0,FORT,,1,1777024441.638954,82.45,Game,1,Predictable,34.57,1,,,7,28.08,,120,Sound,,,
0,FORT,,1,1777024441.638954,82.45,Game,1,Predictable,34.59,1,,,7,28.08,,120,Sound,,,
0,FORT,,1,1777024441.638954,82.46,Game,1,Predictable,34.6,1,,,7,28.08,,120,Sound,,,
0,FORT,,1,1777024441.638954,82.48,Game,1,Predictable,34.61,1,,,7,28.08,,120,Sound,,,
0,FORT,,1,1777024441.638954,82.49,Game,1,Predictable,34.62,1,,,7,28.08,,120,Sound,,,
0,FORT,,1,1777024441.638954,82.5,Game,1,Predictable,34.63,1,,,7,28.08,,120,Sound,,,
0,FORT,,1,1777024441.638954,82.51,Game,1,Predictable,34.64,1,,,7,28.08,,120,Sound,,,
0,FORT,,1,1777024441.638954,82.52,Game,1,Predictable,34.65,1,,,7,28.08,,120,Sound,,,
0,FORT,,1,1777024441.638954,82.53,Game,1,Predictable,34.66,1,,,7,28.08,,120,Sound,,,
0,FORT,,1,1777024441.638954,82.55,Game,1,Predictable,34.67,1,,,7,28.08,,120,Sound,,,
0,FORT,,1,1777024441.638954,82.55,Game,1,Predictable,34.69,1,,,7,28.08,,120,Sound,,,
0,FORT,,1,1777024441.638954,82.56,Game,1,Predictable,34.7,1,,,7,28.08,,120,Sound,,,
0,FORT,,1,1777024441.638954,82.58,Game,1,Predictable,34.71,1,,,7,28.08,,120,Sound,,,
0,FORT,,1,1777024441.638954,82.59,Game,1,Predictable,34.72,1,,,7,28.08,,120,Sound,,,
0,FORT,,1,1777024441.638954,82.6,Game,1,Predictable,34.73,1,,,7,28.08,,120,Sound,,,
0,FORT,,1,1777024441.638954,82.61,Game,1,Predictable,34.74,1,,,7,28.08,,120,Sound,,,
0,FORT,,1,1777024441.638954,82.62,Game,1,Predictable,34.75,1,,,7,28.08,,120,Sound,,,
0,FORT,,1,1777024441.638954,82.63,Game,1,Predictable,34.76,1,,,7,28.08,,120,Sound,,,
0,FORT,,1,1777024441.638954,82.65,Game,1,Predictable,34.77,1,,,7,28.08,,120,Sound,,,
0,FORT,,1,1777024441.638954,82.66,Game,1,Predictable,34.79,1,,,7,28.08,,120,Sound,,,
0,FORT,,1,1777024441.638954,82.66,Game,1,Predictable,34.8,1,,,7,28.08,,120,Sound,,,
0,FORT,,1,1777024441.638954,82.68,Game,1,Predictable,34.81,1,,,7,28.08,,120,Sound,,,
0,FORT,,1,1777024441.638954,82.69,Game,1,Predictable,34.82,1,,,7,28.08,,120,Sound,,,
0,FORT,,1,1777024441.638954,82.7,Game,1,Predictable,34.83,1,,,7,28.08,,120,Sound,,,
0,FORT,,1,1777024441.638954,82.71,Game,1,Predictable,34.84,1,,,7,28.08,,120,Sound,,,
0,FORT,,1,1777024441.638954,82.72,Game,1,Predictable,34.85,1,,,7,28.08,,120,Sound,,,
0,FORT,,1,1777024441.638954,82.73,Game,1,Predictable,34.86,1,,,7,28.08,,120,Sound,,,
0,FORT,,1,1777024441.638954,82.75,Game,1,Predictable,34.87,1,,,7,28.08,,120,Sound,,,
0,FORT,,1,1777024441.638954,82.75,Game,1,Predictable,34.89,1,,,7,28.08,,120,Sound,,,
0,FORT,,1,1777024441.638954,82.76,Game,1,Predictable,34.9,1,,,7,28.08,,120,Sound,,,
0,FORT,,1,1777024441.638954,82.78,Game,1,Predictable,34.91,1,,,7,28.08,,120,Sound,,,
0,FORT,,1,1777024441.638954,82.79,Game,1,Predictable,34.92,1,,,7,28.08,,120,Sound,,,
0,FORT,,1,1777024441.638954,82.8,Game,1,Predictable,34.93,1,,,7,28.08,,120,Sound,,,
0,FORT,,1,1777024441.638954,82.81,Game,1,Predictable,34.94,1,,,7,28.08,,120,Sound,,,
0,FORT,,1,1777024441.638954,82.82,Game,1,Predictable,34.95,1,,,7,28.08,,120,Sound,,,
0,FORT,,1,1777024441.638954,82.83,Game,1,Predictable,34.96,1,,,7,28.08,,120,Sound,,,
0,FORT,,1,1777024441.638954,82.85,Game,1,Predictable,34.97,1,,,7,28.08,,120,Sound,,,
0,FORT,,1,1777024441.638954,82.86,Game,1,Predictable,34.99,1,,,7,28.08,,120,Sound,,,
0,FORT,,1,1777024441.638954,82.86,Game,1,Predictable,35.0,1,,,7,28.08,,120,Sound,,,
0,FORT,,1,1777024441.638954,82.88,Game,1,Predictable,35.01,1,,,7,28.08,,120,Sound,,,
0,FORT,,1,1777024441.638954,82.89,Game,1,Predictable,35.02,1,,,7,28.08,,120,Sound,,,
0,FORT,,1,1777024441.638954,82.9,Game,1,Predictable,35.03,1,,,7,28.08,,120,Sound,,,
0,FORT,,1,1777024441.638954,82.91,Game,1,Predictable,35.04,1,,,7,28.08,,120,Sound,,,
0,FORT,,1,1777024441.638954,82.92,Game,1,Predictable,35.05,1,,,7,28.08,,120,Sound,,,
0,FORT,,1,1777024441.638954,82.93,Game,1,Predictable,35.06,1,,,7,28.08,,120,Sound,,,
0,FORT,,1,1777024441.638954,82.95,Game,1,Predictable,35.07,1,,,7,28.08,,120,Sound,,,
0,FORT,,1,1777024441.638954,82.95,Game,1,Predictable,35.09,1,,,7,28.08,,120,Sound,,,
0,FORT,,1,1777024441.638954,82.96,Game,1,Predictable,35.1,1,,,7,28.08,,120,Sound,,,
0,FORT,,1,1777024441.638954,82.98,Game,1,Predictable,35.11,1,,,7,28.08,,120,Sound,,,
0,FORT,,1,1777024441.638954,82.99,Game,1,Predictable,35.12,1,,,7,28.08,,120,Sound,,,
0,FORT,,1,1777024441.638954,83.0,Game,1,Predictable,35.13,1,,,7,28.08,,120,Sound,,,
0,FORT,,1,1777024441.638954,83.01,Game,1,Predictable,35.14,1,,,7,28.08,,120,Sound,,,
0,FORT,,1,1777024441.638954,83.02,Game,1,Predictable,35.15,1,,,7,28.08,,120,Sound,,,
0,FORT,,1,1777024441.638954,83.03,Game,1,Predictable,35.16,1,,,7,28.08,,120,Sound,,,
0,FORT,,1,1777024441.638954,83.05,Game,1,Predictable,35.17,1,,,7,28.08,,120,Sound,,,
0,FORT,,1,1777024441.638954,83.06,Game,1,Predictable,35.19,1,,,7,28.08,,120,Sound,,,
0,FORT,,1,1777024441.638954,83.06,Game,1,Predictable,35.2,1,,,7,28.08,,120,Sound,,,
0,FORT,,1,1777024441.638954,83.08,Game,1,Predictable,35.21,1,,,7,28.08,,120,Sound,,,
0,FORT,,1,1777024441.638954,83.09,Game,1,Predictable,35.22,1,,,7,28.08,,120,Sound,,,
0,FORT,,1,1777024441.638954,83.1,Game,1,Predictable,35.23,1,,,7,28.08,,120,Sound,,,
0,FORT,,1,1777024441.638954,83.11,Game,1,Predictable,35.24,1,,,7,28.08,,120,Sound,,,
0,FORT,,1,1777024441.638954,83.12,Game,1,Predictable,35.25,1,,,7,28.08,,120,Sound,,,
0,FORT,,1,1777024441.638954,83.13,Game,1,Predictable,35.26,1,,,7,28.08,,120,Sound,,,
0,FORT,,1,1777024441.638954,83.15,Game,1,Predictable,35.27,1,,,7,28.08,,120,Sound,,,
0,FORT,,1,1777024441.638954,83.16,Game,1,Predictable,35.29,1,,,7,28.08,,120,Sound,,,
0,FORT,,1,1777024441.638954,83.16,Game,1,Predictable,35.3,1,,,7,28.08,,120,Sound,,,
0,FORT,,1,1777024441.638954,83.18,Game,1,Predictable,35.31,1,,,7,28.08,,120,Sound,,,
0,FORT,,1,1777024441.638954,83.19,Game,1,Predictable,35.32,1,,,7,28.08,,120,Sound,,,
0,FORT,,1,1777024441.638954,83.2,Game,1,Predictable,35.33,1,,,7,28.08,,120,Sound,,,
0,FORT,,1,1777024441.638954,83.21,Game,1,Predictable,35.34,1,,,7,28.08,,120,Sound,,,
0,FORT,,1,1777024441.638954,83.22,Game,1,Predictable,35.35,1,,,7,28.08,,120,Sound,,,
0,FORT,,1,1777024441.638954,83.23,Game,1,Predictable,35.36,1,,,7,28.08,,120,Sound,,,
0,FORT,,1,1777024441.638954,83.25,Game,1,Predictable,35.37,1,,,7,28.08,,120,Sound,,,
0,FORT,,1,1777024441.638954,83.26,Game,1,Predictable,35.39,1,,1,7,28.08,,122,Sound,,,
0,FORT,,1,1777024441.638954,83.31,Game,1,Predictable,35.39,1,,1,7,28.08,,122,Sound,,,
0,FORT,,1,1777024441.638954,83.37,Game,1,Predictable,35.39,1,,1,7,28.08,,122,Sound,,,
0,FORT,,1,1777024441.638954,83.42,Game,1,Predictable,35.39,1,,1,7,28.08,,122,Sound,,,
0,FORT,,1,1777024441.638954,83.47,Game,1,Predictable,35.39,1,,1,7,28.08,,122,Sound,,,
0,FORT,,1,1777024441.638954,83.53,Game,1,Predictable,35.39,1,,1,7,28.08,,122,Sound,,,
0,FORT,,1,1777024441.638954,83.58,Game,1,Predictable,35.39,1,,1,7,28.08,,122,Sound,,,
0,FORT,,1,1777024441.638954,83.64,Game,1,Predictable,35.39,1,,1,7,28.08,,122,Sound,,,
0,FORT,,1,1777024441.638954,83.69,Game,1,Predictable,35.39,1,,1,7,28.08,,122,Sound,,,
0,FORT,,1,1777024441.638954,83.74,Game,1,Predictable,35.39,1,,1,7,28.08,,122,Sound,,,
0,FORT,,1,1777024441.638954,83.8,Game,1,Predictable,35.39,1,,1,7,28.08,,122,Sound,,,
0,FORT,,1,1777024441.638954,83.85,Game,1,Predictable,35.39,1,,1,7,28.08,,122,Sound,,,
0,FORT,,1,1777024441.638954,83.91,Game,1,Predictable,35.39,1,,1,7,28.08,,122,Sound,,,
0,FORT,,1,1777024441.638954,83.96,Game,1,Predictable,35.39,1,,1,7,28.08,,122,Sound,,,
0,FORT,,1,1777024441.638954,84.01,Game,1,Predictable,35.39,1,,1,7,28.08,,122,Sound,,,
0,FORT,,1,1777024441.638954,84.07,Game,1,Predictable,35.39,1,,1,7,28.08,,122,Sound,,,
0,FORT,,1,1777024441.638954,84.12,Game,1,Predictable,35.39,1,,1,7,28.08,,122,Sound,,,
0,FORT,,1,1777024441.638954,84.17,Game,1,Predictable,35.39,1,,1,7,28.08,,122,Sound,,,
0,FORT,,1,1777024441.638954,84.23,Game,1,Predictable,35.39,1,,1,7,28.08,,122,Sound,,,
0,FORT,,1,1777024441.638954,84.28,Game,1,Predictable,35.39,1,,1,7,28.08,,122,Sound,,,
0,FORT,,1,1777024441.638954,84.34,Game,1,Predictable,35.39,1,,1,7,28.08,,122,Sound,,,
0,FORT,,1,1777024441.638954,84.39,Game,1,Predictable,35.39,1,,1,7,28.08,,122,Sound,,,
0,FORT,,1,1777024441.638954,84.44,Game,1,Predictable,35.39,1,,1,7,28.08,,122,Sound,,,
0,FORT,,1,1777024441.638954,84.5,Game,1,Predictable,35.39,1,,1,7,28.08,,122,Sound,,,
0,FORT,,1,1777024441.638954,84.55,Game,1,Predictable,35.39,1,,1,7,28.08,,122,Sound,,,
0,FORT,,1,1777024441.638954,84.61,Game,1,Predictable,35.39,1,,1,7,28.08,,122,Sound,,,
0,FORT,,1,1777024441.638954,84.66,Game,1,Predictable,35.39,1,,1,7,28.08,,122,Sound,,,
0,FORT,,1,1777024441.638954,84.71,Game,1,Predictable,35.39,1,,1,7,28.08,,122,Sound,,,
0,FORT,,1,1777024441.638954,84.77,Game,1,Predictable,35.39,1,,,7,28.08,,120,Sound,,,
0,FORT,,1,1777024441.638954,84.78,Game,1,Predictable,36.91,1,,,7,28.08,,120,Sound,,,
0,FORT,,1,1777024441.638954,84.8,Game,1,Predictable,36.92,1,,,7,28.08,,120,Sound,,,
0,FORT,,1,1777024441.638954,84.8,Game,1,Predictable,36.93,1,,,7,28.08,,120,Sound,,,
0,FORT,,1,1777024441.638954,84.81,Game,1,Predictable,36.94,1,,,7,28.08,,120,Sound,,,
0,FORT,,1,1777024441.638954,84.82,Game,1,Predictable,36.95,1,,,7,28.08,,120,Sound,,,
0,FORT,,1,1777024441.638954,84.83,Game,1,Predictable,36.96,1,,,7,28.08,,120,Sound,,,
0,FORT,,1,1777024441.638954,84.84,Game,1,Predictable,36.97,1,,,7,28.08,,120,Sound,,,
0,FORT,,1,1777024441.638954,84.85,Game,1,Predictable,36.98,1,,,7,28.08,,120,Sound,,,
0,FORT,,1,1777024441.638954,84.86,Game,1,Predictable,36.99,1,,,7,28.08,,120,Sound,,,
0,FORT,,1,1777024441.638954,84.87,Game,1,Predictable,37.0,1,,,7,28.08,,120,Sound,,,
0,FORT,,1,1777024441.638954,84.88,Game,1,Predictable,37.01,1,,,7,28.08,,120,Sound,,,
0,FORT,,1,1777024441.638954,84.89,Game,1,Predictable,37.02,1,,,7,28.08,,120,Sound,,,
0,FORT,,1,1777024441.638954,84.9,Game,1,Predictable,37.03,1,,,7,28.08,,120,Sound,,,
0,FORT,,1,1777024441.638954,84.91,Game,1,Predictable,37.04,1,,,7,28.08,,120,Sound,,,
0,FORT,,1,1777024441.638954,84.92,Game,1,Predictable,37.05,1,,,7,28.08,,120,Sound,,,
0,FORT,,1,1777024441.638954,84.93,Game,1,Predictable,37.06,1,,,7,28.08,,120,Sound,,,
0,FORT,,1,1777024441.638954,84.94,Game,1,Predictable,37.07,1,,,7,28.08,,120,Sound,,,
0,FORT,,1,1777024441.638954,84.95,Game,1,Predictable,37.08,1,,,7,28.08,,120,Sound,,,
0,FORT,,1,1777024441.638954,84.96,Game,1,Predictable,37.09,1,,,7,28.08,,120,Sound,,,
0,FORT,,1,1777024441.638954,84.97,Game,1,Predictable,37.1,1,,,7,28.08,,120,Sound,,,
0,FORT,,1,1777024441.638954,84.98,Game,1,Predictable,37.11,1,,,7,28.08,,120,Sound,,,
0,FORT,,1,1777024441.638954,84.99,Game,1,Predictable,37.12,1,,,7,28.08,,120,Sound,,,
0,FORT,,1,1777024441.638954,85.0,Game,1,Predictable,37.13,1,,,7,28.08,,120,Sound,,,
0,FORT,,1,1777024441.638954,85.01,Game,1,Predictable,37.14,1,,,7,28.08,,120,Sound,,,
0,FORT,,1,1777024441.638954,85.02,Game,1,Predictable,37.15,1,,,7,28.08,,120,Sound,,,
0,FORT,,1,1777024441.638954,85.03,Game,1,Predictable,37.16,1,,,7,28.08,,120,Sound,,,
0,FORT,,1,1777024441.638954,85.04,Game,1,Predictable,37.17,1,,,7,28.08,,120,Sound,,,
0,FORT,,1,1777024441.638954,85.05,Game,1,Predictable,37.18,1,,,7,28.08,,120,Sound,,,
0,FORT,,1,1777024441.638954,85.06,Game,1,Predictable,37.19,1,,,7,28.08,,120,Sound,,,
0,FORT,,1,1777024441.638954,85.07,Game,1,Predictable,37.2,1,,,7,28.08,,120,Sound,,,
0,FORT,,1,1777024441.638954,85.08,Game,1,Predictable,37.21,1,,,7,28.08,,120,Sound,,,
0,FORT,,1,1777024441.638954,85.09,Game,1,Predictable,37.22,1,,,7,28.08,,120,Sound,,,
0,FORT,,1,1777024441.638954,85.1,Game,1,Predictable,37.23,1,,,7,28.08,,120,Sound,,,
0,FORT,,1,1777024441.638954,85.11,Game,1,Predictable,37.24,1,,,7,28.08,,120,Sound,,,
0,FORT,,1,1777024441.638954,85.12,Game,1,Predictable,37.25,1,,,7,28.08,,120,Sound,,,
0,FORT,,1,1777024441.638954,85.13,Game,1,Predictable,37.26,1,,,7,28.08,,120,Sound,,,
0,FORT,,1,1777024441.638954,85.14,Game,1,Predictable,37.27,1,,,7,28.08,,120,Sound,,,
0,FORT,,1,1777024441.638954,85.15,Game,1,Predictable,37.28,1,,,7,28.08,,120,Sound,,,
0,FORT,,1,1777024441.638954,85.16,Game,1,Predictable,37.29,1,,,7,28.08,,120,Sound,,,
0,FORT,,1,1777024441.638954,85.17,Game,1,Predictable,37.3,1,,,7,28.08,,120,Sound,,,
0,FORT,,1,1777024441.638954,85.18,Game,1,Predictable,37.31,1,,,7,28.08,,120,Sound,,,
0,FORT,,1,1777024441.638954,85.19,Game,1,Predictable,37.32,1,,,7,28.08,,120,Sound,,,
0,FORT,,1,1777024441.638954,85.2,Game,1,Predictable,37.33,1,,,7,28.08,,120,Sound,,,
0,FORT,,1,1777024441.638954,85.21,Game,1,Predictable,37.34,1,,,7,28.08,,120,Sound,,,
0,FORT,,1,1777024441.638954,85.22,Game,1,Predictable,37.35,1,,,7,28.08,,120,Sound,,,
0,FORT,,1,1777024441.638954,85.23,Game,1,Predictable,37.36,1,,,7,28.08,,120,Sound,,,
0,FORT,,1,1777024441.638954,85.24,Game,1,Predictable,37.37,1,,,7,28.08,,120,Sound,,,
0,FORT,,1,1777024441.638954,85.25,Game,1,Predictable,37.38,1,,,7,28.08,,120,Sound,,,
0,FORT,,1,1777024441.638954,85.26,Game,1,Predictable,37.39,1,,,7,28.08,,120,Sound,,,
0,FORT,,1,1777024441.638954,85.27,Game,1,Predictable,37.4,1,,,7,28.08,,120,Sound,,,
0,FORT,,1,1777024441.638954,85.28,Game,1,Predictable,37.41,1,,,7,28.08,,120,Sound,,,
0,FORT,,1,1777024441.638954,85.29,Game,1,Predictable,37.42,1,,,7,28.08,,120,Sound,,,
0,FORT,,1,1777024441.638954,85.3,Game,1,Predictable,37.43,1,,,7,28.08,,120,Sound,,,
0,FORT,,1,1777024441.638954,85.31,Game,1,Predictable,37.44,1,,,7,28.08,,120,Sound,,,
0,FORT,,1,1777024441.638954,85.32,Game,1,Predictable,37.45,1,,,7,28.08,,120,Sound,,,
0,FORT,,1,1777024441.638954,85.33,Game,1,Predictable,37.46,1,,,7,28.08,,120,Sound,,,
0,FORT,,1,1777024441.638954,85.34,Game,1,Predictable,37.47,1,,,7,28.08,,120,Sound,,,
0,FORT,,1,1777024441.638954,85.35,Game,1,Predictable,37.48,1,,,7,28.08,,120,Sound,,,
0,FORT,,1,1777024441.638954,85.36,Game,1,Predictable,37.49,1,,,7,28.08,,120,Sound,,,
0,FORT,,1,1777024441.638954,85.37,Game,1,Predictable,37.5,1,,,7,28.08,,120,Sound,,,
0,FORT,,1,1777024441.638954,85.38,Game,1,Predictable,37.51,1,,,7,28.08,,120,Sound,,,
0,FORT,,1,1777024441.638954,85.39,Game,1,Predictable,37.52,1,,,7,28.08,,120,Sound,,,
0,FORT,,1,1777024441.638954,85.4,Game,1,Predictable,37.53,1,,,7,28.08,,120,Sound,,,
0,FORT,,1,1777024441.638954,85.41,Game,1,Predictable,37.54,1,,,7,28.08,,120,Sound,,,
0,FORT,,1,1777024441.638954,85.42,Game,1,Predictable,37.55,1,,,7,28.08,,120,Sound,,,
0,FORT,,1,1777024441.638954,85.43,Game,1,Predictable,37.56,1,,,7,28.08,,120,Sound,,,
0,FORT,,1,1777024441.638954,85.44,Game,1,Predictable,37.57,1,,,7,28.08,,120,Sound,,,
0,FORT,,1,1777024441.638954,85.45,Game,1,Predictable,37.58,1,,,7,28.08,,120,Sound,,,
0,FORT,,1,1777024441.638954,85.46,Game,1,Predictable,37.59,1,,,7,28.08,,120,Sound,,,
0,FORT,,1,1777024441.638954,85.47,Game,1,Predictable,37.6,1,,,7,28.08,,120,Sound,,,
0,FORT,,1,1777024441.638954,85.48,Game,1,Predictable,37.61,1,,,7,28.08,,120,Sound,,,
0,FORT,,1,1777024441.638954,85.49,Game,1,Predictable,37.62,1,,,7,28.08,,120,Sound,,,
0,FORT,,1,1777024441.638954,85.5,Game,1,Predictable,37.63,1,,,7,28.08,,120,Sound,,,
0,FORT,,1,1777024441.638954,85.51,Game,1,Predictable,37.64,1,,,7,28.08,,120,Sound,,,
0,FORT,,1,1777024441.638954,85.52,Game,1,Predictable,37.65,1,,,7,28.08,,120,Sound,,,
0,FORT,,1,1777024441.638954,85.53,Game,1,Predictable,37.66,1,,,7,28.08,,120,Sound,,,
0,FORT,,1,1777024441.638954,85.54,Game,1,Predictable,37.67,1,,,7,28.08,,120,Sound,,,
0,FORT,,1,1777024441.638954,85.55,Game,1,Predictable,37.68,1,,,7,28.08,,120,Sound,,,
0,FORT,,1,1777024441.638954,85.56,Game,1,Predictable,37.69,1,,,7,28.08,,120,Sound,,,
0,FORT,,1,1777024441.638954,85.57,Game,1,Predictable,37.7,1,,,7,28.08,,120,Sound,,,
0,FORT,,1,1777024441.638954,85.58,Game,1,Predictable,37.71,1,,,7,28.08,,120,Sound,,,
0,FORT,,1,1777024441.638954,85.59,Game,1,Predictable,37.72,1,,,7,28.08,,120,Sound,,,
0,FORT,,1,1777024441.638954,85.6,Game,1,Predictable,37.73,1,,,7,28.08,,120,Sound,,,
0,FORT,,1,1777024441.638954,85.61,Game,1,Predictable,37.74,1,,,7,28.08,,120,Sound,,,
0,FORT,,1,1777024441.638954,85.62,Game,1,Predictable,37.75,1,,,7,28.08,,120,Sound,,,
0,FORT,,1,1777024441.638954,85.63,Game,1,Predictable,37.76,1,,,7,28.08,,120,Sound,,,
0,FORT,,1,1777024441.638954,85.64,Game,1,Predictable,37.77,1,,,7,28.08,,120,Sound,,,
0,FORT,,1,1777024441.638954,85.65,Game,1,Predictable,37.78,1,,,7,28.08,,120,Sound,,,
0,FORT,,1,1777024441.638954,85.66,Game,1,Predictable,37.79,1,,,7,28.08,,120,Sound,,,
0,FORT,,1,1777024441.638954,85.67,Game,1,Predictable,37.8,1,,,7,28.08,,120,Sound,,,
0,FORT,,1,1777024441.638954,85.68,Game,1,Predictable,37.81,1,,,7,28.08,,120,Sound,,,
0,FORT,,1,1777024441.638954,85.69,Game,1,Predictable,37.82,1,,,7,28.08,,120,Sound,,,
0,FORT,,1,1777024441.638954,85.7,Game,1,Predictable,37.83,1,,,7,28.08,,120,Sound,,,
0,FORT,,1,1777024441.638954,85.71,Game,1,Predictable,37.84,1,,,7,28.08,,120,Sound,,,
0,FORT,,1,1777024441.638954,85.72,Game,1,Predictable,37.85,1,,,7,28.08,,120,Sound,,,
0,FORT,,1,1777024441.638954,85.73,Game,1,Predictable,37.86,1,,,7,28.08,,120,Sound,,,
0,FORT,,1,1777024441.638954,85.74,Game,1,Predictable,37.87,1,,,7,28.08,,120,Sound,,,
0,FORT,,1,1777024441.638954,85.75,Game,1,Predictable,37.88,1,,,7,28.08,,120,Sound,,,
0,FORT,,1,1777024441.638954,85.76,Game,1,Predictable,37.89,1,,,7,28.08,,120,Sound,,,
0,FORT,,1,1777024441.638954,85.77,Game,1,Predictable,37.9,1,,,7,28.08,,120,Sound,,,
0,FORT,,1,1777024441.638954,85.78,Game,1,Predictable,37.91,1,,,7,28.08,,120,Sound,,,
0,FORT,,1,1777024441.638954,85.79,Game,1,Predictable,37.92,1,,,7,28.08,,120,Sound,,,
0,FORT,,1,1777024441.638954,85.8,Game,1,Predictable,37.93,1,,,7,28.08,,120,Sound,,,
0,FORT,,1,1777024441.638954,85.81,Game,1,Predictable,37.94,1,,,7,28.08,,120,Sound,,,
0,FORT,,1,1777024441.638954,85.82,Game,1,Predictable,37.95,1,,,7,28.08,,120,Sound,,,
0,FORT,,1,1777024441.638954,85.83,Game,1,Predictable,37.96,1,,,7,28.08,,120,Sound,,,
0,FORT,,1,1777024441.638954,85.84,Game,1,Predictable,37.97,1,,,7,28.08,,120,Sound,,,
0,FORT,,1,1777024441.638954,85.85,Game,1,Predictable,37.98,1,,,7,28.08,,120,Sound,,,
0,FORT,,1,1777024441.638954,85.86,Game,1,Predictable,37.99,1,,,7,28.08,,120,Sound,,,
0,FORT,,1,1777024441.638954,85.87,Game,1,Predictable,38.0,1,,,7,28.08,,120,Sound,,,
0,FORT,,1,1777024441.638954,85.88,Game,1,Predictable,38.01,1,,,7,28.08,,120,Sound,,,
0,FORT,,1,1777024441.638954,85.89,Game,1,Predictable,38.02,1,,,7,28.08,,120,Sound,,,
0,FORT,,1,1777024441.638954,85.9,Game,1,Predictable,38.03,1,,,7,28.08,,120,Sound,,,
0,FORT,,1,1777024441.638954,85.91,Game,1,Predictable,38.04,1,,,7,28.08,,120,Sound,,,
0,FORT,,1,1777024441.638954,85.92,Game,1,Predictable,38.05,1,,,7,28.08,,120,Sound,,,
0,FORT,,1,1777024441.638954,85.93,Game,1,Predictable,38.06,1,,,7,28.08,,120,Sound,,,
0,FORT,,1,1777024441.638954,85.94,Game,1,Predictable,38.07,1,,,7,28.08,,120,Sound,,,
0,FORT,,1,1777024441.638954,85.95,Game,1,Predictable,38.08,1,,,7,28.08,,120,Sound,,,
0,FORT,,1,1777024441.638954,85.97,Game,1,Predictable,38.09,1,,,8,28.08,,120,Sound,,,
0,FORT,,1,1777024441.638954,85.98,Game,1,Predictable,38.1,1,,,8,28.08,,120,Sound,,,
0,FORT,,1,1777024441.638954,85.99,Game,1,Predictable,38.12,1,,,8,28.08,,120,Sound,,,
0,FORT,,1,1777024441.638954,86.0,Game,1,Predictable,38.13,1,,,8,28.08,,120,Sound,,,
0,FORT,,1,1777024441.638954,86.01,Game,1,Predictable,38.14,1,,,8,28.08,,120,Sound,,,
0,FORT,,1,1777024441.638954,86.02,Game,1,Predictable,38.15,1,,,8,28.08,,120,Sound,,,
0,FORT,,1,1777024441.638954,86.03,Game,1,Predictable,38.16,1,,,8,28.08,,120,Sound,,,
0,FORT,,1,1777024441.638954,86.04,Game,1,Predictable,38.17,1,,,8,28.08,,120,Sound,,,
0,FORT,,1,1777024441.638954,86.05,Game,1,Predictable,38.18,1,,,8,28.08,,120,Sound,,,
0,FORT,,1,1777024441.638954,86.06,Game,1,Predictable,38.19,1,,,8,28.08,,120,Sound,,,
0,FORT,,1,1777024441.638954,86.07,Game,1,Predictable,38.2,1,,,8,28.08,,120,Sound,,,
0,FORT,,1,1777024441.638954,86.08,Game,1,Predictable,38.21,1,,,8,28.08,,120,Sound,,,
0,FORT,,1,1777024441.638954,86.09,Game,1,Predictable,38.22,1,,,8,28.08,,120,Sound,,,
0,FORT,,1,1777024441.638954,86.1,Game,1,Predictable,38.23,1,,,8,28.08,,120,Sound,,,
0,FORT,,1,1777024441.638954,86.11,Game,1,Predictable,38.24,1,,,8,28.08,,120,Sound,,,
0,FORT,,1,1777024441.638954,86.12,Game,1,Predictable,38.25,1,,,8,28.08,,120,Sound,,,
0,FORT,,1,1777024441.638954,86.13,Game,1,Predictable,38.26,1,,,8,28.08,,120,Sound,,,
0,FORT,,1,1777024441.638954,86.14,Game,1,Predictable,38.27,1,,,8,28.08,,120,Sound,,,
0,FORT,,1,1777024441.638954,86.15,Game,1,Predictable,38.28,1,,,8,28.08,,120,Sound,,,
0,FORT,,1,1777024441.638954,86.16,Game,1,Predictable,38.29,1,,,8,28.08,,120,Sound,,,
0,FORT,,1,1777024441.638954,86.17,Game,1,Predictable,38.3,1,,,8,28.08,,120,Sound,,,
0,FORT,,1,1777024441.638954,86.18,Game,1,Predictable,38.31,1,,,8,28.08,,120,Sound,,,
0,FORT,,1,1777024441.638954,86.19,Game,1,Predictable,38.32,1,,,8,28.08,,120,Sound,,,
0,FORT,,1,1777024441.638954,86.2,Game,1,Predictable,38.33,1,,,8,28.08,,120,Sound,,,
0,FORT,,1,1777024441.638954,86.21,Game,1,Predictable,38.34,1,,,8,28.08,,120,Sound,,,
0,FORT,,1,1777024441.638954,86.22,Game,1,Predictable,38.35,1,,,8,28.08,,120,Sound,,,
0,FORT,,1,1777024441.638954,86.23,Game,1,Predictable,38.36,1,,,8,28.08,,120,Sound,,,
0,FORT,,1,1777024441.638954,86.24,Game,1,Predictable,38.37,1,,,8,28.08,,120,Sound,,,
0,FORT,,1,1777024441.638954,86.25,Game,1,Predictable,38.38,1,,,8,28.08,,120,Sound,,,
0,FORT,,1,1777024441.638954,86.26,Game,1,Predictable,38.39,1,,,8,28.08,,120,Sound,,,
0,FORT,,1,1777024441.638954,86.27,Game,1,Predictable,38.4,1,,,8,28.08,,120,Sound,,,
0,FORT,,1,1777024441.638954,86.28,Game,1,Predictable,38.41,1,,,8,28.08,,120,Sound,,,
0,FORT,,1,1777024441.638954,86.29,Game,1,Predictable,38.42,1,,,8,28.08,,120,Sound,,,
0,FORT,,1,1777024441.638954,86.3,Game,1,Predictable,38.43,1,,,8,28.08,,120,Sound,,,
0,FORT,,1,1777024441.638954,86.32,Game,1,Predictable,38.44,1,,,9,28.08,,120,Sound,,,
0,FORT,,1,1777024441.638954,86.33,Game,1,Predictable,38.45,1,,,9,28.08,,120,Sound,,,
0,FORT,,1,1777024441.638954,86.34,Game,1,Predictable,38.47,1,,,9,28.08,,120,Sound,,,
0,FORT,,1,1777024441.638954,86.35,Game,1,Predictable,38.48,1,,,9,28.08,,120,Sound,,,
0,FORT,,1,1777024441.638954,86.36,Game,1,Predictable,38.49,1,,,9,28.08,,120,Sound,,,
0,FORT,,1,1777024441.638954,86.37,Game,1,Predictable,38.5,1,,,9,28.08,,120,Sound,,,
0,FORT,,1,1777024441.638954,86.38,Game,1,Predictable,38.51,1,,,9,28.08,,120,Sound,,,
0,FORT,,1,1777024441.638954,86.39,Game,1,Predictable,38.52,1,,,9,28.08,,120,Sound,,,
0,FORT,,1,1777024441.638954,86.4,Game,1,Predictable,38.53,1,,,9,28.08,,120,Sound,,,
0,FORT,,1,1777024441.638954,86.41,Game,1,Predictable,38.54,1,,,9,28.08,,120,Sound,,,
0,FORT,,1,1777024441.638954,86.42,Game,1,Predictable,38.55,1,,,9,28.08,,120,Sound,,,
0,FORT,,1,1777024441.638954,86.43,Game,1,Predictable,38.56,1,,,9,28.08,,120,Sound,,,
0,FORT,,1,1777024441.638954,86.44,Game,1,Predictable,38.57,1,,,9,28.08,,120,Sound,,,
0,FORT,,1,1777024441.638954,86.45,Game,1,Predictable,38.58,1,,,9,28.08,,120,Sound,,,
0,FORT,,1,1777024441.638954,86.46,Game,1,Predictable,38.59,1,,,9,28.08,,120,Sound,,,
0,FORT,,1,1777024441.638954,86.47,Game,1,Predictable,38.6,1,,,9,28.08,,120,Sound,,,
0,FORT,,1,1777024441.638954,86.48,Game,1,Predictable,38.61,1,,,9,28.08,,120,Sound,,,
0,FORT,,1,1777024441.638954,86.49,Game,1,Predictable,38.62,1,,,9,28.08,,120,Sound,,,
0,FORT,,1,1777024441.638954,86.5,Game,1,Predictable,38.63,1,,,9,28.08,,120,Sound,,,
0,FORT,,1,1777024441.638954,86.51,Game,1,Predictable,38.64,1,,,9,28.08,,120,Sound,,,
0,FORT,,1,1777024441.638954,86.52,Game,1,Predictable,38.65,1,,,9,28.08,,120,Sound,,,
0,FORT,,1,1777024441.638954,86.53,Game,1,Predictable,38.66,1,,,9,28.08,,120,Sound,,,
0,FORT,,1,1777024441.638954,86.54,Game,1,Predictable,38.67,1,,,9,28.08,,120,Sound,,,
0,FORT,,1,1777024441.638954,86.55,Game,1,Predictable,38.68,1,,,9,28.08,,120,Sound,,,
0,FORT,,1,1777024441.638954,86.56,Game,1,Predictable,38.69,1,,,9,28.08,,120,Sound,,,
0,FORT,,1,1777024441.638954,86.57,Game,1,Predictable,38.7,1,,,9,28.08,,120,Sound,,,
0,FORT,,1,1777024441.638954,86.58,Game,1,Predictable,38.71,1,,,9,28.08,,120,Sound,,,
0,FORT,,1,1777024441.638954,86.59,Game,1,Predictable,38.72,1,,,9,28.08,,120,Sound,,,
0,FORT,,1,1777024441.638954,86.6,Game,1,Predictable,38.73,1,,,9,28.08,,120,Sound,,,
0,FORT,,1,1777024441.638954,86.61,Game,1,Predictable,38.74,1,,,9,28.08,,120,Sound,,,
0,FORT,,1,1777024441.638954,86.62,Game,1,Predictable,38.75,1,,,9,28.08,,120,Sound,,,
0,FORT,,1,1777024441.638954,86.63,Game,1,Predictable,38.76,1,,,9,28.08,,120,Sound,,,
0,FORT,,1,1777024441.638954,86.64,Game,1,Predictable,38.77,1,,,9,28.08,,120,Sound,,,
0,FORT,,1,1777024441.638954,86.65,Game,1,Predictable,38.78,1,,,9,28.08,,120,Sound,,,
0,FORT,,1,1777024441.638954,86.66,Game,1,Predictable,38.79,1,,,9,28.08,,120,Sound,,,
0,FORT,,1,1777024441.638954,86.67,Game,1,Predictable,38.8,1,,,9,28.08,,120,Sound,,,
0,FORT,,1,1777024441.638954,86.68,Game,1,Predictable,38.81,1,,,9,28.08,,120,Sound,,,
0,FORT,,1,1777024441.638954,86.69,Game,1,Predictable,38.82,1,,,9,28.08,,120,Sound,,,
0,FORT,,1,1777024441.638954,86.7,Game,1,Predictable,38.83,1,,,9,28.08,,120,Sound,,,
0,FORT,,1,1777024441.638954,86.71,Game,1,Predictable,38.84,1,,,8,28.08,,120,Sound,,,
0,FORT,,1,1777024441.638954,86.73,Game,1,Predictable,38.85,1,,,8,28.08,,120,Sound,,,
0,FORT,,1,1777024441.638954,86.74,Game,1,Predictable,38.87,1,,,8,28.08,,120,Sound,,,
0,FORT,,1,1777024441.638954,86.75,Game,1,Predictable,38.88,1,,,8,28.08,,120,Sound,,,
0,FORT,,1,1777024441.638954,86.76,Game,1,Predictable,38.89,1,,,8,28.08,,120,Sound,,,
0,FORT,,1,1777024441.638954,86.77,Game,1,Predictable,38.9,1,,,8,28.08,,120,Sound,,,
0,FORT,,1,1777024441.638954,86.78,Game,1,Predictable,38.91,1,,,8,28.08,,120,Sound,,,
0,FORT,,1,1777024441.638954,86.79,Game,1,Predictable,38.92,1,,,8,28.08,,120,Sound,,,
0,FORT,,1,1777024441.638954,86.8,Game,1,Predictable,38.93,1,,,8,28.08,,120,Sound,,,
0,FORT,,1,1777024441.638954,86.81,Game,1,Predictable,38.94,1,,,8,28.08,,120,Sound,,,
0,FORT,,1,1777024441.638954,86.82,Game,1,Predictable,38.95,1,,,8,28.08,,120,Sound,,,
0,FORT,,1,1777024441.638954,86.83,Game,1,Predictable,38.96,1,,,8,28.08,,120,Sound,,,
0,FORT,,1,1777024441.638954,86.84,Game,1,Predictable,38.97,1,,,8,28.08,,120,Sound,,,
0,FORT,,1,1777024441.638954,86.85,Game,1,Predictable,38.98,1,,,8,28.08,,120,Sound,,,
0,FORT,,1,1777024441.638954,86.86,Game,1,Predictable,38.99,1,,,8,28.08,,120,Sound,,,
0,FORT,,1,1777024441.638954,86.87,Game,1,Predictable,39.0,1,,,8,28.08,,120,Sound,,,
0,FORT,,1,1777024441.638954,86.88,Game,1,Predictable,39.01,1,,,8,28.08,,120,Sound,,,
0,FORT,,1,1777024441.638954,86.89,Game,1,Predictable,39.02,1,,,8,28.08,,120,Sound,,,
0,FORT,,1,1777024441.638954,86.9,Game,1,Predictable,39.03,1,,,8,28.08,,120,Sound,,,
0,FORT,,1,1777024441.638954,86.91,Game,1,Predictable,39.04,1,,,8,28.08,,120,Sound,,,
0,FORT,,1,1777024441.638954,86.92,Game,1,Predictable,39.05,1,,,8,28.08,,120,Sound,,,
0,FORT,,1,1777024441.638954,86.93,Game,1,Predictable,39.06,1,,,8,28.08,,120,Sound,,,
0,FORT,,1,1777024441.638954,86.94,Game,1,Predictable,39.07,1,,,8,28.08,,120,Sound,,,
0,FORT,,1,1777024441.638954,86.95,Game,1,Predictable,39.08,1,,,8,28.08,,120,Sound,,,
0,FORT,,1,1777024441.638954,86.96,Game,1,Predictable,39.09,1,,,8,28.08,,120,Sound,,,
0,FORT,,1,1777024441.638954,86.97,Game,1,Predictable,39.1,1,,,8,28.08,,120,Sound,,,
0,FORT,,1,1777024441.638954,86.98,Game,1,Predictable,39.11,1,,,8,28.08,,120,Sound,,,
0,FORT,,1,1777024441.638954,86.99,Game,1,Predictable,39.12,1,,,8,28.08,,120,Sound,,,
0,FORT,,1,1777024441.638954,87.0,Game,1,Predictable,39.13,1,,,8,28.08,,120,Sound,,,
0,FORT,,1,1777024441.638954,87.01,Game,1,Predictable,39.13,1,,,7,28.08,,120,Sound,,,
0,FORT,,1,1777024441.638954,87.01,Game,1,Predictable,39.15,1,,,7,28.08,,120,Sound,,,
0,FORT,,1,1777024441.638954,87.03,Game,1,Predictable,39.15,1,,,7,28.08,,120,Sound,,,
0,FORT,,1,1777024441.638954,87.04,Game,1,Predictable,39.17,1,,,7,28.08,,120,Sound,,,
0,FORT,,1,1777024441.638954,87.05,Game,1,Predictable,39.18,1,,,7,28.08,,120,Sound,,,
0,FORT,,1,1777024441.638954,87.06,Game,1,Predictable,39.19,1,,,7,28.08,,120,Sound,,,
0,FORT,,1,1777024441.638954,87.07,Game,1,Predictable,39.2,1,,,7,28.08,,120,Sound,,,
0,FORT,,1,1777024441.638954,87.08,Game,1,Predictable,39.21,1,,,7,28.08,,120,Sound,,,
0,FORT,,1,1777024441.638954,87.09,Game,1,Predictable,39.22,1,,,7,28.08,,120,Sound,,,
0,FORT,,1,1777024441.638954,87.1,Game,1,Predictable,39.23,1,,,7,28.08,,120,Sound,,,
0,FORT,,1,1777024441.638954,87.11,Game,1,Predictable,39.24,1,,,7,28.08,,120,Sound,,,
0,FORT,,1,1777024441.638954,87.12,Game,1,Predictable,39.25,1,,,7,28.08,,120,Sound,,,
0,FORT,,1,1777024441.638954,87.13,Game,1,Predictable,39.26,1,,,7,28.08,,120,Sound,,,
0,FORT,,1,1777024441.638954,87.14,Game,1,Predictable,39.27,1,,,7,28.08,,120,Sound,,,
0,FORT,,1,1777024441.638954,87.15,Game,1,Predictable,39.28,1,,,7,28.08,,120,Sound,,,
0,FORT,,1,1777024441.638954,87.16,Game,1,Predictable,39.29,1,,,7,28.08,,120,Sound,,,
0,FORT,,1,1777024441.638954,87.17,Game,1,Predictable,39.3,1,,,7,28.08,,120,Sound,,,
0,FORT,,1,1777024441.638954,87.18,Game,1,Predictable,39.31,1,,,7,28.08,,120,Sound,,,
0,FORT,,1,1777024441.638954,87.19,Game,1,Predictable,39.32,1,,,7,28.08,,120,Sound,,,
0,FORT,,1,1777024441.638954,87.2,Game,1,Predictable,39.33,1,,,7,28.08,,120,Sound,,,
0,FORT,,1,1777024441.638954,87.21,Game,1,Predictable,39.34,1,,,7,28.08,,120,Sound,,,
0,FORT,,1,1777024441.638954,87.22,Game,1,Predictable,39.35,1,,,7,28.08,,120,Sound,,,
0,FORT,,1,1777024441.638954,87.23,Game,1,Predictable,39.36,1,,,7,28.08,,120,Sound,,,
0,FORT,,1,1777024441.638954,87.24,Game,1,Predictable,39.37,1,,,7,28.08,,120,Sound,,,
0,FORT,,1,1777024441.638954,87.25,Game,1,Predictable,39.38,1,,,7,28.08,,120,Sound,,,
0,FORT,,1,1777024441.638954,87.26,Game,1,Predictable,39.38,1,,,6,28.08,,120,Sound,,,
0,FORT,,1,1777024441.638954,87.26,Game,1,Predictable,39.4,1,,,6,28.08,,120,Sound,,,
0,FORT,,1,1777024441.638954,87.28,Game,1,Predictable,39.4,1,,,6,28.08,,120,Sound,,,
0,FORT,,1,1777024441.638954,87.29,Game,1,Predictable,39.42,1,,,6,28.08,,120,Sound,,,
0,FORT,,1,1777024441.638954,87.3,Game,1,Predictable,39.43,1,,,6,28.08,,120,Sound,,,
0,FORT,,1,1777024441.638954,87.31,Game,1,Predictable,39.44,1,,,6,28.08,,120,Sound,,,
0,FORT,,1,1777024441.638954,87.32,Game,1,Predictable,39.45,1,,,6,28.08,,120,Sound,,,
0,FORT,,1,1777024441.638954,87.33,Game,1,Predictable,39.46,1,,,6,28.08,,120,Sound,,,
0,FORT,,1,1777024441.638954,87.34,Game,1,Predictable,39.47,1,,,6,28.08,,120,Sound,,,
0,FORT,,1,1777024441.638954,87.35,Game,1,Predictable,39.48,1,,,6,28.08,,120,Sound,,,
0,FORT,,1,1777024441.638954,87.36,Game,1,Predictable,39.49,1,,,6,28.08,,120,Sound,,,
0,FORT,,1,1777024441.638954,87.37,Game,1,Predictable,39.5,1,,,6,28.08,,120,Sound,,,
0,FORT,,1,1777024441.638954,87.38,Game,1,Predictable,39.51,1,,,6,28.08,,120,Sound,,,
0,FORT,,1,1777024441.638954,87.39,Game,1,Predictable,39.52,1,,,6,28.08,,120,Sound,,,
0,FORT,,1,1777024441.638954,87.4,Game,1,Predictable,39.53,1,,,6,28.08,,120,Sound,,,
0,FORT,,1,1777024441.638954,87.41,Game,1,Predictable,39.54,1,,,6,28.08,,120,Sound,,,
0,FORT,,1,1777024441.638954,87.42,Game,1,Predictable,39.55,1,,,6,28.08,,120,Sound,,,
0,FORT,,1,1777024441.638954,87.43,Game,1,Predictable,39.56,1,,,6,28.08,,120,Sound,,,
0,FORT,,1,1777024441.638954,87.44,Game,1,Predictable,39.57,1,,,6,28.08,,120,Sound,,,
0,FORT,,1,1777024441.638954,87.45,Game,1,Predictable,39.58,1,,,6,28.08,,120,Sound,,,
0,FORT,,1,1777024441.638954,87.46,Game,1,Predictable,39.59,1,,,6,28.08,,120,Sound,,,
0,FORT,,1,1777024441.638954,87.47,Game,1,Predictable,39.6,1,,,6,28.08,,120,Sound,,,
0,FORT,,1,1777024441.638954,87.48,Game,1,Predictable,39.61,1,,,6,28.08,,120,Sound,,,
0,FORT,,1,1777024441.638954,87.49,Game,1,Predictable,39.62,1,,,6,28.08,,120,Sound,,,
0,FORT,,1,1777024441.638954,87.5,Game,1,Predictable,39.63,1,,,6,28.08,,120,Sound,,,
0,FORT,,1,1777024441.638954,87.51,Game,1,Predictable,39.64,1,,,6,28.08,,120,Sound,,,
0,FORT,,1,1777024441.638954,87.52,Game,1,Predictable,39.65,1,,,6,28.08,,120,Sound,,,
0,FORT,,1,1777024441.638954,87.53,Game,1,Predictable,39.66,1,,,5,28.08,,120,Sound,,,
0,FORT,,1,1777024441.638954,87.55,Game,1,Predictable,39.67,1,,,5,28.08,,120,Sound,,,
0,FORT,,1,1777024441.638954,87.55,Game,1,Predictable,39.68,1,,,5,28.08,,120,Sound,,,
0,FORT,,1,1777024441.638954,87.56,Game,1,Predictable,39.69,1,,,5,28.08,,120,Sound,,,
0,FORT,,1,1777024441.638954,87.57,Game,1,Predictable,39.7,1,,,5,28.08,,120,Sound,,,
0,FORT,,1,1777024441.638954,87.58,Game,1,Predictable,39.71,1,,,5,28.08,,120,Sound,,,
0,FORT,,1,1777024441.638954,87.59,Game,1,Predictable,39.72,1,,,5,28.08,,120,Sound,,,
0,FORT,,1,1777024441.638954,87.6,Game,1,Predictable,39.73,1,,,5,28.08,,120,Sound,,,
0,FORT,,1,1777024441.638954,87.61,Game,1,Predictable,39.74,1,,,5,28.08,,120,Sound,,,
0,FORT,,1,1777024441.638954,87.62,Game,1,Predictable,39.75,1,,,5,28.08,,120,Sound,,,
0,FORT,,1,1777024441.638954,87.63,Game,1,Predictable,39.76,1,,,5,28.08,,120,Sound,,,
0,FORT,,1,1777024441.638954,87.64,Game,1,Predictable,39.77,1,,,5,28.08,,120,Sound,,,
0,FORT,,1,1777024441.638954,87.65,Game,1,Predictable,39.78,1,,,5,28.08,,120,Sound,,,
0,FORT,,1,1777024441.638954,87.66,Game,1,Predictable,39.79,1,,,5,28.08,,120,Sound,,,
0,FORT,,1,1777024441.638954,87.67,Game,1,Predictable,39.8,1,,,5,28.08,,120,Sound,,,
0,FORT,,1,1777024441.638954,87.68,Game,1,Predictable,39.81,1,,,5,28.08,,120,Sound,,,
0,FORT,,1,1777024441.638954,87.69,Game,1,Predictable,39.82,1,,,5,28.08,,120,Sound,,,
0,FORT,,1,1777024441.638954,87.7,Game,1,Predictable,39.83,1,,,5,28.08,,120,Sound,,,
0,FORT,,1,1777024441.638954,87.71,Game,1,Predictable,39.84,1,,,5,28.08,,120,Sound,,,
0,FORT,,1,1777024441.638954,87.72,Game,1,Predictable,39.85,1,,,5,28.08,,120,Sound,,,
0,FORT,,1,1777024441.638954,87.73,Game,1,Predictable,39.86,1,,,5,28.08,,120,Sound,,,
0,FORT,,1,1777024441.638954,87.74,Game,1,Predictable,39.87,1,,,5,28.08,,120,Sound,,,
0,FORT,,1,1777024441.638954,87.75,Game,1,Predictable,39.88,1,,,5,28.08,,120,Sound,,,
0,FORT,,1,1777024441.638954,87.76,Game,1,Predictable,39.89,1,,,5,28.08,,120,Sound,,,
0,FORT,,1,1777024441.638954,87.77,Game,1,Predictable,39.9,1,,,5,28.08,,120,Sound,,,
0,FORT,,1,1777024441.638954,87.78,Game,1,Predictable,39.91,1,,,5,28.08,,120,Sound,,,
0,FORT,,1,1777024441.638954,87.79,Game,1,Predictable,39.92,1,,,5,28.08,,120,Sound,,,
0,FORT,,1,1777024441.638954,87.8,Game,1,Predictable,39.93,1,,,4,28.08,,120,Sound,,,
0,FORT,,1,1777024441.638954,87.81,Game,1,Predictable,39.94,1,,,4,28.08,,120,Sound,,,
0,FORT,,1,1777024441.638954,87.82,Game,1,Predictable,39.95,1,,,4,28.08,,120,Sound,,,
0,FORT,,1,1777024441.638954,87.83,Game,1,Predictable,39.96,1,,,4,28.08,,120,Sound,,,
0,FORT,,1,1777024441.638954,87.84,Game,1,Predictable,39.97,1,,,4,28.08,,120,Sound,,,
0,FORT,,1,1777024441.638954,87.85,Game,1,Predictable,39.98,1,,,4,28.08,,120,Sound,,,
0,FORT,,1,1777024441.638954,87.86,Game,1,Predictable,39.99,1,,,4,28.08,,120,Sound,,,
0,FORT,,1,1777024441.638954,87.87,Game,1,Predictable,40.0,1,,,4,28.08,,120,Sound,,,
0,FORT,,1,1777024441.638954,87.88,Game,1,Predictable,40.01,1,,,4,28.08,,120,Sound,,,
0,FORT,,1,1777024441.638954,87.89,Game,1,Predictable,40.02,1,,,4,28.08,,120,Sound,,,
0,FORT,,1,1777024441.638954,87.94,Game,1,Predictable,40.07,0,,,4,,,130,Sound,,,
0,FORT,,1,1777024441.638954,87.97,Game,1,Predictable,40.07,0,,,4,,,130,Sound,,,
0,FORT,,1,1777024441.638954,87.98,Game,1,Predictable,40.11,0,,,4,,,130,Sound,,,
0,FORT,,1,1777024441.638954,87.99,Game,1,Predictable,40.12,0,,,4,,,130,Sound,,,
0,FORT,,1,1777024441.638954,88.0,Game,1,Predictable,40.13,0,,,4,,,130,Sound,,,
0,FORT,,1,1777024441.638954,88.0,Game,1,Predictable,40.14,0,,,4,,,130,Sound,,,
0,FORT,,1,1777024441.638954,88.01,Game,1,Predictable,40.14,0,,,4,,,130,Sound,,,
0,FORT,,1,1777024441.638954,88.02,Game,1,Predictable,40.15,0,,,4,,,130,Sound,,,
0,FORT,,1,1777024441.638954,88.03,Game,1,Predictable,40.16,0,,,4,,,130,Sound,,,
0,FORT,,1,1777024441.638954,88.04,Game,1,Predictable,40.17,0,,,4,,,130,Sound,,,
0,FORT,,1,1777024441.638954,88.05,Game,1,Predictable,40.18,0,,,4,,,130,Sound,,,
0,FORT,,1,1777024441.638954,88.06,Game,1,Predictable,40.19,0,,,4,,,130,Sound,,,
0,FORT,,1,1777024441.638954,88.07,Game,1,Predictable,40.2,0,,,4,,,130,Sound,,,
0,FORT,,1,1777024441.638954,88.08,Game,1,Predictable,40.21,0,,,4,,,130,Sound,,,
0,FORT,,1,1777024441.638954,88.09,Game,1,Predictable,40.22,0,,,4,,,130,Sound,,,
0,FORT,,1,1777024441.638954,88.1,Game,1,Predictable,40.23,0,,,4,,,130,Sound,,,
0,FORT,,1,1777024441.638954,88.11,Game,1,Predictable,40.23,0,,,4,,,130,Sound,,,
0,FORT,,1,1777024441.638954,88.11,Game,1,Predictable,40.25,0,,,4,,,130,Sound,,,
0,FORT,,1,1777024441.638954,88.13,Game,1,Predictable,40.25,0,,,4,,,130,Sound,,,
0,FORT,,1,1777024441.638954,88.14,Game,1,Predictable,40.27,0,,,4,,,130,Sound,,,
0,FORT,,1,1777024441.638954,88.15,Game,1,Predictable,40.28,0,,,4,,,130,Sound,,,
0,FORT,,1,1777024441.638954,88.16,Game,1,Predictable,40.29,0,,,4,,,130,Sound,,,
0,FORT,,1,1777024441.638954,88.17,Game,1,Predictable,40.3,0,,,4,,,130,Sound,,,
0,FORT,,1,1777024441.638954,88.18,Game,1,Predictable,40.31,0,,,4,,,130,Sound,,,
0,FORT,,1,1777024441.638954,88.19,Game,1,Predictable,40.32,0,,,4,,,130,Sound,,,
0,FORT,,1,1777024441.638954,88.2,Game,1,Predictable,40.33,0,,,4,,,130,Sound,,,
0,FORT,,1,1777024441.638954,88.21,Game,1,Predictable,40.34,0,,,4,,,130,Sound,,,
0,FORT,,1,1777024441.638954,88.22,Game,1,Predictable,40.35,0,,,4,,,130,Sound,,,
0,FORT,,1,1777024441.638954,88.23,Game,1,Predictable,40.36,0,,,4,,,130,Sound,,,
0,FORT,,1,1777024441.638954,88.24,Game,1,Predictable,40.37,0,,,4,,,130,Sound,,,
0,FORT,,1,1777024441.638954,88.25,Game,1,Predictable,40.38,0,,,4,,,130,Sound,,,
0,FORT,,1,1777024441.638954,88.26,Game,1,Predictable,40.39,0,,,4,,,130,Sound,,,
0,FORT,,1,1777024441.638954,88.27,Game,1,Predictable,40.4,0,,,4,,,130,Sound,,,
0,FORT,,1,1777024441.638954,88.28,Game,1,Predictable,40.41,0,,,4,,,130,Sound,,,
0,FORT,,1,1777024441.638954,88.29,Game,1,Predictable,40.42,0,,,4,,,130,Sound,,,
0,FORT,,1,1777024441.638954,88.3,Game,1,Predictable,40.43,0,,,4,,,130,Sound,,,
0,FORT,,1,1777024441.638954,88.31,Game,1,Predictable,40.44,0,,,4,,,130,Sound,,,
0,FORT,,1,1777024441.638954,88.32,Game,1,Predictable,40.45,0,,,4,,,130,Sound,,,
0,FORT,,1,1777024441.638954,88.33,Game,1,Predictable,40.46,0,,,4,,,130,Sound,,,
0,FORT,,1,1777024441.638954,88.34,Game,1,Predictable,40.47,0,,,4,,,130,Sound,,,
0,FORT,,1,1777024441.638954,88.35,Game,1,Predictable,40.48,0,,,4,,,130,Sound,,,
0,FORT,,1,1777024441.638954,88.36,Game,1,Predictable,40.49,0,,,4,,,130,Sound,,,
0,FORT,,1,1777024441.638954,88.37,Game,1,Predictable,40.5,0,,,4,,,130,Sound,,,
0,FORT,,1,1777024441.638954,88.38,Game,1,Predictable,40.51,0,,,4,,,130,Sound,,,
0,FORT,,1,1777024441.638954,88.39,Game,1,Predictable,40.52,0,,,4,,,130,Sound,,,
0,FORT,,1,1777024441.638954,88.4,Game,1,Predictable,40.53,0,,,4,,,130,Sound,,,
0,FORT,,1,1777024441.638954,88.41,Game,1,Predictable,40.54,0,,,4,,,130,Sound,,,
0,FORT,,1,1777024441.638954,88.42,Game,1,Predictable,40.55,0,,,4,,,130,Sound,,,
0,FORT,,1,1777024441.638954,88.43,Game,1,Predictable,40.56,0,,,4,,,130,Sound,,,
0,FORT,,1,1777024441.638954,88.44,Game,1,Predictable,40.57,0,,,4,,,130,Sound,,,
0,FORT,,1,1777024441.638954,88.45,Game,1,Predictable,40.58,0,,,4,,,130,Sound,,,
0,FORT,,1,1777024441.638954,88.46,Game,1,Predictable,40.59,0,,,4,,,130,Sound,,,
0,FORT,,1,1777024441.638954,88.47,Game,1,Predictable,40.6,0,,,4,,,130,Sound,,,
0,FORT,,1,1777024441.638954,88.48,Game,1,Predictable,40.61,0,,,4,,,130,Sound,,,
0,FORT,,1,1777024441.638954,88.49,Game,1,Predictable,40.62,0,,,3,,,130,Sound,,,
0,FORT,,1,1777024441.638954,88.5,Game,1,Predictable,40.63,0,,,3,,,130,Sound,,,
0,FORT,,1,1777024441.638954,88.51,Game,1,Predictable,40.64,0,,,3,,,130,Sound,,,
0,FORT,,1,1777024441.638954,88.52,Game,1,Predictable,40.65,0,,,3,,,130,Sound,,,
0,FORT,,1,1777024441.638954,88.53,Game,1,Predictable,40.66,0,,,3,,,130,Sound,,,
0,FORT,,1,1777024441.638954,88.54,Game,1,Predictable,40.67,0,,,3,,,130,Sound,,,
0,FORT,,1,1777024441.638954,88.55,Game,1,Predictable,40.68,0,,,3,,,130,Sound,,,
0,FORT,,1,1777024441.638954,88.56,Game,1,Predictable,40.69,0,,,3,,,130,Sound,,,
0,FORT,,1,1777024441.638954,88.57,Game,1,Predictable,40.7,0,,,3,,,130,Sound,,,
0,FORT,,1,1777024441.638954,88.58,Game,1,Predictable,40.71,0,,,3,,,130,Sound,,,
0,FORT,,1,1777024441.638954,88.59,Game,1,Predictable,40.72,0,,,3,,,130,Sound,,,
0,FORT,,1,1777024441.638954,88.6,Game,1,Predictable,40.73,0,,,3,,,130,Sound,,,
0,FORT,,1,1777024441.638954,88.61,Game,1,Predictable,40.74,0,,,3,,,130,Sound,,,
0,FORT,,1,1777024441.638954,88.62,Game,1,Predictable,40.75,0,,,3,,,130,Sound,,,
0,FORT,,1,1777024441.638954,88.63,Game,1,Predictable,40.76,0,,,3,,,130,Sound,,,
0,FORT,,1,1777024441.638954,88.64,Game,1,Predictable,40.77,0,,,3,,,130,Sound,,,
0,FORT,,1,1777024441.638954,88.65,Game,1,Predictable,40.78,0,,,3,,,130,Sound,,,
0,FORT,,1,1777024441.638954,88.66,Game,1,Predictable,40.79,0,,,3,,,130,Sound,,,
0,FORT,,1,1777024441.638954,88.67,Game,1,Predictable,40.8,0,,,3,,,130,Sound,,,
0,FORT,,1,1777024441.638954,88.68,Game,1,Predictable,40.81,0,,,3,,,130,Sound,,,
0,FORT,,1,1777024441.638954,88.69,Game,1,Predictable,40.82,0,,,3,,,130,Sound,,,
0,FORT,,1,1777024441.638954,88.7,Game,1,Predictable,40.83,0,,,3,,,130,Sound,,,
0,FORT,,1,1777024441.638954,88.71,Game,1,Predictable,40.84,0,,,3,,,130,Sound,,,
0,FORT,,1,1777024441.638954,88.72,Game,1,Predictable,40.85,0,,,3,,,130,Sound,,,
0,FORT,,1,1777024441.638954,88.73,Game,1,Predictable,40.86,0,,,3,,,130,Sound,,,
0,FORT,,1,1777024441.638954,88.74,Game,1,Predictable,40.87,0,,,3,,,130,Sound,,,
0,FORT,,1,1777024441.638954,88.75,Game,1,Predictable,40.88,0,,,3,,,130,Sound,,,
0,FORT,,1,1777024441.638954,88.76,Game,1,Predictable,40.89,0,,,3,,,130,Sound,,,
0,FORT,,1,1777024441.638954,88.77,Game,1,Predictable,40.9,0,,,3,,,130,Sound,,,
0,FORT,,1,1777024441.638954,88.78,Game,1,Predictable,40.91,0,,,3,,,130,Sound,,,
0,FORT,,1,1777024441.638954,88.79,Game,1,Predictable,40.92,0,,,3,,,130,Sound,,,
0,FORT,,1,1777024441.638954,88.8,Game,1,Predictable,40.93,0,,,3,,,130,Sound,,,
0,FORT,,1,1777024441.638954,88.81,Game,1,Predictable,40.94,0,,,3,,,130,Sound,,,
0,FORT,,1,1777024441.638954,88.82,Game,1,Predictable,40.95,0,,,3,,,130,Sound,,,
0,FORT,,1,1777024441.638954,88.83,Game,1,Predictable,40.96,0,,,3,,,130,Sound,,,
0,FORT,,1,1777024441.638954,88.84,Game,1,Predictable,40.97,0,,,3,,,130,Sound,,,
0,FORT,,1,1777024441.638954,88.85,Game,1,Predictable,40.98,0,,,3,,,130,Sound,,,
0,FORT,,1,1777024441.638954,88.86,Game,1,Predictable,40.99,0,,,3,,,130,Sound,,,
0,FORT,,1,1777024441.638954,88.87,Game,1,Predictable,41.0,0,,,3,,,130,Sound,,,
0,FORT,,1,1777024441.638954,88.88,Game,1,Predictable,41.01,0,,,3,,,130,Sound,,,
0,FORT,,1,1777024441.638954,88.89,Game,1,Predictable,41.02,0,,,3,,,130,Sound,,,
0,FORT,,1,1777024441.638954,88.9,Game,1,Predictable,41.03,0,,,3,,,130,Sound,,,
0,FORT,,1,1777024441.638954,88.91,Game,1,Predictable,41.04,0,,,3,,,130,Sound,,,
0,FORT,,1,1777024441.638954,88.92,Game,1,Predictable,41.05,0,,,3,,,130,Sound,,,
0,FORT,,1,1777024441.638954,88.93,Game,1,Predictable,41.06,0,,,3,,,130,Sound,,,
0,FORT,,1,1777024441.638954,88.94,Game,1,Predictable,41.07,0,,,3,,,130,Sound,,,
0,FORT,,1,1777024441.638954,88.95,Game,1,Predictable,41.08,0,,,3,,,130,Sound,,,
0,FORT,,1,1777024441.638954,88.96,Game,1,Predictable,41.09,0,,,3,,,130,Sound,,,
0,FORT,,1,1777024441.638954,88.97,Game,1,Predictable,41.1,0,,,3,,,130,Sound,,,
0,FORT,,1,1777024441.638954,88.98,Game,1,Predictable,41.11,0,,,3,,,130,Sound,,,
0,FORT,,1,1777024441.638954,88.99,Game,1,Predictable,41.12,0,,,3,,,130,Sound,,,
0,FORT,,1,1777024441.638954,89.0,Game,1,Predictable,41.13,0,,,3,,,130,Sound,,,
0,FORT,,1,1777024441.638954,89.01,Game,1,Predictable,41.14,0,,,3,,,130,Sound,,,
0,FORT,,1,1777024441.638954,89.02,Game,1,Predictable,41.15,0,,,3,,,130,Sound,,,
0,FORT,,1,1777024441.638954,89.03,Game,1,Predictable,41.16,0,,,3,,,130,Sound,,,
0,FORT,,1,1777024441.638954,89.04,Game,1,Predictable,41.17,0,,,3,,,130,Sound,,,
0,FORT,,1,1777024441.638954,89.05,Game,1,Predictable,41.18,0,,,2,,,130,Sound,,,
0,FORT,,1,1777024441.638954,89.06,Game,1,Predictable,41.19,0,,,2,,,130,Sound,,,
0,FORT,,1,1777024441.638954,89.07,Game,1,Predictable,41.2,0,,,2,,,130,Sound,,,
0,FORT,,1,1777024441.638954,89.08,Game,1,Predictable,41.21,0,,,2,,,130,Sound,,,
0,FORT,,1,1777024441.638954,89.09,Game,1,Predictable,41.22,0,,,2,,,130,Sound,,,
0,FORT,,1,1777024441.638954,89.1,Game,1,Predictable,41.23,0,,,2,,,130,Sound,,,
0,FORT,,1,1777024441.638954,89.11,Game,1,Predictable,41.24,0,,,2,,,130,Sound,,,
0,FORT,,1,1777024441.638954,89.12,Game,1,Predictable,41.25,0,,,2,,,130,Sound,,,
0,FORT,,1,1777024441.638954,89.13,Game,1,Predictable,41.26,0,,,2,,,130,Sound,,,
0,FORT,,1,1777024441.638954,89.14,Game,1,Predictable,41.27,0,,,2,,,130,Sound,,,
0,FORT,,1,1777024441.638954,89.15,Game,1,Predictable,41.28,0,,,2,,,130,Sound,,,
0,FORT,,1,1777024441.638954,89.16,Game,1,Predictable,41.29,0,,,2,,,130,Sound,,,
0,FORT,,1,1777024441.638954,89.17,Game,1,Predictable,41.3,0,,,2,,,130,Sound,,,
0,FORT,,1,1777024441.638954,89.18,Game,1,Predictable,41.31,0,,,2,,,130,Sound,,,
0,FORT,,1,1777024441.638954,89.19,Game,1,Predictable,41.32,0,,,2,,,130,Sound,,,
0,FORT,,1,1777024441.638954,89.2,Game,1,Predictable,41.33,0,,,2,,,130,Sound,,,
0,FORT,,1,1777024441.638954,89.21,Game,1,Predictable,41.34,0,,,2,,,130,Sound,,,
0,FORT,,1,1777024441.638954,89.22,Game,1,Predictable,41.35,0,,,2,,,130,Sound,,,
0,FORT,,1,1777024441.638954,89.23,Game,1,Predictable,41.36,0,,,2,,,130,Sound,,,
0,FORT,,1,1777024441.638954,89.24,Game,1,Predictable,41.37,0,,,2,,,130,Sound,,,
0,FORT,,1,1777024441.638954,89.25,Game,1,Predictable,41.38,0,,,2,,,130,Sound,,,
0,FORT,,1,1777024441.638954,89.26,Game,1,Predictable,41.39,0,,,2,,,130,Sound,,,
0,FORT,,1,1777024441.638954,89.27,Game,1,Predictable,41.4,0,,,2,,,130,Sound,,,
0,FORT,,1,1777024441.638954,89.28,Game,1,Predictable,41.41,0,,,2,,,130,Sound,,,
0,FORT,,1,1777024441.638954,89.29,Game,1,Predictable,41.42,0,,,2,,,130,Sound,,,
0,FORT,,1,1777024441.638954,89.3,Game,1,Predictable,41.43,0,,,2,,,130,Sound,,,
0,FORT,,1,1777024441.638954,89.31,Game,1,Predictable,41.44,0,,,2,,,130,Sound,,,
0,FORT,,1,1777024441.638954,89.32,Game,1,Predictable,41.45,0,,,2,,,130,Sound,,,
0,FORT,,1,1777024441.638954,89.33,Game,1,Predictable,41.46,0,,,2,,,130,Sound,,,
0,FORT,,1,1777024441.638954,89.34,Game,1,Predictable,41.47,0,,,2,,,130,Sound,,,
0,FORT,,1,1777024441.638954,89.35,Game,1,Predictable,41.48,0,,,2,,,130,Sound,,,
0,FORT,,1,1777024441.638954,89.36,Game,1,Predictable,41.49,0,,,2,,,130,Sound,,,
0,FORT,,1,1777024441.638954,89.37,Game,1,Predictable,41.5,0,,,2,,,130,Sound,,,
0,FORT,,1,1777024441.638954,89.38,Game,1,Predictable,41.51,0,,,2,,,130,Sound,,,
0,FORT,,1,1777024441.638954,89.39,Game,1,Predictable,41.52,0,,,2,,,130,Sound,,,
0,FORT,,1,1777024441.638954,89.4,Game,1,Predictable,41.53,0,,,2,,,130,Sound,,,
0,FORT,,1,1777024441.638954,89.41,Game,1,Predictable,41.54,0,,,2,,,130,Sound,,,
0,FORT,,1,1777024441.638954,89.42,Game,1,Predictable,41.55,0,,,2,,,130,Sound,,,
0,FORT,,1,1777024441.638954,89.43,Game,1,Predictable,41.56,0,,,2,,,130,Sound,,,
0,FORT,,1,1777024441.638954,89.44,Game,1,Predictable,41.57,0,,,2,,,130,Sound,,,
0,FORT,,1,1777024441.638954,89.45,Game,1,Predictable,41.58,0,,,2,,,130,Sound,,,
0,FORT,,1,1777024441.638954,89.46,Game,1,Predictable,41.59,0,,,2,,,130,Sound,,,
0,FORT,,1,1777024441.638954,89.47,Game,1,Predictable,41.6,0,,,2,,,130,Sound,,,
0,FORT,,1,1777024441.638954,89.48,Game,1,Predictable,41.61,0,,,2,,,130,Sound,,,
0,FORT,,1,1777024441.638954,89.49,Game,1,Predictable,41.62,0,,,2,,,130,Sound,,,
0,FORT,,1,1777024441.638954,89.5,Game,1,Predictable,41.63,0,,,2,,,130,Sound,,,
0,FORT,,1,1777024441.638954,89.51,Game,1,Predictable,41.64,0,,,2,,,130,Sound,,,
0,FORT,,1,1777024441.638954,89.52,Game,1,Predictable,41.65,0,,,2,,,130,Sound,,,
0,FORT,,1,1777024441.638954,89.53,Game,1,Predictable,41.66,0,,,2,,,130,Sound,,,
0,FORT,,1,1777024441.638954,89.54,Game,1,Predictable,41.67,0,,,2,,,130,Sound,,,
0,FORT,,1,1777024441.638954,89.55,Game,1,Predictable,41.68,0,,,2,,,130,Sound,,,
0,FORT,,1,1777024441.638954,89.55,Game,1,Predictable,41.69,0,,,2,,,130,Sound,,,
0,FORT,,1,1777024441.638954,89.56,Game,1,Predictable,41.69,0,,,2,,,130,Sound,,,
0,FORT,,1,1777024441.638954,89.57,Game,1,Predictable,41.7,0,,,2,,,130,Sound,,,
0,FORT,,1,1777024441.638954,89.58,Game,1,Predictable,41.71,0,,,2,,,130,Sound,,,
0,FORT,,1,1777024441.638954,89.59,Game,1,Predictable,41.72,0,,,2,,,130,Sound,,,
0,FORT,,1,1777024441.638954,89.6,Game,1,Predictable,41.73,0,,,2,,,130,Sound,,,
0,FORT,,1,1777024441.638954,89.62,Game,1,Predictable,41.74,0,,,3,,,130,Sound,,,
0,FORT,,1,1777024441.638954,89.63,Game,1,Predictable,41.76,0,,,3,,,130,Sound,,,
0,FORT,,1,1777024441.638954,89.64,Game,1,Predictable,41.77,0,,,3,,,130,Sound,,,
0,FORT,,1,1777024441.638954,89.65,Game,1,Predictable,41.78,0,,,3,,,130,Sound,,,
0,FORT,,1,1777024441.638954,89.66,Game,1,Predictable,41.79,0,,,3,,,130,Sound,,,
0,FORT,,1,1777024441.638954,89.67,Game,1,Predictable,41.8,0,,,3,,,130,Sound,,,
0,FORT,,1,1777024441.638954,89.68,Game,1,Predictable,41.81,0,,,3,,,130,Sound,,,
0,FORT,,1,1777024441.638954,89.69,Game,1,Predictable,41.82,0,,,3,,,130,Sound,,,
0,FORT,,1,1777024441.638954,89.7,Game,1,Predictable,41.83,0,,,3,,,130,Sound,,,
0,FORT,,1,1777024441.638954,89.71,Game,1,Predictable,41.84,0,,,3,,,130,Sound,,,
0,FORT,,1,1777024441.638954,89.72,Game,1,Predictable,41.85,0,,,3,,,130,Sound,,,
0,FORT,,1,1777024441.638954,89.73,Game,1,Predictable,41.86,0,,,3,,,130,Sound,,,
0,FORT,,1,1777024441.638954,89.74,Game,1,Predictable,41.87,0,,,3,,,130,Sound,,,
0,FORT,,1,1777024441.638954,89.74,Game,1,Predictable,41.88,0,,,3,,,130,Sound,,,
0,FORT,,1,1777024441.638954,89.75,Game,1,Predictable,41.88,0,,,3,,,130,Sound,,,
0,FORT,,1,1777024441.638954,89.76,Game,1,Predictable,41.89,0,,,3,,,130,Sound,,,
0,FORT,,1,1777024441.638954,89.77,Game,1,Predictable,41.9,0,,,3,,,130,Sound,,,
0,FORT,,1,1777024441.638954,89.78,Game,1,Predictable,41.91,0,,,3,,,130,Sound,,,
0,FORT,,1,1777024441.638954,89.79,Game,1,Predictable,41.92,0,,,3,,,130,Sound,,,
0,FORT,,1,1777024441.638954,89.8,Game,1,Predictable,41.93,0,,,3,,,130,Sound,,,
0,FORT,,1,1777024441.638954,89.81,Game,1,Predictable,41.94,0,,,3,,,130,Sound,,,
0,FORT,,1,1777024441.638954,89.82,Game,1,Predictable,41.95,0,,,3,,,130,Sound,,,
0,FORT,,1,1777024441.638954,89.83,Game,1,Predictable,41.96,0,,,3,,,130,Sound,,,
0,FORT,,1,1777024441.638954,89.84,Game,1,Predictable,41.97,0,,,3,,,130,Sound,,,
0,FORT,,1,1777024441.638954,89.85,Game,1,Predictable,41.98,0,,,3,,,130,Sound,,,
0,FORT,,1,1777024441.638954,89.86,Game,1,Predictable,41.99,0,,,3,,,130,Sound,,,
0,FORT,,1,1777024441.638954,89.87,Game,1,Predictable,42.0,0,,,3,,,130,Sound,,,
0,FORT,,1,1777024441.638954,89.88,Game,1,Predictable,42.01,0,,,3,,,130,Sound,,,
0,FORT,,1,1777024441.638954,89.89,Game,1,Predictable,42.02,0,,,3,,,130,Sound,,,
0,FORT,,1,1777024441.638954,89.89,Game,1,Predictable,42.03,0,,,3,,,130,Sound,,,
0,FORT,,1,1777024441.638954,89.9,Game,1,Predictable,42.03,0,,,3,,,130,Sound,,,
0,FORT,,1,1777024441.638954,89.91,Game,1,Predictable,42.04,0,,,3,,,130,Sound,,,
0,FORT,,1,1777024441.638954,89.92,Game,1,Predictable,42.05,0,,,3,,,130,Sound,,,
0,FORT,,1,1777024441.638954,89.93,Game,1,Predictable,42.06,0,,,3,,,130,Sound,,,
0,FORT,,1,1777024441.638954,89.94,Game,1,Predictable,42.07,0,,,3,,,130,Sound,,,
0,FORT,,1,1777024441.638954,89.95,Game,1,Predictable,42.08,0,,,4,,,130,Sound,,,
0,FORT,,1,1777024441.638954,89.96,Game,1,Predictable,42.09,0,,,4,,,130,Sound,,,
0,FORT,,1,1777024441.638954,89.97,Game,1,Predictable,42.1,0,,,4,,,130,Sound,,,
0,FORT,,1,1777024441.638954,89.98,Game,1,Predictable,42.11,0,,,4,,,130,Sound,,,
0,FORT,,1,1777024441.638954,89.99,Game,1,Predictable,42.12,0,,,4,,,130,Sound,,,
0,FORT,,1,1777024441.638954,90.0,Game,1,Predictable,42.13,0,,,4,,,130,Sound,,,
0,FORT,,1,1777024441.638954,90.01,Game,1,Predictable,42.14,0,,,4,,,130,Sound,,,
0,FORT,,1,1777024441.638954,90.02,Game,1,Predictable,42.15,0,,,4,,,130,Sound,,,
0,FORT,,1,1777024441.638954,90.03,Game,1,Predictable,42.16,0,,,4,,,130,Sound,,,
0,FORT,,1,1777024441.638954,90.04,Game,1,Predictable,42.17,0,,,4,,,130,Sound,,,
0,FORT,,1,1777024441.638954,90.05,Game,1,Predictable,42.18,0,,,4,,,130,Sound,,,
0,FORT,,1,1777024441.638954,90.06,Game,1,Predictable,42.19,0,,,4,,,130,Sound,,,
0,FORT,,1,1777024441.638954,90.07,Game,1,Predictable,42.2,0,,,4,,,130,Sound,,,
0,FORT,,1,1777024441.638954,90.08,Game,1,Predictable,42.21,0,,,4,,,130,Sound,,,
0,FORT,,1,1777024441.638954,90.09,Game,1,Predictable,42.22,0,,,4,,,130,Sound,,,
0,FORT,,1,1777024441.638954,90.1,Game,1,Predictable,42.23,0,,,4,,,130,Sound,,,
0,FORT,,1,1777024441.638954,90.11,Game,1,Predictable,42.24,0,,,4,,,130,Sound,,,
0,FORT,,1,1777024441.638954,90.12,Game,1,Predictable,42.25,0,,,4,,,130,Sound,,,
0,FORT,,1,1777024441.638954,90.13,Game,1,Predictable,42.26,0,,,4,,,130,Sound,,,
0,FORT,,1,1777024441.638954,90.14,Game,1,Predictable,42.27,0,,,4,,,130,Sound,,,
0,FORT,,1,1777024441.638954,90.15,Game,1,Predictable,42.28,0,,,4,,,130,Sound,,,
0,FORT,,1,1777024441.638954,90.16,Game,1,Predictable,42.29,0,,,4,,,130,Sound,,,
0,FORT,,1,1777024441.638954,90.17,Game,1,Predictable,42.3,0,,,4,,,130,Sound,,,
0,FORT,,1,1777024441.638954,90.18,Game,1,Predictable,42.31,0,,,4,,,130,Sound,,,
0,FORT,,1,1777024441.638954,90.19,Game,1,Predictable,42.32,0,,,4,,,130,Sound,,,
0,FORT,,1,1777024441.638954,90.2,Game,1,Predictable,42.33,0,,,4,,,130,Sound,,,
0,FORT,,1,1777024441.638954,90.21,Game,1,Predictable,42.34,0,,,4,,,130,Sound,,,
0,FORT,,1,1777024441.638954,90.22,Game,1,Predictable,42.35,0,,,4,,,130,Sound,,,
0,FORT,,1,1777024441.638954,90.23,Game,1,Predictable,42.36,0,,,4,,,130,Sound,,,
0,FORT,,1,1777024441.638954,90.24,Game,1,Predictable,42.37,0,,,5,,,130,Sound,,,
0,FORT,,1,1777024441.638954,90.25,Game,1,Predictable,42.38,0,,,5,,,130,Sound,,,
0,FORT,,1,1777024441.638954,90.26,Game,1,Predictable,42.39,0,,,5,,,130,Sound,,,
0,FORT,,1,1777024441.638954,90.27,Game,1,Predictable,42.4,0,,,5,,,130,Sound,,,
0,FORT,,1,1777024441.638954,90.28,Game,1,Predictable,42.41,0,,,5,,,130,Sound,,,
0,FORT,,1,1777024441.638954,90.29,Game,1,Predictable,42.42,0,,,5,,,130,Sound,,,
0,FORT,,1,1777024441.638954,90.3,Game,1,Predictable,42.43,0,,,5,,,130,Sound,,,
0,FORT,,1,1777024441.638954,90.31,Game,1,Predictable,42.44,0,,,5,,,130,Sound,,,
0,FORT,,1,1777024441.638954,90.32,Game,1,Predictable,42.45,0,,,5,,,130,Sound,,,
0,FORT,,1,1777024441.638954,90.33,Game,1,Predictable,42.46,0,,,5,,,130,Sound,,,
0,FORT,,1,1777024441.638954,90.34,Game,1,Predictable,42.47,0,,,5,,,130,Sound,,,
0,FORT,,1,1777024441.638954,90.35,Game,1,Predictable,42.48,0,,,5,,,130,Sound,,,
0,FORT,,1,1777024441.638954,90.36,Game,1,Predictable,42.49,0,,,5,,,130,Sound,,,
0,FORT,,1,1777024441.638954,90.37,Game,1,Predictable,42.5,0,,,5,,,130,Sound,,,
0,FORT,,1,1777024441.638954,90.38,Game,1,Predictable,42.51,0,,,5,,,130,Sound,,,
0,FORT,,1,1777024441.638954,90.39,Game,1,Predictable,42.52,0,,,5,,,130,Sound,,,
0,FORT,,1,1777024441.638954,90.4,Game,1,Predictable,42.53,0,,,5,,,130,Sound,,,
0,FORT,,1,1777024441.638954,90.41,Game,1,Predictable,42.54,0,,,5,,,130,Sound,,,
0,FORT,,1,1777024441.638954,90.42,Game,1,Predictable,42.55,0,,,5,,,130,Sound,,,
0,FORT,,1,1777024441.638954,90.43,Game,1,Predictable,42.56,0,,,5,,,130,Sound,,,
0,FORT,,1,1777024441.638954,90.44,Game,1,Predictable,42.57,0,,,5,,,130,Sound,,,
0,FORT,,1,1777024441.638954,90.45,Game,1,Predictable,42.58,0,,,5,,,130,Sound,,,
0,FORT,,1,1777024441.638954,90.46,Game,1,Predictable,42.59,0,,,5,,,130,Sound,,,
0,FORT,,1,1777024441.638954,90.47,Game,1,Predictable,42.6,0,,,5,,,130,Sound,,,
0,FORT,,1,1777024441.638954,90.48,Game,1,Predictable,42.61,0,,,5,,,130,Sound,,,
0,FORT,,1,1777024441.638954,90.49,Game,1,Predictable,42.62,0,,,5,,,130,Sound,,,
0,FORT,,1,1777024441.638954,90.49,Game,1,Predictable,42.63,0,,,5,,,130,Sound,,,
0,FORT,,1,1777024441.638954,90.5,Game,1,Predictable,42.63,0,,,5,,,130,Sound,,,
0,FORT,,1,1777024441.638954,90.51,Game,1,Predictable,42.64,0,,,5,,,130,Sound,,,
0,FORT,,1,1777024441.638954,90.52,Game,1,Predictable,42.65,0,,,5,,,130,Sound,,,
0,FORT,,1,1777024441.638954,90.53,Game,1,Predictable,42.66,0,,,5,,,130,Sound,,,
0,FORT,,1,1777024441.638954,90.54,Game,1,Predictable,42.67,0,,,5,,,130,Sound,,,
0,FORT,,1,1777024441.638954,90.55,Game,1,Predictable,42.68,0,,,5,,,130,Sound,,,
0,FORT,,1,1777024441.638954,90.56,Game,1,Predictable,42.69,0,,,5,,,130,Sound,,,
0,FORT,,1,1777024441.638954,90.57,Game,1,Predictable,42.7,0,,,6,,,130,Sound,,,
0,FORT,,1,1777024441.638954,90.58,Game,1,Predictable,42.71,0,,,6,,,130,Sound,,,
0,FORT,,1,1777024441.638954,90.6,Game,1,Predictable,42.72,0,,,6,,,130,Sound,,,
0,FORT,,1,1777024441.638954,90.6,Game,1,Predictable,42.74,0,,,6,,,130,Sound,,,
0,FORT,,1,1777024441.638954,90.61,Game,1,Predictable,42.74,0,,,6,,,130,Sound,,,
0,FORT,,1,1777024441.638954,90.62,Game,1,Predictable,42.75,0,,,6,,,130,Sound,,,
0,FORT,,1,1777024441.638954,90.63,Game,1,Predictable,42.76,0,,,6,,,130,Sound,,,
0,FORT,,1,1777024441.638954,90.64,Game,1,Predictable,42.77,0,,,6,,,130,Sound,,,
0,FORT,,1,1777024441.638954,90.65,Game,1,Predictable,42.78,0,,,6,,,130,Sound,,,
0,FORT,,1,1777024441.638954,90.66,Game,1,Predictable,42.79,0,,,6,,,130,Sound,,,
0,FORT,,1,1777024441.638954,90.67,Game,1,Predictable,42.8,0,,,6,,,130,Sound,,,
0,FORT,,1,1777024441.638954,90.68,Game,1,Predictable,42.81,0,,,6,,,130,Sound,,,
0,FORT,,1,1777024441.638954,90.69,Game,1,Predictable,42.82,0,,,6,,,130,Sound,,,
0,FORT,,1,1777024441.638954,90.69,Game,1,Predictable,42.83,0,,,6,,,130,Sound,,,
0,FORT,,1,1777024441.638954,90.7,Game,1,Predictable,42.83,0,,,6,,,130,Sound,,,
0,FORT,,1,1777024441.638954,90.71,Game,1,Predictable,42.84,0,,,6,,,130,Sound,,,
0,FORT,,1,1777024441.638954,90.72,Game,1,Predictable,42.85,0,,,6,,,130,Sound,,,
0,FORT,,1,1777024441.638954,90.73,Game,1,Predictable,42.86,0,,,6,,,130,Sound,,,
0,FORT,,1,1777024441.638954,90.74,Game,1,Predictable,42.87,0,,,6,,,130,Sound,,,
0,FORT,,1,1777024441.638954,90.75,Game,1,Predictable,42.88,0,,,6,,,130,Sound,,,
0,FORT,,1,1777024441.638954,90.75,Game,1,Predictable,42.89,0,,,6,,,130,Sound,,,
0,FORT,,1,1777024441.638954,90.76,Game,1,Predictable,42.89,0,,,6,,,130,Sound,,,
0,FORT,,1,1777024441.638954,90.77,Game,1,Predictable,42.9,0,,,6,,,130,Sound,,,
0,FORT,,1,1777024441.638954,90.78,Game,1,Predictable,42.91,0,,,6,,,130,Sound,,,
0,FORT,,1,1777024441.638954,90.79,Game,1,Predictable,42.92,0,,,6,,,130,Sound,,,
0,FORT,,1,1777024441.638954,90.79,Game,1,Predictable,42.93,0,,,6,,,130,Sound,,,
0,FORT,,1,1777024441.638954,90.8,Game,1,Predictable,42.93,0,,,6,,,130,Sound,,,
0,FORT,,1,1777024441.638954,90.81,Game,1,Predictable,42.94,0,,,6,,,130,Sound,,,
0,FORT,,1,1777024441.638954,90.82,Game,1,Predictable,42.95,0,,,6,,,130,Sound,,,
0,FORT,,1,1777024441.638954,90.83,Game,1,Predictable,42.96,0,,,6,,,130,Sound,,,
0,FORT,,1,1777024441.638954,90.84,Game,1,Predictable,42.97,0,,,6,,,130,Sound,,,
0,FORT,,1,1777024441.638954,90.85,Game,1,Predictable,42.98,0,,,6,,,130,Sound,,,
0,FORT,,1,1777024441.638954,90.86,Game,1,Predictable,42.99,0,,,6,,,130,Sound,,,
0,FORT,,1,1777024441.638954,90.87,Game,1,Predictable,43.0,0,,,6,,,130,Sound,,,
0,FORT,,1,1777024441.638954,90.88,Game,1,Predictable,43.01,0,,,6,,,130,Sound,,,
0,FORT,,1,1777024441.638954,90.89,Game,1,Predictable,43.02,0,,,7,,,130,Sound,,,
0,FORT,,1,1777024441.638954,90.9,Game,1,Predictable,43.03,0,,,7,,,130,Sound,,,
0,FORT,,1,1777024441.638954,90.91,Game,1,Predictable,43.04,0,,,7,,,130,Sound,,,
0,FORT,,1,1777024441.638954,90.92,Game,1,Predictable,43.05,0,,,7,,,130,Sound,,,
0,FORT,,1,1777024441.638954,90.93,Game,1,Predictable,43.06,0,,,7,,,130,Sound,,,
0,FORT,,1,1777024441.638954,90.94,Game,1,Predictable,43.07,0,,,7,,,130,Sound,,,
0,FORT,,1,1777024441.638954,90.95,Game,1,Predictable,43.08,0,,,7,,,130,Sound,,,
0,FORT,,1,1777024441.638954,90.95,Game,1,Predictable,43.09,0,,,7,,,130,Sound,,,
0,FORT,,1,1777024441.638954,90.96,Game,1,Predictable,43.09,0,,,7,,,130,Sound,,,
0,FORT,,1,1777024441.638954,90.97,Game,1,Predictable,43.1,0,,,7,,,130,Sound,,,
0,FORT,,1,1777024441.638954,90.98,Game,1,Predictable,43.11,0,,,7,,,130,Sound,,,
0,FORT,,1,1777024441.638954,90.99,Game,1,Predictable,43.12,0,,,7,,,130,Sound,,,
0,FORT,,1,1777024441.638954,90.99,Game,1,Predictable,43.13,0,,,7,,,130,Sound,,,
0,FORT,,1,1777024441.638954,91.0,Game,1,Predictable,43.13,0,,,7,,,130,Sound,,,
0,FORT,,1,1777024441.638954,91.01,Game,1,Predictable,43.14,0,,,7,,,130,Sound,,,
0,FORT,,1,1777024441.638954,91.02,Game,1,Predictable,43.15,0,,,7,,,130,Sound,,,
0,FORT,,1,1777024441.638954,91.03,Game,1,Predictable,43.16,0,,,7,,,130,Sound,,,
0,FORT,,1,1777024441.638954,91.04,Game,1,Predictable,43.17,0,,,7,,,130,Sound,,,
0,FORT,,1,1777024441.638954,91.05,Game,1,Predictable,43.18,0,,,7,,,130,Sound,,,
0,FORT,,1,1777024441.638954,91.05,Game,1,Predictable,43.19,0,,,7,,,130,Sound,,,
0,FORT,,1,1777024441.638954,91.06,Game,1,Predictable,43.19,0,,,7,,,130,Sound,,,
0,FORT,,1,1777024441.638954,91.07,Game,1,Predictable,43.2,0,,,7,,,130,Sound,,,
0,FORT,,1,1777024441.638954,91.08,Game,1,Predictable,43.21,0,,,7,,,130,Sound,,,
0,FORT,,1,1777024441.638954,91.09,Game,1,Predictable,43.22,0,,,7,,,130,Sound,,,
0,FORT,,1,1777024441.638954,91.1,Game,1,Predictable,43.23,0,,,7,,,130,Sound,,,
0,FORT,,1,1777024441.638954,91.11,Game,1,Predictable,43.24,0,,,7,,,130,Sound,,,
0,FORT,,1,1777024441.638954,91.12,Game,1,Predictable,43.25,0,,,7,,,130,Sound,,,
0,FORT,,1,1777024441.638954,91.13,Game,1,Predictable,43.26,0,,,7,,,130,Sound,,,
0,FORT,,1,1777024441.638954,91.14,Game,1,Predictable,43.27,0,,,7,,,130,Sound,,,
0,FORT,,1,1777024441.638954,91.15,Game,1,Predictable,43.28,0,,,7,,,130,Sound,,,
0,FORT,,1,1777024441.638954,91.15,Game,1,Predictable,43.29,0,,,7,,,130,Sound,,,
0,FORT,,1,1777024441.638954,91.16,Game,1,Predictable,43.29,0,,,7,,,130,Sound,,,
0,FORT,,1,1777024441.638954,91.17,Game,1,Predictable,43.3,0,,,8,,,130,Sound,,,
0,FORT,,1,1777024441.638954,91.18,Game,1,Predictable,43.31,0,,,8,,,130,Sound,,,
0,FORT,,1,1777024441.638954,91.2,Game,1,Predictable,43.32,0,,,8,,,130,Sound,,,
0,FORT,,1,1777024441.638954,91.2,Game,1,Predictable,43.34,0,,,8,,,130,Sound,,,
0,FORT,,1,1777024441.638954,91.21,Game,1,Predictable,43.34,0,,,8,,,130,Sound,,,
0,FORT,,1,1777024441.638954,91.22,Game,1,Predictable,43.35,0,,,8,,,130,Sound,,,
0,FORT,,1,1777024441.638954,91.23,Game,1,Predictable,43.36,0,,,8,,,130,Sound,,,
0,FORT,,1,1777024441.638954,91.24,Game,1,Predictable,43.37,0,,,8,,,130,Sound,,,
0,FORT,,1,1777024441.638954,91.25,Game,1,Predictable,43.38,0,,,8,,,130,Sound,,,
0,FORT,,1,1777024441.638954,91.25,Game,1,Predictable,43.39,0,,,8,,,130,Sound,,,
0,FORT,,1,1777024441.638954,91.26,Game,1,Predictable,43.39,0,,,8,,,130,Sound,,,
0,FORT,,1,1777024441.638954,91.27,Game,1,Predictable,43.4,0,,,8,,,130,Sound,,,
0,FORT,,1,1777024441.638954,91.28,Game,1,Predictable,43.41,0,,,8,,,130,Sound,,,
0,FORT,,1,1777024441.638954,91.29,Game,1,Predictable,43.42,0,,,8,,,130,Sound,,,
0,FORT,,1,1777024441.638954,91.3,Game,1,Predictable,43.43,0,,,8,,,130,Sound,,,
0,FORT,,1,1777024441.638954,91.3,Game,1,Predictable,43.44,0,,,8,,,130,Sound,,,
0,FORT,,1,1777024441.638954,91.31,Game,1,Predictable,43.44,0,,,8,,,130,Sound,,,
0,FORT,,1,1777024441.638954,91.32,Game,1,Predictable,43.45,0,,,8,,,130,Sound,,,
0,FORT,,1,1777024441.638954,91.33,Game,1,Predictable,43.46,0,,,8,,,130,Sound,,,
0,FORT,,1,1777024441.638954,91.34,Game,1,Predictable,43.47,0,,,8,,,130,Sound,,,
0,FORT,,1,1777024441.638954,91.34,Game,1,Predictable,43.48,0,,,8,,,130,Sound,,,
0,FORT,,1,1777024441.638954,91.35,Game,1,Predictable,43.48,0,,,8,,,130,Sound,,,
0,FORT,,1,1777024441.638954,91.36,Game,1,Predictable,43.49,0,,,8,,,130,Sound,,,
0,FORT,,1,1777024441.638954,91.37,Game,1,Predictable,43.5,0,,,8,,,130,Sound,,,
0,FORT,,1,1777024441.638954,91.38,Game,1,Predictable,43.51,0,,,8,,,130,Sound,,,
0,FORT,,1,1777024441.638954,91.39,Game,1,Predictable,43.52,0,,,8,,,130,Sound,,,
0,FORT,,1,1777024441.638954,91.39,Game,1,Predictable,43.53,0,,,8,,,130,Sound,,,
0,FORT,,1,1777024441.638954,91.4,Game,1,Predictable,43.53,0,,,8,,,130,Sound,,,
0,FORT,,1,1777024441.638954,91.41,Game,1,Predictable,43.54,0,,,8,,,130,Sound,,,
0,FORT,,1,1777024441.638954,91.42,Game,1,Predictable,43.55,0,,,8,,,130,Sound,,,
0,FORT,,1,1777024441.638954,91.43,Game,1,Predictable,43.56,0,,,8,,,130,Sound,,,
0,FORT,,1,1777024441.638954,91.44,Game,1,Predictable,43.57,0,,,8,,,130,Sound,,,
0,FORT,,1,1777024441.638954,91.45,Game,1,Predictable,43.58,0,,,8,,,130,Sound,,,
0,FORT,,1,1777024441.638954,91.46,Game,1,Predictable,43.59,0,,,8,,,130,Sound,,,
0,FORT,,1,1777024441.638954,91.47,Game,1,Predictable,43.6,0,,,8,,,130,Sound,,,
0,FORT,,1,1777024441.638954,91.48,Game,1,Predictable,43.61,0,,,8,,,130,Sound,,,
0,FORT,,1,1777024441.638954,91.49,Game,1,Predictable,43.62,0,,,8,,,130,Sound,,,
0,FORT,,1,1777024441.638954,91.5,Game,1,Predictable,43.63,0,,,8,,,130,Sound,,,
0,FORT,,1,1777024441.638954,91.5,Game,1,Predictable,43.64,0,,,8,,,130,Sound,,,
0,FORT,,1,1777024441.638954,91.51,Game,1,Predictable,43.64,0,,,8,,,130,Sound,,,
0,FORT,,1,1777024441.638954,91.52,Game,1,Predictable,43.65,0,,,8,,,130,Sound,,,
0,FORT,,1,1777024441.638954,91.53,Game,1,Predictable,43.66,0,,,8,,,130,Sound,,,
0,FORT,,1,1777024441.638954,91.54,Game,1,Predictable,43.67,0,,,8,,,130,Sound,,,
0,FORT,,1,1777024441.638954,91.55,Game,1,Predictable,43.68,0,,,8,,,130,Sound,,,
0,FORT,,1,1777024441.638954,91.55,Game,1,Predictable,43.69,0,,,8,,,130,Sound,,,
0,FORT,,1,1777024441.638954,91.56,Game,1,Predictable,43.69,0,,,8,,,130,Sound,,,
0,FORT,,1,1777024441.638954,91.57,Game,1,Predictable,43.7,0,,,8,,,130,Sound,,,
0,FORT,,1,1777024441.638954,91.58,Game,1,Predictable,43.71,0,,,8,,,130,Sound,,,
0,FORT,,1,1777024441.638954,91.59,Game,1,Predictable,43.72,0,,,8,,,130,Sound,,,
0,FORT,,1,1777024441.638954,91.6,Game,1,Predictable,43.73,0,,,8,,,130,Sound,,,
0,FORT,,1,1777024441.638954,91.6,Game,1,Predictable,43.74,0,,,8,,,130,Sound,,,
0,FORT,,1,1777024441.638954,91.61,Game,1,Predictable,43.74,0,,,8,,,130,Sound,,,
0,FORT,,1,1777024441.638954,91.62,Game,1,Predictable,43.75,0,,,8,,,130,Sound,,,
0,FORT,,1,1777024441.638954,91.63,Game,1,Predictable,43.76,0,,,8,,,130,Sound,,,
0,FORT,,1,1777024441.638954,91.64,Game,1,Predictable,43.77,0,,,8,,,130,Sound,,,
0,FORT,,1,1777024441.638954,91.65,Game,1,Predictable,43.78,0,,,8,,,130,Sound,,,
0,FORT,,1,1777024441.638954,91.65,Game,1,Predictable,43.79,0,,,8,,,130,Sound,,,
0,FORT,,1,1777024441.638954,91.66,Game,1,Predictable,43.79,0,,,8,,,130,Sound,,,
0,FORT,,1,1777024441.638954,91.67,Game,1,Predictable,43.8,0,,,8,,,130,Sound,,,
0,FORT,,1,1777024441.638954,91.68,Game,1,Predictable,43.81,0,,,8,,,130,Sound,,,
0,FORT,,1,1777024441.638954,91.69,Game,1,Predictable,43.82,0,,,8,,,130,Sound,,,
0,FORT,,1,1777024441.638954,91.7,Game,1,Predictable,43.83,0,,,8,,,130,Sound,,,
0,FORT,,1,1777024441.638954,91.7,Game,1,Predictable,43.84,0,,,8,,,130,Sound,,,
0,FORT,,1,1777024441.638954,91.71,Game,1,Predictable,43.84,0,,,8,,,130,Sound,,,
0,FORT,,1,1777024441.638954,91.72,Game,1,Predictable,43.85,0,,,8,,,130,Sound,,,
0,FORT,,1,1777024441.638954,91.73,Game,1,Predictable,43.86,0,,,8,,,130,Sound,,,
0,FORT,,1,1777024441.638954,91.74,Game,1,Predictable,43.87,0,,,8,,,130,Sound,,,
0,FORT,,1,1777024441.638954,91.75,Game,1,Predictable,43.88,0,,,8,,,130,Sound,,,
0,FORT,,1,1777024441.638954,91.75,Game,1,Predictable,43.89,0,,,8,,,130,Sound,,,
0,FORT,,1,1777024441.638954,91.76,Game,1,Predictable,43.89,0,,,8,,,130,Sound,,,
0,FORT,,1,1777024441.638954,91.77,Game,1,Predictable,43.9,0,,,8,,,130,Sound,,,
0,FORT,,1,1777024441.638954,91.78,Game,1,Predictable,43.91,0,,,8,,,130,Sound,,,
0,FORT,,1,1777024441.638954,91.79,Game,1,Predictable,43.92,0,,,8,,,130,Sound,,,
0,FORT,,1,1777024441.638954,91.8,Game,1,Predictable,43.93,0,,,8,,,130,Sound,,,
0,FORT,,1,1777024441.638954,91.8,Game,1,Predictable,43.94,0,,,8,,,130,Sound,,,
0,FORT,,1,1777024441.638954,91.81,Game,1,Predictable,43.94,0,,,8,,,130,Sound,,,
0,FORT,,1,1777024441.638954,91.82,Game,1,Predictable,43.95,0,,,8,,,130,Sound,,,
0,FORT,,1,1777024441.638954,91.83,Game,1,Predictable,43.96,0,,,8,,,130,Sound,,,
0,FORT,,1,1777024441.638954,91.84,Game,1,Predictable,43.97,0,,,8,,,130,Sound,,,
0,FORT,,1,1777024441.638954,91.85,Game,1,Predictable,43.98,0,,,8,,,130,Sound,,,
0,FORT,,1,1777024441.638954,91.85,Game,1,Predictable,43.99,0,,,8,,,130,Sound,,,
0,FORT,,1,1777024441.638954,91.86,Game,1,Predictable,43.99,0,,,8,,,130,Sound,,,
0,FORT,,1,1777024441.638954,91.87,Game,1,Predictable,44.0,0,,,8,,,130,Sound,,,
0,FORT,,1,1777024441.638954,91.88,Game,1,Predictable,44.01,0,,,7,,,130,Sound,,,
0,FORT,,1,1777024441.638954,91.9,Game,1,Predictable,44.02,0,,,7,,,130,Sound,,,
0,FORT,,1,1777024441.638954,91.9,Game,1,Predictable,44.04,0,,,7,,,130,Sound,,,
0,FORT,,1,1777024441.638954,91.91,Game,1,Predictable,44.04,0,,,7,,,130,Sound,,,
0,FORT,,1,1777024441.638954,91.92,Game,1,Predictable,44.05,0,,,7,,,130,Sound,,,
0,FORT,,1,1777024441.638954,91.93,Game,1,Predictable,44.06,0,,,7,,,130,Sound,,,
0,FORT,,1,1777024441.638954,91.94,Game,1,Predictable,44.07,0,,,7,,,130,Sound,,,
0,FORT,,1,1777024441.638954,91.95,Game,1,Predictable,44.08,0,,,7,,,130,Sound,,,
0,FORT,,1,1777024441.638954,91.95,Game,1,Predictable,44.09,0,,,7,,,130,Sound,,,
0,FORT,,1,1777024441.638954,91.96,Game,1,Predictable,44.09,0,,,7,,,130,Sound,,,
0,FORT,,1,1777024441.638954,91.97,Game,1,Predictable,44.1,0,,,7,,,130,Sound,,,
0,FORT,,1,1777024441.638954,91.98,Game,1,Predictable,44.11,0,,,7,,,130,Sound,,,
0,FORT,,1,1777024441.638954,92.0,Game,1,Predictable,44.12,0,,,7,,,130,Sound,,,
0,FORT,,1,1777024441.638954,92.0,Game,1,Predictable,44.14,0,,,7,,,130,Sound,,,
0,FORT,,1,1777024441.638954,92.03,Game,1,Predictable,44.14,0,,,7,,,130,Sound,,,
0,FORT,,1,1777024441.638954,92.05,Game,1,Predictable,44.17,0,,,7,,,130,Sound,,,
0,FORT,,1,1777024441.638954,92.05,Game,1,Predictable,44.19,0,,,7,,,130,Sound,,,
0,FORT,,1,1777024441.638954,92.08,Game,1,Predictable,44.19,0,,,7,,,130,Sound,,,
0,FORT,,1,1777024441.638954,92.1,Game,1,Predictable,44.22,0,,,7,,,130,Sound,,,
0,FORT,,1,1777024441.638954,92.1,Game,1,Predictable,44.24,0,,,7,,,130,Sound,,,
0,FORT,,1,1777024441.638954,92.11,Game,1,Predictable,44.24,0,,,7,,,130,Sound,,,
0,FORT,,1,1777024441.638954,92.12,Game,1,Predictable,44.25,0,,,7,,,130,Sound,,,
0,FORT,,1,1777024441.638954,92.13,Game,1,Predictable,44.26,0,,,7,,,130,Sound,,,
0,FORT,,1,1777024441.638954,92.14,Game,1,Predictable,44.27,0,,,7,,,130,Sound,,,
0,FORT,,1,1777024441.638954,92.15,Game,1,Predictable,44.28,0,,,6,,,130,Sound,,,
0,FORT,,1,1777024441.638954,92.16,Game,1,Predictable,44.29,0,,,6,,,130,Sound,,,
0,FORT,,1,1777024441.638954,92.17,Game,1,Predictable,44.3,0,,,6,,,130,Sound,,,
0,FORT,,1,1777024441.638954,92.18,Game,1,Predictable,44.31,0,,,6,,,130,Sound,,,
0,FORT,,1,1777024441.638954,92.19,Game,1,Predictable,44.32,0,,,6,,,130,Sound,,,
0,FORT,,1,1777024441.638954,92.19,Game,1,Predictable,44.33,0,,,6,,,130,Sound,,,
0,FORT,,1,1777024441.638954,92.2,Game,1,Predictable,44.33,0,,,6,,,130,Sound,,,
0,FORT,,1,1777024441.638954,92.21,Game,1,Predictable,44.34,0,,,6,,,130,Sound,,,
0,FORT,,1,1777024441.638954,92.22,Game,1,Predictable,44.35,0,,,6,,,130,Sound,,,
0,FORT,,1,1777024441.638954,92.23,Game,1,Predictable,44.36,0,,,6,,,130,Sound,,,
0,FORT,,1,1777024441.638954,92.24,Game,1,Predictable,44.37,0,,,6,,,130,Sound,,,
0,FORT,,1,1777024441.638954,92.25,Game,1,Predictable,44.38,0,,,6,,,130,Sound,,,
0,FORT,,1,1777024441.638954,92.25,Game,1,Predictable,44.39,0,,,6,,,130,Sound,,,
0,FORT,,1,1777024441.638954,92.26,Game,1,Predictable,44.39,0,,,6,,,130,Sound,,,
0,FORT,,1,1777024441.638954,92.27,Game,1,Predictable,44.4,0,,,6,,,130,Sound,,,
0,FORT,,1,1777024441.638954,92.3,Game,1,Predictable,44.41,0,,,6,,,130,Sound,,,
0,FORT,,1,1777024441.638954,92.31,Game,1,Predictable,44.44,0,,,6,,,130,Sound,,,
0,FORT,,1,1777024441.638954,92.32,Game,1,Predictable,44.45,0,,,6,,,130,Sound,,,
0,FORT,,1,1777024441.638954,92.33,Game,1,Predictable,44.46,0,,,6,,,130,Sound,,,
0,FORT,,1,1777024441.638954,92.34,Game,1,Predictable,44.47,0,,,6,,,130,Sound,,,
0,FORT,,1,1777024441.638954,92.34,Game,1,Predictable,44.48,0,,,6,,,130,Sound,,,
0,FORT,,1,1777024441.638954,92.35,Game,1,Predictable,44.49,0,,,6,,,130,Sound,,,
0,FORT,,1,1777024441.638954,92.36,Game,1,Predictable,44.49,0,,,6,,,130,Sound,,,
0,FORT,,1,1777024441.638954,92.37,Game,1,Predictable,44.5,0,,,6,,,130,Sound,,,
0,FORT,,1,1777024441.638954,92.38,Game,1,Predictable,44.51,0,,,6,,,130,Sound,,,
0,FORT,,1,1777024441.638954,92.39,Game,1,Predictable,44.52,0,,,6,,,130,Sound,,,
0,FORT,,1,1777024441.638954,92.4,Game,1,Predictable,44.53,0,,,6,,,130,Sound,,,
0,FORT,,1,1777024441.638954,92.4,Game,1,Predictable,44.54,0,,,6,,,130,Sound,,,
0,FORT,,1,1777024441.638954,92.41,Game,1,Predictable,44.54,0,,,6,,,130,Sound,,,
0,FORT,,1,1777024441.638954,92.42,Game,1,Predictable,44.55,0,,,6,,,130,Sound,,,
0,FORT,,1,1777024441.638954,92.43,Game,1,Predictable,44.56,0,,,6,,,130,Sound,,,
0,FORT,,1,1777024441.638954,92.44,Game,1,Predictable,44.57,0,,,6,,,130,Sound,,,
0,FORT,,1,1777024441.638954,92.45,Game,1,Predictable,44.58,0,,,6,,,130,Sound,,,
0,FORT,,1,1777024441.638954,92.45,Game,1,Predictable,44.59,0,,,6,,,130,Sound,,,
0,FORT,,1,1777024441.638954,92.46,Game,1,Predictable,44.59,0,,,6,,,130,Sound,,,
0,FORT,,1,1777024441.638954,92.47,Game,1,Predictable,44.6,0,,,5,,,130,Sound,,,
0,FORT,,1,1777024441.638954,92.48,Game,1,Predictable,44.61,0,,,5,,,130,Sound,,,
0,FORT,,1,1777024441.638954,92.5,Game,1,Predictable,44.62,0,,,5,,,130,Sound,,,
0,FORT,,1,1777024441.638954,92.5,Game,1,Predictable,44.64,0,,,5,,,130,Sound,,,
0,FORT,,1,1777024441.638954,92.51,Game,1,Predictable,44.64,0,,,5,,,130,Sound,,,
0,FORT,,1,1777024441.638954,92.52,Game,1,Predictable,44.65,0,,,5,,,130,Sound,,,
0,FORT,,1,1777024441.638954,92.53,Game,1,Predictable,44.66,0,,,5,,,130,Sound,,,
0,FORT,,1,1777024441.638954,92.54,Game,1,Predictable,44.67,0,,,5,,,130,Sound,,,
0,FORT,,1,1777024441.638954,92.55,Game,1,Predictable,44.68,0,,,5,,,130,Sound,,,
0,FORT,,1,1777024441.638954,92.55,Game,1,Predictable,44.69,0,,,5,,,130,Sound,,,
0,FORT,,1,1777024441.638954,92.56,Game,1,Predictable,44.69,0,,,5,,,130,Sound,,,
0,FORT,,1,1777024441.638954,92.57,Game,1,Predictable,44.7,0,,,5,,,130,Sound,,,
0,FORT,,1,1777024441.638954,92.58,Game,1,Predictable,44.71,0,,,5,,,130,Sound,,,
0,FORT,,1,1777024441.638954,92.59,Game,1,Predictable,44.72,0,,,5,,,130,Sound,,,
0,FORT,,1,1777024441.638954,92.59,Game,1,Predictable,44.73,0,,,5,,,130,Sound,,,
0,FORT,,1,1777024441.638954,92.6,Game,1,Predictable,44.73,0,,,5,,,130,Sound,,,
0,FORT,,1,1777024441.638954,92.63,Game,1,Predictable,44.74,0,,,5,,,130,Sound,,,
0,FORT,,1,1777024441.638954,92.64,Game,1,Predictable,44.77,0,,,5,,,130,Sound,,,
0,FORT,,1,1777024441.638954,92.64,Game,1,Predictable,44.78,0,,,5,,,130,Sound,,,
0,FORT,,1,1777024441.638954,92.65,Game,1,Predictable,44.78,0,,,5,,,130,Sound,,,
0,FORT,,1,1777024441.638954,92.66,Game,1,Predictable,44.79,0,,,5,,,130,Sound,,,
0,FORT,,1,1777024441.638954,92.67,Game,1,Predictable,44.8,0,,,5,,,130,Sound,,,
0,FORT,,1,1777024441.638954,92.68,Game,1,Predictable,44.81,0,,,5,,,130,Sound,,,
0,FORT,,1,1777024441.638954,92.69,Game,1,Predictable,44.82,0,,,5,,,130,Sound,,,
0,FORT,,1,1777024441.638954,92.69,Game,1,Predictable,44.83,0,,,5,,,130,Sound,,,
0,FORT,,1,1777024441.638954,92.7,Game,1,Predictable,44.83,0,,,5,,,130,Sound,,,
0,FORT,,1,1777024441.638954,92.71,Game,1,Predictable,44.84,0,,,5,,,130,Sound,,,
0,FORT,,1,1777024441.638954,92.72,Game,1,Predictable,44.85,0,,,5,,,130,Sound,,,
0,FORT,,1,1777024441.638954,92.73,Game,1,Predictable,44.86,0,,,5,,,130,Sound,,,
0,FORT,,1,1777024441.638954,92.74,Game,1,Predictable,44.87,0,,,5,,,130,Sound,,,
0,FORT,,1,1777024441.638954,92.75,Game,1,Predictable,44.88,0,,,5,,,130,Sound,,,
0,FORT,,1,1777024441.638954,92.75,Game,1,Predictable,44.89,0,,,5,,,130,Sound,,,
0,FORT,,1,1777024441.638954,92.76,Game,1,Predictable,44.89,0,,,5,,,130,Sound,,,
0,FORT,,1,1777024441.638954,92.77,Game,1,Predictable,44.9,0,,,5,,,130,Sound,,,
0,FORT,,1,1777024441.638954,92.78,Game,1,Predictable,44.91,0,,,5,,,130,Sound,,,
0,FORT,,1,1777024441.638954,92.79,Game,1,Predictable,44.92,0,,,5,,,130,Sound,,,
0,FORT,,1,1777024441.638954,92.79,Game,1,Predictable,44.93,0,,,5,,,130,Sound,,,
0,FORT,,1,1777024441.638954,92.81,Game,1,Predictable,44.94,0,,,4,,,130,Sound,,,
0,FORT,,1,1777024441.638954,92.82,Game,1,Predictable,44.95,0,,,4,,,130,Sound,,,
0,FORT,,1,1777024441.638954,92.83,Game,1,Predictable,44.96,0,,,4,,,130,Sound,,,
0,FORT,,1,1777024441.638954,92.84,Game,1,Predictable,44.97,0,,,4,,,130,Sound,,,
0,FORT,,1,1777024441.638954,92.85,Game,1,Predictable,44.98,0,,,4,,,130,Sound,,,
0,FORT,,1,1777024441.638954,92.86,Game,1,Predictable,44.99,0,,,4,,,130,Sound,,,
0,FORT,,1,1777024441.638954,92.87,Game,1,Predictable,45.0,0,,,4,,,130,Sound,,,
0,FORT,,1,1777024441.638954,92.9,Game,1,Predictable,45.01,0,,,4,,,130,Sound,,,
0,FORT,,1,1777024441.638954,92.91,Game,1,Predictable,45.04,0,,,4,,,130,Sound,,,
0,FORT,,1,1777024441.638954,92.92,Game,1,Predictable,45.05,0,,,4,,,130,Sound,,,
0,FORT,,1,1777024441.638954,92.95,Game,1,Predictable,45.06,0,,,4,,,130,Sound,,,
0,FORT,,1,1777024441.638954,92.96,Game,1,Predictable,45.09,0,,,4,,,130,Sound,,,
0,FORT,,1,1777024441.638954,92.97,Game,1,Predictable,45.1,0,,,4,,,130,Sound,,,
0,FORT,,1,1777024441.638954,93.0,Game,1,Predictable,45.11,0,,,4,,,130,Sound,,,
0,FORT,,1,1777024441.638954,93.01,Game,1,Predictable,45.14,0,,,4,,,130,Sound,,,
0,FORT,,1,1777024441.638954,93.02,Game,1,Predictable,45.15,0,,,4,,,130,Sound,,,
0,FORT,,1,1777024441.638954,93.03,Game,1,Predictable,45.16,0,,,4,,,130,Sound,,,
0,FORT,,1,1777024441.638954,93.04,Game,1,Predictable,45.17,0,,,4,,,130,Sound,,,
0,FORT,,1,1777024441.638954,93.05,Game,1,Predictable,45.18,0,,,4,,,130,Sound,,,
0,FORT,,1,1777024441.638954,93.05,Game,1,Predictable,45.19,0,,,4,,,130,Sound,,,
0,FORT,,1,1777024441.638954,93.06,Game,1,Predictable,45.19,0,,,4,,,130,Sound,,,
0,FORT,,1,1777024441.638954,93.07,Game,1,Predictable,45.2,0,,,4,,,130,Sound,,,
0,FORT,,1,1777024441.638954,93.08,Game,1,Predictable,45.21,0,,,4,,,130,Sound,,,
0,FORT,,1,1777024441.638954,93.09,Game,1,Predictable,45.22,0,,,4,,,130,Sound,,,
0,FORT,,1,1777024441.638954,93.1,Game,1,Predictable,45.23,0,,,4,,,130,Sound,,,
0,FORT,,1,1777024441.638954,93.1,Game,1,Predictable,45.24,0,,,4,,,130,Sound,,,
0,FORT,,1,1777024441.638954,93.13,Game,1,Predictable,45.24,0,,,4,,,130,Sound,,,
0,FORT,,1,1777024441.638954,93.15,Game,1,Predictable,45.27,0,,,4,,,130,Sound,,,
0,FORT,,1,1777024441.638954,93.15,Game,1,Predictable,45.29,0,,,4,,,130,Sound,,,
0,FORT,,1,1777024441.638954,93.16,Game,1,Predictable,45.29,0,,,4,,,130,Sound,,,
0,FORT,,1,1777024441.638954,93.17,Game,1,Predictable,45.3,0,,,4,,,130,Sound,,,
0,FORT,,1,1777024441.638954,93.18,Game,1,Predictable,45.31,0,,,4,,,130,Sound,,,
0,FORT,,1,1777024441.638954,93.19,Game,1,Predictable,45.32,0,,,4,,,130,Sound,,,
0,FORT,,1,1777024441.638954,93.2,Game,1,Predictable,45.33,0,,,4,,,130,Sound,,,
0,FORT,,1,1777024441.638954,93.2,Game,1,Predictable,45.34,0,,,4,,,130,Sound,,,
0,FORT,,1,1777024441.638954,93.21,Game,1,Predictable,45.34,0,,,4,,,130,Sound,,,
0,FORT,,1,1777024441.638954,93.22,Game,1,Predictable,45.35,0,,,4,,,130,Sound,,,
0,FORT,,1,1777024441.638954,93.23,Game,1,Predictable,45.36,0,,,4,,,130,Sound,,,
0,FORT,,1,1777024441.638954,93.24,Game,1,Predictable,45.37,0,,,4,,,130,Sound,,,
0,FORT,,1,1777024441.638954,93.24,Game,1,Predictable,45.38,0,,,4,,,130,Sound,,,
0,FORT,,1,1777024441.638954,93.25,Game,1,Predictable,45.38,0,,,4,,,130,Sound,,,
0,FORT,,1,1777024441.638954,93.26,Game,1,Predictable,45.39,0,,,4,,,130,Sound,,,
0,FORT,,1,1777024441.638954,93.27,Game,1,Predictable,45.4,0,,,4,,,130,Sound,,,
0,FORT,,1,1777024441.638954,93.28,Game,1,Predictable,45.41,0,,,4,,,130,Sound,,,
0,FORT,,1,1777024441.638954,93.29,Game,1,Predictable,45.42,0,,,4,,,130,Sound,,,
0,FORT,,1,1777024441.638954,93.3,Game,1,Predictable,45.43,0,,,4,,,130,Sound,,,
0,FORT,,1,1777024441.638954,93.3,Game,1,Predictable,45.44,0,,,4,,,130,Sound,,,
0,FORT,,1,1777024441.638954,93.31,Game,1,Predictable,45.44,0,,,4,,,130,Sound,,,
0,FORT,,1,1777024441.638954,93.32,Game,1,Predictable,45.45,0,,,4,,,130,Sound,,,
0,FORT,,1,1777024441.638954,93.33,Game,1,Predictable,45.46,0,,,4,,,130,Sound,,,
0,FORT,,1,1777024441.638954,93.34,Game,1,Predictable,45.47,0,,,4,,,130,Sound,,,
0,FORT,,1,1777024441.638954,93.34,Game,1,Predictable,45.48,0,,,4,,,130,Sound,,,
0,FORT,,1,1777024441.638954,93.35,Game,1,Predictable,45.49,0,,,4,,,130,Sound,,,
0,FORT,,1,1777024441.638954,93.36,Game,1,Predictable,45.49,0,,,4,,,130,Sound,,,
0,FORT,,1,1777024441.638954,93.37,Game,1,Predictable,45.5,0,,,4,,,130,Sound,,,
0,FORT,,1,1777024441.638954,93.38,Game,1,Predictable,45.51,0,,,4,,,130,Sound,,,
0,FORT,,1,1777024441.638954,93.39,Game,1,Predictable,45.52,0,,,4,,,130,Sound,,,
0,FORT,,1,1777024441.638954,93.4,Game,1,Predictable,45.53,0,,,4,,,130,Sound,,,
0,FORT,,1,1777024441.638954,93.4,Game,1,Predictable,45.54,0,,,4,,,130,Sound,,,
0,FORT,,1,1777024441.638954,93.41,Game,1,Predictable,45.54,0,,,4,,,130,Sound,,,
0,FORT,,1,1777024441.638954,93.42,Game,1,Predictable,45.55,0,,,4,,,130,Sound,,,
0,FORT,,1,1777024441.638954,93.43,Game,1,Predictable,45.56,0,,,4,,,130,Sound,,,
0,FORT,,1,1777024441.638954,93.44,Game,1,Predictable,45.57,0,,,4,,,130,Sound,,,
0,FORT,,1,1777024441.638954,93.44,Game,1,Predictable,45.58,0,,,4,,,130,Sound,,,
0,FORT,,1,1777024441.638954,93.45,Game,1,Predictable,45.58,0,,,4,,,130,Sound,,,
0,FORT,,1,1777024441.638954,93.46,Game,1,Predictable,45.59,0,,,4,,,130,Sound,,,
0,FORT,,1,1777024441.638954,93.47,Game,1,Predictable,45.6,0,,,4,,,130,Sound,,,
0,FORT,,1,1777024441.638954,93.48,Game,1,Predictable,45.61,0,,,4,,,130,Sound,,,
0,FORT,,1,1777024441.638954,93.49,Game,1,Predictable,45.62,0,,,4,,,130,Sound,,,
0,FORT,,1,1777024441.638954,93.49,Game,1,Predictable,45.63,0,,,4,,,130,Sound,,,
0,FORT,,1,1777024441.638954,93.5,Game,1,Predictable,45.63,0,,,4,,,130,Sound,,,
0,FORT,,1,1777024441.638954,93.51,Game,1,Predictable,45.64,0,,,4,,,130,Sound,,,
0,FORT,,1,1777024441.638954,93.52,Game,1,Predictable,45.65,0,,,4,,,130,Sound,,,
0,FORT,,1,1777024441.638954,93.53,Game,1,Predictable,45.66,0,,,4,,,130,Sound,,,
0,FORT,,1,1777024441.638954,93.54,Game,1,Predictable,45.67,0,,,4,,,130,Sound,,,
0,FORT,,1,1777024441.638954,93.54,Game,1,Predictable,45.68,0,,,4,,,130,Sound,,,
0,FORT,,1,1777024441.638954,93.55,Game,1,Predictable,45.68,0,,,4,,,130,Sound,,,
0,FORT,,1,1777024441.638954,93.56,Game,1,Predictable,45.69,0,,,4,,,130,Sound,,,
0,FORT,,1,1777024441.638954,93.57,Game,1,Predictable,45.7,0,,,4,,,130,Sound,,,
0,FORT,,1,1777024441.638954,93.58,Game,1,Predictable,45.71,0,,,4,,,130,Sound,,,
0,FORT,,1,1777024441.638954,93.59,Game,1,Predictable,45.72,0,,,4,,,130,Sound,,,
0,FORT,,1,1777024441.638954,93.6,Game,1,Predictable,45.73,0,,,4,,,130,Sound,,,
0,FORT,,1,1777024441.638954,93.6,Game,1,Predictable,45.74,0,,,4,,,130,Sound,,,
0,FORT,,1,1777024441.638954,93.61,Game,1,Predictable,45.74,0,,,4,,,130,Sound,,,
0,FORT,,1,1777024441.638954,93.62,Game,1,Predictable,45.75,0,,,4,,,130,Sound,,,
0,FORT,,1,1777024441.638954,93.63,Game,1,Predictable,45.76,0,,,4,,,130,Sound,,,
0,FORT,,1,1777024441.638954,93.64,Game,1,Predictable,45.77,0,,,4,,,130,Sound,,,
0,FORT,,1,1777024441.638954,93.65,Game,1,Predictable,45.78,0,,,4,,,130,Sound,,,
0,FORT,,1,1777024441.638954,93.65,Game,1,Predictable,45.79,0,,,4,,,130,Sound,,,
0,FORT,,1,1777024441.638954,93.66,Game,1,Predictable,45.79,0,,,4,,,130,Sound,,,
0,FORT,,1,1777024441.638954,93.67,Game,1,Predictable,45.8,0,,,4,,,130,Sound,,,
0,FORT,,1,1777024441.638954,93.68,Game,1,Predictable,45.81,0,,,4,,,130,Sound,,,
0,FORT,,1,1777024441.638954,93.69,Game,1,Predictable,45.82,0,,,4,,,130,Sound,,,
0,FORT,,1,1777024441.638954,93.7,Game,1,Predictable,45.83,0,,,4,,,130,Sound,,,
0,FORT,,1,1777024441.638954,93.7,Game,1,Predictable,45.84,0,,,4,,,130,Sound,,,
0,FORT,,1,1777024441.638954,93.73,Game,1,Predictable,45.84,0,,,4,,,130,Sound,,,
0,FORT,,1,1777024441.638954,93.75,Game,1,Predictable,45.87,0,,,4,,,130,Sound,,,
0,FORT,,1,1777024441.638954,93.75,Game,1,Predictable,45.89,0,,,4,,,130,Sound,,,
0,FORT,,1,1777024441.638954,93.76,Game,1,Predictable,45.89,0,,,4,,,130,Sound,,,
0,FORT,,1,1777024441.638954,93.77,Game,1,Predictable,45.9,0,,,4,,,130,Sound,,,
0,FORT,,1,1777024441.638954,93.78,Game,1,Predictable,45.91,0,,,4,,,130,Sound,,,
0,FORT,,1,1777024441.638954,93.79,Game,1,Predictable,45.92,0,,,4,,,130,Sound,,,
0,FORT,,1,1777024441.638954,93.79,Game,1,Predictable,45.93,0,,,4,,,130,Sound,,,
0,FORT,,1,1777024441.638954,93.8,Game,1,Predictable,45.93,0,,,4,,,130,Sound,,,
0,FORT,,1,1777024441.638954,93.81,Game,1,Predictable,45.94,0,,,4,,,130,Sound,,,
0,FORT,,1,1777024441.638954,93.82,Game,1,Predictable,45.95,0,,,4,,,130,Sound,,,
0,FORT,,1,1777024441.638954,93.83,Game,1,Predictable,45.96,0,,,4,,,130,Sound,,,
0,FORT,,1,1777024441.638954,93.84,Game,1,Predictable,45.97,0,,,4,,,130,Sound,,,
0,FORT,,1,1777024441.638954,93.85,Game,1,Predictable,45.98,0,,,4,,,130,Sound,,,
0,FORT,,1,1777024441.638954,93.85,Game,1,Predictable,45.99,0,,,4,,,130,Sound,,,
0,FORT,,1,1777024441.638954,93.86,Game,1,Predictable,45.99,0,,,4,,,130,Sound,,,
0,FORT,,1,1777024441.638954,93.87,Game,1,Predictable,46.0,0,,,4,,,130,Sound,,,
0,FORT,,1,1777024441.638954,93.9,Game,1,Predictable,46.01,0,,,4,,,130,Sound,,,
0,FORT,,1,1777024441.638954,93.91,Game,1,Predictable,46.04,0,,,4,,,130,Sound,,,
0,FORT,,1,1777024441.638954,93.92,Game,1,Predictable,46.05,0,,,4,,,130,Sound,,,
0,FORT,,1,1777024441.638954,93.93,Game,1,Predictable,46.06,0,,,4,,,130,Sound,,,
0,FORT,,1,1777024441.638954,93.94,Game,1,Predictable,46.07,0,,,4,,,130,Sound,,,
0,FORT,,1,1777024441.638954,93.95,Game,1,Predictable,46.08,0,,,4,,,130,Sound,,,
0,FORT,,1,1777024441.638954,93.95,Game,1,Predictable,46.09,0,,,4,,,130,Sound,,,
0,FORT,,1,1777024441.638954,93.96,Game,1,Predictable,46.09,0,,,4,,,130,Sound,,,
0,FORT,,1,1777024441.638954,93.97,Game,1,Predictable,46.1,0,,,4,,,130,Sound,,,
0,FORT,,1,1777024441.638954,93.98,Game,1,Predictable,46.11,0,,,4,,,130,Sound,,,
0,FORT,,1,1777024441.638954,93.99,Game,1,Predictable,46.12,0,,,4,,,130,Sound,,,
0,FORT,,1,1777024441.638954,93.99,Game,1,Predictable,46.13,0,,,4,,,130,Sound,,,
0,FORT,,1,1777024441.638954,94.0,Game,1,Predictable,46.13,0,,,4,,,130,Sound,,,
0,FORT,,1,1777024441.638954,94.01,Game,1,Predictable,46.14,0,,,4,,,130,Sound,,,
0,FORT,,1,1777024441.638954,94.02,Game,1,Predictable,46.15,0,,,4,,,130,Sound,,,
0,FORT,,1,1777024441.638954,94.03,Game,1,Predictable,46.16,0,,,4,,,130,Sound,,,
0,FORT,,1,1777024441.638954,94.04,Game,1,Predictable,46.17,0,,,4,,,130,Sound,,,
0,FORT,,1,1777024441.638954,94.05,Game,1,Predictable,46.18,0,,,4,,,130,Sound,,,
0,FORT,,1,1777024441.638954,94.05,Game,1,Predictable,46.19,0,,,4,,,130,Sound,,,
0,FORT,,1,1777024441.638954,94.06,Game,1,Predictable,46.19,0,,,4,,,130,Sound,,,
0,FORT,,1,1777024441.638954,94.07,Game,1,Predictable,46.2,0,,,4,,,130,Sound,,,
0,FORT,,1,1777024441.638954,94.08,Game,1,Predictable,46.21,0,,,4,,,130,Sound,,,
0,FORT,,1,1777024441.638954,94.09,Game,1,Predictable,46.22,0,,,4,,,130,Sound,,,
0,FORT,,1,1777024441.638954,94.1,Game,1,Predictable,46.23,0,,,4,,,130,Sound,,,
0,FORT,,1,1777024441.638954,94.1,Game,1,Predictable,46.24,0,,,4,,,130,Sound,,,
0,FORT,,1,1777024441.638954,94.11,Game,1,Predictable,46.24,0,,,4,,,130,Sound,,,
0,FORT,,1,1777024441.638954,94.12,Game,1,Predictable,46.25,0,,,4,,,130,Sound,,,
0,FORT,,1,1777024441.638954,94.13,Game,1,Predictable,46.26,0,,,4,,,130,Sound,,,
0,FORT,,1,1777024441.638954,94.14,Game,1,Predictable,46.27,0,,,4,,,130,Sound,,,
0,FORT,,1,1777024441.638954,94.14,Game,1,Predictable,46.28,0,,,4,,,130,Sound,,,
0,FORT,,1,1777024441.638954,94.15,Game,1,Predictable,46.28,0,,,4,,,130,Sound,,,
0,FORT,,1,1777024441.638954,94.16,Game,1,Predictable,46.29,0,,,4,,,130,Sound,,,
0,FORT,,1,1777024441.638954,94.17,Game,1,Predictable,46.3,0,,,4,,,130,Sound,,,
0,FORT,,1,1777024441.638954,94.18,Game,1,Predictable,46.31,0,,,4,,,130,Sound,,,
0,FORT,,1,1777024441.638954,94.19,Game,1,Predictable,46.32,0,,,4,,,130,Sound,,,
0,FORT,,1,1777024441.638954,94.2,Game,1,Predictable,46.33,0,,,4,,,130,Sound,,,
0,FORT,,1,1777024441.638954,94.2,Game,1,Predictable,46.34,0,,,4,,,130,Sound,,,
0,FORT,,1,1777024441.638954,94.21,Game,1,Predictable,46.34,0,,,4,,,130,Sound,,,
0,FORT,,1,1777024441.638954,94.22,Game,1,Predictable,46.35,0,,,4,,,130,Sound,,,
0,FORT,,1,1777024441.638954,94.23,Game,1,Predictable,46.36,0,,,4,,,130,Sound,,,
0,FORT,,1,1777024441.638954,94.24,Game,1,Predictable,46.37,0,,,4,,,130,Sound,,,
0,FORT,,1,1777024441.638954,94.24,Game,1,Predictable,46.38,0,,,4,,,130,Sound,,,
0,FORT,,1,1777024441.638954,94.25,Game,1,Predictable,46.38,0,,,4,,,130,Sound,,,
0,FORT,,1,1777024441.638954,94.26,Game,1,Predictable,46.39,0,,,4,,,130,Sound,,,
0,FORT,,1,1777024441.638954,94.27,Game,1,Predictable,46.4,0,,,4,,,130,Sound,,,
0,FORT,,1,1777024441.638954,94.28,Game,1,Predictable,46.41,0,,,4,,,130,Sound,,,
0,FORT,,1,1777024441.638954,94.29,Game,1,Predictable,46.42,0,,,4,,,130,Sound,,,
0,FORT,,1,1777024441.638954,94.3,Game,1,Predictable,46.43,0,,,4,,,130,Sound,,,
0,FORT,,1,1777024441.638954,94.3,Game,1,Predictable,46.44,0,,,4,,,130,Sound,,,
0,FORT,,1,1777024441.638954,94.33,Game,1,Predictable,46.44,0,,,4,,,130,Sound,,,
0,FORT,,1,1777024441.638954,94.35,Game,1,Predictable,46.47,0,,,4,,,130,Sound,,,
0,FORT,,1,1777024441.638954,94.35,Game,1,Predictable,46.49,0,,,4,,,130,Sound,,,
0,FORT,,1,1777024441.638954,94.36,Game,1,Predictable,46.49,0,,,4,,,130,Sound,,,
0,FORT,,1,1777024441.638954,94.37,Game,1,Predictable,46.5,0,,,4,,,130,Sound,,,
0,FORT,,1,1777024441.638954,94.38,Game,1,Predictable,46.51,0,,,4,,,130,Sound,,,
0,FORT,,1,1777024441.638954,94.4,Game,1,Predictable,46.52,0,,,4,,,130,Sound,,,
0,FORT,,1,1777024441.638954,94.4,Game,1,Predictable,46.54,0,,,4,,,130,Sound,,,
0,FORT,,1,1777024441.638954,94.41,Game,1,Predictable,46.54,0,,,4,,,130,Sound,,,
0,FORT,,1,1777024441.638954,94.42,Game,1,Predictable,46.55,0,,,4,,,130,Sound,,,
0,FORT,,1,1777024441.638954,94.43,Game,1,Predictable,46.56,0,,,4,,,130,Sound,,,
0,FORT,,1,1777024441.638954,94.44,Game,1,Predictable,46.57,0,,,4,,,130,Sound,,,
0,FORT,,1,1777024441.638954,94.44,Game,1,Predictable,46.58,0,,,4,,,130,Sound,,,
0,FORT,,1,1777024441.638954,94.45,Game,1,Predictable,46.59,0,,,4,,,130,Sound,,,
0,FORT,,1,1777024441.638954,94.46,Game,1,Predictable,46.59,0,,,4,,,130,Sound,,,
0,FORT,,1,1777024441.638954,94.47,Game,1,Predictable,46.6,0,,,4,,,130,Sound,,,
0,FORT,,1,1777024441.638954,94.48,Game,1,Predictable,46.61,0,,,4,,,130,Sound,,,
0,FORT,,1,1777024441.638954,94.49,Game,1,Predictable,46.62,0,,,4,,,130,Sound,,,
0,FORT,,1,1777024441.638954,94.49,Game,1,Predictable,46.63,0,,,4,,,130,Sound,,,
0,FORT,,1,1777024441.638954,94.5,Game,1,Predictable,46.64,0,,,4,,,130,Sound,,,
0,FORT,,1,1777024441.638954,94.51,Game,1,Predictable,46.64,0,,,4,,,130,Sound,,,
0,FORT,,1,1777024441.638954,94.52,Game,1,Predictable,46.65,0,,,4,,,130,Sound,,,
0,FORT,,1,1777024441.638954,94.53,Game,1,Predictable,46.66,0,,,4,,,130,Sound,,,
0,FORT,,1,1777024441.638954,94.54,Game,1,Predictable,46.67,0,,,4,,,130,Sound,,,
0,FORT,,1,1777024441.638954,94.54,Game,1,Predictable,46.68,0,,,4,,,130,Sound,,,
0,FORT,,1,1777024441.638954,94.55,Game,1,Predictable,46.69,0,,,4,,,130,Sound,,,
0,FORT,,1,1777024441.638954,94.56,Game,1,Predictable,46.69,0,,,4,,,130,Sound,,,
0,FORT,,1,1777024441.638954,94.57,Game,1,Predictable,46.7,0,,,4,,,130,Sound,,,
0,FORT,,1,1777024441.638954,94.58,Game,1,Predictable,46.71,0,,,4,,,130,Sound,,,
0,FORT,,1,1777024441.638954,94.59,Game,1,Predictable,46.72,0,,,4,,,130,Sound,,,
0,FORT,,1,1777024441.638954,94.59,Game,1,Predictable,46.73,0,,,4,,,130,Sound,,,
0,FORT,,1,1777024441.638954,94.6,Game,1,Predictable,46.74,0,,,4,,,130,Sound,,,
0,FORT,,1,1777024441.638954,94.61,Game,1,Predictable,46.74,0,,,4,,,130,Sound,,,
0,FORT,,1,1777024441.638954,94.62,Game,1,Predictable,46.75,0,,,4,,,130,Sound,,,
0,FORT,,1,1777024441.638954,94.63,Game,1,Predictable,46.76,0,,,4,,,130,Sound,,,
0,FORT,,1,1777024441.638954,94.64,Game,1,Predictable,46.77,0,,,4,,,130,Sound,,,
0,FORT,,1,1777024441.638954,94.64,Game,1,Predictable,46.78,0,,,4,,,130,Sound,,,
0,FORT,,1,1777024441.638954,94.65,Game,1,Predictable,46.79,0,,,4,,,130,Sound,,,
0,FORT,,1,1777024441.638954,94.66,Game,1,Predictable,46.79,0,,,4,,,130,Sound,,,
0,FORT,,1,1777024441.638954,94.67,Game,1,Predictable,46.8,0,,,4,,,130,Sound,,,
0,FORT,,1,1777024441.638954,94.68,Game,1,Predictable,46.81,0,,,4,,,130,Sound,,,
0,FORT,,1,1777024441.638954,94.69,Game,1,Predictable,46.82,0,,,4,,,130,Sound,,,
0,FORT,,1,1777024441.638954,94.7,Game,1,Predictable,46.83,0,,,4,,,130,Sound,,,
0,FORT,,1,1777024441.638954,94.7,Game,1,Predictable,46.84,0,,,4,,,130,Sound,,,
0,FORT,,1,1777024441.638954,94.71,Game,1,Predictable,46.84,0,,,4,,,130,Sound,,,
0,FORT,,1,1777024441.638954,94.72,Game,1,Predictable,46.85,0,,,4,,,130,Sound,,,
0,FORT,,1,1777024441.638954,94.75,Game,1,Predictable,46.86,0,,,4,,,130,Sound,,,
0,FORT,,1,1777024441.638954,94.76,Game,1,Predictable,46.89,0,,,4,,,130,Sound,,,
0,FORT,,1,1777024441.638954,94.77,Game,1,Predictable,46.9,0,,,4,,,130,Sound,,,
0,FORT,,1,1777024441.638954,94.78,Game,1,Predictable,46.91,0,,,4,,,130,Sound,,,
0,FORT,,1,1777024441.638954,94.79,Game,1,Predictable,46.92,0,,,4,,,130,Sound,,,
0,FORT,,1,1777024441.638954,94.79,Game,1,Predictable,46.93,0,,,4,,,130,Sound,,,
0,FORT,,1,1777024441.638954,94.8,Game,1,Predictable,46.94,0,,,4,,,130,Sound,,,
0,FORT,,1,1777024441.638954,94.81,Game,1,Predictable,46.94,0,,,4,,,130,Sound,,,
0,FORT,,1,1777024441.638954,94.82,Game,1,Predictable,46.95,0,,,4,,,130,Sound,,,
0,FORT,,1,1777024441.638954,94.83,Game,1,Predictable,46.96,0,,,4,,,130,Sound,,,
0,FORT,,1,1777024441.638954,94.84,Game,1,Predictable,46.97,0,,,4,,,130,Sound,,,
0,FORT,,1,1777024441.638954,94.86,Game,1,Predictable,46.98,0,,,4,,,130,Sound,,,
0,FORT,,1,1777024441.638954,94.88,Game,1,Predictable,47.0,0,,,4,,,130,Sound,,,
0,FORT,,1,1777024441.638954,94.89,Game,1,Predictable,47.02,0,,,4,,,130,Sound,,,
0,FORT,,1,1777024441.638954,94.9,Game,1,Predictable,47.03,0,,,4,,,130,Sound,,,
0,FORT,,1,1777024441.638954,94.9,Game,1,Predictable,47.04,0,,,4,,,130,Sound,,,
0,FORT,,1,1777024441.638954,94.93,Game,1,Predictable,47.04,0,,,4,,,130,Sound,,,
0,FORT,,1,1777024441.638954,94.95,Game,1,Predictable,47.07,0,,,4,,,130,Sound,,,
0,FORT,,1,1777024441.638954,94.95,Game,1,Predictable,47.09,0,,,4,,,130,Sound,,,
0,FORT,,1,1777024441.638954,94.98,Game,1,Predictable,47.09,0,,,4,,,130,Sound,,,
0,FORT,,1,1777024441.638954,94.99,Game,1,Predictable,47.12,0,,,4,,,130,Sound,,,
0,FORT,,1,1777024441.638954,95.01,Game,1,Predictable,47.13,0,,,4,,,130,Sound,,,
0,FORT,,1,1777024441.638954,95.03,Game,1,Predictable,47.15,0,,,4,,,130,Sound,,,
0,FORT,,1,1777024441.638954,95.04,Game,1,Predictable,47.17,0,,,4,,,130,Sound,,,
0,FORT,,1,1777024441.638954,95.06,Game,1,Predictable,47.18,0,,,4,,,130,Sound,,,
0,FORT,,1,1777024441.638954,95.08,Game,1,Predictable,47.2,0,,,4,,,130,Sound,,,
0,FORT,,1,1777024441.638954,95.09,Game,1,Predictable,47.22,0,,,4,,,130,Sound,,,
0,FORT,,1,1777024441.638954,95.11,Game,1,Predictable,47.23,0,,,4,,,130,Sound,,,
0,FORT,,1,1777024441.638954,95.13,Game,1,Predictable,47.25,0,,,4,,,130,Sound,,,
0,FORT,,1,1777024441.638954,95.14,Game,1,Predictable,47.27,0,,,4,,,130,Sound,,,
0,FORT,,1,1777024441.638954,95.16,Game,1,Predictable,47.28,0,,,4,,,130,Sound,,,
0,FORT,,1,1777024441.638954,95.18,Game,1,Predictable,47.3,0,,,4,,,130,Sound,,,
0,FORT,,1,1777024441.638954,95.19,Game,1,Predictable,47.32,0,,,4,,,130,Sound,,,
0,FORT,,1,1777024441.638954,95.21,Game,1,Predictable,47.33,0,,,4,,,130,Sound,,,
0,FORT,,1,1777024441.638954,95.23,Game,1,Predictable,47.35,0,,,4,,,130,Sound,,,
0,FORT,,1,1777024441.638954,95.24,Game,1,Predictable,47.37,0,,,4,,,130,Sound,,,
0,FORT,,1,1777024441.638954,95.26,Game,1,Predictable,47.38,0,,,4,,,130,Sound,,,
0,FORT,,1,1777024441.638954,95.28,Game,1,Predictable,47.4,0,,,4,,,130,Sound,,,
0,FORT,,1,1777024441.638954,95.29,Game,1,Predictable,47.42,0,,,4,,,130,Sound,,,
0,FORT,,1,1777024441.638954,95.31,Game,1,Predictable,47.43,0,,,4,,,130,Sound,,,
0,FORT,,1,1777024441.638954,95.33,Game,1,Predictable,47.45,0,,,4,,,130,Sound,,,
0,FORT,,1,1777024441.638954,95.34,Game,1,Predictable,47.47,0,,,4,,,130,Sound,,,
0,FORT,,1,1777024441.638954,95.36,Game,1,Predictable,47.48,0,,,4,,,130,Sound,,,
0,FORT,,1,1777024441.638954,95.38,Game,1,Predictable,47.5,0,,,4,,,130,Sound,,,
0,FORT,,1,1777024441.638954,95.39,Game,1,Predictable,47.52,0,,,4,,,130,Sound,,,
0,FORT,,1,1777024441.638954,95.41,Game,1,Predictable,47.53,0,,,4,,,130,Sound,,,
0,FORT,,1,1777024441.638954,95.43,Game,1,Predictable,47.55,0,,,4,,,130,Sound,,,
0,FORT,,1,1777024441.638954,95.44,Game,1,Predictable,47.57,0,,,4,,,130,Sound,,,
0,FORT,,1,1777024441.638954,95.46,Game,1,Predictable,47.58,0,,,4,,,130,Sound,,,
0,FORT,,1,1777024441.638954,95.48,Game,1,Predictable,47.6,0,,,4,,,130,Sound,,,
0,FORT,,1,1777024441.638954,95.49,Game,1,Predictable,47.62,0,,,4,,,130,Sound,,,
0,FORT,,1,1777024441.638954,95.51,Game,1,Predictable,47.63,0,,,4,,,130,Sound,,,
0,FORT,,1,1777024441.638954,95.53,Game,1,Predictable,47.65,0,,,4,,,130,Sound,,,
0,FORT,,1,1777024441.638954,95.54,Game,1,Predictable,47.67,0,,,4,,,130,Sound,,,
0,FORT,,1,1777024441.638954,95.55,Game,1,Predictable,47.68,0,,,4,,,130,Sound,,,
0,FORT,,1,1777024441.638954,95.56,Game,1,Predictable,47.69,0,,,4,,,130,Sound,,,
0,FORT,,1,1777024441.638954,95.57,Game,1,Predictable,47.7,0,,,4,,,130,Sound,,,
0,FORT,,1,1777024441.638954,95.6,Game,1,Predictable,47.71,0,,,4,,,130,Sound,,,
0,FORT,,1,1777024441.638954,95.61,Game,1,Predictable,47.74,0,,,4,,,130,Sound,,,
0,FORT,,1,1777024441.638954,95.62,Game,1,Predictable,47.75,0,,,4,,,130,Sound,,,
0,FORT,,1,1777024441.638954,95.63,Game,1,Predictable,47.76,0,,,4,,,130,Sound,,,
0,FORT,,1,1777024441.638954,95.64,Game,1,Predictable,47.77,0,,,4,,,130,Sound,,,
0,FORT,,1,1777024441.638954,95.64,Game,1,Predictable,47.78,0,,,4,,,130,Sound,,,
0,FORT,,1,1777024441.638954,95.65,Game,1,Predictable,47.79,0,,,4,,,130,Sound,,,
0,FORT,,1,1777024441.638954,95.66,Game,1,Predictable,47.79,0,,,4,,,130,Sound,,,
0,FORT,,1,1777024441.638954,95.67,Game,1,Predictable,47.8,0,,,4,,,130,Sound,,,
0,FORT,,1,1777024441.638954,95.7,Game,1,Predictable,47.81,0,,,4,,,130,Sound,,,
0,FORT,,1,1777024441.638954,95.71,Game,1,Predictable,47.84,0,,,4,,,130,Sound,,,
0,FORT,,1,1777024441.638954,95.72,Game,1,Predictable,47.85,0,,,4,,,130,Sound,,,
0,FORT,,1,1777024441.638954,95.73,Game,1,Predictable,47.86,0,,,4,,,130,Sound,,,
0,FORT,,1,1777024441.638954,95.74,Game,1,Predictable,47.87,0,,,4,,,130,Sound,,,
0,FORT,,1,1777024441.638954,95.76,Game,1,Predictable,47.88,0,,,4,,,130,Sound,,,
0,FORT,,1,1777024441.638954,95.78,Game,1,Predictable,47.9,0,,,4,,,130,Sound,,,
0,FORT,,1,1777024441.638954,95.79,Game,1,Predictable,47.92,0,,,4,,,130,Sound,,,
0,FORT,,1,1777024441.638954,95.8,Game,1,Predictable,47.93,0,,,4,,,130,Sound,,,
0,FORT,,1,1777024441.638954,95.8,Game,1,Predictable,47.94,0,,,4,,,130,Sound,,,
0,FORT,,1,1777024441.638954,95.84,Game,1,Predictable,47.94,0,,,4,,,130,Sound,,,
0,FORT,,1,1777024441.638954,95.86,Game,1,Predictable,47.98,0,,,4,,,130,Sound,,,
0,FORT,,1,1777024441.638954,95.88,Game,1,Predictable,48.0,0,,,4,,,130,Sound,,,
0,FORT,,1,1777024441.638954,95.89,Game,1,Predictable,48.02,0,,,4,,,130,Sound,,,
0,FORT,,1,1777024441.638954,95.9,Game,1,Predictable,48.03,0,,,4,,,130,Sound,,,
0,FORT,,1,1777024441.638954,95.91,Game,1,Predictable,48.04,0,,,4,,,130,Sound,,,
0,FORT,,1,1777024441.638954,95.92,Game,1,Predictable,48.05,0,,,4,,,130,Sound,,,
0,FORT,,1,1777024441.638954,95.93,Game,1,Predictable,48.06,0,,,4,,,130,Sound,,,
0,FORT,,1,1777024441.638954,95.95,Game,1,Predictable,48.07,0,,,4,,,130,Sound,,,
0,FORT,,1,1777024441.638954,95.95,Game,1,Predictable,48.09,0,,,4,,,130,Sound,,,
0,FORT,,1,1777024441.638954,95.98,Game,1,Predictable,48.09,0,,,4,,,130,Sound,,,
0,FORT,,1,1777024441.638954,96.0,Game,1,Predictable,48.12,0,,,4,,,130,Sound,,,
0,FORT,,1,1777024441.638954,96.0,Game,1,Predictable,48.14,0,,,4,,,130,Sound,,,
0,FORT,,1,1777024441.638954,96.03,Game,1,Predictable,48.14,0,,,4,,,130,Sound,,,
0,FORT,,1,1777024441.638954,96.05,Game,1,Predictable,48.17,0,,,4,,,130,Sound,,,
0,FORT,,1,1777024441.638954,96.05,Game,1,Predictable,48.19,0,,,4,,,130,Sound,,,
0,FORT,,1,1777024441.638954,96.06,Game,1,Predictable,48.19,0,,,4,,,130,Sound,,,
0,FORT,,1,1777024441.638954,96.08,Game,1,Predictable,48.2,0,,,4,,,130,Sound,,,
0,FORT,,1,1777024441.638954,96.09,Game,1,Predictable,48.22,0,,,4,,,130,Sound,,,
0,FORT,,1,1777024441.638954,96.11,Game,1,Predictable,48.23,0,,,4,,,130,Sound,,,
0,FORT,,1,1777024441.638954,96.13,Game,1,Predictable,48.25,0,,,4,,,130,Sound,,,
0,FORT,,1,1777024441.638954,96.14,Game,1,Predictable,48.27,0,,,4,,,130,Sound,,,
0,FORT,,1,1777024441.638954,96.16,Game,1,Predictable,48.28,0,,,4,,,130,Sound,,,
0,FORT,,1,1777024441.638954,96.18,Game,1,Predictable,48.3,0,,,4,,,130,Sound,,,
0,FORT,,1,1777024441.638954,96.19,Game,1,Predictable,48.32,0,,,4,,,130,Sound,,,
0,FORT,,1,1777024441.638954,96.21,Game,1,Predictable,48.33,0,,,4,,,130,Sound,,,
0,FORT,,1,1777024441.638954,96.23,Game,1,Predictable,48.35,0,,,4,,,130,Sound,,,
0,FORT,,1,1777024441.638954,96.24,Game,1,Predictable,48.37,0,,,4,,,130,Sound,,,
0,FORT,,1,1777024441.638954,96.25,Game,1,Predictable,48.38,0,,,4,,,130,Sound,,,
0,FORT,,1,1777024441.638954,96.26,Game,1,Predictable,48.39,0,,,4,,,130,Sound,,,
0,FORT,,1,1777024441.638954,96.27,Game,1,Predictable,48.4,0,,,4,,,130,Sound,,,
0,FORT,,1,1777024441.638954,96.3,Game,1,Predictable,48.41,0,,,4,,,130,Sound,,,
0,FORT,,1,1777024441.638954,96.31,Game,1,Predictable,48.44,0,,,4,,,130,Sound,,,
0,FORT,,1,1777024441.638954,96.32,Game,1,Predictable,48.45,0,,,4,,,130,Sound,,,
0,FORT,,1,1777024441.638954,96.35,Game,1,Predictable,48.46,0,,,4,,,130,Sound,,,
0,FORT,,1,1777024441.638954,96.36,Game,1,Predictable,48.49,0,,,4,,,130,Sound,,,
0,FORT,,1,1777024441.638954,96.37,Game,1,Predictable,48.5,0,,,4,,,130,Sound,,,
0,FORT,,1,1777024441.638954,96.38,Game,1,Predictable,48.51,0,,,4,,,130,Sound,,,
0,FORT,,1,1777024441.638954,96.4,Game,1,Predictable,48.52,0,,,4,,,130,Sound,,,
0,FORT,,1,1777024441.638954,96.4,Game,1,Predictable,48.54,0,,,4,,,130,Sound,,,
0,FORT,,1,1777024441.638954,96.43,Game,1,Predictable,48.54,0,,,4,,,130,Sound,,,
0,FORT,,1,1777024441.638954,96.45,Game,1,Predictable,48.57,0,,,4,,,130,Sound,,,
0,FORT,,1,1777024441.638954,96.45,Game,1,Predictable,48.59,0,,,4,,,130,Sound,,,
0,FORT,,1,1777024441.638954,96.48,Game,1,Predictable,48.59,0,,,4,,,130,Sound,,,
0,FORT,,1,1777024441.638954,96.5,Game,1,Predictable,48.62,0,,,4,,,130,Sound,,,
0,FORT,,1,1777024441.638954,96.5,Game,1,Predictable,48.64,0,,,4,,,130,Sound,,,
0,FORT,,1,1777024441.638954,96.53,Game,1,Predictable,48.64,0,,,4,,,130,Sound,,,
0,FORT,,1,1777024441.638954,96.55,Game,1,Predictable,48.67,0,,,4,,,130,Sound,,,
0,FORT,,1,1777024441.638954,96.55,Game,1,Predictable,48.69,0,,,4,,,130,Sound,,,
0,FORT,,1,1777024441.638954,96.58,Game,1,Predictable,48.69,0,,,4,,,130,Sound,,,
0,FORT,,1,1777024441.638954,96.6,Game,1,Predictable,48.72,0,,,4,,,130,Sound,,,
0,FORT,,1,1777024441.638954,96.6,Game,1,Predictable,48.74,0,,,4,,,130,Sound,,,
0,FORT,,1,1777024441.638954,96.63,Game,1,Predictable,48.74,0,,,4,,,130,Sound,,,
0,FORT,,1,1777024441.638954,96.65,Game,1,Predictable,48.77,0,,,4,,,130,Sound,,,
0,FORT,,1,1777024441.638954,96.65,Game,1,Predictable,48.79,0,,,4,,,130,Sound,,,
0,FORT,,1,1777024441.638954,96.68,Game,1,Predictable,48.79,0,,,4,,,130,Sound,,,
0,FORT,,1,1777024441.638954,96.7,Game,1,Predictable,48.82,0,,,4,,,130,Sound,,,
0,FORT,,1,1777024441.638954,96.7,Game,1,Predictable,48.84,0,,,4,,,130,Sound,,,
0,FORT,,1,1777024441.638954,96.73,Game,1,Predictable,48.84,0,,,4,,,130,Sound,,,
0,FORT,,1,1777024441.638954,96.75,Game,1,Predictable,48.87,0,,,4,,,130,Sound,,,
0,FORT,,1,1777024441.638954,96.75,Game,1,Predictable,48.89,0,,,4,,,130,Sound,,,
0,FORT,,1,1777024441.638954,96.78,Game,1,Predictable,48.89,0,,,4,,,130,Sound,,,
0,FORT,,1,1777024441.638954,96.8,Game,1,Predictable,48.92,0,,,4,,,130,Sound,,,
0,FORT,,1,1777024441.638954,96.8,Game,1,Predictable,48.94,0,,,4,,,130,Sound,,,
0,FORT,,1,1777024441.638954,96.83,Game,1,Predictable,48.94,0,,,4,,,130,Sound,,,
0,FORT,,1,1777024441.638954,96.85,Game,1,Predictable,48.97,0,,,4,,,130,Sound,,,
0,FORT,,1,1777024441.638954,96.85,Game,1,Predictable,48.99,0,,,4,,,130,Sound,,,
0,FORT,,1,1777024441.638954,96.88,Game,1,Predictable,48.99,0,,,4,,,130,Sound,,,
0,FORT,,1,1777024441.638954,96.9,Game,1,Predictable,49.02,0,,,4,,,130,Sound,,,
0,FORT,,1,1777024441.638954,96.9,Game,1,Predictable,49.04,0,,,4,,,130,Sound,,,
0,FORT,,1,1777024441.638954,96.93,Game,1,Predictable,49.04,0,,,4,,,130,Sound,,,
0,FORT,,1,1777024441.638954,96.95,Game,1,Predictable,49.07,0,,,4,,,130,Sound,,,
0,FORT,,1,1777024441.638954,96.95,Game,1,Predictable,49.09,0,,,4,,,130,Sound,,,
0,FORT,,1,1777024441.638954,96.98,Game,1,Predictable,49.09,0,,,4,,,130,Sound,,,
0,FORT,,1,1777024441.638954,97.0,Game,1,Predictable,49.12,0,,,4,,,130,Sound,,,
0,FORT,,1,1777024441.638954,97.0,Game,1,Predictable,49.14,0,,,4,,,130,Sound,,,
0,FORT,,1,1777024441.638954,97.03,Game,1,Predictable,49.14,0,,,4,,,130,Sound,,,
0,FORT,,1,1777024441.638954,97.05,Game,1,Predictable,49.17,0,,,4,,,130,Sound,,,
0,FORT,,1,1777024441.638954,97.05,Game,1,Predictable,49.19,0,,,4,,,130,Sound,,,
0,FORT,,1,1777024441.638954,97.08,Game,1,Predictable,49.19,0,,,4,,,130,Sound,,,
0,FORT,,1,1777024441.638954,97.1,Game,1,Predictable,49.22,0,,,4,,,130,Sound,,,
0,FORT,,1,1777024441.638954,97.1,Game,1,Predictable,49.24,0,,,4,,,130,Sound,,,
0,FORT,,1,1777024441.638954,97.13,Game,1,Predictable,49.24,0,,,4,,,130,Sound,,,
0,FORT,,1,1777024441.638954,97.15,Game,1,Predictable,49.27,0,,,4,,,130,Sound,,,
0,FORT,,1,1777024441.638954,97.15,Game,1,Predictable,49.29,0,,,4,,,130,Sound,,,
0,FORT,,1,1777024441.638954,97.18,Game,1,Predictable,49.29,0,,,4,,,130,Sound,,,
0,FORT,,1,1777024441.638954,97.2,Game,1,Predictable,49.32,0,,,4,,,130,Sound,,,
0,FORT,,1,1777024441.638954,97.2,Game,1,Predictable,49.34,0,,,4,,,130,Sound,,,
0,FORT,,1,1777024441.638954,97.21,Game,1,Predictable,49.34,0,,,4,,,130,Sound,,,
0,FORT,,1,1777024441.638954,97.23,Game,1,Predictable,49.35,0,,,4,,,130,Sound,,,
0,FORT,,1,1777024441.638954,97.24,Game,1,Predictable,49.37,0,,,4,,,130,Sound,,,
0,FORT,,1,1777024441.638954,97.25,Game,1,Predictable,49.38,0,,,4,,,130,Sound,,,
0,FORT,,1,1777024441.638954,97.26,Game,1,Predictable,49.39,0,,,4,,,130,Sound,,,
0,FORT,,1,1777024441.638954,97.27,Game,1,Predictable,49.4,0,,,4,,,130,Sound,,,
0,FORT,,1,1777024441.638954,97.3,Game,1,Predictable,49.41,0,,,4,,,130,Sound,,,
0,FORT,,1,1777024441.638954,97.31,Game,1,Predictable,49.44,0,,,4,,,130,Sound,,,
0,FORT,,1,1777024441.638954,97.32,Game,1,Predictable,49.45,0,,,4,,,130,Sound,,,
0,FORT,,1,1777024441.638954,97.35,Game,1,Predictable,49.46,0,,,4,,,130,Sound,,,
0,FORT,,1,1777024441.638954,97.36,Game,1,Predictable,49.49,0,,,4,,,130,Sound,,,
0,FORT,,1,1777024441.638954,97.37,Game,1,Predictable,49.5,0,,,4,,,130,Sound,,,
0,FORT,,1,1777024441.638954,97.38,Game,1,Predictable,49.51,0,,,4,,,130,Sound,,,
0,FORT,,1,1777024441.638954,97.4,Game,1,Predictable,49.52,0,,,4,,,130,Sound,,,
0,FORT,,1,1777024441.638954,97.4,Game,1,Predictable,49.54,0,,,4,,,130,Sound,,,
0,FORT,,1,1777024441.638954,97.43,Game,1,Predictable,49.54,0,,,4,,,130,Sound,,,
0,FORT,,1,1777024441.638954,97.45,Game,1,Predictable,49.57,0,,,4,,,130,Sound,,,
0,FORT,,1,1777024441.638954,97.45,Game,1,Predictable,49.59,0,,,4,,,130,Sound,,,
0,FORT,,1,1777024441.638954,97.46,Game,1,Predictable,49.59,0,,,4,,,130,Sound,,,
0,FORT,,1,1777024441.638954,97.48,Game,1,Predictable,49.6,0,,,4,,,130,Sound,,,
0,FORT,,1,1777024441.638954,97.49,Game,1,Predictable,49.62,0,,,4,,,130,Sound,,,
0,FORT,,1,1777024441.638954,97.51,Game,1,Predictable,49.63,0,,,4,,,130,Sound,,,
0,FORT,,1,1777024441.638954,97.53,Game,1,Predictable,49.65,0,,,4,,,130,Sound,,,
0,FORT,,1,1777024441.638954,97.54,Game,1,Predictable,49.67,0,,,4,,,130,Sound,,,
0,FORT,,1,1777024441.638954,97.56,Game,1,Predictable,49.68,0,,,4,,,130,Sound,,,
0,FORT,,1,1777024441.638954,97.58,Game,1,Predictable,49.7,0,,,4,,,130,Sound,,,
0,FORT,,1,1777024441.638954,97.59,Game,1,Predictable,49.72,0,,,4,,,130,Sound,,,
0,FORT,,1,1777024441.638954,97.61,Game,1,Predictable,49.73,0,,,4,,,130,Sound,,,
0,FORT,,1,1777024441.638954,97.63,Game,1,Predictable,49.75,0,,,4,,,130,Sound,,,
0,FORT,,1,1777024441.638954,97.64,Game,1,Predictable,49.77,0,,,4,,,130,Sound,,,
0,FORT,,1,1777024441.638954,97.65,Game,1,Predictable,49.78,0,,,4,,,130,Sound,,,
0,FORT,,1,1777024441.638954,97.66,Game,1,Predictable,49.79,0,,,4,,,130,Sound,,,
0,FORT,,1,1777024441.638954,97.67,Game,1,Predictable,49.8,0,,,4,,,130,Sound,,,
0,FORT,,1,1777024441.638954,97.7,Game,1,Predictable,49.81,0,,,4,,,130,Sound,,,
0,FORT,,1,1777024441.638954,97.71,Game,1,Predictable,49.84,0,,,4,,,130,Sound,,,
0,FORT,,1,1777024441.638954,97.72,Game,1,Predictable,49.85,0,,,4,,,130,Sound,,,
0,FORT,,1,1777024441.638954,97.75,Game,1,Predictable,49.86,0,,,4,,,130,Sound,,,
0,FORT,,1,1777024441.638954,97.76,Game,1,Predictable,49.89,0,,,4,,,130,Sound,,,
0,FORT,,1,1777024441.638954,97.77,Game,1,Predictable,49.9,0,,,4,,,130,Sound,,,
0,FORT,,1,1777024441.638954,97.8,Game,1,Predictable,49.91,0,,,4,,,130,Sound,,,
0,FORT,,1,1777024441.638954,97.81,Game,1,Predictable,49.94,0,,,4,,,130,Sound,,,
0,FORT,,1,1777024441.638954,97.82,Game,1,Predictable,49.95,0,,,4,,,130,Sound,,,
0,FORT,,1,1777024441.638954,97.85,Game,1,Predictable,49.96,0,,,4,,,130,Sound,,,
0,FORT,,1,1777024441.638954,97.86,Game,1,Predictable,49.99,0,,,4,,,130,Sound,,,
0,FORT,,1,1777024441.638954,97.87,Game,1,Predictable,50.0,0,,,4,,,130,Sound,,,
0,FORT,,1,1777024441.638954,97.88,Game,1,Predictable,50.01,0,,,4,,,130,Sound,,,
0,FORT,,1,1777024441.638954,97.9,Game,1,Predictable,50.02,0,,,4,,,130,Sound,,,
0,FORT,,1,1777024441.638954,97.9,Game,1,Predictable,50.04,0,,,4,,,130,Sound,,,
0,FORT,,1,1777024441.638954,97.93,Game,1,Predictable,50.04,0,,,4,,,130,Sound,,,
0,FORT,,1,1777024441.638954,97.95,Game,1,Predictable,50.07,0,,,4,,,130,Sound,,,
0,FORT,,1,1777024441.638954,97.95,Game,1,Predictable,50.09,0,,,4,,,130,Sound,,,
0,FORT,,1,1777024441.638954,97.98,Game,1,Predictable,50.09,0,,,4,,,130,Sound,,,
0,FORT,,1,1777024441.638954,98.0,Game,1,Predictable,50.12,0,,,4,,,130,Sound,,,
0,FORT,,1,1777024441.638954,98.0,Game,1,Predictable,50.14,0,,,4,,,130,Sound,,,
0,FORT,,1,1777024441.638954,98.01,Game,1,Predictable,50.14,0,,,4,,,130,Sound,,,
0,FORT,,1,1777024441.638954,98.03,Game,1,Predictable,50.15,0,,,4,,,130,Sound,,,
0,FORT,,1,1777024441.638954,98.04,Game,1,Predictable,50.17,0,,,4,,,130,Sound,,,
0,FORT,,1,1777024441.638954,98.06,Game,1,Predictable,50.18,0,,,4,,,130,Sound,,,
0,FORT,,1,1777024441.638954,98.08,Game,1,Predictable,50.2,0,,,4,,,130,Sound,,,
0,FORT,,1,1777024441.638954,98.09,Game,1,Predictable,50.22,0,,,4,,,130,Sound,,,
0,FORT,,1,1777024441.638954,98.11,Game,1,Predictable,50.23,0,,,4,,,130,Sound,,,
0,FORT,,1,1777024441.638954,98.13,Game,1,Predictable,50.25,0,,,4,,,130,Sound,,,
0,FORT,,1,1777024441.638954,98.14,Game,1,Predictable,50.27,0,,,4,,,130,Sound,,,
0,FORT,,1,1777024441.638954,98.16,Game,1,Predictable,50.28,0,,,4,,,130,Sound,,,
0,FORT,,1,1777024441.638954,98.18,Game,1,Predictable,50.3,0,,,4,,,130,Sound,,,
0,FORT,,1,1777024441.638954,98.19,Game,1,Predictable,50.32,0,,,4,,,130,Sound,,,
0,FORT,,1,1777024441.638954,98.21,Game,1,Predictable,50.33,0,,,4,,,130,Sound,,,
0,FORT,,1,1777024441.638954,98.23,Game,1,Predictable,50.35,0,,,4,,,130,Sound,,,
0,FORT,,1,1777024441.638954,98.24,Game,1,Predictable,50.37,0,,,4,,,130,Sound,,,
0,FORT,,1,1777024441.638954,98.26,Game,1,Predictable,50.38,0,,,4,,,130,Sound,,,
0,FORT,,1,1777024441.638954,98.28,Game,1,Predictable,50.4,0,,,4,,,130,Sound,,,
0,FORT,,1,1777024441.638954,98.29,Game,1,Predictable,50.42,0,,,4,,,130,Sound,,,
0,FORT,,1,1777024441.638954,98.3,Game,1,Predictable,50.43,0,,,4,,,130,Sound,,,
0,FORT,,1,1777024441.638954,98.31,Game,1,Predictable,50.44,0,,,4,,,130,Sound,,,
0,FORT,,1,1777024441.638954,98.32,Game,1,Predictable,50.45,0,,,4,,,130,Sound,,,
0,FORT,,1,1777024441.638954,98.33,Game,1,Predictable,50.46,0,,,4,,,130,Sound,,,
0,FORT,,1,1777024441.638954,98.34,Game,1,Predictable,50.47,0,,,4,,,130,Sound,,,
0,FORT,,1,1777024441.638954,98.35,Game,1,Predictable,50.49,0,,,4,,,130,Sound,,,
0,FORT,,1,1777024441.638954,98.38,Game,1,Predictable,50.49,0,,,4,,,130,Sound,,,
0,FORT,,1,1777024441.638954,98.4,Game,1,Predictable,50.52,0,,,4,,,130,Sound,,,
0,FORT,,1,1777024441.638954,98.4,Game,1,Predictable,50.54,0,,,4,,,130,Sound,,,
0,FORT,,1,1777024441.638954,98.43,Game,1,Predictable,50.54,0,,,4,,,130,Sound,,,
0,FORT,,1,1777024441.638954,98.45,Game,1,Predictable,50.57,0,,,4,,,130,Sound,,,
0,FORT,,1,1777024441.638954,98.45,Game,1,Predictable,50.59,0,,,4,,,130,Sound,,,
0,FORT,,1,1777024441.638954,98.46,Game,1,Predictable,50.59,0,,,4,,,130,Sound,,,
0,FORT,,1,1777024441.638954,98.48,Game,1,Predictable,50.6,0,,,4,,,130,Sound,,,
0,FORT,,1,1777024441.638954,98.49,Game,1,Predictable,50.62,0,,,4,,,130,Sound,,,
0,FORT,,1,1777024441.638954,98.51,Game,1,Predictable,50.63,0,,,4,,,130,Sound,,,
0,FORT,,1,1777024441.638954,98.53,Game,1,Predictable,50.65,0,,,4,,,130,Sound,,,
0,FORT,,1,1777024441.638954,98.54,Game,1,Predictable,50.67,0,,,4,,,130,Sound,,,
0,FORT,,1,1777024441.638954,98.55,Game,1,Predictable,50.68,0,,,4,,,130,Sound,,,
0,FORT,,1,1777024441.638954,98.56,Game,1,Predictable,50.69,0,,,4,,,130,Sound,,,
0,FORT,,1,1777024441.638954,98.58,Game,1,Predictable,50.71,0,,,4,,,130,Sound,,,
0,FORT,,1,1777024441.638954,98.59,Game,1,Predictable,50.72,0,,,4,,,130,Sound,,,
0,FORT,,1,1777024441.638954,98.6,Game,1,Predictable,50.73,0,,,4,,,130,Sound,,,
0,FORT,,1,1777024441.638954,98.61,Game,1,Predictable,50.74,0,,,4,,,130,Sound,,,
0,FORT,,1,1777024441.638954,98.62,Game,1,Predictable,50.75,0,,,4,,,130,Sound,,,
0,FORT,,1,1777024441.638954,98.63,Game,1,Predictable,50.76,0,,,4,,,130,Sound,,,
0,FORT,,1,1777024441.638954,98.65,Game,1,Predictable,50.77,0,,,4,,,130,Sound,,,
0,FORT,,1,1777024441.638954,98.65,Game,1,Predictable,50.79,0,,,4,,,130,Sound,,,
0,FORT,,1,1777024441.638954,98.66,Game,1,Predictable,50.79,0,,,4,,,130,Sound,,,
0,FORT,,1,1777024441.638954,98.68,Game,1,Predictable,50.8,0,,,4,,,130,Sound,,,
0,FORT,,1,1777024441.638954,98.69,Game,1,Predictable,50.82,0,,,4,,,130,Sound,,,
0,FORT,,1,1777024441.638954,98.7,Game,1,Predictable,50.83,0,,,4,,,130,Sound,,,
0,FORT,,1,1777024441.638954,98.71,Game,1,Predictable,50.84,0,,,4,,,130,Sound,,,
0,FORT,,1,1777024441.638954,98.72,Game,1,Predictable,50.85,0,,,4,,,130,Sound,,,
0,FORT,,1,1777024441.638954,98.75,Game,1,Predictable,50.86,0,,,4,,,130,Sound,,,
0,FORT,,1,1777024441.638954,98.76,Game,1,Predictable,50.89,0,,,4,,,130,Sound,,,
0,FORT,,1,1777024441.638954,98.77,Game,1,Predictable,50.9,0,,,4,,,130,Sound,,,
0,FORT,,1,1777024441.638954,98.8,Game,1,Predictable,50.91,0,,,4,,,130,Sound,,,
0,FORT,,1,1777024441.638954,98.81,Game,1,Predictable,50.94,0,,,4,,,130,Sound,,,
0,FORT,,1,1777024441.638954,98.82,Game,1,Predictable,50.95,0,,,4,,,130,Sound,,,
0,FORT,,1,1777024441.638954,98.83,Game,1,Predictable,50.96,0,,,4,,,130,Sound,,,
0,FORT,,1,1777024441.638954,98.84,Game,1,Predictable,50.97,0,,,4,,,130,Sound,,,
0,FORT,,1,1777024441.638954,98.85,Game,1,Predictable,50.99,0,,,4,,,130,Sound,,,
0,FORT,,1,1777024441.638954,98.88,Game,1,Predictable,50.99,0,,,4,,,130,Sound,,,
0,FORT,,1,1777024441.638954,98.9,Game,1,Predictable,51.02,0,,,4,,,130,Sound,,,
0,FORT,,1,1777024441.638954,98.9,Game,1,Predictable,51.04,0,,,4,,,130,Sound,,,
0,FORT,,1,1777024441.638954,98.93,Game,1,Predictable,51.04,0,,,4,,,130,Sound,,,
0,FORT,,1,1777024441.638954,98.95,Game,1,Predictable,51.07,0,,,4,,,130,Sound,,,
0,FORT,,1,1777024441.638954,98.95,Game,1,Predictable,51.09,0,,,4,,,130,Sound,,,
0,FORT,,1,1777024441.638954,98.96,Game,1,Predictable,51.09,0,,,4,,,130,Sound,,,
0,FORT,,1,1777024441.638954,98.98,Game,1,Predictable,51.1,0,,,4,,,130,Sound,,,
0,FORT,,1,1777024441.638954,98.99,Game,1,Predictable,51.12,0,,,4,,,130,Sound,,,
0,FORT,,1,1777024441.638954,99.01,Game,1,Predictable,51.13,0,,,4,,,130,Sound,,,
0,FORT,,1,1777024441.638954,99.03,Game,1,Predictable,51.15,0,,,4,,,130,Sound,,,
0,FORT,,1,1777024441.638954,99.04,Game,1,Predictable,51.17,0,,,4,,,130,Sound,,,
0,FORT,,1,1777024441.638954,99.05,Game,1,Predictable,51.18,0,,,4,,,130,Sound,,,
0,FORT,,1,1777024441.638954,99.06,Game,1,Predictable,51.19,0,,,4,,,130,Sound,,,
0,FORT,,1,1777024441.638954,99.07,Game,1,Predictable,51.2,0,,,4,,,130,Sound,,,
0,FORT,,1,1777024441.638954,99.1,Game,1,Predictable,51.21,0,,,4,,,130,Sound,,,
0,FORT,,1,1777024441.638954,99.11,Game,1,Predictable,51.24,0,,,4,,,130,Sound,,,
0,FORT,,1,1777024441.638954,99.12,Game,1,Predictable,51.25,0,,,4,,,130,Sound,,,
0,FORT,,1,1777024441.638954,99.15,Game,1,Predictable,51.26,0,,,4,,,130,Sound,,,
0,FORT,,1,1777024441.638954,99.16,Game,1,Predictable,51.29,0,,,4,,,130,Sound,,,
0,FORT,,1,1777024441.638954,99.17,Game,1,Predictable,51.3,0,,,4,,,130,Sound,,,
0,FORT,,1,1777024441.638954,99.18,Game,1,Predictable,51.31,0,,,4,,,130,Sound,,,
0,FORT,,1,1777024441.638954,99.19,Game,1,Predictable,51.32,0,,,4,,,130,Sound,,,
0,FORT,,1,1777024441.638954,99.2,Game,1,Predictable,51.34,0,,,4,,,130,Sound,,,
0,FORT,,1,1777024441.638954,99.23,Game,1,Predictable,51.34,0,,,4,,,130,Sound,,,
0,FORT,,1,1777024441.638954,99.25,Game,1,Predictable,51.37,0,,,4,,,130,Sound,,,
0,FORT,,1,1777024441.638954,99.25,Game,1,Predictable,51.39,0,,,4,,,130,Sound,,,
0,FORT,,1,1777024441.638954,99.28,Game,1,Predictable,51.39,0,,,4,,,130,Sound,,,
0,FORT,,1,1777024441.638954,99.29,Game,1,Predictable,51.42,0,,,4,,,130,Sound,,,
0,FORT,,1,1777024441.638954,99.3,Game,1,Predictable,51.44,0,,,4,,,130,Sound,,,
0,FORT,,1,1777024441.638954,99.31,Game,1,Predictable,51.44,0,,,4,,,130,Sound,,,
0,FORT,,1,1777024441.638954,99.33,Game,1,Predictable,51.45,0,,,4,,,130,Sound,,,
0,FORT,,1,1777024441.638954,99.34,Game,1,Predictable,51.47,0,,,4,,,130,Sound,,,
0,FORT,,1,1777024441.638954,99.36,Game,1,Predictable,51.48,0,,,4,,,130,Sound,,,
0,FORT,,1,1777024441.638954,99.38,Game,1,Predictable,51.5,0,,,4,,,130,Sound,,,
0,FORT,,1,1777024441.638954,99.39,Game,1,Predictable,51.52,0,,,4,,,130,Sound,,,
0,FORT,,1,1777024441.638954,99.4,Game,1,Predictable,51.53,0,,,4,,,130,Sound,,,
0,FORT,,1,1777024441.638954,99.41,Game,1,Predictable,51.54,0,,,4,,,130,Sound,,,
0,FORT,,1,1777024441.638954,99.42,Game,1,Predictable,51.55,0,,,4,,,130,Sound,,,
0,FORT,,1,1777024441.638954,99.45,Game,1,Predictable,51.56,0,,,4,,,130,Sound,,,
0,FORT,,1,1777024441.638954,99.46,Game,1,Predictable,51.59,0,,,4,,,130,Sound,,,
0,FORT,,1,1777024441.638954,99.47,Game,1,Predictable,51.6,0,,,4,,,130,Sound,,,
0,FORT,,1,1777024441.638954,99.5,Game,1,Predictable,51.61,0,,,4,,,130,Sound,,,
0,FORT,,1,1777024441.638954,99.51,Game,1,Predictable,51.64,0,,,4,,,130,Sound,,,
0,FORT,,1,1777024441.638954,99.52,Game,1,Predictable,51.65,0,,,4,,,130,Sound,,,
0,FORT,,1,1777024441.638954,99.55,Game,1,Predictable,51.66,0,,,4,,,130,Sound,,,
0,FORT,,1,1777024441.638954,99.56,Game,1,Predictable,51.69,0,,,4,,,130,Sound,,,
0,FORT,,1,1777024441.638954,99.57,Game,1,Predictable,51.7,0,,,4,,,130,Sound,,,
0,FORT,,1,1777024441.638954,99.6,Game,1,Predictable,51.71,0,,,4,,,130,Sound,,,
0,FORT,,1,1777024441.638954,99.61,Game,1,Predictable,51.74,0,,,4,,,130,Sound,,,
0,FORT,,1,1777024441.638954,99.62,Game,1,Predictable,51.75,0,,,4,,,130,Sound,,,
0,FORT,,1,1777024441.638954,99.63,Game,1,Predictable,51.76,0,,,4,,,130,Sound,,,
0,FORT,,1,1777024441.638954,99.64,Game,1,Predictable,51.77,0,,,4,,,130,Sound,,,
0,FORT,,1,1777024441.638954,99.65,Game,1,Predictable,51.79,0,,,4,,,130,Sound,,,
0,FORT,,1,1777024441.638954,99.68,Game,1,Predictable,51.79,0,,,4,,,130,Sound,,,
0,FORT,,1,1777024441.638954,99.7,Game,1,Predictable,51.82,0,,,4,,,130,Sound,,,
0,FORT,,1,1777024441.638954,99.7,Game,1,Predictable,51.84,0,,,4,,,130,Sound,,,
0,FORT,,1,1777024441.638954,99.71,Game,1,Predictable,51.84,0,,,4,,,130,Sound,,,
0,FORT,,1,1777024441.638954,99.73,Game,1,Predictable,51.85,0,,,4,,,130,Sound,,,
0,FORT,,1,1777024441.638954,99.74,Game,1,Predictable,51.87,0,,,4,,,130,Sound,,,
0,FORT,,1,1777024441.638954,99.76,Game,1,Predictable,51.88,0,,,4,,,130,Sound,,,
0,FORT,,1,1777024441.638954,99.78,Game,1,Predictable,51.9,0,,,4,,,130,Sound,,,
0,FORT,,1,1777024441.638954,99.79,Game,1,Predictable,51.92,0,,,4,,,130,Sound,,,
0,FORT,,1,1777024441.638954,99.8,Game,1,Predictable,51.93,0,,,4,,,130,Sound,,,
0,FORT,,1,1777024441.638954,99.81,Game,1,Predictable,51.94,0,,,4,,,130,Sound,,,
0,FORT,,1,1777024441.638954,99.82,Game,1,Predictable,51.95,0,,,4,,,130,Sound,,,
0,FORT,,1,1777024441.638954,99.85,Game,1,Predictable,51.96,0,,,4,,,130,Sound,,,
0,FORT,,1,1777024441.638954,99.86,Game,1,Predictable,51.99,0,,,4,,,130,Sound,,,
0,FORT,,1,1777024441.638954,99.87,Game,1,Predictable,52.0,0,,,4,,,130,Sound,,,
0,FORT,,1,1777024441.638954,99.88,Game,1,Predictable,52.01,0,,,4,,,130,Sound,,,
0,FORT,,1,1777024441.638954,99.9,Game,1,Predictable,52.02,0,,,4,,,130,Sound,,,
0,FORT,,1,1777024441.638954,99.9,Game,1,Predictable,52.04,0,,,4,,,130,Sound,,,
0,FORT,,1,1777024441.638954,99.93,Game,1,Predictable,52.04,0,,,4,,,130,Sound,,,
0,FORT,,1,1777024441.638954,99.95,Game,1,Predictable,52.07,0,,,4,,,130,Sound,,,
0,FORT,,1,1777024441.638954,99.95,Game,1,Predictable,52.09,0,,,4,,,130,Sound,,,
0,FORT,,1,1777024441.638954,99.98,Game,1,Predictable,52.09,0,,,4,,,130,Sound,,,
0,FORT,,1,1777024441.638954,100.0,Game,1,Predictable,52.12,0,,,4,,,130,Sound,,,
0,FORT,,1,1777024441.638954,100.0,Game,1,Predictable,52.14,0,,,4,,,130,Sound,,,
0,FORT,,1,1777024441.638954,100.03,Game,1,Predictable,52.14,0,,,4,,,130,Sound,,,
0,FORT,,1,1777024441.638954,100.05,Game,1,Predictable,52.17,0,,,4,,,130,Sound,,,
0,FORT,,1,1777024441.638954,100.05,Game,1,Predictable,52.19,0,,,4,,,130,Sound,,,
0,FORT,,1,1777024441.638954,100.08,Game,1,Predictable,52.19,0,,,4,,,130,Sound,,,
0,FORT,,1,1777024441.638954,100.1,Game,1,Predictable,52.22,0,,,4,,,130,Sound,,,
0,FORT,,1,1777024441.638954,100.1,Game,1,Predictable,52.24,0,,,4,,,130,Sound,,,
0,FORT,,1,1777024441.638954,100.11,Game,1,Predictable,52.24,0,,,4,,,130,Sound,,,
0,FORT,,1,1777024441.638954,100.13,Game,1,Predictable,52.25,0,,,4,,,130,Sound,,,
0,FORT,,1,1777024441.638954,100.14,Game,1,Predictable,52.27,0,,,4,,,130,Sound,,,
0,FORT,,1,1777024441.638954,100.16,Game,1,Predictable,52.28,0,,,4,,,130,Sound,,,
0,FORT,,1,1777024441.638954,100.18,Game,1,Predictable,52.3,0,,,4,,,130,Sound,,,
0,FORT,,1,1777024441.638954,100.19,Game,1,Predictable,52.32,0,,,4,,,130,Sound,,,
0,FORT,,1,1777024441.638954,100.2,Game,1,Predictable,52.33,0,,,4,,,130,Sound,,,
0,FORT,,1,1777024441.638954,100.21,Game,1,Predictable,52.34,0,,,4,,,130,Sound,,,
0,FORT,,1,1777024441.638954,100.22,Game,1,Predictable,52.35,0,,,4,,,130,Sound,,,
0,FORT,,1,1777024441.638954,100.25,Game,1,Predictable,52.36,0,,,4,,,130,Sound,,,
0,FORT,,1,1777024441.638954,100.26,Game,1,Predictable,52.39,0,,,4,,,130,Sound,,,
0,FORT,,1,1777024441.638954,100.27,Game,1,Predictable,52.4,0,,,4,,,130,Sound,,,
0,FORT,,1,1777024441.638954,100.28,Game,1,Predictable,52.41,0,,,4,,,130,Sound,,,
0,FORT,,1,1777024441.638954,100.3,Game,1,Predictable,52.42,0,,,4,,,130,Sound,,,
0,FORT,,1,1777024441.638954,100.3,Game,1,Predictable,52.44,0,,,4,,,130,Sound,,,
0,FORT,,1,1777024441.638954,100.31,Game,1,Predictable,52.44,0,,,4,,,130,Sound,,,
0,FORT,,1,1777024441.638954,100.33,Game,1,Predictable,52.45,0,,,4,,,130,Sound,,,
0,FORT,,1,1777024441.638954,100.34,Game,1,Predictable,52.47,0,,,4,,,130,Sound,,,
0,FORT,,1,1777024441.638954,100.36,Game,1,Predictable,52.48,0,,,4,,,130,Sound,,,
0,FORT,,1,1777024441.638954,100.38,Game,1,Predictable,52.5,0,,,4,,,130,Sound,,,
0,FORT,,1,1777024441.638954,100.39,Game,1,Predictable,52.52,0,,,4,,,130,Sound,,,
0,FORT,,1,1777024441.638954,100.41,Game,1,Predictable,52.53,0,,,4,,,130,Sound,,,
0,FORT,,1,1777024441.638954,100.43,Game,1,Predictable,52.55,0,,,4,,,130,Sound,,,
0,FORT,,1,1777024441.638954,100.44,Game,1,Predictable,52.57,0,,,4,,,130,Sound,,,
0,FORT,,1,1777024441.638954,100.45,Game,1,Predictable,52.58,0,,,4,,,130,Sound,,,
0,FORT,,1,1777024441.638954,100.46,Game,1,Predictable,52.59,0,,,4,,,130,Sound,,,
0,FORT,,1,1777024441.638954,100.47,Game,1,Predictable,52.6,0,,,4,,,130,Sound,,,
0,FORT,,1,1777024441.638954,100.5,Game,1,Predictable,52.61,0,,,4,,,130,Sound,,,
0,FORT,,1,1777024441.638954,100.51,Game,1,Predictable,52.64,0,,,4,,,130,Sound,,,
0,FORT,,1,1777024441.638954,100.52,Game,1,Predictable,52.65,0,,,4,,,130,Sound,,,
0,FORT,,1,1777024441.638954,100.53,Game,1,Predictable,52.66,0,,,4,,,130,Sound,,,
0,FORT,,1,1777024441.638954,100.54,Game,1,Predictable,52.67,0,,,4,,,130,Sound,,,
0,FORT,,1,1777024441.638954,100.55,Game,1,Predictable,52.69,0,,,4,,,130,Sound,,,
0,FORT,,1,1777024441.638954,100.58,Game,1,Predictable,52.69,0,,,4,,,130,Sound,,,
0,FORT,,1,1777024441.638954,100.59,Game,1,Predictable,52.72,0,,,4,,,130,Sound,,,
0,FORT,,1,1777024441.638954,100.6,Game,1,Predictable,52.74,0,,,4,,,130,Sound,,,
0,FORT,,1,1777024441.638954,100.61,Game,1,Predictable,52.74,0,,,4,,,130,Sound,,,
0,FORT,,1,1777024441.638954,100.62,Game,1,Predictable,52.75,0,,,4,,,130,Sound,,,
0,FORT,,1,1777024441.638954,100.65,Game,1,Predictable,52.76,0,,,4,,,130,Sound,,,
0,FORT,,1,1777024441.638954,100.65,Game,1,Predictable,52.79,0,,,4,,,130,Sound,,,
0,FORT,,1,1777024441.638954,100.66,Game,1,Predictable,52.79,0,,,4,,,130,Sound,,,
0,FORT,,1,1777024441.638954,100.68,Game,1,Predictable,52.8,0,,,4,,,130,Sound,,,
0,FORT,,1,1777024441.638954,100.69,Game,1,Predictable,52.82,0,,,4,,,130,Sound,,,
0,FORT,,1,1777024441.638954,100.71,Game,1,Predictable,52.83,0,,,4,,,130,Sound,,,
0,FORT,,1,1777024441.638954,100.73,Game,1,Predictable,52.85,0,,,4,,,130,Sound,,,
0,FORT,,1,1777024441.638954,100.74,Game,1,Predictable,52.87,0,,,4,,,130,Sound,,,
0,FORT,,1,1777024441.638954,100.76,Game,1,Predictable,52.88,0,,,4,,,130,Sound,,,
0,FORT,,1,1777024441.638954,100.78,Game,1,Predictable,52.9,0,,,4,,,130,Sound,,,
0,FORT,,1,1777024441.638954,100.79,Game,1,Predictable,52.92,0,,,4,,,130,Sound,,,
0,FORT,,1,1777024441.638954,100.8,Game,1,Predictable,52.93,0,,,4,,,130,Sound,,,
0,FORT,,1,1777024441.638954,100.81,Game,1,Predictable,52.94,0,,,4,,,130,Sound,,,
0,FORT,,1,1777024441.638954,100.82,Game,1,Predictable,52.95,0,,,4,,,130,Sound,,,
0,FORT,,1,1777024441.638954,100.85,Game,1,Predictable,52.96,0,,,4,,,130,Sound,,,
0,FORT,,1,1777024441.638954,100.86,Game,1,Predictable,52.99,0,,,4,,,130,Sound,,,
0,FORT,,1,1777024441.638954,100.87,Game,1,Predictable,53.0,0,,,4,,,130,Sound,,,
0,FORT,,1,1777024441.638954,100.88,Game,1,Predictable,53.01,0,,,4,,,130,Sound,,,
0,FORT,,1,1777024441.638954,100.89,Game,1,Predictable,53.02,0,,,4,,,130,Sound,,,
0,FORT,,1,1777024441.638954,100.9,Game,1,Predictable,53.04,0,,,4,,,130,Sound,,,
0,FORT,,1,1777024441.638954,100.93,Game,1,Predictable,53.04,0,,,4,,,130,Sound,,,
0,FORT,,1,1777024441.638954,100.94,Game,1,Predictable,53.07,0,,,4,,,130,Sound,,,
0,FORT,,1,1777024441.638954,100.95,Game,1,Predictable,53.09,0,,,4,,,130,Sound,,,
0,FORT,,1,1777024441.638954,100.96,Game,1,Predictable,53.09,0,,,4,,,130,Sound,,,
0,FORT,,1,1777024441.638954,100.97,Game,1,Predictable,53.1,0,,,4,,,130,Sound,,,
0,FORT,,1,1777024441.638954,101.0,Game,1,Predictable,53.11,0,,,4,,,130,Sound,,,
0,FORT,,1,1777024441.638954,101.0,Game,1,Predictable,53.14,0,,,4,,,130,Sound,,,
0,FORT,,1,1777024441.638954,101.03,Game,1,Predictable,53.14,0,,,4,,,130,Sound,,,
0,FORT,,1,1777024441.638954,101.04,Game,1,Predictable,53.17,0,,,4,,,130,Sound,,,
0,FORT,,1,1777024441.638954,101.05,Game,1,Predictable,53.19,0,,,4,,,130,Sound,,,
0,FORT,,1,1777024441.638954,101.08,Game,1,Predictable,53.19,0,,,4,,,130,Sound,,,
0,FORT,,1,1777024441.638954,101.09,Game,1,Predictable,53.22,0,,,4,,,130,Sound,,,
0,FORT,,1,1777024441.638954,101.1,Game,1,Predictable,53.24,0,,,4,,,130,Sound,,,
0,FORT,,1,1777024441.638954,101.11,Game,1,Predictable,53.24,0,,,4,,,130,Sound,,,
0,FORT,,1,1777024441.638954,101.13,Game,1,Predictable,53.25,0,,,4,,,130,Sound,,,
0,FORT,,1,1777024441.638954,101.14,Game,1,Predictable,53.27,0,,,4,,,130,Sound,,,
0,FORT,,1,1777024441.638954,101.15,Game,1,Predictable,53.28,0,,,4,,,130,Sound,,,
0,FORT,,1,1777024441.638954,101.16,Game,1,Predictable,53.29,0,,,4,,,130,Sound,,,
0,FORT,,1,1777024441.638954,101.17,Game,1,Predictable,53.3,0,,,4,,,130,Sound,,,
0,FORT,,1,1777024441.638954,101.2,Game,1,Predictable,53.31,0,,,4,,,130,Sound,,,
0,FORT,,1,1777024441.638954,101.21,Game,1,Predictable,53.34,0,,,4,,,130,Sound,,,
0,FORT,,1,1777024441.638954,101.22,Game,1,Predictable,53.35,0,,,4,,,130,Sound,,,
0,FORT,,1,1777024441.638954,101.25,Game,1,Predictable,53.36,0,,,4,,,130,Sound,,,
0,FORT,,1,1777024441.638954,101.26,Game,1,Predictable,53.39,0,,,4,,,130,Sound,,,
0,FORT,,1,1777024441.638954,101.27,Game,1,Predictable,53.4,0,,,4,,,130,Sound,,,
0,FORT,,1,1777024441.638954,101.28,Game,1,Predictable,53.41,0,,,4,,,130,Sound,,,
0,FORT,,1,1777024441.638954,101.29,Game,1,Predictable,53.42,0,,,4,,,130,Sound,,,
0,FORT,,1,1777024441.638954,101.3,Game,1,Predictable,53.44,0,,,4,,,130,Sound,,,
0,FORT,,1,1777024441.638954,101.31,Game,1,Predictable,53.44,0,,,4,,,130,Sound,,,
0,FORT,,1,1777024441.638954,101.33,Game,1,Predictable,53.45,0,,,4,,,130,Sound,,,
0,FORT,,1,1777024441.638954,101.34,Game,1,Predictable,53.47,0,,,4,,,130,Sound,,,
0,FORT,,1,1777024441.638954,101.36,Game,1,Predictable,53.48,0,,,4,,,130,Sound,,,
0,FORT,,1,1777024441.638954,101.38,Game,1,Predictable,53.5,0,,,4,,,130,Sound,,,
0,FORT,,1,1777024441.638954,101.39,Game,1,Predictable,53.52,0,,,4,,,130,Sound,,,
0,FORT,,1,1777024441.638954,101.41,Game,1,Predictable,53.53,0,,,4,,,130,Sound,,,
0,FORT,,1,1777024441.638954,101.43,Game,1,Predictable,53.55,0,,,4,,,130,Sound,,,
0,FORT,,1,1777024441.638954,101.44,Game,1,Predictable,53.57,0,,,4,,,130,Sound,,,
0,FORT,,1,1777024441.638954,101.45,Game,1,Predictable,53.58,0,,,4,,,130,Sound,,,
0,FORT,,1,1777024441.638954,101.46,Game,1,Predictable,53.59,0,,,4,,,130,Sound,,,
0,FORT,,1,1777024441.638954,101.47,Game,1,Predictable,53.6,0,,,4,,,130,Sound,,,
0,FORT,,1,1777024441.638954,101.5,Game,1,Predictable,53.61,0,,,4,,,130,Sound,,,
0,FORT,,1,1777024441.638954,101.51,Game,1,Predictable,53.64,0,,,4,,,130,Sound,,,
0,FORT,,1,1777024441.638954,101.52,Game,1,Predictable,53.65,0,,,4,,,130,Sound,,,
0,FORT,,1,1777024441.638954,101.53,Game,1,Predictable,53.66,0,,,4,,,130,Sound,,,
0,FORT,,1,1777024441.638954,101.55,Game,1,Predictable,53.67,0,,,4,,,130,Sound,,,
0,FORT,,1,1777024441.638954,101.55,Game,1,Predictable,53.69,0,,,4,,,130,Sound,,,
0,FORT,,1,1777024441.638954,101.58,Game,1,Predictable,53.69,0,,,4,,,130,Sound,,,
0,FORT,,1,1777024441.638954,101.59,Game,1,Predictable,53.72,0,,,4,,,130,Sound,,,
0,FORT,,1,1777024441.638954,101.6,Game,1,Predictable,53.74,0,,,4,,,130,Sound,,,
0,FORT,,1,1777024441.638954,101.61,Game,1,Predictable,53.74,0,,,4,,,130,Sound,,,
0,FORT,,1,1777024441.638954,101.63,Game,1,Predictable,53.75,0,,,4,,,130,Sound,,,
0,FORT,,1,1777024441.638954,101.64,Game,1,Predictable,53.77,0,,,4,,,130,Sound,,,
0,FORT,,1,1777024441.638954,101.66,Game,1,Predictable,53.78,0,,,4,,,130,Sound,,,
0,FORT,,1,1777024441.638954,101.68,Game,1,Predictable,53.8,0,,,4,,,130,Sound,,,
0,FORT,,1,1777024441.638954,101.69,Game,1,Predictable,53.82,0,,,4,,,130,Sound,,,
0,FORT,,1,1777024441.638954,101.7,Game,1,Predictable,53.83,0,,,4,,,130,Sound,,,
0,FORT,,1,1777024441.638954,101.71,Game,1,Predictable,53.84,0,,,4,,,130,Sound,,,
0,FORT,,1,1777024441.638954,101.72,Game,1,Predictable,53.85,0,,,4,,,130,Sound,,,
0,FORT,,1,1777024441.638954,101.73,Game,1,Predictable,53.86,0,,,4,,,130,Sound,,,
0,FORT,,1,1777024441.638954,101.74,Game,1,Predictable,53.87,0,,,4,,,130,Sound,,,
0,FORT,,1,1777024441.638954,101.75,Game,1,Predictable,53.89,0,,,4,,,130,Sound,,,
0,FORT,,1,1777024441.638954,101.76,Game,1,Predictable,53.89,0,,,4,,,130,Sound,,,
0,FORT,,1,1777024441.638954,101.78,Game,1,Predictable,53.9,0,,,4,,,130,Sound,,,
0,FORT,,1,1777024441.638954,101.79,Game,1,Predictable,53.92,0,,,4,,,130,Sound,,,
0,FORT,,1,1777024441.638954,101.81,Game,1,Predictable,53.93,0,,,4,,,130,Sound,,,
0,FORT,,1,1777024441.638954,101.83,Game,1,Predictable,53.95,0,,,4,,,130,Sound,,,
0,FORT,,1,1777024441.638954,101.84,Game,1,Predictable,53.97,0,,,4,,,130,Sound,,,
0,FORT,,1,1777024441.638954,101.86,Game,1,Predictable,53.98,0,,,4,,,130,Sound,,,
0,FORT,,1,1777024441.638954,101.88,Game,1,Predictable,54.0,0,,,4,,,130,Sound,,,
0,FORT,,1,1777024441.638954,101.89,Game,1,Predictable,54.02,0,,,4,,,130,Sound,,,
0,FORT,,1,1777024441.638954,101.9,Game,1,Predictable,54.03,0,,,4,,,130,Sound,,,
0,FORT,,1,1777024441.638954,101.91,Game,1,Predictable,54.04,0,,,4,,,130,Sound,,,
0,FORT,,1,1777024441.638954,101.92,Game,1,Predictable,54.05,0,,,4,,,130,Sound,,,
0,FORT,,1,1777024441.638954,101.93,Game,1,Predictable,54.06,0,,,4,,,130,Sound,,,
0,FORT,,1,1777024441.638954,101.95,Game,1,Predictable,54.07,0,,,4,,,130,Sound,,,
0,FORT,,1,1777024441.638954,101.95,Game,1,Predictable,54.09,0,,,4,,,130,Sound,,,
0,FORT,,1,1777024441.638954,101.96,Game,1,Predictable,54.09,0,,,4,,,130,Sound,,,
0,FORT,,1,1777024441.638954,101.98,Game,1,Predictable,54.1,0,,,4,,,130,Sound,,,
0,FORT,,1,1777024441.638954,101.99,Game,1,Predictable,54.12,0,,,4,,,130,Sound,,,
0,FORT,,1,1777024441.638954,102.0,Game,1,Predictable,54.13,0,,,4,,,130,Sound,,,
0,FORT,,1,1777024441.638954,102.01,Game,1,Predictable,54.14,0,,,4,,,130,Sound,,,
0,FORT,,1,1777024441.638954,102.02,Game,1,Predictable,54.15,0,,,4,,,130,Sound,,,
0,FORT,,1,1777024441.638954,102.03,Game,1,Predictable,54.16,0,,,4,,,130,Sound,,,
0,FORT,,1,1777024441.638954,102.04,Game,1,Predictable,54.17,0,,,4,,,130,Sound,,,
0,FORT,,1,1777024441.638954,102.05,Game,1,Predictable,54.19,0,,,4,,,130,Sound,,,
0,FORT,,1,1777024441.638954,102.06,Game,1,Predictable,54.19,0,,,4,,,130,Sound,,,
0,FORT,,1,1777024441.638954,102.08,Game,1,Predictable,54.2,0,,,4,,,130,Sound,,,
0,FORT,,1,1777024441.638954,102.09,Game,1,Predictable,54.22,0,,,4,,,130,Sound,,,
0,FORT,,1,1777024441.638954,102.11,Game,1,Predictable,54.23,0,,,4,,,130,Sound,,,
0,FORT,,1,1777024441.638954,102.13,Game,1,Predictable,54.25,0,,,4,,,130,Sound,,,
0,FORT,,1,1777024441.638954,102.14,Game,1,Predictable,54.27,0,,,4,,,130,Sound,,,
0,FORT,,1,1777024441.638954,102.16,Game,1,Predictable,54.28,0,,,4,,,130,Sound,,,
0,FORT,,1,1777024441.638954,102.18,Game,1,Predictable,54.3,0,,,4,,,130,Sound,,,
0,FORT,,1,1777024441.638954,102.19,Game,1,Predictable,54.32,0,,,4,,,130,Sound,,,
0,FORT,,1,1777024441.638954,102.2,Game,1,Predictable,54.33,0,,,4,,,130,Sound,,,
0,FORT,,1,1777024441.638954,102.21,Game,1,Predictable,54.34,0,,,4,,,130,Sound,,,
0,FORT,,1,1777024441.638954,102.22,Game,1,Predictable,54.35,0,,,4,,,130,Sound,,,
0,FORT,,1,1777024441.638954,102.24,Game,1,Predictable,54.36,0,,,4,,,130,Sound,,,
0,FORT,,1,1777024441.638954,102.26,Game,1,Predictable,54.39,0,,,4,,,130,Sound,,,
0,FORT,,1,1777024441.638954,102.27,Game,1,Predictable,54.4,0,,,4,,,130,Sound,,,
0,FORT,,1,1777024441.638954,102.28,Game,1,Predictable,54.41,0,,,4,,,130,Sound,,,
0,FORT,,1,1777024441.638954,102.29,Game,1,Predictable,54.42,0,,,4,,,130,Sound,,,
0,FORT,,1,1777024441.638954,102.3,Game,1,Predictable,54.44,0,,,4,,,130,Sound,,,
0,FORT,,1,1777024441.638954,102.31,Game,1,Predictable,54.44,0,,,4,,,130,Sound,,,
0,FORT,,1,1777024441.638954,102.33,Game,1,Predictable,54.45,0,,,4,,,130,Sound,,,
0,FORT,,1,1777024441.638954,102.34,Game,1,Predictable,54.47,0,,,4,,,130,Sound,,,
0,FORT,,1,1777024441.638954,102.35,Game,1,Predictable,54.48,0,,,4,,,130,Sound,,,
0,FORT,,1,1777024441.638954,102.36,Game,1,Predictable,54.49,0,,,4,,,130,Sound,,,
0,FORT,,1,1777024441.638954,102.37,Game,1,Predictable,54.5,0,,,4,,,130,Sound,,,
0,FORT,,1,1777024441.638954,102.38,Game,1,Predictable,54.51,0,,,4,,,130,Sound,,,
0,FORT,,1,1777024441.638954,102.39,Game,1,Predictable,54.52,0,,,4,,,130,Sound,,,
0,FORT,,1,1777024441.638954,102.4,Game,1,Predictable,54.54,0,,,4,,,130,Sound,,,
0,FORT,,1,1777024441.638954,102.43,Game,1,Predictable,54.54,0,,,4,,,130,Sound,,,
0,FORT,,1,1777024441.638954,102.45,Game,1,Predictable,54.57,0,,,4,,,130,Sound,,,
0,FORT,,1,1777024441.638954,102.45,Game,1,Predictable,54.59,0,,,4,,,130,Sound,,,
0,FORT,,1,1777024441.638954,102.46,Game,1,Predictable,54.59,0,,,4,,,130,Sound,,,
0,FORT,,1,1777024441.638954,102.48,Game,1,Predictable,54.6,0,,,4,,,130,Sound,,,
0,FORT,,1,1777024441.638954,102.49,Game,1,Predictable,54.62,0,,,4,,,130,Sound,,,
0,FORT,,1,1777024441.638954,102.5,Game,1,Predictable,54.63,0,,,4,,,130,Sound,,,
0,FORT,,1,1777024441.638954,102.51,Game,1,Predictable,54.64,0,,,4,,,130,Sound,,,
0,FORT,,1,1777024441.638954,102.52,Game,1,Predictable,54.65,0,,,4,,,130,Sound,,,
0,FORT,,1,1777024441.638954,102.54,Game,1,Predictable,54.66,0,,,4,,,130,Sound,,,
0,FORT,,1,1777024441.638954,102.56,Game,1,Predictable,54.69,0,,,4,,,130,Sound,,,
0,FORT,,1,1777024441.638954,102.57,Game,1,Predictable,54.7,0,,,4,,,130,Sound,,,
0,FORT,,1,1777024441.638954,102.58,Game,1,Predictable,54.71,0,,,4,,,130,Sound,,,
0,FORT,,1,1777024441.638954,102.59,Game,1,Predictable,54.72,0,,,4,,,130,Sound,,,
0,FORT,,1,1777024441.638954,102.6,Game,1,Predictable,54.74,0,,,4,,,130,Sound,,,
0,FORT,,1,1777024441.638954,102.63,Game,1,Predictable,54.74,0,,,4,,,130,Sound,,,
0,FORT,,1,1777024441.638954,102.65,Game,1,Predictable,54.77,0,,,4,,,130,Sound,,,
0,FORT,,1,1777024441.638954,102.65,Game,1,Predictable,54.79,0,,,4,,,130,Sound,,,
0,FORT,,1,1777024441.638954,102.66,Game,1,Predictable,54.79,0,,,4,,,130,Sound,,,
0,FORT,,1,1777024441.638954,102.68,Game,1,Predictable,54.8,0,,,4,,,130,Sound,,,
0,FORT,,1,1777024441.638954,102.69,Game,1,Predictable,54.82,0,,,4,,,130,Sound,,,
0,FORT,,1,1777024441.638954,102.7,Game,1,Predictable,54.83,0,,,4,,,130,Sound,,,
0,FORT,,1,1777024441.638954,102.71,Game,1,Predictable,54.84,0,,,4,,,130,Sound,,,
0,FORT,,1,1777024441.638954,102.72,Game,1,Predictable,54.85,0,,,4,,,130,Sound,,,
0,FORT,,1,1777024441.638954,102.73,Game,1,Predictable,54.86,0,,,4,,,130,Sound,,,
0,FORT,,1,1777024441.638954,102.74,Game,1,Predictable,54.87,0,,,4,,,130,Sound,,,
0,FORT,,1,1777024441.638954,102.75,Game,1,Predictable,54.89,0,,,4,,,130,Sound,,,
0,FORT,,1,1777024441.638954,102.78,Game,1,Predictable,54.89,0,,,4,,,130,Sound,,,
0,FORT,,1,1777024441.638954,102.8,Game,1,Predictable,54.92,0,,,4,,,130,Sound,,,
0,FORT,,1,1777024441.638954,102.8,Game,1,Predictable,54.94,0,,,4,,,130,Sound,,,
0,FORT,,1,1777024441.638954,102.81,Game,1,Predictable,54.94,0,,,4,,,130,Sound,,,
0,FORT,,1,1777024441.638954,102.83,Game,1,Predictable,54.95,0,,,4,,,130,Sound,,,
0,FORT,,1,1777024441.638954,102.84,Game,1,Predictable,54.97,0,,,4,,,130,Sound,,,
0,FORT,,1,1777024441.638954,102.85,Game,1,Predictable,54.98,0,,,4,,,130,Sound,,,
0,FORT,,1,1777024441.638954,102.86,Game,1,Predictable,54.99,0,,,4,,,130,Sound,,,
0,FORT,,1,1777024441.638954,102.87,Game,1,Predictable,55.0,0,,,4,,,130,Sound,,,
0,FORT,,1,1777024441.638954,102.88,Game,1,Predictable,55.01,0,,,4,,,130,Sound,,,
0,FORT,,1,1777024441.638954,102.89,Game,1,Predictable,55.02,0,,,4,,,130,Sound,,,
0,FORT,,1,1777024441.638954,102.9,Game,1,Predictable,55.04,0,,,4,,,130,Sound,,,
0,FORT,,1,1777024441.638954,102.91,Game,1,Predictable,55.04,0,,,4,,,130,Sound,,,
0,FORT,,1,1777024441.638954,102.93,Game,1,Predictable,55.05,0,,,4,,,130,Sound,,,
0,FORT,,1,1777024441.638954,102.94,Game,1,Predictable,55.07,0,,,4,,,130,Sound,,,
0,FORT,,1,1777024441.638954,102.95,Game,1,Predictable,55.08,0,,,4,,,130,Sound,,,
0,FORT,,1,1777024441.638954,102.96,Game,1,Predictable,55.09,0,,,4,,,130,Sound,,,
0,FORT,,1,1777024441.638954,102.97,Game,1,Predictable,55.1,0,,,4,,,130,Sound,,,
0,FORT,,1,1777024441.638954,102.98,Game,1,Predictable,55.11,0,,,4,,,130,Sound,,,
0,FORT,,1,1777024441.638954,103.0,Game,1,Predictable,55.12,0,,,4,,,130,Sound,,,
0,FORT,,1,1777024441.638954,103.0,Game,1,Predictable,55.14,0,,,4,,,130,Sound,,,
0,FORT,,1,1777024441.638954,103.01,Game,1,Predictable,55.15,0,,,4,,,130,Sound,,,
0,FORT,,1,1777024441.638954,103.03,Game,1,Predictable,55.16,0,,,4,,,130,Sound,,,
0,FORT,,1,1777024441.638954,103.04,Game,1,Predictable,55.17,0,,,4,,,130,Sound,,,
0,FORT,,1,1777024441.638954,103.05,Game,1,Predictable,55.18,0,,,4,,,130,Sound,,,
0,FORT,,1,1777024441.638954,103.06,Game,1,Predictable,55.19,0,,,4,,,130,Sound,,,
0,FORT,,1,1777024441.638954,103.07,Game,1,Predictable,55.2,0,,,4,,,130,Sound,,,
0,FORT,,1,1777024441.638954,103.08,Game,1,Predictable,55.21,0,,,4,,,130,Sound,,,
0,FORT,,1,1777024441.638954,103.09,Game,1,Predictable,55.22,0,,,4,,,130,Sound,,,
0,FORT,,1,1777024441.638954,103.1,Game,1,Predictable,55.24,0,,,4,,,130,Sound,,,
0,FORT,,1,1777024441.638954,103.11,Game,1,Predictable,55.24,0,,,4,,,130,Sound,,,
0,FORT,,1,1777024441.638954,103.13,Game,1,Predictable,55.26,0,,,4,,,130,Sound,,,
0,FORT,,1,1777024441.638954,103.14,Game,1,Predictable,55.27,0,,,4,,,130,Sound,,,
0,FORT,,1,1777024441.638954,103.15,Game,1,Predictable,55.28,0,,,4,,,130,Sound,,,
0,FORT,,1,1777024441.638954,103.16,Game,1,Predictable,55.29,0,,,4,,,130,Sound,,,
0,FORT,,1,1777024441.638954,103.17,Game,1,Predictable,55.3,0,,,4,,,130,Sound,,,
0,FORT,,1,1777024441.638954,103.18,Game,1,Predictable,55.31,0,,,4,,,130,Sound,,,
0,FORT,,1,1777024441.638954,103.19,Game,1,Predictable,55.32,0,,,4,,,130,Sound,,,
0,FORT,,1,1777024441.638954,103.2,Game,1,Predictable,55.34,0,,,4,,,130,Sound,,,
0,FORT,,1,1777024441.638954,103.21,Game,1,Predictable,55.34,0,,,4,,,130,Sound,,,
0,FORT,,1,1777024441.638954,103.23,Game,1,Predictable,55.35,0,,,4,,,130,Sound,,,
0,FORT,,1,1777024441.638954,103.24,Game,1,Predictable,55.37,0,,,4,,,130,Sound,,,
0,FORT,,1,1777024441.638954,103.25,Game,1,Predictable,55.38,0,,,4,,,130,Sound,,,
0,FORT,,1,1777024441.638954,103.26,Game,1,Predictable,55.39,0,,,4,,,130,Sound,,,
0,FORT,,1,1777024441.638954,103.27,Game,1,Predictable,55.4,0,,,4,,,130,Sound,,,
0,FORT,,1,1777024441.638954,103.28,Game,1,Predictable,55.41,0,,,4,,,130,Sound,,,
0,FORT,,1,1777024441.638954,103.29,Game,1,Predictable,55.42,0,,,4,,,130,Sound,,,
0,FORT,,1,1777024441.638954,103.3,Game,1,Predictable,55.44,0,,,4,,,130,Sound,,,
0,FORT,,1,1777024441.638954,103.31,Game,1,Predictable,55.44,0,,,4,,,130,Sound,,,
0,FORT,,1,1777024441.638954,103.33,Game,1,Predictable,55.45,0,,,4,,,130,Sound,,,
0,FORT,,1,1777024441.638954,103.34,Game,1,Predictable,55.47,0,,,4,,,130,Sound,,,
0,FORT,,1,1777024441.638954,103.35,Game,1,Predictable,55.48,0,,,4,,,130,Sound,,,
0,FORT,,1,1777024441.638954,103.36,Game,1,Predictable,55.49,0,,,4,,,130,Sound,,,
0,FORT,,1,1777024441.638954,103.37,Game,1,Predictable,55.5,0,,,4,,,130,Sound,,,
0,FORT,,1,1777024441.638954,103.38,Game,1,Predictable,55.51,0,,,4,,,130,Sound,,,
0,FORT,,1,1777024441.638954,103.39,Game,1,Predictable,55.52,0,,,4,,,130,Sound,,,
0,FORT,,1,1777024441.638954,103.4,Game,1,Predictable,55.54,0,,,4,,,130,Sound,,,
0,FORT,,1,1777024441.638954,103.41,Game,1,Predictable,55.54,0,,,4,,,130,Sound,,,
0,FORT,,1,1777024441.638954,103.43,Game,1,Predictable,55.55,0,,,4,,,130,Sound,,,
0,FORT,,1,1777024441.638954,103.44,Game,1,Predictable,55.57,0,,,4,,,130,Sound,,,
0,FORT,,1,1777024441.638954,103.45,Game,1,Predictable,55.58,0,,,4,,,130,Sound,,,
0,FORT,,1,1777024441.638954,103.46,Game,1,Predictable,55.59,0,,,4,,,130,Sound,,,
0,FORT,,1,1777024441.638954,103.47,Game,1,Predictable,55.6,0,,,4,,,130,Sound,,,
0,FORT,,1,1777024441.638954,103.48,Game,1,Predictable,55.61,0,,,4,,,130,Sound,,,
0,FORT,,1,1777024441.638954,103.49,Game,1,Predictable,55.62,0,,,4,,,130,Sound,,,
0,FORT,,1,1777024441.638954,103.5,Game,1,Predictable,55.64,0,,,4,,,130,Sound,,,
0,FORT,,1,1777024441.638954,103.51,Game,1,Predictable,55.64,0,,,4,,,130,Sound,,,
0,FORT,,1,1777024441.638954,103.53,Game,1,Predictable,55.65,0,,,4,,,130,Sound,,,
0,FORT,,1,1777024441.638954,103.54,Game,1,Predictable,55.67,0,,,4,,,130,Sound,,,
0,FORT,,1,1777024441.638954,103.55,Game,1,Predictable,55.68,0,,,4,,,130,Sound,,,
0,FORT,,1,1777024441.638954,103.56,Game,1,Predictable,55.69,0,,,4,,,130,Sound,,,
0,FORT,,1,1777024441.638954,103.57,Game,1,Predictable,55.7,0,,,4,,,130,Sound,,,
0,FORT,,1,1777024441.638954,103.58,Game,1,Predictable,55.71,0,,,4,,,130,Sound,,,
0,FORT,,1,1777024441.638954,103.59,Game,1,Predictable,55.72,0,,,4,,,130,Sound,,,
0,FORT,,1,1777024441.638954,103.6,Game,1,Predictable,55.74,0,,,4,,,130,Sound,,,
0,FORT,,1,1777024441.638954,103.61,Game,1,Predictable,55.74,0,,,4,,,130,Sound,,,
0,FORT,,1,1777024441.638954,103.63,Game,1,Predictable,55.75,0,,,4,,,130,Sound,,,
0,FORT,,1,1777024441.638954,103.64,Game,1,Predictable,55.77,0,,,4,,,130,Sound,,,
0,FORT,,1,1777024441.638954,103.65,Game,1,Predictable,55.78,0,,,4,,,130,Sound,,,
0,FORT,,1,1777024441.638954,103.66,Game,1,Predictable,55.79,0,,,4,,,130,Sound,,,
0,FORT,,1,1777024441.638954,103.67,Game,1,Predictable,55.8,0,,,4,,,130,Sound,,,
0,FORT,,1,1777024441.638954,103.68,Game,1,Predictable,55.81,0,,,4,,,130,Sound,,,
0,FORT,,1,1777024441.638954,103.69,Game,1,Predictable,55.82,0,,,4,,,130,Sound,,,
0,FORT,,1,1777024441.638954,103.7,Game,1,Predictable,55.84,0,,,4,,,130,Sound,,,
0,FORT,,1,1777024441.638954,103.71,Game,1,Predictable,55.84,0,,,4,,,130,Sound,,,
0,FORT,,1,1777024441.638954,103.73,Game,1,Predictable,55.85,0,,,4,,,130,Sound,,,
0,FORT,,1,1777024441.638954,103.74,Game,1,Predictable,55.87,0,,,4,,,130,Sound,,,
0,FORT,,1,1777024441.638954,103.75,Game,1,Predictable,55.88,0,,,4,,,130,Sound,,,
0,FORT,,1,1777024441.638954,103.76,Game,1,Predictable,55.89,0,,,4,,,130,Sound,,,
0,FORT,,1,1777024441.638954,103.77,Game,1,Predictable,55.9,0,,,4,,,130,Sound,,,
0,FORT,,1,1777024441.638954,103.78,Game,1,Predictable,55.91,0,,,4,,,130,Sound,,,
0,FORT,,1,1777024441.638954,103.79,Game,1,Predictable,55.92,0,,,4,,,130,Sound,,,
0,FORT,,1,1777024441.638954,103.8,Game,1,Predictable,55.94,0,,,4,,,130,Sound,,,
0,FORT,,1,1777024441.638954,103.81,Game,1,Predictable,55.94,0,,,4,,,130,Sound,,,
0,FORT,,1,1777024441.638954,103.83,Game,1,Predictable,55.96,0,,,4,,,130,Sound,,,
0,FORT,,1,1777024441.638954,103.84,Game,1,Predictable,55.97,0,,,4,,,130,Sound,,,
0,FORT,,1,1777024441.638954,103.85,Game,1,Predictable,55.98,0,,,4,,,130,Sound,,,
0,FORT,,1,1777024441.638954,103.86,Game,1,Predictable,55.99,0,,,4,,,130,Sound,,,
0,FORT,,1,1777024441.638954,103.87,Game,1,Predictable,56.0,0,,,4,,,130,Sound,,,
0,FORT,,1,1777024441.638954,103.88,Game,1,Predictable,56.01,0,,,4,,,130,Sound,,,
0,FORT,,1,1777024441.638954,103.89,Game,1,Predictable,56.02,0,,,4,,,130,Sound,,,
0,FORT,,1,1777024441.638954,103.9,Game,1,Predictable,56.04,0,,,4,,,130,Sound,,,
0,FORT,,1,1777024441.638954,103.91,Game,1,Predictable,56.04,0,,,4,,,130,Sound,,,
0,FORT,,1,1777024441.638954,103.93,Game,1,Predictable,56.05,0,,,4,,,130,Sound,,,
0,FORT,,1,1777024441.638954,103.94,Game,1,Predictable,56.07,0,,,4,,,130,Sound,,,
0,FORT,,1,1777024441.638954,103.95,Game,1,Predictable,56.08,0,,,4,,,130,Sound,,,
0,FORT,,1,1777024441.638954,103.96,Game,1,Predictable,56.09,0,,,4,,,130,Sound,,,
0,FORT,,1,1777024441.638954,103.97,Game,1,Predictable,56.1,0,,,4,,,130,Sound,,,
0,FORT,,1,1777024441.638954,103.98,Game,1,Predictable,56.11,0,,,4,,,130,Sound,,,
0,FORT,,1,1777024441.638954,103.99,Game,1,Predictable,56.12,0,,,4,,,130,Sound,,,
0,FORT,,1,1777024441.638954,104.0,Game,1,Predictable,56.14,0,,,4,,,130,Sound,,,
0,FORT,,1,1777024441.638954,104.03,Game,1,Predictable,56.14,0,,,4,,,130,Sound,,,
0,FORT,,1,1777024441.638954,104.04,Game,1,Predictable,56.17,0,,,4,,,130,Sound,,,
0,FORT,,1,1777024441.638954,104.05,Game,1,Predictable,56.19,0,,,4,,,130,Sound,,,
0,FORT,,1,1777024441.638954,104.06,Game,1,Predictable,56.19,0,,,4,,,130,Sound,,,
0,FORT,,1,1777024441.638954,104.08,Game,1,Predictable,56.2,0,,,4,,,130,Sound,,,
0,FORT,,1,1777024441.638954,104.09,Game,1,Predictable,56.22,0,,,4,,,130,Sound,,,
0,FORT,,1,1777024441.638954,104.1,Game,1,Predictable,56.23,0,,,4,,,130,Sound,,,
0,FORT,,1,1777024441.638954,104.11,Game,1,Predictable,56.24,0,,,4,,,130,Sound,,,
0,FORT,,1,1777024441.638954,104.12,Game,1,Predictable,56.25,0,,,4,,,130,Sound,,,
0,FORT,,1,1777024441.638954,104.13,Game,1,Predictable,56.26,0,,,4,,,130,Sound,,,
0,FORT,,1,1777024441.638954,104.14,Game,1,Predictable,56.27,0,,,4,,,130,Sound,,,
0,FORT,,1,1777024441.638954,104.15,Game,1,Predictable,56.29,0,,,4,,,130,Sound,,,
0,FORT,,1,1777024441.638954,104.16,Game,1,Predictable,56.29,0,,,4,,,130,Sound,,,
0,FORT,,1,1777024441.638954,104.18,Game,1,Predictable,56.3,0,,,4,,,130,Sound,,,
0,FORT,,1,1777024441.638954,104.19,Game,1,Predictable,56.32,0,,,4,,,130,Sound,,,
0,FORT,,1,1777024441.638954,104.2,Game,1,Predictable,56.33,0,,,4,,,130,Sound,,,
0,FORT,,1,1777024441.638954,104.21,Game,1,Predictable,56.34,0,,,4,,,130,Sound,,,
0,FORT,,1,1777024441.638954,104.22,Game,1,Predictable,56.35,0,,,4,,,130,Sound,,,
0,FORT,,1,1777024441.638954,104.23,Game,1,Predictable,56.36,0,,,4,,,130,Sound,,,
0,FORT,,1,1777024441.638954,104.24,Game,1,Predictable,56.37,0,,,4,,,130,Sound,,,
0,FORT,,1,1777024441.638954,104.25,Game,1,Predictable,56.39,0,,,4,,,130,Sound,,,
0,FORT,,1,1777024441.638954,104.26,Game,1,Predictable,56.39,0,,,4,,,130,Sound,,,
0,FORT,,1,1777024441.638954,104.28,Game,1,Predictable,56.4,0,,,4,,,130,Sound,,,
0,FORT,,1,1777024441.638954,104.29,Game,1,Predictable,56.42,0,,,4,,,130,Sound,,,
0,FORT,,1,1777024441.638954,104.3,Game,1,Predictable,56.43,0,,,4,,,130,Sound,,,
0,FORT,,1,1777024441.638954,104.31,Game,1,Predictable,56.44,0,,,4,,,130,Sound,,,
0,FORT,,1,1777024441.638954,104.32,Game,1,Predictable,56.45,0,,,4,,,130,Sound,,,
0,FORT,,1,1777024441.638954,104.33,Game,1,Predictable,56.46,0,,,4,,,130,Sound,,,
0,FORT,,1,1777024441.638954,104.34,Game,1,Predictable,56.47,0,,,4,,,130,Sound,,,
0,FORT,,1,1777024441.638954,104.35,Game,1,Predictable,56.49,0,,,4,,,130,Sound,,,
0,FORT,,1,1777024441.638954,104.36,Game,1,Predictable,56.49,0,,,4,,,130,Sound,,,
0,FORT,,1,1777024441.638954,104.38,Game,1,Predictable,56.51,0,,,4,,,130,Sound,,,
0,FORT,,1,1777024441.638954,104.39,Game,1,Predictable,56.52,0,,,4,,,130,Sound,,,
0,FORT,,1,1777024441.638954,104.4,Game,1,Predictable,56.53,0,,,4,,,130,Sound,,,
0,FORT,,1,1777024441.638954,104.41,Game,1,Predictable,56.54,0,,,4,,,130,Sound,,,
0,FORT,,1,1777024441.638954,104.42,Game,1,Predictable,56.55,0,,,4,,,130,Sound,,,
0,FORT,,1,1777024441.638954,104.43,Game,1,Predictable,56.56,0,,,4,,,130,Sound,,,
0,FORT,,1,1777024441.638954,104.44,Game,1,Predictable,56.57,0,,,4,,,130,Sound,,,
0,FORT,,1,1777024441.638954,104.45,Game,1,Predictable,56.59,0,,,4,,,130,Sound,,,
0,FORT,,1,1777024441.638954,104.46,Game,1,Predictable,56.59,0,,,4,,,130,Sound,,,
0,FORT,,1,1777024441.638954,104.48,Game,1,Predictable,56.6,0,,,4,,,130,Sound,,,
0,FORT,,1,1777024441.638954,104.49,Game,1,Predictable,56.62,0,,,4,,,130,Sound,,,
0,FORT,,1,1777024441.638954,104.5,Game,1,Predictable,56.63,0,,,4,,,130,Sound,,,
0,FORT,,1,1777024441.638954,104.51,Game,1,Predictable,56.64,0,,,4,,,130,Sound,,,
0,FORT,,1,1777024441.638954,104.52,Game,1,Predictable,56.65,0,,,4,,,130,Sound,,,
0,FORT,,1,1777024441.638954,104.53,Game,1,Predictable,56.66,0,,,4,,,130,Sound,,,
0,FORT,,1,1777024441.638954,104.54,Game,1,Predictable,56.67,0,,,4,,,130,Sound,,,
0,FORT,,1,1777024441.638954,104.55,Game,1,Predictable,56.69,0,,,4,,,130,Sound,,,
0,FORT,,1,1777024441.638954,104.56,Game,1,Predictable,56.69,0,,,4,,,130,Sound,,,
0,FORT,,1,1777024441.638954,104.58,Game,1,Predictable,56.71,0,,,4,,,130,Sound,,,
0,FORT,,1,1777024441.638954,104.59,Game,1,Predictable,56.72,0,,,4,,,130,Sound,,,
0,FORT,,1,1777024441.638954,104.6,Game,1,Predictable,56.73,0,,,4,,,130,Sound,,,
0,FORT,,1,1777024441.638954,104.61,Game,1,Predictable,56.74,0,,,4,,,130,Sound,,,
0,FORT,,1,1777024441.638954,104.62,Game,1,Predictable,56.75,0,,,4,,,130,Sound,,,
0,FORT,,1,1777024441.638954,104.63,Game,1,Predictable,56.76,0,,,4,,,130,Sound,,,
0,FORT,,1,1777024441.638954,104.64,Game,1,Predictable,56.77,0,,,4,,,130,Sound,,,
0,FORT,,1,1777024441.638954,104.65,Game,1,Predictable,56.79,0,,,4,,,130,Sound,,,
0,FORT,,1,1777024441.638954,104.66,Game,1,Predictable,56.79,0,,,4,,,130,Sound,,,
0,FORT,,1,1777024441.638954,104.68,Game,1,Predictable,56.81,0,,,4,,,130,Sound,,,
0,FORT,,1,1777024441.638954,104.69,Game,1,Predictable,56.82,0,,,4,,,130,Sound,,,
0,FORT,,1,1777024441.638954,104.7,Game,1,Predictable,56.83,0,,,4,,,130,Sound,,,
0,FORT,,1,1777024441.638954,104.71,Game,1,Predictable,56.84,0,,,4,,,130,Sound,,,
0,FORT,,1,1777024441.638954,104.72,Game,1,Predictable,56.85,0,,,4,,,130,Sound,,,
0,FORT,,1,1777024441.638954,104.73,Game,1,Predictable,56.86,0,,,4,,,130,Sound,,,
0,FORT,,1,1777024441.638954,104.74,Game,1,Predictable,56.87,0,,,4,,,130,Sound,,,
0,FORT,,1,1777024441.638954,104.75,Game,1,Predictable,56.89,0,,,4,,,130,Sound,,,
0,FORT,,1,1777024441.638954,104.76,Game,1,Predictable,56.89,0,,,4,,,130,Sound,,,
0,FORT,,1,1777024441.638954,104.78,Game,1,Predictable,56.9,0,,,4,,,130,Sound,,,
0,FORT,,1,1777024441.638954,104.79,Game,1,Predictable,56.92,0,,,4,,,130,Sound,,,
0,FORT,,1,1777024441.638954,104.8,Game,1,Predictable,56.93,0,,,4,,,130,Sound,,,
0,FORT,,1,1777024441.638954,104.81,Game,1,Predictable,56.94,0,,,4,,,130,Sound,,,
0,FORT,,1,1777024441.638954,104.82,Game,1,Predictable,56.95,0,,,4,,,130,Sound,,,
0,FORT,,1,1777024441.638954,104.83,Game,1,Predictable,56.96,0,,,4,,,130,Sound,,,
0,FORT,,1,1777024441.638954,104.84,Game,1,Predictable,56.97,0,,,4,,,130,Sound,,,
0,FORT,,1,1777024441.638954,104.85,Game,1,Predictable,56.99,0,,,4,,,130,Sound,,,
0,FORT,,1,1777024441.638954,104.86,Game,1,Predictable,56.99,0,,,4,,,130,Sound,,,
0,FORT,,1,1777024441.638954,104.88,Game,1,Predictable,57.01,0,,,4,,,130,Sound,,,
0,FORT,,1,1777024441.638954,104.89,Game,1,Predictable,57.02,0,,,4,,,130,Sound,,,
0,FORT,,1,1777024441.638954,104.9,Game,1,Predictable,57.03,0,,,4,,,130,Sound,,,
0,FORT,,1,1777024441.638954,104.91,Game,1,Predictable,57.04,0,,,4,,,130,Sound,,,
0,FORT,,1,1777024441.638954,104.92,Game,1,Predictable,57.05,0,,,4,,,130,Sound,,,
0,FORT,,1,1777024441.638954,104.93,Game,1,Predictable,57.06,0,,,4,,,130,Sound,,,
0,FORT,,1,1777024441.638954,104.94,Game,1,Predictable,57.07,0,,,4,,,130,Sound,,,
0,FORT,,1,1777024441.638954,104.95,Game,1,Predictable,57.09,0,,,4,,,130,Sound,,,
0,FORT,,1,1777024441.638954,104.96,Game,1,Predictable,57.09,0,,,4,,,130,Sound,,,
0,FORT,,1,1777024441.638954,104.98,Game,1,Predictable,57.11,0,,,4,,,130,Sound,,,
0,FORT,,1,1777024441.638954,104.99,Game,1,Predictable,57.12,0,,,4,,,130,Sound,,,
0,FORT,,1,1777024441.638954,105.0,Game,1,Predictable,57.13,0,,,4,,,130,Sound,,,
0,FORT,,1,1777024441.638954,105.01,Game,1,Predictable,57.14,0,,,4,,,130,Sound,,,
0,FORT,,1,1777024441.638954,105.02,Game,1,Predictable,57.15,0,,,4,,,130,Sound,,,
0,FORT,,1,1777024441.638954,105.03,Game,1,Predictable,57.16,0,,,4,,,130,Sound,,,
0,FORT,,1,1777024441.638954,105.04,Game,1,Predictable,57.17,0,,,4,,,130,Sound,,,
0,FORT,,1,1777024441.638954,105.05,Game,1,Predictable,57.19,0,,,4,,,130,Sound,,,
0,FORT,,1,1777024441.638954,105.06,Game,1,Predictable,57.19,0,,,4,,,130,Sound,,,
0,FORT,,1,1777024441.638954,105.08,Game,1,Predictable,57.2,0,,,4,,,130,Sound,,,
0,FORT,,1,1777024441.638954,105.09,Game,1,Predictable,57.22,0,,,4,,,130,Sound,,,
0,FORT,,1,1777024441.638954,105.1,Game,1,Predictable,57.23,0,,,4,,,130,Sound,,,
0,FORT,,1,1777024441.638954,105.11,Game,1,Predictable,57.24,0,,,4,,,130,Sound,,,
0,FORT,,1,1777024441.638954,105.12,Game,1,Predictable,57.25,0,,,4,,,130,Sound,,,
0,FORT,,1,1777024441.638954,105.13,Game,1,Predictable,57.26,0,,,4,,,130,Sound,,,
0,FORT,,1,1777024441.638954,105.14,Game,1,Predictable,57.27,0,,,4,,,130,Sound,,,
0,FORT,,1,1777024441.638954,105.15,Game,1,Predictable,57.29,0,,,4,,,130,Sound,,,
0,FORT,,1,1777024441.638954,105.16,Game,1,Predictable,57.29,0,,,4,,,130,Sound,,,
0,FORT,,1,1777024441.638954,105.18,Game,1,Predictable,57.3,0,,,4,,,130,Sound,,,
0,FORT,,1,1777024441.638954,105.19,Game,1,Predictable,57.32,0,,,4,,,130,Sound,,,
0,FORT,,1,1777024441.638954,105.2,Game,1,Predictable,57.33,0,,,4,,,130,Sound,,,
0,FORT,,1,1777024441.638954,105.21,Game,1,Predictable,57.34,0,,,4,,,130,Sound,,,
0,FORT,,1,1777024441.638954,105.22,Game,1,Predictable,57.35,0,,,4,,,130,Sound,,,
0,FORT,,1,1777024441.638954,105.23,Game,1,Predictable,57.36,0,,,4,,,130,Sound,,,
0,FORT,,1,1777024441.638954,105.24,Game,1,Predictable,57.37,0,,,4,,,130,Sound,,,
0,FORT,,1,1777024441.638954,105.25,Game,1,Predictable,57.39,0,,,4,,,130,Sound,,,
0,FORT,,1,1777024441.638954,105.26,Game,1,Predictable,57.39,0,,,4,,,130,Sound,,,
0,FORT,,1,1777024441.638954,105.28,Game,1,Predictable,57.4,0,,,4,,,130,Sound,,,
0,FORT,,1,1777024441.638954,105.29,Game,1,Predictable,57.42,0,,,4,,,130,Sound,,,
0,FORT,,1,1777024441.638954,105.3,Game,1,Predictable,57.43,0,,,4,,,130,Sound,,,
0,FORT,,1,1777024441.638954,105.31,Game,1,Predictable,57.44,0,,,4,,,130,Sound,,,
0,FORT,,1,1777024441.638954,105.32,Game,1,Predictable,57.45,0,,,4,,,130,Sound,,,
0,FORT,,1,1777024441.638954,105.33,Game,1,Predictable,57.46,0,,,4,,,130,Sound,,,
0,FORT,,1,1777024441.638954,105.34,Game,1,Predictable,57.47,0,,,4,,,130,Sound,,,
0,FORT,,1,1777024441.638954,105.35,Game,1,Predictable,57.49,0,,,4,,,130,Sound,,,
0,FORT,,1,1777024441.638954,105.36,Game,1,Predictable,57.49,0,,,4,,,130,Sound,,,
0,FORT,,1,1777024441.638954,105.38,Game,1,Predictable,57.5,0,,,4,,,130,Sound,,,
0,FORT,,1,1777024441.638954,105.39,Game,1,Predictable,57.52,0,,,4,,,130,Sound,,,
0,FORT,,1,1777024441.638954,105.4,Game,1,Predictable,57.53,0,,,4,,,130,Sound,,,
0,FORT,,1,1777024441.638954,105.41,Game,1,Predictable,57.54,0,,,4,,,130,Sound,,,
0,FORT,,1,1777024441.638954,105.42,Game,1,Predictable,57.55,0,,,4,,,130,Sound,,,
0,FORT,,1,1777024441.638954,105.43,Game,1,Predictable,57.56,0,,,4,,,130,Sound,,,
0,FORT,,1,1777024441.638954,105.44,Game,1,Predictable,57.57,0,,,4,,,130,Sound,,,
0,FORT,,1,1777024441.638954,105.45,Game,1,Predictable,57.59,0,,,4,,,130,Sound,,,
0,FORT,,1,1777024441.638954,105.46,Game,1,Predictable,57.59,0,,,4,,,130,Sound,,,
0,FORT,,1,1777024441.638954,105.48,Game,1,Predictable,57.6,0,,,4,,,130,Sound,,,
0,FORT,,1,1777024441.638954,105.49,Game,1,Predictable,57.62,0,,,4,,,130,Sound,,,
0,FORT,,1,1777024441.638954,105.5,Game,1,Predictable,57.63,0,,,4,,,130,Sound,,,
0,FORT,,1,1777024441.638954,105.51,Game,1,Predictable,57.64,0,,,4,,,130,Sound,,,
0,FORT,,1,1777024441.638954,105.52,Game,1,Predictable,57.65,0,,,4,,,130,Sound,,,
0,FORT,,1,1777024441.638954,105.53,Game,1,Predictable,57.66,0,,,4,,,130,Sound,,,
0,FORT,,1,1777024441.638954,105.54,Game,1,Predictable,57.67,0,,,4,,,130,Sound,,,
0,FORT,,1,1777024441.638954,105.55,Game,1,Predictable,57.69,0,,,4,,,130,Sound,,,
0,FORT,,1,1777024441.638954,105.56,Game,1,Predictable,57.69,0,,,4,,,130,Sound,,,
0,FORT,,1,1777024441.638954,105.58,Game,1,Predictable,57.71,0,,,4,,,130,Sound,,,
0,FORT,,1,1777024441.638954,105.59,Game,1,Predictable,57.72,0,,,4,,,130,Sound,,,
0,FORT,,1,1777024441.638954,105.6,Game,1,Predictable,57.73,0,,,4,,,130,Sound,,,
0,FORT,,1,1777024441.638954,105.61,Game,1,Predictable,57.74,0,,,4,,,130,Sound,,,
0,FORT,,1,1777024441.638954,105.62,Game,1,Predictable,57.75,0,,,4,,,130,Sound,,,
0,FORT,,1,1777024441.638954,105.63,Game,1,Predictable,57.76,0,,,4,,,130,Sound,,,
0,FORT,,1,1777024441.638954,105.64,Game,1,Predictable,57.77,0,,,4,,,130,Sound,,,
0,FORT,,1,1777024441.638954,105.65,Game,1,Predictable,57.79,0,,,4,,,130,Sound,,,
0,FORT,,1,1777024441.638954,105.66,Game,1,Predictable,57.79,0,,,4,,,130,Sound,,,
0,FORT,,1,1777024441.638954,105.68,Game,1,Predictable,57.81,0,,,4,,,130,Sound,,,
0,FORT,,1,1777024441.638954,105.69,Game,1,Predictable,57.82,0,,,4,,,130,Sound,,,
0,FORT,,1,1777024441.638954,105.7,Game,1,Predictable,57.83,0,,,4,,,130,Sound,,,
0,FORT,,1,1777024441.638954,105.71,Game,1,Predictable,57.84,0,,,4,,,130,Sound,,,
0,FORT,,1,1777024441.638954,105.72,Game,1,Predictable,57.85,0,,,4,,,130,Sound,,,
0,FORT,,1,1777024441.638954,105.73,Game,1,Predictable,57.86,0,,,4,,,130,Sound,,,
0,FORT,,1,1777024441.638954,105.74,Game,1,Predictable,57.87,0,,,4,,,130,Sound,,,
0,FORT,,1,1777024441.638954,105.75,Game,1,Predictable,57.89,0,,,4,,,130,Sound,,,
0,FORT,,1,1777024441.638954,105.76,Game,1,Predictable,57.89,0,,,4,,,130,Sound,,,
0,FORT,,1,1777024441.638954,105.78,Game,1,Predictable,57.9,0,,,4,,,130,Sound,,,
0,FORT,,1,1777024441.638954,105.79,Game,1,Predictable,57.92,0,,,4,,,130,Sound,,,
0,FORT,,1,1777024441.638954,105.8,Game,1,Predictable,57.93,0,,,4,,,130,Sound,,,
0,FORT,,1,1777024441.638954,105.81,Game,1,Predictable,57.94,0,,,4,,,130,Sound,,,
0,FORT,,1,1777024441.638954,105.82,Game,1,Predictable,57.95,0,,,4,,,130,Sound,,,
0,FORT,,1,1777024441.638954,105.83,Game,1,Predictable,57.96,0,,,4,,,130,Sound,,,
0,FORT,,1,1777024441.638954,105.84,Game,1,Predictable,57.97,0,,,4,,,130,Sound,,,
0,FORT,,1,1777024441.638954,105.85,Game,1,Predictable,57.99,0,,,4,,,130,Sound,,,
0,FORT,,1,1777024441.638954,105.86,Game,1,Predictable,57.99,0,,,4,,,130,Sound,,,
0,FORT,,1,1777024441.638954,105.88,Game,1,Predictable,58.01,0,,,4,,,130,Sound,,,
0,FORT,,1,1777024441.638954,105.89,Game,1,Predictable,58.02,0,1,,4,,,131,Sound,,,
0,FORT,,1,1777024441.638954,105.94,Game,1,Predictable,58.02,0,1,,4,,,131,Sound,,,
0,FORT,,1,1777024441.638954,106.0,Game,1,Predictable,58.02,0,1,,4,,,131,Sound,,,
0,FORT,,1,1777024441.638954,106.05,Game,1,Predictable,58.02,0,1,,4,,,131,Sound,,,
0,FORT,,1,1777024441.638954,106.11,Game,1,Predictable,58.02,0,1,,4,,,131,Sound,,,
0,FORT,,1,1777024441.638954,106.16,Game,1,Predictable,58.02,0,1,,4,,,131,Sound,,,
0,FORT,,1,1777024441.638954,106.22,Game,1,Predictable,58.02,0,1,,4,,,131,Sound,,,
0,FORT,,1,1777024441.638954,106.27,Game,1,Predictable,58.02,0,1,,4,,,131,Sound,,,
0,FORT,,1,1777024441.638954,106.33,Game,1,Predictable,58.02,0,1,,4,,,131,Sound,,,
0,FORT,,1,1777024441.638954,106.38,Game,1,Predictable,58.02,0,1,,4,,,131,Sound,,,
0,FORT,,1,1777024441.638954,106.44,Game,1,Predictable,58.02,0,1,,4,,,131,Sound,,,
0,FORT,,1,1777024441.638954,106.49,Game,1,Predictable,58.02,0,1,,4,,,131,Sound,,,
0,FORT,,1,1777024441.638954,106.55,Game,1,Predictable,58.02,0,1,,4,,,131,Sound,,,
0,FORT,,1,1777024441.638954,106.61,Game,1,Predictable,58.02,0,1,,4,,,131,Sound,,,
0,FORT,,1,1777024441.638954,106.66,Game,1,Predictable,58.02,0,1,,4,,,131,Sound,,,
0,FORT,,1,1777024441.638954,106.72,Game,1,Predictable,58.02,0,1,,4,,,131,Sound,,,
0,FORT,,1,1777024441.638954,106.77,Game,1,Predictable,58.02,0,1,,4,,,131,Sound,,,
0,FORT,,1,1777024441.638954,106.83,Game,1,Predictable,58.02,0,1,,4,,,131,Sound,,,
0,FORT,,1,1777024441.638954,106.88,Game,1,Predictable,58.02,0,1,,4,,,131,Sound,,,
0,FORT,,1,1777024441.638954,106.94,Game,1,Predictable,58.02,0,,,4,,,130,Sound,,,
0,FORT,,1,1777024441.638954,106.95,Game,1,Predictable,59.08,0,,,4,,,130,Sound,,,
0,FORT,,1,1777024441.638954,106.98,Game,1,Predictable,59.09,0,,,4,,,130,Sound,,,
0,FORT,,1,1777024441.638954,106.99,Game,1,Predictable,59.12,0,,,4,,,130,Sound,,,
0,FORT,,1,1777024441.638954,107.0,Game,1,Predictable,59.14,0,,,4,,,130,Sound,,,
0,FORT,,1,1777024441.638954,107.01,Game,1,Predictable,59.15,0,,,4,,,130,Sound,,,
0,FORT,,1,1777024441.638954,107.03,Game,1,Predictable,59.16,0,,,4,,,130,Sound,,,
0,FORT,,1,1777024441.638954,107.04,Game,1,Predictable,59.17,0,,,4,,,130,Sound,,,
0,FORT,,1,1777024441.638954,107.05,Game,1,Predictable,59.18,0,,,4,,,130,Sound,,,
0,FORT,,1,1777024441.638954,107.06,Game,1,Predictable,59.19,0,,,4,,,130,Sound,,,
0,FORT,,1,1777024441.638954,107.07,Game,1,Predictable,59.2,0,,,4,,,130,Sound,,,
0,FORT,,1,1777024441.638954,107.08,Game,1,Predictable,59.21,0,,,4,,,130,Sound,,,
0,FORT,,1,1777024441.638954,107.09,Game,1,Predictable,59.22,0,,,4,,,130,Sound,,,
0,FORT,,1,1777024441.638954,107.1,Game,1,Predictable,59.24,0,,,4,,,130,Sound,,,
0,FORT,,1,1777024441.638954,107.11,Game,1,Predictable,59.24,0,,,4,,,130,Sound,,,
0,FORT,,1,1777024441.638954,107.13,Game,1,Predictable,59.26,0,,,4,,,130,Sound,,,
0,FORT,,1,1777024441.638954,107.14,Game,1,Predictable,59.27,0,,,4,,,130,Sound,,,
0,FORT,,1,1777024441.638954,107.15,Game,1,Predictable,59.28,0,,,4,,,130,Sound,,,
0,FORT,,1,1777024441.638954,107.16,Game,1,Predictable,59.29,0,,,4,,,130,Sound,,,
0,FORT,,1,1777024441.638954,107.17,Game,1,Predictable,59.3,0,,,4,,,130,Sound,,,
0,FORT,,1,1777024441.638954,107.18,Game,1,Predictable,59.31,0,,,4,,,130,Sound,,,
0,FORT,,1,1777024441.638954,107.19,Game,1,Predictable,59.32,0,,,4,,,130,Sound,,,
0,FORT,,1,1777024441.638954,107.2,Game,1,Predictable,59.34,0,,,4,,,130,Sound,,,
0,FORT,,1,1777024441.638954,107.21,Game,1,Predictable,59.34,0,,,4,,,130,Sound,,,
0,FORT,,1,1777024441.638954,107.23,Game,1,Predictable,59.36,0,,,4,,,130,Sound,,,
0,FORT,,1,1777024441.638954,107.24,Game,1,Predictable,59.37,0,,,4,,,130,Sound,,,
0,FORT,,1,1777024441.638954,107.25,Game,1,Predictable,59.38,0,,,4,,,130,Sound,,,
0,FORT,,1,1777024441.638954,107.26,Game,1,Predictable,59.39,0,,,4,,,130,Sound,,,
0,FORT,,1,1777024441.638954,107.27,Game,1,Predictable,59.4,0,,,4,,,130,Sound,,,
0,FORT,,1,1777024441.638954,107.28,Game,1,Predictable,59.41,0,,,4,,,130,Sound,,,
0,FORT,,1,1777024441.638954,107.29,Game,1,Predictable,59.42,0,,,4,,,130,Sound,,,
0,FORT,,1,1777024441.638954,107.3,Game,1,Predictable,59.44,0,,,4,,,130,Sound,,,
0,FORT,,1,1777024441.638954,107.31,Game,1,Predictable,59.44,0,,,4,,,130,Sound,,,
0,FORT,,1,1777024441.638954,107.33,Game,1,Predictable,59.45,0,,,4,,,130,Sound,,,
0,FORT,,1,1777024441.638954,107.34,Game,1,Predictable,59.47,0,,,4,,,130,Sound,,,
0,FORT,,1,1777024441.638954,107.35,Game,1,Predictable,59.48,0,,,4,,,130,Sound,,,
0,FORT,,1,1777024441.638954,107.36,Game,1,Predictable,59.49,0,,,4,,,130,Sound,,,
0,FORT,,1,1777024441.638954,107.37,Game,1,Predictable,59.5,0,,,4,,,130,Sound,,,
0,FORT,,1,1777024441.638954,107.38,Game,1,Predictable,59.51,0,,,4,,,130,Sound,,,
0,FORT,,1,1777024441.638954,107.39,Game,1,Predictable,59.52,0,,,4,,,130,Sound,,,
0,FORT,,1,1777024441.638954,107.4,Game,1,Predictable,59.54,0,,,4,,,130,Sound,,,
0,FORT,,1,1777024441.638954,107.41,Game,1,Predictable,59.54,0,,,4,,,130,Sound,,,
0,FORT,,1,1777024441.638954,107.43,Game,1,Predictable,59.55,0,,,4,,,130,Sound,,,
0,FORT,,1,1777024441.638954,107.44,Game,1,Predictable,59.57,0,,,4,,,130,Sound,,,
0,FORT,,1,1777024441.638954,107.45,Game,1,Predictable,59.58,0,,,4,,,130,Sound,,,
0,FORT,,1,1777024441.638954,107.46,Game,1,Predictable,59.59,0,,,4,,,130,Sound,,,
0,FORT,,1,1777024441.638954,107.47,Game,1,Predictable,59.6,0,,,4,,,130,Sound,,,
0,FORT,,1,1777024441.638954,107.48,Game,1,Predictable,59.61,0,,,4,,,130,Sound,,,
0,FORT,,1,1777024441.638954,107.49,Game,1,Predictable,59.62,0,,,4,,,130,Sound,,,
0,FORT,,1,1777024441.638954,107.5,Game,1,Predictable,59.64,0,,,4,,,130,Sound,,,
0,FORT,,1,1777024441.638954,107.51,Game,1,Predictable,59.64,0,,,4,,,130,Sound,,,
0,FORT,,1,1777024441.638954,107.53,Game,1,Predictable,59.66,0,,,4,,,130,Sound,,,
0,FORT,,1,1777024441.638954,107.54,Game,1,Predictable,59.67,0,,,4,,,130,Sound,,,
0,FORT,,1,1777024441.638954,107.55,Game,1,Predictable,59.68,0,,,4,,,130,Sound,,,
0,FORT,,1,1777024441.638954,107.56,Game,1,Predictable,59.69,0,,,4,,,130,Sound,,,
0,FORT,,1,1777024441.638954,107.57,Game,1,Predictable,59.7,0,,,4,,,130,Sound,,,
0,FORT,,1,1777024441.638954,107.58,Game,1,Predictable,59.71,0,,,4,,,130,Sound,,,
0,FORT,,1,1777024441.638954,107.59,Game,1,Predictable,59.72,0,,,4,,,130,Sound,,,
0,FORT,,1,1777024441.638954,107.6,Game,1,Predictable,59.74,0,,,4,,,130,Sound,,,
0,FORT,,1,1777024441.638954,107.61,Game,1,Predictable,59.74,0,,,4,,,130,Sound,,,
0,FORT,,1,1777024441.638954,107.63,Game,1,Predictable,59.76,0,,,4,,,130,Sound,,,
0,FORT,,1,1777024441.638954,107.64,Game,1,Predictable,59.77,0,,,4,,,130,Sound,,,
0,FORT,,1,1777024441.638954,107.65,Game,1,Predictable,59.78,0,,,4,,,130,Sound,,,
0,FORT,,1,1777024441.638954,107.66,Game,1,Predictable,59.79,0,,,4,,,130,Sound,,,
0,FORT,,1,1777024441.638954,107.67,Game,1,Predictable,59.8,0,,,4,,,130,Sound,,,
0,FORT,,1,1777024441.638954,107.68,Game,1,Predictable,59.81,0,,,4,,,130,Sound,,,
0,FORT,,1,1777024441.638954,107.69,Game,1,Predictable,59.82,0,,,4,,,130,Sound,,,
0,FORT,,1,1777024441.638954,107.7,Game,1,Predictable,59.84,0,,,4,,,130,Sound,,,
0,FORT,,1,1777024441.638954,107.71,Game,1,Predictable,59.84,0,,,4,,,130,Sound,,,
0,FORT,,1,1777024441.638954,107.73,Game,1,Predictable,59.86,0,,,4,,,130,Sound,,,
0,FORT,,1,1777024441.638954,107.74,Game,1,Predictable,59.87,0,,,4,,,130,Sound,,,
0,FORT,,1,1777024441.638954,107.75,Game,1,Predictable,59.88,0,,,4,,,130,Sound,,,
0,FORT,,1,1777024441.638954,107.76,Game,1,Predictable,59.89,0,,,4,,,130,Sound,,,
0,FORT,,1,1777024441.638954,107.77,Game,1,Predictable,59.9,0,,,4,,,130,Sound,,,
0,FORT,,1,1777024441.638954,107.78,Game,1,Predictable,59.91,0,,,4,,,130,Sound,,,
0,FORT,,1,1777024441.638954,107.79,Game,1,Predictable,59.92,0,,,4,,,130,Sound,,,
0,FORT,,1,1777024441.638954,107.8,Game,1,Predictable,59.94,0,,,4,,,130,Sound,,,
0,FORT,,1,1777024441.638954,107.81,Game,1,Predictable,59.94,0,,,4,,,130,Sound,,,
0,FORT,,1,1777024441.638954,107.83,Game,1,Predictable,59.95,0,,,4,,,130,Sound,,,
0,FORT,,1,1777024441.638954,107.84,Game,1,Predictable,59.97,0,,,4,,,130,Sound,,,
0,FORT,,1,1777024441.638954,107.85,Game,1,Predictable,59.98,0,,,4,,,130,Sound,,,
0,FORT,,1,1777024441.638954,107.86,Game,1,Predictable,59.99,0,,,4,,,130,Sound,,,
0,FORT,,1,1777024441.638954,107.87,Game,1,Predictable,60.0,0,,,4,,,130,Sound,,,
0,FORT,,1,1777024441.638954,107.88,Game,1,Predictable,60.01,0,,,4,,,130,Sound,,,
0,FORT,,1,1777024441.638954,107.89,Game,1,Predictable,60.02,0,,,4,,,130,Sound,,,
0,FORT,,1,1777024441.638954,107.9,Game,1,Predictable,60.04,0,,,4,,,130,Sound,,,
0,FORT,,1,1777024441.638954,107.91,Game,1,Predictable,60.04,0,,,4,,,130,Sound,,,
0,FORT,,1,1777024441.638954,107.93,Game,1,Predictable,60.06,0,,,4,,,130,Sound,,,
0,FORT,,1,1777024441.638954,107.94,Game,1,Predictable,60.07,0,,,4,,,130,Sound,,,
0,FORT,,1,1777024441.638954,107.95,Game,1,Predictable,60.08,0,,,4,,,130,Sound,,,
0,FORT,,1,1777024441.638954,107.96,Game,1,Predictable,60.09,0,,,4,,,130,Sound,,,
0,FORT,,1,1777024441.638954,107.97,Game,1,Predictable,60.1,0,,,4,,,130,Sound,,,
0,FORT,,1,1777024441.638954,107.98,Game,1,Predictable,60.11,0,,,4,,,130,Sound,,,
0,FORT,,1,1777024441.638954,107.99,Game,1,Predictable,60.12,0,,,4,,,130,Sound,,,
0,FORT,,1,1777024441.638954,108.0,Game,1,Predictable,60.14,0,,,4,,,130,Sound,,,
0,FORT,,1,1777024441.638954,108.01,Game,1,Predictable,60.15,0,,,4,,,130,Sound,,,
0,FORT,,1,1777024441.638954,108.03,Game,1,Predictable,60.16,0,,,4,,,130,Sound,,,
0,FORT,,1,1777024441.638954,108.04,Game,1,Predictable,60.17,0,,,4,,,130,Sound,,,
0,FORT,,1,1777024441.638954,108.05,Game,1,Predictable,60.18,0,,,4,,,130,Sound,,,
0,FORT,,1,1777024441.638954,108.06,Game,1,Predictable,60.19,0,,,4,,,130,Sound,,,
0,FORT,,1,1777024441.638954,108.07,Game,1,Predictable,60.2,0,,,4,,,130,Sound,,,
0,FORT,,1,1777024441.638954,108.08,Game,1,Predictable,60.21,0,,,4,,,130,Sound,,,
0,FORT,,1,1777024441.638954,108.09,Game,1,Predictable,60.22,0,,,4,,,130,Sound,,,
0,FORT,,1,1777024441.638954,108.1,Game,1,Predictable,60.24,0,,,4,,,130,Sound,,,
0,FORT,,1,1777024441.638954,108.11,Game,1,Predictable,60.24,0,,,4,,,130,Sound,,,
0,FORT,,1,1777024441.638954,108.13,Game,1,Predictable,60.26,0,,,4,,,130,Sound,,,
0,FORT,,1,1777024441.638954,108.14,Game,1,Predictable,60.27,0,,,4,,,130,Sound,,,
0,FORT,,1,1777024441.638954,108.15,Game,1,Predictable,60.28,0,,,4,,,130,Sound,,,
0,FORT,,1,1777024441.638954,108.16,Game,1,Predictable,60.29,0,,,4,,,130,Sound,,,
0,FORT,,1,1777024441.638954,108.17,Game,1,Predictable,60.3,0,,,4,,,130,Sound,,,
0,FORT,,1,1777024441.638954,108.18,Game,1,Predictable,60.31,0,,,4,,,130,Sound,,,
0,FORT,,1,1777024441.638954,108.19,Game,1,Predictable,60.32,0,,,4,,,130,Sound,,,
0,FORT,,1,1777024441.638954,108.2,Game,1,Predictable,60.34,0,,,4,,,130,Sound,,,
0,FORT,,1,1777024441.638954,108.21,Game,1,Predictable,60.34,0,,,4,,,130,Sound,,,
0,FORT,,1,1777024441.638954,108.23,Game,1,Predictable,60.36,0,,,4,,,130,Sound,,,
0,FORT,,1,1777024441.638954,108.24,Game,1,Predictable,60.37,0,,,4,,,130,Sound,,,
0,FORT,,1,1777024441.638954,108.25,Game,1,Predictable,60.38,0,,,4,,,130,Sound,,,
0,FORT,,1,1777024441.638954,108.26,Game,1,Predictable,60.39,0,,,4,,,130,Sound,,,
0,FORT,,1,1777024441.638954,108.27,Game,1,Predictable,60.4,0,,,4,,,130,Sound,,,
0,FORT,,1,1777024441.638954,108.28,Game,1,Predictable,60.41,0,,,4,,,130,Sound,,,
0,FORT,,1,1777024441.638954,108.29,Game,1,Predictable,60.42,0,,,4,,,130,Sound,,,
0,FORT,,1,1777024441.638954,108.3,Game,1,Predictable,60.44,0,,,4,,,130,Sound,,,
0,FORT,,1,1777024441.638954,108.31,Game,1,Predictable,60.44,0,,,4,,,130,Sound,,,
0,FORT,,1,1777024441.638954,108.33,Game,1,Predictable,60.46,0,,,4,,,130,Sound,,,
0,FORT,,1,1777024441.638954,108.34,Game,1,Predictable,60.47,0,,,4,,,130,Sound,,,
0,FORT,,1,1777024441.638954,108.35,Game,1,Predictable,60.48,0,,,4,,,130,Sound,,,
0,FORT,,1,1777024441.638954,108.36,Game,1,Predictable,60.49,0,,,4,,,130,Sound,,,
0,FORT,,1,1777024441.638954,108.37,Game,1,Predictable,60.5,0,,,4,,,130,Sound,,,
0,FORT,,1,1777024441.638954,108.38,Game,1,Predictable,60.51,0,,,4,,,130,Sound,,,
0,FORT,,1,1777024441.638954,108.39,Game,1,Predictable,60.52,0,,,4,,,130,Sound,,,
0,FORT,,1,1777024441.638954,108.4,Game,1,Predictable,60.54,0,,,4,,,130,Sound,,,
0,FORT,,1,1777024441.638954,108.41,Game,1,Predictable,60.55,0,,,4,,,130,Sound,,,
0,FORT,,1,1777024441.638954,108.43,Game,1,Predictable,60.56,0,,,4,,,130,Sound,,,
0,FORT,,1,1777024441.638954,108.44,Game,1,Predictable,60.57,0,,,4,,,130,Sound,,,
0,FORT,,1,1777024441.638954,108.45,Game,1,Predictable,60.58,0,,,4,,,130,Sound,,,
0,FORT,,1,1777024441.638954,108.46,Game,1,Predictable,60.59,0,,,4,,,130,Sound,,,
0,FORT,,1,1777024441.638954,108.47,Game,1,Predictable,60.6,0,,,4,,,130,Sound,,,
0,FORT,,1,1777024441.638954,108.48,Game,1,Predictable,60.61,0,,,4,,,130,Sound,,,
0,FORT,,1,1777024441.638954,108.49,Game,1,Predictable,60.62,0,,,4,,,130,Sound,,,
0,FORT,,1,1777024441.638954,108.5,Game,1,Predictable,60.64,0,,,4,,,130,Sound,,,
0,FORT,,1,1777024441.638954,108.51,Game,1,Predictable,60.64,0,,,4,,,130,Sound,,,
0,FORT,,1,1777024441.638954,108.53,Game,1,Predictable,60.66,0,,,4,,,130,Sound,,,
0,FORT,,1,1777024441.638954,108.54,Game,1,Predictable,60.67,0,,,4,,,130,Sound,,,
0,FORT,,1,1777024441.638954,108.55,Game,1,Predictable,60.68,0,,,4,,,130,Sound,,,
0,FORT,,1,1777024441.638954,108.56,Game,1,Predictable,60.69,0,,,4,,,130,Sound,,,
0,FORT,,1,1777024441.638954,108.57,Game,1,Predictable,60.7,0,,,4,,,130,Sound,,,
0,FORT,,1,1777024441.638954,108.58,Game,1,Predictable,60.71,0,,,4,,,130,Sound,,,
0,FORT,,1,1777024441.638954,108.59,Game,1,Predictable,60.72,0,,,4,,,130,Sound,,,
0,FORT,,1,1777024441.638954,108.6,Game,1,Predictable,60.74,0,,,4,,,130,Sound,,,
0,FORT,,1,1777024441.638954,108.61,Game,1,Predictable,60.75,0,,,4,,,130,Sound,,,
0,FORT,,1,1777024441.638954,108.63,Game,1,Predictable,60.76,0,,,4,,,130,Sound,,,
0,FORT,,1,1777024441.638954,108.64,Game,1,Predictable,60.77,0,,,4,,,130,Sound,,,
0,FORT,,1,1777024441.638954,108.65,Game,1,Predictable,60.78,0,,,4,,,130,Sound,,,
0,FORT,,1,1777024441.638954,108.66,Game,1,Predictable,60.79,0,,,4,,,130,Sound,,,
0,FORT,,1,1777024441.638954,108.67,Game,1,Predictable,60.8,0,,,4,,,130,Sound,,,
0,FORT,,1,1777024441.638954,108.68,Game,1,Predictable,60.81,0,,,4,,,130,Sound,,,
0,FORT,,1,1777024441.638954,108.69,Game,1,Predictable,60.82,0,,,4,,,130,Sound,,,
0,FORT,,1,1777024441.638954,108.7,Game,1,Predictable,60.84,0,,,4,,,130,Sound,,,
0,FORT,,1,1777024441.638954,108.71,Game,1,Predictable,60.84,0,,,4,,,130,Sound,,,
0,FORT,,1,1777024441.638954,108.73,Game,1,Predictable,60.86,0,,,4,,,130,Sound,,,
0,FORT,,1,1777024441.638954,108.74,Game,1,Predictable,60.87,0,,,4,,,130,Sound,,,
0,FORT,,1,1777024441.638954,108.75,Game,1,Predictable,60.88,0,,,4,,,130,Sound,,,
0,FORT,,1,1777024441.638954,108.76,Game,1,Predictable,60.89,0,,,4,,,130,Sound,,,
0,FORT,,1,1777024441.638954,108.77,Game,1,Predictable,60.9,0,,,4,,,130,Sound,,,
0,FORT,,1,1777024441.638954,108.78,Game,1,Predictable,60.91,0,,,4,,,130,Sound,,,
0,FORT,,1,1777024441.638954,108.79,Game,1,Predictable,60.92,0,,,4,,,130,Sound,,,
0,FORT,,1,1777024441.638954,108.8,Game,1,Predictable,60.94,0,,,4,,,130,Sound,,,
0,FORT,,1,1777024441.638954,108.81,Game,1,Predictable,60.94,0,,,4,,,130,Sound,,,
0,FORT,,1,1777024441.638954,108.83,Game,1,Predictable,60.96,0,,,4,,,130,Sound,,,
0,FORT,,1,1777024441.638954,108.84,Game,1,Predictable,60.97,0,,,4,,,130,Sound,,,
0,FORT,,1,1777024441.638954,108.85,Game,1,Predictable,60.98,0,,,4,,,130,Sound,,,
0,FORT,,1,1777024441.638954,108.86,Game,1,Predictable,60.99,0,,,4,,,130,Sound,,,
0,FORT,,1,1777024441.638954,108.87,Game,1,Predictable,61.0,0,,,4,,,130,Sound,,,
0,FORT,,1,1777024441.638954,108.88,Game,1,Predictable,61.01,0,,,4,,,130,Sound,,,
0,FORT,,1,1777024441.638954,108.89,Game,1,Predictable,61.02,0,,,4,,,130,Sound,,,
0,FORT,,1,1777024441.638954,108.9,Game,1,Predictable,61.04,0,,,4,,,130,Sound,,,
0,FORT,,1,1777024441.638954,108.91,Game,1,Predictable,61.05,0,,,4,,,130,Sound,,,
0,FORT,,1,1777024441.638954,108.93,Game,1,Predictable,61.06,0,,,4,,,130,Sound,,,
0,FORT,,1,1777024441.638954,108.94,Game,1,Predictable,61.07,0,,,4,,,130,Sound,,,
0,FORT,,1,1777024441.638954,108.95,Game,1,Predictable,61.08,0,,,4,,,130,Sound,,,
0,FORT,,1,1777024441.638954,108.96,Game,1,Predictable,61.09,0,,,4,,,130,Sound,,,
0,FORT,,1,1777024441.638954,108.97,Game,1,Predictable,61.1,0,,,4,,,130,Sound,,,
0,FORT,,1,1777024441.638954,108.98,Game,1,Predictable,61.11,0,,,4,,,130,Sound,,,
0,FORT,,1,1777024441.638954,108.99,Game,1,Predictable,61.12,0,,,4,,,130,Sound,,,
0,FORT,,1,1777024441.638954,109.0,Game,1,Predictable,61.14,0,,,4,,,130,Sound,,,
0,FORT,,1,1777024441.638954,109.01,Game,1,Predictable,61.15,0,,,4,,,130,Sound,,,
0,FORT,,1,1777024441.638954,109.03,Game,1,Predictable,61.16,0,,,4,,,130,Sound,,,
0,FORT,,1,1777024441.638954,109.04,Game,1,Predictable,61.17,0,,,4,,,130,Sound,,,
0,FORT,,1,1777024441.638954,109.05,Game,1,Predictable,61.18,0,,,4,,,130,Sound,,,
0,FORT,,1,1777024441.638954,109.06,Game,1,Predictable,61.19,0,,,4,,,130,Sound,,,
0,FORT,,1,1777024441.638954,109.07,Game,1,Predictable,61.2,0,,,4,,,130,Sound,,,
0,FORT,,1,1777024441.638954,109.08,Game,1,Predictable,61.21,0,,,4,,,130,Sound,,,
0,FORT,,1,1777024441.638954,109.09,Game,1,Predictable,61.22,0,,,4,,,130,Sound,,,
0,FORT,,1,1777024441.638954,109.1,Game,1,Predictable,61.24,0,,,4,,,130,Sound,,,
0,FORT,,1,1777024441.638954,109.11,Game,1,Predictable,61.24,0,,,4,,,130,Sound,,,
0,FORT,,1,1777024441.638954,109.13,Game,1,Predictable,61.26,0,,,4,,,130,Sound,,,
0,FORT,,1,1777024441.638954,109.14,Game,1,Predictable,61.27,0,,,4,,,130,Sound,,,
0,FORT,,1,1777024441.638954,109.15,Game,1,Predictable,61.28,0,,,4,,,130,Sound,,,
0,FORT,,1,1777024441.638954,109.16,Game,1,Predictable,61.29,0,,,4,,,130,Sound,,,
0,FORT,,1,1777024441.638954,109.17,Game,1,Predictable,61.3,0,,,4,,,130,Sound,,,
0,FORT,,1,1777024441.638954,109.18,Game,1,Predictable,61.31,0,,,4,,,130,Sound,,,
0,FORT,,1,1777024441.638954,109.19,Game,1,Predictable,61.32,0,,,4,,,130,Sound,,,
0,FORT,,1,1777024441.638954,109.2,Game,1,Predictable,61.34,0,,,4,,,130,Sound,,,
0,FORT,,1,1777024441.638954,109.21,Game,1,Predictable,61.35,0,,,4,,,130,Sound,,,
0,FORT,,1,1777024441.638954,109.23,Game,1,Predictable,61.36,0,,,4,,,130,Sound,,,
0,FORT,,1,1777024441.638954,109.24,Game,1,Predictable,61.37,0,,,4,,,130,Sound,,,
0,FORT,,1,1777024441.638954,109.25,Game,1,Predictable,61.38,0,,,4,,,130,Sound,,,
0,FORT,,1,1777024441.638954,109.26,Game,1,Predictable,61.39,0,,,4,,,130,Sound,,,
0,FORT,,1,1777024441.638954,109.27,Game,1,Predictable,61.4,0,,,4,,,130,Sound,,,
0,FORT,,1,1777024441.638954,109.28,Game,1,Predictable,61.41,0,,,4,,,130,Sound,,,
0,FORT,,1,1777024441.638954,109.29,Game,1,Predictable,61.42,0,,,4,,,130,Sound,,,
0,FORT,,1,1777024441.638954,109.3,Game,1,Predictable,61.44,0,,,4,,,130,Sound,,,
0,FORT,,1,1777024441.638954,109.31,Game,1,Predictable,61.45,0,,,4,,,130,Sound,,,
0,FORT,,1,1777024441.638954,109.33,Game,1,Predictable,61.46,0,,,4,,,130,Sound,,,
0,FORT,,1,1777024441.638954,109.34,Game,1,Predictable,61.47,0,,,4,,,130,Sound,,,
0,FORT,,1,1777024441.638954,109.35,Game,1,Predictable,61.48,0,,,4,,,130,Sound,,,
0,FORT,,1,1777024441.638954,109.36,Game,1,Predictable,61.49,0,,,4,,,130,Sound,,,
0,FORT,,1,1777024441.638954,109.37,Game,1,Predictable,61.5,0,,,4,,,130,Sound,,,
0,FORT,,1,1777024441.638954,109.38,Game,1,Predictable,61.51,0,,,4,,,130,Sound,,,
0,FORT,,1,1777024441.638954,109.39,Game,1,Predictable,61.52,0,,,4,,,130,Sound,,,
0,FORT,,1,1777024441.638954,109.4,Game,1,Predictable,61.54,0,,,4,,,130,Sound,,,
0,FORT,,1,1777024441.638954,109.41,Game,1,Predictable,61.55,0,,,4,,,130,Sound,,,
0,FORT,,1,1777024441.638954,109.43,Game,1,Predictable,61.56,0,,,4,,,130,Sound,,,
0,FORT,,1,1777024441.638954,109.44,Game,1,Predictable,61.57,0,,,4,,,130,Sound,,,
0,FORT,,1,1777024441.638954,109.45,Game,1,Predictable,61.58,0,,,4,,,130,Sound,,,
0,FORT,,1,1777024441.638954,109.46,Game,1,Predictable,61.59,0,,,4,,,130,Sound,,,
0,FORT,,1,1777024441.638954,109.47,Game,1,Predictable,61.6,0,,,4,,,130,Sound,,,
0,FORT,,1,1777024441.638954,109.48,Game,1,Predictable,61.61,0,,,4,,,130,Sound,,,
0,FORT,,1,1777024441.638954,109.49,Game,1,Predictable,61.62,0,,,4,,,130,Sound,,,
0,FORT,,1,1777024441.638954,109.5,Game,1,Predictable,61.64,0,,,4,,,130,Sound,,,
0,FORT,,1,1777024441.638954,109.51,Game,1,Predictable,61.65,0,,,4,,,130,Sound,,,
0,FORT,,1,1777024441.638954,109.53,Game,1,Predictable,61.66,0,,,4,,,130,Sound,,,
0,FORT,,1,1777024441.638954,109.54,Game,1,Predictable,61.67,0,,,4,,,130,Sound,,,
0,FORT,,1,1777024441.638954,109.55,Game,1,Predictable,61.68,0,,,4,,,130,Sound,,,
0,FORT,,1,1777024441.638954,109.56,Game,1,Predictable,61.69,0,,,4,,,130,Sound,,,
0,FORT,,1,1777024441.638954,109.57,Game,1,Predictable,61.7,0,,,4,,,130,Sound,,,
0,FORT,,1,1777024441.638954,109.58,Game,1,Predictable,61.71,0,,,4,,,130,Sound,,,
0,FORT,,1,1777024441.638954,109.59,Game,1,Predictable,61.72,0,,,4,,,130,Sound,,,
0,FORT,,1,1777024441.638954,109.6,Game,1,Predictable,61.74,0,,,4,,,130,Sound,,,
0,FORT,,1,1777024441.638954,109.61,Game,1,Predictable,61.75,0,,,4,,,130,Sound,,,
0,FORT,,1,1777024441.638954,109.63,Game,1,Predictable,61.76,0,,,4,,,130,Sound,,,
0,FORT,,1,1777024441.638954,109.64,Game,1,Predictable,61.77,0,,,4,,,130,Sound,,,
0,FORT,,1,1777024441.638954,109.65,Game,1,Predictable,61.78,0,,,4,,,130,Sound,,,
0,FORT,,1,1777024441.638954,109.66,Game,1,Predictable,61.79,0,,,4,,,130,Sound,,,
0,FORT,,1,1777024441.638954,109.67,Game,1,Predictable,61.8,0,,,4,,,130,Sound,,,
0,FORT,,1,1777024441.638954,109.68,Game,1,Predictable,61.81,0,,,4,,,130,Sound,,,
0,FORT,,1,1777024441.638954,109.69,Game,1,Predictable,61.82,0,,,4,,,130,Sound,,,
0,FORT,,1,1777024441.638954,109.7,Game,1,Predictable,61.84,0,,,4,,,130,Sound,,,
0,FORT,,1,1777024441.638954,109.71,Game,1,Predictable,61.85,0,,,4,,,130,Sound,,,
0,FORT,,1,1777024441.638954,109.73,Game,1,Predictable,61.86,0,,,4,,,130,Sound,,,
0,FORT,,1,1777024441.638954,109.74,Game,1,Predictable,61.87,0,,,4,,,130,Sound,,,
0,FORT,,1,1777024441.638954,109.75,Game,1,Predictable,61.88,0,,,4,,,130,Sound,,,
0,FORT,,1,1777024441.638954,109.76,Game,1,Predictable,61.89,0,,,4,,,130,Sound,,,
0,FORT,,1,1777024441.638954,109.77,Game,1,Predictable,61.9,0,,,4,,,130,Sound,,,
0,FORT,,1,1777024441.638954,109.78,Game,1,Predictable,61.91,0,,,4,,,130,Sound,,,
0,FORT,,1,1777024441.638954,109.79,Game,1,Predictable,61.92,0,,,4,,,130,Sound,,,
0,FORT,,1,1777024441.638954,109.8,Game,1,Predictable,61.94,0,,,4,,,130,Sound,,,
0,FORT,,1,1777024441.638954,109.81,Game,1,Predictable,61.95,0,,,4,,,130,Sound,,,
0,FORT,,1,1777024441.638954,109.83,Game,1,Predictable,61.96,0,,,4,,,130,Sound,,,
0,FORT,,1,1777024441.638954,109.84,Game,1,Predictable,61.97,0,,,4,,,130,Sound,,,
0,FORT,,1,1777024441.638954,109.85,Game,1,Predictable,61.98,0,,,4,,,130,Sound,,,
0,FORT,,1,1777024441.638954,109.86,Game,1,Predictable,61.99,0,,,4,,,130,Sound,,,
0,FORT,,1,1777024441.638954,109.87,Game,1,Predictable,62.0,0,,,4,,,130,Sound,,,
0,FORT,,1,1777024441.638954,109.88,Game,1,Predictable,62.01,0,,,4,,,130,Sound,,,
0,FORT,,1,1777024441.638954,109.89,Game,1,Predictable,62.02,0,,,4,,,130,Sound,,,
0,FORT,,1,1777024441.638954,109.9,Game,1,Predictable,62.04,0,,,4,,,130,Sound,,,
0,FORT,,1,1777024441.638954,109.91,Game,1,Predictable,62.05,0,,,4,,,130,Sound,,,
0,FORT,,1,1777024441.638954,109.93,Game,1,Predictable,62.06,0,,,4,,,130,Sound,,,
0,FORT,,1,1777024441.638954,109.94,Game,1,Predictable,62.07,0,,,4,,,130,Sound,,,
0,FORT,,1,1777024441.638954,109.95,Game,1,Predictable,62.08,0,,,4,,,130,Sound,,,
0,FORT,,1,1777024441.638954,109.96,Game,1,Predictable,62.09,0,,,4,,,130,Sound,,,
0,FORT,,1,1777024441.638954,109.97,Game,1,Predictable,62.1,0,,,4,,,130,Sound,,,
0,FORT,,1,1777024441.638954,109.98,Game,1,Predictable,62.11,0,,,4,,,130,Sound,,,
0,FORT,,1,1777024441.638954,109.99,Game,1,Predictable,62.12,0,,,4,,,130,Sound,,,
0,FORT,,1,1777024441.638954,110.0,Game,1,Predictable,62.14,0,,,4,,,130,Sound,,,
0,FORT,,1,1777024441.638954,110.01,Game,1,Predictable,62.14,0,,,4,,,130,Sound,,,
0,FORT,,1,1777024441.638954,110.03,Game,1,Predictable,62.16,0,,,4,,,130,Sound,,,
0,FORT,,1,1777024441.638954,110.04,Game,1,Predictable,62.17,0,,,4,,,130,Sound,,,
0,FORT,,1,1777024441.638954,110.05,Game,1,Predictable,62.18,0,,,4,,,130,Sound,,,
0,FORT,,1,1777024441.638954,110.06,Game,1,Predictable,62.19,0,,,4,,,130,Sound,,,
0,FORT,,1,1777024441.638954,110.07,Game,1,Predictable,62.2,0,,,4,,,130,Sound,,,
0,FORT,,1,1777024441.638954,110.08,Game,1,Predictable,62.22,0,,,4,,,130,Sound,,,
0,FORT,,1,1777024441.638954,110.1,Game,1,Predictable,62.23,0,,,4,,,130,Sound,,,
0,FORT,,1,1777024441.638954,110.11,Game,1,Predictable,62.24,0,,,4,,,130,Sound,,,
0,FORT,,1,1777024441.638954,110.12,Game,1,Predictable,62.25,0,,,4,,,130,Sound,,,
0,FORT,,1,1777024441.638954,110.13,Game,1,Predictable,62.26,0,,,4,,,130,Sound,,,
0,FORT,,1,1777024441.638954,110.15,Game,1,Predictable,62.28,0,,,4,,,130,Sound,,,
0,FORT,,1,1777024441.638954,110.16,Game,1,Predictable,62.29,0,,,4,,,130,Sound,,,
0,FORT,,1,1777024441.638954,110.17,Game,1,Predictable,62.3,0,,,4,,,130,Sound,,,
0,FORT,,1,1777024441.638954,110.18,Game,1,Predictable,62.31,0,,,4,,,130,Sound,,,
0,FORT,,1,1777024441.638954,110.19,Game,1,Predictable,62.32,0,,,4,,,130,Sound,,,
0,FORT,,1,1777024441.638954,110.2,Game,1,Predictable,62.34,0,,,4,,,130,Sound,,,
0,FORT,,1,1777024441.638954,110.21,Game,1,Predictable,62.35,0,,,4,,,130,Sound,,,
0,FORT,,1,1777024441.638954,110.23,Game,1,Predictable,62.36,0,,,4,,,130,Sound,,,
0,FORT,,1,1777024441.638954,110.24,Game,1,Predictable,62.37,0,,,4,,,130,Sound,,,
0,FORT,,1,1777024441.638954,110.25,Game,1,Predictable,62.38,0,,,4,,,130,Sound,,,
0,FORT,,1,1777024441.638954,110.26,Game,1,Predictable,62.39,0,,,4,,,130,Sound,,,
0,FORT,,1,1777024441.638954,110.27,Game,1,Predictable,62.4,0,,,4,,,130,Sound,,,
0,FORT,,1,1777024441.638954,110.28,Game,1,Predictable,62.41,0,,,4,,,130,Sound,,,
0,FORT,,1,1777024441.638954,110.29,Game,1,Predictable,62.42,0,,,4,,,130,Sound,,,
0,FORT,,1,1777024441.638954,110.3,Game,1,Predictable,62.44,0,,,4,,,130,Sound,,,
0,FORT,,1,1777024441.638954,110.31,Game,1,Predictable,62.45,0,,,4,,,130,Sound,,,
0,FORT,,1,1777024441.638954,110.33,Game,1,Predictable,62.46,0,,,4,,,130,Sound,,,
0,FORT,,1,1777024441.638954,110.34,Game,1,Predictable,62.47,0,,,4,,,130,Sound,,,
0,FORT,,1,1777024441.638954,110.35,Game,1,Predictable,62.48,0,,,4,,,130,Sound,,,
0,FORT,,1,1777024441.638954,110.36,Game,1,Predictable,62.49,0,,,4,,,130,Sound,,,
0,FORT,,1,1777024441.638954,110.37,Game,1,Predictable,62.5,0,,,4,,,130,Sound,,,
0,FORT,,1,1777024441.638954,110.38,Game,1,Predictable,62.51,0,,,4,,,130,Sound,,,
0,FORT,,1,1777024441.638954,110.39,Game,1,Predictable,62.52,0,,,4,,,130,Sound,,,
0,FORT,,1,1777024441.638954,110.4,Game,1,Predictable,62.54,0,,,4,,,130,Sound,,,
0,FORT,,1,1777024441.638954,110.41,Game,1,Predictable,62.55,0,,,4,,,130,Sound,,,
0,FORT,,1,1777024441.638954,110.43,Game,1,Predictable,62.56,0,,,4,,,130,Sound,,,
0,FORT,,1,1777024441.638954,110.44,Game,1,Predictable,62.57,0,,,4,,,130,Sound,,,
0,FORT,,1,1777024441.638954,110.45,Game,1,Predictable,62.58,0,,,4,,,130,Sound,,,
0,FORT,,1,1777024441.638954,110.46,Game,1,Predictable,62.59,0,,,4,,,130,Sound,,,
0,FORT,,1,1777024441.638954,110.47,Game,1,Predictable,62.6,0,,,4,,,130,Sound,,,
0,FORT,,1,1777024441.638954,110.48,Game,1,Predictable,62.61,0,,,4,,,130,Sound,,,
0,FORT,,1,1777024441.638954,110.49,Game,1,Predictable,62.62,0,,,4,,,130,Sound,,,
0,FORT,,1,1777024441.638954,110.5,Game,1,Predictable,62.64,0,,,4,,,130,Sound,,,
0,FORT,,1,1777024441.638954,110.51,Game,1,Predictable,62.65,0,,,4,,,130,Sound,,,
0,FORT,,1,1777024441.638954,110.53,Game,1,Predictable,62.66,0,,,4,,,130,Sound,,,
0,FORT,,1,1777024441.638954,110.54,Game,1,Predictable,62.67,0,,,4,,,130,Sound,,,
0,FORT,,1,1777024441.638954,110.55,Game,1,Predictable,62.68,0,,,4,,,130,Sound,,,
0,FORT,,1,1777024441.638954,110.56,Game,1,Predictable,62.69,0,,,4,,,130,Sound,,,
0,FORT,,1,1777024441.638954,110.57,Game,1,Predictable,62.7,0,,,4,,,130,Sound,,,
0,FORT,,1,1777024441.638954,110.58,Game,1,Predictable,62.71,0,,,4,,,130,Sound,,,
0,FORT,,1,1777024441.638954,110.59,Game,1,Predictable,62.72,0,,,4,,,130,Sound,,,
0,FORT,,1,1777024441.638954,110.6,Game,1,Predictable,62.74,0,,,4,,,130,Sound,,,
0,FORT,,1,1777024441.638954,110.61,Game,1,Predictable,62.75,0,,,4,,,130,Sound,,,
0,FORT,,1,1777024441.638954,110.63,Game,1,Predictable,62.76,0,,,4,,,130,Sound,,,
0,FORT,,1,1777024441.638954,110.64,Game,1,Predictable,62.77,0,,,4,,,130,Sound,,,
0,FORT,,1,1777024441.638954,110.65,Game,1,Predictable,62.78,0,,,4,,,130,Sound,,,
0,FORT,,1,1777024441.638954,110.66,Game,1,Predictable,62.79,0,,,4,,,130,Sound,,,
0,FORT,,1,1777024441.638954,110.67,Game,1,Predictable,62.8,0,,,4,,,130,Sound,,,
0,FORT,,1,1777024441.638954,110.68,Game,1,Predictable,62.81,0,,,4,,,130,Sound,,,
0,FORT,,1,1777024441.638954,110.69,Game,1,Predictable,62.82,0,,,4,,,130,Sound,,,
0,FORT,,1,1777024441.638954,110.7,Game,1,Predictable,62.84,0,,,4,,,130,Sound,,,
0,FORT,,1,1777024441.638954,110.71,Game,1,Predictable,62.85,0,,,4,,,130,Sound,,,
0,FORT,,1,1777024441.638954,110.73,Game,1,Predictable,62.86,0,,,4,,,130,Sound,,,
0,FORT,,1,1777024441.638954,110.74,Game,1,Predictable,62.87,0,,,4,,,130,Sound,,,
0,FORT,,1,1777024441.638954,110.75,Game,1,Predictable,62.88,0,,,4,,,130,Sound,,,
0,FORT,,1,1777024441.638954,110.76,Game,1,Predictable,62.89,0,,,4,,,130,Sound,,,
0,FORT,,1,1777024441.638954,110.77,Game,1,Predictable,62.9,0,,,4,,,130,Sound,,,
0,FORT,,1,1777024441.638954,110.78,Game,1,Predictable,62.91,0,,,4,,,130,Sound,,,
0,FORT,,1,1777024441.638954,110.79,Game,1,Predictable,62.92,0,,,4,,,130,Sound,,,
0,FORT,,1,1777024441.638954,110.8,Game,1,Predictable,62.94,0,,,4,,,130,Sound,,,
0,FORT,,1,1777024441.638954,110.81,Game,1,Predictable,62.95,0,,,4,,,130,Sound,,,
0,FORT,,1,1777024441.638954,110.83,Game,1,Predictable,62.96,0,,,4,,,130,Sound,,,
0,FORT,,1,1777024441.638954,110.84,Game,1,Predictable,62.97,0,,,4,,,130,Sound,,,
0,FORT,,1,1777024441.638954,110.85,Game,1,Predictable,62.98,0,,,4,,,130,Sound,,,
0,FORT,,1,1777024441.638954,110.86,Game,1,Predictable,62.99,0,,,4,,,130,Sound,,,
0,FORT,,1,1777024441.638954,110.87,Game,1,Predictable,63.0,0,,,4,,,130,Sound,,,
0,FORT,,1,1777024441.638954,110.88,Game,1,Predictable,63.01,0,,,4,,,130,Sound,,,
0,FORT,,1,1777024441.638954,110.89,Game,1,Predictable,63.02,0,,,4,,,130,Sound,,,
0,FORT,,1,1777024441.638954,110.9,Game,1,Predictable,63.04,0,,,4,,,130,Sound,,,
0,FORT,,1,1777024441.638954,110.91,Game,1,Predictable,63.05,0,,,4,,,130,Sound,,,
0,FORT,,1,1777024441.638954,110.93,Game,1,Predictable,63.06,0,,,4,,,130,Sound,,,
0,FORT,,1,1777024441.638954,110.94,Game,1,Predictable,63.07,0,,,4,,,130,Sound,,,
0,FORT,,1,1777024441.638954,110.95,Game,1,Predictable,63.08,0,,,4,,,130,Sound,,,
0,FORT,,1,1777024441.638954,110.96,Game,1,Predictable,63.09,0,,,4,,,130,Sound,,,
0,FORT,,1,1777024441.638954,110.97,Game,1,Predictable,63.1,0,,,4,,,130,Sound,,,
0,FORT,,1,1777024441.638954,110.98,Game,1,Predictable,63.11,0,,,4,,,130,Sound,,,
0,FORT,,1,1777024441.638954,110.99,Game,1,Predictable,63.12,0,,,4,,,130,Sound,,,
0,FORT,,1,1777024441.638954,111.0,Game,1,Predictable,63.14,0,,,4,,,130,Sound,,,
0,FORT,,1,1777024441.638954,111.01,Game,1,Predictable,63.15,0,,,4,,,130,Sound,,,
0,FORT,,1,1777024441.638954,111.03,Game,1,Predictable,63.16,0,,,4,,,130,Sound,,,
0,FORT,,1,1777024441.638954,111.04,Game,1,Predictable,63.17,0,,,4,,,130,Sound,,,
0,FORT,,1,1777024441.638954,111.05,Game,1,Predictable,63.18,0,,,4,,,130,Sound,,,
0,FORT,,1,1777024441.638954,111.06,Game,1,Predictable,63.19,0,,,4,,,130,Sound,,,
0,FORT,,1,1777024441.638954,111.07,Game,1,Predictable,63.2,0,,,4,,,130,Sound,,,
0,FORT,,1,1777024441.638954,111.08,Game,1,Predictable,63.21,0,,,4,,,130,Sound,,,
0,FORT,,1,1777024441.638954,111.09,Game,1,Predictable,63.22,0,,,4,,,130,Sound,,,
0,FORT,,1,1777024441.638954,111.1,Game,1,Predictable,63.24,0,,,4,,,130,Sound,,,
0,FORT,,1,1777024441.638954,111.11,Game,1,Predictable,63.25,0,,,4,,,130,Sound,,,
0,FORT,,1,1777024441.638954,111.13,Game,1,Predictable,63.26,0,,,4,,,130,Sound,,,
0,FORT,,1,1777024441.638954,111.14,Game,1,Predictable,63.27,0,,,4,,,130,Sound,,,
0,FORT,,1,1777024441.638954,111.15,Game,1,Predictable,63.28,0,,,4,,,130,Sound,,,
0,FORT,,1,1777024441.638954,111.16,Game,1,Predictable,63.29,0,,,4,,,130,Sound,,,
0,FORT,,1,1777024441.638954,111.17,Game,1,Predictable,63.3,0,,,4,,,130,Sound,,,
0,FORT,,1,1777024441.638954,111.18,Game,1,Predictable,63.31,0,,,4,,,130,Sound,,,
0,FORT,,1,1777024441.638954,111.19,Game,1,Predictable,63.32,0,,,4,,,130,Sound,,,
0,FORT,,1,1777024441.638954,111.2,Game,1,Predictable,63.34,0,,,4,,,130,Sound,,,
0,FORT,,1,1777024441.638954,111.21,Game,1,Predictable,63.35,0,,,4,,,130,Sound,,,
0,FORT,,1,1777024441.638954,111.23,Game,1,Predictable,63.36,0,,,4,,,130,Sound,,,
0,FORT,,1,1777024441.638954,111.24,Game,1,Predictable,63.37,0,,,4,,,130,Sound,,,
0,FORT,,1,1777024441.638954,111.25,Game,1,Predictable,63.38,0,,,4,,,130,Sound,,,
0,FORT,,1,1777024441.638954,111.26,Game,1,Predictable,63.39,0,,,4,,,130,Sound,,,
0,FORT,,1,1777024441.638954,111.27,Game,1,Predictable,63.4,0,,,4,,,130,Sound,,,
0,FORT,,1,1777024441.638954,111.28,Game,1,Predictable,63.41,0,,,4,,,130,Sound,,,
0,FORT,,1,1777024441.638954,111.29,Game,1,Predictable,63.42,0,,,4,,,130,Sound,,,
0,FORT,,1,1777024441.638954,111.3,Game,1,Predictable,63.44,0,,,4,,,130,Sound,,,
0,FORT,,1,1777024441.638954,111.31,Game,1,Predictable,63.45,0,,,4,,,130,Sound,,,
0,FORT,,1,1777024441.638954,111.33,Game,1,Predictable,63.46,0,,,4,,,130,Sound,,,
0,FORT,,1,1777024441.638954,111.34,Game,1,Predictable,63.47,0,,,4,,,130,Sound,,,
0,FORT,,1,1777024441.638954,111.35,Game,1,Predictable,63.48,0,,,4,,,130,Sound,,,
0,FORT,,1,1777024441.638954,111.36,Game,1,Predictable,63.49,0,,,4,,,130,Sound,,,
0,FORT,,1,1777024441.638954,111.37,Game,1,Predictable,63.5,0,,,4,,,130,Sound,,,
0,FORT,,1,1777024441.638954,111.38,Game,1,Predictable,63.51,0,,,4,,,130,Sound,,,
0,FORT,,1,1777024441.638954,111.39,Game,1,Predictable,63.52,0,,,4,,,130,Sound,,,
0,FORT,,1,1777024441.638954,111.4,Game,1,Predictable,63.54,0,,,4,,,130,Sound,,,
0,FORT,,1,1777024441.638954,111.41,Game,1,Predictable,63.55,0,,,4,,,130,Sound,,,
0,FORT,,1,1777024441.638954,111.43,Game,1,Predictable,63.56,0,,,4,,,130,Sound,,,
0,FORT,,1,1777024441.638954,111.44,Game,1,Predictable,63.57,0,,,4,,,130,Sound,,,
0,FORT,,1,1777024441.638954,111.45,Game,1,Predictable,63.58,0,,,4,,,130,Sound,,,
0,FORT,,1,1777024441.638954,111.46,Game,1,Predictable,63.59,0,,,4,,,130,Sound,,,
0,FORT,,1,1777024441.638954,111.47,Game,1,Predictable,63.6,0,,,4,,,130,Sound,,,
0,FORT,,1,1777024441.638954,111.48,Game,1,Predictable,63.61,0,,,4,,,130,Sound,,,
0,FORT,,1,1777024441.638954,111.49,Game,1,Predictable,63.62,0,,,4,,,130,Sound,,,
0,FORT,,1,1777024441.638954,111.5,Game,1,Predictable,63.64,0,,,4,,,130,Sound,,,
0,FORT,,1,1777024441.638954,111.51,Game,1,Predictable,63.65,0,,,4,,,130,Sound,,,
0,FORT,,1,1777024441.638954,111.53,Game,1,Predictable,63.66,0,,,4,,,130,Sound,,,
0,FORT,,1,1777024441.638954,111.54,Game,1,Predictable,63.67,0,,,4,,,130,Sound,,,
0,FORT,,1,1777024441.638954,111.55,Game,1,Predictable,63.68,0,,,4,,,130,Sound,,,
0,FORT,,1,1777024441.638954,111.56,Game,1,Predictable,63.69,0,,,4,,,130,Sound,,,
0,FORT,,1,1777024441.638954,111.57,Game,1,Predictable,63.7,0,,,4,,,130,Sound,,,
0,FORT,,1,1777024441.638954,111.58,Game,1,Predictable,63.71,0,,,4,,,130,Sound,,,
0,FORT,,1,1777024441.638954,111.59,Game,1,Predictable,63.72,0,,,4,,,130,Sound,,,
0,FORT,,1,1777024441.638954,111.6,Game,1,Predictable,63.74,0,,,4,,,130,Sound,,,
0,FORT,,1,1777024441.638954,111.61,Game,1,Predictable,63.75,0,,,4,,,130,Sound,,,
0,FORT,,1,1777024441.638954,111.63,Game,1,Predictable,63.76,0,,,4,,,130,Sound,,,
0,FORT,,1,1777024441.638954,111.64,Game,1,Predictable,63.77,0,,,4,,,130,Sound,,,
0,FORT,,1,1777024441.638954,111.65,Game,1,Predictable,63.78,0,,,4,,,130,Sound,,,
0,FORT,,1,1777024441.638954,111.66,Game,1,Predictable,63.79,0,,,4,,,130,Sound,,,
0,FORT,,1,1777024441.638954,111.67,Game,1,Predictable,63.8,0,,,4,,,130,Sound,,,
0,FORT,,1,1777024441.638954,111.68,Game,1,Predictable,63.81,0,,,4,,,130,Sound,,,
0,FORT,,1,1777024441.638954,111.69,Game,1,Predictable,63.82,0,,,4,,,130,Sound,,,
0,FORT,,1,1777024441.638954,111.7,Game,1,Predictable,63.84,0,,,4,,,130,Sound,,,
0,FORT,,1,1777024441.638954,111.71,Game,1,Predictable,63.85,0,,,4,,,130,Sound,,,
0,FORT,,1,1777024441.638954,111.73,Game,1,Predictable,63.86,0,,,4,,,130,Sound,,,
0,FORT,,1,1777024441.638954,111.74,Game,1,Predictable,63.87,0,,,4,,,130,Sound,,,
0,FORT,,1,1777024441.638954,111.75,Game,1,Predictable,63.88,0,,,4,,,130,Sound,,,
0,FORT,,1,1777024441.638954,111.76,Game,1,Predictable,63.89,0,,,4,,,130,Sound,,,
0,FORT,,1,1777024441.638954,111.77,Game,1,Predictable,63.9,0,,,4,,,130,Sound,,,
0,FORT,,1,1777024441.638954,111.78,Game,1,Predictable,63.91,0,,,4,,,130,Sound,,,
0,FORT,,1,1777024441.638954,111.79,Game,1,Predictable,63.92,0,,,4,,,130,Sound,,,
0,FORT,,1,1777024441.638954,111.8,Game,1,Predictable,63.94,0,,,4,,,130,Sound,,,
0,FORT,,1,1777024441.638954,111.81,Game,1,Predictable,63.95,0,,,4,,,130,Sound,,,
0,FORT,,1,1777024441.638954,111.83,Game,1,Predictable,63.96,0,,,4,,,130,Sound,,,
0,FORT,,1,1777024441.638954,111.84,Game,1,Predictable,63.97,0,,,4,,,130,Sound,,,
0,FORT,,1,1777024441.638954,111.85,Game,1,Predictable,63.98,0,,,4,,,130,Sound,,,
0,FORT,,1,1777024441.638954,111.86,Game,1,Predictable,63.99,0,,,4,,,130,Sound,,,
0,FORT,,1,1777024441.638954,111.87,Game,1,Predictable,64.0,0,,,4,,,130,Sound,,,
0,FORT,,1,1777024441.638954,111.88,Game,1,Predictable,64.01,0,,,4,,,130,Sound,,,
0,FORT,,1,1777024441.638954,111.89,Game,1,Predictable,64.02,0,,,4,,,130,Sound,,,
0,FORT,,1,1777024441.638954,111.9,Game,1,Predictable,64.04,0,,,4,,,130,Sound,,,
0,FORT,,1,1777024441.638954,111.91,Game,1,Predictable,64.05,0,,,4,,,130,Sound,,,
0,FORT,,1,1777024441.638954,111.93,Game,1,Predictable,64.06,0,,,4,,,130,Sound,,,
0,FORT,,1,1777024441.638954,111.94,Game,1,Predictable,64.07,0,,,4,,,130,Sound,,,
0,FORT,,1,1777024441.638954,111.95,Game,1,Predictable,64.08,0,,,4,,,130,Sound,,,
0,FORT,,1,1777024441.638954,111.96,Game,1,Predictable,64.09,0,,,4,,,130,Sound,,,
0,FORT,,1,1777024441.638954,111.97,Game,1,Predictable,64.1,0,,,4,,,130,Sound,,,
0,FORT,,1,1777024441.638954,111.98,Game,1,Predictable,64.11,0,,,4,,,130,Sound,,,
0,FORT,,1,1777024441.638954,111.99,Game,1,Predictable,64.12,0,,,4,,,130,Sound,,,
0,FORT,,1,1777024441.638954,112.0,Game,1,Predictable,64.14,0,,,4,,,130,Sound,,,
0,FORT,,1,1777024441.638954,112.01,Game,1,Predictable,64.15,0,,,4,,,130,Sound,,,
0,FORT,,1,1777024441.638954,112.03,Game,1,Predictable,64.16,0,,,4,,,130,Sound,,,
0,FORT,,1,1777024441.638954,112.04,Game,1,Predictable,64.17,0,,,4,,,130,Sound,,,
0,FORT,,1,1777024441.638954,112.05,Game,1,Predictable,64.18,0,,,4,,,130,Sound,,,
0,FORT,,1,1777024441.638954,112.06,Game,1,Predictable,64.19,0,,,4,,,130,Sound,,,
0,FORT,,1,1777024441.638954,112.07,Game,1,Predictable,64.2,0,,,4,,,130,Sound,,,
0,FORT,,1,1777024441.638954,112.08,Game,1,Predictable,64.21,0,,,4,,,130,Sound,,,
0,FORT,,1,1777024441.638954,112.09,Game,1,Predictable,64.22,0,,,4,,,130,Sound,,,
0,FORT,,1,1777024441.638954,112.1,Game,1,Predictable,64.24,0,,,4,,,130,Sound,,,
0,FORT,,1,1777024441.638954,112.11,Game,1,Predictable,64.25,0,,,4,,,130,Sound,,,
0,FORT,,1,1777024441.638954,112.13,Game,1,Predictable,64.26,0,,,4,,,130,Sound,,,
0,FORT,,1,1777024441.638954,112.14,Game,1,Predictable,64.27,0,,,4,,,130,Sound,,,
0,FORT,,1,1777024441.638954,112.15,Game,1,Predictable,64.28,0,,,4,,,130,Sound,,,
0,FORT,,1,1777024441.638954,112.16,Game,1,Predictable,64.29,0,,,4,,,130,Sound,,,
0,FORT,,1,1777024441.638954,112.17,Game,1,Predictable,64.3,0,,,4,,,130,Sound,,,
0,FORT,,1,1777024441.638954,112.18,Game,1,Predictable,64.31,0,,,4,,,130,Sound,,,
0,FORT,,1,1777024441.638954,112.19,Game,1,Predictable,64.32,0,,,4,,,130,Sound,,,
0,FORT,,1,1777024441.638954,112.2,Game,1,Predictable,64.34,0,,,4,,,130,Sound,,,
0,FORT,,1,1777024441.638954,112.21,Game,1,Predictable,64.35,0,,,4,,,130,Sound,,,
0,FORT,,1,1777024441.638954,112.23,Game,1,Predictable,64.36,0,,,4,,,130,Sound,,,
0,FORT,,1,1777024441.638954,112.24,Game,1,Predictable,64.37,0,,,4,,,130,Sound,,,
0,FORT,,1,1777024441.638954,112.25,Game,1,Predictable,64.38,0,,,4,,,130,Sound,,,
0,FORT,,1,1777024441.638954,112.26,Game,1,Predictable,64.39,0,,,4,,,130,Sound,,,
0,FORT,,1,1777024441.638954,112.27,Game,1,Predictable,64.4,0,,,4,,,130,Sound,,,
0,FORT,,1,1777024441.638954,112.28,Game,1,Predictable,64.41,0,,,4,,,130,Sound,,,
0,FORT,,1,1777024441.638954,112.29,Game,1,Predictable,64.42,0,,,4,,,130,Sound,,,
0,FORT,,1,1777024441.638954,112.3,Game,1,Predictable,64.44,0,,,4,,,130,Sound,,,
0,FORT,,1,1777024441.638954,112.31,Game,1,Predictable,64.45,0,,,4,,,130,Sound,,,
0,FORT,,1,1777024441.638954,112.33,Game,1,Predictable,64.46,0,,,4,,,130,Sound,,,
0,FORT,,1,1777024441.638954,112.34,Game,1,Predictable,64.47,0,,,4,,,130,Sound,,,
0,FORT,,1,1777024441.638954,112.35,Game,1,Predictable,64.48,0,,,4,,,130,Sound,,,
0,FORT,,1,1777024441.638954,112.36,Game,1,Predictable,64.49,0,,,4,,,130,Sound,,,
0,FORT,,1,1777024441.638954,112.37,Game,1,Predictable,64.5,0,,,4,,,130,Sound,,,
0,FORT,,1,1777024441.638954,112.38,Game,1,Predictable,64.51,0,,,4,,,130,Sound,,,
0,FORT,,1,1777024441.638954,112.39,Game,1,Predictable,64.52,0,,,4,,,130,Sound,,,
0,FORT,,1,1777024441.638954,112.4,Game,1,Predictable,64.54,0,,,4,,,130,Sound,,,
0,FORT,,1,1777024441.638954,112.41,Game,1,Predictable,64.55,0,,,4,,,130,Sound,,,
0,FORT,,1,1777024441.638954,112.43,Game,1,Predictable,64.56,0,,,4,,,130,Sound,,,
0,FORT,,1,1777024441.638954,112.44,Game,1,Predictable,64.57,0,,,4,,,130,Sound,,,
0,FORT,,1,1777024441.638954,112.45,Game,1,Predictable,64.58,0,,,4,,,130,Sound,,,
0,FORT,,1,1777024441.638954,112.46,Game,1,Predictable,64.59,0,,,4,,,130,Sound,,,
0,FORT,,1,1777024441.638954,112.47,Game,1,Predictable,64.6,0,,,4,,,130,Sound,,,
0,FORT,,1,1777024441.638954,112.48,Game,1,Predictable,64.61,0,,,4,,,130,Sound,,,
0,FORT,,1,1777024441.638954,112.49,Game,1,Predictable,64.62,0,,,4,,,130,Sound,,,
0,FORT,,1,1777024441.638954,112.5,Game,1,Predictable,64.64,0,,,4,,,130,Sound,,,
0,FORT,,1,1777024441.638954,112.51,Game,1,Predictable,64.65,0,,,4,,,130,Sound,,,
0,FORT,,1,1777024441.638954,112.53,Game,1,Predictable,64.66,0,,,4,,,130,Sound,,,
0,FORT,,1,1777024441.638954,112.54,Game,1,Predictable,64.67,0,,,4,,,130,Sound,,,
0,FORT,,1,1777024441.638954,112.55,Game,1,Predictable,64.68,0,,,4,,,130,Sound,,,
0,FORT,,1,1777024441.638954,112.56,Game,1,Predictable,64.69,0,,,4,,,130,Sound,,,
0,FORT,,1,1777024441.638954,112.57,Game,1,Predictable,64.7,0,,,4,,,130,Sound,,,
0,FORT,,1,1777024441.638954,112.58,Game,1,Predictable,64.71,0,,,4,,,130,Sound,,,
0,FORT,,1,1777024441.638954,112.59,Game,1,Predictable,64.72,0,,,4,,,130,Sound,,,
0,FORT,,1,1777024441.638954,112.6,Game,1,Predictable,64.74,0,,,4,,,130,Sound,,,
0,FORT,,1,1777024441.638954,112.61,Game,1,Predictable,64.75,0,,,4,,,130,Sound,,,
0,FORT,,1,1777024441.638954,112.63,Game,1,Predictable,64.76,0,,,4,,,130,Sound,,,
0,FORT,,1,1777024441.638954,112.64,Game,1,Predictable,64.77,0,,,4,,,130,Sound,,,
0,FORT,,1,1777024441.638954,112.65,Game,1,Predictable,64.78,0,,,4,,,130,Sound,,,
0,FORT,,1,1777024441.638954,112.66,Game,1,Predictable,64.79,0,,,4,,,130,Sound,,,
0,FORT,,1,1777024441.638954,112.67,Game,1,Predictable,64.8,0,,,4,,,130,Sound,,,
0,FORT,,1,1777024441.638954,112.68,Game,1,Predictable,64.81,0,,,4,,,130,Sound,,,
0,FORT,,1,1777024441.638954,112.69,Game,1,Predictable,64.82,0,,,4,,,130,Sound,,,
0,FORT,,1,1777024441.638954,112.7,Game,1,Predictable,64.84,0,,,4,,,130,Sound,,,
0,FORT,,1,1777024441.638954,112.71,Game,1,Predictable,64.85,0,,,4,,,130,Sound,,,
0,FORT,,1,1777024441.638954,112.73,Game,1,Predictable,64.86,0,,,4,,,130,Sound,,,
0,FORT,,1,1777024441.638954,112.74,Game,1,Predictable,64.87,0,,,4,,,130,Sound,,,
0,FORT,,1,1777024441.638954,112.75,Game,1,Predictable,64.88,0,,,4,,,130,Sound,,,
0,FORT,,1,1777024441.638954,112.76,Game,1,Predictable,64.89,0,,,4,,,130,Sound,,,
0,FORT,,1,1777024441.638954,112.77,Game,1,Predictable,64.9,0,,,4,,,130,Sound,,,
0,FORT,,1,1777024441.638954,112.78,Game,1,Predictable,64.91,0,,,4,,,130,Sound,,,
0,FORT,,1,1777024441.638954,112.79,Game,1,Predictable,64.92,0,,,4,,,130,Sound,,,
0,FORT,,1,1777024441.638954,112.8,Game,1,Predictable,64.94,0,,,4,,,130,Sound,,,
0,FORT,,1,1777024441.638954,112.81,Game,1,Predictable,64.95,0,,,4,,,130,Sound,,,
0,FORT,,1,1777024441.638954,112.83,Game,1,Predictable,64.96,0,,,4,,,130,Sound,,,
0,FORT,,1,1777024441.638954,112.84,Game,1,Predictable,64.97,0,,,4,,,130,Sound,,,
0,FORT,,1,1777024441.638954,112.85,Game,1,Predictable,64.98,0,,,4,,,130,Sound,,,
0,FORT,,1,1777024441.638954,112.86,Game,1,Predictable,64.99,0,,,4,,,130,Sound,,,
0,FORT,,1,1777024441.638954,112.87,Game,1,Predictable,65.0,0,,,4,,,130,Sound,,,
0,FORT,,1,1777024441.638954,112.88,Game,1,Predictable,65.01,0,,,4,,,130,Sound,,,
0,FORT,,1,1777024441.638954,112.94,Game,1,Predictable,65.07,1,,,4,65.07,,120,Sound,,,
0,FORT,,1,1777024441.638954,112.97,Game,1,Predictable,65.07,1,,,4,65.07,,120,Sound,,,
0,FORT,,1,1777024441.638954,112.99,Game,1,Predictable,65.11,1,,,4,65.07,,120,Sound,,,
0,FORT,,1,1777024441.638954,113.0,Game,1,Predictable,65.14,1,,,4,65.07,,120,Sound,,,
0,FORT,,1,1777024441.638954,113.01,Game,1,Predictable,65.15,1,,,4,65.07,,120,Sound,,,
0,FORT,,1,1777024441.638954,113.03,Game,1,Predictable,65.16,1,,,4,65.07,,120,Sound,,,
0,FORT,,1,1777024441.638954,113.04,Game,1,Predictable,65.17,1,,,4,65.07,,120,Sound,,,
0,FORT,,1,1777024441.638954,113.05,Game,1,Predictable,65.18,1,,,4,65.07,,120,Sound,,,
0,FORT,,1,1777024441.638954,113.06,Game,1,Predictable,65.19,1,,,4,65.07,,120,Sound,,,
0,FORT,,1,1777024441.638954,113.07,Game,1,Predictable,65.2,1,,,4,65.07,,120,Sound,,,
0,FORT,,1,1777024441.638954,113.08,Game,1,Predictable,65.21,1,,,4,65.07,,120,Sound,,,
0,FORT,,1,1777024441.638954,113.09,Game,1,Predictable,65.22,1,,,4,65.07,,120,Sound,,,
0,FORT,,1,1777024441.638954,113.1,Game,1,Predictable,65.24,1,,,4,65.07,,120,Sound,,,
0,FORT,,1,1777024441.638954,113.11,Game,1,Predictable,65.25,1,,,4,65.07,,120,Sound,,,
0,FORT,,1,1777024441.638954,113.13,Game,1,Predictable,65.26,1,,,4,65.07,,120,Sound,,,
0,FORT,,1,1777024441.638954,113.14,Game,1,Predictable,65.27,1,,,4,65.07,,120,Sound,,,
0,FORT,,1,1777024441.638954,113.15,Game,1,Predictable,65.28,1,,,4,65.07,,120,Sound,,,
0,FORT,,1,1777024441.638954,113.16,Game,1,Predictable,65.29,1,,,4,65.07,,120,Sound,,,
0,FORT,,1,1777024441.638954,113.17,Game,1,Predictable,65.3,1,,,4,65.07,,120,Sound,,,
0,FORT,,1,1777024441.638954,113.18,Game,1,Predictable,65.31,1,,,4,65.07,,120,Sound,,,
0,FORT,,1,1777024441.638954,113.19,Game,1,Predictable,65.32,1,,,4,65.07,,120,Sound,,,
0,FORT,,1,1777024441.638954,113.2,Game,1,Predictable,65.34,1,,,4,65.07,,120,Sound,,,
0,FORT,,1,1777024441.638954,113.21,Game,1,Predictable,65.35,1,,,4,65.07,,120,Sound,,,
0,FORT,,1,1777024441.638954,113.23,Game,1,Predictable,65.36,1,,,4,65.07,,120,Sound,,,
0,FORT,,1,1777024441.638954,113.24,Game,1,Predictable,65.37,1,,,4,65.07,,120,Sound,,,
0,FORT,,1,1777024441.638954,113.25,Game,1,Predictable,65.38,1,,,4,65.07,,120,Sound,,,
0,FORT,,1,1777024441.638954,113.26,Game,1,Predictable,65.39,1,,,4,65.07,,120,Sound,,,
0,FORT,,1,1777024441.638954,113.27,Game,1,Predictable,65.4,1,,,4,65.07,,120,Sound,,,
0,FORT,,1,1777024441.638954,113.28,Game,1,Predictable,65.41,1,,,4,65.07,,120,Sound,,,
0,FORT,,1,1777024441.638954,113.29,Game,1,Predictable,65.42,1,,,4,65.07,,120,Sound,,,
0,FORT,,1,1777024441.638954,113.3,Game,1,Predictable,65.44,1,,,4,65.07,,120,Sound,,,
0,FORT,,1,1777024441.638954,113.31,Game,1,Predictable,65.45,1,,,4,65.07,,120,Sound,,,
0,FORT,,1,1777024441.638954,113.33,Game,1,Predictable,65.46,1,,,4,65.07,,120,Sound,,,
0,FORT,,1,1777024441.638954,113.34,Game,1,Predictable,65.47,1,,,4,65.07,,120,Sound,,,
0,FORT,,1,1777024441.638954,113.35,Game,1,Predictable,65.48,1,,,4,65.07,,120,Sound,,,
0,FORT,,1,1777024441.638954,113.36,Game,1,Predictable,65.49,1,,,4,65.07,,120,Sound,,,
0,FORT,,1,1777024441.638954,113.37,Game,1,Predictable,65.5,1,,,4,65.07,,120,Sound,,,
0,FORT,,1,1777024441.638954,113.38,Game,1,Predictable,65.51,1,,,4,65.07,,120,Sound,,,
0,FORT,,1,1777024441.638954,113.39,Game,1,Predictable,65.52,1,,,4,65.07,,120,Sound,,,
0,FORT,,1,1777024441.638954,113.4,Game,1,Predictable,65.54,1,,,4,65.07,,120,Sound,,,
0,FORT,,1,1777024441.638954,113.41,Game,1,Predictable,65.55,1,,,4,65.07,,120,Sound,,,
0,FORT,,1,1777024441.638954,113.43,Game,1,Predictable,65.56,1,,,4,65.07,,120,Sound,,,
0,FORT,,1,1777024441.638954,113.44,Game,1,Predictable,65.57,1,,,4,65.07,,120,Sound,,,
0,FORT,,1,1777024441.638954,113.45,Game,1,Predictable,65.58,1,,,4,65.07,,120,Sound,,,
0,FORT,,1,1777024441.638954,113.46,Game,1,Predictable,65.59,1,,,4,65.07,,120,Sound,,,
0,FORT,,1,1777024441.638954,113.47,Game,1,Predictable,65.6,1,,,4,65.07,,120,Sound,,,
0,FORT,,1,1777024441.638954,113.48,Game,1,Predictable,65.61,1,,,4,65.07,,120,Sound,,,
0,FORT,,1,1777024441.638954,113.49,Game,1,Predictable,65.62,1,,,4,65.07,,120,Sound,,,
0,FORT,,1,1777024441.638954,113.5,Game,1,Predictable,65.64,1,,,4,65.07,,120,Sound,,,
0,FORT,,1,1777024441.638954,113.51,Game,1,Predictable,65.65,1,,,4,65.07,,120,Sound,,,
0,FORT,,1,1777024441.638954,113.53,Game,1,Predictable,65.65,1,,,4,65.07,,120,Sound,,,
0,FORT,,1,1777024441.638954,113.54,Game,1,Predictable,65.67,1,,,4,65.07,,120,Sound,,,
0,FORT,,1,1777024441.638954,113.55,Game,1,Predictable,65.68,1,,,4,65.07,,120,Sound,,,
0,FORT,,1,1777024441.638954,113.56,Game,1,Predictable,65.69,1,,,4,65.07,,120,Sound,,,
0,FORT,,1,1777024441.638954,113.57,Game,1,Predictable,65.7,1,,,4,65.07,,120,Sound,,,
0,FORT,,1,1777024441.638954,113.58,Game,1,Predictable,65.71,1,,,4,65.07,,120,Sound,,,
0,FORT,,1,1777024441.638954,113.59,Game,1,Predictable,65.72,1,,,4,65.07,,120,Sound,,,
0,FORT,,1,1777024441.638954,113.6,Game,1,Predictable,65.74,1,,,4,65.07,,120,Sound,,,
0,FORT,,1,1777024441.638954,113.61,Game,1,Predictable,65.75,1,,,4,65.07,,120,Sound,,,
0,FORT,,1,1777024441.638954,113.63,Game,1,Predictable,65.76,1,,,4,65.07,,120,Sound,,,
0,FORT,,1,1777024441.638954,113.64,Game,1,Predictable,65.77,1,,,4,65.07,,120,Sound,,,
0,FORT,,1,1777024441.638954,113.65,Game,1,Predictable,65.78,1,,,4,65.07,,120,Sound,,,
0,FORT,,1,1777024441.638954,113.66,Game,1,Predictable,65.79,1,,,4,65.07,,120,Sound,,,
0,FORT,,1,1777024441.638954,113.67,Game,1,Predictable,65.8,1,,,4,65.07,,120,Sound,,,
0,FORT,,1,1777024441.638954,113.68,Game,1,Predictable,65.81,1,,,4,65.07,,120,Sound,,,
0,FORT,,1,1777024441.638954,113.69,Game,1,Predictable,65.82,1,,,4,65.07,,120,Sound,,,
0,FORT,,1,1777024441.638954,113.7,Game,1,Predictable,65.84,1,,,4,65.07,,120,Sound,,,
0,FORT,,1,1777024441.638954,113.71,Game,1,Predictable,65.85,1,,,4,65.07,,120,Sound,,,
0,FORT,,1,1777024441.638954,113.73,Game,1,Predictable,65.86,1,,,4,65.07,,120,Sound,,,
0,FORT,,1,1777024441.638954,113.74,Game,1,Predictable,65.87,1,,,4,65.07,,120,Sound,,,
0,FORT,,1,1777024441.638954,113.75,Game,1,Predictable,65.88,1,,,4,65.07,,120,Sound,,,
0,FORT,,1,1777024441.638954,113.76,Game,1,Predictable,65.89,1,,,4,65.07,,120,Sound,,,
0,FORT,,1,1777024441.638954,113.77,Game,1,Predictable,65.9,1,,,4,65.07,,120,Sound,,,
0,FORT,,1,1777024441.638954,113.78,Game,1,Predictable,65.91,1,,,4,65.07,,120,Sound,,,
0,FORT,,1,1777024441.638954,113.79,Game,1,Predictable,65.92,1,,,4,65.07,,120,Sound,,,
0,FORT,,1,1777024441.638954,113.8,Game,1,Predictable,65.94,1,,,4,65.07,,120,Sound,,,
0,FORT,,1,1777024441.638954,113.81,Game,1,Predictable,65.95,1,,,4,65.07,,120,Sound,,,
0,FORT,,1,1777024441.638954,113.83,Game,1,Predictable,65.96,1,,,4,65.07,,120,Sound,,,
0,FORT,,1,1777024441.638954,113.84,Game,1,Predictable,65.97,1,,,4,65.07,,120,Sound,,,
0,FORT,,1,1777024441.638954,113.85,Game,1,Predictable,65.98,1,,,4,65.07,,120,Sound,,,
0,FORT,,1,1777024441.638954,113.86,Game,1,Predictable,65.99,1,,,4,65.07,,120,Sound,,,
0,FORT,,1,1777024441.638954,113.87,Game,1,Predictable,66.0,1,,,4,65.07,,120,Sound,,,
0,FORT,,1,1777024441.638954,113.88,Game,1,Predictable,66.01,1,,,4,65.07,,120,Sound,,,
0,FORT,,1,1777024441.638954,113.89,Game,1,Predictable,66.02,1,,,4,65.07,,120,Sound,,,
0,FORT,,1,1777024441.638954,113.9,Game,1,Predictable,66.04,1,,,4,65.07,,120,Sound,,,
0,FORT,,1,1777024441.638954,113.91,Game,1,Predictable,66.05,1,,,4,65.07,,120,Sound,,,
0,FORT,,1,1777024441.638954,113.93,Game,1,Predictable,66.06,1,,,4,65.07,,120,Sound,,,
0,FORT,,1,1777024441.638954,113.94,Game,1,Predictable,66.07,1,,,4,65.07,,120,Sound,,,
0,FORT,,1,1777024441.638954,113.95,Game,1,Predictable,66.08,1,,,4,65.07,,120,Sound,,,
0,FORT,,1,1777024441.638954,113.96,Game,1,Predictable,66.09,1,,,4,65.07,,120,Sound,,,
0,FORT,,1,1777024441.638954,113.97,Game,1,Predictable,66.1,1,,,4,65.07,,120,Sound,,,
0,FORT,,1,1777024441.638954,113.98,Game,1,Predictable,66.11,1,,,4,65.07,,120,Sound,,,
0,FORT,,1,1777024441.638954,113.99,Game,1,Predictable,66.12,1,,,4,65.07,,120,Sound,,,
0,FORT,,1,1777024441.638954,114.0,Game,1,Predictable,66.14,1,,,4,65.07,,120,Sound,,,
0,FORT,,1,1777024441.638954,114.01,Game,1,Predictable,66.15,1,,,4,65.07,,120,Sound,,,
0,FORT,,1,1777024441.638954,114.03,Game,1,Predictable,66.16,1,,,4,65.07,,120,Sound,,,
0,FORT,,1,1777024441.638954,114.04,Game,1,Predictable,66.17,1,,,4,65.07,,120,Sound,,,
0,FORT,,1,1777024441.638954,114.05,Game,1,Predictable,66.18,1,,,4,65.07,,120,Sound,,,
0,FORT,,1,1777024441.638954,114.06,Game,1,Predictable,66.19,1,,,4,65.07,,120,Sound,,,
0,FORT,,1,1777024441.638954,114.07,Game,1,Predictable,66.2,1,,,4,65.07,,120,Sound,,,
0,FORT,,1,1777024441.638954,114.08,Game,1,Predictable,66.21,1,,,4,65.07,,120,Sound,,,
0,FORT,,1,1777024441.638954,114.09,Game,1,Predictable,66.22,1,,,4,65.07,,120,Sound,,,
0,FORT,,1,1777024441.638954,114.1,Game,1,Predictable,66.24,1,,,4,65.07,,120,Sound,,,
0,FORT,,1,1777024441.638954,114.11,Game,1,Predictable,66.25,1,,,4,65.07,,120,Sound,,,
0,FORT,,1,1777024441.638954,114.13,Game,1,Predictable,66.26,1,,,4,65.07,,120,Sound,,,
0,FORT,,1,1777024441.638954,114.14,Game,1,Predictable,66.27,1,,,4,65.07,,120,Sound,,,
0,FORT,,1,1777024441.638954,114.15,Game,1,Predictable,66.28,1,,,4,65.07,,120,Sound,,,
0,FORT,,1,1777024441.638954,114.16,Game,1,Predictable,66.29,1,,,4,65.07,,120,Sound,,,
0,FORT,,1,1777024441.638954,114.17,Game,1,Predictable,66.3,1,,,4,65.07,,120,Sound,,,
0,FORT,,1,1777024441.638954,114.18,Game,1,Predictable,66.31,1,,,4,65.07,,120,Sound,,,
0,FORT,,1,1777024441.638954,114.19,Game,1,Predictable,66.32,1,,,4,65.07,,120,Sound,,,
0,FORT,,1,1777024441.638954,114.2,Game,1,Predictable,66.34,1,,,4,65.07,,120,Sound,,,
0,FORT,,1,1777024441.638954,114.21,Game,1,Predictable,66.35,1,,,4,65.07,,120,Sound,,,
0,FORT,,1,1777024441.638954,114.23,Game,1,Predictable,66.36,1,,,4,65.07,,120,Sound,,,
0,FORT,,1,1777024441.638954,114.24,Game,1,Predictable,66.37,1,,,4,65.07,,120,Sound,,,
0,FORT,,1,1777024441.638954,114.25,Game,1,Predictable,66.38,1,,,4,65.07,,120,Sound,,,
0,FORT,,1,1777024441.638954,114.26,Game,1,Predictable,66.39,1,,,4,65.07,,120,Sound,,,
0,FORT,,1,1777024441.638954,114.27,Game,1,Predictable,66.4,1,,,4,65.07,,120,Sound,,,
0,FORT,,1,1777024441.638954,114.28,Game,1,Predictable,66.41,1,,,4,65.07,,120,Sound,,,
0,FORT,,1,1777024441.638954,114.29,Game,1,Predictable,66.42,1,,,4,65.07,,120,Sound,,,
0,FORT,,1,1777024441.638954,114.3,Game,1,Predictable,66.44,1,,,4,65.07,,120,Sound,,,
0,FORT,,1,1777024441.638954,114.31,Game,1,Predictable,66.45,1,,,4,65.07,,120,Sound,,,
0,FORT,,1,1777024441.638954,114.33,Game,1,Predictable,66.46,1,,,4,65.07,,120,Sound,,,
0,FORT,,1,1777024441.638954,114.34,Game,1,Predictable,66.47,1,,,4,65.07,,120,Sound,,,
0,FORT,,1,1777024441.638954,114.35,Game,1,Predictable,66.48,1,,,4,65.07,,120,Sound,,,
0,FORT,,1,1777024441.638954,114.36,Game,1,Predictable,66.49,1,,,4,65.07,,120,Sound,,,
0,FORT,,1,1777024441.638954,114.37,Game,1,Predictable,66.5,1,,,4,65.07,,120,Sound,,,
0,FORT,,1,1777024441.638954,114.38,Game,1,Predictable,66.51,1,,,4,65.07,,120,Sound,,,
0,FORT,,1,1777024441.638954,114.39,Game,1,Predictable,66.52,1,,,4,65.07,,120,Sound,,,
0,FORT,,1,1777024441.638954,114.4,Game,1,Predictable,66.54,1,,,4,65.07,,120,Sound,,,
0,FORT,,1,1777024441.638954,114.41,Game,1,Predictable,66.55,1,,,4,65.07,,120,Sound,,,
0,FORT,,1,1777024441.638954,114.43,Game,1,Predictable,66.56,1,,,4,65.07,,120,Sound,,,
0,FORT,,1,1777024441.638954,114.44,Game,1,Predictable,66.57,1,,,4,65.07,,120,Sound,,,
0,FORT,,1,1777024441.638954,114.45,Game,1,Predictable,66.58,1,,,4,65.07,,120,Sound,,,
0,FORT,,1,1777024441.638954,114.46,Game,1,Predictable,66.59,1,,,4,65.07,,120,Sound,,,
0,FORT,,1,1777024441.638954,114.47,Game,1,Predictable,66.6,1,,,4,65.07,,120,Sound,,,
0,FORT,,1,1777024441.638954,114.48,Game,1,Predictable,66.61,1,,,4,65.07,,120,Sound,,,
0,FORT,,1,1777024441.638954,114.49,Game,1,Predictable,66.62,1,,,4,65.07,,120,Sound,,,
0,FORT,,1,1777024441.638954,114.5,Game,1,Predictable,66.64,1,,,4,65.07,,120,Sound,,,
0,FORT,,1,1777024441.638954,114.51,Game,1,Predictable,66.65,1,,,4,65.07,,120,Sound,,,
0,FORT,,1,1777024441.638954,114.53,Game,1,Predictable,66.66,1,,,4,65.07,,120,Sound,,,
0,FORT,,1,1777024441.638954,114.54,Game,1,Predictable,66.67,1,,,4,65.07,,120,Sound,,,
0,FORT,,1,1777024441.638954,114.55,Game,1,Predictable,66.68,1,,,4,65.07,,120,Sound,,,
0,FORT,,1,1777024441.638954,114.56,Game,1,Predictable,66.69,1,,,4,65.07,,120,Sound,,,
0,FORT,,1,1777024441.638954,114.57,Game,1,Predictable,66.7,1,,,4,65.07,,120,Sound,,,
0,FORT,,1,1777024441.638954,114.58,Game,1,Predictable,66.71,1,,,4,65.07,,120,Sound,,,
0,FORT,,1,1777024441.638954,114.59,Game,1,Predictable,66.72,1,,,4,65.07,,120,Sound,,,
0,FORT,,1,1777024441.638954,114.6,Game,1,Predictable,66.74,1,,,4,65.07,,120,Sound,,,
0,FORT,,1,1777024441.638954,114.61,Game,1,Predictable,66.75,1,,,4,65.07,,120,Sound,,,
0,FORT,,1,1777024441.638954,114.63,Game,1,Predictable,66.76,1,,,4,65.07,,120,Sound,,,
0,FORT,,1,1777024441.638954,114.64,Game,1,Predictable,66.77,1,,,4,65.07,,120,Sound,,,
0,FORT,,1,1777024441.638954,114.65,Game,1,Predictable,66.78,1,,,4,65.07,,120,Sound,,,
0,FORT,,1,1777024441.638954,114.66,Game,1,Predictable,66.79,1,,,4,65.07,,120,Sound,,,
0,FORT,,1,1777024441.638954,114.67,Game,1,Predictable,66.8,1,,,4,65.07,,120,Sound,,,
0,FORT,,1,1777024441.638954,114.68,Game,1,Predictable,66.81,1,,,4,65.07,,120,Sound,,,
0,FORT,,1,1777024441.638954,114.69,Game,1,Predictable,66.82,1,,,4,65.07,,120,Sound,,,
0,FORT,,1,1777024441.638954,114.7,Game,1,Predictable,66.84,1,,,4,65.07,,120,Sound,,,
0,FORT,,1,1777024441.638954,114.71,Game,1,Predictable,66.85,1,,,4,65.07,,120,Sound,,,
0,FORT,,1,1777024441.638954,114.73,Game,1,Predictable,66.86,1,,,4,65.07,,120,Sound,,,
0,FORT,,1,1777024441.638954,114.74,Game,1,Predictable,66.87,1,,,4,65.07,,120,Sound,,,
0,FORT,,1,1777024441.638954,114.75,Game,1,Predictable,66.88,1,,,4,65.07,,120,Sound,,,
0,FORT,,1,1777024441.638954,114.76,Game,1,Predictable,66.89,1,,,4,65.07,,120,Sound,,,
0,FORT,,1,1777024441.638954,114.77,Game,1,Predictable,66.9,1,,,4,65.07,,120,Sound,,,
0,FORT,,1,1777024441.638954,114.78,Game,1,Predictable,66.91,1,,,4,65.07,,120,Sound,,,
0,FORT,,1,1777024441.638954,114.79,Game,1,Predictable,66.92,1,,,4,65.07,,120,Sound,,,
0,FORT,,1,1777024441.638954,114.8,Game,1,Predictable,66.94,1,,,4,65.07,,120,Sound,,,
0,FORT,,1,1777024441.638954,114.81,Game,1,Predictable,66.95,1,,,4,65.07,,120,Sound,,,
0,FORT,,1,1777024441.638954,114.83,Game,1,Predictable,66.96,1,,,4,65.07,,120,Sound,,,
0,FORT,,1,1777024441.638954,114.84,Game,1,Predictable,66.97,1,,,4,65.07,,120,Sound,,,
0,FORT,,1,1777024441.638954,114.85,Game,1,Predictable,66.98,1,,,4,65.07,,120,Sound,,,
0,FORT,,1,1777024441.638954,114.86,Game,1,Predictable,66.99,1,,,4,65.07,,120,Sound,,,
0,FORT,,1,1777024441.638954,114.87,Game,1,Predictable,67.0,1,,,4,65.07,,120,Sound,,,
0,FORT,,1,1777024441.638954,114.88,Game,1,Predictable,67.01,1,,,4,65.07,,120,Sound,,,
0,FORT,,1,1777024441.638954,114.89,Game,1,Predictable,67.02,1,,,4,65.07,,120,Sound,,,
0,FORT,,1,1777024441.638954,114.9,Game,1,Predictable,67.04,1,,,4,65.07,,120,Sound,,,
0,FORT,,1,1777024441.638954,114.91,Game,1,Predictable,67.05,1,,,4,65.07,,120,Sound,,,
0,FORT,,1,1777024441.638954,114.93,Game,1,Predictable,67.06,1,,,4,65.07,,120,Sound,,,
0,FORT,,1,1777024441.638954,114.94,Game,1,Predictable,67.07,1,,,4,65.07,,120,Sound,,,
0,FORT,,1,1777024441.638954,114.95,Game,1,Predictable,67.08,1,,,4,65.07,,120,Sound,,,
0,FORT,,1,1777024441.638954,114.96,Game,1,Predictable,67.09,1,,,4,65.07,,120,Sound,,,
0,FORT,,1,1777024441.638954,114.97,Game,1,Predictable,67.1,1,,,4,65.07,,120,Sound,,,
0,FORT,,1,1777024441.638954,114.98,Game,1,Predictable,67.11,1,,,4,65.07,,120,Sound,,,
0,FORT,,1,1777024441.638954,114.99,Game,1,Predictable,67.12,1,,,4,65.07,,120,Sound,,,
0,FORT,,1,1777024441.638954,115.0,Game,1,Predictable,67.14,1,,,4,65.07,,120,Sound,,,
0,FORT,,1,1777024441.638954,115.01,Game,1,Predictable,67.15,1,,,4,65.07,,120,Sound,,,
0,FORT,,1,1777024441.638954,115.03,Game,1,Predictable,67.16,1,,,4,65.07,,120,Sound,,,
0,FORT,,1,1777024441.638954,115.04,Game,1,Predictable,67.17,1,,,4,65.07,,120,Sound,,,
0,FORT,,1,1777024441.638954,115.05,Game,1,Predictable,67.18,1,,,4,65.07,,120,Sound,,,
0,FORT,,1,1777024441.638954,115.06,Game,1,Predictable,67.19,1,,,4,65.07,,120,Sound,,,
0,FORT,,1,1777024441.638954,115.07,Game,1,Predictable,67.2,1,,,4,65.07,,120,Sound,,,
0,FORT,,1,1777024441.638954,115.08,Game,1,Predictable,67.21,1,,,4,65.07,,120,Sound,,,
0,FORT,,1,1777024441.638954,115.09,Game,1,Predictable,67.22,1,,,4,65.07,,120,Sound,,,
0,FORT,,1,1777024441.638954,115.1,Game,1,Predictable,67.24,1,,,4,65.07,,120,Sound,,,
0,FORT,,1,1777024441.638954,115.11,Game,1,Predictable,67.25,1,,,4,65.07,,120,Sound,,,
0,FORT,,1,1777024441.638954,115.13,Game,1,Predictable,67.26,1,,,4,65.07,,120,Sound,,,
0,FORT,,1,1777024441.638954,115.14,Game,1,Predictable,67.27,1,,,4,65.07,,120,Sound,,,
0,FORT,,1,1777024441.638954,115.15,Game,1,Predictable,67.28,1,,,4,65.07,,120,Sound,,,
0,FORT,,1,1777024441.638954,115.16,Game,1,Predictable,67.29,1,,,4,65.07,,120,Sound,,,
0,FORT,,1,1777024441.638954,115.17,Game,1,Predictable,67.3,1,,,4,65.07,,120,Sound,,,
0,FORT,,1,1777024441.638954,115.18,Game,1,Predictable,67.31,1,,,4,65.07,,120,Sound,,,
0,FORT,,1,1777024441.638954,115.19,Game,1,Predictable,67.32,1,,,4,65.07,,120,Sound,,,
0,FORT,,1,1777024441.638954,115.2,Game,1,Predictable,67.34,1,,,4,65.07,,120,Sound,,,
0,FORT,,1,1777024441.638954,115.21,Game,1,Predictable,67.35,1,,,4,65.07,,120,Sound,,,
0,FORT,,1,1777024441.638954,115.23,Game,1,Predictable,67.36,1,,,4,65.07,,120,Sound,,,
0,FORT,,1,1777024441.638954,115.24,Game,1,Predictable,67.37,1,,,4,65.07,,120,Sound,,,
0,FORT,,1,1777024441.638954,115.25,Game,1,Predictable,67.38,1,,,4,65.07,,120,Sound,,,
0,FORT,,1,1777024441.638954,115.26,Game,1,Predictable,67.39,1,,,4,65.07,,120,Sound,,,
0,FORT,,1,1777024441.638954,115.27,Game,1,Predictable,67.4,1,,,4,65.07,,120,Sound,,,
0,FORT,,1,1777024441.638954,115.28,Game,1,Predictable,67.41,1,,,4,65.07,,120,Sound,,,
0,FORT,,1,1777024441.638954,115.29,Game,1,Predictable,67.42,1,,,4,65.07,,120,Sound,,,
0,FORT,,1,1777024441.638954,115.3,Game,1,Predictable,67.44,1,,,4,65.07,,120,Sound,,,
0,FORT,,1,1777024441.638954,115.31,Game,1,Predictable,67.45,1,,,4,65.07,,120,Sound,,,
0,FORT,,1,1777024441.638954,115.33,Game,1,Predictable,67.46,1,,,4,65.07,,120,Sound,,,
0,FORT,,1,1777024441.638954,115.34,Game,1,Predictable,67.47,1,,,4,65.07,,120,Sound,,,
0,FORT,,1,1777024441.638954,115.35,Game,1,Predictable,67.48,1,,,4,65.07,,120,Sound,,,
0,FORT,,1,1777024441.638954,115.36,Game,1,Predictable,67.49,1,,,4,65.07,,120,Sound,,,
0,FORT,,1,1777024441.638954,115.37,Game,1,Predictable,67.5,1,,,4,65.07,,120,Sound,,,
0,FORT,,1,1777024441.638954,115.38,Game,1,Predictable,67.51,1,,,4,65.07,,120,Sound,,,
0,FORT,,1,1777024441.638954,115.39,Game,1,Predictable,67.52,1,,,4,65.07,,120,Sound,,,
0,FORT,,1,1777024441.638954,115.4,Game,1,Predictable,67.54,1,,,4,65.07,,120,Sound,,,
0,FORT,,1,1777024441.638954,115.41,Game,1,Predictable,67.55,1,,,4,65.07,,120,Sound,,,
0,FORT,,1,1777024441.638954,115.43,Game,1,Predictable,67.56,1,,,4,65.07,,120,Sound,,,
0,FORT,,1,1777024441.638954,115.44,Game,1,Predictable,67.57,1,,,4,65.07,,120,Sound,,,
0,FORT,,1,1777024441.638954,115.45,Game,1,Predictable,67.58,1,,,4,65.07,,120,Sound,,,
0,FORT,,1,1777024441.638954,115.46,Game,1,Predictable,67.59,1,,,4,65.07,,120,Sound,,,
0,FORT,,1,1777024441.638954,115.47,Game,1,Predictable,67.6,1,,,4,65.07,,120,Sound,,,
0,FORT,,1,1777024441.638954,115.48,Game,1,Predictable,67.61,1,,,4,65.07,,120,Sound,,,
0,FORT,,1,1777024441.638954,115.49,Game,1,Predictable,67.62,1,,,4,65.07,,120,Sound,,,
0,FORT,,1,1777024441.638954,115.5,Game,1,Predictable,67.64,1,,,4,65.07,,120,Sound,,,
0,FORT,,1,1777024441.638954,115.51,Game,1,Predictable,67.65,1,,,4,65.07,,120,Sound,,,
0,FORT,,1,1777024441.638954,115.53,Game,1,Predictable,67.66,1,,,4,65.07,,120,Sound,,,
0,FORT,,1,1777024441.638954,115.54,Game,1,Predictable,67.67,1,,,4,65.07,,120,Sound,,,
0,FORT,,1,1777024441.638954,115.55,Game,1,Predictable,67.68,1,,,4,65.07,,120,Sound,,,
0,FORT,,1,1777024441.638954,115.56,Game,1,Predictable,67.69,1,,,4,65.07,,120,Sound,,,
0,FORT,,1,1777024441.638954,115.57,Game,1,Predictable,67.7,1,,,4,65.07,,120,Sound,,,
0,FORT,,1,1777024441.638954,115.58,Game,1,Predictable,67.71,1,,,4,65.07,,120,Sound,,,
0,FORT,,1,1777024441.638954,115.59,Game,1,Predictable,67.72,1,,,4,65.07,,120,Sound,,,
0,FORT,,1,1777024441.638954,115.6,Game,1,Predictable,67.74,1,,,4,65.07,,120,Sound,,,
0,FORT,,1,1777024441.638954,115.61,Game,1,Predictable,67.75,1,,,4,65.07,,120,Sound,,,
0,FORT,,1,1777024441.638954,115.63,Game,1,Predictable,67.76,1,,,4,65.07,,120,Sound,,,
0,FORT,,1,1777024441.638954,115.64,Game,1,Predictable,67.77,1,,,4,65.07,,120,Sound,,,
0,FORT,,1,1777024441.638954,115.65,Game,1,Predictable,67.78,1,,,4,65.07,,120,Sound,,,
0,FORT,,1,1777024441.638954,115.66,Game,1,Predictable,67.79,1,,,4,65.07,,120,Sound,,,
0,FORT,,1,1777024441.638954,115.67,Game,1,Predictable,67.8,1,,,4,65.07,,120,Sound,,,
0,FORT,,1,1777024441.638954,115.68,Game,1,Predictable,67.81,1,,,4,65.07,,120,Sound,,,
0,FORT,,1,1777024441.638954,115.69,Game,1,Predictable,67.82,1,,,4,65.07,,120,Sound,,,
0,FORT,,1,1777024441.638954,115.7,Game,1,Predictable,67.84,1,,,4,65.07,,120,Sound,,,
0,FORT,,1,1777024441.638954,115.71,Game,1,Predictable,67.85,1,,,4,65.07,,120,Sound,,,
0,FORT,,1,1777024441.638954,115.73,Game,1,Predictable,67.86,1,,,4,65.07,,120,Sound,,,
0,FORT,,1,1777024441.638954,115.74,Game,1,Predictable,67.87,1,,,4,65.07,,120,Sound,,,
0,FORT,,1,1777024441.638954,115.75,Game,1,Predictable,67.88,1,,,4,65.07,,120,Sound,,,
0,FORT,,1,1777024441.638954,115.76,Game,1,Predictable,67.89,1,,,4,65.07,,120,Sound,,,
0,FORT,,1,1777024441.638954,115.77,Game,1,Predictable,67.9,1,,,4,65.07,,120,Sound,,,
0,FORT,,1,1777024441.638954,115.78,Game,1,Predictable,67.91,1,,,4,65.07,,120,Sound,,,
0,FORT,,1,1777024441.638954,115.79,Game,1,Predictable,67.92,1,,,4,65.07,,120,Sound,,,
0,FORT,,1,1777024441.638954,115.8,Game,1,Predictable,67.94,1,,,4,65.07,,120,Sound,,,
0,FORT,,1,1777024441.638954,115.81,Game,1,Predictable,67.95,1,,,4,65.07,,120,Sound,,,
0,FORT,,1,1777024441.638954,115.83,Game,1,Predictable,67.96,1,,,4,65.07,,120,Sound,,,
0,FORT,,1,1777024441.638954,115.84,Game,1,Predictable,67.97,1,,,4,65.07,,120,Sound,,,
0,FORT,,1,1777024441.638954,115.85,Game,1,Predictable,67.98,1,,,4,65.07,,120,Sound,,,
0,FORT,,1,1777024441.638954,115.86,Game,1,Predictable,67.99,1,,,4,65.07,,120,Sound,,,
0,FORT,,1,1777024441.638954,115.87,Game,1,Predictable,68.0,1,,,4,65.07,,120,Sound,,,
0,FORT,,1,1777024441.638954,115.88,Game,1,Predictable,68.01,1,,,4,65.07,,120,Sound,,,
0,FORT,,1,1777024441.638954,115.89,Game,1,Predictable,68.02,1,,,4,65.07,,120,Sound,,,
0,FORT,,1,1777024441.638954,115.9,Game,1,Predictable,68.04,1,,,4,65.07,,120,Sound,,,
0,FORT,,1,1777024441.638954,115.91,Game,1,Predictable,68.05,1,,,4,65.07,,120,Sound,,,
0,FORT,,1,1777024441.638954,115.93,Game,1,Predictable,68.06,1,,,4,65.07,,120,Sound,,,
0,FORT,,1,1777024441.638954,115.94,Game,1,Predictable,68.07,1,,,4,65.07,,120,Sound,,,
0,FORT,,1,1777024441.638954,115.95,Game,1,Predictable,68.08,1,,,4,65.07,,120,Sound,,,
0,FORT,,1,1777024441.638954,115.96,Game,1,Predictable,68.09,1,,,4,65.07,,120,Sound,,,
0,FORT,,1,1777024441.638954,115.97,Game,1,Predictable,68.1,1,,,4,65.07,,120,Sound,,,
0,FORT,,1,1777024441.638954,115.98,Game,1,Predictable,68.11,1,,,4,65.07,,120,Sound,,,
0,FORT,,1,1777024441.638954,115.99,Game,1,Predictable,68.12,1,,,4,65.07,,120,Sound,,,
0,FORT,,1,1777024441.638954,116.0,Game,1,Predictable,68.14,1,,,4,65.07,,120,Sound,,,
0,FORT,,1,1777024441.638954,116.01,Game,1,Predictable,68.15,1,,,4,65.07,,120,Sound,,,
0,FORT,,1,1777024441.638954,116.03,Game,1,Predictable,68.16,1,,,4,65.07,,120,Sound,,,
0,FORT,,1,1777024441.638954,116.04,Game,1,Predictable,68.17,1,,,4,65.07,,120,Sound,,,
0,FORT,,1,1777024441.638954,116.05,Game,1,Predictable,68.18,1,,,4,65.07,,120,Sound,,,
0,FORT,,1,1777024441.638954,116.06,Game,1,Predictable,68.19,1,,,4,65.07,,120,Sound,,,
0,FORT,,1,1777024441.638954,116.07,Game,1,Predictable,68.2,1,,,4,65.07,,120,Sound,,,
0,FORT,,1,1777024441.638954,116.08,Game,1,Predictable,68.21,1,,,4,65.07,,120,Sound,,,
0,FORT,,1,1777024441.638954,116.09,Game,1,Predictable,68.22,1,,,4,65.07,,120,Sound,,,
0,FORT,,1,1777024441.638954,116.1,Game,1,Predictable,68.24,1,,,4,65.07,,120,Sound,,,
0,FORT,,1,1777024441.638954,116.11,Game,1,Predictable,68.25,1,,,4,65.07,,120,Sound,,,
0,FORT,,1,1777024441.638954,116.13,Game,1,Predictable,68.26,1,,,4,65.07,,120,Sound,,,
0,FORT,,1,1777024441.638954,116.14,Game,1,Predictable,68.27,1,,,4,65.07,,120,Sound,,,
0,FORT,,1,1777024441.638954,116.15,Game,1,Predictable,68.28,1,,,4,65.07,,120,Sound,,,
0,FORT,,1,1777024441.638954,116.16,Game,1,Predictable,68.29,1,,,4,65.07,,120,Sound,,,
0,FORT,,1,1777024441.638954,116.17,Game,1,Predictable,68.3,1,,,4,65.07,,120,Sound,,,
0,FORT,,1,1777024441.638954,116.18,Game,1,Predictable,68.31,1,,,4,65.07,,120,Sound,,,
0,FORT,,1,1777024441.638954,116.19,Game,1,Predictable,68.32,1,,,4,65.07,,120,Sound,,,
0,FORT,,1,1777024441.638954,116.2,Game,1,Predictable,68.34,1,,,4,65.07,,120,Sound,,,
0,FORT,,1,1777024441.638954,116.21,Game,1,Predictable,68.35,1,,,4,65.07,,120,Sound,,,
0,FORT,,1,1777024441.638954,116.23,Game,1,Predictable,68.36,1,,,4,65.07,,120,Sound,,,
0,FORT,,1,1777024441.638954,116.24,Game,1,Predictable,68.37,1,,,4,65.07,,120,Sound,,,
0,FORT,,1,1777024441.638954,116.25,Game,1,Predictable,68.38,1,,,4,65.07,,120,Sound,,,
0,FORT,,1,1777024441.638954,116.26,Game,1,Predictable,68.39,1,,,4,65.07,,120,Sound,,,
0,FORT,,1,1777024441.638954,116.27,Game,1,Predictable,68.4,1,,,4,65.07,,120,Sound,,,
0,FORT,,1,1777024441.638954,116.28,Game,1,Predictable,68.41,1,,,4,65.07,,120,Sound,,,
0,FORT,,1,1777024441.638954,116.29,Game,1,Predictable,68.42,1,,,4,65.07,,120,Sound,,,
0,FORT,,1,1777024441.638954,116.3,Game,1,Predictable,68.44,1,,,4,65.07,,120,Sound,,,
0,FORT,,1,1777024441.638954,116.31,Game,1,Predictable,68.45,1,,,4,65.07,,120,Sound,,,
0,FORT,,1,1777024441.638954,116.33,Game,1,Predictable,68.46,1,,,4,65.07,,120,Sound,,,
0,FORT,,1,1777024441.638954,116.34,Game,1,Predictable,68.47,1,,,4,65.07,,120,Sound,,,
0,FORT,,1,1777024441.638954,116.35,Game,1,Predictable,68.48,1,,,4,65.07,,120,Sound,,,
0,FORT,,1,1777024441.638954,116.36,Game,1,Predictable,68.49,1,,,4,65.07,,120,Sound,,,
0,FORT,,1,1777024441.638954,116.37,Game,1,Predictable,68.5,1,,,4,65.07,,120,Sound,,,
0,FORT,,1,1777024441.638954,116.38,Game,1,Predictable,68.51,1,,,4,65.07,,120,Sound,,,
0,FORT,,1,1777024441.638954,116.39,Game,1,Predictable,68.52,1,,,4,65.07,,120,Sound,,,
0,FORT,,1,1777024441.638954,116.4,Game,1,Predictable,68.54,1,,,4,65.07,,120,Sound,,,
0,FORT,,1,1777024441.638954,116.41,Game,1,Predictable,68.55,1,,,4,65.07,,120,Sound,,,
0,FORT,,1,1777024441.638954,116.43,Game,1,Predictable,68.56,1,,,4,65.07,,120,Sound,,,
0,FORT,,1,1777024441.638954,116.44,Game,1,Predictable,68.57,1,,,4,65.07,,120,Sound,,,
0,FORT,,1,1777024441.638954,116.45,Game,1,Predictable,68.58,1,,,4,65.07,,120,Sound,,,
0,FORT,,1,1777024441.638954,116.46,Game,1,Predictable,68.59,1,,,4,65.07,,120,Sound,,,
0,FORT,,1,1777024441.638954,116.47,Game,1,Predictable,68.6,1,,,4,65.07,,120,Sound,,,
0,FORT,,1,1777024441.638954,116.48,Game,1,Predictable,68.61,1,,,4,65.07,,120,Sound,,,
0,FORT,,1,1777024441.638954,116.49,Game,1,Predictable,68.62,1,,,4,65.07,,120,Sound,,,
0,FORT,,1,1777024441.638954,116.5,Game,1,Predictable,68.64,1,,,4,65.07,,120,Sound,,,
0,FORT,,1,1777024441.638954,116.51,Game,1,Predictable,68.65,1,,,4,65.07,,120,Sound,,,
0,FORT,,1,1777024441.638954,116.53,Game,1,Predictable,68.66,1,,,4,65.07,,120,Sound,,,
0,FORT,,1,1777024441.638954,116.54,Game,1,Predictable,68.67,1,,,4,65.07,,120,Sound,,,
0,FORT,,1,1777024441.638954,116.55,Game,1,Predictable,68.68,1,,,4,65.07,,120,Sound,,,
0,FORT,,1,1777024441.638954,116.56,Game,1,Predictable,68.69,1,,,4,65.07,,120,Sound,,,
0,FORT,,1,1777024441.638954,116.57,Game,1,Predictable,68.7,1,,,4,65.07,,120,Sound,,,
0,FORT,,1,1777024441.638954,116.58,Game,1,Predictable,68.71,1,,,4,65.07,,120,Sound,,,
0,FORT,,1,1777024441.638954,116.59,Game,1,Predictable,68.72,1,,,4,65.07,,120,Sound,,,
0,FORT,,1,1777024441.638954,116.6,Game,1,Predictable,68.74,1,,,4,65.07,,120,Sound,,,
0,FORT,,1,1777024441.638954,116.61,Game,1,Predictable,68.75,1,,,4,65.07,,120,Sound,,,
0,FORT,,1,1777024441.638954,116.63,Game,1,Predictable,68.76,1,,,4,65.07,,120,Sound,,,
0,FORT,,1,1777024441.638954,116.64,Game,1,Predictable,68.77,1,,,4,65.07,,120,Sound,,,
0,FORT,,1,1777024441.638954,116.65,Game,1,Predictable,68.78,1,,,4,65.07,,120,Sound,,,
0,FORT,,1,1777024441.638954,116.66,Game,1,Predictable,68.79,1,,,4,65.07,,120,Sound,,,
0,FORT,,1,1777024441.638954,116.67,Game,1,Predictable,68.8,1,,,4,65.07,,120,Sound,,,
0,FORT,,1,1777024441.638954,116.68,Game,1,Predictable,68.81,1,,,4,65.07,,120,Sound,,,
0,FORT,,1,1777024441.638954,116.69,Game,1,Predictable,68.82,1,,,4,65.07,,120,Sound,,,
0,FORT,,1,1777024441.638954,116.7,Game,1,Predictable,68.84,1,,,4,65.07,,120,Sound,,,
0,FORT,,1,1777024441.638954,116.71,Game,1,Predictable,68.85,1,,,4,65.07,,120,Sound,,,
0,FORT,,1,1777024441.638954,116.73,Game,1,Predictable,68.86,1,,,4,65.07,,120,Sound,,,
0,FORT,,1,1777024441.638954,116.74,Game,1,Predictable,68.87,1,,,4,65.07,,120,Sound,,,
0,FORT,,1,1777024441.638954,116.75,Game,1,Predictable,68.88,1,,,4,65.07,,120,Sound,,,
0,FORT,,1,1777024441.638954,116.76,Game,1,Predictable,68.89,1,,,4,65.07,,120,Sound,,,
0,FORT,,1,1777024441.638954,116.77,Game,1,Predictable,68.9,1,,,4,65.07,,120,Sound,,,
0,FORT,,1,1777024441.638954,116.78,Game,1,Predictable,68.91,1,,,4,65.07,,120,Sound,,,
0,FORT,,1,1777024441.638954,116.79,Game,1,Predictable,68.92,1,,,4,65.07,,120,Sound,,,
0,FORT,,1,1777024441.638954,116.8,Game,1,Predictable,68.94,1,,,4,65.07,,120,Sound,,,
0,FORT,,1,1777024441.638954,116.81,Game,1,Predictable,68.95,1,,,4,65.07,,120,Sound,,,
0,FORT,,1,1777024441.638954,116.83,Game,1,Predictable,68.96,1,,,4,65.07,,120,Sound,,,
0,FORT,,1,1777024441.638954,116.84,Game,1,Predictable,68.97,1,,,4,65.07,,120,Sound,,,
0,FORT,,1,1777024441.638954,116.85,Game,1,Predictable,68.98,1,,,4,65.07,,120,Sound,,,
0,FORT,,1,1777024441.638954,116.86,Game,1,Predictable,68.99,1,,,4,65.07,,120,Sound,,,
0,FORT,,1,1777024441.638954,116.87,Game,1,Predictable,69.0,1,,,4,65.07,,120,Sound,,,
0,FORT,,1,1777024441.638954,116.88,Game,1,Predictable,69.01,1,,,4,65.07,,120,Sound,,,
0,FORT,,1,1777024441.638954,116.89,Game,1,Predictable,69.02,1,,,4,65.07,,120,Sound,,,
0,FORT,,1,1777024441.638954,116.9,Game,1,Predictable,69.04,1,,,4,65.07,,120,Sound,,,
0,FORT,,1,1777024441.638954,116.91,Game,1,Predictable,69.05,1,,,4,65.07,,120,Sound,,,
0,FORT,,1,1777024441.638954,116.93,Game,1,Predictable,69.06,1,,,4,65.07,,120,Sound,,,
0,FORT,,1,1777024441.638954,116.94,Game,1,Predictable,69.07,1,,,4,65.07,,120,Sound,,,
0,FORT,,1,1777024441.638954,116.95,Game,1,Predictable,69.08,1,,,4,65.07,,120,Sound,,,
0,FORT,,1,1777024441.638954,116.96,Game,1,Predictable,69.09,1,,,4,65.07,,120,Sound,,,
0,FORT,,1,1777024441.638954,116.97,Game,1,Predictable,69.1,1,,,4,65.07,,120,Sound,,,
0,FORT,,1,1777024441.638954,116.98,Game,1,Predictable,69.11,1,,,4,65.07,,120,Sound,,,
0,FORT,,1,1777024441.638954,116.99,Game,1,Predictable,69.12,1,,,4,65.07,,120,Sound,,,
0,FORT,,1,1777024441.638954,117.0,Game,1,Predictable,69.14,1,,,4,65.07,,120,Sound,,,
0,FORT,,1,1777024441.638954,117.01,Game,1,Predictable,69.15,1,,,4,65.07,,120,Sound,,,
0,FORT,,1,1777024441.638954,117.03,Game,1,Predictable,69.16,1,,,4,65.07,,120,Sound,,,
0,FORT,,1,1777024441.638954,117.04,Game,1,Predictable,69.17,1,,,4,65.07,,120,Sound,,,
0,FORT,,1,1777024441.638954,117.05,Game,1,Predictable,69.18,1,,,4,65.07,,120,Sound,,,
0,FORT,,1,1777024441.638954,117.06,Game,1,Predictable,69.19,1,,,4,65.07,,120,Sound,,,
0,FORT,,1,1777024441.638954,117.07,Game,1,Predictable,69.2,1,,,4,65.07,,120,Sound,,,
0,FORT,,1,1777024441.638954,117.08,Game,1,Predictable,69.21,1,,,4,65.07,,120,Sound,,,
0,FORT,,1,1777024441.638954,117.09,Game,1,Predictable,69.22,1,,,4,65.07,,120,Sound,,,
0,FORT,,1,1777024441.638954,117.1,Game,1,Predictable,69.24,1,,,4,65.07,,120,Sound,,,
0,FORT,,1,1777024441.638954,117.11,Game,1,Predictable,69.25,1,,,4,65.07,,120,Sound,,,
0,FORT,,1,1777024441.638954,117.13,Game,1,Predictable,69.26,1,,,4,65.07,,120,Sound,,,
0,FORT,,1,1777024441.638954,117.14,Game,1,Predictable,69.27,1,,,4,65.07,,120,Sound,,,
0,FORT,,1,1777024441.638954,117.15,Game,1,Predictable,69.28,1,,,4,65.07,,120,Sound,,,
0,FORT,,1,1777024441.638954,117.16,Game,1,Predictable,69.29,1,,,4,65.07,,120,Sound,,,
0,FORT,,1,1777024441.638954,117.17,Game,1,Predictable,69.3,1,,,4,65.07,,120,Sound,,,
0,FORT,,1,1777024441.638954,117.18,Game,1,Predictable,69.31,1,,,4,65.07,,120,Sound,,,
0,FORT,,1,1777024441.638954,117.19,Game,1,Predictable,69.32,1,,,4,65.07,,120,Sound,,,
0,FORT,,1,1777024441.638954,117.2,Game,1,Predictable,69.34,1,,,4,65.07,,120,Sound,,,
0,FORT,,1,1777024441.638954,117.21,Game,1,Predictable,69.35,1,,,4,65.07,,120,Sound,,,
0,FORT,,1,1777024441.638954,117.23,Game,1,Predictable,69.36,1,,,4,65.07,,120,Sound,,,
0,FORT,,1,1777024441.638954,117.24,Game,1,Predictable,69.37,1,,,4,65.07,,120,Sound,,,
0,FORT,,1,1777024441.638954,117.25,Game,1,Predictable,69.38,1,,,4,65.07,,120,Sound,,,
0,FORT,,1,1777024441.638954,117.26,Game,1,Predictable,69.39,1,,,4,65.07,,120,Sound,,,
0,FORT,,1,1777024441.638954,117.27,Game,1,Predictable,69.4,1,,,4,65.07,,120,Sound,,,
0,FORT,,1,1777024441.638954,117.28,Game,1,Predictable,69.41,1,,,4,65.07,,120,Sound,,,
0,FORT,,1,1777024441.638954,117.29,Game,1,Predictable,69.42,1,,,4,65.07,,120,Sound,,,
0,FORT,,1,1777024441.638954,117.3,Game,1,Predictable,69.44,1,,,4,65.07,,120,Sound,,,
0,FORT,,1,1777024441.638954,117.31,Game,1,Predictable,69.45,1,,,4,65.07,,120,Sound,,,
0,FORT,,1,1777024441.638954,117.33,Game,1,Predictable,69.46,1,,,4,65.07,,120,Sound,,,
0,FORT,,1,1777024441.638954,117.34,Game,1,Predictable,69.47,1,,,4,65.07,,120,Sound,,,
0,FORT,,1,1777024441.638954,117.35,Game,1,Predictable,69.48,1,,,4,65.07,,120,Sound,,,
0,FORT,,1,1777024441.638954,117.36,Game,1,Predictable,69.49,1,,,4,65.07,,120,Sound,,,
0,FORT,,1,1777024441.638954,117.37,Game,1,Predictable,69.5,1,,,4,65.07,,120,Sound,,,
0,FORT,,1,1777024441.638954,117.38,Game,1,Predictable,69.51,1,,,4,65.07,,120,Sound,,,
0,FORT,,1,1777024441.638954,117.39,Game,1,Predictable,69.52,1,,,4,65.07,,120,Sound,,,
0,FORT,,1,1777024441.638954,117.4,Game,1,Predictable,69.54,1,,,4,65.07,,120,Sound,,,
0,FORT,,1,1777024441.638954,117.41,Game,1,Predictable,69.55,1,,,4,65.07,,120,Sound,,,
0,FORT,,1,1777024441.638954,117.43,Game,1,Predictable,69.56,1,,,4,65.07,,120,Sound,,,
0,FORT,,1,1777024441.638954,117.44,Game,1,Predictable,69.57,1,,,4,65.07,,120,Sound,,,
0,FORT,,1,1777024441.638954,117.45,Game,1,Predictable,69.58,1,,,4,65.07,,120,Sound,,,
0,FORT,,1,1777024441.638954,117.46,Game,1,Predictable,69.59,1,,,4,65.07,,120,Sound,,,
0,FORT,,1,1777024441.638954,117.47,Game,1,Predictable,69.6,1,,,4,65.07,,120,Sound,,,
0,FORT,,1,1777024441.638954,117.48,Game,1,Predictable,69.61,1,,,4,65.07,,120,Sound,,,
0,FORT,,1,1777024441.638954,117.49,Game,1,Predictable,69.62,1,,,4,65.07,,120,Sound,,,
0,FORT,,1,1777024441.638954,117.5,Game,1,Predictable,69.64,1,,,4,65.07,,120,Sound,,,
0,FORT,,1,1777024441.638954,117.51,Game,1,Predictable,69.65,1,,,4,65.07,,120,Sound,,,
0,FORT,,1,1777024441.638954,117.53,Game,1,Predictable,69.66,1,,,4,65.07,,120,Sound,,,
0,FORT,,1,1777024441.638954,117.54,Game,1,Predictable,69.67,1,,,4,65.07,,120,Sound,,,
0,FORT,,1,1777024441.638954,117.55,Game,1,Predictable,69.68,1,,,4,65.07,,120,Sound,,,
0,FORT,,1,1777024441.638954,117.56,Game,1,Predictable,69.69,1,,,4,65.07,,120,Sound,,,
0,FORT,,1,1777024441.638954,117.57,Game,1,Predictable,69.7,1,,,4,65.07,,120,Sound,,,
0,FORT,,1,1777024441.638954,117.58,Game,1,Predictable,69.71,1,,,4,65.07,,120,Sound,,,
0,FORT,,1,1777024441.638954,117.59,Game,1,Predictable,69.72,1,,,4,65.07,,120,Sound,,,
0,FORT,,1,1777024441.638954,117.6,Game,1,Predictable,69.74,1,1,,4,65.07,,121,Sound,,,
0,FORT,,1,1777024441.638954,117.66,Game,1,Predictable,69.74,1,1,,4,65.07,,121,Sound,,,
0,FORT,,1,1777024441.638954,117.72,Game,1,Predictable,69.74,1,1,,4,65.07,,121,Sound,,,
0,FORT,,1,1777024441.638954,117.77,Game,1,Predictable,69.74,1,1,,4,65.07,,121,Sound,,,
0,FORT,,1,1777024441.638954,117.83,Game,1,Predictable,69.74,1,1,,4,65.07,,121,Sound,,,
0,FORT,,1,1777024441.638954,117.88,Game,1,Predictable,69.74,1,1,,4,65.07,,121,Sound,,,
0,FORT,,1,1777024441.638954,117.94,Game,1,Predictable,69.74,1,1,,4,65.07,,121,Sound,,,
0,FORT,,1,1777024441.638954,118.0,Game,1,Predictable,69.74,1,1,,4,65.07,,121,Sound,,,
0,FORT,,1,1777024441.638954,118.05,Game,1,Predictable,69.74,1,1,,4,65.07,,121,Sound,,,
0,FORT,,1,1777024441.638954,118.11,Game,1,Predictable,69.74,1,1,,4,65.07,,121,Sound,,,
0,FORT,,1,1777024441.638954,118.16,Game,1,Predictable,69.74,1,1,,4,65.07,,121,Sound,,,
0,FORT,,1,1777024441.638954,118.22,Game,1,Predictable,69.74,1,1,,4,65.07,,121,Sound,,,
0,FORT,,1,1777024441.638954,118.28,Game,1,Predictable,69.74,1,1,,4,65.07,,121,Sound,,,
0,FORT,,1,1777024441.638954,118.33,Game,1,Predictable,69.74,1,1,,4,65.07,,121,Sound,,,
0,FORT,,1,1777024441.638954,118.39,Game,1,Predictable,69.74,1,1,,4,65.07,,121,Sound,,,
0,FORT,,1,1777024441.638954,118.44,Game,1,Predictable,69.74,1,1,,4,65.07,,121,Sound,,,
0,FORT,,1,1777024441.638954,118.5,Game,1,Predictable,69.74,1,1,,4,65.07,,121,Sound,,,
0,FORT,,1,1777024441.638954,118.56,Game,1,Predictable,69.74,1,1,,4,65.07,,121,Sound,,,
0,FORT,,1,1777024441.638954,118.62,Game,1,Predictable,69.74,1,,,4,65.07,,120,Sound,,,
0,FORT,,1,1777024441.638954,118.63,Game,1,Predictable,70.76,1,,,4,65.07,,120,Sound,,,
0,FORT,,1,1777024441.638954,118.64,Game,1,Predictable,70.77,1,,,4,65.07,,120,Sound,,,
0,FORT,,1,1777024441.638954,118.66,Game,1,Predictable,70.79,1,,,4,65.07,,120,Sound,,,
0,FORT,,1,1777024441.638954,118.67,Game,1,Predictable,70.8,1,,,4,65.07,,120,Sound,,,
0,FORT,,1,1777024441.638954,118.68,Game,1,Predictable,70.81,1,,,4,65.07,,120,Sound,,,
0,FORT,,1,1777024441.638954,118.69,Game,1,Predictable,70.82,1,,,4,65.07,,120,Sound,,,
0,FORT,,1,1777024441.638954,118.7,Game,1,Predictable,70.84,1,,,4,65.07,,120,Sound,,,
0,FORT,,1,1777024441.638954,118.71,Game,1,Predictable,70.85,1,,,4,65.07,,120,Sound,,,
0,FORT,,1,1777024441.638954,118.73,Game,1,Predictable,70.86,1,,,4,65.07,,120,Sound,,,
0,FORT,,1,1777024441.638954,118.74,Game,1,Predictable,70.87,1,,,4,65.07,,120,Sound,,,
0,FORT,,1,1777024441.638954,118.75,Game,1,Predictable,70.88,1,,,4,65.07,,120,Sound,,,
0,FORT,,1,1777024441.638954,118.76,Game,1,Predictable,70.89,1,,,4,65.07,,120,Sound,,,
0,FORT,,1,1777024441.638954,118.77,Game,1,Predictable,70.9,1,,,4,65.07,,120,Sound,,,
0,FORT,,1,1777024441.638954,118.78,Game,1,Predictable,70.91,1,,,4,65.07,,120,Sound,,,
0,FORT,,1,1777024441.638954,118.79,Game,1,Predictable,70.92,1,,,4,65.07,,120,Sound,,,
0,FORT,,1,1777024441.638954,118.8,Game,1,Predictable,70.94,1,,,4,65.07,,120,Sound,,,
0,FORT,,1,1777024441.638954,118.81,Game,1,Predictable,70.95,1,,,4,65.07,,120,Sound,,,
0,FORT,,1,1777024441.638954,118.83,Game,1,Predictable,70.96,1,,,4,65.07,,120,Sound,,,
0,FORT,,1,1777024441.638954,118.84,Game,1,Predictable,70.97,1,,,4,65.07,,120,Sound,,,
0,FORT,,1,1777024441.638954,118.85,Game,1,Predictable,70.98,1,,,4,65.07,,120,Sound,,,
0,FORT,,1,1777024441.638954,118.86,Game,1,Predictable,70.99,1,,,4,65.07,,120,Sound,,,
0,FORT,,1,1777024441.638954,118.87,Game,1,Predictable,71.0,1,,,4,65.07,,120,Sound,,,
0,FORT,,1,1777024441.638954,118.88,Game,1,Predictable,71.01,1,,,4,65.07,,120,Sound,,,
0,FORT,,1,1777024441.638954,118.89,Game,1,Predictable,71.02,1,,,4,65.07,,120,Sound,,,
0,FORT,,1,1777024441.638954,118.9,Game,1,Predictable,71.04,1,,,4,65.07,,120,Sound,,,
0,FORT,,1,1777024441.638954,118.91,Game,1,Predictable,71.05,1,,,4,65.07,,120,Sound,,,
0,FORT,,1,1777024441.638954,118.93,Game,1,Predictable,71.06,1,,,4,65.07,,120,Sound,,,
0,FORT,,1,1777024441.638954,118.94,Game,1,Predictable,71.07,1,,,4,65.07,,120,Sound,,,
0,FORT,,1,1777024441.638954,118.95,Game,1,Predictable,71.08,1,,,4,65.07,,120,Sound,,,
0,FORT,,1,1777024441.638954,118.96,Game,1,Predictable,71.09,1,,,4,65.07,,120,Sound,,,
0,FORT,,1,1777024441.638954,118.97,Game,1,Predictable,71.1,1,,,4,65.07,,120,Sound,,,
0,FORT,,1,1777024441.638954,118.98,Game,1,Predictable,71.11,1,,,4,65.07,,120,Sound,,,
0,FORT,,1,1777024441.638954,118.99,Game,1,Predictable,71.12,1,,,4,65.07,,120,Sound,,,
0,FORT,,1,1777024441.638954,119.0,Game,1,Predictable,71.14,1,,,4,65.07,,120,Sound,,,
0,FORT,,1,1777024441.638954,119.01,Game,1,Predictable,71.15,1,,,4,65.07,,120,Sound,,,
0,FORT,,1,1777024441.638954,119.03,Game,1,Predictable,71.16,1,,,4,65.07,,120,Sound,,,
0,FORT,,1,1777024441.638954,119.04,Game,1,Predictable,71.17,1,,,4,65.07,,120,Sound,,,
0,FORT,,1,1777024441.638954,119.05,Game,1,Predictable,71.18,1,,,4,65.07,,120,Sound,,,
0,FORT,,1,1777024441.638954,119.06,Game,1,Predictable,71.19,1,,,4,65.07,,120,Sound,,,
0,FORT,,1,1777024441.638954,119.07,Game,1,Predictable,71.2,1,,,4,65.07,,120,Sound,,,
0,FORT,,1,1777024441.638954,119.08,Game,1,Predictable,71.21,1,,,4,65.07,,120,Sound,,,
0,FORT,,1,1777024441.638954,119.09,Game,1,Predictable,71.22,1,,,4,65.07,,120,Sound,,,
0,FORT,,1,1777024441.638954,119.1,Game,1,Predictable,71.24,1,,,4,65.07,,120,Sound,,,
0,FORT,,1,1777024441.638954,119.11,Game,1,Predictable,71.25,1,,,4,65.07,,120,Sound,,,
0,FORT,,1,1777024441.638954,119.13,Game,1,Predictable,71.26,1,,,4,65.07,,120,Sound,,,
0,FORT,,1,1777024441.638954,119.14,Game,1,Predictable,71.27,1,,,4,65.07,,120,Sound,,,
0,FORT,,1,1777024441.638954,119.15,Game,1,Predictable,71.28,1,,,4,65.07,,120,Sound,,,
0,FORT,,1,1777024441.638954,119.16,Game,1,Predictable,71.29,1,,,4,65.07,,120,Sound,,,
0,FORT,,1,1777024441.638954,119.17,Game,1,Predictable,71.3,1,,,4,65.07,,120,Sound,,,
0,FORT,,1,1777024441.638954,119.18,Game,1,Predictable,71.31,1,,,4,65.07,,120,Sound,,,
0,FORT,,1,1777024441.638954,119.19,Game,1,Predictable,71.32,1,,,4,65.07,,120,Sound,,,
0,FORT,,1,1777024441.638954,119.2,Game,1,Predictable,71.34,1,,,4,65.07,,120,Sound,,,
0,FORT,,1,1777024441.638954,119.21,Game,1,Predictable,71.35,1,,,4,65.07,,120,Sound,,,
0,FORT,,1,1777024441.638954,119.23,Game,1,Predictable,71.36,1,,,4,65.07,,120,Sound,,,
0,FORT,,1,1777024441.638954,119.24,Game,1,Predictable,71.37,1,,,4,65.07,,120,Sound,,,
0,FORT,,1,1777024441.638954,119.25,Game,1,Predictable,71.38,1,,,4,65.07,,120,Sound,,,
0,FORT,,1,1777024441.638954,119.26,Game,1,Predictable,71.39,1,,,4,65.07,,120,Sound,,,
0,FORT,,1,1777024441.638954,119.27,Game,1,Predictable,71.4,1,,,4,65.07,,120,Sound,,,
0,FORT,,1,1777024441.638954,119.28,Game,1,Predictable,71.41,1,,,4,65.07,,120,Sound,,,
0,FORT,,1,1777024441.638954,119.29,Game,1,Predictable,71.42,1,,,4,65.07,,120,Sound,,,
0,FORT,,1,1777024441.638954,119.3,Game,1,Predictable,71.44,1,,,4,65.07,,120,Sound,,,
0,FORT,,1,1777024441.638954,119.31,Game,1,Predictable,71.45,1,,,4,65.07,,120,Sound,,,
0,FORT,,1,1777024441.638954,119.33,Game,1,Predictable,71.46,1,,,4,65.07,,120,Sound,,,
0,FORT,,1,1777024441.638954,119.34,Game,1,Predictable,71.47,1,,,4,65.07,,120,Sound,,,
0,FORT,,1,1777024441.638954,119.35,Game,1,Predictable,71.48,1,,,4,65.07,,120,Sound,,,
0,FORT,,1,1777024441.638954,119.36,Game,1,Predictable,71.49,1,,,4,65.07,,120,Sound,,,
0,FORT,,1,1777024441.638954,119.37,Game,1,Predictable,71.5,1,,,4,65.07,,120,Sound,,,
0,FORT,,1,1777024441.638954,119.38,Game,1,Predictable,71.51,1,,,4,65.07,,120,Sound,,,
0,FORT,,1,1777024441.638954,119.39,Game,1,Predictable,71.52,1,,,4,65.07,,120,Sound,,,
0,FORT,,1,1777024441.638954,119.4,Game,1,Predictable,71.54,1,,,4,65.07,,120,Sound,,,
0,FORT,,1,1777024441.638954,119.41,Game,1,Predictable,71.55,1,,,4,65.07,,120,Sound,,,
0,FORT,,1,1777024441.638954,119.43,Game,1,Predictable,71.56,1,,,4,65.07,,120,Sound,,,
0,FORT,,1,1777024441.638954,119.44,Game,1,Predictable,71.57,1,,,4,65.07,,120,Sound,,,
0,FORT,,1,1777024441.638954,119.45,Game,1,Predictable,71.58,1,,,4,65.07,,120,Sound,,,
0,FORT,,1,1777024441.638954,119.46,Game,1,Predictable,71.59,1,,,4,65.07,,120,Sound,,,
0,FORT,,1,1777024441.638954,119.47,Game,1,Predictable,71.6,1,,,4,65.07,,120,Sound,,,
0,FORT,,1,1777024441.638954,119.48,Game,1,Predictable,71.61,1,,,4,65.07,,120,Sound,,,
0,FORT,,1,1777024441.638954,119.49,Game,1,Predictable,71.62,1,,,4,65.07,,120,Sound,,,
0,FORT,,1,1777024441.638954,119.5,Game,1,Predictable,71.64,1,,,4,65.07,,120,Sound,,,
0,FORT,,1,1777024441.638954,119.51,Game,1,Predictable,71.65,1,,,4,65.07,,120,Sound,,,
0,FORT,,1,1777024441.638954,119.53,Game,1,Predictable,71.66,1,,,4,65.07,,120,Sound,,,
0,FORT,,1,1777024441.638954,119.54,Game,1,Predictable,71.67,1,,,4,65.07,,120,Sound,,,
0,FORT,,1,1777024441.638954,119.55,Game,1,Predictable,71.68,1,,,4,65.07,,120,Sound,,,
0,FORT,,1,1777024441.638954,119.56,Game,1,Predictable,71.69,1,,,4,65.07,,120,Sound,,,
0,FORT,,1,1777024441.638954,119.57,Game,1,Predictable,71.7,1,,,4,65.07,,120,Sound,,,
0,FORT,,1,1777024441.638954,119.58,Game,1,Predictable,71.71,1,,,4,65.07,,120,Sound,,,
0,FORT,,1,1777024441.638954,119.59,Game,1,Predictable,71.72,1,,,4,65.07,,120,Sound,,,
0,FORT,,1,1777024441.638954,119.6,Game,1,Predictable,71.74,1,,,4,65.07,,120,Sound,,,
0,FORT,,1,1777024441.638954,119.61,Game,1,Predictable,71.75,1,,,4,65.07,,120,Sound,,,
0,FORT,,1,1777024441.638954,119.63,Game,1,Predictable,71.76,1,,,4,65.07,,120,Sound,,,
0,FORT,,1,1777024441.638954,119.64,Game,1,Predictable,71.77,1,,,4,65.07,,120,Sound,,,
0,FORT,,1,1777024441.638954,119.65,Game,1,Predictable,71.78,1,,,4,65.07,,120,Sound,,,
0,FORT,,1,1777024441.638954,119.66,Game,1,Predictable,71.79,1,,,4,65.07,,120,Sound,,,
0,FORT,,1,1777024441.638954,119.67,Game,1,Predictable,71.8,1,,,4,65.07,,120,Sound,,,
0,FORT,,1,1777024441.638954,119.68,Game,1,Predictable,71.81,1,,,4,65.07,,120,Sound,,,
0,FORT,,1,1777024441.638954,119.69,Game,1,Predictable,71.82,1,,,4,65.07,,120,Sound,,,
0,FORT,,1,1777024441.638954,119.7,Game,1,Predictable,71.84,1,,,4,65.07,,120,Sound,,,
0,FORT,,1,1777024441.638954,119.71,Game,1,Predictable,71.85,1,,,4,65.07,,120,Sound,,,
0,FORT,,1,1777024441.638954,119.73,Game,1,Predictable,71.86,1,,,4,65.07,,120,Sound,,,
0,FORT,,1,1777024441.638954,119.74,Game,1,Predictable,71.87,1,,,4,65.07,,120,Sound,,,
0,FORT,,1,1777024441.638954,119.75,Game,1,Predictable,71.88,1,,,4,65.07,,120,Sound,,,
0,FORT,,1,1777024441.638954,119.76,Game,1,Predictable,71.89,1,,,4,65.07,,120,Sound,,,
0,FORT,,1,1777024441.638954,119.77,Game,1,Predictable,71.9,1,,,4,65.07,,120,Sound,,,
0,FORT,,1,1777024441.638954,119.78,Game,1,Predictable,71.91,1,,,4,65.07,,120,Sound,,,
0,FORT,,1,1777024441.638954,119.79,Game,1,Predictable,71.92,1,,,4,65.07,,120,Sound,,,
0,FORT,,1,1777024441.638954,119.8,Game,1,Predictable,71.94,1,,,4,65.07,,120,Sound,,,
0,FORT,,1,1777024441.638954,119.81,Game,1,Predictable,71.95,1,,,4,65.07,,120,Sound,,,
0,FORT,,1,1777024441.638954,119.83,Game,1,Predictable,71.96,1,,,4,65.07,,120,Sound,,,
0,FORT,,1,1777024441.638954,119.84,Game,1,Predictable,71.97,1,,,4,65.07,,120,Sound,,,
0,FORT,,1,1777024441.638954,119.85,Game,1,Predictable,71.98,1,,,4,65.07,,120,Sound,,,
0,FORT,,1,1777024441.638954,119.86,Game,1,Predictable,71.99,1,,,4,65.07,,120,Sound,,,
0,FORT,,1,1777024441.638954,119.87,Game,1,Predictable,72.0,1,,,4,65.07,,120,Sound,,,
0,FORT,,1,1777024441.638954,119.88,Game,1,Predictable,72.01,1,,,4,65.07,,120,Sound,,,
0,FORT,,1,1777024441.638954,119.89,Game,1,Predictable,72.02,1,,,4,65.07,,120,Sound,,,
0,FORT,,1,1777024441.638954,119.9,Game,1,Predictable,72.04,1,,,4,65.07,,120,Sound,,,
0,FORT,,1,1777024441.638954,119.91,Game,1,Predictable,72.05,1,,,4,65.07,,120,Sound,,,
0,FORT,,1,1777024441.638954,119.93,Game,1,Predictable,72.06,1,,,4,65.07,,120,Sound,,,
0,FORT,,1,1777024441.638954,119.94,Game,1,Predictable,72.07,1,,,4,65.07,,120,Sound,,,
0,FORT,,1,1777024441.638954,119.95,Game,1,Predictable,72.08,1,,,4,65.07,,120,Sound,,,
0,FORT,,1,1777024441.638954,119.96,Game,1,Predictable,72.09,1,,,4,65.07,,120,Sound,,,
0,FORT,,1,1777024441.638954,119.97,Game,1,Predictable,72.1,1,,,4,65.07,,120,Sound,,,
0,FORT,,1,1777024441.638954,119.98,Game,1,Predictable,72.11,1,,,4,65.07,,120,Sound,,,
0,FORT,,1,1777024441.638954,119.99,Game,1,Predictable,72.12,1,,,4,65.07,,120,Sound,,,
0,FORT,,1,1777024441.638954,120.0,Game,1,Predictable,72.14,1,,,4,65.07,,120,Sound,,,
0,FORT,,1,1777024441.638954,120.01,Game,1,Predictable,72.15,1,,,4,65.07,,120,Sound,,,
0,FORT,,1,1777024441.638954,120.03,Game,1,Predictable,72.16,1,,,4,65.07,,120,Sound,,,
0,FORT,,1,1777024441.638954,120.04,Game,1,Predictable,72.17,1,,,4,65.07,,120,Sound,,,
0,FORT,,1,1777024441.638954,120.05,Game,1,Predictable,72.18,1,,,4,65.07,,120,Sound,,,
0,FORT,,1,1777024441.638954,120.06,Game,1,Predictable,72.19,1,,,4,65.07,,120,Sound,,,
0,FORT,,1,1777024441.638954,120.07,Game,1,Predictable,72.2,1,,,4,65.07,,120,Sound,,,
0,FORT,,1,1777024441.638954,120.08,Game,1,Predictable,72.21,1,,,4,65.07,,120,Sound,,,
0,FORT,,1,1777024441.638954,120.09,Game,1,Predictable,72.22,1,,,4,65.07,,120,Sound,,,
0,FORT,,1,1777024441.638954,120.1,Game,1,Predictable,72.24,1,,,4,65.07,,120,Sound,,,
0,FORT,,1,1777024441.638954,120.11,Game,1,Predictable,72.25,1,,,4,65.07,,120,Sound,,,
0,FORT,,1,1777024441.638954,120.13,Game,1,Predictable,72.26,1,,,4,65.07,,120,Sound,,,
0,FORT,,1,1777024441.638954,120.14,Game,1,Predictable,72.27,1,,,4,65.07,,120,Sound,,,
0,FORT,,1,1777024441.638954,120.15,Game,1,Predictable,72.28,1,,,4,65.07,,120,Sound,,,
0,FORT,,1,1777024441.638954,120.16,Game,1,Predictable,72.29,1,,,4,65.07,,120,Sound,,,
0,FORT,,1,1777024441.638954,120.17,Game,1,Predictable,72.3,1,,,4,65.07,,120,Sound,,,
0,FORT,,1,1777024441.638954,120.18,Game,1,Predictable,72.31,1,,,4,65.07,,120,Sound,,,
0,FORT,,1,1777024441.638954,120.19,Game,1,Predictable,72.32,1,,,4,65.07,,120,Sound,,,
0,FORT,,1,1777024441.638954,120.2,Game,1,Predictable,72.34,1,,,4,65.07,,120,Sound,,,
0,FORT,,1,1777024441.638954,120.21,Game,1,Predictable,72.35,1,,,4,65.07,,120,Sound,,,
0,FORT,,1,1777024441.638954,120.23,Game,1,Predictable,72.36,1,,,4,65.07,,120,Sound,,,
0,FORT,,1,1777024441.638954,120.24,Game,1,Predictable,72.37,1,,,4,65.07,,120,Sound,,,
0,FORT,,1,1777024441.638954,120.25,Game,1,Predictable,72.38,1,,,4,65.07,,120,Sound,,,
0,FORT,,1,1777024441.638954,120.26,Game,1,Predictable,72.39,1,,,4,65.07,,120,Sound,,,
0,FORT,,1,1777024441.638954,120.27,Game,1,Predictable,72.4,1,,,4,65.07,,120,Sound,,,
0,FORT,,1,1777024441.638954,120.28,Game,1,Predictable,72.41,1,,,4,65.07,,120,Sound,,,
0,FORT,,1,1777024441.638954,120.29,Game,1,Predictable,72.42,1,,,4,65.07,,120,Sound,,,
0,FORT,,1,1777024441.638954,120.3,Game,1,Predictable,72.44,1,,,4,65.07,,120,Sound,,,
0,FORT,,1,1777024441.638954,120.31,Game,1,Predictable,72.45,1,,,4,65.07,,120,Sound,,,
0,FORT,,1,1777024441.638954,120.33,Game,1,Predictable,72.46,1,,,4,65.07,,120,Sound,,,
0,FORT,,1,1777024441.638954,120.34,Game,1,Predictable,72.47,1,,,4,65.07,,120,Sound,,,
0,FORT,,1,1777024441.638954,120.35,Game,1,Predictable,72.48,1,,,4,65.07,,120,Sound,,,
0,FORT,,1,1777024441.638954,120.36,Game,1,Predictable,72.49,1,,,4,65.07,,120,Sound,,,
0,FORT,,1,1777024441.638954,120.37,Game,1,Predictable,72.5,1,,,4,65.07,,120,Sound,,,
0,FORT,,1,1777024441.638954,120.38,Game,1,Predictable,72.51,1,,,4,65.07,,120,Sound,,,
0,FORT,,1,1777024441.638954,120.39,Game,1,Predictable,72.52,1,,,4,65.07,,120,Sound,,,
0,FORT,,1,1777024441.638954,120.4,Game,1,Predictable,72.54,1,,,4,65.07,,120,Sound,,,
0,FORT,,1,1777024441.638954,120.41,Game,1,Predictable,72.55,1,,,4,65.07,,120,Sound,,,
0,FORT,,1,1777024441.638954,120.43,Game,1,Predictable,72.56,1,,,4,65.07,,120,Sound,,,
0,FORT,,1,1777024441.638954,120.44,Game,1,Predictable,72.57,1,,,4,65.07,,120,Sound,,,
0,FORT,,1,1777024441.638954,120.45,Game,1,Predictable,72.58,1,,,4,65.07,,120,Sound,,,
0,FORT,,1,1777024441.638954,120.46,Game,1,Predictable,72.59,1,,,4,65.07,,120,Sound,,,
0,FORT,,1,1777024441.638954,120.47,Game,1,Predictable,72.6,1,,,4,65.07,,120,Sound,,,
0,FORT,,1,1777024441.638954,120.48,Game,1,Predictable,72.61,1,,,4,65.07,,120,Sound,,,
0,FORT,,1,1777024441.638954,120.49,Game,1,Predictable,72.62,1,,,4,65.07,,120,Sound,,,
0,FORT,,1,1777024441.638954,120.5,Game,1,Predictable,72.64,1,,,4,65.07,,120,Sound,,,
0,FORT,,1,1777024441.638954,120.51,Game,1,Predictable,72.65,1,,,4,65.07,,120,Sound,,,
0,FORT,,1,1777024441.638954,120.53,Game,1,Predictable,72.66,1,,,4,65.07,,120,Sound,,,
0,FORT,,1,1777024441.638954,120.54,Game,1,Predictable,72.67,1,,,4,65.07,,120,Sound,,,
0,FORT,,1,1777024441.638954,120.55,Game,1,Predictable,72.68,1,,,4,65.07,,120,Sound,,,
0,FORT,,1,1777024441.638954,120.56,Game,1,Predictable,72.69,1,,,4,65.07,,120,Sound,,,
0,FORT,,1,1777024441.638954,120.57,Game,1,Predictable,72.7,1,,,4,65.07,,120,Sound,,,
0,FORT,,1,1777024441.638954,120.58,Game,1,Predictable,72.71,1,,,4,65.07,,120,Sound,,,
0,FORT,,1,1777024441.638954,120.59,Game,1,Predictable,72.72,1,,,4,65.07,,120,Sound,,,
0,FORT,,1,1777024441.638954,120.6,Game,1,Predictable,72.74,1,,,4,65.07,,120,Sound,,,
0,FORT,,1,1777024441.638954,120.61,Game,1,Predictable,72.75,1,,,4,65.07,,120,Sound,,,
0,FORT,,1,1777024441.638954,120.63,Game,1,Predictable,72.76,1,,,4,65.07,,120,Sound,,,
0,FORT,,1,1777024441.638954,120.64,Game,1,Predictable,72.77,1,,,4,65.07,,120,Sound,,,
0,FORT,,1,1777024441.638954,120.65,Game,1,Predictable,72.78,1,,,4,65.07,,120,Sound,,,
0,FORT,,1,1777024441.638954,120.66,Game,1,Predictable,72.79,1,,,4,65.07,,120,Sound,,,
0,FORT,,1,1777024441.638954,120.67,Game,1,Predictable,72.8,1,,,4,65.07,,120,Sound,,,
0,FORT,,1,1777024441.638954,120.68,Game,1,Predictable,72.81,1,,,4,65.07,,120,Sound,,,
0,FORT,,1,1777024441.638954,120.69,Game,1,Predictable,72.82,1,,,4,65.07,,120,Sound,,,
0,FORT,,1,1777024441.638954,120.7,Game,1,Predictable,72.84,1,,,4,65.07,,120,Sound,,,
0,FORT,,1,1777024441.638954,120.71,Game,1,Predictable,72.85,1,,,4,65.07,,120,Sound,,,
0,FORT,,1,1777024441.638954,120.73,Game,1,Predictable,72.86,1,,,4,65.07,,120,Sound,,,
0,FORT,,1,1777024441.638954,120.74,Game,1,Predictable,72.87,1,,,4,65.07,,120,Sound,,,
0,FORT,,1,1777024441.638954,120.75,Game,1,Predictable,72.88,1,,,4,65.07,,120,Sound,,,
0,FORT,,1,1777024441.638954,120.76,Game,1,Predictable,72.89,1,,,4,65.07,,120,Sound,,,
0,FORT,,1,1777024441.638954,120.78,Game,1,Predictable,72.91,1,,,4,65.07,,120,Sound,,,
0,FORT,,1,1777024441.638954,120.79,Game,1,Predictable,72.92,1,,,4,65.07,,120,Sound,,,
0,FORT,,1,1777024441.638954,120.8,Game,1,Predictable,72.93,1,,,4,65.07,,120,Sound,,,
0,FORT,,1,1777024441.638954,120.81,Game,1,Predictable,72.94,1,,,4,65.07,,120,Sound,,,
0,FORT,,1,1777024441.638954,120.82,Game,1,Predictable,72.95,1,,,4,65.07,,120,Sound,,,
0,FORT,,1,1777024441.638954,120.83,Game,1,Predictable,72.96,1,,,4,65.07,,120,Sound,,,
0,FORT,,1,1777024441.638954,120.84,Game,1,Predictable,72.97,1,,,4,65.07,,120,Sound,,,
0,FORT,,1,1777024441.638954,120.85,Game,1,Predictable,72.99,1,,,4,65.07,,120,Sound,,,
0,FORT,,1,1777024441.638954,120.86,Game,1,Predictable,73.0,1,,,4,65.07,,120,Sound,,,
0,FORT,,1,1777024441.638954,120.88,Game,1,Predictable,73.01,1,,,4,65.07,,120,Sound,,,
0,FORT,,1,1777024441.638954,120.89,Game,1,Predictable,73.02,1,,,4,65.07,,120,Sound,,,
0,FORT,,1,1777024441.638954,120.9,Game,1,Predictable,73.03,1,,,4,65.07,,120,Sound,,,
0,FORT,,1,1777024441.638954,120.91,Game,1,Predictable,73.04,1,,,4,65.07,,120,Sound,,,
0,FORT,,1,1777024441.638954,120.92,Game,1,Predictable,73.05,1,,,4,65.07,,120,Sound,,,
0,FORT,,1,1777024441.638954,120.93,Game,1,Predictable,73.06,1,,,4,65.07,,120,Sound,,,
0,FORT,,1,1777024441.638954,120.94,Game,1,Predictable,73.07,1,,,4,65.07,,120,Sound,,,
0,FORT,,1,1777024441.638954,120.95,Game,1,Predictable,73.09,1,,,4,65.07,,120,Sound,,,
0,FORT,,1,1777024441.638954,120.96,Game,1,Predictable,73.1,1,,,4,65.07,,120,Sound,,,
0,FORT,,1,1777024441.638954,120.98,Game,1,Predictable,73.11,1,,,4,65.07,,120,Sound,,,
0,FORT,,1,1777024441.638954,120.99,Game,1,Predictable,73.12,1,,,4,65.07,,120,Sound,,,
0,FORT,,1,1777024441.638954,121.0,Game,1,Predictable,73.13,1,,,4,65.07,,120,Sound,,,
0,FORT,,1,1777024441.638954,121.01,Game,1,Predictable,73.14,1,,,4,65.07,,120,Sound,,,
0,FORT,,1,1777024441.638954,121.02,Game,1,Predictable,73.15,1,,,4,65.07,,120,Sound,,,
0,FORT,,1,1777024441.638954,121.03,Game,1,Predictable,73.16,1,,,4,65.07,,120,Sound,,,
0,FORT,,1,1777024441.638954,121.04,Game,1,Predictable,73.17,1,,,4,65.07,,120,Sound,,,
0,FORT,,1,1777024441.638954,121.05,Game,1,Predictable,73.19,1,,,4,65.07,,120,Sound,,,
0,FORT,,1,1777024441.638954,121.06,Game,1,Predictable,73.2,1,,,4,65.07,,120,Sound,,,
0,FORT,,1,1777024441.638954,121.08,Game,1,Predictable,73.21,1,,,4,65.07,,120,Sound,,,
0,FORT,,1,1777024441.638954,121.09,Game,1,Predictable,73.22,1,,,4,65.07,,120,Sound,,,
0,FORT,,1,1777024441.638954,121.1,Game,1,Predictable,73.23,1,,,4,65.07,,120,Sound,,,
0,FORT,,1,1777024441.638954,121.11,Game,1,Predictable,73.24,1,,,4,65.07,,120,Sound,,,
0,FORT,,1,1777024441.638954,121.12,Game,1,Predictable,73.25,1,,,4,65.07,,120,Sound,,,
0,FORT,,1,1777024441.638954,121.13,Game,1,Predictable,73.26,1,,,4,65.07,,120,Sound,,,
0,FORT,,1,1777024441.638954,121.14,Game,1,Predictable,73.27,1,,,4,65.07,,120,Sound,,,
0,FORT,,1,1777024441.638954,121.15,Game,1,Predictable,73.29,1,,,4,65.07,,120,Sound,,,
0,FORT,,1,1777024441.638954,121.16,Game,1,Predictable,73.3,1,,,4,65.07,,120,Sound,,,
0,FORT,,1,1777024441.638954,121.18,Game,1,Predictable,73.31,1,,,4,65.07,,120,Sound,,,
0,FORT,,1,1777024441.638954,121.19,Game,1,Predictable,73.32,1,,,4,65.07,,120,Sound,,,
0,FORT,,1,1777024441.638954,121.2,Game,1,Predictable,73.33,1,,,4,65.07,,120,Sound,,,
0,FORT,,1,1777024441.638954,121.21,Game,1,Predictable,73.34,1,,,4,65.07,,120,Sound,,,
0,FORT,,1,1777024441.638954,121.22,Game,1,Predictable,73.35,1,,,4,65.07,,120,Sound,,,
0,FORT,,1,1777024441.638954,121.23,Game,1,Predictable,73.36,1,,,4,65.07,,120,Sound,,,
0,FORT,,1,1777024441.638954,121.24,Game,1,Predictable,73.37,1,,,4,65.07,,120,Sound,,,
0,FORT,,1,1777024441.638954,121.25,Game,1,Predictable,73.39,1,,,4,65.07,,120,Sound,,,
0,FORT,,1,1777024441.638954,121.26,Game,1,Predictable,73.4,1,,,4,65.07,,120,Sound,,,
0,FORT,,1,1777024441.638954,121.28,Game,1,Predictable,73.41,1,,,4,65.07,,120,Sound,,,
0,FORT,,1,1777024441.638954,121.29,Game,1,Predictable,73.42,1,,,4,65.07,,120,Sound,,,
0,FORT,,1,1777024441.638954,121.3,Game,1,Predictable,73.43,1,,,4,65.07,,120,Sound,,,
0,FORT,,1,1777024441.638954,121.31,Game,1,Predictable,73.44,1,,,4,65.07,,120,Sound,,,
0,FORT,,1,1777024441.638954,121.32,Game,1,Predictable,73.45,1,,,4,65.07,,120,Sound,,,
0,FORT,,1,1777024441.638954,121.33,Game,1,Predictable,73.46,1,,,4,65.07,,120,Sound,,,
0,FORT,,1,1777024441.638954,121.34,Game,1,Predictable,73.47,1,,,4,65.07,,120,Sound,,,
0,FORT,,1,1777024441.638954,121.35,Game,1,Predictable,73.49,1,,,4,65.07,,120,Sound,,,
0,FORT,,1,1777024441.638954,121.36,Game,1,Predictable,73.5,1,,,4,65.07,,120,Sound,,,
0,FORT,,1,1777024441.638954,121.38,Game,1,Predictable,73.51,1,,,4,65.07,,120,Sound,,,
0,FORT,,1,1777024441.638954,121.39,Game,1,Predictable,73.52,1,,,4,65.07,,120,Sound,,,
0,FORT,,1,1777024441.638954,121.4,Game,1,Predictable,73.53,1,,,4,65.07,,120,Sound,,,
0,FORT,,1,1777024441.638954,121.41,Game,1,Predictable,73.54,1,,,4,65.07,,120,Sound,,,
0,FORT,,1,1777024441.638954,121.42,Game,1,Predictable,73.55,1,,,4,65.07,,120,Sound,,,
0,FORT,,1,1777024441.638954,121.43,Game,1,Predictable,73.56,1,,,4,65.07,,120,Sound,,,
0,FORT,,1,1777024441.638954,121.44,Game,1,Predictable,73.57,1,,,4,65.07,,120,Sound,,,
0,FORT,,1,1777024441.638954,121.45,Game,1,Predictable,73.59,1,,,4,65.07,,120,Sound,,,
0,FORT,,1,1777024441.638954,121.46,Game,1,Predictable,73.6,1,,,4,65.07,,120,Sound,,,
0,FORT,,1,1777024441.638954,121.48,Game,1,Predictable,73.61,1,,,4,65.07,,120,Sound,,,
0,FORT,,1,1777024441.638954,121.49,Game,1,Predictable,73.62,1,,,4,65.07,,120,Sound,,,
0,FORT,,1,1777024441.638954,121.5,Game,1,Predictable,73.63,1,,,4,65.07,,120,Sound,,,
0,FORT,,1,1777024441.638954,121.51,Game,1,Predictable,73.64,1,,,4,65.07,,120,Sound,,,
0,FORT,,1,1777024441.638954,121.52,Game,1,Predictable,73.65,1,,,4,65.07,,120,Sound,,,
0,FORT,,1,1777024441.638954,121.53,Game,1,Predictable,73.66,1,,,4,65.07,,120,Sound,,,
0,FORT,,1,1777024441.638954,121.54,Game,1,Predictable,73.67,1,,,4,65.07,,120,Sound,,,
0,FORT,,1,1777024441.638954,121.55,Game,1,Predictable,73.69,1,,,4,65.07,,120,Sound,,,
0,FORT,,1,1777024441.638954,121.56,Game,1,Predictable,73.7,1,,,4,65.07,,120,Sound,,,
0,FORT,,1,1777024441.638954,121.58,Game,1,Predictable,73.71,1,,,4,65.07,,120,Sound,,,
0,FORT,,1,1777024441.638954,121.59,Game,1,Predictable,73.72,1,,,4,65.07,,120,Sound,,,
0,FORT,,1,1777024441.638954,121.6,Game,1,Predictable,73.73,1,,,4,65.07,,120,Sound,,,
0,FORT,,1,1777024441.638954,121.61,Game,1,Predictable,73.74,1,,,4,65.07,,120,Sound,,,
0,FORT,,1,1777024441.638954,121.62,Game,1,Predictable,73.75,1,,,4,65.07,,120,Sound,,,
0,FORT,,1,1777024441.638954,121.63,Game,1,Predictable,73.76,1,,,4,65.07,,120,Sound,,,
0,FORT,,1,1777024441.638954,121.64,Game,1,Predictable,73.77,1,,,4,65.07,,120,Sound,,,
0,FORT,,1,1777024441.638954,121.65,Game,1,Predictable,73.79,1,,,4,65.07,,120,Sound,,,
0,FORT,,1,1777024441.638954,121.66,Game,1,Predictable,73.8,1,,,4,65.07,,120,Sound,,,
0,FORT,,1,1777024441.638954,121.68,Game,1,Predictable,73.81,1,,,4,65.07,,120,Sound,,,
0,FORT,,1,1777024441.638954,121.69,Game,1,Predictable,73.82,1,,,4,65.07,,120,Sound,,,
0,FORT,,1,1777024441.638954,121.71,Game,1,Predictable,73.83,1,,,4,65.07,,120,Sound,,,
0,FORT,,1,1777024441.638954,121.72,Game,1,Predictable,73.85,1,,,4,65.07,,120,Sound,,,
0,FORT,,1,1777024441.638954,121.73,Game,1,Predictable,73.87,1,,,4,65.07,,120,Sound,,,
0,FORT,,1,1777024441.638954,121.76,Game,1,Predictable,73.88,1,,,4,65.07,,120,Sound,,,
0,FORT,,1,1777024441.638954,121.78,Game,1,Predictable,73.9,1,,,4,65.07,,120,Sound,,,
0,FORT,,1,1777024441.638954,121.79,Game,1,Predictable,73.92,1,,,4,65.07,,120,Sound,,,
0,FORT,,1,1777024441.638954,121.8,Game,1,Predictable,73.93,1,,,4,65.07,,120,Sound,,,
0,FORT,,1,1777024441.638954,121.81,Game,1,Predictable,73.94,1,,,4,65.07,,120,Sound,,,
0,FORT,,1,1777024441.638954,121.82,Game,1,Predictable,73.95,1,,,4,65.07,,120,Sound,,,
0,FORT,,1,1777024441.638954,121.83,Game,1,Predictable,73.96,1,,,4,65.07,,120,Sound,,,
0,FORT,,1,1777024441.638954,121.84,Game,1,Predictable,73.97,1,,,4,65.07,,120,Sound,,,
0,FORT,,1,1777024441.638954,121.85,Game,1,Predictable,73.99,1,,,4,65.07,,120,Sound,,,
0,FORT,,1,1777024441.638954,121.86,Game,1,Predictable,74.0,1,,,4,65.07,,120,Sound,,,
0,FORT,,1,1777024441.638954,121.88,Game,1,Predictable,74.01,1,,,4,65.07,,120,Sound,,,
0,FORT,,1,1777024441.638954,121.89,Game,1,Predictable,74.02,1,,,4,65.07,,120,Sound,,,
0,FORT,,1,1777024441.638954,121.9,Game,1,Predictable,74.03,1,,,4,65.07,,120,Sound,,,
0,FORT,,1,1777024441.638954,121.91,Game,1,Predictable,74.04,1,,,4,65.07,,120,Sound,,,
0,FORT,,1,1777024441.638954,121.92,Game,1,Predictable,74.05,1,,,4,65.07,,120,Sound,,,
0,FORT,,1,1777024441.638954,121.93,Game,1,Predictable,74.06,1,,,4,65.07,,120,Sound,,,
0,FORT,,1,1777024441.638954,121.94,Game,1,Predictable,74.07,1,,,4,65.07,,120,Sound,,,
0,FORT,,1,1777024441.638954,121.95,Game,1,Predictable,74.09,1,,,4,65.07,,120,Sound,,,
0,FORT,,1,1777024441.638954,121.96,Game,1,Predictable,74.1,1,,,4,65.07,,120,Sound,,,
0,FORT,,1,1777024441.638954,121.98,Game,1,Predictable,74.11,1,,,4,65.07,,120,Sound,,,
0,FORT,,1,1777024441.638954,121.99,Game,1,Predictable,74.12,1,,,4,65.07,,120,Sound,,,
0,FORT,,1,1777024441.638954,122.0,Game,1,Predictable,74.13,1,,,4,65.07,,120,Sound,,,
0,FORT,,1,1777024441.638954,122.01,Game,1,Predictable,74.14,1,,,4,65.07,,120,Sound,,,
0,FORT,,1,1777024441.638954,122.02,Game,1,Predictable,74.15,1,,,4,65.07,,120,Sound,,,
0,FORT,,1,1777024441.638954,122.03,Game,1,Predictable,74.16,1,,,4,65.07,,120,Sound,,,
0,FORT,,1,1777024441.638954,122.04,Game,1,Predictable,74.17,1,,,4,65.07,,120,Sound,,,
0,FORT,,1,1777024441.638954,122.05,Game,1,Predictable,74.19,1,,,4,65.07,,120,Sound,,,
0,FORT,,1,1777024441.638954,122.06,Game,1,Predictable,74.2,1,,,4,65.07,,120,Sound,,,
0,FORT,,1,1777024441.638954,122.08,Game,1,Predictable,74.21,1,,,4,65.07,,120,Sound,,,
0,FORT,,1,1777024441.638954,122.09,Game,1,Predictable,74.22,1,,,4,65.07,,120,Sound,,,
0,FORT,,1,1777024441.638954,122.1,Game,1,Predictable,74.23,1,,,4,65.07,,120,Sound,,,
0,FORT,,1,1777024441.638954,122.11,Game,1,Predictable,74.24,1,,,4,65.07,,120,Sound,,,
0,FORT,,1,1777024441.638954,122.12,Game,1,Predictable,74.25,1,,,4,65.07,,120,Sound,,,
0,FORT,,1,1777024441.638954,122.13,Game,1,Predictable,74.26,1,,,4,65.07,,120,Sound,,,
0,FORT,,1,1777024441.638954,122.14,Game,1,Predictable,74.27,1,,,4,65.07,,120,Sound,,,
0,FORT,,1,1777024441.638954,122.15,Game,1,Predictable,74.29,1,,,4,65.07,,120,Sound,,,
0,FORT,,1,1777024441.638954,122.16,Game,1,Predictable,74.3,1,,,4,65.07,,120,Sound,,,
0,FORT,,1,1777024441.638954,122.18,Game,1,Predictable,74.31,1,,,4,65.07,,120,Sound,,,
0,FORT,,1,1777024441.638954,122.19,Game,1,Predictable,74.32,1,,,4,65.07,,120,Sound,,,
0,FORT,,1,1777024441.638954,122.2,Game,1,Predictable,74.33,1,,,4,65.07,,120,Sound,,,
0,FORT,,1,1777024441.638954,122.21,Game,1,Predictable,74.34,1,,,4,65.07,,120,Sound,,,
0,FORT,,1,1777024441.638954,122.22,Game,1,Predictable,74.35,1,,,4,65.07,,120,Sound,,,
0,FORT,,1,1777024441.638954,122.23,Game,1,Predictable,74.36,1,,,4,65.07,,120,Sound,,,
0,FORT,,1,1777024441.638954,122.24,Game,1,Predictable,74.37,1,,,4,65.07,,120,Sound,,,
0,FORT,,1,1777024441.638954,122.25,Game,1,Predictable,74.39,1,,,4,65.07,,120,Sound,,,
0,FORT,,1,1777024441.638954,122.26,Game,1,Predictable,74.4,1,,,4,65.07,,120,Sound,,,
0,FORT,,1,1777024441.638954,122.28,Game,1,Predictable,74.41,1,,,4,65.07,,120,Sound,,,
0,FORT,,1,1777024441.638954,122.29,Game,1,Predictable,74.42,1,,,4,65.07,,120,Sound,,,
0,FORT,,1,1777024441.638954,122.3,Game,1,Predictable,74.43,1,,,4,65.07,,120,Sound,,,
0,FORT,,1,1777024441.638954,122.31,Game,1,Predictable,74.44,1,,,4,65.07,,120,Sound,,,
0,FORT,,1,1777024441.638954,122.32,Game,1,Predictable,74.45,1,,,4,65.07,,120,Sound,,,
0,FORT,,1,1777024441.638954,122.33,Game,1,Predictable,74.46,1,,,4,65.07,,120,Sound,,,
0,FORT,,1,1777024441.638954,122.34,Game,1,Predictable,74.47,1,,,4,65.07,,120,Sound,,,
0,FORT,,1,1777024441.638954,122.35,Game,1,Predictable,74.49,1,,,4,65.07,,120,Sound,,,
0,FORT,,1,1777024441.638954,122.36,Game,1,Predictable,74.5,1,,,4,65.07,,120,Sound,,,
0,FORT,,1,1777024441.638954,122.38,Game,1,Predictable,74.51,1,,,4,65.07,,120,Sound,,,
0,FORT,,1,1777024441.638954,122.39,Game,1,Predictable,74.52,1,,,4,65.07,,120,Sound,,,
0,FORT,,1,1777024441.638954,122.4,Game,1,Predictable,74.53,1,,,4,65.07,,120,Sound,,,
0,FORT,,1,1777024441.638954,122.41,Game,1,Predictable,74.54,1,,,4,65.07,,120,Sound,,,
0,FORT,,1,1777024441.638954,122.42,Game,1,Predictable,74.55,1,,,4,65.07,,120,Sound,,,
0,FORT,,1,1777024441.638954,122.43,Game,1,Predictable,74.56,1,,,4,65.07,,120,Sound,,,
0,FORT,,1,1777024441.638954,122.44,Game,1,Predictable,74.57,1,,,4,65.07,,120,Sound,,,
0,FORT,,1,1777024441.638954,122.45,Game,1,Predictable,74.59,1,,,4,65.07,,120,Sound,,,
0,FORT,,1,1777024441.638954,122.46,Game,1,Predictable,74.6,1,,,4,65.07,,120,Sound,,,
0,FORT,,1,1777024441.638954,122.48,Game,1,Predictable,74.61,1,,,4,65.07,,120,Sound,,,
0,FORT,,1,1777024441.638954,122.49,Game,1,Predictable,74.62,1,,,4,65.07,,120,Sound,,,
0,FORT,,1,1777024441.638954,122.5,Game,1,Predictable,74.63,1,,,4,65.07,,120,Sound,,,
0,FORT,,1,1777024441.638954,122.51,Game,1,Predictable,74.64,1,,,4,65.07,,120,Sound,,,
0,FORT,,1,1777024441.638954,122.52,Game,1,Predictable,74.65,1,,,4,65.07,,120,Sound,,,
0,FORT,,1,1777024441.638954,122.53,Game,1,Predictable,74.66,1,,,4,65.07,,120,Sound,,,
0,FORT,,1,1777024441.638954,122.54,Game,1,Predictable,74.67,1,,,4,65.07,,120,Sound,,,
0,FORT,,1,1777024441.638954,122.55,Game,1,Predictable,74.69,1,,,4,65.07,,120,Sound,,,
0,FORT,,1,1777024441.638954,122.56,Game,1,Predictable,74.7,1,,,4,65.07,,120,Sound,,,
0,FORT,,1,1777024441.638954,122.58,Game,1,Predictable,74.71,1,,,4,65.07,,120,Sound,,,
0,FORT,,1,1777024441.638954,122.59,Game,1,Predictable,74.72,1,,,4,65.07,,120,Sound,,,
0,FORT,,1,1777024441.638954,122.6,Game,1,Predictable,74.73,1,,,4,65.07,,120,Sound,,,
0,FORT,,1,1777024441.638954,122.61,Game,1,Predictable,74.74,1,,,4,65.07,,120,Sound,,,
0,FORT,,1,1777024441.638954,122.62,Game,1,Predictable,74.75,1,,,4,65.07,,120,Sound,,,
0,FORT,,1,1777024441.638954,122.63,Game,1,Predictable,74.76,1,,,4,65.07,,120,Sound,,,
0,FORT,,1,1777024441.638954,122.64,Game,1,Predictable,74.77,1,,,4,65.07,,120,Sound,,,
0,FORT,,1,1777024441.638954,122.65,Game,1,Predictable,74.79,1,,,4,65.07,,120,Sound,,,
0,FORT,,1,1777024441.638954,122.66,Game,1,Predictable,74.8,1,,,4,65.07,,120,Sound,,,
0,FORT,,1,1777024441.638954,122.68,Game,1,Predictable,74.81,1,,,4,65.07,,120,Sound,,,
0,FORT,,1,1777024441.638954,122.69,Game,1,Predictable,74.82,1,,,4,65.07,,120,Sound,,,
0,FORT,,1,1777024441.638954,122.7,Game,1,Predictable,74.83,1,,,4,65.07,,120,Sound,,,
0,FORT,,1,1777024441.638954,122.71,Game,1,Predictable,74.84,1,,,4,65.07,,120,Sound,,,
0,FORT,,1,1777024441.638954,122.72,Game,1,Predictable,74.85,1,,,4,65.07,,120,Sound,,,
0,FORT,,1,1777024441.638954,122.73,Game,1,Predictable,74.86,1,,,4,65.07,,120,Sound,,,
0,FORT,,1,1777024441.638954,122.74,Game,1,Predictable,74.87,1,,,4,65.07,,120,Sound,,,
0,FORT,,1,1777024441.638954,122.75,Game,1,Predictable,74.89,1,,,4,65.07,,120,Sound,,,
0,FORT,,1,1777024441.638954,122.76,Game,1,Predictable,74.9,1,,,4,65.07,,120,Sound,,,
0,FORT,,1,1777024441.638954,122.78,Game,1,Predictable,74.91,1,,,4,65.07,,120,Sound,,,
0,FORT,,1,1777024441.638954,122.79,Game,1,Predictable,74.92,1,,,4,65.07,,120,Sound,,,
0,FORT,,1,1777024441.638954,122.8,Game,1,Predictable,74.93,1,,,4,65.07,,120,Sound,,,
0,FORT,,1,1777024441.638954,122.81,Game,1,Predictable,74.94,1,,,4,65.07,,120,Sound,,,
0,FORT,,1,1777024441.638954,122.82,Game,1,Predictable,74.95,1,,,4,65.07,,120,Sound,,,
0,FORT,,1,1777024441.638954,122.83,Game,1,Predictable,74.96,1,,,4,65.07,,120,Sound,,,
0,FORT,,1,1777024441.638954,122.84,Game,1,Predictable,74.97,1,,,4,65.07,,120,Sound,,,
0,FORT,,1,1777024441.638954,122.85,Game,1,Predictable,74.99,1,,,4,65.07,,120,Sound,,,
0,FORT,,1,1777024441.638954,122.86,Game,1,Predictable,75.0,1,,,4,65.07,,120,Sound,,,
0,FORT,,1,1777024441.638954,122.88,Game,1,Predictable,75.01,1,,,4,65.07,,120,Sound,,,
0,FORT,,1,1777024441.638954,122.89,Game,1,Predictable,75.02,1,,,4,65.07,,120,Sound,,,
0,FORT,,1,1777024441.638954,122.9,Game,1,Predictable,75.03,1,,,4,65.07,,120,Sound,,,
0,FORT,,1,1777024441.638954,122.91,Game,1,Predictable,75.04,1,,,4,65.07,,120,Sound,,,
0,FORT,,1,1777024441.638954,122.92,Game,1,Predictable,75.05,1,,,4,65.07,,120,Sound,,,
0,FORT,,1,1777024441.638954,122.93,Game,1,Predictable,75.06,1,,,4,65.07,,120,Sound,,,
0,FORT,,1,1777024441.638954,122.94,Game,1,Predictable,75.07,1,,,4,65.07,,120,Sound,,,
0,FORT,,1,1777024441.638954,122.95,Game,1,Predictable,75.09,1,,,4,65.07,,120,Sound,,,
0,FORT,,1,1777024441.638954,122.96,Game,1,Predictable,75.1,1,,,4,65.07,,120,Sound,,,
0,FORT,,1,1777024441.638954,122.98,Game,1,Predictable,75.11,1,,,4,65.07,,120,Sound,,,
0,FORT,,1,1777024441.638954,122.99,Game,1,Predictable,75.12,1,,,4,65.07,,120,Sound,,,
0,FORT,,1,1777024441.638954,123.0,Game,1,Predictable,75.13,1,,,4,65.07,,120,Sound,,,
0,FORT,,1,1777024441.638954,123.01,Game,1,Predictable,75.14,1,,,4,65.07,,120,Sound,,,
0,FORT,,1,1777024441.638954,123.02,Game,1,Predictable,75.15,1,,,4,65.07,,120,Sound,,,
0,FORT,,1,1777024441.638954,123.03,Game,1,Predictable,75.16,1,,,4,65.07,,120,Sound,,,
0,FORT,,1,1777024441.638954,123.04,Game,1,Predictable,75.17,1,,,4,65.07,,120,Sound,,,
0,FORT,,1,1777024441.638954,123.05,Game,1,Predictable,75.19,1,,,4,65.07,,120,Sound,,,
0,FORT,,1,1777024441.638954,123.06,Game,1,Predictable,75.2,1,,,4,65.07,,120,Sound,,,
0,FORT,,1,1777024441.638954,123.08,Game,1,Predictable,75.21,1,,,4,65.07,,120,Sound,,,
0,FORT,,1,1777024441.638954,123.09,Game,1,Predictable,75.22,1,,,4,65.07,,120,Sound,,,
0,FORT,,1,1777024441.638954,123.1,Game,1,Predictable,75.23,1,,,4,65.07,,120,Sound,,,
0,FORT,,1,1777024441.638954,123.11,Game,1,Predictable,75.24,1,,,4,65.07,,120,Sound,,,
0,FORT,,1,1777024441.638954,123.12,Game,1,Predictable,75.25,1,,,4,65.07,,120,Sound,,,
0,FORT,,1,1777024441.638954,123.13,Game,1,Predictable,75.26,1,,,4,65.07,,120,Sound,,,
0,FORT,,1,1777024441.638954,123.14,Game,1,Predictable,75.27,1,,,4,65.07,,120,Sound,,,
0,FORT,,1,1777024441.638954,123.15,Game,1,Predictable,75.29,1,,,4,65.07,,120,Sound,,,
0,FORT,,1,1777024441.638954,123.16,Game,1,Predictable,75.3,1,,,4,65.07,,120,Sound,,,
0,FORT,,1,1777024441.638954,123.18,Game,1,Predictable,75.31,1,,,4,65.07,,120,Sound,,,
0,FORT,,1,1777024441.638954,123.19,Game,1,Predictable,75.32,1,,,4,65.07,,120,Sound,,,
0,FORT,,1,1777024441.638954,123.2,Game,1,Predictable,75.33,1,,,4,65.07,,120,Sound,,,
0,FORT,,1,1777024441.638954,123.21,Game,1,Predictable,75.34,1,,,4,65.07,,120,Sound,,,
0,FORT,,1,1777024441.638954,123.22,Game,1,Predictable,75.35,1,,,4,65.07,,120,Sound,,,
0,FORT,,1,1777024441.638954,123.23,Game,1,Predictable,75.36,1,,,4,65.07,,120,Sound,,,
0,FORT,,1,1777024441.638954,123.24,Game,1,Predictable,75.37,1,,,4,65.07,,120,Sound,,,
0,FORT,,1,1777024441.638954,123.25,Game,1,Predictable,75.39,1,,,4,65.07,,120,Sound,,,
0,FORT,,1,1777024441.638954,123.26,Game,1,Predictable,75.4,1,,,4,65.07,,120,Sound,,,
0,FORT,,1,1777024441.638954,123.28,Game,1,Predictable,75.41,1,,,4,65.07,,120,Sound,,,
0,FORT,,1,1777024441.638954,123.29,Game,1,Predictable,75.42,1,,,4,65.07,,120,Sound,,,
0,FORT,,1,1777024441.638954,123.3,Game,1,Predictable,75.43,1,,,4,65.07,,120,Sound,,,
0,FORT,,1,1777024441.638954,123.31,Game,1,Predictable,75.44,1,,,4,65.07,,120,Sound,,,
0,FORT,,1,1777024441.638954,123.32,Game,1,Predictable,75.45,1,,,4,65.07,,120,Sound,,,
0,FORT,,1,1777024441.638954,123.33,Game,1,Predictable,75.46,1,,,4,65.07,,120,Sound,,,
0,FORT,,1,1777024441.638954,123.34,Game,1,Predictable,75.47,1,,,4,65.07,,120,Sound,,,
0,FORT,,1,1777024441.638954,123.35,Game,1,Predictable,75.49,1,,,4,65.07,,120,Sound,,,
0,FORT,,1,1777024441.638954,123.36,Game,1,Predictable,75.5,1,,,4,65.07,,120,Sound,,,
0,FORT,,1,1777024441.638954,123.38,Game,1,Predictable,75.51,1,,,4,65.07,,120,Sound,,,
0,FORT,,1,1777024441.638954,123.39,Game,1,Predictable,75.52,1,,,4,65.07,,120,Sound,,,
0,FORT,,1,1777024441.638954,123.4,Game,1,Predictable,75.53,1,,,4,65.07,,120,Sound,,,
0,FORT,,1,1777024441.638954,123.41,Game,1,Predictable,75.54,1,,,4,65.07,,120,Sound,,,
0,FORT,,1,1777024441.638954,123.42,Game,1,Predictable,75.55,1,,,4,65.07,,120,Sound,,,
0,FORT,,1,1777024441.638954,123.43,Game,1,Predictable,75.56,1,,,4,65.07,,120,Sound,,,
0,FORT,,1,1777024441.638954,123.44,Game,1,Predictable,75.57,1,,,4,65.07,,120,Sound,,,
0,FORT,,1,1777024441.638954,123.45,Game,1,Predictable,75.59,1,,,4,65.07,,120,Sound,,,
0,FORT,,1,1777024441.638954,123.46,Game,1,Predictable,75.6,1,,,4,65.07,,120,Sound,,,
0,FORT,,1,1777024441.638954,123.48,Game,1,Predictable,75.61,1,,,4,65.07,,120,Sound,,,
0,FORT,,1,1777024441.638954,123.49,Game,1,Predictable,75.62,1,,,4,65.07,,120,Sound,,,
0,FORT,,1,1777024441.638954,123.5,Game,1,Predictable,75.63,1,,,4,65.07,,120,Sound,,,
0,FORT,,1,1777024441.638954,123.51,Game,1,Predictable,75.64,1,,,4,65.07,,120,Sound,,,
0,FORT,,1,1777024441.638954,123.52,Game,1,Predictable,75.65,1,,,4,65.07,,120,Sound,,,
0,FORT,,1,1777024441.638954,123.53,Game,1,Predictable,75.66,1,,,4,65.07,,120,Sound,,,
0,FORT,,1,1777024441.638954,123.54,Game,1,Predictable,75.67,1,,,4,65.07,,120,Sound,,,
0,FORT,,1,1777024441.638954,123.55,Game,1,Predictable,75.69,1,,,4,65.07,,120,Sound,,,
0,FORT,,1,1777024441.638954,123.56,Game,1,Predictable,75.7,1,,,4,65.07,,120,Sound,,,
0,FORT,,1,1777024441.638954,123.58,Game,1,Predictable,75.71,1,,,4,65.07,,120,Sound,,,
0,FORT,,1,1777024441.638954,123.59,Game,1,Predictable,75.72,1,,,4,65.07,,120,Sound,,,
0,FORT,,1,1777024441.638954,123.6,Game,1,Predictable,75.73,1,,,4,65.07,,120,Sound,,,
0,FORT,,1,1777024441.638954,123.61,Game,1,Predictable,75.74,1,,,4,65.07,,120,Sound,,,
0,FORT,,1,1777024441.638954,123.62,Game,1,Predictable,75.75,1,,,4,65.07,,120,Sound,,,
0,FORT,,1,1777024441.638954,123.63,Game,1,Predictable,75.76,1,,,4,65.07,,120,Sound,,,
0,FORT,,1,1777024441.638954,123.64,Game,1,Predictable,75.77,1,,,4,65.07,,120,Sound,,,
0,FORT,,1,1777024441.638954,123.65,Game,1,Predictable,75.79,1,,,4,65.07,,120,Sound,,,
0,FORT,,1,1777024441.638954,123.66,Game,1,Predictable,75.8,1,,,4,65.07,,120,Sound,,,
0,FORT,,1,1777024441.638954,123.68,Game,1,Predictable,75.81,1,,,4,65.07,,120,Sound,,,
0,FORT,,1,1777024441.638954,123.69,Game,1,Predictable,75.82,1,,,4,65.07,,120,Sound,,,
0,FORT,,1,1777024441.638954,123.7,Game,1,Predictable,75.83,1,,,4,65.07,,120,Sound,,,
0,FORT,,1,1777024441.638954,123.71,Game,1,Predictable,75.84,1,,,4,65.07,,120,Sound,,,
0,FORT,,1,1777024441.638954,123.72,Game,1,Predictable,75.85,1,,,4,65.07,,120,Sound,,,
0,FORT,,1,1777024441.638954,123.73,Game,1,Predictable,75.86,1,,,4,65.07,,120,Sound,,,
0,FORT,,1,1777024441.638954,123.74,Game,1,Predictable,75.87,1,,,4,65.07,,120,Sound,,,
0,FORT,,1,1777024441.638954,123.75,Game,1,Predictable,75.89,1,,,4,65.07,,120,Sound,,,
0,FORT,,1,1777024441.638954,123.76,Game,1,Predictable,75.9,1,,,4,65.07,,120,Sound,,,
0,FORT,,1,1777024441.638954,123.78,Game,1,Predictable,75.91,1,,,4,65.07,,120,Sound,,,
0,FORT,,1,1777024441.638954,123.79,Game,1,Predictable,75.92,1,,,4,65.07,,120,Sound,,,
0,FORT,,1,1777024441.638954,123.8,Game,1,Predictable,75.93,1,,,4,65.07,,120,Sound,,,
0,FORT,,1,1777024441.638954,123.81,Game,1,Predictable,75.94,1,,,4,65.07,,120,Sound,,,
0,FORT,,1,1777024441.638954,123.82,Game,1,Predictable,75.95,1,,,4,65.07,,120,Sound,,,
0,FORT,,1,1777024441.638954,123.83,Game,1,Predictable,75.96,1,,,4,65.07,,120,Sound,,,
0,FORT,,1,1777024441.638954,123.84,Game,1,Predictable,75.97,1,,,4,65.07,,120,Sound,,,
0,FORT,,1,1777024441.638954,123.85,Game,1,Predictable,75.99,1,,,4,65.07,,120,Sound,,,
0,FORT,,1,1777024441.638954,123.86,Game,1,Predictable,76.0,1,,,4,65.07,,120,Sound,,,
0,FORT,,1,1777024441.638954,123.88,Game,1,Predictable,76.01,1,,,4,65.07,,120,Sound,,,
0,FORT,,1,1777024441.638954,123.89,Game,1,Predictable,76.02,1,,,4,65.07,,120,Sound,,,
0,FORT,,1,1777024441.638954,123.9,Game,1,Predictable,76.03,1,,,4,65.07,,120,Sound,,,
0,FORT,,1,1777024441.638954,123.91,Game,1,Predictable,76.04,1,,,4,65.07,,120,Sound,,,
0,FORT,,1,1777024441.638954,123.92,Game,1,Predictable,76.05,1,,,4,65.07,,120,Sound,,,
0,FORT,,1,1777024441.638954,123.93,Game,1,Predictable,76.06,1,,,4,65.07,,120,Sound,,,
0,FORT,,1,1777024441.638954,123.94,Game,1,Predictable,76.07,1,,,4,65.07,,120,Sound,,,
0,FORT,,1,1777024441.638954,123.96,Game,1,Predictable,76.09,1,,,4,65.07,,120,Sound,,,
0,FORT,,1,1777024441.638954,123.97,Game,1,Predictable,76.1,1,,,4,65.07,,120,Sound,,,
0,FORT,,1,1777024441.638954,123.98,Game,1,Predictable,76.11,1,,,4,65.07,,120,Sound,,,
0,FORT,,1,1777024441.638954,123.99,Game,1,Predictable,76.12,1,,,4,65.07,,120,Sound,,,
0,FORT,,1,1777024441.638954,124.0,Game,1,Predictable,76.13,1,,,4,65.07,,120,Sound,,,
0,FORT,,1,1777024441.638954,124.01,Game,1,Predictable,76.14,1,,,4,65.07,,120,Sound,,,
0,FORT,,1,1777024441.638954,124.02,Game,1,Predictable,76.15,1,,,4,65.07,,120,Sound,,,
0,FORT,,1,1777024441.638954,124.03,Game,1,Predictable,76.16,1,,,4,65.07,,120,Sound,,,
0,FORT,,1,1777024441.638954,124.04,Game,1,Predictable,76.17,1,,,4,65.07,,120,Sound,,,
0,FORT,,1,1777024441.638954,124.05,Game,1,Predictable,76.19,1,,,4,65.07,,120,Sound,,,
0,FORT,,1,1777024441.638954,124.06,Game,1,Predictable,76.2,1,,,4,65.07,,120,Sound,,,
0,FORT,,1,1777024441.638954,124.08,Game,1,Predictable,76.21,1,,,4,65.07,,120,Sound,,,
0,FORT,,1,1777024441.638954,124.09,Game,1,Predictable,76.22,1,,,4,65.07,,120,Sound,,,
0,FORT,,1,1777024441.638954,124.1,Game,1,Predictable,76.23,1,,,4,65.07,,120,Sound,,,
0,FORT,,1,1777024441.638954,124.11,Game,1,Predictable,76.24,1,,,4,65.07,,120,Sound,,,
0,FORT,,1,1777024441.638954,124.12,Game,1,Predictable,76.25,1,,,4,65.07,,120,Sound,,,
0,FORT,,1,1777024441.638954,124.13,Game,1,Predictable,76.26,1,,,4,65.07,,120,Sound,,,
0,FORT,,1,1777024441.638954,124.14,Game,1,Predictable,76.27,1,,,4,65.07,,120,Sound,,,
0,FORT,,1,1777024441.638954,124.15,Game,1,Predictable,76.29,1,,,4,65.07,,120,Sound,,,
0,FORT,,1,1777024441.638954,124.16,Game,1,Predictable,76.3,1,,,4,65.07,,120,Sound,,,
0,FORT,,1,1777024441.638954,124.18,Game,1,Predictable,76.31,1,,,4,65.07,,120,Sound,,,
0,FORT,,1,1777024441.638954,124.19,Game,1,Predictable,76.32,1,,,4,65.07,,120,Sound,,,
0,FORT,,1,1777024441.638954,124.2,Game,1,Predictable,76.33,1,,,4,65.07,,120,Sound,,,
0,FORT,,1,1777024441.638954,124.21,Game,1,Predictable,76.34,1,,,4,65.07,,120,Sound,,,
0,FORT,,1,1777024441.638954,124.22,Game,1,Predictable,76.35,1,,,4,65.07,,120,Sound,,,
0,FORT,,1,1777024441.638954,124.23,Game,1,Predictable,76.36,1,,,4,65.07,,120,Sound,,,
0,FORT,,1,1777024441.638954,124.24,Game,1,Predictable,76.37,1,,,4,65.07,,120,Sound,,,
0,FORT,,1,1777024441.638954,124.25,Game,1,Predictable,76.39,1,,,4,65.07,,120,Sound,,,
0,FORT,,1,1777024441.638954,124.26,Game,1,Predictable,76.4,1,,,4,65.07,,120,Sound,,,
0,FORT,,1,1777024441.638954,124.28,Game,1,Predictable,76.41,1,,,4,65.07,,120,Sound,,,
0,FORT,,1,1777024441.638954,124.29,Game,1,Predictable,76.42,1,,,4,65.07,,120,Sound,,,
0,FORT,,1,1777024441.638954,124.3,Game,1,Predictable,76.43,1,,,4,65.07,,120,Sound,,,
0,FORT,,1,1777024441.638954,124.31,Game,1,Predictable,76.44,1,,,4,65.07,,120,Sound,,,
0,FORT,,1,1777024441.638954,124.32,Game,1,Predictable,76.45,1,,,4,65.07,,120,Sound,,,
0,FORT,,1,1777024441.638954,124.33,Game,1,Predictable,76.46,1,,,4,65.07,,120,Sound,,,
0,FORT,,1,1777024441.638954,124.34,Game,1,Predictable,76.47,1,,,4,65.07,,120,Sound,,,
0,FORT,,1,1777024441.638954,124.35,Game,1,Predictable,76.49,1,,,4,65.07,,120,Sound,,,
0,FORT,,1,1777024441.638954,124.37,Game,1,Predictable,76.5,1,,,4,65.07,,120,Sound,,,
0,FORT,,1,1777024441.638954,124.38,Game,1,Predictable,76.51,1,,,4,65.07,,120,Sound,,,
0,FORT,,1,1777024441.638954,124.39,Game,1,Predictable,76.52,1,,,4,65.07,,120,Sound,,,
0,FORT,,1,1777024441.638954,124.4,Game,1,Predictable,76.53,1,,,4,65.07,,120,Sound,,,
0,FORT,,1,1777024441.638954,124.41,Game,1,Predictable,76.54,1,,,4,65.07,,120,Sound,,,
0,FORT,,1,1777024441.638954,124.42,Game,1,Predictable,76.55,1,,,4,65.07,,120,Sound,,,
0,FORT,,1,1777024441.638954,124.43,Game,1,Predictable,76.56,1,,,4,65.07,,120,Sound,,,
0,FORT,,1,1777024441.638954,124.44,Game,1,Predictable,76.57,1,,,4,65.07,,120,Sound,,,
0,FORT,,1,1777024441.638954,124.45,Game,1,Predictable,76.59,1,,,4,65.07,,120,Sound,,,
0,FORT,,1,1777024441.638954,124.46,Game,1,Predictable,76.6,1,,,4,65.07,,120,Sound,,,
0,FORT,,1,1777024441.638954,124.48,Game,1,Predictable,76.61,1,,,4,65.07,,120,Sound,,,
0,FORT,,1,1777024441.638954,124.49,Game,1,Predictable,76.62,1,,,4,65.07,,120,Sound,,,
0,FORT,,1,1777024441.638954,124.5,Game,1,Predictable,76.63,1,,,4,65.07,,120,Sound,,,
0,FORT,,1,1777024441.638954,124.51,Game,1,Predictable,76.64,1,,,4,65.07,,120,Sound,,,
0,FORT,,1,1777024441.638954,124.52,Game,1,Predictable,76.65,1,,,4,65.07,,120,Sound,,,
0,FORT,,1,1777024441.638954,124.53,Game,1,Predictable,76.66,1,,,4,65.07,,120,Sound,,,
0,FORT,,1,1777024441.638954,124.54,Game,1,Predictable,76.67,1,,,4,65.07,,120,Sound,,,
0,FORT,,1,1777024441.638954,124.55,Game,1,Predictable,76.69,1,,,4,65.07,,120,Sound,,,
0,FORT,,1,1777024441.638954,124.56,Game,1,Predictable,76.7,1,,,4,65.07,,120,Sound,,,
0,FORT,,1,1777024441.638954,124.58,Game,1,Predictable,76.71,1,,,4,65.07,,120,Sound,,,
0,FORT,,1,1777024441.638954,124.59,Game,1,Predictable,76.72,1,,,4,65.07,,120,Sound,,,
0,FORT,,1,1777024441.638954,124.6,Game,1,Predictable,76.73,1,,,4,65.07,,120,Sound,,,
0,FORT,,1,1777024441.638954,124.61,Game,1,Predictable,76.74,1,,,4,65.07,,120,Sound,,,
0,FORT,,1,1777024441.638954,124.62,Game,1,Predictable,76.75,1,,,4,65.07,,120,Sound,,,
0,FORT,,1,1777024441.638954,124.63,Game,1,Predictable,76.76,1,,,4,65.07,,120,Sound,,,
0,FORT,,1,1777024441.638954,124.64,Game,1,Predictable,76.77,1,,,4,65.07,,120,Sound,,,
0,FORT,,1,1777024441.638954,124.65,Game,1,Predictable,76.79,1,,,4,65.07,,120,Sound,,,
0,FORT,,1,1777024441.638954,124.66,Game,1,Predictable,76.8,1,,,4,65.07,,120,Sound,,,
0,FORT,,1,1777024441.638954,124.68,Game,1,Predictable,76.81,1,,,4,65.07,,120,Sound,,,
0,FORT,,1,1777024441.638954,124.69,Game,1,Predictable,76.82,1,,,4,65.07,,120,Sound,,,
0,FORT,,1,1777024441.638954,124.7,Game,1,Predictable,76.83,1,,,4,65.07,,120,Sound,,,
0,FORT,,1,1777024441.638954,124.71,Game,1,Predictable,76.84,1,,,4,65.07,,120,Sound,,,
0,FORT,,1,1777024441.638954,124.72,Game,1,Predictable,76.85,1,,,4,65.07,,120,Sound,,,
0,FORT,,1,1777024441.638954,124.73,Game,1,Predictable,76.86,1,,,4,65.07,,120,Sound,,,
0,FORT,,1,1777024441.638954,124.74,Game,1,Predictable,76.87,1,,,4,65.07,,120,Sound,,,
0,FORT,,1,1777024441.638954,124.76,Game,1,Predictable,76.89,1,,,4,65.07,,120,Sound,,,
0,FORT,,1,1777024441.638954,124.77,Game,1,Predictable,76.9,1,,,4,65.07,,120,Sound,,,
0,FORT,,1,1777024441.638954,124.78,Game,1,Predictable,76.91,1,,,4,65.07,,120,Sound,,,
0,FORT,,1,1777024441.638954,124.79,Game,1,Predictable,76.92,1,,,4,65.07,,120,Sound,,,
0,FORT,,1,1777024441.638954,124.8,Game,1,Predictable,76.93,1,,,4,65.07,,120,Sound,,,
0,FORT,,1,1777024441.638954,124.81,Game,1,Predictable,76.94,1,,,4,65.07,,120,Sound,,,
0,FORT,,1,1777024441.638954,124.82,Game,1,Predictable,76.95,1,,,4,65.07,,120,Sound,,,
0,FORT,,1,1777024441.638954,124.83,Game,1,Predictable,76.96,1,,,4,65.07,,120,Sound,,,
0,FORT,,1,1777024441.638954,124.84,Game,1,Predictable,76.97,1,,,4,65.07,,120,Sound,,,
0,FORT,,1,1777024441.638954,124.85,Game,1,Predictable,76.99,1,,,4,65.07,,120,Sound,,,
0,FORT,,1,1777024441.638954,124.86,Game,1,Predictable,77.0,1,,,4,65.07,,120,Sound,,,
0,FORT,,1,1777024441.638954,124.88,Game,1,Predictable,77.01,1,,,4,65.07,,120,Sound,,,
0,FORT,,1,1777024441.638954,124.89,Game,1,Predictable,77.02,1,,,4,65.07,,120,Sound,,,
0,FORT,,1,1777024441.638954,124.95,Game,1,Predictable,77.08,0,,,4,,,130,Sound,,,
0,FORT,,1,1777024441.638954,124.98,Game,1,Predictable,77.08,0,,,4,,,130,Sound,,,
0,FORT,,1,1777024441.638954,124.99,Game,1,Predictable,77.12,0,,,4,,,130,Sound,,,
0,FORT,,1,1777024441.638954,125.01,Game,1,Predictable,77.14,0,,,4,,,130,Sound,,,
0,FORT,,1,1777024441.638954,125.02,Game,1,Predictable,77.15,0,,,4,,,130,Sound,,,
0,FORT,,1,1777024441.638954,125.03,Game,1,Predictable,77.16,0,,,4,,,130,Sound,,,
0,FORT,,1,1777024441.638954,125.04,Game,1,Predictable,77.17,0,,,4,,,130,Sound,,,
0,FORT,,1,1777024441.638954,125.05,Game,1,Predictable,77.18,0,,,4,,,130,Sound,,,
0,FORT,,1,1777024441.638954,125.06,Game,1,Predictable,77.19,0,,,4,,,130,Sound,,,
0,FORT,,1,1777024441.638954,125.07,Game,1,Predictable,77.2,0,,,4,,,130,Sound,,,
0,FORT,,1,1777024441.638954,125.08,Game,1,Predictable,77.21,0,,,4,,,130,Sound,,,
0,FORT,,1,1777024441.638954,125.09,Game,1,Predictable,77.22,0,,,4,,,130,Sound,,,
0,FORT,,1,1777024441.638954,125.1,Game,1,Predictable,77.24,0,,,4,,,130,Sound,,,
0,FORT,,1,1777024441.638954,125.12,Game,1,Predictable,77.25,0,,,4,,,130,Sound,,,
0,FORT,,1,1777024441.638954,125.13,Game,1,Predictable,77.26,0,,,4,,,130,Sound,,,
0,FORT,,1,1777024441.638954,125.14,Game,1,Predictable,77.27,0,,,4,,,130,Sound,,,
0,FORT,,1,1777024441.638954,125.15,Game,1,Predictable,77.28,0,,,4,,,130,Sound,,,
0,FORT,,1,1777024441.638954,125.16,Game,1,Predictable,77.29,0,,,4,,,130,Sound,,,
0,FORT,,1,1777024441.638954,125.17,Game,1,Predictable,77.3,0,,,4,,,130,Sound,,,
0,FORT,,1,1777024441.638954,125.18,Game,1,Predictable,77.31,0,,,4,,,130,Sound,,,
0,FORT,,1,1777024441.638954,125.19,Game,1,Predictable,77.32,0,,,4,,,130,Sound,,,
0,FORT,,1,1777024441.638954,125.2,Game,1,Predictable,77.34,0,,,4,,,130,Sound,,,
0,FORT,,1,1777024441.638954,125.22,Game,1,Predictable,77.35,0,,,4,,,130,Sound,,,
0,FORT,,1,1777024441.638954,125.23,Game,1,Predictable,77.36,0,,,4,,,130,Sound,,,
0,FORT,,1,1777024441.638954,125.24,Game,1,Predictable,77.37,0,,,4,,,130,Sound,,,
0,FORT,,1,1777024441.638954,125.25,Game,1,Predictable,77.38,0,,,4,,,130,Sound,,,
0,FORT,,1,1777024441.638954,125.26,Game,1,Predictable,77.39,0,,,4,,,130,Sound,,,
0,FORT,,1,1777024441.638954,125.27,Game,1,Predictable,77.4,0,,,4,,,130,Sound,,,
0,FORT,,1,1777024441.638954,125.28,Game,1,Predictable,77.41,0,,,4,,,130,Sound,,,
0,FORT,,1,1777024441.638954,125.29,Game,1,Predictable,77.42,0,,,4,,,130,Sound,,,
0,FORT,,1,1777024441.638954,125.3,Game,1,Predictable,77.44,0,,,4,,,130,Sound,,,
0,FORT,,1,1777024441.638954,125.31,Game,1,Predictable,77.45,0,,,4,,,130,Sound,,,
0,FORT,,1,1777024441.638954,125.33,Game,1,Predictable,77.46,0,,,4,,,130,Sound,,,
0,FORT,,1,1777024441.638954,125.34,Game,1,Predictable,77.47,0,,,4,,,130,Sound,,,
0,FORT,,1,1777024441.638954,125.35,Game,1,Predictable,77.48,0,,,4,,,130,Sound,,,
0,FORT,,1,1777024441.638954,125.36,Game,1,Predictable,77.49,0,,,4,,,130,Sound,,,
0,FORT,,1,1777024441.638954,125.37,Game,1,Predictable,77.5,0,,,4,,,130,Sound,,,
0,FORT,,1,1777024441.638954,125.38,Game,1,Predictable,77.51,0,,,4,,,130,Sound,,,
0,FORT,,1,1777024441.638954,125.39,Game,1,Predictable,77.52,0,,,4,,,130,Sound,,,
0,FORT,,1,1777024441.638954,125.4,Game,1,Predictable,77.54,0,,,4,,,130,Sound,,,
0,FORT,,1,1777024441.638954,125.41,Game,1,Predictable,77.55,0,,,4,,,130,Sound,,,
0,FORT,,1,1777024441.638954,125.43,Game,1,Predictable,77.56,0,,,4,,,130,Sound,,,
0,FORT,,1,1777024441.638954,125.44,Game,1,Predictable,77.57,0,,,4,,,130,Sound,,,
0,FORT,,1,1777024441.638954,125.45,Game,1,Predictable,77.58,0,,,4,,,130,Sound,,,
0,FORT,,1,1777024441.638954,125.46,Game,1,Predictable,77.59,0,,,4,,,130,Sound,,,
0,FORT,,1,1777024441.638954,125.47,Game,1,Predictable,77.6,0,,,4,,,130,Sound,,,
0,FORT,,1,1777024441.638954,125.48,Game,1,Predictable,77.61,0,,,4,,,130,Sound,,,
0,FORT,,1,1777024441.638954,125.49,Game,1,Predictable,77.62,0,,,4,,,130,Sound,,,
0,FORT,,1,1777024441.638954,125.5,Game,1,Predictable,77.64,0,,,4,,,130,Sound,,,
0,FORT,,1,1777024441.638954,125.51,Game,1,Predictable,77.65,0,,,4,,,130,Sound,,,
0,FORT,,1,1777024441.638954,125.53,Game,1,Predictable,77.66,0,,,4,,,130,Sound,,,
0,FORT,,1,1777024441.638954,125.54,Game,1,Predictable,77.67,0,,,4,,,130,Sound,,,
0,FORT,,1,1777024441.638954,125.55,Game,1,Predictable,77.68,0,,,4,,,130,Sound,,,
0,FORT,,1,1777024441.638954,125.56,Game,1,Predictable,77.69,0,,,4,,,130,Sound,,,
0,FORT,,1,1777024441.638954,125.57,Game,1,Predictable,77.7,0,,,4,,,130,Sound,,,
0,FORT,,1,1777024441.638954,125.58,Game,1,Predictable,77.71,0,,,4,,,130,Sound,,,
0,FORT,,1,1777024441.638954,125.59,Game,1,Predictable,77.72,0,,,4,,,130,Sound,,,
0,FORT,,1,1777024441.638954,125.6,Game,1,Predictable,77.74,0,,,4,,,130,Sound,,,
0,FORT,,1,1777024441.638954,125.61,Game,1,Predictable,77.75,0,,,4,,,130,Sound,,,
0,FORT,,1,1777024441.638954,125.63,Game,1,Predictable,77.76,0,,,4,,,130,Sound,,,
0,FORT,,1,1777024441.638954,125.64,Game,1,Predictable,77.77,0,,,4,,,130,Sound,,,
0,FORT,,1,1777024441.638954,125.65,Game,1,Predictable,77.78,0,,,4,,,130,Sound,,,
0,FORT,,1,1777024441.638954,125.66,Game,1,Predictable,77.79,0,,,4,,,130,Sound,,,
0,FORT,,1,1777024441.638954,125.67,Game,1,Predictable,77.8,0,,,4,,,130,Sound,,,
0,FORT,,1,1777024441.638954,125.68,Game,1,Predictable,77.81,0,,,4,,,130,Sound,,,
0,FORT,,1,1777024441.638954,125.69,Game,1,Predictable,77.82,0,,,4,,,130,Sound,,,
0,FORT,,1,1777024441.638954,125.7,Game,1,Predictable,77.84,0,,,4,,,130,Sound,,,
0,FORT,,1,1777024441.638954,125.71,Game,1,Predictable,77.85,0,,,4,,,130,Sound,,,
0,FORT,,1,1777024441.638954,125.73,Game,1,Predictable,77.86,0,,,4,,,130,Sound,,,
0,FORT,,1,1777024441.638954,125.74,Game,1,Predictable,77.87,0,,,4,,,130,Sound,,,
0,FORT,,1,1777024441.638954,125.75,Game,1,Predictable,77.88,0,,,4,,,130,Sound,,,
0,FORT,,1,1777024441.638954,125.76,Game,1,Predictable,77.89,0,,,4,,,130,Sound,,,
0,FORT,,1,1777024441.638954,125.77,Game,1,Predictable,77.9,0,,,4,,,130,Sound,,,
0,FORT,,1,1777024441.638954,125.78,Game,1,Predictable,77.91,0,,,4,,,130,Sound,,,
0,FORT,,1,1777024441.638954,125.79,Game,1,Predictable,77.92,0,,,4,,,130,Sound,,,
0,FORT,,1,1777024441.638954,125.8,Game,1,Predictable,77.94,0,,,4,,,130,Sound,,,
0,FORT,,1,1777024441.638954,125.81,Game,1,Predictable,77.95,0,,,4,,,130,Sound,,,
0,FORT,,1,1777024441.638954,125.83,Game,1,Predictable,77.96,0,,,4,,,130,Sound,,,
0,FORT,,1,1777024441.638954,125.84,Game,1,Predictable,77.97,0,,,4,,,130,Sound,,,
0,FORT,,1,1777024441.638954,125.85,Game,1,Predictable,77.98,0,,,4,,,130,Sound,,,
0,FORT,,1,1777024441.638954,125.86,Game,1,Predictable,77.99,0,,,4,,,130,Sound,,,
0,FORT,,1,1777024441.638954,125.87,Game,1,Predictable,78.0,0,,,4,,,130,Sound,,,
0,FORT,,1,1777024441.638954,125.88,Game,1,Predictable,78.01,0,,,4,,,130,Sound,,,
0,FORT,,1,1777024441.638954,125.89,Game,1,Predictable,78.02,0,,,4,,,130,Sound,,,
0,FORT,,1,1777024441.638954,125.9,Game,1,Predictable,78.04,0,,,4,,,130,Sound,,,
0,FORT,,1,1777024441.638954,125.92,Game,1,Predictable,78.05,0,,,4,,,130,Sound,,,
0,FORT,,1,1777024441.638954,125.93,Game,1,Predictable,78.06,0,,,4,,,130,Sound,,,
0,FORT,,1,1777024441.638954,125.94,Game,1,Predictable,78.07,0,,,4,,,130,Sound,,,
0,FORT,,1,1777024441.638954,125.95,Game,1,Predictable,78.08,0,,,4,,,130,Sound,,,
0,FORT,,1,1777024441.638954,125.96,Game,1,Predictable,78.09,0,,,4,,,130,Sound,,,
0,FORT,,1,1777024441.638954,125.97,Game,1,Predictable,78.1,0,,,4,,,130,Sound,,,
0,FORT,,1,1777024441.638954,125.98,Game,1,Predictable,78.11,0,,,4,,,130,Sound,,,
0,FORT,,1,1777024441.638954,125.99,Game,1,Predictable,78.12,0,,,4,,,130,Sound,,,
0,FORT,,1,1777024441.638954,126.0,Game,1,Predictable,78.14,0,,,4,,,130,Sound,,,
0,FORT,,1,1777024441.638954,126.02,Game,1,Predictable,78.15,0,,,4,,,130,Sound,,,
0,FORT,,1,1777024441.638954,126.03,Game,1,Predictable,78.16,0,,,4,,,130,Sound,,,
0,FORT,,1,1777024441.638954,126.04,Game,1,Predictable,78.17,0,,,4,,,130,Sound,,,
0,FORT,,1,1777024441.638954,126.05,Game,1,Predictable,78.18,0,,,4,,,130,Sound,,,
0,FORT,,1,1777024441.638954,126.06,Game,1,Predictable,78.19,0,,,4,,,130,Sound,,,
0,FORT,,1,1777024441.638954,126.07,Game,1,Predictable,78.2,0,,,4,,,130,Sound,,,
0,FORT,,1,1777024441.638954,126.08,Game,1,Predictable,78.21,0,,,4,,,130,Sound,,,
0,FORT,,1,1777024441.638954,126.09,Game,1,Predictable,78.22,0,,,4,,,130,Sound,,,
0,FORT,,1,1777024441.638954,126.1,Game,1,Predictable,78.24,0,,,4,,,130,Sound,,,
0,FORT,,1,1777024441.638954,126.11,Game,1,Predictable,78.25,0,,,4,,,130,Sound,,,
0,FORT,,1,1777024441.638954,126.13,Game,1,Predictable,78.26,0,,,4,,,130,Sound,,,
0,FORT,,1,1777024441.638954,126.14,Game,1,Predictable,78.27,0,,,4,,,130,Sound,,,
0,FORT,,1,1777024441.638954,126.15,Game,1,Predictable,78.28,0,,,4,,,130,Sound,,,
0,FORT,,1,1777024441.638954,126.16,Game,1,Predictable,78.29,0,,,4,,,130,Sound,,,
0,FORT,,1,1777024441.638954,126.17,Game,1,Predictable,78.3,0,,,4,,,130,Sound,,,
0,FORT,,1,1777024441.638954,126.18,Game,1,Predictable,78.31,0,,,4,,,130,Sound,,,
0,FORT,,1,1777024441.638954,126.19,Game,1,Predictable,78.32,0,,,4,,,130,Sound,,,
0,FORT,,1,1777024441.638954,126.2,Game,1,Predictable,78.34,0,,,4,,,130,Sound,,,
0,FORT,,1,1777024441.638954,126.21,Game,1,Predictable,78.35,0,,,4,,,130,Sound,,,
0,FORT,,1,1777024441.638954,126.23,Game,1,Predictable,78.36,0,,,4,,,130,Sound,,,
0,FORT,,1,1777024441.638954,126.24,Game,1,Predictable,78.37,0,,,4,,,130,Sound,,,
0,FORT,,1,1777024441.638954,126.25,Game,1,Predictable,78.38,0,,,4,,,130,Sound,,,
0,FORT,,1,1777024441.638954,126.26,Game,1,Predictable,78.39,0,,,4,,,130,Sound,,,
0,FORT,,1,1777024441.638954,126.27,Game,1,Predictable,78.4,0,,,4,,,130,Sound,,,
0,FORT,,1,1777024441.638954,126.28,Game,1,Predictable,78.41,0,,,4,,,130,Sound,,,
0,FORT,,1,1777024441.638954,126.29,Game,1,Predictable,78.42,0,,,4,,,130,Sound,,,
0,FORT,,1,1777024441.638954,126.3,Game,1,Predictable,78.44,0,,,4,,,130,Sound,,,
0,FORT,,1,1777024441.638954,126.31,Game,1,Predictable,78.45,0,,,4,,,130,Sound,,,
0,FORT,,1,1777024441.638954,126.33,Game,1,Predictable,78.46,0,,,4,,,130,Sound,,,
0,FORT,,1,1777024441.638954,126.34,Game,1,Predictable,78.47,0,,,4,,,130,Sound,,,
0,FORT,,1,1777024441.638954,126.35,Game,1,Predictable,78.48,0,,,4,,,130,Sound,,,
0,FORT,,1,1777024441.638954,126.36,Game,1,Predictable,78.49,0,,,4,,,130,Sound,,,
0,FORT,,1,1777024441.638954,126.37,Game,1,Predictable,78.5,0,,,4,,,130,Sound,,,
0,FORT,,1,1777024441.638954,126.38,Game,1,Predictable,78.51,0,,,4,,,130,Sound,,,
0,FORT,,1,1777024441.638954,126.39,Game,1,Predictable,78.52,0,,,4,,,130,Sound,,,
0,FORT,,1,1777024441.638954,126.41,Game,1,Predictable,78.54,0,,,4,,,130,Sound,,,
0,FORT,,1,1777024441.638954,126.42,Game,1,Predictable,78.55,0,,,4,,,130,Sound,,,
0,FORT,,1,1777024441.638954,126.43,Game,1,Predictable,78.56,0,,,4,,,130,Sound,,,
0,FORT,,1,1777024441.638954,126.44,Game,1,Predictable,78.57,0,,,4,,,130,Sound,,,
0,FORT,,1,1777024441.638954,126.45,Game,1,Predictable,78.58,0,,,4,,,130,Sound,,,
0,FORT,,1,1777024441.638954,126.46,Game,1,Predictable,78.59,0,,,4,,,130,Sound,,,
0,FORT,,1,1777024441.638954,126.47,Game,1,Predictable,78.6,0,,,4,,,130,Sound,,,
0,FORT,,1,1777024441.638954,126.48,Game,1,Predictable,78.61,0,,,4,,,130,Sound,,,
0,FORT,,1,1777024441.638954,126.49,Game,1,Predictable,78.62,0,,,4,,,130,Sound,,,
0,FORT,,1,1777024441.638954,126.5,Game,1,Predictable,78.64,0,,,4,,,130,Sound,,,
0,FORT,,1,1777024441.638954,126.52,Game,1,Predictable,78.65,0,,,4,,,130,Sound,,,
0,FORT,,1,1777024441.638954,126.53,Game,1,Predictable,78.66,0,,,4,,,130,Sound,,,
0,FORT,,1,1777024441.638954,126.54,Game,1,Predictable,78.67,0,,,4,,,130,Sound,,,
0,FORT,,1,1777024441.638954,126.55,Game,1,Predictable,78.68,0,,,4,,,130,Sound,,,
0,FORT,,1,1777024441.638954,126.56,Game,1,Predictable,78.69,0,,,4,,,130,Sound,,,
0,FORT,,1,1777024441.638954,126.57,Game,1,Predictable,78.7,0,,,4,,,130,Sound,,,
0,FORT,,1,1777024441.638954,126.58,Game,1,Predictable,78.71,0,,,4,,,130,Sound,,,
0,FORT,,1,1777024441.638954,126.59,Game,1,Predictable,78.72,0,,,4,,,130,Sound,,,
0,FORT,,1,1777024441.638954,126.61,Game,1,Predictable,78.74,0,,,4,,,130,Sound,,,
0,FORT,,1,1777024441.638954,126.62,Game,1,Predictable,78.75,0,,,4,,,130,Sound,,,
0,FORT,,1,1777024441.638954,126.63,Game,1,Predictable,78.76,0,,,4,,,130,Sound,,,
0,FORT,,1,1777024441.638954,126.64,Game,1,Predictable,78.77,0,,,4,,,130,Sound,,,
0,FORT,,1,1777024441.638954,126.65,Game,1,Predictable,78.78,0,,,4,,,130,Sound,,,
0,FORT,,1,1777024441.638954,126.66,Game,1,Predictable,78.79,0,,,4,,,130,Sound,,,
0,FORT,,1,1777024441.638954,126.67,Game,1,Predictable,78.8,0,,,4,,,130,Sound,,,
0,FORT,,1,1777024441.638954,126.68,Game,1,Predictable,78.81,0,,,4,,,130,Sound,,,
0,FORT,,1,1777024441.638954,126.69,Game,1,Predictable,78.82,0,,,4,,,130,Sound,,,
0,FORT,,1,1777024441.638954,126.7,Game,1,Predictable,78.84,0,,,4,,,130,Sound,,,
0,FORT,,1,1777024441.638954,126.72,Game,1,Predictable,78.85,0,,,4,,,130,Sound,,,
0,FORT,,1,1777024441.638954,126.73,Game,1,Predictable,78.86,0,,,4,,,130,Sound,,,
0,FORT,,1,1777024441.638954,126.74,Game,1,Predictable,78.87,0,,,4,,,130,Sound,,,
0,FORT,,1,1777024441.638954,126.75,Game,1,Predictable,78.88,0,,,4,,,130,Sound,,,
0,FORT,,1,1777024441.638954,126.76,Game,1,Predictable,78.89,0,,,4,,,130,Sound,,,
0,FORT,,1,1777024441.638954,126.77,Game,1,Predictable,78.9,0,,,4,,,130,Sound,,,
0,FORT,,1,1777024441.638954,126.78,Game,1,Predictable,78.91,0,,,4,,,130,Sound,,,
0,FORT,,1,1777024441.638954,126.79,Game,1,Predictable,78.92,0,,,4,,,130,Sound,,,
0,FORT,,1,1777024441.638954,126.8,Game,1,Predictable,78.94,0,,,4,,,130,Sound,,,
0,FORT,,1,1777024441.638954,126.81,Game,1,Predictable,78.95,0,,,4,,,130,Sound,,,
0,FORT,,1,1777024441.638954,126.83,Game,1,Predictable,78.96,0,,,4,,,130,Sound,,,
0,FORT,,1,1777024441.638954,126.84,Game,1,Predictable,78.97,0,,,4,,,130,Sound,,,
0,FORT,,1,1777024441.638954,126.85,Game,1,Predictable,78.98,0,,,4,,,130,Sound,,,
0,FORT,,1,1777024441.638954,126.86,Game,1,Predictable,78.99,0,,,4,,,130,Sound,,,
0,FORT,,1,1777024441.638954,126.87,Game,1,Predictable,79.0,0,,,4,,,130,Sound,,,
0,FORT,,1,1777024441.638954,126.88,Game,1,Predictable,79.01,0,,,4,,,130,Sound,,,
0,FORT,,1,1777024441.638954,126.89,Game,1,Predictable,79.02,0,,,4,,,130,Sound,,,
0,FORT,,1,1777024441.638954,126.9,Game,1,Predictable,79.04,0,,,4,,,130,Sound,,,
0,FORT,,1,1777024441.638954,126.92,Game,1,Predictable,79.05,0,,,4,,,130,Sound,,,
0,FORT,,1,1777024441.638954,126.93,Game,1,Predictable,79.06,0,,,4,,,130,Sound,,,
0,FORT,,1,1777024441.638954,126.94,Game,1,Predictable,79.07,0,,,4,,,130,Sound,,,
0,FORT,,1,1777024441.638954,126.95,Game,1,Predictable,79.08,0,,,4,,,130,Sound,,,
0,FORT,,1,1777024441.638954,126.96,Game,1,Predictable,79.09,0,,,4,,,130,Sound,,,
0,FORT,,1,1777024441.638954,126.97,Game,1,Predictable,79.1,0,,,4,,,130,Sound,,,
0,FORT,,1,1777024441.638954,126.98,Game,1,Predictable,79.11,0,,,4,,,130,Sound,,,
0,FORT,,1,1777024441.638954,126.99,Game,1,Predictable,79.12,0,,,4,,,130,Sound,,,
0,FORT,,1,1777024441.638954,127.0,Game,1,Predictable,79.14,0,,,4,,,130,Sound,,,
0,FORT,,1,1777024441.638954,127.02,Game,1,Predictable,79.15,0,,,4,,,130,Sound,,,
0,FORT,,1,1777024441.638954,127.03,Game,1,Predictable,79.16,0,,,4,,,130,Sound,,,
0,FORT,,1,1777024441.638954,127.04,Game,1,Predictable,79.17,0,,,4,,,130,Sound,,,
0,FORT,,1,1777024441.638954,127.05,Game,1,Predictable,79.18,0,,,4,,,130,Sound,,,
0,FORT,,1,1777024441.638954,127.06,Game,1,Predictable,79.19,0,,,4,,,130,Sound,,,
0,FORT,,1,1777024441.638954,127.07,Game,1,Predictable,79.2,0,,,4,,,130,Sound,,,
0,FORT,,1,1777024441.638954,127.08,Game,1,Predictable,79.21,0,,,4,,,130,Sound,,,
0,FORT,,1,1777024441.638954,127.09,Game,1,Predictable,79.22,0,,,4,,,130,Sound,,,
0,FORT,,1,1777024441.638954,127.11,Game,1,Predictable,79.24,0,,,4,,,130,Sound,,,
0,FORT,,1,1777024441.638954,127.12,Game,1,Predictable,79.25,0,,,4,,,130,Sound,,,
0,FORT,,1,1777024441.638954,127.13,Game,1,Predictable,79.26,0,,,4,,,130,Sound,,,
0,FORT,,1,1777024441.638954,127.14,Game,1,Predictable,79.27,0,,,4,,,130,Sound,,,
0,FORT,,1,1777024441.638954,127.15,Game,1,Predictable,79.28,0,,,4,,,130,Sound,,,
0,FORT,,1,1777024441.638954,127.16,Game,1,Predictable,79.29,0,,,4,,,130,Sound,,,
0,FORT,,1,1777024441.638954,127.17,Game,1,Predictable,79.3,0,,,4,,,130,Sound,,,
0,FORT,,1,1777024441.638954,127.18,Game,1,Predictable,79.31,0,,,4,,,130,Sound,,,
0,FORT,,1,1777024441.638954,127.19,Game,1,Predictable,79.32,0,,,4,,,130,Sound,,,
0,FORT,,1,1777024441.638954,127.21,Game,1,Predictable,79.34,0,,,4,,,130,Sound,,,
0,FORT,,1,1777024441.638954,127.22,Game,1,Predictable,79.35,0,,,4,,,130,Sound,,,
0,FORT,,1,1777024441.638954,127.23,Game,1,Predictable,79.36,0,,,4,,,130,Sound,,,
0,FORT,,1,1777024441.638954,127.24,Game,1,Predictable,79.37,0,,,4,,,130,Sound,,,
0,FORT,,1,1777024441.638954,127.25,Game,1,Predictable,79.38,0,,,4,,,130,Sound,,,
0,FORT,,1,1777024441.638954,127.26,Game,1,Predictable,79.39,0,,,4,,,130,Sound,,,
0,FORT,,1,1777024441.638954,127.27,Game,1,Predictable,79.4,0,,,4,,,130,Sound,,,
0,FORT,,1,1777024441.638954,127.28,Game,1,Predictable,79.41,0,,,4,,,130,Sound,,,
0,FORT,,1,1777024441.638954,127.29,Game,1,Predictable,79.42,0,,,4,,,130,Sound,,,
0,FORT,,1,1777024441.638954,127.3,Game,1,Predictable,79.44,0,,,4,,,130,Sound,,,
0,FORT,,1,1777024441.638954,127.32,Game,1,Predictable,79.45,0,,,4,,,130,Sound,,,
0,FORT,,1,1777024441.638954,127.33,Game,1,Predictable,79.46,0,,,4,,,130,Sound,,,
0,FORT,,1,1777024441.638954,127.34,Game,1,Predictable,79.47,0,,,4,,,130,Sound,,,
0,FORT,,1,1777024441.638954,127.35,Game,1,Predictable,79.48,0,,,4,,,130,Sound,,,
0,FORT,,1,1777024441.638954,127.36,Game,1,Predictable,79.49,0,,,4,,,130,Sound,,,
0,FORT,,1,1777024441.638954,127.37,Game,1,Predictable,79.5,0,,,4,,,130,Sound,,,
0,FORT,,1,1777024441.638954,127.38,Game,1,Predictable,79.51,0,,,4,,,130,Sound,,,
0,FORT,,1,1777024441.638954,127.39,Game,1,Predictable,79.52,0,,,4,,,130,Sound,,,
0,FORT,,1,1777024441.638954,127.4,Game,1,Predictable,79.54,0,,,4,,,130,Sound,,,
0,FORT,,1,1777024441.638954,127.42,Game,1,Predictable,79.55,0,,,4,,,130,Sound,,,
0,FORT,,1,1777024441.638954,127.43,Game,1,Predictable,79.56,0,,,4,,,130,Sound,,,
0,FORT,,1,1777024441.638954,127.44,Game,1,Predictable,79.57,0,,,4,,,130,Sound,,,
0,FORT,,1,1777024441.638954,127.45,Game,1,Predictable,79.58,0,,,4,,,130,Sound,,,
0,FORT,,1,1777024441.638954,127.46,Game,1,Predictable,79.59,0,,,4,,,130,Sound,,,
0,FORT,,1,1777024441.638954,127.47,Game,1,Predictable,79.6,0,,,4,,,130,Sound,,,
0,FORT,,1,1777024441.638954,127.48,Game,1,Predictable,79.61,0,,,4,,,130,Sound,,,
0,FORT,,1,1777024441.638954,127.49,Game,1,Predictable,79.62,0,,,4,,,130,Sound,,,
0,FORT,,1,1777024441.638954,127.51,Game,1,Predictable,79.64,0,,,4,,,130,Sound,,,
0,FORT,,1,1777024441.638954,127.52,Game,1,Predictable,79.65,0,,,4,,,130,Sound,,,
0,FORT,,1,1777024441.638954,127.53,Game,1,Predictable,79.66,0,,,4,,,130,Sound,,,
0,FORT,,1,1777024441.638954,127.54,Game,1,Predictable,79.67,0,,,4,,,130,Sound,,,
0,FORT,,1,1777024441.638954,127.55,Game,1,Predictable,79.68,0,,,4,,,130,Sound,,,
0,FORT,,1,1777024441.638954,127.56,Game,1,Predictable,79.69,0,,,4,,,130,Sound,,,
0,FORT,,1,1777024441.638954,127.57,Game,1,Predictable,79.7,0,,,4,,,130,Sound,,,
0,FORT,,1,1777024441.638954,127.58,Game,1,Predictable,79.71,0,,,4,,,130,Sound,,,
0,FORT,,1,1777024441.638954,127.59,Game,1,Predictable,79.72,0,,,4,,,130,Sound,,,
0,FORT,,1,1777024441.638954,127.6,Game,1,Predictable,79.74,0,,,4,,,130,Sound,,,
0,FORT,,1,1777024441.638954,127.61,Game,1,Predictable,79.75,0,,,4,,,130,Sound,,,
0,FORT,,1,1777024441.638954,127.63,Game,1,Predictable,79.76,0,,,4,,,130,Sound,,,
0,FORT,,1,1777024441.638954,127.64,Game,1,Predictable,79.77,0,,,4,,,130,Sound,,,
0,FORT,,1,1777024441.638954,127.65,Game,1,Predictable,79.78,0,,,4,,,130,Sound,,,
0,FORT,,1,1777024441.638954,127.66,Game,1,Predictable,79.79,0,,,4,,,130,Sound,,,
0,FORT,,1,1777024441.638954,127.67,Game,1,Predictable,79.8,0,,,4,,,130,Sound,,,
0,FORT,,1,1777024441.638954,127.68,Game,1,Predictable,79.81,0,,,4,,,130,Sound,,,
0,FORT,,1,1777024441.638954,127.69,Game,1,Predictable,79.82,0,,,4,,,130,Sound,,,
0,FORT,,1,1777024441.638954,127.7,Game,1,Predictable,79.84,0,,,4,,,130,Sound,,,
0,FORT,,1,1777024441.638954,127.72,Game,1,Predictable,79.85,0,,,4,,,130,Sound,,,
0,FORT,,1,1777024441.638954,127.73,Game,1,Predictable,79.86,0,,,4,,,130,Sound,,,
0,FORT,,1,1777024441.638954,127.74,Game,1,Predictable,79.87,0,,,4,,,130,Sound,,,
0,FORT,,1,1777024441.638954,127.75,Game,1,Predictable,79.88,0,,,4,,,130,Sound,,,
0,FORT,,1,1777024441.638954,127.76,Game,1,Predictable,79.89,0,,,4,,,130,Sound,,,
0,FORT,,1,1777024441.638954,127.77,Game,1,Predictable,79.9,0,,,4,,,130,Sound,,,
0,FORT,,1,1777024441.638954,127.78,Game,1,Predictable,79.91,0,,,4,,,130,Sound,,,
0,FORT,,1,1777024441.638954,127.79,Game,1,Predictable,79.92,0,,,4,,,130,Sound,,,
0,FORT,,1,1777024441.638954,127.8,Game,1,Predictable,79.94,0,,,4,,,130,Sound,,,
0,FORT,,1,1777024441.638954,127.81,Game,1,Predictable,79.95,0,,,4,,,130,Sound,,,
0,FORT,,1,1777024441.638954,127.83,Game,1,Predictable,79.96,0,,,4,,,130,Sound,,,
0,FORT,,1,1777024441.638954,127.84,Game,1,Predictable,79.97,0,,,4,,,130,Sound,,,
0,FORT,,1,1777024441.638954,127.85,Game,1,Predictable,79.98,0,,,4,,,130,Sound,,,
0,FORT,,1,1777024441.638954,127.86,Game,1,Predictable,79.99,0,,,4,,,130,Sound,,,
0,FORT,,1,1777024441.638954,127.87,Game,1,Predictable,80.0,0,,,4,,,130,Sound,,,
0,FORT,,1,1777024441.638954,127.88,Game,1,Predictable,80.01,0,,,4,,,130,Sound,,,
0,FORT,,1,1777024441.638954,127.89,Game,1,Predictable,80.02,0,,,4,,,130,Sound,,,
0,FORT,,1,1777024441.638954,127.9,Game,1,Predictable,80.04,0,,,4,,,130,Sound,,,
0,FORT,,1,1777024441.638954,127.92,Game,1,Predictable,80.05,0,,,4,,,130,Sound,,,
0,FORT,,1,1777024441.638954,127.93,Game,1,Predictable,80.06,0,,,4,,,130,Sound,,,
0,FORT,,1,1777024441.638954,127.94,Game,1,Predictable,80.07,0,,,4,,,130,Sound,,,
0,FORT,,1,1777024441.638954,127.95,Game,1,Predictable,80.08,0,,,4,,,130,Sound,,,
0,FORT,,1,1777024441.638954,127.96,Game,1,Predictable,80.09,0,,,4,,,130,Sound,,,
0,FORT,,1,1777024441.638954,127.97,Game,1,Predictable,80.1,0,,,4,,,130,Sound,,,
0,FORT,,1,1777024441.638954,127.98,Game,1,Predictable,80.11,0,,,4,,,130,Sound,,,
0,FORT,,1,1777024441.638954,127.99,Game,1,Predictable,80.12,0,,,4,,,130,Sound,,,
0,FORT,,1,1777024441.638954,128.0,Game,1,Predictable,80.14,0,,,4,,,130,Sound,,,
0,FORT,,1,1777024441.638954,128.02,Game,1,Predictable,80.15,0,,,4,,,130,Sound,,,
0,FORT,,1,1777024441.638954,128.03,Game,1,Predictable,80.16,0,,,4,,,130,Sound,,,
0,FORT,,1,1777024441.638954,128.04,Game,1,Predictable,80.17,0,,,4,,,130,Sound,,,
0,FORT,,1,1777024441.638954,128.05,Game,1,Predictable,80.18,0,,,4,,,130,Sound,,,
0,FORT,,1,1777024441.638954,128.06,Game,1,Predictable,80.19,0,,,4,,,130,Sound,,,
0,FORT,,1,1777024441.638954,128.07,Game,1,Predictable,80.2,0,,,4,,,130,Sound,,,
0,FORT,,1,1777024441.638954,128.08,Game,1,Predictable,80.21,0,,,4,,,130,Sound,,,
0,FORT,,1,1777024441.638954,128.09,Game,1,Predictable,80.22,0,,,4,,,130,Sound,,,
0,FORT,,1,1777024441.638954,128.11,Game,1,Predictable,80.24,0,,,4,,,130,Sound,,,
0,FORT,,1,1777024441.638954,128.12,Game,1,Predictable,80.25,0,,,4,,,130,Sound,,,
0,FORT,,1,1777024441.638954,128.13,Game,1,Predictable,80.26,0,,,4,,,130,Sound,,,
0,FORT,,1,1777024441.638954,128.14,Game,1,Predictable,80.27,0,,,4,,,130,Sound,,,
0,FORT,,1,1777024441.638954,128.15,Game,1,Predictable,80.28,0,,,4,,,130,Sound,,,
0,FORT,,1,1777024441.638954,128.16,Game,1,Predictable,80.29,0,,,4,,,130,Sound,,,
0,FORT,,1,1777024441.638954,128.17,Game,1,Predictable,80.3,0,,,4,,,130,Sound,,,
0,FORT,,1,1777024441.638954,128.18,Game,1,Predictable,80.31,0,,,4,,,130,Sound,,,
0,FORT,,1,1777024441.638954,128.19,Game,1,Predictable,80.32,0,,,4,,,130,Sound,,,
0,FORT,,1,1777024441.638954,128.2,Game,1,Predictable,80.34,0,,,4,,,130,Sound,,,
0,FORT,,1,1777024441.638954,128.22,Game,1,Predictable,80.35,0,,,4,,,130,Sound,,,
0,FORT,,1,1777024441.638954,128.23,Game,1,Predictable,80.36,0,,,4,,,130,Sound,,,
0,FORT,,1,1777024441.638954,128.24,Game,1,Predictable,80.37,0,,,4,,,130,Sound,,,
0,FORT,,1,1777024441.638954,128.25,Game,1,Predictable,80.38,0,,,4,,,130,Sound,,,
0,FORT,,1,1777024441.638954,128.26,Game,1,Predictable,80.39,0,,,4,,,130,Sound,,,
0,FORT,,1,1777024441.638954,128.27,Game,1,Predictable,80.4,0,,,4,,,130,Sound,,,
0,FORT,,1,1777024441.638954,128.28,Game,1,Predictable,80.41,0,,,4,,,130,Sound,,,
0,FORT,,1,1777024441.638954,128.29,Game,1,Predictable,80.42,0,,,4,,,130,Sound,,,
0,FORT,,1,1777024441.638954,128.3,Game,1,Predictable,80.44,0,,,4,,,130,Sound,,,
0,FORT,,1,1777024441.638954,128.32,Game,1,Predictable,80.45,0,,,4,,,130,Sound,,,
0,FORT,,1,1777024441.638954,128.33,Game,1,Predictable,80.46,0,,,4,,,130,Sound,,,
0,FORT,,1,1777024441.638954,128.34,Game,1,Predictable,80.47,0,,,4,,,130,Sound,,,
0,FORT,,1,1777024441.638954,128.35,Game,1,Predictable,80.48,0,,,4,,,130,Sound,,,
0,FORT,,1,1777024441.638954,128.36,Game,1,Predictable,80.49,0,,,4,,,130,Sound,,,
0,FORT,,1,1777024441.638954,128.37,Game,1,Predictable,80.5,0,,,4,,,130,Sound,,,
0,FORT,,1,1777024441.638954,128.38,Game,1,Predictable,80.51,0,,,4,,,130,Sound,,,
0,FORT,,1,1777024441.638954,128.39,Game,1,Predictable,80.52,0,,,4,,,130,Sound,,,
0,FORT,,1,1777024441.638954,128.4,Game,1,Predictable,80.54,0,,,4,,,130,Sound,,,
0,FORT,,1,1777024441.638954,128.42,Game,1,Predictable,80.55,0,,,4,,,130,Sound,,,
0,FORT,,1,1777024441.638954,128.43,Game,1,Predictable,80.56,0,,,4,,,130,Sound,,,
0,FORT,,1,1777024441.638954,128.44,Game,1,Predictable,80.57,0,,,4,,,130,Sound,,,
0,FORT,,1,1777024441.638954,128.45,Game,1,Predictable,80.58,0,,,4,,,130,Sound,,,
0,FORT,,1,1777024441.638954,128.46,Game,1,Predictable,80.59,0,,,4,,,130,Sound,,,
0,FORT,,1,1777024441.638954,128.47,Game,1,Predictable,80.6,0,,,4,,,130,Sound,,,
0,FORT,,1,1777024441.638954,128.48,Game,1,Predictable,80.61,0,,,4,,,130,Sound,,,
0,FORT,,1,1777024441.638954,128.49,Game,1,Predictable,80.62,0,,,4,,,130,Sound,,,
0,FORT,,1,1777024441.638954,128.5,Game,1,Predictable,80.64,0,,,4,,,130,Sound,,,
0,FORT,,1,1777024441.638954,128.52,Game,1,Predictable,80.65,0,,,4,,,130,Sound,,,
0,FORT,,1,1777024441.638954,128.53,Game,1,Predictable,80.66,0,,,4,,,130,Sound,,,
0,FORT,,1,1777024441.638954,128.54,Game,1,Predictable,80.67,0,,,4,,,130,Sound,,,
0,FORT,,1,1777024441.638954,128.55,Game,1,Predictable,80.68,0,,,4,,,130,Sound,,,
0,FORT,,1,1777024441.638954,128.56,Game,1,Predictable,80.69,0,,,4,,,130,Sound,,,
0,FORT,,1,1777024441.638954,128.57,Game,1,Predictable,80.7,0,,,4,,,130,Sound,,,
0,FORT,,1,1777024441.638954,128.58,Game,1,Predictable,80.71,0,,,4,,,130,Sound,,,
0,FORT,,1,1777024441.638954,128.59,Game,1,Predictable,80.73,0,,,4,,,130,Sound,,,
0,FORT,,1,1777024441.638954,128.61,Game,1,Predictable,80.74,0,,,4,,,130,Sound,,,
0,FORT,,1,1777024441.638954,128.62,Game,1,Predictable,80.75,0,,,4,,,130,Sound,,,
0,FORT,,1,1777024441.638954,128.63,Game,1,Predictable,80.76,0,,,4,,,130,Sound,,,
0,FORT,,1,1777024441.638954,128.64,Game,1,Predictable,80.77,0,,,4,,,130,Sound,,,
0,FORT,,1,1777024441.638954,128.65,Game,1,Predictable,80.78,0,,,4,,,130,Sound,,,
0,FORT,,1,1777024441.638954,128.66,Game,1,Predictable,80.79,0,,,4,,,130,Sound,,,
0,FORT,,1,1777024441.638954,128.67,Game,1,Predictable,80.8,0,,,4,,,130,Sound,,,
0,FORT,,1,1777024441.638954,128.68,Game,1,Predictable,80.81,0,,,4,,,130,Sound,,,
0,FORT,,1,1777024441.638954,128.69,Game,1,Predictable,80.82,0,,,4,,,130,Sound,,,
0,FORT,,1,1777024441.638954,128.7,Game,1,Predictable,80.84,0,,,4,,,130,Sound,,,
0,FORT,,1,1777024441.638954,128.72,Game,1,Predictable,80.85,0,,,4,,,130,Sound,,,
0,FORT,,1,1777024441.638954,128.73,Game,1,Predictable,80.86,0,,,4,,,130,Sound,,,
0,FORT,,1,1777024441.638954,128.74,Game,1,Predictable,80.87,0,,,4,,,130,Sound,,,
0,FORT,,1,1777024441.638954,128.75,Game,1,Predictable,80.88,0,,,4,,,130,Sound,,,
0,FORT,,1,1777024441.638954,128.76,Game,1,Predictable,80.89,0,,,4,,,130,Sound,,,
0,FORT,,1,1777024441.638954,128.77,Game,1,Predictable,80.9,0,,,4,,,130,Sound,,,
0,FORT,,1,1777024441.638954,128.78,Game,1,Predictable,80.91,0,,,4,,,130,Sound,,,
0,FORT,,1,1777024441.638954,128.79,Game,1,Predictable,80.92,0,,,4,,,130,Sound,,,
0,FORT,,1,1777024441.638954,128.8,Game,1,Predictable,80.94,0,,,4,,,130,Sound,,,
0,FORT,,1,1777024441.638954,128.82,Game,1,Predictable,80.95,0,,,4,,,130,Sound,,,
0,FORT,,1,1777024441.638954,128.83,Game,1,Predictable,80.96,0,,,4,,,130,Sound,,,
0,FORT,,1,1777024441.638954,128.84,Game,1,Predictable,80.97,0,,,4,,,130,Sound,,,
0,FORT,,1,1777024441.638954,128.85,Game,1,Predictable,80.98,0,,,4,,,130,Sound,,,
0,FORT,,1,1777024441.638954,128.86,Game,1,Predictable,80.99,0,,,4,,,130,Sound,,,
0,FORT,,1,1777024441.638954,128.87,Game,1,Predictable,81.0,0,,,4,,,130,Sound,,,
0,FORT,,1,1777024441.638954,128.88,Game,1,Predictable,81.01,0,,,4,,,130,Sound,,,
0,FORT,,1,1777024441.638954,128.89,Game,1,Predictable,81.02,0,,,4,,,130,Sound,,,
0,FORT,,1,1777024441.638954,128.91,Game,1,Predictable,81.04,0,,,4,,,130,Sound,,,
0,FORT,,1,1777024441.638954,128.92,Game,1,Predictable,81.05,0,,,4,,,130,Sound,,,
0,FORT,,1,1777024441.638954,128.93,Game,1,Predictable,81.06,0,,,4,,,130,Sound,,,
0,FORT,,1,1777024441.638954,128.94,Game,1,Predictable,81.07,0,,,4,,,130,Sound,,,
0,FORT,,1,1777024441.638954,128.95,Game,1,Predictable,81.08,0,,,4,,,130,Sound,,,
0,FORT,,1,1777024441.638954,128.96,Game,1,Predictable,81.09,0,,,4,,,130,Sound,,,
0,FORT,,1,1777024441.638954,128.97,Game,1,Predictable,81.1,0,,,4,,,130,Sound,,,
0,FORT,,1,1777024441.638954,128.98,Game,1,Predictable,81.11,0,,,4,,,130,Sound,,,
0,FORT,,1,1777024441.638954,128.99,Game,1,Predictable,81.13,0,,,4,,,130,Sound,,,
0,FORT,,1,1777024441.638954,129.01,Game,1,Predictable,81.14,0,,,4,,,130,Sound,,,
0,FORT,,1,1777024441.638954,129.02,Game,1,Predictable,81.15,0,,,4,,,130,Sound,,,
0,FORT,,1,1777024441.638954,129.03,Game,1,Predictable,81.16,0,,,4,,,130,Sound,,,
0,FORT,,1,1777024441.638954,129.04,Game,1,Predictable,81.17,0,,,4,,,130,Sound,,,
0,FORT,,1,1777024441.638954,129.05,Game,1,Predictable,81.18,0,,,4,,,130,Sound,,,
0,FORT,,1,1777024441.638954,129.06,Game,1,Predictable,81.19,0,,,4,,,130,Sound,,,
0,FORT,,1,1777024441.638954,129.07,Game,1,Predictable,81.2,0,,,4,,,130,Sound,,,
0,FORT,,1,1777024441.638954,129.08,Game,1,Predictable,81.21,0,,,4,,,130,Sound,,,
0,FORT,,1,1777024441.638954,129.09,Game,1,Predictable,81.22,0,,,4,,,130,Sound,,,
0,FORT,,1,1777024441.638954,129.1,Game,1,Predictable,81.24,0,,,4,,,130,Sound,,,
0,FORT,,1,1777024441.638954,129.12,Game,1,Predictable,81.25,0,,,4,,,130,Sound,,,
0,FORT,,1,1777024441.638954,129.13,Game,1,Predictable,81.26,0,,,4,,,130,Sound,,,
0,FORT,,1,1777024441.638954,129.14,Game,1,Predictable,81.27,0,,,4,,,130,Sound,,,
0,FORT,,1,1777024441.638954,129.15,Game,1,Predictable,81.28,0,,,4,,,130,Sound,,,
0,FORT,,1,1777024441.638954,129.16,Game,1,Predictable,81.29,0,,,4,,,130,Sound,,,
0,FORT,,1,1777024441.638954,129.17,Game,1,Predictable,81.3,0,,,4,,,130,Sound,,,
0,FORT,,1,1777024441.638954,129.18,Game,1,Predictable,81.31,0,,,4,,,130,Sound,,,
0,FORT,,1,1777024441.638954,129.19,Game,1,Predictable,81.32,0,,,4,,,130,Sound,,,
0,FORT,,1,1777024441.638954,129.2,Game,1,Predictable,81.34,0,,,4,,,130,Sound,,,
0,FORT,,1,1777024441.638954,129.22,Game,1,Predictable,81.35,0,,,4,,,130,Sound,,,
0,FORT,,1,1777024441.638954,129.23,Game,1,Predictable,81.36,0,,,4,,,130,Sound,,,
0,FORT,,1,1777024441.638954,129.24,Game,1,Predictable,81.37,0,,,4,,,130,Sound,,,
0,FORT,,1,1777024441.638954,129.25,Game,1,Predictable,81.38,0,,,4,,,130,Sound,,,
0,FORT,,1,1777024441.638954,129.26,Game,1,Predictable,81.39,0,,,4,,,130,Sound,,,
0,FORT,,1,1777024441.638954,129.27,Game,1,Predictable,81.4,0,,,4,,,130,Sound,,,
0,FORT,,1,1777024441.638954,129.28,Game,1,Predictable,81.41,0,,,4,,,130,Sound,,,
0,FORT,,1,1777024441.638954,129.29,Game,1,Predictable,81.42,0,,,4,,,130,Sound,,,
0,FORT,,1,1777024441.638954,129.31,Game,1,Predictable,81.44,0,,,4,,,130,Sound,,,
0,FORT,,1,1777024441.638954,129.32,Game,1,Predictable,81.45,0,,,4,,,130,Sound,,,
0,FORT,,1,1777024441.638954,129.33,Game,1,Predictable,81.46,0,,,4,,,130,Sound,,,
0,FORT,,1,1777024441.638954,129.34,Game,1,Predictable,81.47,0,,,4,,,130,Sound,,,
0,FORT,,1,1777024441.638954,129.35,Game,1,Predictable,81.48,0,,,4,,,130,Sound,,,
0,FORT,,1,1777024441.638954,129.36,Game,1,Predictable,81.49,0,,,4,,,130,Sound,,,
0,FORT,,1,1777024441.638954,129.37,Game,1,Predictable,81.5,0,,,4,,,130,Sound,,,
0,FORT,,1,1777024441.638954,129.38,Game,1,Predictable,81.51,0,,,4,,,130,Sound,,,
0,FORT,,1,1777024441.638954,129.39,Game,1,Predictable,81.52,0,,,4,,,130,Sound,,,
0,FORT,,1,1777024441.638954,129.41,Game,1,Predictable,81.54,0,,,4,,,130,Sound,,,
0,FORT,,1,1777024441.638954,129.42,Game,1,Predictable,81.55,0,,,4,,,130,Sound,,,
0,FORT,,1,1777024441.638954,129.43,Game,1,Predictable,81.56,0,,,4,,,130,Sound,,,
0,FORT,,1,1777024441.638954,129.44,Game,1,Predictable,81.57,0,,,4,,,130,Sound,,,
0,FORT,,1,1777024441.638954,129.45,Game,1,Predictable,81.58,0,,,4,,,130,Sound,,,
0,FORT,,1,1777024441.638954,129.46,Game,1,Predictable,81.59,0,,,4,,,130,Sound,,,
0,FORT,,1,1777024441.638954,129.47,Game,1,Predictable,81.6,0,,,4,,,130,Sound,,,
0,FORT,,1,1777024441.638954,129.48,Game,1,Predictable,81.61,0,,,4,,,130,Sound,,,
0,FORT,,1,1777024441.638954,129.49,Game,1,Predictable,81.62,0,,,4,,,130,Sound,,,
0,FORT,,1,1777024441.638954,129.5,Game,1,Predictable,81.64,0,,,4,,,130,Sound,,,
0,FORT,,1,1777024441.638954,129.52,Game,1,Predictable,81.65,0,,,4,,,130,Sound,,,
0,FORT,,1,1777024441.638954,129.53,Game,1,Predictable,81.66,0,,,4,,,130,Sound,,,
0,FORT,,1,1777024441.638954,129.54,Game,1,Predictable,81.67,0,,,4,,,130,Sound,,,
0,FORT,,1,1777024441.638954,129.55,Game,1,Predictable,81.68,0,,,4,,,130,Sound,,,
0,FORT,,1,1777024441.638954,129.56,Game,1,Predictable,81.69,0,,,4,,,130,Sound,,,
0,FORT,,1,1777024441.638954,129.57,Game,1,Predictable,81.7,0,,,4,,,130,Sound,,,
0,FORT,,1,1777024441.638954,129.58,Game,1,Predictable,81.71,0,,,4,,,130,Sound,,,
0,FORT,,1,1777024441.638954,129.59,Game,1,Predictable,81.72,0,,,4,,,130,Sound,,,
0,FORT,,1,1777024441.638954,129.6,Game,1,Predictable,81.74,0,,,4,,,130,Sound,,,
0,FORT,,1,1777024441.638954,129.62,Game,1,Predictable,81.75,0,,,4,,,130,Sound,,,
0,FORT,,1,1777024441.638954,129.63,Game,1,Predictable,81.76,0,,,4,,,130,Sound,,,
0,FORT,,1,1777024441.638954,129.64,Game,1,Predictable,81.77,0,,,4,,,130,Sound,,,
0,FORT,,1,1777024441.638954,129.65,Game,1,Predictable,81.78,0,,,4,,,130,Sound,,,
0,FORT,,1,1777024441.638954,129.66,Game,1,Predictable,81.79,0,,,4,,,130,Sound,,,
0,FORT,,1,1777024441.638954,129.67,Game,1,Predictable,81.8,0,,,4,,,130,Sound,,,
0,FORT,,1,1777024441.638954,129.68,Game,1,Predictable,81.81,0,,,4,,,130,Sound,,,
0,FORT,,1,1777024441.638954,129.69,Game,1,Predictable,81.82,0,,,4,,,130,Sound,,,
0,FORT,,1,1777024441.638954,129.71,Game,1,Predictable,81.84,0,,,4,,,130,Sound,,,
0,FORT,,1,1777024441.638954,129.72,Game,1,Predictable,81.85,0,,,4,,,130,Sound,,,
0,FORT,,1,1777024441.638954,129.73,Game,1,Predictable,81.86,0,,,4,,,130,Sound,,,
0,FORT,,1,1777024441.638954,129.74,Game,1,Predictable,81.87,0,,,4,,,130,Sound,,,
0,FORT,,1,1777024441.638954,129.75,Game,1,Predictable,81.88,0,,,4,,,130,Sound,,,
0,FORT,,1,1777024441.638954,129.76,Game,1,Predictable,81.89,0,,,4,,,130,Sound,,,
0,FORT,,1,1777024441.638954,129.77,Game,1,Predictable,81.9,0,,,4,,,130,Sound,,,
0,FORT,,1,1777024441.638954,129.78,Game,1,Predictable,81.91,0,,,4,,,130,Sound,,,
0,FORT,,1,1777024441.638954,129.79,Game,1,Predictable,81.92,0,,,4,,,130,Sound,,,
0,FORT,,1,1777024441.638954,129.8,Game,1,Predictable,81.94,0,,,4,,,130,Sound,,,
0,FORT,,1,1777024441.638954,129.82,Game,1,Predictable,81.95,0,,,4,,,130,Sound,,,
0,FORT,,1,1777024441.638954,129.83,Game,1,Predictable,81.96,0,,,4,,,130,Sound,,,
0,FORT,,1,1777024441.638954,129.84,Game,1,Predictable,81.97,0,,,4,,,130,Sound,,,
0,FORT,,1,1777024441.638954,129.85,Game,1,Predictable,81.98,0,,,4,,,130,Sound,,,
0,FORT,,1,1777024441.638954,129.86,Game,1,Predictable,81.99,0,,,4,,,130,Sound,,,
0,FORT,,1,1777024441.638954,129.87,Game,1,Predictable,82.0,0,,,4,,,130,Sound,,,
0,FORT,,1,1777024441.638954,129.88,Game,1,Predictable,82.01,0,,,4,,,130,Sound,,,
0,FORT,,1,1777024441.638954,129.89,Game,1,Predictable,82.02,0,,,4,,,130,Sound,,,
0,FORT,,1,1777024441.638954,129.9,Game,1,Predictable,82.04,0,,,4,,,130,Sound,,,
0,FORT,,1,1777024441.638954,129.92,Game,1,Predictable,82.05,0,,,4,,,130,Sound,,,
0,FORT,,1,1777024441.638954,129.93,Game,1,Predictable,82.06,0,,,4,,,130,Sound,,,
0,FORT,,1,1777024441.638954,129.94,Game,1,Predictable,82.07,0,,,4,,,130,Sound,,,
0,FORT,,1,1777024441.638954,129.95,Game,1,Predictable,82.08,0,,,4,,,130,Sound,,,
0,FORT,,1,1777024441.638954,129.96,Game,1,Predictable,82.09,0,,,4,,,130,Sound,,,
0,FORT,,1,1777024441.638954,129.97,Game,1,Predictable,82.1,0,,,4,,,130,Sound,,,
0,FORT,,1,1777024441.638954,129.98,Game,1,Predictable,82.11,0,,,4,,,130,Sound,,,
0,FORT,,1,1777024441.638954,129.99,Game,1,Predictable,82.12,0,,,4,,,130,Sound,,,
0,FORT,,1,1777024441.638954,130.0,Game,1,Predictable,82.14,0,,,4,,,130,Sound,,,
0,FORT,,1,1777024441.638954,130.02,Game,1,Predictable,82.15,0,,,4,,,130,Sound,,,
0,FORT,,1,1777024441.638954,130.03,Game,1,Predictable,82.16,0,,,4,,,130,Sound,,,
0,FORT,,1,1777024441.638954,130.04,Game,1,Predictable,82.17,0,,,4,,,130,Sound,,,
0,FORT,,1,1777024441.638954,130.05,Game,1,Predictable,82.18,0,,,4,,,130,Sound,,,
0,FORT,,1,1777024441.638954,130.06,Game,1,Predictable,82.19,0,,,4,,,130,Sound,,,
0,FORT,,1,1777024441.638954,130.07,Game,1,Predictable,82.2,0,,,4,,,130,Sound,,,
0,FORT,,1,1777024441.638954,130.08,Game,1,Predictable,82.21,0,,,4,,,130,Sound,,,
0,FORT,,1,1777024441.638954,130.09,Game,1,Predictable,82.22,0,,,4,,,130,Sound,,,
0,FORT,,1,1777024441.638954,130.11,Game,1,Predictable,82.24,0,,,4,,,130,Sound,,,
0,FORT,,1,1777024441.638954,130.12,Game,1,Predictable,82.25,0,,,4,,,130,Sound,,,
0,FORT,,1,1777024441.638954,130.13,Game,1,Predictable,82.26,0,,,4,,,130,Sound,,,
0,FORT,,1,1777024441.638954,130.14,Game,1,Predictable,82.27,0,,,4,,,130,Sound,,,
0,FORT,,1,1777024441.638954,130.15,Game,1,Predictable,82.28,0,,,4,,,130,Sound,,,
0,FORT,,1,1777024441.638954,130.16,Game,1,Predictable,82.29,0,,,4,,,130,Sound,,,
0,FORT,,1,1777024441.638954,130.17,Game,1,Predictable,82.3,0,,,4,,,130,Sound,,,
0,FORT,,1,1777024441.638954,130.18,Game,1,Predictable,82.31,0,,,4,,,130,Sound,,,
0,FORT,,1,1777024441.638954,130.19,Game,1,Predictable,82.32,0,,,4,,,130,Sound,,,
0,FORT,,1,1777024441.638954,130.21,Game,1,Predictable,82.34,0,,,4,,,130,Sound,,,
0,FORT,,1,1777024441.638954,130.22,Game,1,Predictable,82.35,0,,,4,,,130,Sound,,,
0,FORT,,1,1777024441.638954,130.23,Game,1,Predictable,82.36,0,,,4,,,130,Sound,,,
0,FORT,,1,1777024441.638954,130.24,Game,1,Predictable,82.37,0,,,4,,,130,Sound,,,
0,FORT,,1,1777024441.638954,130.25,Game,1,Predictable,82.38,0,,,4,,,130,Sound,,,
0,FORT,,1,1777024441.638954,130.26,Game,1,Predictable,82.39,0,,,4,,,130,Sound,,,
0,FORT,,1,1777024441.638954,130.27,Game,1,Predictable,82.4,0,,,4,,,130,Sound,,,
0,FORT,,1,1777024441.638954,130.28,Game,1,Predictable,82.41,0,,,4,,,130,Sound,,,
0,FORT,,1,1777024441.638954,130.29,Game,1,Predictable,82.42,0,,,4,,,130,Sound,,,
0,FORT,,1,1777024441.638954,130.3,Game,1,Predictable,82.44,0,,,4,,,130,Sound,,,
0,FORT,,1,1777024441.638954,130.32,Game,1,Predictable,82.45,0,,,4,,,130,Sound,,,
0,FORT,,1,1777024441.638954,130.33,Game,1,Predictable,82.46,0,,,4,,,130,Sound,,,
0,FORT,,1,1777024441.638954,130.34,Game,1,Predictable,82.47,0,,,4,,,130,Sound,,,
0,FORT,,1,1777024441.638954,130.35,Game,1,Predictable,82.48,0,,,4,,,130,Sound,,,
0,FORT,,1,1777024441.638954,130.36,Game,1,Predictable,82.49,0,,,4,,,130,Sound,,,
0,FORT,,1,1777024441.638954,130.37,Game,1,Predictable,82.5,0,,,4,,,130,Sound,,,
0,FORT,,1,1777024441.638954,130.38,Game,1,Predictable,82.51,0,,,4,,,130,Sound,,,
0,FORT,,1,1777024441.638954,130.39,Game,1,Predictable,82.52,0,,,4,,,130,Sound,,,
0,FORT,,1,1777024441.638954,130.4,Game,1,Predictable,82.54,0,,,4,,,130,Sound,,,
0,FORT,,1,1777024441.638954,130.42,Game,1,Predictable,82.55,0,,,4,,,130,Sound,,,
0,FORT,,1,1777024441.638954,130.43,Game,1,Predictable,82.56,0,,,4,,,130,Sound,,,
0,FORT,,1,1777024441.638954,130.44,Game,1,Predictable,82.57,0,,,4,,,130,Sound,,,
0,FORT,,1,1777024441.638954,130.45,Game,1,Predictable,82.58,0,,,4,,,130,Sound,,,
0,FORT,,1,1777024441.638954,130.46,Game,1,Predictable,82.59,0,,,4,,,130,Sound,,,
0,FORT,,1,1777024441.638954,130.47,Game,1,Predictable,82.6,0,,,4,,,130,Sound,,,
0,FORT,,1,1777024441.638954,130.48,Game,1,Predictable,82.61,0,,,4,,,130,Sound,,,
0,FORT,,1,1777024441.638954,130.49,Game,1,Predictable,82.62,0,,,4,,,130,Sound,,,
0,FORT,,1,1777024441.638954,130.51,Game,1,Predictable,82.64,0,,,4,,,130,Sound,,,
0,FORT,,1,1777024441.638954,130.52,Game,1,Predictable,82.65,0,,,4,,,130,Sound,,,
0,FORT,,1,1777024441.638954,130.53,Game,1,Predictable,82.66,0,,,4,,,130,Sound,,,
0,FORT,,1,1777024441.638954,130.54,Game,1,Predictable,82.67,0,,,4,,,130,Sound,,,
0,FORT,,1,1777024441.638954,130.55,Game,1,Predictable,82.68,0,,,4,,,130,Sound,,,
0,FORT,,1,1777024441.638954,130.56,Game,1,Predictable,82.69,0,,,4,,,130,Sound,,,
0,FORT,,1,1777024441.638954,130.57,Game,1,Predictable,82.7,0,,,4,,,130,Sound,,,
0,FORT,,1,1777024441.638954,130.58,Game,1,Predictable,82.71,0,,,4,,,130,Sound,,,
0,FORT,,1,1777024441.638954,130.59,Game,1,Predictable,82.72,0,,,4,,,130,Sound,,,
0,FORT,,1,1777024441.638954,130.6,Game,1,Predictable,82.74,0,,,4,,,130,Sound,,,
0,FORT,,1,1777024441.638954,130.62,Game,1,Predictable,82.75,0,,,4,,,130,Sound,,,
0,FORT,,1,1777024441.638954,130.63,Game,1,Predictable,82.76,0,,,4,,,130,Sound,,,
0,FORT,,1,1777024441.638954,130.64,Game,1,Predictable,82.77,0,,,4,,,130,Sound,,,
0,FORT,,1,1777024441.638954,130.65,Game,1,Predictable,82.78,0,,,4,,,130,Sound,,,
0,FORT,,1,1777024441.638954,130.66,Game,1,Predictable,82.79,0,,,4,,,130,Sound,,,
0,FORT,,1,1777024441.638954,130.67,Game,1,Predictable,82.8,0,,,4,,,130,Sound,,,
0,FORT,,1,1777024441.638954,130.68,Game,1,Predictable,82.81,0,,,4,,,130,Sound,,,
0,FORT,,1,1777024441.638954,130.69,Game,1,Predictable,82.83,0,,,4,,,130,Sound,,,
0,FORT,,1,1777024441.638954,130.7,Game,1,Predictable,82.84,0,,,4,,,130,Sound,,,
0,FORT,,1,1777024441.638954,130.72,Game,1,Predictable,82.85,0,,,4,,,130,Sound,,,
0,FORT,,1,1777024441.638954,130.73,Game,1,Predictable,82.86,0,,,4,,,130,Sound,,,
0,FORT,,1,1777024441.638954,130.74,Game,1,Predictable,82.87,0,,,4,,,130,Sound,,,
0,FORT,,1,1777024441.638954,130.75,Game,1,Predictable,82.88,0,,,4,,,130,Sound,,,
0,FORT,,1,1777024441.638954,130.76,Game,1,Predictable,82.89,0,,,4,,,130,Sound,,,
0,FORT,,1,1777024441.638954,130.88,Game,1,Predictable,83.01,0,,,4,,,130,Sound,,,
0,FORT,,1,1777024441.638954,130.89,Game,1,Predictable,83.03,0,,,4,,,130,Sound,,,
0,FORT,,1,1777024441.638954,130.91,Game,1,Predictable,83.04,0,,,4,,,130,Sound,,,
0,FORT,,1,1777024441.638954,130.92,Game,1,Predictable,83.05,0,,,4,,,130,Sound,,,
0,FORT,,1,1777024441.638954,130.93,Game,1,Predictable,83.06,0,,,4,,,130,Sound,,,
0,FORT,,1,1777024441.638954,130.94,Game,1,Predictable,83.07,0,,,4,,,130,Sound,,,
0,FORT,,1,1777024441.638954,130.95,Game,1,Predictable,83.08,0,,,4,,,130,Sound,,,
0,FORT,,1,1777024441.638954,130.96,Game,1,Predictable,83.09,0,,,4,,,130,Sound,,,
0,FORT,,1,1777024441.638954,130.97,Game,1,Predictable,83.1,0,,,4,,,130,Sound,,,
0,FORT,,1,1777024441.638954,130.98,Game,1,Predictable,83.11,0,,,4,,,130,Sound,,,
0,FORT,,1,1777024441.638954,130.99,Game,1,Predictable,83.12,0,,,4,,,130,Sound,,,
0,FORT,,1,1777024441.638954,131.01,Game,1,Predictable,83.14,0,,,4,,,130,Sound,,,
0,FORT,,1,1777024441.638954,131.02,Game,1,Predictable,83.15,0,,,4,,,130,Sound,,,
0,FORT,,1,1777024441.638954,131.03,Game,1,Predictable,83.16,0,,,4,,,130,Sound,,,
0,FORT,,1,1777024441.638954,131.04,Game,1,Predictable,83.17,0,,,4,,,130,Sound,,,
0,FORT,,1,1777024441.638954,131.05,Game,1,Predictable,83.18,0,,,4,,,130,Sound,,,
0,FORT,,1,1777024441.638954,131.06,Game,1,Predictable,83.19,0,,,4,,,130,Sound,,,
0,FORT,,1,1777024441.638954,131.07,Game,1,Predictable,83.2,0,,,4,,,130,Sound,,,
0,FORT,,1,1777024441.638954,131.08,Game,1,Predictable,83.21,0,,,4,,,130,Sound,,,
0,FORT,,1,1777024441.638954,131.09,Game,1,Predictable,83.22,0,,,4,,,130,Sound,,,
0,FORT,,1,1777024441.638954,131.11,Game,1,Predictable,83.24,0,,,4,,,130,Sound,,,
0,FORT,,1,1777024441.638954,131.12,Game,1,Predictable,83.25,0,,,4,,,130,Sound,,,
0,FORT,,1,1777024441.638954,131.13,Game,1,Predictable,83.26,0,,,4,,,130,Sound,,,
0,FORT,,1,1777024441.638954,131.14,Game,1,Predictable,83.27,0,,,4,,,130,Sound,,,
0,FORT,,1,1777024441.638954,131.15,Game,1,Predictable,83.28,0,,,4,,,130,Sound,,,
0,FORT,,1,1777024441.638954,131.16,Game,1,Predictable,83.29,0,,,4,,,130,Sound,,,
0,FORT,,1,1777024441.638954,131.17,Game,1,Predictable,83.3,0,,,4,,,130,Sound,,,
0,FORT,,1,1777024441.638954,131.18,Game,1,Predictable,83.31,0,,,4,,,130,Sound,,,
0,FORT,,1,1777024441.638954,131.19,Game,1,Predictable,83.32,0,,,4,,,130,Sound,,,
0,FORT,,1,1777024441.638954,131.21,Game,1,Predictable,83.34,0,,,4,,,130,Sound,,,
0,FORT,,1,1777024441.638954,131.22,Game,1,Predictable,83.35,0,,,4,,,130,Sound,,,
0,FORT,,1,1777024441.638954,131.23,Game,1,Predictable,83.36,0,,,4,,,130,Sound,,,
0,FORT,,1,1777024441.638954,131.24,Game,1,Predictable,83.37,0,,,4,,,130,Sound,,,
0,FORT,,1,1777024441.638954,131.25,Game,1,Predictable,83.38,0,,,4,,,130,Sound,,,
0,FORT,,1,1777024441.638954,131.26,Game,1,Predictable,83.39,0,,,4,,,130,Sound,,,
0,FORT,,1,1777024441.638954,131.27,Game,1,Predictable,83.4,0,,,4,,,130,Sound,,,
0,FORT,,1,1777024441.638954,131.28,Game,1,Predictable,83.41,0,,,4,,,130,Sound,,,
0,FORT,,1,1777024441.638954,131.29,Game,1,Predictable,83.42,0,,,4,,,130,Sound,,,
0,FORT,,1,1777024441.638954,131.3,Game,1,Predictable,83.44,0,,,4,,,130,Sound,,,
0,FORT,,1,1777024441.638954,131.32,Game,1,Predictable,83.45,0,,,4,,,130,Sound,,,
0,FORT,,1,1777024441.638954,131.33,Game,1,Predictable,83.46,0,,,4,,,130,Sound,,,
0,FORT,,1,1777024441.638954,131.34,Game,1,Predictable,83.47,0,,,4,,,130,Sound,,,
0,FORT,,1,1777024441.638954,131.35,Game,1,Predictable,83.48,0,,,4,,,130,Sound,,,
0,FORT,,1,1777024441.638954,131.36,Game,1,Predictable,83.49,0,,,4,,,130,Sound,,,
0,FORT,,1,1777024441.638954,131.37,Game,1,Predictable,83.5,0,,,4,,,130,Sound,,,
0,FORT,,1,1777024441.638954,131.38,Game,1,Predictable,83.51,0,,,4,,,130,Sound,,,
0,FORT,,1,1777024441.638954,131.39,Game,1,Predictable,83.52,0,,,4,,,130,Sound,,,
0,FORT,,1,1777024441.638954,131.41,Game,1,Predictable,83.54,0,,,4,,,130,Sound,,,
0,FORT,,1,1777024441.638954,131.42,Game,1,Predictable,83.55,0,,,4,,,130,Sound,,,
0,FORT,,1,1777024441.638954,131.43,Game,1,Predictable,83.56,0,,,4,,,130,Sound,,,
0,FORT,,1,1777024441.638954,131.44,Game,1,Predictable,83.57,0,,,4,,,130,Sound,,,
0,FORT,,1,1777024441.638954,131.45,Game,1,Predictable,83.58,0,,,4,,,130,Sound,,,
0,FORT,,1,1777024441.638954,131.46,Game,1,Predictable,83.59,0,,,4,,,130,Sound,,,
0,FORT,,1,1777024441.638954,131.47,Game,1,Predictable,83.6,0,,,4,,,130,Sound,,,
0,FORT,,1,1777024441.638954,131.48,Game,1,Predictable,83.61,0,,,4,,,130,Sound,,,
0,FORT,,1,1777024441.638954,131.49,Game,1,Predictable,83.63,0,,,4,,,130,Sound,,,
0,FORT,,1,1777024441.638954,131.51,Game,1,Predictable,83.64,0,,,4,,,130,Sound,,,
0,FORT,,1,1777024441.638954,131.52,Game,1,Predictable,83.65,0,,,4,,,130,Sound,,,
0,FORT,,1,1777024441.638954,131.53,Game,1,Predictable,83.66,0,,,4,,,130,Sound,,,
0,FORT,,1,1777024441.638954,131.54,Game,1,Predictable,83.67,0,,,4,,,130,Sound,,,
0,FORT,,1,1777024441.638954,131.55,Game,1,Predictable,83.68,0,,,4,,,130,Sound,,,
0,FORT,,1,1777024441.638954,131.56,Game,1,Predictable,83.69,0,,,4,,,130,Sound,,,
0,FORT,,1,1777024441.638954,131.57,Game,1,Predictable,83.7,0,,,4,,,130,Sound,,,
0,FORT,,1,1777024441.638954,131.58,Game,1,Predictable,83.71,0,,,4,,,130,Sound,,,
0,FORT,,1,1777024441.638954,131.59,Game,1,Predictable,83.72,0,,,4,,,130,Sound,,,
0,FORT,,1,1777024441.638954,131.61,Game,1,Predictable,83.74,0,,,4,,,130,Sound,,,
0,FORT,,1,1777024441.638954,131.62,Game,1,Predictable,83.75,0,,,4,,,130,Sound,,,
0,FORT,,1,1777024441.638954,131.63,Game,1,Predictable,83.76,0,,,4,,,130,Sound,,,
0,FORT,,1,1777024441.638954,131.64,Game,1,Predictable,83.77,0,,,4,,,130,Sound,,,
0,FORT,,1,1777024441.638954,131.65,Game,1,Predictable,83.78,0,,,4,,,130,Sound,,,
0,FORT,,1,1777024441.638954,131.66,Game,1,Predictable,83.79,0,,,4,,,130,Sound,,,
0,FORT,,1,1777024441.638954,131.67,Game,1,Predictable,83.8,0,,,4,,,130,Sound,,,
0,FORT,,1,1777024441.638954,131.68,Game,1,Predictable,83.81,0,,,4,,,130,Sound,,,
0,FORT,,1,1777024441.638954,131.69,Game,1,Predictable,83.83,0,,,4,,,130,Sound,,,
0,FORT,,1,1777024441.638954,131.71,Game,1,Predictable,83.84,0,,,4,,,130,Sound,,,
0,FORT,,1,1777024441.638954,131.72,Game,1,Predictable,83.85,0,,,4,,,130,Sound,,,
0,FORT,,1,1777024441.638954,131.73,Game,1,Predictable,83.86,0,,,4,,,130,Sound,,,
0,FORT,,1,1777024441.638954,131.74,Game,1,Predictable,83.87,0,,,4,,,130,Sound,,,
0,FORT,,1,1777024441.638954,131.76,Game,1,Predictable,83.89,0,,,4,,,130,Sound,,,
0,FORT,,1,1777024441.638954,131.77,Game,1,Predictable,83.9,0,,,4,,,130,Sound,,,
0,FORT,,1,1777024441.638954,131.78,Game,1,Predictable,83.91,0,,,4,,,130,Sound,,,
0,FORT,,1,1777024441.638954,131.79,Game,1,Predictable,83.92,0,,,4,,,130,Sound,,,
0,FORT,,1,1777024441.638954,131.8,Game,1,Predictable,83.93,0,,,4,,,130,Sound,,,
0,FORT,,1,1777024441.638954,131.81,Game,1,Predictable,83.94,0,,,4,,,130,Sound,,,
0,FORT,,1,1777024441.638954,131.82,Game,1,Predictable,83.95,0,,,4,,,130,Sound,,,
0,FORT,,1,1777024441.638954,131.83,Game,1,Predictable,83.96,0,,,4,,,130,Sound,,,
0,FORT,,1,1777024441.638954,131.84,Game,1,Predictable,83.98,0,,,4,,,130,Sound,,,
0,FORT,,1,1777024441.638954,131.86,Game,1,Predictable,83.99,0,,,4,,,130,Sound,,,
0,FORT,,1,1777024441.638954,131.87,Game,1,Predictable,84.0,0,,,4,,,130,Sound,,,
0,FORT,,1,1777024441.638954,131.88,Game,1,Predictable,84.01,0,,,4,,,130,Sound,,,
0,FORT,,1,1777024441.638954,131.89,Game,1,Predictable,84.02,0,1,,4,,,131,Sound,,,
0,FORT,,1,1777024441.638954,131.94,Game,1,Predictable,84.02,0,1,,4,,,131,Sound,,,
0,FORT,,1,1777024441.638954,132.0,Game,1,Predictable,84.02,0,1,,4,,,131,Sound,,,
0,FORT,,1,1777024441.638954,132.06,Game,1,Predictable,84.02,0,1,,4,,,131,Sound,,,
0,FORT,,1,1777024441.638954,132.12,Game,1,Predictable,84.02,0,1,,4,,,131,Sound,,,
0,FORT,,1,1777024441.638954,132.17,Game,1,Predictable,84.02,0,1,,4,,,131,Sound,,,
0,FORT,,1,1777024441.638954,132.23,Game,1,Predictable,84.02,0,1,,4,,,131,Sound,,,
0,FORT,,1,1777024441.638954,132.29,Game,1,Predictable,84.02,0,1,,4,,,131,Sound,,,
0,FORT,,1,1777024441.638954,132.34,Game,1,Predictable,84.02,0,1,,4,,,131,Sound,,,
0,FORT,,1,1777024441.638954,132.4,Game,1,Predictable,84.02,0,1,,4,,,131,Sound,,,
0,FORT,,1,1777024441.638954,132.46,Game,1,Predictable,84.02,0,1,,4,,,131,Sound,,,
0,FORT,,1,1777024441.638954,132.51,Game,1,Predictable,84.02,0,1,,4,,,131,Sound,,,
0,FORT,,1,1777024441.638954,132.57,Game,1,Predictable,84.02,0,1,,4,,,131,Sound,,,
0,FORT,,1,1777024441.638954,132.63,Game,1,Predictable,84.02,0,1,,4,,,131,Sound,,,
0,FORT,,1,1777024441.638954,132.69,Game,1,Predictable,84.02,0,1,,4,,,131,Sound,,,
0,FORT,,1,1777024441.638954,132.74,Game,1,Predictable,84.02,0,1,,4,,,131,Sound,,,
0,FORT,,1,1777024441.638954,132.8,Game,1,Predictable,84.02,0,1,,4,,,131,Sound,,,
0,FORT,,1,1777024441.638954,132.86,Game,1,Predictable,84.02,0,1,,4,,,131,Sound,,,
0,FORT,,1,1777024441.638954,132.92,Game,1,Predictable,84.02,0,,,4,,,130,Sound,,,
0,FORT,,1,1777024441.638954,132.93,Game,1,Predictable,85.06,0,,,4,,,130,Sound,,,
0,FORT,,1,1777024441.638954,132.94,Game,1,Predictable,85.07,0,,,4,,,130,Sound,,,
0,FORT,,1,1777024441.638954,132.96,Game,1,Predictable,85.09,0,,,4,,,130,Sound,,,
0,FORT,,1,1777024441.638954,132.97,Game,1,Predictable,85.1,0,,,4,,,130,Sound,,,
0,FORT,,1,1777024441.638954,132.98,Game,1,Predictable,85.11,0,,,4,,,130,Sound,,,
0,FORT,,1,1777024441.638954,132.99,Game,1,Predictable,85.12,0,,,4,,,130,Sound,,,
0,FORT,,1,1777024441.638954,133.0,Game,1,Predictable,85.13,0,,,4,,,130,Sound,,,
0,FORT,,1,1777024441.638954,133.01,Game,1,Predictable,85.14,0,,,4,,,130,Sound,,,
0,FORT,,1,1777024441.638954,133.02,Game,1,Predictable,85.15,0,,,4,,,130,Sound,,,
0,FORT,,1,1777024441.638954,133.03,Game,1,Predictable,85.16,0,,,4,,,130,Sound,,,
0,FORT,,1,1777024441.638954,133.04,Game,1,Predictable,85.18,0,,,4,,,130,Sound,,,
0,FORT,,1,1777024441.638954,133.06,Game,1,Predictable,85.19,0,,,4,,,130,Sound,,,
0,FORT,,1,1777024441.638954,133.07,Game,1,Predictable,85.2,0,,,4,,,130,Sound,,,
0,FORT,,1,1777024441.638954,133.08,Game,1,Predictable,85.21,0,,,4,,,130,Sound,,,
0,FORT,,1,1777024441.638954,133.09,Game,1,Predictable,85.22,0,,,4,,,130,Sound,,,
0,FORT,,1,1777024441.638954,133.1,Game,1,Predictable,85.23,0,,,4,,,130,Sound,,,
0,FORT,,1,1777024441.638954,133.11,Game,1,Predictable,85.24,0,,,4,,,130,Sound,,,
0,FORT,,1,1777024441.638954,133.12,Game,1,Predictable,85.25,0,,,4,,,130,Sound,,,
0,FORT,,1,1777024441.638954,133.13,Game,1,Predictable,85.26,0,,,4,,,130,Sound,,,
0,FORT,,1,1777024441.638954,133.14,Game,1,Predictable,85.28,0,,,4,,,130,Sound,,,
0,FORT,,1,1777024441.638954,133.16,Game,1,Predictable,85.29,0,,,4,,,130,Sound,,,
0,FORT,,1,1777024441.638954,133.17,Game,1,Predictable,85.3,0,,,4,,,130,Sound,,,
0,FORT,,1,1777024441.638954,133.18,Game,1,Predictable,85.31,0,,,4,,,130,Sound,,,
0,FORT,,1,1777024441.638954,133.19,Game,1,Predictable,85.32,0,,,4,,,130,Sound,,,
0,FORT,,1,1777024441.638954,133.2,Game,1,Predictable,85.33,0,,,4,,,130,Sound,,,
0,FORT,,1,1777024441.638954,133.21,Game,1,Predictable,85.34,0,,,4,,,130,Sound,,,
0,FORT,,1,1777024441.638954,133.22,Game,1,Predictable,85.35,0,,,4,,,130,Sound,,,
0,FORT,,1,1777024441.638954,133.23,Game,1,Predictable,85.36,0,,,4,,,130,Sound,,,
0,FORT,,1,1777024441.638954,133.24,Game,1,Predictable,85.37,0,,,4,,,130,Sound,,,
0,FORT,,1,1777024441.638954,133.25,Game,1,Predictable,85.39,0,,,4,,,130,Sound,,,
0,FORT,,1,1777024441.638954,133.27,Game,1,Predictable,85.4,0,,,4,,,130,Sound,,,
0,FORT,,1,1777024441.638954,133.28,Game,1,Predictable,85.41,0,,,4,,,130,Sound,,,
0,FORT,,1,1777024441.638954,133.29,Game,1,Predictable,85.42,0,,,4,,,130,Sound,,,
0,FORT,,1,1777024441.638954,133.3,Game,1,Predictable,85.43,0,,,4,,,130,Sound,,,
0,FORT,,1,1777024441.638954,133.31,Game,1,Predictable,85.44,0,,,4,,,130,Sound,,,
0,FORT,,1,1777024441.638954,133.32,Game,1,Predictable,85.45,0,,,4,,,130,Sound,,,
0,FORT,,1,1777024441.638954,133.33,Game,1,Predictable,85.46,0,,,4,,,130,Sound,,,
0,FORT,,1,1777024441.638954,133.34,Game,1,Predictable,85.48,0,,,4,,,130,Sound,,,
0,FORT,,1,1777024441.638954,133.36,Game,1,Predictable,85.49,0,,,4,,,130,Sound,,,
0,FORT,,1,1777024441.638954,133.37,Game,1,Predictable,85.5,0,,,4,,,130,Sound,,,
0,FORT,,1,1777024441.638954,133.38,Game,1,Predictable,85.51,0,,,4,,,130,Sound,,,
0,FORT,,1,1777024441.638954,133.39,Game,1,Predictable,85.52,0,,,4,,,130,Sound,,,
0,FORT,,1,1777024441.638954,133.4,Game,1,Predictable,85.53,0,,,4,,,130,Sound,,,
0,FORT,,1,1777024441.638954,133.41,Game,1,Predictable,85.54,0,,,4,,,130,Sound,,,
0,FORT,,1,1777024441.638954,133.42,Game,1,Predictable,85.55,0,,,4,,,130,Sound,,,
0,FORT,,1,1777024441.638954,133.43,Game,1,Predictable,85.56,0,,,4,,,130,Sound,,,
0,FORT,,1,1777024441.638954,133.44,Game,1,Predictable,85.58,0,,,4,,,130,Sound,,,
0,FORT,,1,1777024441.638954,133.46,Game,1,Predictable,85.59,0,,,4,,,130,Sound,,,
0,FORT,,1,1777024441.638954,133.47,Game,1,Predictable,85.6,0,,,4,,,130,Sound,,,
0,FORT,,1,1777024441.638954,133.48,Game,1,Predictable,85.61,0,,,4,,,130,Sound,,,
0,FORT,,1,1777024441.638954,133.49,Game,1,Predictable,85.62,0,,,4,,,130,Sound,,,
0,FORT,,1,1777024441.638954,133.5,Game,1,Predictable,85.63,0,,,4,,,130,Sound,,,
0,FORT,,1,1777024441.638954,133.51,Game,1,Predictable,85.64,0,,,4,,,130,Sound,,,
0,FORT,,1,1777024441.638954,133.52,Game,1,Predictable,85.65,0,,,4,,,130,Sound,,,
0,FORT,,1,1777024441.638954,133.53,Game,1,Predictable,85.66,0,,,4,,,130,Sound,,,
0,FORT,,1,1777024441.638954,133.54,Game,1,Predictable,85.68,0,,,4,,,130,Sound,,,
0,FORT,,1,1777024441.638954,133.56,Game,1,Predictable,85.69,0,,,4,,,130,Sound,,,
0,FORT,,1,1777024441.638954,133.57,Game,1,Predictable,85.7,0,,,4,,,130,Sound,,,
0,FORT,,1,1777024441.638954,133.58,Game,1,Predictable,85.71,0,,,4,,,130,Sound,,,
0,FORT,,1,1777024441.638954,133.59,Game,1,Predictable,85.72,0,,,4,,,130,Sound,,,
0,FORT,,1,1777024441.638954,133.6,Game,1,Predictable,85.73,0,,,4,,,130,Sound,,,
0,FORT,,1,1777024441.638954,133.61,Game,1,Predictable,85.74,0,,,4,,,130,Sound,,,
0,FORT,,1,1777024441.638954,133.62,Game,1,Predictable,85.75,0,,,4,,,130,Sound,,,
0,FORT,,1,1777024441.638954,133.63,Game,1,Predictable,85.76,0,,,4,,,130,Sound,,,
0,FORT,,1,1777024441.638954,133.64,Game,1,Predictable,85.78,0,,,4,,,130,Sound,,,
0,FORT,,1,1777024441.638954,133.66,Game,1,Predictable,85.79,0,,,4,,,130,Sound,,,
0,FORT,,1,1777024441.638954,133.67,Game,1,Predictable,85.8,0,,,4,,,130,Sound,,,
0,FORT,,1,1777024441.638954,133.68,Game,1,Predictable,85.81,0,,,4,,,130,Sound,,,
0,FORT,,1,1777024441.638954,133.69,Game,1,Predictable,85.82,0,,,4,,,130,Sound,,,
0,FORT,,1,1777024441.638954,133.7,Game,1,Predictable,85.83,0,,,4,,,130,Sound,,,
0,FORT,,1,1777024441.638954,133.71,Game,1,Predictable,85.84,0,,,4,,,130,Sound,,,
0,FORT,,1,1777024441.638954,133.72,Game,1,Predictable,85.85,0,,,4,,,130,Sound,,,
0,FORT,,1,1777024441.638954,133.73,Game,1,Predictable,85.86,0,,,4,,,130,Sound,,,
0,FORT,,1,1777024441.638954,133.74,Game,1,Predictable,85.88,0,,,4,,,130,Sound,,,
0,FORT,,1,1777024441.638954,133.76,Game,1,Predictable,85.89,0,,,4,,,130,Sound,,,
0,FORT,,1,1777024441.638954,133.77,Game,1,Predictable,85.9,0,,,4,,,130,Sound,,,
0,FORT,,1,1777024441.638954,133.78,Game,1,Predictable,85.91,0,,,4,,,130,Sound,,,
0,FORT,,1,1777024441.638954,133.79,Game,1,Predictable,85.92,0,,,4,,,130,Sound,,,
0,FORT,,1,1777024441.638954,133.8,Game,1,Predictable,85.93,0,,,4,,,130,Sound,,,
0,FORT,,1,1777024441.638954,133.81,Game,1,Predictable,85.94,0,,,4,,,130,Sound,,,
0,FORT,,1,1777024441.638954,133.83,Game,1,Predictable,85.95,0,,,4,,,130,Sound,,,
0,FORT,,1,1777024441.638954,133.85,Game,1,Predictable,85.98,0,,,4,,,130,Sound,,,
0,FORT,,1,1777024441.638954,133.86,Game,1,Predictable,85.99,0,,,4,,,130,Sound,,,
0,FORT,,1,1777024441.638954,133.87,Game,1,Predictable,86.0,0,,,4,,,130,Sound,,,
0,FORT,,1,1777024441.638954,133.89,Game,1,Predictable,86.02,0,,,4,,,130,Sound,,,
0,FORT,,1,1777024441.638954,133.9,Game,1,Predictable,86.03,0,,,4,,,130,Sound,,,
0,FORT,,1,1777024441.638954,133.91,Game,1,Predictable,86.04,0,,,4,,,130,Sound,,,
0,FORT,,1,1777024441.638954,133.92,Game,1,Predictable,86.05,0,,,4,,,130,Sound,,,
0,FORT,,1,1777024441.638954,133.93,Game,1,Predictable,86.07,0,,,4,,,130,Sound,,,
0,FORT,,1,1777024441.638954,133.94,Game,1,Predictable,86.08,0,,,4,,,130,Sound,,,
0,FORT,,1,1777024441.638954,133.96,Game,1,Predictable,86.09,0,,,4,,,130,Sound,,,
0,FORT,,1,1777024441.638954,133.97,Game,1,Predictable,86.1,0,,,4,,,130,Sound,,,
0,FORT,,1,1777024441.638954,133.99,Game,1,Predictable,86.11,0,,,4,,,130,Sound,,,
0,FORT,,1,1777024441.638954,134.01,Game,1,Predictable,86.14,0,,,4,,,130,Sound,,,
0,FORT,,1,1777024441.638954,134.02,Game,1,Predictable,86.15,0,,,4,,,130,Sound,,,
0,FORT,,1,1777024441.638954,134.03,Game,1,Predictable,86.17,0,,,4,,,130,Sound,,,
0,FORT,,1,1777024441.638954,134.04,Game,1,Predictable,86.18,0,,,4,,,130,Sound,,,
0,FORT,,1,1777024441.638954,134.06,Game,1,Predictable,86.19,0,,,4,,,130,Sound,,,
0,FORT,,1,1777024441.638954,134.07,Game,1,Predictable,86.2,0,,,4,,,130,Sound,,,
0,FORT,,1,1777024441.638954,134.08,Game,1,Predictable,86.21,0,,,4,,,130,Sound,,,
0,FORT,,1,1777024441.638954,134.09,Game,1,Predictable,86.22,0,,,4,,,130,Sound,,,
0,FORT,,1,1777024441.638954,134.1,Game,1,Predictable,86.23,0,,,4,,,130,Sound,,,
0,FORT,,1,1777024441.638954,134.13,Game,1,Predictable,86.24,0,,,4,,,130,Sound,,,
0,FORT,,1,1777024441.638954,134.14,Game,1,Predictable,86.27,0,,,4,,,130,Sound,,,
0,FORT,,1,1777024441.638954,134.16,Game,1,Predictable,86.29,0,,,4,,,130,Sound,,,
0,FORT,,1,1777024441.638954,134.17,Game,1,Predictable,86.3,0,,,4,,,130,Sound,,,
0,FORT,,1,1777024441.638954,134.19,Game,1,Predictable,86.31,0,,,4,,,130,Sound,,,
0,FORT,,1,1777024441.638954,134.21,Game,1,Predictable,86.34,0,,,4,,,130,Sound,,,
0,FORT,,1,1777024441.638954,134.22,Game,1,Predictable,86.35,0,,,4,,,130,Sound,,,
0,FORT,,1,1777024441.638954,134.23,Game,1,Predictable,86.37,0,,,4,,,130,Sound,,,
0,FORT,,1,1777024441.638954,134.24,Game,1,Predictable,86.38,0,,,4,,,130,Sound,,,
0,FORT,,1,1777024441.638954,134.26,Game,1,Predictable,86.39,0,,,4,,,130,Sound,,,
0,FORT,,1,1777024441.638954,134.27,Game,1,Predictable,86.4,0,,,4,,,130,Sound,,,
0,FORT,,1,1777024441.638954,134.29,Game,1,Predictable,86.41,0,,,4,,,130,Sound,,,
0,FORT,,1,1777024441.638954,134.31,Game,1,Predictable,86.44,0,,,4,,,130,Sound,,,
0,FORT,,1,1777024441.638954,134.32,Game,1,Predictable,86.45,0,,,4,,,130,Sound,,,
0,FORT,,1,1777024441.638954,134.33,Game,1,Predictable,86.47,0,,,4,,,130,Sound,,,
0,FORT,,1,1777024441.638954,134.34,Game,1,Predictable,86.48,0,,,4,,,130,Sound,,,
0,FORT,,1,1777024441.638954,134.36,Game,1,Predictable,86.49,0,,,4,,,130,Sound,,,
0,FORT,,1,1777024441.638954,134.37,Game,1,Predictable,86.5,0,,,4,,,130,Sound,,,
0,FORT,,1,1777024441.638954,134.39,Game,1,Predictable,86.51,0,,,4,,,130,Sound,,,
0,FORT,,1,1777024441.638954,134.41,Game,1,Predictable,86.54,0,,,4,,,130,Sound,,,
0,FORT,,1,1777024441.638954,134.42,Game,1,Predictable,86.55,0,,,4,,,130,Sound,,,
0,FORT,,1,1777024441.638954,134.43,Game,1,Predictable,86.56,0,,,4,,,130,Sound,,,
0,FORT,,1,1777024441.638954,134.44,Game,1,Predictable,86.58,0,,,4,,,130,Sound,,,
0,FORT,,1,1777024441.638954,134.46,Game,1,Predictable,86.59,0,,,4,,,130,Sound,,,
0,FORT,,1,1777024441.638954,134.47,Game,1,Predictable,86.6,0,,,4,,,130,Sound,,,
0,FORT,,1,1777024441.638954,134.48,Game,1,Predictable,86.61,0,,,4,,,130,Sound,,,
0,FORT,,1,1777024441.638954,134.49,Game,1,Predictable,86.62,0,,,4,,,130,Sound,,,
0,FORT,,1,1777024441.638954,134.5,Game,1,Predictable,86.63,0,,,4,,,130,Sound,,,
0,FORT,,1,1777024441.638954,134.51,Game,1,Predictable,86.64,0,,,4,,,130,Sound,,,
0,FORT,,1,1777024441.638954,134.52,Game,1,Predictable,86.65,0,,,4,,,130,Sound,,,
0,FORT,,1,1777024441.638954,134.53,Game,1,Predictable,86.66,0,,,4,,,130,Sound,,,
0,FORT,,1,1777024441.638954,134.54,Game,1,Predictable,86.68,0,,,4,,,130,Sound,,,
0,FORT,,1,1777024441.638954,134.56,Game,1,Predictable,86.69,0,,,4,,,130,Sound,,,
0,FORT,,1,1777024441.638954,134.57,Game,1,Predictable,86.7,0,,,4,,,130,Sound,,,
0,FORT,,1,1777024441.638954,134.58,Game,1,Predictable,86.71,0,,,4,,,130,Sound,,,
0,FORT,,1,1777024441.638954,134.59,Game,1,Predictable,86.72,0,,,4,,,130,Sound,,,
0,FORT,,1,1777024441.638954,134.6,Game,1,Predictable,86.73,0,,,4,,,130,Sound,,,
0,FORT,,1,1777024441.638954,134.61,Game,1,Predictable,86.74,0,,,4,,,130,Sound,,,
0,FORT,,1,1777024441.638954,134.62,Game,1,Predictable,86.75,0,,,4,,,130,Sound,,,
0,FORT,,1,1777024441.638954,134.63,Game,1,Predictable,86.76,0,,,4,,,130,Sound,,,
0,FORT,,1,1777024441.638954,134.64,Game,1,Predictable,86.78,0,,,4,,,130,Sound,,,
0,FORT,,1,1777024441.638954,134.66,Game,1,Predictable,86.79,0,,,4,,,130,Sound,,,
0,FORT,,1,1777024441.638954,134.67,Game,1,Predictable,86.8,0,,,4,,,130,Sound,,,
0,FORT,,1,1777024441.638954,134.68,Game,1,Predictable,86.81,0,,,4,,,130,Sound,,,
0,FORT,,1,1777024441.638954,134.69,Game,1,Predictable,86.82,0,,,4,,,130,Sound,,,
0,FORT,,1,1777024441.638954,134.7,Game,1,Predictable,86.83,0,,,4,,,130,Sound,,,
0,FORT,,1,1777024441.638954,134.71,Game,1,Predictable,86.84,0,,,4,,,130,Sound,,,
0,FORT,,1,1777024441.638954,134.72,Game,1,Predictable,86.85,0,,,4,,,130,Sound,,,
0,FORT,,1,1777024441.638954,134.73,Game,1,Predictable,86.86,0,,,4,,,130,Sound,,,
0,FORT,,1,1777024441.638954,134.74,Game,1,Predictable,86.88,0,,,4,,,130,Sound,,,
0,FORT,,1,1777024441.638954,134.76,Game,1,Predictable,86.89,0,,,4,,,130,Sound,,,
0,FORT,,1,1777024441.638954,134.77,Game,1,Predictable,86.9,0,,,4,,,130,Sound,,,
0,FORT,,1,1777024441.638954,134.78,Game,1,Predictable,86.91,0,,,4,,,130,Sound,,,
0,FORT,,1,1777024441.638954,134.79,Game,1,Predictable,86.92,0,,,4,,,130,Sound,,,
0,FORT,,1,1777024441.638954,134.8,Game,1,Predictable,86.93,0,,,4,,,130,Sound,,,
0,FORT,,1,1777024441.638954,134.81,Game,1,Predictable,86.94,0,,,4,,,130,Sound,,,
0,FORT,,1,1777024441.638954,134.82,Game,1,Predictable,86.95,0,,,4,,,130,Sound,,,
0,FORT,,1,1777024441.638954,134.83,Game,1,Predictable,86.96,0,,,4,,,130,Sound,,,
0,FORT,,1,1777024441.638954,134.84,Game,1,Predictable,86.98,0,,,4,,,130,Sound,,,
0,FORT,,1,1777024441.638954,134.86,Game,1,Predictable,86.99,0,,,4,,,130,Sound,,,
0,FORT,,1,1777024441.638954,134.87,Game,1,Predictable,87.0,0,,,4,,,130,Sound,,,
0,FORT,,1,1777024441.638954,134.88,Game,1,Predictable,87.01,0,,,4,,,130,Sound,,,
0,FORT,,1,1777024441.638954,134.89,Game,1,Predictable,87.02,0,,,4,,,130,Sound,,,
0,FORT,,1,1777024441.638954,134.9,Game,1,Predictable,87.03,0,,,4,,,130,Sound,,,
0,FORT,,1,1777024441.638954,134.91,Game,1,Predictable,87.04,0,,,4,,,130,Sound,,,
0,FORT,,1,1777024441.638954,134.92,Game,1,Predictable,87.05,0,,,4,,,130,Sound,,,
0,FORT,,1,1777024441.638954,134.93,Game,1,Predictable,87.06,0,,,4,,,130,Sound,,,
0,FORT,,1,1777024441.638954,134.94,Game,1,Predictable,87.08,0,,,4,,,130,Sound,,,
0,FORT,,1,1777024441.638954,134.96,Game,1,Predictable,87.09,0,,,4,,,130,Sound,,,
0,FORT,,1,1777024441.638954,134.97,Game,1,Predictable,87.1,0,,,4,,,130,Sound,,,
0,FORT,,1,1777024441.638954,134.98,Game,1,Predictable,87.11,0,,,4,,,130,Sound,,,
0,FORT,,1,1777024441.638954,134.99,Game,1,Predictable,87.12,0,,,4,,,130,Sound,,,
0,FORT,,1,1777024441.638954,135.0,Game,1,Predictable,87.13,0,,,4,,,130,Sound,,,
0,FORT,,1,1777024441.638954,135.01,Game,1,Predictable,87.14,0,,,4,,,130,Sound,,,
0,FORT,,1,1777024441.638954,135.03,Game,1,Predictable,87.16,0,,,4,,,130,Sound,,,
0,FORT,,1,1777024441.638954,135.04,Game,1,Predictable,87.17,0,,,4,,,130,Sound,,,
0,FORT,,1,1777024441.638954,135.05,Game,1,Predictable,87.18,0,,,4,,,130,Sound,,,
0,FORT,,1,1777024441.638954,135.08,Game,1,Predictable,87.19,0,,,4,,,130,Sound,,,
0,FORT,,1,1777024441.638954,135.09,Game,1,Predictable,87.22,0,,,4,,,130,Sound,,,
0,FORT,,1,1777024441.638954,135.11,Game,1,Predictable,87.24,0,,,4,,,130,Sound,,,
0,FORT,,1,1777024441.638954,135.12,Game,1,Predictable,87.25,0,,,4,,,130,Sound,,,
0,FORT,,1,1777024441.638954,135.14,Game,1,Predictable,87.26,0,,,4,,,130,Sound,,,
0,FORT,,1,1777024441.638954,135.16,Game,1,Predictable,87.29,0,,,4,,,130,Sound,,,
0,FORT,,1,1777024441.638954,135.17,Game,1,Predictable,87.3,0,,,4,,,130,Sound,,,
0,FORT,,1,1777024441.638954,135.18,Game,1,Predictable,87.32,0,,,4,,,130,Sound,,,
0,FORT,,1,1777024441.638954,135.19,Game,1,Predictable,87.33,0,,,4,,,130,Sound,,,
0,FORT,,1,1777024441.638954,135.21,Game,1,Predictable,87.34,0,,,4,,,130,Sound,,,
0,FORT,,1,1777024441.638954,135.22,Game,1,Predictable,87.35,0,,,4,,,130,Sound,,,
0,FORT,,1,1777024441.638954,135.23,Game,1,Predictable,87.36,0,,,4,,,130,Sound,,,
0,FORT,,1,1777024441.638954,135.24,Game,1,Predictable,87.37,0,,,4,,,130,Sound,,,
0,FORT,,1,1777024441.638954,135.25,Game,1,Predictable,87.38,0,,,4,,,130,Sound,,,
0,FORT,,1,1777024441.638954,135.28,Game,1,Predictable,87.39,0,,,4,,,130,Sound,,,
0,FORT,,1,1777024441.638954,135.29,Game,1,Predictable,87.42,0,,,4,,,130,Sound,,,
0,FORT,,1,1777024441.638954,135.31,Game,1,Predictable,87.44,0,,,4,,,130,Sound,,,
0,FORT,,1,1777024441.638954,135.32,Game,1,Predictable,87.45,0,,,4,,,130,Sound,,,
0,FORT,,1,1777024441.638954,135.33,Game,1,Predictable,87.46,0,,,4,,,130,Sound,,,
0,FORT,,1,1777024441.638954,135.34,Game,1,Predictable,87.47,0,,,4,,,130,Sound,,,
0,FORT,,1,1777024441.638954,135.35,Game,1,Predictable,87.48,0,,,4,,,130,Sound,,,
0,FORT,,1,1777024441.638954,135.36,Game,1,Predictable,87.49,0,,,4,,,130,Sound,,,
0,FORT,,1,1777024441.638954,135.37,Game,1,Predictable,87.5,0,,,4,,,130,Sound,,,
0,FORT,,1,1777024441.638954,135.38,Game,1,Predictable,87.51,0,,,4,,,130,Sound,,,
0,FORT,,1,1777024441.638954,135.41,Game,1,Predictable,87.53,0,,,4,,,130,Sound,,,
0,FORT,,1,1777024441.638954,135.43,Game,1,Predictable,87.55,0,,,4,,,130,Sound,,,
0,FORT,,1,1777024441.638954,135.44,Game,1,Predictable,87.57,0,,,4,,,130,Sound,,,
0,FORT,,1,1777024441.638954,135.45,Game,1,Predictable,87.58,0,,,4,,,130,Sound,,,
0,FORT,,1,1777024441.638954,135.48,Game,1,Predictable,87.59,0,,,4,,,130,Sound,,,
0,FORT,,1,1777024441.638954,135.49,Game,1,Predictable,87.62,0,,,4,,,130,Sound,,,
0,FORT,,1,1777024441.638954,135.51,Game,1,Predictable,87.64,0,,,4,,,130,Sound,,,
0,FORT,,1,1777024441.638954,135.52,Game,1,Predictable,87.65,0,,,4,,,130,Sound,,,
0,FORT,,1,1777024441.638954,135.53,Game,1,Predictable,87.66,0,,,4,,,130,Sound,,,
0,FORT,,1,1777024441.638954,135.54,Game,1,Predictable,87.67,0,,,4,,,130,Sound,,,
0,FORT,,1,1777024441.638954,135.55,Game,1,Predictable,87.68,0,,,4,,,130,Sound,,,
0,FORT,,1,1777024441.638954,135.58,Game,1,Predictable,87.69,0,,,4,,,130,Sound,,,
0,FORT,,1,1777024441.638954,135.59,Game,1,Predictable,87.72,0,,,4,,,130,Sound,,,
0,FORT,,1,1777024441.638954,135.61,Game,1,Predictable,87.74,0,,,4,,,130,Sound,,,
0,FORT,,1,1777024441.638954,135.62,Game,1,Predictable,87.75,0,,,4,,,130,Sound,,,
0,FORT,,1,1777024441.638954,135.63,Game,1,Predictable,87.76,0,,,4,,,130,Sound,,,
0,FORT,,1,1777024441.638954,135.64,Game,1,Predictable,87.77,0,,,4,,,130,Sound,,,
0,FORT,,1,1777024441.638954,135.65,Game,1,Predictable,87.78,0,,,4,,,130,Sound,,,
0,FORT,,1,1777024441.638954,135.66,Game,1,Predictable,87.79,0,,,4,,,130,Sound,,,
0,FORT,,1,1777024441.638954,135.68,Game,1,Predictable,87.81,0,,,4,,,130,Sound,,,
0,FORT,,1,1777024441.638954,135.69,Game,1,Predictable,87.82,0,,,4,,,130,Sound,,,
0,FORT,,1,1777024441.638954,135.7,Game,1,Predictable,87.83,0,,,4,,,130,Sound,,,
0,FORT,,1,1777024441.638954,135.73,Game,1,Predictable,87.84,0,,,4,,,130,Sound,,,
0,FORT,,1,1777024441.638954,135.74,Game,1,Predictable,87.87,0,,,4,,,130,Sound,,,
0,FORT,,1,1777024441.638954,135.76,Game,1,Predictable,87.89,0,,,4,,,130,Sound,,,
0,FORT,,1,1777024441.638954,135.77,Game,1,Predictable,87.9,0,,,4,,,130,Sound,,,
0,FORT,,1,1777024441.638954,135.78,Game,1,Predictable,87.91,0,,,4,,,130,Sound,,,
0,FORT,,1,1777024441.638954,135.79,Game,1,Predictable,87.92,0,,,4,,,130,Sound,,,
0,FORT,,1,1777024441.638954,135.8,Game,1,Predictable,87.93,0,,,4,,,130,Sound,,,
0,FORT,,1,1777024441.638954,135.81,Game,1,Predictable,87.94,0,,,4,,,130,Sound,,,
0,FORT,,1,1777024441.638954,135.82,Game,1,Predictable,87.95,0,,,4,,,130,Sound,,,
0,FORT,,1,1777024441.638954,135.83,Game,1,Predictable,87.96,0,,,4,,,130,Sound,,,
0,FORT,,1,1777024441.638954,135.84,Game,1,Predictable,87.98,0,,,4,,,130,Sound,,,
0,FORT,,1,1777024441.638954,135.86,Game,1,Predictable,87.99,0,,,4,,,130,Sound,,,
0,FORT,,1,1777024441.638954,135.87,Game,1,Predictable,88.0,0,,,4,,,130,Sound,,,
0,FORT,,1,1777024441.638954,135.88,Game,1,Predictable,88.01,0,,,4,,,130,Sound,,,
0,FORT,,1,1777024441.638954,135.89,Game,1,Predictable,88.02,0,,,4,,,130,Sound,,,
0,FORT,,1,1777024441.638954,135.9,Game,1,Predictable,88.03,0,,,4,,,130,Sound,,,
0,FORT,,1,1777024441.638954,135.93,Game,1,Predictable,88.04,0,,,4,,,130,Sound,,,
0,FORT,,1,1777024441.638954,135.94,Game,1,Predictable,88.07,0,,,4,,,130,Sound,,,
0,FORT,,1,1777024441.638954,135.96,Game,1,Predictable,88.09,0,,,4,,,130,Sound,,,
0,FORT,,1,1777024441.638954,135.98,Game,1,Predictable,88.1,0,,,4,,,130,Sound,,,
0,FORT,,1,1777024441.638954,135.99,Game,1,Predictable,88.12,0,,,4,,,130,Sound,,,
0,FORT,,1,1777024441.638954,136.0,Game,1,Predictable,88.14,0,,,4,,,130,Sound,,,
0,FORT,,1,1777024441.638954,136.02,Game,1,Predictable,88.15,0,,,4,,,130,Sound,,,
0,FORT,,1,1777024441.638954,136.05,Game,1,Predictable,88.16,0,,,4,,,130,Sound,,,
0,FORT,,1,1777024441.638954,136.08,Game,1,Predictable,88.19,0,,,4,,,130,Sound,,,
0,FORT,,1,1777024441.638954,136.09,Game,1,Predictable,88.22,0,,,4,,,130,Sound,,,
0,FORT,,1,1777024441.638954,136.1,Game,1,Predictable,88.24,0,,,4,,,130,Sound,,,
0,FORT,,1,1777024441.638954,136.12,Game,1,Predictable,88.25,0,,,4,,,130,Sound,,,
0,FORT,,1,1777024441.638954,136.15,Game,1,Predictable,88.26,0,,,4,,,130,Sound,,,
0,FORT,,1,1777024441.638954,136.16,Game,1,Predictable,88.29,0,,,4,,,130,Sound,,,
0,FORT,,1,1777024441.638954,136.18,Game,1,Predictable,88.31,0,,,4,,,130,Sound,,,
0,FORT,,1,1777024441.638954,136.19,Game,1,Predictable,88.32,0,,,4,,,130,Sound,,,
0,FORT,,1,1777024441.638954,136.21,Game,1,Predictable,88.33,0,,,4,,,130,Sound,,,
0,FORT,,1,1777024441.638954,136.22,Game,1,Predictable,88.35,0,,,4,,,130,Sound,,,
0,FORT,,1,1777024441.638954,136.23,Game,1,Predictable,88.36,0,,,4,,,130,Sound,,,
0,FORT,,1,1777024441.638954,136.25,Game,1,Predictable,88.38,0,,,4,,,130,Sound,,,
0,FORT,,1,1777024441.638954,136.28,Game,1,Predictable,88.39,0,,,4,,,130,Sound,,,
0,FORT,,1,1777024441.638954,136.29,Game,1,Predictable,88.42,0,,,4,,,130,Sound,,,
0,FORT,,1,1777024441.638954,136.31,Game,1,Predictable,88.44,0,,,4,,,130,Sound,,,
0,FORT,,1,1777024441.638954,136.32,Game,1,Predictable,88.45,0,,,4,,,130,Sound,,,
0,FORT,,1,1777024441.638954,136.33,Game,1,Predictable,88.46,0,,,4,,,130,Sound,,,
0,FORT,,1,1777024441.638954,136.35,Game,1,Predictable,88.48,0,,,4,,,130,Sound,,,
0,FORT,,1,1777024441.638954,136.37,Game,1,Predictable,88.5,0,,,4,,,130,Sound,,,
0,FORT,,1,1777024441.638954,136.39,Game,1,Predictable,88.51,0,,,4,,,130,Sound,,,
0,FORT,,1,1777024441.638954,136.41,Game,1,Predictable,88.54,0,,,4,,,130,Sound,,,
0,FORT,,1,1777024441.638954,136.42,Game,1,Predictable,88.56,0,,,4,,,130,Sound,,,
0,FORT,,1,1777024441.638954,136.44,Game,1,Predictable,88.57,0,,,4,,,130,Sound,,,
0,FORT,,1,1777024441.638954,136.45,Game,1,Predictable,88.58,0,,,4,,,130,Sound,,,
0,FORT,,1,1777024441.638954,136.46,Game,1,Predictable,88.6,0,,,4,,,130,Sound,,,
0,FORT,,1,1777024441.638954,136.48,Game,1,Predictable,88.61,0,,,4,,,130,Sound,,,
0,FORT,,1,1777024441.638954,136.49,Game,1,Predictable,88.62,0,,,4,,,130,Sound,,,
0,FORT,,1,1777024441.638954,136.5,Game,1,Predictable,88.63,0,,,4,,,130,Sound,,,
0,FORT,,1,1777024441.638954,136.52,Game,1,Predictable,88.65,0,,,4,,,130,Sound,,,
0,FORT,,1,1777024441.638954,136.53,Game,1,Predictable,88.66,0,,,4,,,130,Sound,,,
0,FORT,,1,1777024441.638954,136.55,Game,1,Predictable,88.68,0,,,4,,,130,Sound,,,
0,FORT,,1,1777024441.638954,136.57,Game,1,Predictable,88.7,0,,,4,,,130,Sound,,,
0,FORT,,1,1777024441.638954,136.59,Game,1,Predictable,88.71,0,,,4,,,130,Sound,,,
0,FORT,,1,1777024441.638954,136.63,Game,1,Predictable,88.74,0,,,4,,,130,Sound,,,
0,FORT,,1,1777024441.638954,136.64,Game,1,Predictable,88.77,0,,,4,,,130,Sound,,,
0,FORT,,1,1777024441.638954,136.66,Game,1,Predictable,88.79,0,,,4,,,130,Sound,,,
0,FORT,,1,1777024441.638954,136.68,Game,1,Predictable,88.8,0,,,4,,,130,Sound,,,
0,FORT,,1,1777024441.638954,136.69,Game,1,Predictable,88.82,0,,,4,,,130,Sound,,,
0,FORT,,1,1777024441.638954,136.71,Game,1,Predictable,88.84,0,,,4,,,130,Sound,,,
0,FORT,,1,1777024441.638954,136.72,Game,1,Predictable,88.85,0,,,4,,,130,Sound,,,
0,FORT,,1,1777024441.638954,136.73,Game,1,Predictable,88.86,0,,,4,,,130,Sound,,,
0,FORT,,1,1777024441.638954,136.74,Game,1,Predictable,88.88,0,,,4,,,130,Sound,,,
0,FORT,,1,1777024441.638954,136.76,Game,1,Predictable,88.89,0,,,4,,,130,Sound,,,
0,FORT,,1,1777024441.638954,136.77,Game,1,Predictable,88.9,0,,,4,,,130,Sound,,,
0,FORT,,1,1777024441.638954,136.78,Game,1,Predictable,88.91,0,,,4,,,130,Sound,,,
0,FORT,,1,1777024441.638954,136.8,Game,1,Predictable,88.93,0,,,4,,,130,Sound,,,
0,FORT,,1,1777024441.638954,136.81,Game,1,Predictable,88.94,0,,,4,,,130,Sound,,,
0,FORT,,1,1777024441.638954,136.82,Game,1,Predictable,88.96,0,,,4,,,130,Sound,,,
0,FORT,,1,1777024441.638954,136.84,Game,1,Predictable,88.97,0,,,4,,,130,Sound,,,
0,FORT,,1,1777024441.638954,136.85,Game,1,Predictable,88.98,0,,,4,,,130,Sound,,,
0,FORT,,1,1777024441.638954,136.86,Game,1,Predictable,88.99,0,,,4,,,130,Sound,,,
0,FORT,,1,1777024441.638954,136.87,Game,1,Predictable,89.0,0,,,4,,,130,Sound,,,
0,FORT,,1,1777024441.638954,136.89,Game,1,Predictable,89.02,0,,,4,,,130,Sound,,,
0,FORT,,1,1777024441.638954,136.9,Game,1,Predictable,89.03,0,,,4,,,130,Sound,,,
0,FORT,,1,1777024441.638954,136.93,Game,1,Predictable,89.04,0,,,4,,,130,Sound,,,
0,FORT,,1,1777024441.638954,136.94,Game,1,Predictable,89.07,0,,,4,,,130,Sound,,,
0,FORT,,1,1777024441.638954,136.96,Game,1,Predictable,89.09,0,,,4,,,130,Sound,,,
0,FORT,,1,1777024441.638954,136.97,Game,1,Predictable,89.1,0,,,4,,,130,Sound,,,
0,FORT,,1,1777024441.638954,136.98,Game,1,Predictable,89.11,0,,,4,,,130,Sound,,,
0,FORT,,1,1777024441.638954,136.99,Game,1,Predictable,89.12,0,,,4,,,130,Sound,,,
0,FORT,,1,1777024441.638954,137.01,Game,1,Predictable,89.14,0,,,4,,,130,Sound,,,
0,FORT,,1,1777024441.638954,137.02,Game,1,Predictable,89.15,0,,,4,,,130,Sound,,,
0,FORT,,1,1777024441.638954,137.03,Game,1,Predictable,89.16,0,,,4,,,130,Sound,,,
0,FORT,,1,1777024441.638954,137.04,Game,1,Predictable,89.17,0,,,4,,,130,Sound,,,
0,FORT,,1,1777024441.638954,137.06,Game,1,Predictable,89.19,0,,,4,,,130,Sound,,,
0,FORT,,1,1777024441.638954,137.07,Game,1,Predictable,89.2,0,,,4,,,130,Sound,,,
0,FORT,,1,1777024441.638954,137.08,Game,1,Predictable,89.21,0,,,4,,,130,Sound,,,
0,FORT,,1,1777024441.638954,137.09,Game,1,Predictable,89.22,0,,,4,,,130,Sound,,,
0,FORT,,1,1777024441.638954,137.1,Game,1,Predictable,89.23,0,,,4,,,130,Sound,,,
0,FORT,,1,1777024441.638954,137.13,Game,1,Predictable,89.24,0,,,4,,,130,Sound,,,
0,FORT,,1,1777024441.638954,137.14,Game,1,Predictable,89.27,0,,,4,,,130,Sound,,,
0,FORT,,1,1777024441.638954,137.16,Game,1,Predictable,89.29,0,,,4,,,130,Sound,,,
0,FORT,,1,1777024441.638954,137.17,Game,1,Predictable,89.3,0,,,4,,,130,Sound,,,
0,FORT,,1,1777024441.638954,137.18,Game,1,Predictable,89.31,0,,,4,,,130,Sound,,,
0,FORT,,1,1777024441.638954,137.19,Game,1,Predictable,89.32,0,,,4,,,130,Sound,,,
0,FORT,,1,1777024441.638954,137.21,Game,1,Predictable,89.34,0,,,4,,,130,Sound,,,
0,FORT,,1,1777024441.638954,137.22,Game,1,Predictable,89.35,0,,,4,,,130,Sound,,,
0,FORT,,1,1777024441.638954,137.23,Game,1,Predictable,89.36,0,,,4,,,130,Sound,,,
0,FORT,,1,1777024441.638954,137.24,Game,1,Predictable,89.38,0,,,4,,,130,Sound,,,
0,FORT,,1,1777024441.638954,137.26,Game,1,Predictable,89.39,0,,,4,,,130,Sound,,,
0,FORT,,1,1777024441.638954,137.27,Game,1,Predictable,89.4,0,,,4,,,130,Sound,,,
0,FORT,,1,1777024441.638954,137.29,Game,1,Predictable,89.41,0,,,4,,,130,Sound,,,
0,FORT,,1,1777024441.638954,137.31,Game,1,Predictable,89.44,0,,,4,,,130,Sound,,,
0,FORT,,1,1777024441.638954,137.33,Game,1,Predictable,89.46,0,,,4,,,130,Sound,,,
0,FORT,,1,1777024441.638954,137.34,Game,1,Predictable,89.47,0,,,4,,,130,Sound,,,
0,FORT,,1,1777024441.638954,137.35,Game,1,Predictable,89.48,0,,,4,,,130,Sound,,,
0,FORT,,1,1777024441.638954,137.36,Game,1,Predictable,89.5,0,,,4,,,130,Sound,,,
0,FORT,,1,1777024441.638954,137.38,Game,1,Predictable,89.51,0,,,4,,,130,Sound,,,
0,FORT,,1,1777024441.638954,137.39,Game,1,Predictable,89.52,0,,,4,,,130,Sound,,,
0,FORT,,1,1777024441.638954,137.4,Game,1,Predictable,89.53,0,,,4,,,130,Sound,,,
0,FORT,,1,1777024441.638954,137.41,Game,1,Predictable,89.55,0,,,4,,,130,Sound,,,
0,FORT,,1,1777024441.638954,137.43,Game,1,Predictable,89.56,0,,,4,,,130,Sound,,,
0,FORT,,1,1777024441.638954,137.44,Game,1,Predictable,89.57,0,,,4,,,130,Sound,,,
0,FORT,,1,1777024441.638954,137.45,Game,1,Predictable,89.58,0,,,4,,,130,Sound,,,
0,FORT,,1,1777024441.638954,137.46,Game,1,Predictable,89.59,0,,,4,,,130,Sound,,,
0,FORT,,1,1777024441.638954,137.47,Game,1,Predictable,89.6,0,,,4,,,130,Sound,,,
0,FORT,,1,1777024441.638954,137.48,Game,1,Predictable,89.61,0,,,4,,,130,Sound,,,
0,FORT,,1,1777024441.638954,137.49,Game,1,Predictable,89.63,0,,,4,,,130,Sound,,,
0,FORT,,1,1777024441.638954,137.51,Game,1,Predictable,89.64,0,,,4,,,130,Sound,,,
0,FORT,,1,1777024441.638954,137.52,Game,1,Predictable,89.65,0,,,4,,,130,Sound,,,
0,FORT,,1,1777024441.638954,137.53,Game,1,Predictable,89.66,0,,,4,,,130,Sound,,,
0,FORT,,1,1777024441.638954,137.54,Game,1,Predictable,89.67,0,,,4,,,130,Sound,,,
0,FORT,,1,1777024441.638954,137.56,Game,1,Predictable,89.69,0,,,4,,,130,Sound,,,
0,FORT,,1,1777024441.638954,137.57,Game,1,Predictable,89.7,0,,,4,,,130,Sound,,,
0,FORT,,1,1777024441.638954,137.58,Game,1,Predictable,89.71,0,,,4,,,130,Sound,,,
0,FORT,,1,1777024441.638954,137.59,Game,1,Predictable,89.72,0,,,4,,,130,Sound,,,
0,FORT,,1,1777024441.638954,137.61,Game,1,Predictable,89.74,0,,,4,,,130,Sound,,,
0,FORT,,1,1777024441.638954,137.62,Game,1,Predictable,89.75,0,,,4,,,130,Sound,,,
0,FORT,,1,1777024441.638954,137.63,Game,1,Predictable,89.76,0,,,4,,,130,Sound,,,
0,FORT,,1,1777024441.638954,137.64,Game,1,Predictable,89.77,0,,,4,,,130,Sound,,,
0,FORT,,1,1777024441.638954,137.65,Game,1,Predictable,89.78,0,,,4,,,130,Sound,,,
0,FORT,,1,1777024441.638954,137.66,Game,1,Predictable,89.79,0,,,4,,,130,Sound,,,
0,FORT,,1,1777024441.638954,137.67,Game,1,Predictable,89.8,0,,,4,,,130,Sound,,,
0,FORT,,1,1777024441.638954,137.68,Game,1,Predictable,89.82,0,,,4,,,130,Sound,,,
0,FORT,,1,1777024441.638954,137.7,Game,1,Predictable,89.83,0,,,4,,,130,Sound,,,
0,FORT,,1,1777024441.638954,137.72,Game,1,Predictable,89.84,0,,,4,,,130,Sound,,,
0,FORT,,1,1777024441.638954,137.73,Game,1,Predictable,89.86,0,,,4,,,130,Sound,,,
0,FORT,,1,1777024441.638954,137.75,Game,1,Predictable,89.88,0,,,4,,,130,Sound,,,
0,FORT,,1,1777024441.638954,137.76,Game,1,Predictable,89.9,0,,,4,,,130,Sound,,,
0,FORT,,1,1777024441.638954,137.78,Game,1,Predictable,89.91,0,,,4,,,130,Sound,,,
0,FORT,,1,1777024441.638954,137.79,Game,1,Predictable,89.92,0,,,4,,,130,Sound,,,
0,FORT,,1,1777024441.638954,137.8,Game,1,Predictable,89.93,0,,,4,,,130,Sound,,,
0,FORT,,1,1777024441.638954,137.81,Game,1,Predictable,89.94,0,,,4,,,130,Sound,,,
0,FORT,,1,1777024441.638954,137.83,Game,1,Predictable,89.96,0,,,4,,,130,Sound,,,
0,FORT,,1,1777024441.638954,137.84,Game,1,Predictable,89.97,0,,,4,,,130,Sound,,,
0,FORT,,1,1777024441.638954,137.85,Game,1,Predictable,89.98,0,,,4,,,130,Sound,,,
0,FORT,,1,1777024441.638954,137.86,Game,1,Predictable,90.0,0,,,4,,,130,Sound,,,
0,FORT,,1,1777024441.638954,137.88,Game,1,Predictable,90.01,0,,,4,,,130,Sound,,,
0,FORT,,1,1777024441.638954,137.89,Game,1,Predictable,90.02,0,,,4,,,130,Sound,,,
0,FORT,,1,1777024441.638954,137.9,Game,1,Predictable,90.03,0,,,4,,,130,Sound,,,
0,FORT,,1,1777024441.638954,137.91,Game,1,Predictable,90.05,0,,,4,,,130,Sound,,,
0,FORT,,1,1777024441.638954,137.93,Game,1,Predictable,90.06,0,,,4,,,130,Sound,,,
0,FORT,,1,1777024441.638954,137.94,Game,1,Predictable,90.07,0,,,4,,,130,Sound,,,
0,FORT,,1,1777024441.638954,137.95,Game,1,Predictable,90.08,0,,,4,,,130,Sound,,,
0,FORT,,1,1777024441.638954,137.97,Game,1,Predictable,90.1,0,,,4,,,130,Sound,,,
0,FORT,,1,1777024441.638954,137.99,Game,1,Predictable,90.11,0,,,4,,,130,Sound,,,
0,FORT,,1,1777024441.638954,138.01,Game,1,Predictable,90.14,0,,,4,,,130,Sound,,,
0,FORT,,1,1777024441.638954,138.03,Game,1,Predictable,90.16,0,,,4,,,130,Sound,,,
0,FORT,,1,1777024441.638954,138.04,Game,1,Predictable,90.17,0,,,4,,,130,Sound,,,
0,FORT,,1,1777024441.638954,138.06,Game,1,Predictable,90.19,0,,,4,,,130,Sound,,,
0,FORT,,1,1777024441.638954,138.07,Game,1,Predictable,90.2,0,,,4,,,130,Sound,,,
0,FORT,,1,1777024441.638954,138.08,Game,1,Predictable,90.21,0,,,4,,,130,Sound,,,
0,FORT,,1,1777024441.638954,138.09,Game,1,Predictable,90.23,0,,,4,,,130,Sound,,,
0,FORT,,1,1777024441.638954,138.11,Game,1,Predictable,90.24,0,,,4,,,130,Sound,,,
0,FORT,,1,1777024441.638954,138.12,Game,1,Predictable,90.25,0,,,4,,,130,Sound,,,
0,FORT,,1,1777024441.638954,138.13,Game,1,Predictable,90.26,0,,,4,,,130,Sound,,,
0,FORT,,1,1777024441.638954,138.15,Game,1,Predictable,90.28,0,,,4,,,130,Sound,,,
0,FORT,,1,1777024441.638954,138.16,Game,1,Predictable,90.29,0,,,4,,,130,Sound,,,
0,FORT,,1,1777024441.638954,138.18,Game,1,Predictable,90.31,0,,,4,,,130,Sound,,,
0,FORT,,1,1777024441.638954,138.19,Game,1,Predictable,90.32,0,,,4,,,130,Sound,,,
0,FORT,,1,1777024441.638954,138.21,Game,1,Predictable,90.34,0,,,4,,,130,Sound,,,
0,FORT,,1,1777024441.638954,138.22,Game,1,Predictable,90.35,0,,,4,,,130,Sound,,,
0,FORT,,1,1777024441.638954,138.24,Game,1,Predictable,90.37,0,,,4,,,130,Sound,,,
0,FORT,,1,1777024441.638954,138.25,Game,1,Predictable,90.38,0,,,4,,,130,Sound,,,
0,FORT,,1,1777024441.638954,138.26,Game,1,Predictable,90.39,0,,,4,,,130,Sound,,,
0,FORT,,1,1777024441.638954,138.28,Game,1,Predictable,90.41,0,,,4,,,130,Sound,,,
0,FORT,,1,1777024441.638954,138.29,Game,1,Predictable,90.42,0,,,4,,,130,Sound,,,
0,FORT,,1,1777024441.638954,138.3,Game,1,Predictable,90.43,0,,,4,,,130,Sound,,,
0,FORT,,1,1777024441.638954,138.31,Game,1,Predictable,90.45,0,,,4,,,130,Sound,,,
0,FORT,,1,1777024441.638954,138.33,Game,1,Predictable,90.46,0,,,4,,,130,Sound,,,
0,FORT,,1,1777024441.638954,138.34,Game,1,Predictable,90.47,0,,,4,,,130,Sound,,,
0,FORT,,1,1777024441.638954,138.35,Game,1,Predictable,90.48,0,,,4,,,130,Sound,,,
0,FORT,,1,1777024441.638954,138.36,Game,1,Predictable,90.49,0,,,4,,,130,Sound,,,
0,FORT,,1,1777024441.638954,138.38,Game,1,Predictable,90.51,0,,,4,,,130,Sound,,,
0,FORT,,1,1777024441.638954,138.39,Game,1,Predictable,90.52,0,,,4,,,130,Sound,,,
0,FORT,,1,1777024441.638954,138.4,Game,1,Predictable,90.53,0,,,4,,,130,Sound,,,
0,FORT,,1,1777024441.638954,138.41,Game,1,Predictable,90.54,0,,,4,,,130,Sound,,,
0,FORT,,1,1777024441.638954,138.43,Game,1,Predictable,90.56,0,,,4,,,130,Sound,,,
0,FORT,,1,1777024441.638954,138.44,Game,1,Predictable,90.57,0,,,4,,,130,Sound,,,
0,FORT,,1,1777024441.638954,138.45,Game,1,Predictable,90.58,0,,,4,,,130,Sound,,,
0,FORT,,1,1777024441.638954,138.46,Game,1,Predictable,90.59,0,,,4,,,130,Sound,,,
0,FORT,,1,1777024441.638954,138.48,Game,1,Predictable,90.61,0,,,4,,,130,Sound,,,
0,FORT,,1,1777024441.638954,138.49,Game,1,Predictable,90.62,0,,,4,,,130,Sound,,,
0,FORT,,1,1777024441.638954,138.5,Game,1,Predictable,90.63,0,,,4,,,130,Sound,,,
0,FORT,,1,1777024441.638954,138.51,Game,1,Predictable,90.64,0,,,4,,,130,Sound,,,
0,FORT,,1,1777024441.638954,138.53,Game,1,Predictable,90.66,0,,,4,,,130,Sound,,,
0,FORT,,1,1777024441.638954,138.54,Game,1,Predictable,90.67,0,,,4,,,130,Sound,,,
0,FORT,,1,1777024441.638954,138.55,Game,1,Predictable,90.68,0,,,4,,,130,Sound,,,
0,FORT,,1,1777024441.638954,138.56,Game,1,Predictable,90.69,0,,,4,,,130,Sound,,,
0,FORT,,1,1777024441.638954,138.58,Game,1,Predictable,90.71,0,,,4,,,130,Sound,,,
0,FORT,,1,1777024441.638954,138.59,Game,1,Predictable,90.72,0,,,4,,,130,Sound,,,
0,FORT,,1,1777024441.638954,138.6,Game,1,Predictable,90.73,0,,,4,,,130,Sound,,,
0,FORT,,1,1777024441.638954,138.61,Game,1,Predictable,90.74,0,,,4,,,130,Sound,,,
0,FORT,,1,1777024441.638954,138.63,Game,1,Predictable,90.76,0,,,4,,,130,Sound,,,
0,FORT,,1,1777024441.638954,138.64,Game,1,Predictable,90.77,0,,,4,,,130,Sound,,,
0,FORT,,1,1777024441.638954,138.65,Game,1,Predictable,90.78,0,,,4,,,130,Sound,,,
0,FORT,,1,1777024441.638954,138.66,Game,1,Predictable,90.8,0,,,4,,,130,Sound,,,
0,FORT,,1,1777024441.638954,138.68,Game,1,Predictable,90.81,0,,,4,,,130,Sound,,,
0,FORT,,1,1777024441.638954,138.69,Game,1,Predictable,90.82,0,,,4,,,130,Sound,,,
0,FORT,,1,1777024441.638954,138.7,Game,1,Predictable,90.83,0,,,4,,,130,Sound,,,
0,FORT,,1,1777024441.638954,138.71,Game,1,Predictable,90.84,0,,,4,,,130,Sound,,,
0,FORT,,1,1777024441.638954,138.73,Game,1,Predictable,90.86,0,,,4,,,130,Sound,,,
0,FORT,,1,1777024441.638954,138.74,Game,1,Predictable,90.87,0,,,4,,,130,Sound,,,
0,FORT,,1,1777024441.638954,138.75,Game,1,Predictable,90.88,0,,,4,,,130,Sound,,,
0,FORT,,1,1777024441.638954,138.76,Game,1,Predictable,90.89,0,,,4,,,130,Sound,,,
0,FORT,,1,1777024441.638954,138.78,Game,1,Predictable,90.91,0,,,4,,,130,Sound,,,
0,FORT,,1,1777024441.638954,138.79,Game,1,Predictable,90.92,0,,,4,,,130,Sound,,,
0,FORT,,1,1777024441.638954,138.8,Game,1,Predictable,90.93,0,,,4,,,130,Sound,,,
0,FORT,,1,1777024441.638954,138.81,Game,1,Predictable,90.94,0,,,4,,,130,Sound,,,
0,FORT,,1,1777024441.638954,138.83,Game,1,Predictable,90.96,0,,,4,,,130,Sound,,,
0,FORT,,1,1777024441.638954,138.84,Game,1,Predictable,90.97,0,,,4,,,130,Sound,,,
0,FORT,,1,1777024441.638954,138.86,Game,1,Predictable,90.99,0,,,4,,,130,Sound,,,
0,FORT,,1,1777024441.638954,138.87,Game,1,Predictable,91.0,0,,,4,,,130,Sound,,,
0,FORT,,1,1777024441.638954,138.89,Game,1,Predictable,91.01,0,,,4,,,130,Sound,,,
0,FORT,,1,1777024441.638954,138.91,Game,1,Predictable,91.04,0,,,4,,,130,Sound,,,
0,FORT,,1,1777024441.638954,138.92,Game,1,Predictable,91.05,0,,,4,,,130,Sound,,,
0,FORT,,1,1777024441.638954,138.94,Game,1,Predictable,91.07,0,,,4,,,130,Sound,,,
0,FORT,,1,1777024441.638954,138.95,Game,1,Predictable,91.08,0,,,4,,,130,Sound,,,
0,FORT,,1,1777024441.638954,138.96,Game,1,Predictable,91.09,0,,,4,,,130,Sound,,,
0,FORT,,1,1777024441.638954,138.97,Game,1,Predictable,91.1,0,,,4,,,130,Sound,,,
0,FORT,,1,1777024441.638954,138.98,Game,1,Predictable,91.12,0,,,4,,,130,Sound,,,
0,FORT,,1,1777024441.638954,139.0,Game,1,Predictable,91.13,0,,,4,,,130,Sound,,,
0,FORT,,1,1777024441.638954,139.01,Game,1,Predictable,91.14,0,,,4,,,130,Sound,,,
0,FORT,,1,1777024441.638954,139.02,Game,1,Predictable,91.15,0,,,4,,,130,Sound,,,
0,FORT,,1,1777024441.638954,139.03,Game,1,Predictable,91.17,0,,,4,,,130,Sound,,,
0,FORT,,1,1777024441.638954,139.05,Game,1,Predictable,91.18,0,,,4,,,130,Sound,,,
0,FORT,,1,1777024441.638954,139.06,Game,1,Predictable,91.19,0,,,4,,,130,Sound,,,
0,FORT,,1,1777024441.638954,139.07,Game,1,Predictable,91.2,0,,,4,,,130,Sound,,,
0,FORT,,1,1777024441.638954,139.08,Game,1,Predictable,91.22,0,,,4,,,130,Sound,,,
0,FORT,,1,1777024441.638954,139.09,Game,1,Predictable,91.23,0,,,4,,,130,Sound,,,
0,FORT,,1,1777024441.638954,139.11,Game,1,Predictable,91.24,0,,,4,,,130,Sound,,,
0,FORT,,1,1777024441.638954,139.12,Game,1,Predictable,91.25,0,,,4,,,130,Sound,,,
0,FORT,,1,1777024441.638954,139.13,Game,1,Predictable,91.26,0,,,4,,,130,Sound,,,
0,FORT,,1,1777024441.638954,139.14,Game,1,Predictable,91.27,0,,,4,,,130,Sound,,,
0,FORT,,1,1777024441.638954,139.15,Game,1,Predictable,91.28,0,,,4,,,130,Sound,,,
0,FORT,,1,1777024441.638954,139.16,Game,1,Predictable,91.29,0,,,4,,,130,Sound,,,
0,FORT,,1,1777024441.638954,139.18,Game,1,Predictable,91.31,0,,,4,,,130,Sound,,,
0,FORT,,1,1777024441.638954,139.19,Game,1,Predictable,91.32,0,,,4,,,130,Sound,,,
0,FORT,,1,1777024441.638954,139.2,Game,1,Predictable,91.33,0,,,4,,,130,Sound,,,
0,FORT,,1,1777024441.638954,139.21,Game,1,Predictable,91.34,0,,,4,,,130,Sound,,,
0,FORT,,1,1777024441.638954,139.22,Game,1,Predictable,91.35,0,,,4,,,130,Sound,,,
0,FORT,,1,1777024441.638954,139.23,Game,1,Predictable,91.37,0,,,4,,,130,Sound,,,
0,FORT,,1,1777024441.638954,139.25,Game,1,Predictable,91.38,0,,,4,,,130,Sound,,,
0,FORT,,1,1777024441.638954,139.26,Game,1,Predictable,91.39,0,,,4,,,130,Sound,,,
0,FORT,,1,1777024441.638954,139.27,Game,1,Predictable,91.4,0,,,4,,,130,Sound,,,
0,FORT,,1,1777024441.638954,139.28,Game,1,Predictable,91.42,0,,,4,,,130,Sound,,,
0,FORT,,1,1777024441.638954,139.29,Game,1,Predictable,91.43,0,,,4,,,130,Sound,,,
0,FORT,,1,1777024441.638954,139.31,Game,1,Predictable,91.44,0,,,4,,,130,Sound,,,
0,FORT,,1,1777024441.638954,139.32,Game,1,Predictable,91.45,0,,,4,,,130,Sound,,,
0,FORT,,1,1777024441.638954,139.33,Game,1,Predictable,91.46,0,,,4,,,130,Sound,,,
0,FORT,,1,1777024441.638954,139.34,Game,1,Predictable,91.47,0,,,4,,,130,Sound,,,
0,FORT,,1,1777024441.638954,139.35,Game,1,Predictable,91.48,0,,,4,,,130,Sound,,,
0,FORT,,1,1777024441.638954,139.38,Game,1,Predictable,91.49,0,,,4,,,130,Sound,,,
0,FORT,,1,1777024441.638954,139.39,Game,1,Predictable,91.52,0,,,4,,,130,Sound,,,
0,FORT,,1,1777024441.638954,139.41,Game,1,Predictable,91.54,0,,,4,,,130,Sound,,,
0,FORT,,1,1777024441.638954,139.42,Game,1,Predictable,91.55,0,,,4,,,130,Sound,,,
0,FORT,,1,1777024441.638954,139.43,Game,1,Predictable,91.56,0,,,4,,,130,Sound,,,
0,FORT,,1,1777024441.638954,139.44,Game,1,Predictable,91.57,0,,,4,,,130,Sound,,,
0,FORT,,1,1777024441.638954,139.45,Game,1,Predictable,91.58,0,,,4,,,130,Sound,,,
0,FORT,,1,1777024441.638954,139.46,Game,1,Predictable,91.59,0,,,4,,,130,Sound,,,
0,FORT,,1,1777024441.638954,139.47,Game,1,Predictable,91.6,0,,,4,,,130,Sound,,,
0,FORT,,1,1777024441.638954,139.48,Game,1,Predictable,91.62,0,,,4,,,130,Sound,,,
0,FORT,,1,1777024441.638954,139.49,Game,1,Predictable,91.63,0,,,4,,,130,Sound,,,
0,FORT,,1,1777024441.638954,139.51,Game,1,Predictable,91.64,0,,,4,,,130,Sound,,,
0,FORT,,1,1777024441.638954,139.52,Game,1,Predictable,91.65,0,,,4,,,130,Sound,,,
0,FORT,,1,1777024441.638954,139.53,Game,1,Predictable,91.66,0,,,4,,,130,Sound,,,
0,FORT,,1,1777024441.638954,139.54,Game,1,Predictable,91.67,0,,,4,,,130,Sound,,,
0,FORT,,1,1777024441.638954,139.55,Game,1,Predictable,91.68,0,,,4,,,130,Sound,,,
0,FORT,,1,1777024441.638954,139.56,Game,1,Predictable,91.69,0,,,4,,,130,Sound,,,
0,FORT,,1,1777024441.638954,139.57,Game,1,Predictable,91.7,0,,,4,,,130,Sound,,,
0,FORT,,1,1777024441.638954,139.58,Game,1,Predictable,91.71,0,,,4,,,130,Sound,,,
0,FORT,,1,1777024441.638954,139.59,Game,1,Predictable,91.73,0,,,4,,,130,Sound,,,
0,FORT,,1,1777024441.638954,139.61,Game,1,Predictable,91.74,0,,,4,,,130,Sound,,,
0,FORT,,1,1777024441.638954,139.62,Game,1,Predictable,91.75,0,,,4,,,130,Sound,,,
0,FORT,,1,1777024441.638954,139.63,Game,1,Predictable,91.76,0,,,4,,,130,Sound,,,
0,FORT,,1,1777024441.638954,139.64,Game,1,Predictable,91.77,0,,,4,,,130,Sound,,,
0,FORT,,1,1777024441.638954,139.65,Game,1,Predictable,91.78,0,,,4,,,130,Sound,,,
0,FORT,,1,1777024441.638954,139.66,Game,1,Predictable,91.79,0,,,4,,,130,Sound,,,
0,FORT,,1,1777024441.638954,139.67,Game,1,Predictable,91.8,0,,,4,,,130,Sound,,,
0,FORT,,1,1777024441.638954,139.68,Game,1,Predictable,91.81,0,,,4,,,130,Sound,,,
0,FORT,,1,1777024441.638954,139.69,Game,1,Predictable,91.83,0,,,4,,,130,Sound,,,
0,FORT,,1,1777024441.638954,139.71,Game,1,Predictable,91.84,0,,,4,,,130,Sound,,,
0,FORT,,1,1777024441.638954,139.72,Game,1,Predictable,91.85,0,,,4,,,130,Sound,,,
0,FORT,,1,1777024441.638954,139.73,Game,1,Predictable,91.86,0,,,4,,,130,Sound,,,
0,FORT,,1,1777024441.638954,139.74,Game,1,Predictable,91.87,0,,,4,,,130,Sound,,,
0,FORT,,1,1777024441.638954,139.75,Game,1,Predictable,91.88,0,,,4,,,130,Sound,,,
0,FORT,,1,1777024441.638954,139.76,Game,1,Predictable,91.89,0,,,4,,,130,Sound,,,
0,FORT,,1,1777024441.638954,139.77,Game,1,Predictable,91.9,0,,,4,,,130,Sound,,,
0,FORT,,1,1777024441.638954,139.78,Game,1,Predictable,91.91,0,,,4,,,130,Sound,,,
0,FORT,,1,1777024441.638954,139.79,Game,1,Predictable,91.93,0,,,4,,,130,Sound,,,
0,FORT,,1,1777024441.638954,139.81,Game,1,Predictable,91.94,0,,,4,,,130,Sound,,,
0,FORT,,1,1777024441.638954,139.82,Game,1,Predictable,91.95,0,,,4,,,130,Sound,,,
0,FORT,,1,1777024441.638954,139.83,Game,1,Predictable,91.96,0,,,4,,,130,Sound,,,
0,FORT,,1,1777024441.638954,139.84,Game,1,Predictable,91.97,0,,,4,,,130,Sound,,,
0,FORT,,1,1777024441.638954,139.85,Game,1,Predictable,91.98,0,,,4,,,130,Sound,,,
0,FORT,,1,1777024441.638954,139.86,Game,1,Predictable,91.99,0,,,4,,,130,Sound,,,
0,FORT,,1,1777024441.638954,139.87,Game,1,Predictable,92.0,0,,,4,,,130,Sound,,,
0,FORT,,1,1777024441.638954,139.88,Game,1,Predictable,92.02,0,,,4,,,130,Sound,,,
0,FORT,,1,1777024441.638954,139.9,Game,1,Predictable,92.03,0,,,4,,,130,Sound,,,
0,FORT,,1,1777024441.638954,139.91,Game,1,Predictable,92.04,0,,,4,,,130,Sound,,,
0,FORT,,1,1777024441.638954,139.92,Game,1,Predictable,92.05,0,,,4,,,130,Sound,,,
0,FORT,,1,1777024441.638954,139.93,Game,1,Predictable,92.07,0,,,4,,,130,Sound,,,
0,FORT,,1,1777024441.638954,139.94,Game,1,Predictable,92.08,0,,,4,,,130,Sound,,,
0,FORT,,1,1777024441.638954,139.96,Game,1,Predictable,92.09,0,,,4,,,130,Sound,,,
0,FORT,,1,1777024441.638954,139.97,Game,1,Predictable,92.1,0,,,4,,,130,Sound,,,
0,FORT,,1,1777024441.638954,139.98,Game,1,Predictable,92.11,0,,,4,,,130,Sound,,,
0,FORT,,1,1777024441.638954,139.99,Game,1,Predictable,92.12,0,,,4,,,130,Sound,,,
0,FORT,,1,1777024441.638954,140.0,Game,1,Predictable,92.13,0,,,4,,,130,Sound,,,
0,FORT,,1,1777024441.638954,140.03,Game,1,Predictable,92.14,0,,,4,,,130,Sound,,,
0,FORT,,1,1777024441.638954,140.04,Game,1,Predictable,92.17,0,,,4,,,130,Sound,,,
0,FORT,,1,1777024441.638954,140.06,Game,1,Predictable,92.19,0,,,4,,,130,Sound,,,
0,FORT,,1,1777024441.638954,140.07,Game,1,Predictable,92.2,0,,,4,,,130,Sound,,,
0,FORT,,1,1777024441.638954,140.09,Game,1,Predictable,92.21,0,,,4,,,130,Sound,,,
0,FORT,,1,1777024441.638954,140.11,Game,1,Predictable,92.24,0,,,4,,,130,Sound,,,
0,FORT,,1,1777024441.638954,140.12,Game,1,Predictable,92.25,0,,,4,,,130,Sound,,,
0,FORT,,1,1777024441.638954,140.14,Game,1,Predictable,92.26,0,,,4,,,130,Sound,,,
0,FORT,,1,1777024441.638954,140.16,Game,1,Predictable,92.29,0,,,4,,,130,Sound,,,
0,FORT,,1,1777024441.638954,140.17,Game,1,Predictable,92.3,0,,,4,,,130,Sound,,,
0,FORT,,1,1777024441.638954,140.19,Game,1,Predictable,92.32,0,,,4,,,130,Sound,,,
0,FORT,,1,1777024441.638954,140.21,Game,1,Predictable,92.33,0,,,4,,,130,Sound,,,
0,FORT,,1,1777024441.638954,140.23,Game,1,Predictable,92.36,0,,,4,,,130,Sound,,,
0,FORT,,1,1777024441.638954,140.24,Game,1,Predictable,92.37,0,,,4,,,130,Sound,,,
0,FORT,,1,1777024441.638954,140.25,Game,1,Predictable,92.38,0,,,4,,,130,Sound,,,
0,FORT,,1,1777024441.638954,140.26,Game,1,Predictable,92.39,0,,,4,,,130,Sound,,,
0,FORT,,1,1777024441.638954,140.28,Game,1,Predictable,92.41,0,,,4,,,130,Sound,,,
0,FORT,,1,1777024441.638954,140.29,Game,1,Predictable,92.42,0,,,4,,,130,Sound,,,
0,FORT,,1,1777024441.638954,140.3,Game,1,Predictable,92.43,0,,,4,,,130,Sound,,,
0,FORT,,1,1777024441.638954,140.31,Game,1,Predictable,92.44,0,,,4,,,130,Sound,,,
0,FORT,,1,1777024441.638954,140.33,Game,1,Predictable,92.46,0,,,4,,,130,Sound,,,
0,FORT,,1,1777024441.638954,140.34,Game,1,Predictable,92.47,0,,,4,,,130,Sound,,,
0,FORT,,1,1777024441.638954,140.35,Game,1,Predictable,92.48,0,,,4,,,130,Sound,,,
0,FORT,,1,1777024441.638954,140.38,Game,1,Predictable,92.49,0,,,4,,,130,Sound,,,
0,FORT,,1,1777024441.638954,140.39,Game,1,Predictable,92.52,0,,,4,,,130,Sound,,,
0,FORT,,1,1777024441.638954,140.41,Game,1,Predictable,92.54,0,,,4,,,130,Sound,,,
0,FORT,,1,1777024441.638954,140.42,Game,1,Predictable,92.55,0,,,4,,,130,Sound,,,
0,FORT,,1,1777024441.638954,140.43,Game,1,Predictable,92.56,0,,,4,,,130,Sound,,,
0,FORT,,1,1777024441.638954,140.44,Game,1,Predictable,92.57,0,,,4,,,130,Sound,,,
0,FORT,,1,1777024441.638954,140.45,Game,1,Predictable,92.58,0,,,4,,,130,Sound,,,
0,FORT,,1,1777024441.638954,140.46,Game,1,Predictable,92.59,0,,,4,,,130,Sound,,,
0,FORT,,1,1777024441.638954,140.47,Game,1,Predictable,92.6,0,,,4,,,130,Sound,,,
0,FORT,,1,1777024441.638954,140.48,Game,1,Predictable,92.62,0,,,4,,,130,Sound,,,
0,FORT,,1,1777024441.638954,140.49,Game,1,Predictable,92.63,0,,,4,,,130,Sound,,,
0,FORT,,1,1777024441.638954,140.51,Game,1,Predictable,92.64,0,,,4,,,130,Sound,,,
0,FORT,,1,1777024441.638954,140.52,Game,1,Predictable,92.65,0,,,4,,,130,Sound,,,
0,FORT,,1,1777024441.638954,140.53,Game,1,Predictable,92.66,0,,,4,,,130,Sound,,,
0,FORT,,1,1777024441.638954,140.54,Game,1,Predictable,92.67,0,,,4,,,130,Sound,,,
0,FORT,,1,1777024441.638954,140.55,Game,1,Predictable,92.68,0,,,4,,,130,Sound,,,
0,FORT,,1,1777024441.638954,140.56,Game,1,Predictable,92.69,0,,,4,,,130,Sound,,,
0,FORT,,1,1777024441.638954,140.57,Game,1,Predictable,92.7,0,,,4,,,130,Sound,,,
0,FORT,,1,1777024441.638954,140.58,Game,1,Predictable,92.72,0,,,4,,,130,Sound,,,
0,FORT,,1,1777024441.638954,140.59,Game,1,Predictable,92.73,0,,,4,,,130,Sound,,,
0,FORT,,1,1777024441.638954,140.61,Game,1,Predictable,92.74,0,,,4,,,130,Sound,,,
0,FORT,,1,1777024441.638954,140.62,Game,1,Predictable,92.75,0,,,4,,,130,Sound,,,
0,FORT,,1,1777024441.638954,140.63,Game,1,Predictable,92.76,0,,,4,,,130,Sound,,,
0,FORT,,1,1777024441.638954,140.64,Game,1,Predictable,92.77,0,,,4,,,130,Sound,,,
0,FORT,,1,1777024441.638954,140.65,Game,1,Predictable,92.78,0,,,4,,,130,Sound,,,
0,FORT,,1,1777024441.638954,140.66,Game,1,Predictable,92.79,0,,,4,,,130,Sound,,,
0,FORT,,1,1777024441.638954,140.67,Game,1,Predictable,92.8,0,,,4,,,130,Sound,,,
0,FORT,,1,1777024441.638954,140.68,Game,1,Predictable,92.82,0,,,4,,,130,Sound,,,
0,FORT,,1,1777024441.638954,140.69,Game,1,Predictable,92.83,0,,,4,,,130,Sound,,,
0,FORT,,1,1777024441.638954,140.71,Game,1,Predictable,92.84,0,,,4,,,130,Sound,,,
0,FORT,,1,1777024441.638954,140.72,Game,1,Predictable,92.85,0,,,4,,,130,Sound,,,
0,FORT,,1,1777024441.638954,140.73,Game,1,Predictable,92.86,0,,,4,,,130,Sound,,,
0,FORT,,1,1777024441.638954,140.74,Game,1,Predictable,92.87,0,,,4,,,130,Sound,,,
0,FORT,,1,1777024441.638954,140.75,Game,1,Predictable,92.88,0,,,4,,,130,Sound,,,
0,FORT,,1,1777024441.638954,140.76,Game,1,Predictable,92.89,0,,,4,,,130,Sound,,,
0,FORT,,1,1777024441.638954,140.77,Game,1,Predictable,92.9,0,,,4,,,130,Sound,,,
0,FORT,,1,1777024441.638954,140.78,Game,1,Predictable,92.92,0,,,4,,,130,Sound,,,
0,FORT,,1,1777024441.638954,140.79,Game,1,Predictable,92.93,0,,,4,,,130,Sound,,,
0,FORT,,1,1777024441.638954,140.81,Game,1,Predictable,92.94,0,,,4,,,130,Sound,,,
0,FORT,,1,1777024441.638954,140.82,Game,1,Predictable,92.95,0,,,4,,,130,Sound,,,
0,FORT,,1,1777024441.638954,140.84,Game,1,Predictable,92.96,0,,,4,,,130,Sound,,,
0,FORT,,1,1777024441.638954,140.86,Game,1,Predictable,92.99,0,,,4,,,130,Sound,,,
0,FORT,,1,1777024441.638954,140.87,Game,1,Predictable,93.0,0,,,4,,,130,Sound,,,
0,FORT,,1,1777024441.638954,140.88,Game,1,Predictable,93.02,0,,,4,,,130,Sound,,,
0,FORT,,1,1777024441.638954,140.91,Game,1,Predictable,93.03,0,,,4,,,130,Sound,,,
0,FORT,,1,1777024441.638954,140.94,Game,1,Predictable,93.05,0,,,4,,,130,Sound,,,
0,FORT,,1,1777024441.638954,141.0,Game,1,Predictable,93.1,0,,,4,,,130,Sound,,,
0,FORT,,1,1777024441.638954,141.03,Game,1,Predictable,93.15,0,,,4,,,130,Sound,,,
0,FORT,,1,1777024441.638954,141.05,Game,1,Predictable,93.18,0,,,4,,,130,Sound,,,
0,FORT,,1,1777024441.638954,141.06,Game,1,Predictable,93.19,0,,,4,,,130,Sound,,,
0,FORT,,1,1777024441.638954,141.07,Game,1,Predictable,93.2,0,,,4,,,130,Sound,,,
0,FORT,,1,1777024441.638954,141.08,Game,1,Predictable,93.22,0,,,4,,,130,Sound,,,
0,FORT,,1,1777024441.638954,141.1,Game,1,Predictable,93.23,0,,,4,,,130,Sound,,,
0,FORT,,1,1777024441.638954,141.11,Game,1,Predictable,93.24,0,,,4,,,130,Sound,,,
0,FORT,,1,1777024441.638954,141.12,Game,1,Predictable,93.25,0,,,4,,,130,Sound,,,
0,FORT,,1,1777024441.638954,141.13,Game,1,Predictable,93.27,0,,,4,,,130,Sound,,,
0,FORT,,1,1777024441.638954,141.15,Game,1,Predictable,93.28,0,,,4,,,130,Sound,,,
0,FORT,,1,1777024441.638954,141.16,Game,1,Predictable,93.29,0,,,4,,,130,Sound,,,
0,FORT,,1,1777024441.638954,141.17,Game,1,Predictable,93.3,0,,,4,,,130,Sound,,,
0,FORT,,1,1777024441.638954,141.18,Game,1,Predictable,93.32,0,,,4,,,130,Sound,,,
0,FORT,,1,1777024441.638954,141.19,Game,1,Predictable,93.33,0,,,4,,,130,Sound,,,
0,FORT,,1,1777024441.638954,141.21,Game,1,Predictable,93.34,0,,,4,,,130,Sound,,,
0,FORT,,1,1777024441.638954,141.24,Game,1,Predictable,93.35,0,,,4,,,130,Sound,,,
0,FORT,,1,1777024441.638954,141.26,Game,1,Predictable,93.38,0,,,4,,,130,Sound,,,
0,FORT,,1,1777024441.638954,141.27,Game,1,Predictable,93.4,0,,,4,,,130,Sound,,,
0,FORT,,1,1777024441.638954,141.28,Game,1,Predictable,93.41,0,,,4,,,130,Sound,,,
0,FORT,,1,1777024441.638954,141.29,Game,1,Predictable,93.42,0,,,4,,,130,Sound,,,
0,FORT,,1,1777024441.638954,141.31,Game,1,Predictable,93.44,0,,,4,,,130,Sound,,,
0,FORT,,1,1777024441.638954,141.32,Game,1,Predictable,93.45,0,,,4,,,130,Sound,,,
0,FORT,,1,1777024441.638954,141.33,Game,1,Predictable,93.46,0,,,4,,,130,Sound,,,
0,FORT,,1,1777024441.638954,141.34,Game,1,Predictable,93.47,0,,,4,,,130,Sound,,,
0,FORT,,1,1777024441.638954,141.36,Game,1,Predictable,93.49,0,,,4,,,130,Sound,,,
0,FORT,,1,1777024441.638954,141.37,Game,1,Predictable,93.5,0,,,4,,,130,Sound,,,
0,FORT,,1,1777024441.638954,141.38,Game,1,Predictable,93.51,0,,,4,,,130,Sound,,,
0,FORT,,1,1777024441.638954,141.39,Game,1,Predictable,93.52,0,,,4,,,130,Sound,,,
0,FORT,,1,1777024441.638954,141.4,Game,1,Predictable,93.53,0,,,4,,,130,Sound,,,
0,FORT,,1,1777024441.638954,141.41,Game,1,Predictable,93.54,0,,,4,,,130,Sound,,,
0,FORT,,1,1777024441.638954,141.42,Game,1,Predictable,93.55,0,,,4,,,130,Sound,,,
0,FORT,,1,1777024441.638954,141.43,Game,1,Predictable,93.57,0,,,4,,,130,Sound,,,
0,FORT,,1,1777024441.638954,141.46,Game,1,Predictable,93.58,0,,,4,,,130,Sound,,,
0,FORT,,1,1777024441.638954,141.48,Game,1,Predictable,93.6,0,,,4,,,130,Sound,,,
0,FORT,,1,1777024441.638954,141.49,Game,1,Predictable,93.62,0,,,4,,,130,Sound,,,
0,FORT,,1,1777024441.638954,141.5,Game,1,Predictable,93.63,0,,,4,,,130,Sound,,,
0,FORT,,1,1777024441.638954,141.53,Game,1,Predictable,93.64,0,,,4,,,130,Sound,,,
0,FORT,,1,1777024441.638954,141.54,Game,1,Predictable,93.67,0,,,4,,,130,Sound,,,
0,FORT,,1,1777024441.638954,141.56,Game,1,Predictable,93.69,0,,,4,,,130,Sound,,,
0,FORT,,1,1777024441.638954,141.57,Game,1,Predictable,93.7,0,,,4,,,130,Sound,,,
0,FORT,,1,1777024441.638954,141.58,Game,1,Predictable,93.71,0,,,4,,,130,Sound,,,
0,FORT,,1,1777024441.638954,141.6,Game,1,Predictable,93.73,0,,,4,,,130,Sound,,,
0,FORT,,1,1777024441.638954,141.61,Game,1,Predictable,93.74,0,,,4,,,130,Sound,,,
0,FORT,,1,1777024441.638954,141.62,Game,1,Predictable,93.75,0,,,4,,,130,Sound,,,
0,FORT,,1,1777024441.638954,141.63,Game,1,Predictable,93.77,0,,,4,,,130,Sound,,,
0,FORT,,1,1777024441.638954,141.65,Game,1,Predictable,93.78,0,,,4,,,130,Sound,,,
0,FORT,,1,1777024441.638954,141.66,Game,1,Predictable,93.79,0,,,4,,,130,Sound,,,
0,FORT,,1,1777024441.638954,141.67,Game,1,Predictable,93.8,0,,,4,,,130,Sound,,,
0,FORT,,1,1777024441.638954,141.69,Game,1,Predictable,93.82,0,,,4,,,130,Sound,,,
0,FORT,,1,1777024441.638954,141.7,Game,1,Predictable,93.83,0,,,4,,,130,Sound,,,
0,FORT,,1,1777024441.638954,141.71,Game,1,Predictable,93.84,0,,,4,,,130,Sound,,,
0,FORT,,1,1777024441.638954,141.72,Game,1,Predictable,93.86,0,,,4,,,130,Sound,,,
0,FORT,,1,1777024441.638954,141.74,Game,1,Predictable,93.87,0,,,4,,,130,Sound,,,
0,FORT,,1,1777024441.638954,141.75,Game,1,Predictable,93.88,0,,,4,,,130,Sound,,,
0,FORT,,1,1777024441.638954,141.76,Game,1,Predictable,93.9,0,,,4,,,130,Sound,,,
0,FORT,,1,1777024441.638954,141.78,Game,1,Predictable,93.91,0,,,4,,,130,Sound,,,
0,FORT,,1,1777024441.638954,141.79,Game,1,Predictable,93.92,0,,,4,,,130,Sound,,,
0,FORT,,1,1777024441.638954,141.81,Game,1,Predictable,93.94,0,,,4,,,130,Sound,,,
0,FORT,,1,1777024441.638954,141.82,Game,1,Predictable,93.95,0,,,4,,,130,Sound,,,
0,FORT,,1,1777024441.638954,141.83,Game,1,Predictable,93.97,0,,,4,,,130,Sound,,,
0,FORT,,1,1777024441.638954,141.85,Game,1,Predictable,93.98,0,,,4,,,130,Sound,,,
0,FORT,,1,1777024441.638954,141.86,Game,1,Predictable,93.99,0,,,4,,,130,Sound,,,
0,FORT,,1,1777024441.638954,141.87,Game,1,Predictable,94.0,0,,,4,,,130,Sound,,,
0,FORT,,1,1777024441.638954,141.88,Game,1,Predictable,94.02,0,,,4,,,130,Sound,,,
0,FORT,,1,1777024441.638954,141.9,Game,1,Predictable,94.03,0,,,4,,,130,Sound,,,
0,FORT,,1,1777024441.638954,141.91,Game,1,Predictable,94.04,0,,,4,,,130,Sound,,,
0,FORT,,1,1777024441.638954,141.92,Game,1,Predictable,94.05,0,,,4,,,130,Sound,,,
0,FORT,,1,1777024441.638954,141.94,Game,1,Predictable,94.07,0,,,4,,,130,Sound,,,
0,FORT,,1,1777024441.638954,141.95,Game,1,Predictable,94.08,0,,,4,,,130,Sound,,,
0,FORT,,1,1777024441.638954,141.96,Game,1,Predictable,94.09,0,,,4,,,130,Sound,,,
0,FORT,,1,1777024441.638954,141.97,Game,1,Predictable,94.1,0,,,4,,,130,Sound,,,
0,FORT,,1,1777024441.638954,141.99,Game,1,Predictable,94.12,0,,,4,,,130,Sound,,,
0,FORT,,1,1777024441.638954,142.0,Game,1,Predictable,94.13,0,,,4,,,130,Sound,,,
0,FORT,,1,1777024441.638954,142.01,Game,1,Predictable,94.14,0,,,4,,,130,Sound,,,
0,FORT,,1,1777024441.638954,142.02,Game,1,Predictable,94.15,0,,,4,,,130,Sound,,,
0,FORT,,1,1777024441.638954,142.03,Game,1,Predictable,94.17,0,,,4,,,130,Sound,,,
0,FORT,,1,1777024441.638954,142.06,Game,1,Predictable,94.18,0,,,4,,,130,Sound,,,
0,FORT,,1,1777024441.638954,142.08,Game,1,Predictable,94.2,0,,,4,,,130,Sound,,,
0,FORT,,1,1777024441.638954,142.09,Game,1,Predictable,94.22,0,,,4,,,130,Sound,,,
0,FORT,,1,1777024441.638954,142.1,Game,1,Predictable,94.23,0,,,4,,,130,Sound,,,
0,FORT,,1,1777024441.638954,142.11,Game,1,Predictable,94.24,0,,,4,,,130,Sound,,,
0,FORT,,1,1777024441.638954,142.13,Game,1,Predictable,94.26,0,,,4,,,130,Sound,,,
0,FORT,,1,1777024441.638954,142.14,Game,1,Predictable,94.27,0,,,4,,,130,Sound,,,
0,FORT,,1,1777024441.638954,142.15,Game,1,Predictable,94.28,0,,,4,,,130,Sound,,,
0,FORT,,1,1777024441.638954,142.16,Game,1,Predictable,94.29,0,,,4,,,130,Sound,,,
0,FORT,,1,1777024441.638954,142.17,Game,1,Predictable,94.3,0,,,4,,,130,Sound,,,
0,FORT,,1,1777024441.638954,142.18,Game,1,Predictable,94.32,0,,,4,,,130,Sound,,,
0,FORT,,1,1777024441.638954,142.21,Game,1,Predictable,94.33,0,,,4,,,130,Sound,,,
0,FORT,,1,1777024441.638954,142.23,Game,1,Predictable,94.35,0,,,4,,,130,Sound,,,
0,FORT,,1,1777024441.638954,142.24,Game,1,Predictable,94.37,0,,,4,,,130,Sound,,,
0,FORT,,1,1777024441.638954,142.25,Game,1,Predictable,94.38,0,,,4,,,130,Sound,,,
0,FORT,,1,1777024441.638954,142.26,Game,1,Predictable,94.39,0,,,4,,,130,Sound,,,
0,FORT,,1,1777024441.638954,142.28,Game,1,Predictable,94.41,0,,,4,,,130,Sound,,,
0,FORT,,1,1777024441.638954,142.29,Game,1,Predictable,94.42,0,,,4,,,130,Sound,,,
0,FORT,,1,1777024441.638954,142.3,Game,1,Predictable,94.43,0,,,4,,,130,Sound,,,
0,FORT,,1,1777024441.638954,142.31,Game,1,Predictable,94.44,0,,,4,,,130,Sound,,,
0,FORT,,1,1777024441.638954,142.32,Game,1,Predictable,94.45,0,,,4,,,130,Sound,,,
0,FORT,,1,1777024441.638954,142.33,Game,1,Predictable,94.47,0,,,4,,,130,Sound,,,
0,FORT,,1,1777024441.638954,142.36,Game,1,Predictable,94.48,0,,,4,,,130,Sound,,,
0,FORT,,1,1777024441.638954,142.38,Game,1,Predictable,94.5,0,,,4,,,130,Sound,,,
0,FORT,,1,1777024441.638954,142.39,Game,1,Predictable,94.52,0,,,4,,,130,Sound,,,
0,FORT,,1,1777024441.638954,142.4,Game,1,Predictable,94.53,0,,,4,,,130,Sound,,,
0,FORT,,1,1777024441.638954,142.43,Game,1,Predictable,94.54,0,,,4,,,130,Sound,,,
0,FORT,,1,1777024441.638954,142.44,Game,1,Predictable,94.57,0,,,4,,,130,Sound,,,
0,FORT,,1,1777024441.638954,142.46,Game,1,Predictable,94.59,0,,,4,,,130,Sound,,,
0,FORT,,1,1777024441.638954,142.47,Game,1,Predictable,94.6,0,,,4,,,130,Sound,,,
0,FORT,,1,1777024441.638954,142.48,Game,1,Predictable,94.61,0,,,4,,,130,Sound,,,
0,FORT,,1,1777024441.638954,142.49,Game,1,Predictable,94.62,0,,,4,,,130,Sound,,,
0,FORT,,1,1777024441.638954,142.5,Game,1,Predictable,94.63,0,,,4,,,130,Sound,,,
0,FORT,,1,1777024441.638954,142.53,Game,1,Predictable,94.64,0,,,4,,,130,Sound,,,
0,FORT,,1,1777024441.638954,142.54,Game,1,Predictable,94.67,0,,,4,,,130,Sound,,,
0,FORT,,1,1777024441.638954,142.56,Game,1,Predictable,94.69,0,,,4,,,130,Sound,,,
0,FORT,,1,1777024441.638954,142.57,Game,1,Predictable,94.7,0,,,4,,,130,Sound,,,
0,FORT,,1,1777024441.638954,142.58,Game,1,Predictable,94.71,0,,,4,,,130,Sound,,,
0,FORT,,1,1777024441.638954,142.59,Game,1,Predictable,94.72,0,,,4,,,130,Sound,,,
0,FORT,,1,1777024441.638954,142.6,Game,1,Predictable,94.73,0,,,4,,,130,Sound,,,
0,FORT,,1,1777024441.638954,142.63,Game,1,Predictable,94.74,0,,,4,,,130,Sound,,,
0,FORT,,1,1777024441.638954,142.64,Game,1,Predictable,94.77,0,,,4,,,130,Sound,,,
0,FORT,,1,1777024441.638954,142.66,Game,1,Predictable,94.79,0,,,4,,,130,Sound,,,
0,FORT,,1,1777024441.638954,142.67,Game,1,Predictable,94.8,0,,,4,,,130,Sound,,,
0,FORT,,1,1777024441.638954,142.69,Game,1,Predictable,94.81,0,,,4,,,130,Sound,,,
0,FORT,,1,1777024441.638954,142.71,Game,1,Predictable,94.84,0,,,4,,,130,Sound,,,
0,FORT,,1,1777024441.638954,142.72,Game,1,Predictable,94.85,0,,,4,,,130,Sound,,,
0,FORT,,1,1777024441.638954,142.74,Game,1,Predictable,94.87,0,,,4,,,130,Sound,,,
0,FORT,,1,1777024441.638954,142.75,Game,1,Predictable,94.88,0,,,4,,,130,Sound,,,
0,FORT,,1,1777024441.638954,142.76,Game,1,Predictable,94.89,0,,,4,,,130,Sound,,,
0,FORT,,1,1777024441.638954,142.77,Game,1,Predictable,94.9,0,,,4,,,130,Sound,,,
0,FORT,,1,1777024441.638954,142.78,Game,1,Predictable,94.92,0,,,4,,,130,Sound,,,
0,FORT,,1,1777024441.638954,142.81,Game,1,Predictable,94.93,0,,,4,,,130,Sound,,,
0,FORT,,1,1777024441.638954,142.83,Game,1,Predictable,94.95,0,,,4,,,130,Sound,,,
0,FORT,,1,1777024441.638954,142.84,Game,1,Predictable,94.97,0,,,4,,,130,Sound,,,
0,FORT,,1,1777024441.638954,142.85,Game,1,Predictable,94.98,0,,,4,,,130,Sound,,,
0,FORT,,1,1777024441.638954,142.88,Game,1,Predictable,94.99,0,,,4,,,130,Sound,,,
0,FORT,,1,1777024441.638954,142.89,Game,1,Predictable,95.02,0,,,4,,,130,Sound,,,
0,FORT,,1,1777024441.638954,142.91,Game,1,Predictable,95.04,0,,,4,,,130,Sound,,,
0,FORT,,1,1777024441.638954,142.92,Game,1,Predictable,95.05,0,,,4,,,130,Sound,,,
0,FORT,,1,1777024441.638954,142.93,Game,1,Predictable,95.06,0,,,4,,,130,Sound,,,
0,FORT,,1,1777024441.638954,142.94,Game,1,Predictable,95.07,0,,,4,,,130,Sound,,,
0,FORT,,1,1777024441.638954,142.96,Game,1,Predictable,95.09,0,,,4,,,130,Sound,,,
0,FORT,,1,1777024441.638954,142.97,Game,1,Predictable,95.1,0,,,4,,,130,Sound,,,
0,FORT,,1,1777024441.638954,142.99,Game,1,Predictable,95.11,0,,,4,,,130,Sound,,,
0,FORT,,1,1777024441.638954,143.01,Game,1,Predictable,95.14,0,,,4,,,130,Sound,,,
0,FORT,,1,1777024441.638954,143.02,Game,1,Predictable,95.15,0,,,4,,,130,Sound,,,
0,FORT,,1,1777024441.638954,143.03,Game,1,Predictable,95.17,0,,,4,,,130,Sound,,,
0,FORT,,1,1777024441.638954,143.06,Game,1,Predictable,95.18,0,,,4,,,130,Sound,,,
0,FORT,,1,1777024441.638954,143.08,Game,1,Predictable,95.2,0,,,4,,,130,Sound,,,
0,FORT,,1,1777024441.638954,143.09,Game,1,Predictable,95.22,0,,,4,,,130,Sound,,,
0,FORT,,1,1777024441.638954,143.1,Game,1,Predictable,95.23,0,,,4,,,130,Sound,,,
0,FORT,,1,1777024441.638954,143.13,Game,1,Predictable,95.24,0,,,4,,,130,Sound,,,
0,FORT,,1,1777024441.638954,143.14,Game,1,Predictable,95.27,0,,,4,,,130,Sound,,,
0,FORT,,1,1777024441.638954,143.16,Game,1,Predictable,95.29,0,,,4,,,130,Sound,,,
0,FORT,,1,1777024441.638954,143.17,Game,1,Predictable,95.3,0,,,4,,,130,Sound,,,
0,FORT,,1,1777024441.638954,143.18,Game,1,Predictable,95.31,0,,,4,,,130,Sound,,,
0,FORT,,1,1777024441.638954,143.19,Game,1,Predictable,95.32,0,,,4,,,130,Sound,,,
0,FORT,,1,1777024441.638954,143.21,Game,1,Predictable,95.34,0,,,4,,,130,Sound,,,
0,FORT,,1,1777024441.638954,143.22,Game,1,Predictable,95.35,0,,,4,,,130,Sound,,,
0,FORT,,1,1777024441.638954,143.23,Game,1,Predictable,95.36,0,,,4,,,130,Sound,,,
0,FORT,,1,1777024441.638954,143.24,Game,1,Predictable,95.37,0,,,4,,,130,Sound,,,
0,FORT,,1,1777024441.638954,143.26,Game,1,Predictable,95.39,0,,,4,,,130,Sound,,,
0,FORT,,1,1777024441.638954,143.27,Game,1,Predictable,95.4,0,,,4,,,130,Sound,,,
0,FORT,,1,1777024441.638954,143.29,Game,1,Predictable,95.41,0,,,4,,,130,Sound,,,
0,FORT,,1,1777024441.638954,143.31,Game,1,Predictable,95.44,0,,,4,,,130,Sound,,,
0,FORT,,1,1777024441.638954,143.32,Game,1,Predictable,95.45,0,,,4,,,130,Sound,,,
0,FORT,,1,1777024441.638954,143.33,Game,1,Predictable,95.47,0,,,4,,,130,Sound,,,
0,FORT,,1,1777024441.638954,143.35,Game,1,Predictable,95.48,0,,,4,,,130,Sound,,,
0,FORT,,1,1777024441.638954,143.36,Game,1,Predictable,95.49,0,,,4,,,130,Sound,,,
0,FORT,,1,1777024441.638954,143.37,Game,1,Predictable,95.5,0,,,4,,,130,Sound,,,
0,FORT,,1,1777024441.638954,143.38,Game,1,Predictable,95.52,0,,,4,,,130,Sound,,,
0,FORT,,1,1777024441.638954,143.4,Game,1,Predictable,95.53,0,,,4,,,130,Sound,,,
0,FORT,,1,1777024441.638954,143.41,Game,1,Predictable,95.54,0,,,4,,,130,Sound,,,
0,FORT,,1,1777024441.638954,143.42,Game,1,Predictable,95.55,0,,,4,,,130,Sound,,,
0,FORT,,1,1777024441.638954,143.43,Game,1,Predictable,95.57,0,,,4,,,130,Sound,,,
0,FORT,,1,1777024441.638954,143.45,Game,1,Predictable,95.58,0,,,4,,,130,Sound,,,
0,FORT,,1,1777024441.638954,143.46,Game,1,Predictable,95.59,0,,,4,,,130,Sound,,,
0,FORT,,1,1777024441.638954,143.47,Game,1,Predictable,95.6,0,,,4,,,130,Sound,,,
0,FORT,,1,1777024441.638954,143.48,Game,1,Predictable,95.62,0,,,4,,,130,Sound,,,
0,FORT,,1,1777024441.638954,143.5,Game,1,Predictable,95.63,0,,,4,,,130,Sound,,,
0,FORT,,1,1777024441.638954,143.51,Game,1,Predictable,95.64,0,,,4,,,130,Sound,,,
0,FORT,,1,1777024441.638954,143.52,Game,1,Predictable,95.65,0,,,4,,,130,Sound,,,
0,FORT,,1,1777024441.638954,143.53,Game,1,Predictable,95.67,0,,,4,,,130,Sound,,,
0,FORT,,1,1777024441.638954,143.55,Game,1,Predictable,95.68,0,,,4,,,130,Sound,,,
0,FORT,,1,1777024441.638954,143.56,Game,1,Predictable,95.69,0,,,4,,,130,Sound,,,
0,FORT,,1,1777024441.638954,143.57,Game,1,Predictable,95.7,0,,,4,,,130,Sound,,,
0,FORT,,1,1777024441.638954,143.58,Game,1,Predictable,95.72,0,,,4,,,130,Sound,,,
0,FORT,,1,1777024441.638954,143.6,Game,1,Predictable,95.73,0,,,4,,,130,Sound,,,
0,FORT,,1,1777024441.638954,143.61,Game,1,Predictable,95.74,0,,,4,,,130,Sound,,,
0,FORT,,1,1777024441.638954,143.63,Game,1,Predictable,95.75,0,,,4,,,130,Sound,,,
0,FORT,,1,1777024441.638954,143.64,Game,1,Predictable,95.77,0,,,4,,,130,Sound,,,
0,FORT,,1,1777024441.638954,143.65,Game,1,Predictable,95.78,0,,,4,,,130,Sound,,,
0,FORT,,1,1777024441.638954,143.66,Game,1,Predictable,95.79,0,,,4,,,130,Sound,,,
0,FORT,,1,1777024441.638954,143.67,Game,1,Predictable,95.8,0,,,4,,,130,Sound,,,
0,FORT,,1,1777024441.638954,143.68,Game,1,Predictable,95.82,0,,,4,,,130,Sound,,,
0,FORT,,1,1777024441.638954,143.71,Game,1,Predictable,95.83,0,,,4,,,130,Sound,,,
0,FORT,,1,1777024441.638954,143.73,Game,1,Predictable,95.85,0,,,4,,,130,Sound,,,
0,FORT,,1,1777024441.638954,143.74,Game,1,Predictable,95.87,0,,,4,,,130,Sound,,,
0,FORT,,1,1777024441.638954,143.75,Game,1,Predictable,95.88,0,,,4,,,130,Sound,,,
0,FORT,,1,1777024441.638954,143.78,Game,1,Predictable,95.89,0,,,4,,,130,Sound,,,
0,FORT,,1,1777024441.638954,143.79,Game,1,Predictable,95.92,0,,,4,,,130,Sound,,,
0,FORT,,1,1777024441.638954,143.81,Game,1,Predictable,95.94,0,,,4,,,130,Sound,,,
0,FORT,,1,1777024441.638954,143.82,Game,1,Predictable,95.95,0,,,4,,,130,Sound,,,
0,FORT,,1,1777024441.638954,143.83,Game,1,Predictable,95.96,0,,,4,,,130,Sound,,,
0,FORT,,1,1777024441.638954,143.84,Game,1,Predictable,95.97,0,,,4,,,130,Sound,,,
0,FORT,,1,1777024441.638954,143.86,Game,1,Predictable,95.99,0,,,4,,,130,Sound,,,
0,FORT,,1,1777024441.638954,143.87,Game,1,Predictable,96.0,0,,,4,,,130,Sound,,,
0,FORT,,1,1777024441.638954,143.88,Game,1,Predictable,96.01,0,,,4,,,130,Sound,,,
0,FORT,,1,1777024441.638954,143.89,Game,1,Predictable,96.02,0,,,4,,,130,Sound,,,
0,FORT,,1,1777024441.638954,143.91,Game,1,Predictable,96.04,0,,,4,,,130,Sound,,,
0,FORT,,1,1777024441.638954,143.92,Game,1,Predictable,96.05,0,,,4,,,130,Sound,,,
0,FORT,,1,1777024441.638954,143.93,Game,1,Predictable,96.06,0,,,4,,,130,Sound,,,
0,FORT,,1,1777024441.638954,143.94,Game,1,Predictable,96.07,0,,,4,,,130,Sound,,,
0,FORT,,1,1777024441.638954,143.96,Game,1,Predictable,96.09,0,,,4,,,130,Sound,,,
0,FORT,,1,1777024441.638954,143.97,Game,1,Predictable,96.1,0,,,4,,,130,Sound,,,
0,FORT,,1,1777024441.638954,143.99,Game,1,Predictable,96.11,0,,,4,,,130,Sound,,,
0,FORT,,1,1777024441.638954,144.01,Game,1,Predictable,96.14,0,,,4,,,130,Sound,,,
0,FORT,,1,1777024441.638954,144.02,Game,1,Predictable,96.15,0,,,4,,,130,Sound,,,
0,FORT,,1,1777024441.638954,144.03,Game,1,Predictable,96.17,0,,,4,,,130,Sound,,,
0,FORT,,1,1777024441.638954,144.06,Game,1,Predictable,96.18,0,,,4,,,130,Sound,,,
0,FORT,,1,1777024441.638954,144.08,Game,1,Predictable,96.2,0,,,4,,,130,Sound,,,
0,FORT,,1,1777024441.638954,144.09,Game,1,Predictable,96.22,0,,,4,,,130,Sound,,,
0,FORT,,1,1777024441.638954,144.1,Game,1,Predictable,96.23,0,,,4,,,130,Sound,,,
0,FORT,,1,1777024441.638954,144.13,Game,1,Predictable,96.24,0,,,4,,,130,Sound,,,
0,FORT,,1,1777024441.638954,144.14,Game,1,Predictable,96.27,0,,,4,,,130,Sound,,,
0,FORT,,1,1777024441.638954,144.15,Game,1,Predictable,96.28,0,,,4,,,130,Sound,,,
0,FORT,,1,1777024441.638954,144.16,Game,1,Predictable,96.29,0,,,4,,,130,Sound,,,
0,FORT,,1,1777024441.638954,144.18,Game,1,Predictable,96.31,0,,,4,,,130,Sound,,,
0,FORT,,1,1777024441.638954,144.19,Game,1,Predictable,96.32,0,,,4,,,130,Sound,,,
0,FORT,,1,1777024441.638954,144.2,Game,1,Predictable,96.33,0,,,4,,,130,Sound,,,
0,FORT,,1,1777024441.638954,144.23,Game,1,Predictable,96.34,0,,,4,,,130,Sound,,,
0,FORT,,1,1777024441.638954,144.24,Game,1,Predictable,96.37,0,,,4,,,130,Sound,,,
0,FORT,,1,1777024441.638954,144.26,Game,1,Predictable,96.39,0,,,4,,,130,Sound,,,
0,FORT,,1,1777024441.638954,144.27,Game,1,Predictable,96.4,0,,,4,,,130,Sound,,,
0,FORT,,1,1777024441.638954,144.29,Game,1,Predictable,96.41,0,,,4,,,130,Sound,,,
0,FORT,,1,1777024441.638954,144.31,Game,1,Predictable,96.44,0,,,4,,,130,Sound,,,
0,FORT,,1,1777024441.638954,144.32,Game,1,Predictable,96.45,0,,,4,,,130,Sound,,,
0,FORT,,1,1777024441.638954,144.33,Game,1,Predictable,96.47,0,,,4,,,130,Sound,,,
0,FORT,,1,1777024441.638954,144.35,Game,1,Predictable,96.48,0,,,4,,,130,Sound,,,
0,FORT,,1,1777024441.638954,144.36,Game,1,Predictable,96.49,0,,,4,,,130,Sound,,,
0,FORT,,1,1777024441.638954,144.37,Game,1,Predictable,96.5,0,,,4,,,130,Sound,,,
0,FORT,,1,1777024441.638954,144.38,Game,1,Predictable,96.52,0,,,4,,,130,Sound,,,
0,FORT,,1,1777024441.638954,144.4,Game,1,Predictable,96.53,0,,,4,,,130,Sound,,,
0,FORT,,1,1777024441.638954,144.41,Game,1,Predictable,96.54,0,,,4,,,130,Sound,,,
0,FORT,,1,1777024441.638954,144.42,Game,1,Predictable,96.55,0,,,4,,,130,Sound,,,
0,FORT,,1,1777024441.638954,144.43,Game,1,Predictable,96.57,0,,,4,,,130,Sound,,,
0,FORT,,1,1777024441.638954,144.45,Game,1,Predictable,96.58,0,,,4,,,130,Sound,,,
0,FORT,,1,1777024441.638954,144.48,Game,1,Predictable,96.59,0,,,4,,,130,Sound,,,
0,FORT,,1,1777024441.638954,144.49,Game,1,Predictable,96.62,0,,,4,,,130,Sound,,,
0,FORT,,1,1777024441.638954,144.51,Game,1,Predictable,96.64,0,,,4,,,130,Sound,,,
0,FORT,,1,1777024441.638954,144.52,Game,1,Predictable,96.65,0,,,4,,,130,Sound,,,
0,FORT,,1,1777024441.638954,144.54,Game,1,Predictable,96.66,0,,,4,,,130,Sound,,,
0,FORT,,1,1777024441.638954,144.56,Game,1,Predictable,96.69,0,,,4,,,130,Sound,,,
0,FORT,,1,1777024441.638954,144.57,Game,1,Predictable,96.7,0,,,4,,,130,Sound,,,
0,FORT,,1,1777024441.638954,144.58,Game,1,Predictable,96.72,0,,,4,,,130,Sound,,,
0,FORT,,1,1777024441.638954,144.6,Game,1,Predictable,96.73,0,,,4,,,130,Sound,,,
0,FORT,,1,1777024441.638954,144.61,Game,1,Predictable,96.74,0,,,4,,,130,Sound,,,
0,FORT,,1,1777024441.638954,144.62,Game,1,Predictable,96.75,0,,,4,,,130,Sound,,,
0,FORT,,1,1777024441.638954,144.63,Game,1,Predictable,96.77,0,,,4,,,130,Sound,,,
0,FORT,,1,1777024441.638954,144.66,Game,1,Predictable,96.78,0,,,4,,,130,Sound,,,
0,FORT,,1,1777024441.638954,144.68,Game,1,Predictable,96.8,0,,,4,,,130,Sound,,,
0,FORT,,1,1777024441.638954,144.69,Game,1,Predictable,96.82,0,,,4,,,130,Sound,,,
0,FORT,,1,1777024441.638954,144.7,Game,1,Predictable,96.83,0,,,4,,,130,Sound,,,
0,FORT,,1,1777024441.638954,144.71,Game,1,Predictable,96.84,0,,,4,,,130,Sound,,,
0,FORT,,1,1777024441.638954,144.73,Game,1,Predictable,96.86,0,,,4,,,130,Sound,,,
0,FORT,,1,1777024441.638954,144.74,Game,1,Predictable,96.87,0,,,4,,,130,Sound,,,
0,FORT,,1,1777024441.638954,144.75,Game,1,Predictable,96.88,0,,,4,,,130,Sound,,,
0,FORT,,1,1777024441.638954,144.76,Game,1,Predictable,96.89,0,,,4,,,130,Sound,,,
0,FORT,,1,1777024441.638954,144.78,Game,1,Predictable,96.91,0,,,4,,,130,Sound,,,
0,FORT,,1,1777024441.638954,144.79,Game,1,Predictable,96.92,0,,,4,,,130,Sound,,,
0,FORT,,1,1777024441.638954,144.8,Game,1,Predictable,96.93,0,,,4,,,130,Sound,,,
0,FORT,,1,1777024441.638954,144.83,Game,1,Predictable,96.94,0,,,4,,,130,Sound,,,
0,FORT,,1,1777024441.638954,144.84,Game,1,Predictable,96.97,0,,,4,,,130,Sound,,,
0,FORT,,1,1777024441.638954,144.86,Game,1,Predictable,96.99,0,,,4,,,130,Sound,,,
0,FORT,,1,1777024441.638954,144.87,Game,1,Predictable,97.0,0,,,4,,,130,Sound,,,
0,FORT,,1,1777024441.638954,144.88,Game,1,Predictable,97.01,0,,,4,,,130,Sound,,,
0,FORT,,1,1777024441.638954,144.89,Game,1,Predictable,97.02,0,,,4,,,130,Sound,,,
0,FORT,,1,1777024441.638954,144.91,Game,1,Predictable,97.04,0,,,4,,,130,Sound,,,
0,FORT,,1,1777024441.638954,144.92,Game,1,Predictable,97.05,0,,,4,,,130,Sound,,,
0,FORT,,1,1777024441.638954,144.93,Game,1,Predictable,97.06,0,,,4,,,130,Sound,,,
0,FORT,,1,1777024441.638954,144.94,Game,1,Predictable,97.07,0,,,4,,,130,Sound,,,
0,FORT,,1,1777024441.638954,144.96,Game,1,Predictable,97.09,0,,,4,,,130,Sound,,,
0,FORT,,1,1777024441.638954,144.97,Game,1,Predictable,97.1,0,,,4,,,130,Sound,,,
0,FORT,,1,1777024441.638954,144.98,Game,1,Predictable,97.11,0,,,4,,,130,Sound,,,
0,FORT,,1,1777024441.638954,144.99,Game,1,Predictable,97.12,0,,,4,,,130,Sound,,,
0,FORT,,1,1777024441.638954,145.01,Game,1,Predictable,97.14,0,,,4,,,130,Sound,,,
0,FORT,,1,1777024441.638954,145.02,Game,1,Predictable,97.15,0,,,4,,,130,Sound,,,
0,FORT,,1,1777024441.638954,145.03,Game,1,Predictable,97.16,0,,,4,,,130,Sound,,,
0,FORT,,1,1777024441.638954,145.04,Game,1,Predictable,97.17,0,,,4,,,130,Sound,,,
0,FORT,,1,1777024441.638954,145.06,Game,1,Predictable,97.19,0,,,4,,,130,Sound,,,
0,FORT,,1,1777024441.638954,145.07,Game,1,Predictable,97.2,0,,,4,,,130,Sound,,,
0,FORT,,1,1777024441.638954,145.08,Game,1,Predictable,97.22,0,,,4,,,130,Sound,,,
0,FORT,,1,1777024441.638954,145.1,Game,1,Predictable,97.23,0,,,4,,,130,Sound,,,
0,FORT,,1,1777024441.638954,145.11,Game,1,Predictable,97.24,0,,,4,,,130,Sound,,,
0,FORT,,1,1777024441.638954,145.12,Game,1,Predictable,97.25,0,,,4,,,130,Sound,,,
0,FORT,,1,1777024441.638954,145.13,Game,1,Predictable,97.27,0,,,4,,,130,Sound,,,
0,FORT,,1,1777024441.638954,145.15,Game,1,Predictable,97.28,0,,,4,,,130,Sound,,,
0,FORT,,1,1777024441.638954,145.16,Game,1,Predictable,97.29,0,,,4,,,130,Sound,,,
0,FORT,,1,1777024441.638954,145.17,Game,1,Predictable,97.3,0,,,4,,,130,Sound,,,
0,FORT,,1,1777024441.638954,145.18,Game,1,Predictable,97.32,0,,,4,,,130,Sound,,,
0,FORT,,1,1777024441.638954,145.2,Game,1,Predictable,97.33,0,,,4,,,130,Sound,,,
0,FORT,,1,1777024441.638954,145.21,Game,1,Predictable,97.34,0,,,4,,,130,Sound,,,
0,FORT,,1,1777024441.638954,145.22,Game,1,Predictable,97.35,0,,,4,,,130,Sound,,,
0,FORT,,1,1777024441.638954,145.23,Game,1,Predictable,97.37,0,,,4,,,130,Sound,,,
0,FORT,,1,1777024441.638954,145.25,Game,1,Predictable,97.38,0,,,4,,,130,Sound,,,
0,FORT,,1,1777024441.638954,145.26,Game,1,Predictable,97.39,0,,,4,,,130,Sound,,,
0,FORT,,1,1777024441.638954,145.27,Game,1,Predictable,97.4,0,,,4,,,130,Sound,,,
0,FORT,,1,1777024441.638954,145.28,Game,1,Predictable,97.42,0,,,4,,,130,Sound,,,
0,FORT,,1,1777024441.638954,145.3,Game,1,Predictable,97.43,0,,,4,,,130,Sound,,,
0,FORT,,1,1777024441.638954,145.31,Game,1,Predictable,97.44,0,,,4,,,130,Sound,,,
0,FORT,,1,1777024441.638954,145.32,Game,1,Predictable,97.45,0,,,4,,,130,Sound,,,
0,FORT,,1,1777024441.638954,145.33,Game,1,Predictable,97.47,0,,,4,,,130,Sound,,,
0,FORT,,1,1777024441.638954,145.35,Game,1,Predictable,97.48,0,,,4,,,130,Sound,,,
0,FORT,,1,1777024441.638954,145.36,Game,1,Predictable,97.49,0,,,4,,,130,Sound,,,
0,FORT,,1,1777024441.638954,145.37,Game,1,Predictable,97.5,0,,,4,,,130,Sound,,,
0,FORT,,1,1777024441.638954,145.38,Game,1,Predictable,97.52,0,,,4,,,130,Sound,,,
0,FORT,,1,1777024441.638954,145.4,Game,1,Predictable,97.53,0,,,4,,,130,Sound,,,
0,FORT,,1,1777024441.638954,145.41,Game,1,Predictable,97.54,0,,,4,,,130,Sound,,,
0,FORT,,1,1777024441.638954,145.42,Game,1,Predictable,97.55,0,,,4,,,130,Sound,,,
0,FORT,,1,1777024441.638954,145.44,Game,1,Predictable,97.57,0,,,4,,,130,Sound,,,
0,FORT,,1,1777024441.638954,145.45,Game,1,Predictable,97.58,0,,,4,,,130,Sound,,,
0,FORT,,1,1777024441.638954,145.48,Game,1,Predictable,97.59,0,,,4,,,130,Sound,,,
0,FORT,,1,1777024441.638954,145.49,Game,1,Predictable,97.62,0,,,4,,,130,Sound,,,
0,FORT,,1,1777024441.638954,145.51,Game,1,Predictable,97.64,0,,,4,,,130,Sound,,,
0,FORT,,1,1777024441.638954,145.52,Game,1,Predictable,97.65,0,,,4,,,130,Sound,,,
0,FORT,,1,1777024441.638954,145.53,Game,1,Predictable,97.66,0,,,4,,,130,Sound,,,
0,FORT,,1,1777024441.638954,145.54,Game,1,Predictable,97.67,0,,,4,,,130,Sound,,,
0,FORT,,1,1777024441.638954,145.56,Game,1,Predictable,97.69,0,,,4,,,130,Sound,,,
0,FORT,,1,1777024441.638954,145.57,Game,1,Predictable,97.7,0,,,4,,,130,Sound,,,
0,FORT,,1,1777024441.638954,145.58,Game,1,Predictable,97.71,0,,,4,,,130,Sound,,,
0,FORT,,1,1777024441.638954,145.59,Game,1,Predictable,97.72,0,,,4,,,130,Sound,,,
0,FORT,,1,1777024441.638954,145.61,Game,1,Predictable,97.74,0,,,4,,,130,Sound,,,
0,FORT,,1,1777024441.638954,145.62,Game,1,Predictable,97.75,0,,,4,,,130,Sound,,,
0,FORT,,1,1777024441.638954,145.64,Game,1,Predictable,97.76,0,,,4,,,130,Sound,,,
0,FORT,,1,1777024441.638954,145.66,Game,1,Predictable,97.79,0,,,4,,,130,Sound,,,
0,FORT,,1,1777024441.638954,145.67,Game,1,Predictable,97.8,0,,,4,,,130,Sound,,,
0,FORT,,1,1777024441.638954,145.68,Game,1,Predictable,97.82,0,,,4,,,130,Sound,,,
0,FORT,,1,1777024441.638954,145.7,Game,1,Predictable,97.83,0,,,4,,,130,Sound,,,
0,FORT,,1,1777024441.638954,145.71,Game,1,Predictable,97.84,0,,,4,,,130,Sound,,,
0,FORT,,1,1777024441.638954,145.72,Game,1,Predictable,97.85,0,,,4,,,130,Sound,,,
0,FORT,,1,1777024441.638954,145.73,Game,1,Predictable,97.87,0,,,4,,,130,Sound,,,
0,FORT,,1,1777024441.638954,145.75,Game,1,Predictable,97.88,0,,,4,,,130,Sound,,,
0,FORT,,1,1777024441.638954,145.76,Game,1,Predictable,97.89,0,,,4,,,130,Sound,,,
0,FORT,,1,1777024441.638954,145.77,Game,1,Predictable,97.9,0,,,4,,,130,Sound,,,
0,FORT,,1,1777024441.638954,145.79,Game,1,Predictable,97.92,0,,,4,,,130,Sound,,,
0,FORT,,1,1777024441.638954,145.8,Game,1,Predictable,97.93,0,,,4,,,130,Sound,,,
0,FORT,,1,1777024441.638954,145.81,Game,1,Predictable,97.94,0,,,4,,,130,Sound,,,
0,FORT,,1,1777024441.638954,145.82,Game,1,Predictable,97.95,0,,,4,,,130,Sound,,,
0,FORT,,1,1777024441.638954,145.83,Game,1,Predictable,97.97,0,,,4,,,130,Sound,,,
0,FORT,,1,1777024441.638954,145.85,Game,1,Predictable,97.98,0,,,4,,,130,Sound,,,
0,FORT,,1,1777024441.638954,145.86,Game,1,Predictable,97.99,0,,,4,,,130,Sound,,,
0,FORT,,1,1777024441.638954,145.87,Game,1,Predictable,98.0,0,,,4,,,130,Sound,,,
0,FORT,,1,1777024441.638954,145.89,Game,1,Predictable,98.02,0,,,4,,,130,Sound,,,
0,FORT,,1,1777024441.638954,145.9,Game,1,Predictable,98.03,0,,,4,,,130,Sound,,,
0,FORT,,1,1777024441.638954,145.93,Game,1,Predictable,98.04,0,,,4,,,130,Sound,,,
0,FORT,,1,1777024441.638954,145.94,Game,1,Predictable,98.07,0,,,4,,,130,Sound,,,
0,FORT,,1,1777024441.638954,145.96,Game,1,Predictable,98.09,0,,,4,,,130,Sound,,,
0,FORT,,1,1777024441.638954,145.97,Game,1,Predictable,98.1,0,,,4,,,130,Sound,,,
0,FORT,,1,1777024441.638954,145.98,Game,1,Predictable,98.11,0,,,4,,,130,Sound,,,
0,FORT,,1,1777024441.638954,145.99,Game,1,Predictable,98.12,0,,,4,,,130,Sound,,,
0,FORT,,1,1777024441.638954,146.01,Game,1,Predictable,98.14,0,,,4,,,130,Sound,,,
0,FORT,,1,1777024441.638954,146.02,Game,1,Predictable,98.15,0,,,4,,,130,Sound,,,
0,FORT,,1,1777024441.638954,146.03,Game,1,Predictable,98.16,0,,,4,,,130,Sound,,,
0,FORT,,1,1777024441.638954,146.04,Game,1,Predictable,98.17,0,,,4,,,130,Sound,,,
0,FORT,,1,1777024441.638954,146.06,Game,1,Predictable,98.19,0,,,4,,,130,Sound,,,
0,FORT,,1,1777024441.638954,146.07,Game,1,Predictable,98.2,0,,,4,,,130,Sound,,,
0,FORT,,1,1777024441.638954,146.08,Game,1,Predictable,98.21,0,,,4,,,130,Sound,,,
0,FORT,,1,1777024441.638954,146.09,Game,1,Predictable,98.22,0,,,4,,,130,Sound,,,
0,FORT,,1,1777024441.638954,146.11,Game,1,Predictable,98.24,0,,,4,,,130,Sound,,,
0,FORT,,1,1777024441.638954,146.12,Game,1,Predictable,98.25,0,,,4,,,130,Sound,,,
0,FORT,,1,1777024441.638954,146.13,Game,1,Predictable,98.26,0,,,4,,,130,Sound,,,
0,FORT,,1,1777024441.638954,146.14,Game,1,Predictable,98.27,0,,,4,,,130,Sound,,,
0,FORT,,1,1777024441.638954,146.16,Game,1,Predictable,98.29,0,,,4,,,130,Sound,,,
0,FORT,,1,1777024441.638954,146.17,Game,1,Predictable,98.3,0,,,4,,,130,Sound,,,
0,FORT,,1,1777024441.638954,146.18,Game,1,Predictable,98.31,0,,,4,,,130,Sound,,,
0,FORT,,1,1777024441.638954,146.19,Game,1,Predictable,98.32,0,,,4,,,130,Sound,,,
0,FORT,,1,1777024441.638954,146.21,Game,1,Predictable,98.34,0,,,4,,,130,Sound,,,
0,FORT,,1,1777024441.638954,146.22,Game,1,Predictable,98.35,0,,,4,,,130,Sound,,,
0,FORT,,1,1777024441.638954,146.23,Game,1,Predictable,98.36,0,,,4,,,130,Sound,,,
0,FORT,,1,1777024441.638954,146.24,Game,1,Predictable,98.37,0,,,4,,,130,Sound,,,
0,FORT,,1,1777024441.638954,146.26,Game,1,Predictable,98.39,0,,,4,,,130,Sound,,,
0,FORT,,1,1777024441.638954,146.27,Game,1,Predictable,98.4,0,,,4,,,130,Sound,,,
0,FORT,,1,1777024441.638954,146.28,Game,1,Predictable,98.41,0,,,4,,,130,Sound,,,
0,FORT,,1,1777024441.638954,146.29,Game,1,Predictable,98.42,0,,,4,,,130,Sound,,,
0,FORT,,1,1777024441.638954,146.31,Game,1,Predictable,98.44,0,,,4,,,130,Sound,,,
0,FORT,,1,1777024441.638954,146.32,Game,1,Predictable,98.45,0,,,4,,,130,Sound,,,
0,FORT,,1,1777024441.638954,146.33,Game,1,Predictable,98.46,0,,,4,,,130,Sound,,,
0,FORT,,1,1777024441.638954,146.34,Game,1,Predictable,98.47,0,,,4,,,130,Sound,,,
0,FORT,,1,1777024441.638954,146.36,Game,1,Predictable,98.49,0,,,4,,,130,Sound,,,
0,FORT,,1,1777024441.638954,146.37,Game,1,Predictable,98.5,0,,,4,,,130,Sound,,,
0,FORT,,1,1777024441.638954,146.38,Game,1,Predictable,98.51,0,,,4,,,130,Sound,,,
0,FORT,,1,1777024441.638954,146.39,Game,1,Predictable,98.52,0,,,4,,,130,Sound,,,
0,FORT,,1,1777024441.638954,146.41,Game,1,Predictable,98.54,0,,,4,,,130,Sound,,,
0,FORT,,1,1777024441.638954,146.42,Game,1,Predictable,98.55,0,,,4,,,130,Sound,,,
0,FORT,,1,1777024441.638954,146.43,Game,1,Predictable,98.56,0,,,4,,,130,Sound,,,
0,FORT,,1,1777024441.638954,146.44,Game,1,Predictable,98.57,0,,,4,,,130,Sound,,,
0,FORT,,1,1777024441.638954,146.46,Game,1,Predictable,98.59,0,,,4,,,130,Sound,,,
0,FORT,,1,1777024441.638954,146.47,Game,1,Predictable,98.6,0,,,4,,,130,Sound,,,
0,FORT,,1,1777024441.638954,146.48,Game,1,Predictable,98.61,0,,,4,,,130,Sound,,,
0,FORT,,1,1777024441.638954,146.49,Game,1,Predictable,98.62,0,,,4,,,130,Sound,,,
0,FORT,,1,1777024441.638954,146.51,Game,1,Predictable,98.64,0,,,4,,,130,Sound,,,
0,FORT,,1,1777024441.638954,146.52,Game,1,Predictable,98.65,0,,,4,,,130,Sound,,,
0,FORT,,1,1777024441.638954,146.53,Game,1,Predictable,98.66,0,,,4,,,130,Sound,,,
0,FORT,,1,1777024441.638954,146.54,Game,1,Predictable,98.67,0,,,4,,,130,Sound,,,
0,FORT,,1,1777024441.638954,146.56,Game,1,Predictable,98.69,0,,,4,,,130,Sound,,,
0,FORT,,1,1777024441.638954,146.57,Game,1,Predictable,98.7,0,,,4,,,130,Sound,,,
0,FORT,,1,1777024441.638954,146.58,Game,1,Predictable,98.71,0,,,4,,,130,Sound,,,
0,FORT,,1,1777024441.638954,146.59,Game,1,Predictable,98.72,0,,,4,,,130,Sound,,,
0,FORT,,1,1777024441.638954,146.61,Game,1,Predictable,98.74,0,,,4,,,130,Sound,,,
0,FORT,,1,1777024441.638954,146.62,Game,1,Predictable,98.75,0,,,4,,,130,Sound,,,
0,FORT,,1,1777024441.638954,146.63,Game,1,Predictable,98.76,0,,,4,,,130,Sound,,,
0,FORT,,1,1777024441.638954,146.64,Game,1,Predictable,98.77,0,,,4,,,130,Sound,,,
0,FORT,,1,1777024441.638954,146.66,Game,1,Predictable,98.79,0,,,4,,,130,Sound,,,
0,FORT,,1,1777024441.638954,146.67,Game,1,Predictable,98.8,0,,,4,,,130,Sound,,,
0,FORT,,1,1777024441.638954,146.68,Game,1,Predictable,98.81,0,,,4,,,130,Sound,,,
0,FORT,,1,1777024441.638954,146.69,Game,1,Predictable,98.82,0,,,4,,,130,Sound,,,
0,FORT,,1,1777024441.638954,146.71,Game,1,Predictable,98.84,0,,,4,,,130,Sound,,,
0,FORT,,1,1777024441.638954,146.72,Game,1,Predictable,98.85,0,,,4,,,130,Sound,,,
0,FORT,,1,1777024441.638954,146.73,Game,1,Predictable,98.86,0,,,4,,,130,Sound,,,
0,FORT,,1,1777024441.638954,146.74,Game,1,Predictable,98.87,0,,,4,,,130,Sound,,,
0,FORT,,1,1777024441.638954,146.76,Game,1,Predictable,98.89,0,,,4,,,130,Sound,,,
0,FORT,,1,1777024441.638954,146.77,Game,1,Predictable,98.9,0,,,4,,,130,Sound,,,
0,FORT,,1,1777024441.638954,146.78,Game,1,Predictable,98.91,0,,,4,,,130,Sound,,,
0,FORT,,1,1777024441.638954,146.79,Game,1,Predictable,98.92,0,,,4,,,130,Sound,,,
0,FORT,,1,1777024441.638954,146.81,Game,1,Predictable,98.94,0,,,4,,,130,Sound,,,
0,FORT,,1,1777024441.638954,146.82,Game,1,Predictable,98.95,0,,,4,,,130,Sound,,,
0,FORT,,1,1777024441.638954,146.83,Game,1,Predictable,98.96,0,,,4,,,130,Sound,,,
0,FORT,,1,1777024441.638954,146.84,Game,1,Predictable,98.97,0,,,4,,,130,Sound,,,
0,FORT,,1,1777024441.638954,146.86,Game,1,Predictable,98.99,0,,,4,,,130,Sound,,,
0,FORT,,1,1777024441.638954,146.87,Game,1,Predictable,99.0,0,,,4,,,130,Sound,,,
0,FORT,,1,1777024441.638954,146.88,Game,1,Predictable,99.01,0,,,4,,,130,Sound,,,
0,FORT,,1,1777024441.638954,146.89,Game,1,Predictable,99.02,0,,,4,,,130,Sound,,,
0,FORT,,1,1777024441.638954,146.91,Game,1,Predictable,99.04,0,,,4,,,130,Sound,,,
0,FORT,,1,1777024441.638954,146.92,Game,1,Predictable,99.05,0,,,4,,,130,Sound,,,
0,FORT,,1,1777024441.638954,146.93,Game,1,Predictable,99.06,0,,,4,,,130,Sound,,,
0,FORT,,1,1777024441.638954,146.94,Game,1,Predictable,99.07,0,,,4,,,130,Sound,,,
0,FORT,,1,1777024441.638954,146.96,Game,1,Predictable,99.09,0,,,4,,,130,Sound,,,
0,FORT,,1,1777024441.638954,146.97,Game,1,Predictable,99.1,0,,,4,,,130,Sound,,,
0,FORT,,1,1777024441.638954,146.98,Game,1,Predictable,99.11,0,,,4,,,130,Sound,,,
0,FORT,,1,1777024441.638954,146.99,Game,1,Predictable,99.12,0,,,4,,,130,Sound,,,
0,FORT,,1,1777024441.638954,147.01,Game,1,Predictable,99.14,0,,,4,,,130,Sound,,,
0,FORT,,1,1777024441.638954,147.02,Game,1,Predictable,99.15,0,,,4,,,130,Sound,,,
0,FORT,,1,1777024441.638954,147.03,Game,1,Predictable,99.16,0,,,4,,,130,Sound,,,
0,FORT,,1,1777024441.638954,147.04,Game,1,Predictable,99.17,0,,,4,,,130,Sound,,,
0,FORT,,1,1777024441.638954,147.06,Game,1,Predictable,99.19,0,,,4,,,130,Sound,,,
0,FORT,,1,1777024441.638954,147.07,Game,1,Predictable,99.2,0,,,4,,,130,Sound,,,
0,FORT,,1,1777024441.638954,147.08,Game,1,Predictable,99.21,0,,,4,,,130,Sound,,,
0,FORT,,1,1777024441.638954,147.09,Game,1,Predictable,99.22,0,,,4,,,130,Sound,,,
0,FORT,,1,1777024441.638954,147.11,Game,1,Predictable,99.24,0,,,4,,,130,Sound,,,
0,FORT,,1,1777024441.638954,147.12,Game,1,Predictable,99.25,0,,,4,,,130,Sound,,,
0,FORT,,1,1777024441.638954,147.13,Game,1,Predictable,99.26,0,,,4,,,130,Sound,,,
0,FORT,,1,1777024441.638954,147.14,Game,1,Predictable,99.27,0,,,4,,,130,Sound,,,
0,FORT,,1,1777024441.638954,147.16,Game,1,Predictable,99.29,0,,,4,,,130,Sound,,,
0,FORT,,1,1777024441.638954,147.17,Game,1,Predictable,99.3,0,,,4,,,130,Sound,,,
0,FORT,,1,1777024441.638954,147.18,Game,1,Predictable,99.31,0,,,4,,,130,Sound,,,
0,FORT,,1,1777024441.638954,147.19,Game,1,Predictable,99.32,0,,,4,,,130,Sound,,,
0,FORT,,1,1777024441.638954,147.21,Game,1,Predictable,99.34,0,,,4,,,130,Sound,,,
0,FORT,,1,1777024441.638954,147.22,Game,1,Predictable,99.35,0,,,4,,,130,Sound,,,
0,FORT,,1,1777024441.638954,147.23,Game,1,Predictable,99.36,0,,,4,,,130,Sound,,,
0,FORT,,1,1777024441.638954,147.24,Game,1,Predictable,99.37,0,,,4,,,130,Sound,,,
0,FORT,,1,1777024441.638954,147.26,Game,1,Predictable,99.39,0,,,4,,,130,Sound,,,
0,FORT,,1,1777024441.638954,147.27,Game,1,Predictable,99.4,0,,,4,,,130,Sound,,,
0,FORT,,1,1777024441.638954,147.28,Game,1,Predictable,99.41,0,,,4,,,130,Sound,,,
0,FORT,,1,1777024441.638954,147.29,Game,1,Predictable,99.42,0,,,4,,,130,Sound,,,
0,FORT,,1,1777024441.638954,147.31,Game,1,Predictable,99.44,0,,,4,,,130,Sound,,,
0,FORT,,1,1777024441.638954,147.32,Game,1,Predictable,99.45,0,,,4,,,130,Sound,,,
0,FORT,,1,1777024441.638954,147.33,Game,1,Predictable,99.46,0,,,4,,,130,Sound,,,
0,FORT,,1,1777024441.638954,147.34,Game,1,Predictable,99.47,0,,,4,,,130,Sound,,,
0,FORT,,1,1777024441.638954,147.36,Game,1,Predictable,99.49,0,,,4,,,130,Sound,,,
0,FORT,,1,1777024441.638954,147.37,Game,1,Predictable,99.5,0,,,4,,,130,Sound,,,
0,FORT,,1,1777024441.638954,147.38,Game,1,Predictable,99.51,0,,,4,,,130,Sound,,,
0,FORT,,1,1777024441.638954,147.39,Game,1,Predictable,99.52,0,,,4,,,130,Sound,,,
0,FORT,,1,1777024441.638954,147.41,Game,1,Predictable,99.54,0,,,4,,,130,Sound,,,
0,FORT,,1,1777024441.638954,147.42,Game,1,Predictable,99.55,0,,,4,,,130,Sound,,,
0,FORT,,1,1777024441.638954,147.43,Game,1,Predictable,99.56,0,,,4,,,130,Sound,,,
0,FORT,,1,1777024441.638954,147.44,Game,1,Predictable,99.57,0,,,4,,,130,Sound,,,
0,FORT,,1,1777024441.638954,147.46,Game,1,Predictable,99.59,0,,,4,,,130,Sound,,,
0,FORT,,1,1777024441.638954,147.47,Game,1,Predictable,99.6,0,,,4,,,130,Sound,,,
0,FORT,,1,1777024441.638954,147.48,Game,1,Predictable,99.61,0,,,4,,,130,Sound,,,
0,FORT,,1,1777024441.638954,147.49,Game,1,Predictable,99.62,0,,,4,,,130,Sound,,,
0,FORT,,1,1777024441.638954,147.51,Game,1,Predictable,99.64,0,,,4,,,130,Sound,,,
0,FORT,,1,1777024441.638954,147.52,Game,1,Predictable,99.65,0,,,4,,,130,Sound,,,
0,FORT,,1,1777024441.638954,147.53,Game,1,Predictable,99.66,0,,,4,,,130,Sound,,,
0,FORT,,1,1777024441.638954,147.54,Game,1,Predictable,99.67,0,,,4,,,130,Sound,,,
0,FORT,,1,1777024441.638954,147.56,Game,1,Predictable,99.69,0,,,4,,,130,Sound,,,
0,FORT,,1,1777024441.638954,147.57,Game,1,Predictable,99.7,0,,,4,,,130,Sound,,,
0,FORT,,1,1777024441.638954,147.58,Game,1,Predictable,99.71,0,,,4,,,130,Sound,,,
0,FORT,,1,1777024441.638954,147.59,Game,1,Predictable,99.72,0,,,4,,,130,Sound,,,
0,FORT,,1,1777024441.638954,147.61,Game,1,Predictable,99.74,0,,,4,,,130,Sound,,,
0,FORT,,1,1777024441.638954,147.62,Game,1,Predictable,99.75,0,,,4,,,130,Sound,,,
0,FORT,,1,1777024441.638954,147.63,Game,1,Predictable,99.76,0,,,4,,,130,Sound,,,
0,FORT,,1,1777024441.638954,147.64,Game,1,Predictable,99.77,0,,,4,,,130,Sound,,,
0,FORT,,1,1777024441.638954,147.66,Game,1,Predictable,99.79,0,,,4,,,130,Sound,,,
0,FORT,,1,1777024441.638954,147.67,Game,1,Predictable,99.8,0,,,4,,,130,Sound,,,
0,FORT,,1,1777024441.638954,147.68,Game,1,Predictable,99.81,0,,,4,,,130,Sound,,,
0,FORT,,1,1777024441.638954,147.69,Game,1,Predictable,99.82,0,,,4,,,130,Sound,,,
0,FORT,,1,1777024441.638954,147.71,Game,1,Predictable,99.84,0,,,4,,,130,Sound,,,
0,FORT,,1,1777024441.638954,147.72,Game,1,Predictable,99.85,0,,,4,,,130,Sound,,,
0,FORT,,1,1777024441.638954,147.73,Game,1,Predictable,99.86,0,,,4,,,130,Sound,,,
0,FORT,,1,1777024441.638954,147.74,Game,1,Predictable,99.87,0,,,4,,,130,Sound,,,
0,FORT,,1,1777024441.638954,147.76,Game,1,Predictable,99.89,0,,,4,,,130,Sound,,,
0,FORT,,1,1777024441.638954,147.77,Game,1,Predictable,99.9,0,,,4,,,130,Sound,,,
0,FORT,,1,1777024441.638954,147.78,Game,1,Predictable,99.91,0,,,4,,,130,Sound,,,
0,FORT,,1,1777024441.638954,147.79,Game,1,Predictable,99.92,0,,,4,,,130,Sound,,,
0,FORT,,1,1777024441.638954,147.81,Game,1,Predictable,99.94,0,,,4,,,130,Sound,,,
0,FORT,,1,1777024441.638954,147.82,Game,1,Predictable,99.95,0,,,4,,,130,Sound,,,
0,FORT,,1,1777024441.638954,147.83,Game,1,Predictable,99.96,0,,,4,,,130,Sound,,,
0,FORT,,1,1777024441.638954,147.84,Game,1,Predictable,99.97,0,,,4,,,130,Sound,,,
0,FORT,,1,1777024441.638954,147.86,Game,1,Predictable,99.99,0,,,4,,,130,Sound,,,
0,FORT,,1,1777024441.638954,147.87,Game,1,Predictable,100.0,0,,,4,,,130,Sound,,,
0,FORT,,1,1777024441.638954,147.88,Game,1,Predictable,100.01,0,,,4,,,130,Sound,,,
0,FORT,,1,1777024441.638954,147.89,Game,1,Predictable,100.02,0,,,4,,,130,Sound,,,
0,FORT,,1,1777024441.638954,147.91,Game,1,Predictable,100.04,0,,,4,,,130,Sound,,,
0,FORT,,1,1777024441.638954,147.92,Game,1,Predictable,100.05,0,,,4,,,130,Sound,,,
0,FORT,,1,1777024441.638954,147.93,Game,1,Predictable,100.06,0,,,4,,,130,Sound,,,
0,FORT,,1,1777024441.638954,147.94,Game,1,Predictable,100.07,0,,,4,,,130,Sound,,,
0,FORT,,1,1777024441.638954,147.96,Game,1,Predictable,100.09,0,,,4,,,130,Sound,,,
0,FORT,,1,1777024441.638954,147.97,Game,1,Predictable,100.1,0,,,4,,,130,Sound,,,
0,FORT,,1,1777024441.638954,147.98,Game,1,Predictable,100.11,0,,,4,,,130,Sound,,,
0,FORT,,1,1777024441.638954,147.99,Game,1,Predictable,100.12,0,,,4,,,130,Sound,,,
0,FORT,,1,1777024441.638954,148.01,Game,1,Predictable,100.14,0,,,4,,,130,Sound,,,
0,FORT,,1,1777024441.638954,148.02,Game,1,Predictable,100.15,0,,,4,,,130,Sound,,,
0,FORT,,1,1777024441.638954,148.03,Game,1,Predictable,100.16,0,,,4,,,130,Sound,,,
0,FORT,,1,1777024441.638954,148.04,Game,1,Predictable,100.17,0,,,4,,,130,Sound,,,
0,FORT,,1,1777024441.638954,148.06,Game,1,Predictable,100.19,0,,,4,,,130,Sound,,,
0,FORT,,1,1777024441.638954,148.07,Game,1,Predictable,100.2,0,,,4,,,130,Sound,,,
0,FORT,,1,1777024441.638954,148.08,Game,1,Predictable,100.21,0,,,4,,,130,Sound,,,
0,FORT,,1,1777024441.638954,148.09,Game,1,Predictable,100.22,0,,,4,,,130,Sound,,,
0,FORT,,1,1777024441.638954,148.11,Game,1,Predictable,100.24,0,,,4,,,130,Sound,,,
0,FORT,,1,1777024441.638954,148.12,Game,1,Predictable,100.25,0,,,4,,,130,Sound,,,
0,FORT,,1,1777024441.638954,148.13,Game,1,Predictable,100.26,0,,,4,,,130,Sound,,,
0,FORT,,1,1777024441.638954,148.14,Game,1,Predictable,100.27,0,,,4,,,130,Sound,,,
0,FORT,,1,1777024441.638954,148.16,Game,1,Predictable,100.29,0,,,4,,,130,Sound,,,
0,FORT,,1,1777024441.638954,148.17,Game,1,Predictable,100.3,0,,,4,,,130,Sound,,,
0,FORT,,1,1777024441.638954,148.18,Game,1,Predictable,100.31,0,,,4,,,130,Sound,,,
0,FORT,,1,1777024441.638954,148.19,Game,1,Predictable,100.32,0,,,4,,,130,Sound,,,
0,FORT,,1,1777024441.638954,148.21,Game,1,Predictable,100.34,0,,,4,,,130,Sound,,,
0,FORT,,1,1777024441.638954,148.22,Game,1,Predictable,100.35,0,,,4,,,130,Sound,,,
0,FORT,,1,1777024441.638954,148.23,Game,1,Predictable,100.36,0,,,4,,,130,Sound,,,
0,FORT,,1,1777024441.638954,148.24,Game,1,Predictable,100.37,0,,,4,,,130,Sound,,,
0,FORT,,1,1777024441.638954,148.26,Game,1,Predictable,100.39,0,,,4,,,130,Sound,,,
0,FORT,,1,1777024441.638954,148.27,Game,1,Predictable,100.4,0,,,4,,,130,Sound,,,
0,FORT,,1,1777024441.638954,148.28,Game,1,Predictable,100.41,0,,,4,,,130,Sound,,,
0,FORT,,1,1777024441.638954,148.29,Game,1,Predictable,100.42,0,,,4,,,130,Sound,,,
0,FORT,,1,1777024441.638954,148.31,Game,1,Predictable,100.44,0,,,4,,,130,Sound,,,
0,FORT,,1,1777024441.638954,148.32,Game,1,Predictable,100.45,0,,,4,,,130,Sound,,,
0,FORT,,1,1777024441.638954,148.33,Game,1,Predictable,100.46,0,,,4,,,130,Sound,,,
0,FORT,,1,1777024441.638954,148.34,Game,1,Predictable,100.47,0,,,4,,,130,Sound,,,
0,FORT,,1,1777024441.638954,148.36,Game,1,Predictable,100.49,0,,,4,,,130,Sound,,,
0,FORT,,1,1777024441.638954,148.37,Game,1,Predictable,100.5,0,,,4,,,130,Sound,,,
0,FORT,,1,1777024441.638954,148.38,Game,1,Predictable,100.51,0,,,4,,,130,Sound,,,
0,FORT,,1,1777024441.638954,148.39,Game,1,Predictable,100.52,0,,,4,,,130,Sound,,,
0,FORT,,1,1777024441.638954,148.41,Game,1,Predictable,100.54,0,,,4,,,130,Sound,,,
0,FORT,,1,1777024441.638954,148.42,Game,1,Predictable,100.55,0,,,4,,,130,Sound,,,
0,FORT,,1,1777024441.638954,148.43,Game,1,Predictable,100.56,0,,,4,,,130,Sound,,,
0,FORT,,1,1777024441.638954,148.44,Game,1,Predictable,100.57,0,,,4,,,130,Sound,,,
0,FORT,,1,1777024441.638954,148.46,Game,1,Predictable,100.59,0,,,4,,,130,Sound,,,
0,FORT,,1,1777024441.638954,148.47,Game,1,Predictable,100.6,0,,,4,,,130,Sound,,,
0,FORT,,1,1777024441.638954,148.48,Game,1,Predictable,100.61,0,,,4,,,130,Sound,,,
0,FORT,,1,1777024441.638954,148.49,Game,1,Predictable,100.62,0,,,4,,,130,Sound,,,
0,FORT,,1,1777024441.638954,148.51,Game,1,Predictable,100.64,0,,,4,,,130,Sound,,,
0,FORT,,1,1777024441.638954,148.52,Game,1,Predictable,100.65,0,,,4,,,130,Sound,,,
0,FORT,,1,1777024441.638954,148.53,Game,1,Predictable,100.66,0,,,4,,,130,Sound,,,
0,FORT,,1,1777024441.638954,148.54,Game,1,Predictable,100.67,0,,,4,,,130,Sound,,,
0,FORT,,1,1777024441.638954,148.56,Game,1,Predictable,100.69,0,,,4,,,130,Sound,,,
0,FORT,,1,1777024441.638954,148.57,Game,1,Predictable,100.7,0,,,4,,,130,Sound,,,
0,FORT,,1,1777024441.638954,148.58,Game,1,Predictable,100.71,0,,,4,,,130,Sound,,,
0,FORT,,1,1777024441.638954,148.59,Game,1,Predictable,100.72,0,,,4,,,130,Sound,,,
0,FORT,,1,1777024441.638954,148.61,Game,1,Predictable,100.74,0,,,4,,,130,Sound,,,
0,FORT,,1,1777024441.638954,148.62,Game,1,Predictable,100.75,0,,,4,,,130,Sound,,,
0,FORT,,1,1777024441.638954,148.63,Game,1,Predictable,100.76,0,,,4,,,130,Sound,,,
0,FORT,,1,1777024441.638954,148.64,Game,1,Predictable,100.77,0,,,4,,,130,Sound,,,
0,FORT,,1,1777024441.638954,148.66,Game,1,Predictable,100.79,0,,,4,,,130,Sound,,,
0,FORT,,1,1777024441.638954,148.67,Game,1,Predictable,100.8,0,,,4,,,130,Sound,,,
0,FORT,,1,1777024441.638954,148.68,Game,1,Predictable,100.81,0,,,4,,,130,Sound,,,
0,FORT,,1,1777024441.638954,148.69,Game,1,Predictable,100.82,0,,,4,,,130,Sound,,,
0,FORT,,1,1777024441.638954,148.71,Game,1,Predictable,100.84,0,,,4,,,130,Sound,,,
0,FORT,,1,1777024441.638954,148.72,Game,1,Predictable,100.85,0,,,4,,,130,Sound,,,
0,FORT,,1,1777024441.638954,148.73,Game,1,Predictable,100.86,0,,,4,,,130,Sound,,,
0,FORT,,1,1777024441.638954,148.74,Game,1,Predictable,100.87,0,,,4,,,130,Sound,,,
0,FORT,,1,1777024441.638954,148.76,Game,1,Predictable,100.89,0,,,4,,,130,Sound,,,
0,FORT,,1,1777024441.638954,148.77,Game,1,Predictable,100.9,0,,,4,,,130,Sound,,,
0,FORT,,1,1777024441.638954,148.78,Game,1,Predictable,100.91,0,,,4,,,130,Sound,,,
0,FORT,,1,1777024441.638954,148.79,Game,1,Predictable,100.92,0,,,4,,,130,Sound,,,
0,FORT,,1,1777024441.638954,148.81,Game,1,Predictable,100.94,0,,,4,,,130,Sound,,,
0,FORT,,1,1777024441.638954,148.82,Game,1,Predictable,100.95,0,,,4,,,130,Sound,,,
0,FORT,,1,1777024441.638954,148.83,Game,1,Predictable,100.96,0,,,4,,,130,Sound,,,
0,FORT,,1,1777024441.638954,148.84,Game,1,Predictable,100.97,0,,,4,,,130,Sound,,,
0,FORT,,1,1777024441.638954,148.86,Game,1,Predictable,100.99,0,,,4,,,130,Sound,,,
0,FORT,,1,1777024441.638954,148.87,Game,1,Predictable,101.0,0,,,4,,,130,Sound,,,
0,FORT,,1,1777024441.638954,148.88,Game,1,Predictable,101.01,0,,,4,,,130,Sound,,,
0,FORT,,1,1777024441.638954,148.99,Game,1,Predictable,101.13,1,,,4,101.13,,120,Sound,,,
0,FORT,,1,1777024441.638954,149.03,Game,1,Predictable,101.13,1,,,4,101.13,,120,Sound,,,
0,FORT,,1,1777024441.638954,149.04,Game,1,Predictable,101.17,1,,,4,101.13,,120,Sound,,,
0,FORT,,1,1777024441.638954,149.06,Game,1,Predictable,101.19,1,,,4,101.13,,120,Sound,,,
0,FORT,,1,1777024441.638954,149.07,Game,1,Predictable,101.2,1,,,4,101.13,,120,Sound,,,
0,FORT,,1,1777024441.638954,149.08,Game,1,Predictable,101.21,1,,,4,101.13,,120,Sound,,,
0,FORT,,1,1777024441.638954,149.09,Game,1,Predictable,101.22,1,,,4,101.13,,120,Sound,,,
0,FORT,,1,1777024441.638954,149.11,Game,1,Predictable,101.24,1,,,4,101.13,,120,Sound,,,
0,FORT,,1,1777024441.638954,149.12,Game,1,Predictable,101.25,1,,,4,101.13,,120,Sound,,,
0,FORT,,1,1777024441.638954,149.13,Game,1,Predictable,101.26,1,,,4,101.13,,120,Sound,,,
0,FORT,,1,1777024441.638954,149.14,Game,1,Predictable,101.27,1,,,4,101.13,,120,Sound,,,
0,FORT,,1,1777024441.638954,149.16,Game,1,Predictable,101.29,1,,,4,101.13,,120,Sound,,,
0,FORT,,1,1777024441.638954,149.17,Game,1,Predictable,101.3,1,,,4,101.13,,120,Sound,,,
0,FORT,,1,1777024441.638954,149.18,Game,1,Predictable,101.31,1,,,4,101.13,,120,Sound,,,
0,FORT,,1,1777024441.638954,149.19,Game,1,Predictable,101.32,1,,,4,101.13,,120,Sound,,,
0,FORT,,1,1777024441.638954,149.21,Game,1,Predictable,101.34,1,,,4,101.13,,120,Sound,,,
0,FORT,,1,1777024441.638954,149.22,Game,1,Predictable,101.35,1,,,4,101.13,,120,Sound,,,
0,FORT,,1,1777024441.638954,149.23,Game,1,Predictable,101.36,1,,,4,101.13,,120,Sound,,,
0,FORT,,1,1777024441.638954,149.24,Game,1,Predictable,101.37,1,,,4,101.13,,120,Sound,,,
0,FORT,,1,1777024441.638954,149.26,Game,1,Predictable,101.39,1,,,4,101.13,,120,Sound,,,
0,FORT,,1,1777024441.638954,149.27,Game,1,Predictable,101.4,1,,,4,101.13,,120,Sound,,,
0,FORT,,1,1777024441.638954,149.28,Game,1,Predictable,101.41,1,,,4,101.13,,120,Sound,,,
0,FORT,,1,1777024441.638954,149.29,Game,1,Predictable,101.42,1,,,4,101.13,,120,Sound,,,
0,FORT,,1,1777024441.638954,149.31,Game,1,Predictable,101.44,1,,,4,101.13,,120,Sound,,,
0,FORT,,1,1777024441.638954,149.32,Game,1,Predictable,101.45,1,,,4,101.13,,120,Sound,,,
0,FORT,,1,1777024441.638954,149.33,Game,1,Predictable,101.46,1,,,4,101.13,,120,Sound,,,
0,FORT,,1,1777024441.638954,149.34,Game,1,Predictable,101.47,1,,,4,101.13,,120,Sound,,,
0,FORT,,1,1777024441.638954,149.36,Game,1,Predictable,101.49,1,,,4,101.13,,120,Sound,,,
0,FORT,,1,1777024441.638954,149.37,Game,1,Predictable,101.5,1,,,4,101.13,,120,Sound,,,
0,FORT,,1,1777024441.638954,149.38,Game,1,Predictable,101.51,1,,,4,101.13,,120,Sound,,,
0,FORT,,1,1777024441.638954,149.39,Game,1,Predictable,101.52,1,,,4,101.13,,120,Sound,,,
0,FORT,,1,1777024441.638954,149.41,Game,1,Predictable,101.54,1,,,4,101.13,,120,Sound,,,
0,FORT,,1,1777024441.638954,149.42,Game,1,Predictable,101.55,1,,,4,101.13,,120,Sound,,,
0,FORT,,1,1777024441.638954,149.43,Game,1,Predictable,101.56,1,,,4,101.13,,120,Sound,,,
0,FORT,,1,1777024441.638954,149.44,Game,1,Predictable,101.57,1,,,4,101.13,,120,Sound,,,
0,FORT,,1,1777024441.638954,149.46,Game,1,Predictable,101.59,1,,,4,101.13,,120,Sound,,,
0,FORT,,1,1777024441.638954,149.47,Game,1,Predictable,101.6,1,,,4,101.13,,120,Sound,,,
0,FORT,,1,1777024441.638954,149.48,Game,1,Predictable,101.61,1,,,4,101.13,,120,Sound,,,
0,FORT,,1,1777024441.638954,149.49,Game,1,Predictable,101.62,1,,,4,101.13,,120,Sound,,,
0,FORT,,1,1777024441.638954,149.51,Game,1,Predictable,101.64,1,,,4,101.13,,120,Sound,,,
0,FORT,,1,1777024441.638954,149.52,Game,1,Predictable,101.65,1,,,4,101.13,,120,Sound,,,
0,FORT,,1,1777024441.638954,149.53,Game,1,Predictable,101.66,1,,,4,101.13,,120,Sound,,,
0,FORT,,1,1777024441.638954,149.54,Game,1,Predictable,101.67,1,,,4,101.13,,120,Sound,,,
0,FORT,,1,1777024441.638954,149.56,Game,1,Predictable,101.69,1,,,4,101.13,,120,Sound,,,
0,FORT,,1,1777024441.638954,149.57,Game,1,Predictable,101.7,1,,,4,101.13,,120,Sound,,,
0,FORT,,1,1777024441.638954,149.58,Game,1,Predictable,101.71,1,,,4,101.13,,120,Sound,,,
0,FORT,,1,1777024441.638954,149.59,Game,1,Predictable,101.72,1,,,4,101.13,,120,Sound,,,
0,FORT,,1,1777024441.638954,149.61,Game,1,Predictable,101.74,1,,,4,101.13,,120,Sound,,,
0,FORT,,1,1777024441.638954,149.62,Game,1,Predictable,101.75,1,,,4,101.13,,120,Sound,,,
0,FORT,,1,1777024441.638954,149.63,Game,1,Predictable,101.76,1,,,4,101.13,,120,Sound,,,
0,FORT,,1,1777024441.638954,149.64,Game,1,Predictable,101.77,1,,,4,101.13,,120,Sound,,,
0,FORT,,1,1777024441.638954,149.66,Game,1,Predictable,101.79,1,,,4,101.13,,120,Sound,,,
0,FORT,,1,1777024441.638954,149.67,Game,1,Predictable,101.8,1,,,4,101.13,,120,Sound,,,
0,FORT,,1,1777024441.638954,149.68,Game,1,Predictable,101.81,1,,,4,101.13,,120,Sound,,,
0,FORT,,1,1777024441.638954,149.69,Game,1,Predictable,101.82,1,,,4,101.13,,120,Sound,,,
0,FORT,,1,1777024441.638954,149.71,Game,1,Predictable,101.84,1,,,4,101.13,,120,Sound,,,
0,FORT,,1,1777024441.638954,149.72,Game,1,Predictable,101.85,1,,,4,101.13,,120,Sound,,,
0,FORT,,1,1777024441.638954,149.73,Game,1,Predictable,101.86,1,,,4,101.13,,120,Sound,,,
0,FORT,,1,1777024441.638954,149.74,Game,1,Predictable,101.87,1,,,4,101.13,,120,Sound,,,
0,FORT,,1,1777024441.638954,149.76,Game,1,Predictable,101.89,1,,,4,101.13,,120,Sound,,,
0,FORT,,1,1777024441.638954,149.77,Game,1,Predictable,101.9,1,,,4,101.13,,120,Sound,,,
0,FORT,,1,1777024441.638954,149.78,Game,1,Predictable,101.91,1,,,4,101.13,,120,Sound,,,
0,FORT,,1,1777024441.638954,149.79,Game,1,Predictable,101.92,1,,,4,101.13,,120,Sound,,,
0,FORT,,1,1777024441.638954,149.81,Game,1,Predictable,101.94,1,,,4,101.13,,120,Sound,,,
0,FORT,,1,1777024441.638954,149.82,Game,1,Predictable,101.95,1,,,4,101.13,,120,Sound,,,
0,FORT,,1,1777024441.638954,149.83,Game,1,Predictable,101.96,1,,,4,101.13,,120,Sound,,,
0,FORT,,1,1777024441.638954,149.84,Game,1,Predictable,101.97,1,,,4,101.13,,120,Sound,,,
0,FORT,,1,1777024441.638954,149.86,Game,1,Predictable,101.99,1,,,4,101.13,,120,Sound,,,
0,FORT,,1,1777024441.638954,149.87,Game,1,Predictable,102.0,1,,,4,101.13,,120,Sound,,,
0,FORT,,1,1777024441.638954,149.88,Game,1,Predictable,102.01,1,,,4,101.13,,120,Sound,,,
0,FORT,,1,1777024441.638954,149.89,Game,1,Predictable,102.02,1,,,4,101.13,,120,Sound,,,
0,FORT,,1,1777024441.638954,149.91,Game,1,Predictable,102.04,1,,,4,101.13,,120,Sound,,,
0,FORT,,1,1777024441.638954,149.92,Game,1,Predictable,102.05,1,,,4,101.13,,120,Sound,,,
0,FORT,,1,1777024441.638954,149.93,Game,1,Predictable,102.06,1,,,4,101.13,,120,Sound,,,
0,FORT,,1,1777024441.638954,149.94,Game,1,Predictable,102.07,1,,,4,101.13,,120,Sound,,,
0,FORT,,1,1777024441.638954,149.96,Game,1,Predictable,102.09,1,,,4,101.13,,120,Sound,,,
0,FORT,,1,1777024441.638954,149.97,Game,1,Predictable,102.1,1,,,4,101.13,,120,Sound,,,
0,FORT,,1,1777024441.638954,149.98,Game,1,Predictable,102.11,1,,,4,101.13,,120,Sound,,,
0,FORT,,1,1777024441.638954,149.99,Game,1,Predictable,102.12,1,,,4,101.13,,120,Sound,,,
0,FORT,,1,1777024441.638954,150.01,Game,1,Predictable,102.14,1,,,4,101.13,,120,Sound,,,
0,FORT,,1,1777024441.638954,150.02,Game,1,Predictable,102.15,1,,,4,101.13,,120,Sound,,,
0,FORT,,1,1777024441.638954,150.03,Game,1,Predictable,102.16,1,,,4,101.13,,120,Sound,,,
0,FORT,,1,1777024441.638954,150.04,Game,1,Predictable,102.17,1,,,4,101.13,,120,Sound,,,
0,FORT,,1,1777024441.638954,150.06,Game,1,Predictable,102.19,1,,,4,101.13,,120,Sound,,,
0,FORT,,1,1777024441.638954,150.07,Game,1,Predictable,102.2,1,,,4,101.13,,120,Sound,,,
0,FORT,,1,1777024441.638954,150.08,Game,1,Predictable,102.21,1,,,4,101.13,,120,Sound,,,
0,FORT,,1,1777024441.638954,150.09,Game,1,Predictable,102.22,1,,,4,101.13,,120,Sound,,,
0,FORT,,1,1777024441.638954,150.11,Game,1,Predictable,102.24,1,,,4,101.13,,120,Sound,,,
0,FORT,,1,1777024441.638954,150.12,Game,1,Predictable,102.25,1,,,4,101.13,,120,Sound,,,
0,FORT,,1,1777024441.638954,150.13,Game,1,Predictable,102.26,1,,,4,101.13,,120,Sound,,,
0,FORT,,1,1777024441.638954,150.14,Game,1,Predictable,102.27,1,,,4,101.13,,120,Sound,,,
0,FORT,,1,1777024441.638954,150.16,Game,1,Predictable,102.29,1,,,4,101.13,,120,Sound,,,
0,FORT,,1,1777024441.638954,150.17,Game,1,Predictable,102.3,1,,,4,101.13,,120,Sound,,,
0,FORT,,1,1777024441.638954,150.18,Game,1,Predictable,102.31,1,,,4,101.13,,120,Sound,,,
0,FORT,,1,1777024441.638954,150.19,Game,1,Predictable,102.32,1,,,4,101.13,,120,Sound,,,
0,FORT,,1,1777024441.638954,150.21,Game,1,Predictable,102.34,1,,,4,101.13,,120,Sound,,,
0,FORT,,1,1777024441.638954,150.22,Game,1,Predictable,102.35,1,,,4,101.13,,120,Sound,,,
0,FORT,,1,1777024441.638954,150.23,Game,1,Predictable,102.36,1,,,4,101.13,,120,Sound,,,
0,FORT,,1,1777024441.638954,150.24,Game,1,Predictable,102.37,1,,,4,101.13,,120,Sound,,,
0,FORT,,1,1777024441.638954,150.26,Game,1,Predictable,102.39,1,,,4,101.13,,120,Sound,,,
0,FORT,,1,1777024441.638954,150.27,Game,1,Predictable,102.4,1,,,4,101.13,,120,Sound,,,
0,FORT,,1,1777024441.638954,150.28,Game,1,Predictable,102.41,1,,,4,101.13,,120,Sound,,,
0,FORT,,1,1777024441.638954,150.29,Game,1,Predictable,102.42,1,,,4,101.13,,120,Sound,,,
0,FORT,,1,1777024441.638954,150.31,Game,1,Predictable,102.44,1,,,4,101.13,,120,Sound,,,
0,FORT,,1,1777024441.638954,150.32,Game,1,Predictable,102.45,1,,,4,101.13,,120,Sound,,,
0,FORT,,1,1777024441.638954,150.33,Game,1,Predictable,102.46,1,,,4,101.13,,120,Sound,,,
0,FORT,,1,1777024441.638954,150.34,Game,1,Predictable,102.47,1,,,4,101.13,,120,Sound,,,
0,FORT,,1,1777024441.638954,150.36,Game,1,Predictable,102.49,1,,,4,101.13,,120,Sound,,,
0,FORT,,1,1777024441.638954,150.37,Game,1,Predictable,102.5,1,,,4,101.13,,120,Sound,,,
0,FORT,,1,1777024441.638954,150.38,Game,1,Predictable,102.51,1,,,4,101.13,,120,Sound,,,
0,FORT,,1,1777024441.638954,150.39,Game,1,Predictable,102.52,1,,,4,101.13,,120,Sound,,,
0,FORT,,1,1777024441.638954,150.41,Game,1,Predictable,102.54,1,,,4,101.13,,120,Sound,,,
0,FORT,,1,1777024441.638954,150.42,Game,1,Predictable,102.55,1,,,4,101.13,,120,Sound,,,
0,FORT,,1,1777024441.638954,150.43,Game,1,Predictable,102.56,1,,,4,101.13,,120,Sound,,,
0,FORT,,1,1777024441.638954,150.44,Game,1,Predictable,102.57,1,,,4,101.13,,120,Sound,,,
0,FORT,,1,1777024441.638954,150.46,Game,1,Predictable,102.59,1,,,4,101.13,,120,Sound,,,
0,FORT,,1,1777024441.638954,150.47,Game,1,Predictable,102.6,1,,,4,101.13,,120,Sound,,,
0,FORT,,1,1777024441.638954,150.48,Game,1,Predictable,102.61,1,,,4,101.13,,120,Sound,,,
0,FORT,,1,1777024441.638954,150.49,Game,1,Predictable,102.62,1,,,4,101.13,,120,Sound,,,
0,FORT,,1,1777024441.638954,150.51,Game,1,Predictable,102.64,1,,,4,101.13,,120,Sound,,,
0,FORT,,1,1777024441.638954,150.52,Game,1,Predictable,102.65,1,,,4,101.13,,120,Sound,,,
0,FORT,,1,1777024441.638954,150.53,Game,1,Predictable,102.66,1,,,4,101.13,,120,Sound,,,
0,FORT,,1,1777024441.638954,150.54,Game,1,Predictable,102.67,1,,,4,101.13,,120,Sound,,,
0,FORT,,1,1777024441.638954,150.56,Game,1,Predictable,102.69,1,,,4,101.13,,120,Sound,,,
0,FORT,,1,1777024441.638954,150.57,Game,1,Predictable,102.7,1,,,4,101.13,,120,Sound,,,
0,FORT,,1,1777024441.638954,150.58,Game,1,Predictable,102.71,1,,,4,101.13,,120,Sound,,,
0,FORT,,1,1777024441.638954,150.59,Game,1,Predictable,102.72,1,,,4,101.13,,120,Sound,,,
0,FORT,,1,1777024441.638954,150.61,Game,1,Predictable,102.74,1,,,4,101.13,,120,Sound,,,
0,FORT,,1,1777024441.638954,150.62,Game,1,Predictable,102.75,1,,,4,101.13,,120,Sound,,,
0,FORT,,1,1777024441.638954,150.63,Game,1,Predictable,102.76,1,,,4,101.13,,120,Sound,,,
0,FORT,,1,1777024441.638954,150.64,Game,1,Predictable,102.77,1,,,4,101.13,,120,Sound,,,
0,FORT,,1,1777024441.638954,150.66,Game,1,Predictable,102.79,1,,,4,101.13,,120,Sound,,,
0,FORT,,1,1777024441.638954,150.67,Game,1,Predictable,102.8,1,,,4,101.13,,120,Sound,,,
0,FORT,,1,1777024441.638954,150.68,Game,1,Predictable,102.81,1,,,4,101.13,,120,Sound,,,
0,FORT,,1,1777024441.638954,150.69,Game,1,Predictable,102.82,1,,,4,101.13,,120,Sound,,,
0,FORT,,1,1777024441.638954,150.71,Game,1,Predictable,102.84,1,,,4,101.13,,120,Sound,,,
0,FORT,,1,1777024441.638954,150.72,Game,1,Predictable,102.85,1,,,4,101.13,,120,Sound,,,
0,FORT,,1,1777024441.638954,150.73,Game,1,Predictable,102.86,1,,,4,101.13,,120,Sound,,,
0,FORT,,1,1777024441.638954,150.74,Game,1,Predictable,102.87,1,,,4,101.13,,120,Sound,,,
0,FORT,,1,1777024441.638954,150.76,Game,1,Predictable,102.89,1,,,4,101.13,,120,Sound,,,
0,FORT,,1,1777024441.638954,150.77,Game,1,Predictable,102.9,1,,,4,101.13,,120,Sound,,,
0,FORT,,1,1777024441.638954,150.78,Game,1,Predictable,102.91,1,,,4,101.13,,120,Sound,,,
0,FORT,,1,1777024441.638954,150.79,Game,1,Predictable,102.92,1,,,4,101.13,,120,Sound,,,
0,FORT,,1,1777024441.638954,150.81,Game,1,Predictable,102.94,1,,,4,101.13,,120,Sound,,,
0,FORT,,1,1777024441.638954,150.82,Game,1,Predictable,102.95,1,,,4,101.13,,120,Sound,,,
0,FORT,,1,1777024441.638954,150.83,Game,1,Predictable,102.96,1,,,4,101.13,,120,Sound,,,
0,FORT,,1,1777024441.638954,150.84,Game,1,Predictable,102.97,1,,,4,101.13,,120,Sound,,,
0,FORT,,1,1777024441.638954,150.86,Game,1,Predictable,102.99,1,,,4,101.13,,120,Sound,,,
0,FORT,,1,1777024441.638954,150.87,Game,1,Predictable,103.0,1,,,4,101.13,,120,Sound,,,
0,FORT,,1,1777024441.638954,150.88,Game,1,Predictable,103.01,1,,,4,101.13,,120,Sound,,,
0,FORT,,1,1777024441.638954,150.89,Game,1,Predictable,103.02,1,,,4,101.13,,120,Sound,,,
0,FORT,,1,1777024441.638954,150.91,Game,1,Predictable,103.04,1,,,4,101.13,,120,Sound,,,
0,FORT,,1,1777024441.638954,150.92,Game,1,Predictable,103.05,1,,,4,101.13,,120,Sound,,,
0,FORT,,1,1777024441.638954,150.93,Game,1,Predictable,103.06,1,,,4,101.13,,120,Sound,,,
0,FORT,,1,1777024441.638954,150.94,Game,1,Predictable,103.07,1,,,4,101.13,,120,Sound,,,
0,FORT,,1,1777024441.638954,150.96,Game,1,Predictable,103.09,1,,,4,101.13,,120,Sound,,,
0,FORT,,1,1777024441.638954,150.97,Game,1,Predictable,103.1,1,,,4,101.13,,120,Sound,,,
0,FORT,,1,1777024441.638954,150.98,Game,1,Predictable,103.11,1,,,4,101.13,,120,Sound,,,
0,FORT,,1,1777024441.638954,150.99,Game,1,Predictable,103.12,1,,,4,101.13,,120,Sound,,,
0,FORT,,1,1777024441.638954,151.01,Game,1,Predictable,103.14,1,,,4,101.13,,120,Sound,,,
0,FORT,,1,1777024441.638954,151.02,Game,1,Predictable,103.15,1,,,4,101.13,,120,Sound,,,
0,FORT,,1,1777024441.638954,151.03,Game,1,Predictable,103.16,1,,,4,101.13,,120,Sound,,,
0,FORT,,1,1777024441.638954,151.04,Game,1,Predictable,103.17,1,,,4,101.13,,120,Sound,,,
0,FORT,,1,1777024441.638954,151.06,Game,1,Predictable,103.19,1,,,4,101.13,,120,Sound,,,
0,FORT,,1,1777024441.638954,151.07,Game,1,Predictable,103.2,1,,,4,101.13,,120,Sound,,,
0,FORT,,1,1777024441.638954,151.08,Game,1,Predictable,103.21,1,,,4,101.13,,120,Sound,,,
0,FORT,,1,1777024441.638954,151.09,Game,1,Predictable,103.22,1,,,4,101.13,,120,Sound,,,
0,FORT,,1,1777024441.638954,151.11,Game,1,Predictable,103.24,1,,,4,101.13,,120,Sound,,,
0,FORT,,1,1777024441.638954,151.12,Game,1,Predictable,103.25,1,,,4,101.13,,120,Sound,,,
0,FORT,,1,1777024441.638954,151.13,Game,1,Predictable,103.26,1,,,4,101.13,,120,Sound,,,
0,FORT,,1,1777024441.638954,151.14,Game,1,Predictable,103.27,1,,,4,101.13,,120,Sound,,,
0,FORT,,1,1777024441.638954,151.16,Game,1,Predictable,103.29,1,,,4,101.13,,120,Sound,,,
0,FORT,,1,1777024441.638954,151.17,Game,1,Predictable,103.3,1,,,4,101.13,,120,Sound,,,
0,FORT,,1,1777024441.638954,151.18,Game,1,Predictable,103.31,1,,,4,101.13,,120,Sound,,,
0,FORT,,1,1777024441.638954,151.19,Game,1,Predictable,103.32,1,,,4,101.13,,120,Sound,,,
0,FORT,,1,1777024441.638954,151.21,Game,1,Predictable,103.34,1,,,4,101.13,,120,Sound,,,
0,FORT,,1,1777024441.638954,151.22,Game,1,Predictable,103.35,1,,,4,101.13,,120,Sound,,,
0,FORT,,1,1777024441.638954,151.23,Game,1,Predictable,103.36,1,,,4,101.13,,120,Sound,,,
0,FORT,,1,1777024441.638954,151.24,Game,1,Predictable,103.37,1,,,4,101.13,,120,Sound,,,
0,FORT,,1,1777024441.638954,151.26,Game,1,Predictable,103.39,1,,,4,101.13,,120,Sound,,,
0,FORT,,1,1777024441.638954,151.27,Game,1,Predictable,103.4,1,,,4,101.13,,120,Sound,,,
0,FORT,,1,1777024441.638954,151.28,Game,1,Predictable,103.41,1,,,4,101.13,,120,Sound,,,
0,FORT,,1,1777024441.638954,151.29,Game,1,Predictable,103.42,1,,,4,101.13,,120,Sound,,,
0,FORT,,1,1777024441.638954,151.31,Game,1,Predictable,103.44,1,,,4,101.13,,120,Sound,,,
0,FORT,,1,1777024441.638954,151.32,Game,1,Predictable,103.45,1,,,4,101.13,,120,Sound,,,
0,FORT,,1,1777024441.638954,151.33,Game,1,Predictable,103.46,1,,,4,101.13,,120,Sound,,,
0,FORT,,1,1777024441.638954,151.34,Game,1,Predictable,103.47,1,,,4,101.13,,120,Sound,,,
0,FORT,,1,1777024441.638954,151.36,Game,1,Predictable,103.49,1,,,4,101.13,,120,Sound,,,
0,FORT,,1,1777024441.638954,151.37,Game,1,Predictable,103.5,1,,,4,101.13,,120,Sound,,,
0,FORT,,1,1777024441.638954,151.38,Game,1,Predictable,103.51,1,,,4,101.13,,120,Sound,,,
0,FORT,,1,1777024441.638954,151.39,Game,1,Predictable,103.52,1,,,4,101.13,,120,Sound,,,
0,FORT,,1,1777024441.638954,151.41,Game,1,Predictable,103.54,1,,,4,101.13,,120,Sound,,,
0,FORT,,1,1777024441.638954,151.42,Game,1,Predictable,103.55,1,,,4,101.13,,120,Sound,,,
0,FORT,,1,1777024441.638954,151.43,Game,1,Predictable,103.56,1,,,4,101.13,,120,Sound,,,
0,FORT,,1,1777024441.638954,151.44,Game,1,Predictable,103.57,1,,,4,101.13,,120,Sound,,,
0,FORT,,1,1777024441.638954,151.46,Game,1,Predictable,103.59,1,,,4,101.13,,120,Sound,,,
0,FORT,,1,1777024441.638954,151.47,Game,1,Predictable,103.6,1,,,4,101.13,,120,Sound,,,
0,FORT,,1,1777024441.638954,151.48,Game,1,Predictable,103.61,1,,,4,101.13,,120,Sound,,,
0,FORT,,1,1777024441.638954,151.49,Game,1,Predictable,103.62,1,,,4,101.13,,120,Sound,,,
0,FORT,,1,1777024441.638954,151.51,Game,1,Predictable,103.64,1,,,4,101.13,,120,Sound,,,
0,FORT,,1,1777024441.638954,151.52,Game,1,Predictable,103.65,1,,,4,101.13,,120,Sound,,,
0,FORT,,1,1777024441.638954,151.53,Game,1,Predictable,103.66,1,,,4,101.13,,120,Sound,,,
0,FORT,,1,1777024441.638954,151.54,Game,1,Predictable,103.67,1,,,4,101.13,,120,Sound,,,
0,FORT,,1,1777024441.638954,151.56,Game,1,Predictable,103.69,1,,,4,101.13,,120,Sound,,,
0,FORT,,1,1777024441.638954,151.57,Game,1,Predictable,103.7,1,,,4,101.13,,120,Sound,,,
0,FORT,,1,1777024441.638954,151.58,Game,1,Predictable,103.71,1,,,4,101.13,,120,Sound,,,
0,FORT,,1,1777024441.638954,151.59,Game,1,Predictable,103.72,1,,,4,101.13,,120,Sound,,,
0,FORT,,1,1777024441.638954,151.61,Game,1,Predictable,103.74,1,,,4,101.13,,120,Sound,,,
0,FORT,,1,1777024441.638954,151.62,Game,1,Predictable,103.75,1,,,4,101.13,,120,Sound,,,
0,FORT,,1,1777024441.638954,151.63,Game,1,Predictable,103.76,1,,,4,101.13,,120,Sound,,,
0,FORT,,1,1777024441.638954,151.64,Game,1,Predictable,103.77,1,,,4,101.13,,120,Sound,,,
0,FORT,,1,1777024441.638954,151.66,Game,1,Predictable,103.79,1,,,4,101.13,,120,Sound,,,
0,FORT,,1,1777024441.638954,151.67,Game,1,Predictable,103.8,1,,,4,101.13,,120,Sound,,,
0,FORT,,1,1777024441.638954,151.68,Game,1,Predictable,103.81,1,,,4,101.13,,120,Sound,,,
0,FORT,,1,1777024441.638954,151.69,Game,1,Predictable,103.82,1,,,4,101.13,,120,Sound,,,
0,FORT,,1,1777024441.638954,151.71,Game,1,Predictable,103.84,1,,,4,101.13,,120,Sound,,,
0,FORT,,1,1777024441.638954,151.72,Game,1,Predictable,103.85,1,,,4,101.13,,120,Sound,,,
0,FORT,,1,1777024441.638954,151.73,Game,1,Predictable,103.86,1,,,4,101.13,,120,Sound,,,
0,FORT,,1,1777024441.638954,151.74,Game,1,Predictable,103.87,1,,,4,101.13,,120,Sound,,,
0,FORT,,1,1777024441.638954,151.76,Game,1,Predictable,103.89,1,,,4,101.13,,120,Sound,,,
0,FORT,,1,1777024441.638954,151.77,Game,1,Predictable,103.9,1,,,4,101.13,,120,Sound,,,
0,FORT,,1,1777024441.638954,151.78,Game,1,Predictable,103.91,1,,,4,101.13,,120,Sound,,,
0,FORT,,1,1777024441.638954,151.79,Game,1,Predictable,103.92,1,,,4,101.13,,120,Sound,,,
0,FORT,,1,1777024441.638954,151.81,Game,1,Predictable,103.94,1,,,4,101.13,,120,Sound,,,
0,FORT,,1,1777024441.638954,151.82,Game,1,Predictable,103.95,1,,,4,101.13,,120,Sound,,,
0,FORT,,1,1777024441.638954,151.83,Game,1,Predictable,103.96,1,,,4,101.13,,120,Sound,,,
0,FORT,,1,1777024441.638954,151.84,Game,1,Predictable,103.97,1,,,4,101.13,,120,Sound,,,
0,FORT,,1,1777024441.638954,151.86,Game,1,Predictable,103.99,1,,,4,101.13,,120,Sound,,,
0,FORT,,1,1777024441.638954,151.87,Game,1,Predictable,104.0,1,,,4,101.13,,120,Sound,,,
0,FORT,,1,1777024441.638954,151.88,Game,1,Predictable,104.01,1,,,4,101.13,,120,Sound,,,
0,FORT,,1,1777024441.638954,151.89,Game,1,Predictable,104.02,1,,,4,101.13,,120,Sound,,,
0,FORT,,1,1777024441.638954,151.91,Game,1,Predictable,104.04,1,,,4,101.13,,120,Sound,,,
0,FORT,,1,1777024441.638954,151.92,Game,1,Predictable,104.05,1,,,4,101.13,,120,Sound,,,
0,FORT,,1,1777024441.638954,151.93,Game,1,Predictable,104.06,1,,,4,101.13,,120,Sound,,,
0,FORT,,1,1777024441.638954,151.94,Game,1,Predictable,104.07,1,,,4,101.13,,120,Sound,,,
0,FORT,,1,1777024441.638954,151.96,Game,1,Predictable,104.09,1,,,4,101.13,,120,Sound,,,
0,FORT,,1,1777024441.638954,151.97,Game,1,Predictable,104.1,1,,,4,101.13,,120,Sound,,,
0,FORT,,1,1777024441.638954,151.98,Game,1,Predictable,104.11,1,,,4,101.13,,120,Sound,,,
0,FORT,,1,1777024441.638954,151.99,Game,1,Predictable,104.12,1,,,4,101.13,,120,Sound,,,
0,FORT,,1,1777024441.638954,152.01,Game,1,Predictable,104.14,1,,,4,101.13,,120,Sound,,,
0,FORT,,1,1777024441.638954,152.02,Game,1,Predictable,104.15,1,,,4,101.13,,120,Sound,,,
0,FORT,,1,1777024441.638954,152.03,Game,1,Predictable,104.16,1,,,4,101.13,,120,Sound,,,
0,FORT,,1,1777024441.638954,152.04,Game,1,Predictable,104.17,1,,,4,101.13,,120,Sound,,,
0,FORT,,1,1777024441.638954,152.06,Game,1,Predictable,104.19,1,,,4,101.13,,120,Sound,,,
0,FORT,,1,1777024441.638954,152.07,Game,1,Predictable,104.2,1,,,4,101.13,,120,Sound,,,
0,FORT,,1,1777024441.638954,152.08,Game,1,Predictable,104.21,1,,,4,101.13,,120,Sound,,,
0,FORT,,1,1777024441.638954,152.09,Game,1,Predictable,104.22,1,,,4,101.13,,120,Sound,,,
0,FORT,,1,1777024441.638954,152.11,Game,1,Predictable,104.24,1,,,4,101.13,,120,Sound,,,
0,FORT,,1,1777024441.638954,152.12,Game,1,Predictable,104.25,1,,,4,101.13,,120,Sound,,,
0,FORT,,1,1777024441.638954,152.13,Game,1,Predictable,104.26,1,,,4,101.13,,120,Sound,,,
0,FORT,,1,1777024441.638954,152.14,Game,1,Predictable,104.27,1,,,4,101.13,,120,Sound,,,
0,FORT,,1,1777024441.638954,152.16,Game,1,Predictable,104.29,1,,,4,101.13,,120,Sound,,,
0,FORT,,1,1777024441.638954,152.17,Game,1,Predictable,104.3,1,,,4,101.13,,120,Sound,,,
0,FORT,,1,1777024441.638954,152.18,Game,1,Predictable,104.31,1,,,4,101.13,,120,Sound,,,
0,FORT,,1,1777024441.638954,152.19,Game,1,Predictable,104.32,1,,,4,101.13,,120,Sound,,,
0,FORT,,1,1777024441.638954,152.21,Game,1,Predictable,104.34,1,,,4,101.13,,120,Sound,,,
0,FORT,,1,1777024441.638954,152.22,Game,1,Predictable,104.35,1,,,4,101.13,,120,Sound,,,
0,FORT,,1,1777024441.638954,152.23,Game,1,Predictable,104.36,1,,,4,101.13,,120,Sound,,,
0,FORT,,1,1777024441.638954,152.24,Game,1,Predictable,104.38,1,,,4,101.13,,120,Sound,,,
0,FORT,,1,1777024441.638954,152.26,Game,1,Predictable,104.39,1,,,4,101.13,,120,Sound,,,
0,FORT,,1,1777024441.638954,152.27,Game,1,Predictable,104.4,1,,,4,101.13,,120,Sound,,,
0,FORT,,1,1777024441.638954,152.28,Game,1,Predictable,104.41,1,,,4,101.13,,120,Sound,,,
0,FORT,,1,1777024441.638954,152.29,Game,1,Predictable,104.42,1,,,4,101.13,,120,Sound,,,
0,FORT,,1,1777024441.638954,152.31,Game,1,Predictable,104.44,1,,,4,101.13,,120,Sound,,,
0,FORT,,1,1777024441.638954,152.32,Game,1,Predictable,104.45,1,,,4,101.13,,120,Sound,,,
0,FORT,,1,1777024441.638954,152.33,Game,1,Predictable,104.46,1,,,4,101.13,,120,Sound,,,
0,FORT,,1,1777024441.638954,152.34,Game,1,Predictable,104.47,1,,,4,101.13,,120,Sound,,,
0,FORT,,1,1777024441.638954,152.36,Game,1,Predictable,104.49,1,,,4,101.13,,120,Sound,,,
0,FORT,,1,1777024441.638954,152.37,Game,1,Predictable,104.5,1,,,4,101.13,,120,Sound,,,
0,FORT,,1,1777024441.638954,152.38,Game,1,Predictable,104.51,1,,,4,101.13,,120,Sound,,,
0,FORT,,1,1777024441.638954,152.39,Game,1,Predictable,104.52,1,,,4,101.13,,120,Sound,,,
0,FORT,,1,1777024441.638954,152.41,Game,1,Predictable,104.54,1,,,4,101.13,,120,Sound,,,
0,FORT,,1,1777024441.638954,152.42,Game,1,Predictable,104.55,1,,,4,101.13,,120,Sound,,,
0,FORT,,1,1777024441.638954,152.43,Game,1,Predictable,104.56,1,,,4,101.13,,120,Sound,,,
0,FORT,,1,1777024441.638954,152.44,Game,1,Predictable,104.57,1,,,4,101.13,,120,Sound,,,
0,FORT,,1,1777024441.638954,152.46,Game,1,Predictable,104.59,1,,,4,101.13,,120,Sound,,,
0,FORT,,1,1777024441.638954,152.47,Game,1,Predictable,104.6,1,,,4,101.13,,120,Sound,,,
0,FORT,,1,1777024441.638954,152.48,Game,1,Predictable,104.61,1,,,4,101.13,,120,Sound,,,
0,FORT,,1,1777024441.638954,152.49,Game,1,Predictable,104.62,1,,,4,101.13,,120,Sound,,,
0,FORT,,1,1777024441.638954,152.51,Game,1,Predictable,104.64,1,,,4,101.13,,120,Sound,,,
0,FORT,,1,1777024441.638954,152.52,Game,1,Predictable,104.65,1,,,4,101.13,,120,Sound,,,
0,FORT,,1,1777024441.638954,152.53,Game,1,Predictable,104.66,1,,,4,101.13,,120,Sound,,,
0,FORT,,1,1777024441.638954,152.54,Game,1,Predictable,104.67,1,,,4,101.13,,120,Sound,,,
0,FORT,,1,1777024441.638954,152.56,Game,1,Predictable,104.69,1,,,4,101.13,,120,Sound,,,
0,FORT,,1,1777024441.638954,152.57,Game,1,Predictable,104.7,1,,,4,101.13,,120,Sound,,,
0,FORT,,1,1777024441.638954,152.58,Game,1,Predictable,104.71,1,,,4,101.13,,120,Sound,,,
0,FORT,,1,1777024441.638954,152.59,Game,1,Predictable,104.72,1,,,4,101.13,,120,Sound,,,
0,FORT,,1,1777024441.638954,152.61,Game,1,Predictable,104.74,1,,,4,101.13,,120,Sound,,,
0,FORT,,1,1777024441.638954,152.62,Game,1,Predictable,104.75,1,,,4,101.13,,120,Sound,,,
0,FORT,,1,1777024441.638954,152.63,Game,1,Predictable,104.76,1,,,4,101.13,,120,Sound,,,
0,FORT,,1,1777024441.638954,152.64,Game,1,Predictable,104.77,1,,,4,101.13,,120,Sound,,,
0,FORT,,1,1777024441.638954,152.66,Game,1,Predictable,104.79,1,,,4,101.13,,120,Sound,,,
0,FORT,,1,1777024441.638954,152.67,Game,1,Predictable,104.8,1,,,4,101.13,,120,Sound,,,
0,FORT,,1,1777024441.638954,152.68,Game,1,Predictable,104.81,1,,,4,101.13,,120,Sound,,,
0,FORT,,1,1777024441.638954,152.69,Game,1,Predictable,104.82,1,,,4,101.13,,120,Sound,,,
0,FORT,,1,1777024441.638954,152.71,Game,1,Predictable,104.84,1,,,4,101.13,,120,Sound,,,
0,FORT,,1,1777024441.638954,152.72,Game,1,Predictable,104.85,1,,,4,101.13,,120,Sound,,,
0,FORT,,1,1777024441.638954,152.73,Game,1,Predictable,104.86,1,,,4,101.13,,120,Sound,,,
0,FORT,,1,1777024441.638954,152.74,Game,1,Predictable,104.87,1,,,4,101.13,,120,Sound,,,
0,FORT,,1,1777024441.638954,152.76,Game,1,Predictable,104.89,1,,,4,101.13,,120,Sound,,,
0,FORT,,1,1777024441.638954,152.77,Game,1,Predictable,104.9,1,,,4,101.13,,120,Sound,,,
0,FORT,,1,1777024441.638954,152.78,Game,1,Predictable,104.91,1,,,4,101.13,,120,Sound,,,
0,FORT,,1,1777024441.638954,152.79,Game,1,Predictable,104.92,1,,,4,101.13,,120,Sound,,,
0,FORT,,1,1777024441.638954,152.81,Game,1,Predictable,104.94,1,,,4,101.13,,120,Sound,,,
0,FORT,,1,1777024441.638954,152.82,Game,1,Predictable,104.95,1,,,4,101.13,,120,Sound,,,
0,FORT,,1,1777024441.638954,152.83,Game,1,Predictable,104.96,1,,,4,101.13,,120,Sound,,,
0,FORT,,1,1777024441.638954,152.84,Game,1,Predictable,104.97,1,,,4,101.13,,120,Sound,,,
0,FORT,,1,1777024441.638954,152.86,Game,1,Predictable,104.99,1,,,4,101.13,,120,Sound,,,
0,FORT,,1,1777024441.638954,152.87,Game,1,Predictable,105.0,1,,,4,101.13,,120,Sound,,,
0,FORT,,1,1777024441.638954,152.88,Game,1,Predictable,105.01,1,,,4,101.13,,120,Sound,,,
0,FORT,,1,1777024441.638954,152.89,Game,1,Predictable,105.02,1,,,4,101.13,,120,Sound,,,
0,FORT,,1,1777024441.638954,152.91,Game,1,Predictable,105.04,1,,,4,101.13,,120,Sound,,,
0,FORT,,1,1777024441.638954,152.92,Game,1,Predictable,105.05,1,,,4,101.13,,120,Sound,,,
0,FORT,,1,1777024441.638954,152.93,Game,1,Predictable,105.06,1,,,4,101.13,,120,Sound,,,
0,FORT,,1,1777024441.638954,152.94,Game,1,Predictable,105.07,1,,,4,101.13,,120,Sound,,,
0,FORT,,1,1777024441.638954,152.96,Game,1,Predictable,105.09,1,,,4,101.13,,120,Sound,,,
0,FORT,,1,1777024441.638954,152.97,Game,1,Predictable,105.1,1,,,4,101.13,,120,Sound,,,
0,FORT,,1,1777024441.638954,152.98,Game,1,Predictable,105.11,1,,,4,101.13,,120,Sound,,,
0,FORT,,1,1777024441.638954,152.99,Game,1,Predictable,105.12,1,,,4,101.13,,120,Sound,,,
0,FORT,,1,1777024441.638954,153.01,Game,1,Predictable,105.14,1,,,4,101.13,,120,Sound,,,
0,FORT,,1,1777024441.638954,153.02,Game,1,Predictable,105.15,1,,,4,101.13,,120,Sound,,,
0,FORT,,1,1777024441.638954,153.03,Game,1,Predictable,105.16,1,,,4,101.13,,120,Sound,,,
0,FORT,,1,1777024441.638954,153.04,Game,1,Predictable,105.17,1,,,4,101.13,,120,Sound,,,
0,FORT,,1,1777024441.638954,153.06,Game,1,Predictable,105.19,1,,,4,101.13,,120,Sound,,,
0,FORT,,1,1777024441.638954,153.07,Game,1,Predictable,105.2,1,,,4,101.13,,120,Sound,,,
0,FORT,,1,1777024441.638954,153.08,Game,1,Predictable,105.21,1,,,4,101.13,,120,Sound,,,
0,FORT,,1,1777024441.638954,153.09,Game,1,Predictable,105.22,1,,,4,101.13,,120,Sound,,,
0,FORT,,1,1777024441.638954,153.11,Game,1,Predictable,105.24,1,,,4,101.13,,120,Sound,,,
0,FORT,,1,1777024441.638954,153.12,Game,1,Predictable,105.25,1,,,4,101.13,,120,Sound,,,
0,FORT,,1,1777024441.638954,153.13,Game,1,Predictable,105.26,1,,,4,101.13,,120,Sound,,,
0,FORT,,1,1777024441.638954,153.14,Game,1,Predictable,105.27,1,,,4,101.13,,120,Sound,,,
0,FORT,,1,1777024441.638954,153.16,Game,1,Predictable,105.29,1,,,4,101.13,,120,Sound,,,
0,FORT,,1,1777024441.638954,153.17,Game,1,Predictable,105.3,1,,,4,101.13,,120,Sound,,,
0,FORT,,1,1777024441.638954,153.18,Game,1,Predictable,105.31,1,,,4,101.13,,120,Sound,,,
0,FORT,,1,1777024441.638954,153.19,Game,1,Predictable,105.32,1,,,4,101.13,,120,Sound,,,
0,FORT,,1,1777024441.638954,153.21,Game,1,Predictable,105.34,1,,,4,101.13,,120,Sound,,,
0,FORT,,1,1777024441.638954,153.22,Game,1,Predictable,105.35,1,,,4,101.13,,120,Sound,,,
0,FORT,,1,1777024441.638954,153.23,Game,1,Predictable,105.36,1,,,4,101.13,,120,Sound,,,
0,FORT,,1,1777024441.638954,153.24,Game,1,Predictable,105.38,1,,,4,101.13,,120,Sound,,,
0,FORT,,1,1777024441.638954,153.26,Game,1,Predictable,105.39,1,,,4,101.13,,120,Sound,,,
0,FORT,,1,1777024441.638954,153.27,Game,1,Predictable,105.4,1,,,4,101.13,,120,Sound,,,
0,FORT,,1,1777024441.638954,153.28,Game,1,Predictable,105.41,1,,,4,101.13,,120,Sound,,,
0,FORT,,1,1777024441.638954,153.29,Game,1,Predictable,105.42,1,,,4,101.13,,120,Sound,,,
0,FORT,,1,1777024441.638954,153.31,Game,1,Predictable,105.44,1,,,4,101.13,,120,Sound,,,
0,FORT,,1,1777024441.638954,153.32,Game,1,Predictable,105.45,1,,,4,101.13,,120,Sound,,,
0,FORT,,1,1777024441.638954,153.33,Game,1,Predictable,105.46,1,,,4,101.13,,120,Sound,,,
0,FORT,,1,1777024441.638954,153.34,Game,1,Predictable,105.47,1,,,4,101.13,,120,Sound,,,
0,FORT,,1,1777024441.638954,153.36,Game,1,Predictable,105.49,1,,,4,101.13,,120,Sound,,,
0,FORT,,1,1777024441.638954,153.37,Game,1,Predictable,105.5,1,,,4,101.13,,120,Sound,,,
0,FORT,,1,1777024441.638954,153.38,Game,1,Predictable,105.51,1,,,4,101.13,,120,Sound,,,
0,FORT,,1,1777024441.638954,153.39,Game,1,Predictable,105.52,1,,,4,101.13,,120,Sound,,,
0,FORT,,1,1777024441.638954,153.41,Game,1,Predictable,105.54,1,,,4,101.13,,120,Sound,,,
0,FORT,,1,1777024441.638954,153.42,Game,1,Predictable,105.55,1,,,4,101.13,,120,Sound,,,
0,FORT,,1,1777024441.638954,153.43,Game,1,Predictable,105.56,1,,,4,101.13,,120,Sound,,,
0,FORT,,1,1777024441.638954,153.44,Game,1,Predictable,105.57,1,,,4,101.13,,120,Sound,,,
0,FORT,,1,1777024441.638954,153.46,Game,1,Predictable,105.59,1,,,4,101.13,,120,Sound,,,
0,FORT,,1,1777024441.638954,153.47,Game,1,Predictable,105.6,1,,,4,101.13,,120,Sound,,,
0,FORT,,1,1777024441.638954,153.48,Game,1,Predictable,105.61,1,,,4,101.13,,120,Sound,,,
0,FORT,,1,1777024441.638954,153.49,Game,1,Predictable,105.62,1,,,4,101.13,,120,Sound,,,
0,FORT,,1,1777024441.638954,153.51,Game,1,Predictable,105.64,1,,,4,101.13,,120,Sound,,,
0,FORT,,1,1777024441.638954,153.52,Game,1,Predictable,105.65,1,,,4,101.13,,120,Sound,,,
0,FORT,,1,1777024441.638954,153.53,Game,1,Predictable,105.66,1,,,4,101.13,,120,Sound,,,
0,FORT,,1,1777024441.638954,153.54,Game,1,Predictable,105.67,1,,,4,101.13,,120,Sound,,,
0,FORT,,1,1777024441.638954,153.56,Game,1,Predictable,105.69,1,,,4,101.13,,120,Sound,,,
0,FORT,,1,1777024441.638954,153.57,Game,1,Predictable,105.7,1,,,4,101.13,,120,Sound,,,
0,FORT,,1,1777024441.638954,153.58,Game,1,Predictable,105.71,1,,,4,101.13,,120,Sound,,,
0,FORT,,1,1777024441.638954,153.59,Game,1,Predictable,105.72,1,,,4,101.13,,120,Sound,,,
0,FORT,,1,1777024441.638954,153.61,Game,1,Predictable,105.74,1,,,4,101.13,,120,Sound,,,
0,FORT,,1,1777024441.638954,153.62,Game,1,Predictable,105.75,1,,,4,101.13,,120,Sound,,,
0,FORT,,1,1777024441.638954,153.63,Game,1,Predictable,105.76,1,,,4,101.13,,120,Sound,,,
0,FORT,,1,1777024441.638954,153.64,Game,1,Predictable,105.77,1,,,4,101.13,,120,Sound,,,
0,FORT,,1,1777024441.638954,153.66,Game,1,Predictable,105.79,1,,,4,101.13,,120,Sound,,,
0,FORT,,1,1777024441.638954,153.67,Game,1,Predictable,105.8,1,,,4,101.13,,120,Sound,,,
0,FORT,,1,1777024441.638954,153.68,Game,1,Predictable,105.81,1,,,4,101.13,,120,Sound,,,
0,FORT,,1,1777024441.638954,153.69,Game,1,Predictable,105.82,1,,,4,101.13,,120,Sound,,,
0,FORT,,1,1777024441.638954,153.71,Game,1,Predictable,105.84,1,,,4,101.13,,120,Sound,,,
0,FORT,,1,1777024441.638954,153.72,Game,1,Predictable,105.85,1,,,4,101.13,,120,Sound,,,
0,FORT,,1,1777024441.638954,153.73,Game,1,Predictable,105.86,1,,,4,101.13,,120,Sound,,,
0,FORT,,1,1777024441.638954,153.74,Game,1,Predictable,105.88,1,,,4,101.13,,120,Sound,,,
0,FORT,,1,1777024441.638954,153.76,Game,1,Predictable,105.89,1,,,4,101.13,,120,Sound,,,
0,FORT,,1,1777024441.638954,153.77,Game,1,Predictable,105.9,1,,,4,101.13,,120,Sound,,,
0,FORT,,1,1777024441.638954,153.78,Game,1,Predictable,105.91,1,,,4,101.13,,120,Sound,,,
0,FORT,,1,1777024441.638954,153.79,Game,1,Predictable,105.92,1,,,4,101.13,,120,Sound,,,
0,FORT,,1,1777024441.638954,153.81,Game,1,Predictable,105.94,1,,,4,101.13,,120,Sound,,,
0,FORT,,1,1777024441.638954,153.82,Game,1,Predictable,105.95,1,,,4,101.13,,120,Sound,,,
0,FORT,,1,1777024441.638954,153.83,Game,1,Predictable,105.96,1,,,4,101.13,,120,Sound,,,
0,FORT,,1,1777024441.638954,153.84,Game,1,Predictable,105.97,1,,,4,101.13,,120,Sound,,,
0,FORT,,1,1777024441.638954,153.86,Game,1,Predictable,105.99,1,,,4,101.13,,120,Sound,,,
0,FORT,,1,1777024441.638954,153.87,Game,1,Predictable,106.0,1,,,4,101.13,,120,Sound,,,
0,FORT,,1,1777024441.638954,153.88,Game,1,Predictable,106.01,1,,,4,101.13,,120,Sound,,,
0,FORT,,1,1777024441.638954,153.89,Game,1,Predictable,106.02,1,,,4,101.13,,120,Sound,,,
0,FORT,,1,1777024441.638954,153.91,Game,1,Predictable,106.04,1,,,4,101.13,,120,Sound,,,
0,FORT,,1,1777024441.638954,153.92,Game,1,Predictable,106.05,1,,,4,101.13,,120,Sound,,,
0,FORT,,1,1777024441.638954,153.93,Game,1,Predictable,106.06,1,,,4,101.13,,120,Sound,,,
0,FORT,,1,1777024441.638954,153.94,Game,1,Predictable,106.07,1,,,4,101.13,,120,Sound,,,
0,FORT,,1,1777024441.638954,153.96,Game,1,Predictable,106.09,1,,,4,101.13,,120,Sound,,,
0,FORT,,1,1777024441.638954,153.97,Game,1,Predictable,106.1,1,,,4,101.13,,120,Sound,,,
0,FORT,,1,1777024441.638954,153.98,Game,1,Predictable,106.11,1,,,4,101.13,,120,Sound,,,
0,FORT,,1,1777024441.638954,153.99,Game,1,Predictable,106.12,1,,,4,101.13,,120,Sound,,,
0,FORT,,1,1777024441.638954,154.01,Game,1,Predictable,106.14,1,,,4,101.13,,120,Sound,,,
0,FORT,,1,1777024441.638954,154.02,Game,1,Predictable,106.15,1,,,4,101.13,,120,Sound,,,
0,FORT,,1,1777024441.638954,154.03,Game,1,Predictable,106.16,1,,,4,101.13,,120,Sound,,,
0,FORT,,1,1777024441.638954,154.04,Game,1,Predictable,106.17,1,,,4,101.13,,120,Sound,,,
0,FORT,,1,1777024441.638954,154.06,Game,1,Predictable,106.19,1,,,4,101.13,,120,Sound,,,
0,FORT,,1,1777024441.638954,154.07,Game,1,Predictable,106.2,1,,,4,101.13,,120,Sound,,,
0,FORT,,1,1777024441.638954,154.08,Game,1,Predictable,106.21,1,,,4,101.13,,120,Sound,,,
0,FORT,,1,1777024441.638954,154.09,Game,1,Predictable,106.22,1,,,4,101.13,,120,Sound,,,
0,FORT,,1,1777024441.638954,154.11,Game,1,Predictable,106.24,1,,,4,101.13,,120,Sound,,,
0,FORT,,1,1777024441.638954,154.12,Game,1,Predictable,106.25,1,,,4,101.13,,120,Sound,,,
0,FORT,,1,1777024441.638954,154.13,Game,1,Predictable,106.26,1,,,4,101.13,,120,Sound,,,
0,FORT,,1,1777024441.638954,154.14,Game,1,Predictable,106.27,1,,,4,101.13,,120,Sound,,,
0,FORT,,1,1777024441.638954,154.16,Game,1,Predictable,106.29,1,,,4,101.13,,120,Sound,,,
0,FORT,,1,1777024441.638954,154.17,Game,1,Predictable,106.3,1,,,4,101.13,,120,Sound,,,
0,FORT,,1,1777024441.638954,154.18,Game,1,Predictable,106.31,1,,,4,101.13,,120,Sound,,,
0,FORT,,1,1777024441.638954,154.19,Game,1,Predictable,106.32,1,,,4,101.13,,120,Sound,,,
0,FORT,,1,1777024441.638954,154.21,Game,1,Predictable,106.34,1,,,4,101.13,,120,Sound,,,
0,FORT,,1,1777024441.638954,154.22,Game,1,Predictable,106.35,1,,,4,101.13,,120,Sound,,,
0,FORT,,1,1777024441.638954,154.23,Game,1,Predictable,106.36,1,,,4,101.13,,120,Sound,,,
0,FORT,,1,1777024441.638954,154.24,Game,1,Predictable,106.38,1,,,4,101.13,,120,Sound,,,
0,FORT,,1,1777024441.638954,154.26,Game,1,Predictable,106.39,1,,,4,101.13,,120,Sound,,,
0,FORT,,1,1777024441.638954,154.27,Game,1,Predictable,106.4,1,,,4,101.13,,120,Sound,,,
0,FORT,,1,1777024441.638954,154.28,Game,1,Predictable,106.41,1,,,4,101.13,,120,Sound,,,
0,FORT,,1,1777024441.638954,154.29,Game,1,Predictable,106.42,1,,,4,101.13,,120,Sound,,,
0,FORT,,1,1777024441.638954,154.31,Game,1,Predictable,106.44,1,,,4,101.13,,120,Sound,,,
0,FORT,,1,1777024441.638954,154.32,Game,1,Predictable,106.45,1,,,4,101.13,,120,Sound,,,
0,FORT,,1,1777024441.638954,154.33,Game,1,Predictable,106.46,1,,,4,101.13,,120,Sound,,,
0,FORT,,1,1777024441.638954,154.34,Game,1,Predictable,106.47,1,,,4,101.13,,120,Sound,,,
0,FORT,,1,1777024441.638954,154.36,Game,1,Predictable,106.49,1,,,4,101.13,,120,Sound,,,
0,FORT,,1,1777024441.638954,154.37,Game,1,Predictable,106.5,1,,,4,101.13,,120,Sound,,,
0,FORT,,1,1777024441.638954,154.38,Game,1,Predictable,106.51,1,,,4,101.13,,120,Sound,,,
0,FORT,,1,1777024441.638954,154.39,Game,1,Predictable,106.52,1,,,4,101.13,,120,Sound,,,
0,FORT,,1,1777024441.638954,154.41,Game,1,Predictable,106.54,1,,,4,101.13,,120,Sound,,,
0,FORT,,1,1777024441.638954,154.42,Game,1,Predictable,106.55,1,,,4,101.13,,120,Sound,,,
0,FORT,,1,1777024441.638954,154.43,Game,1,Predictable,106.56,1,,,4,101.13,,120,Sound,,,
0,FORT,,1,1777024441.638954,154.44,Game,1,Predictable,106.57,1,,,4,101.13,,120,Sound,,,
0,FORT,,1,1777024441.638954,154.46,Game,1,Predictable,106.59,1,,,4,101.13,,120,Sound,,,
0,FORT,,1,1777024441.638954,154.47,Game,1,Predictable,106.6,1,,,4,101.13,,120,Sound,,,
0,FORT,,1,1777024441.638954,154.48,Game,1,Predictable,106.61,1,,,4,101.13,,120,Sound,,,
0,FORT,,1,1777024441.638954,154.49,Game,1,Predictable,106.62,1,,,4,101.13,,120,Sound,,,
0,FORT,,1,1777024441.638954,154.51,Game,1,Predictable,106.64,1,,,4,101.13,,120,Sound,,,
0,FORT,,1,1777024441.638954,154.52,Game,1,Predictable,106.65,1,,,4,101.13,,120,Sound,,,
0,FORT,,1,1777024441.638954,154.53,Game,1,Predictable,106.66,1,,,4,101.13,,120,Sound,,,
0,FORT,,1,1777024441.638954,154.54,Game,1,Predictable,106.67,1,,,4,101.13,,120,Sound,,,
0,FORT,,1,1777024441.638954,154.56,Game,1,Predictable,106.69,1,,,4,101.13,,120,Sound,,,
0,FORT,,1,1777024441.638954,154.57,Game,1,Predictable,106.7,1,,,4,101.13,,120,Sound,,,
0,FORT,,1,1777024441.638954,154.58,Game,1,Predictable,106.71,1,,,4,101.13,,120,Sound,,,
0,FORT,,1,1777024441.638954,154.59,Game,1,Predictable,106.72,1,,,4,101.13,,120,Sound,,,
0,FORT,,1,1777024441.638954,154.61,Game,1,Predictable,106.74,1,,,4,101.13,,120,Sound,,,
0,FORT,,1,1777024441.638954,154.62,Game,1,Predictable,106.75,1,,,4,101.13,,120,Sound,,,
0,FORT,,1,1777024441.638954,154.63,Game,1,Predictable,106.76,1,,,4,101.13,,120,Sound,,,
0,FORT,,1,1777024441.638954,154.64,Game,1,Predictable,106.77,1,,,4,101.13,,120,Sound,,,
0,FORT,,1,1777024441.638954,154.66,Game,1,Predictable,106.79,1,,,4,101.13,,120,Sound,,,
0,FORT,,1,1777024441.638954,154.67,Game,1,Predictable,106.8,1,,,4,101.13,,120,Sound,,,
0,FORT,,1,1777024441.638954,154.68,Game,1,Predictable,106.81,1,,,4,101.13,,120,Sound,,,
0,FORT,,1,1777024441.638954,154.69,Game,1,Predictable,106.82,1,,,4,101.13,,120,Sound,,,
0,FORT,,1,1777024441.638954,154.71,Game,1,Predictable,106.84,1,,,4,101.13,,120,Sound,,,
0,FORT,,1,1777024441.638954,154.72,Game,1,Predictable,106.85,1,,,4,101.13,,120,Sound,,,
0,FORT,,1,1777024441.638954,154.73,Game,1,Predictable,106.86,1,,,4,101.13,,120,Sound,,,
0,FORT,,1,1777024441.638954,154.74,Game,1,Predictable,106.87,1,,,4,101.13,,120,Sound,,,
0,FORT,,1,1777024441.638954,154.76,Game,1,Predictable,106.89,1,,,4,101.13,,120,Sound,,,
0,FORT,,1,1777024441.638954,154.77,Game,1,Predictable,106.9,1,,,4,101.13,,120,Sound,,,
0,FORT,,1,1777024441.638954,154.78,Game,1,Predictable,106.91,1,,,4,101.13,,120,Sound,,,
0,FORT,,1,1777024441.638954,154.79,Game,1,Predictable,106.92,1,,,4,101.13,,120,Sound,,,
0,FORT,,1,1777024441.638954,154.81,Game,1,Predictable,106.94,1,,,4,101.13,,120,Sound,,,
0,FORT,,1,1777024441.638954,154.82,Game,1,Predictable,106.95,1,,,4,101.13,,120,Sound,,,
0,FORT,,1,1777024441.638954,154.83,Game,1,Predictable,106.96,1,,,4,101.13,,120,Sound,,,
0,FORT,,1,1777024441.638954,154.84,Game,1,Predictable,106.97,1,,,4,101.13,,120,Sound,,,
0,FORT,,1,1777024441.638954,154.86,Game,1,Predictable,106.99,1,,,4,101.13,,120,Sound,,,
0,FORT,,1,1777024441.638954,154.87,Game,1,Predictable,107.0,1,,,4,101.13,,120,Sound,,,
0,FORT,,1,1777024441.638954,154.88,Game,1,Predictable,107.01,1,,,4,101.13,,120,Sound,,,
0,FORT,,1,1777024441.638954,154.89,Game,1,Predictable,107.02,1,,,4,101.13,,120,Sound,,,
0,FORT,,1,1777024441.638954,154.91,Game,1,Predictable,107.04,1,1,,4,101.13,,121,Sound,,,
0,FORT,,1,1777024441.638954,154.96,Game,1,Predictable,107.04,1,1,,4,101.13,,121,Sound,,,
0,FORT,,1,1777024441.638954,155.02,Game,1,Predictable,107.04,1,1,,4,101.13,,121,Sound,,,
0,FORT,,1,1777024441.638954,155.08,Game,1,Predictable,107.04,1,1,,4,101.13,,121,Sound,,,
0,FORT,,1,1777024441.638954,155.14,Game,1,Predictable,107.04,1,1,,4,101.13,,121,Sound,,,
0,FORT,,1,1777024441.638954,155.2,Game,1,Predictable,107.04,1,1,,4,101.13,,121,Sound,,,
0,FORT,,1,1777024441.638954,155.26,Game,1,Predictable,107.04,1,1,,4,101.13,,121,Sound,,,
0,FORT,,1,1777024441.638954,155.31,Game,1,Predictable,107.04,1,1,,4,101.13,,121,Sound,,,
0,FORT,,1,1777024441.638954,155.37,Game,1,Predictable,107.04,1,1,,4,101.13,,121,Sound,,,
0,FORT,,1,1777024441.638954,155.43,Game,1,Predictable,107.04,1,1,,4,101.13,,121,Sound,,,
0,FORT,,1,1777024441.638954,155.49,Game,1,Predictable,107.04,1,1,,4,101.13,,121,Sound,,,
0,FORT,,1,1777024441.638954,155.55,Game,1,Predictable,107.04,1,1,,4,101.13,,121,Sound,,,
0,FORT,,1,1777024441.638954,155.61,Game,1,Predictable,107.04,1,1,,4,101.13,,121,Sound,,,
0,FORT,,1,1777024441.638954,155.66,Game,1,Predictable,107.04,1,1,,4,101.13,,121,Sound,,,
0,FORT,,1,1777024441.638954,155.72,Game,1,Predictable,107.04,1,1,,4,101.13,,121,Sound,,,
0,FORT,,1,1777024441.638954,155.78,Game,1,Predictable,107.04,1,1,,4,101.13,,121,Sound,,,
0,FORT,,1,1777024441.638954,155.84,Game,1,Predictable,107.04,1,1,,4,101.13,,121,Sound,,,
0,FORT,,1,1777024441.638954,155.9,Game,1,Predictable,107.04,1,1,,4,101.13,,121,Sound,,,
0,FORT,,1,1777024441.638954,155.96,Game,1,Predictable,107.04,1,,,4,101.13,,120,Sound,,,
0,FORT,,1,1777024441.638954,155.97,Game,1,Predictable,108.1,1,,,4,101.13,,120,Sound,,,
0,FORT,,1,1777024441.638954,155.99,Game,1,Predictable,108.12,1,,,4,101.13,,120,Sound,,,
0,FORT,,1,1777024441.638954,156.0,Game,1,Predictable,108.13,1,,,4,101.13,,120,Sound,,,
0,FORT,,1,1777024441.638954,156.01,Game,1,Predictable,108.14,1,,,4,101.13,,120,Sound,,,
0,FORT,,1,1777024441.638954,156.02,Game,1,Predictable,108.16,1,,,4,101.13,,120,Sound,,,
0,FORT,,1,1777024441.638954,156.04,Game,1,Predictable,108.17,1,,,4,101.13,,120,Sound,,,
0,FORT,,1,1777024441.638954,156.05,Game,1,Predictable,108.18,1,,,4,101.13,,120,Sound,,,
0,FORT,,1,1777024441.638954,156.06,Game,1,Predictable,108.19,1,,,4,101.13,,120,Sound,,,
0,FORT,,1,1777024441.638954,156.07,Game,1,Predictable,108.2,1,,,4,101.13,,120,Sound,,,
0,FORT,,1,1777024441.638954,156.09,Game,1,Predictable,108.22,1,,,4,101.13,,120,Sound,,,
0,FORT,,1,1777024441.638954,156.1,Game,1,Predictable,108.23,1,,,4,101.13,,120,Sound,,,
0,FORT,,1,1777024441.638954,156.11,Game,1,Predictable,108.24,1,,,4,101.13,,120,Sound,,,
0,FORT,,1,1777024441.638954,156.12,Game,1,Predictable,108.25,1,,,4,101.13,,120,Sound,,,
0,FORT,,1,1777024441.638954,156.13,Game,1,Predictable,108.27,1,,,4,101.13,,120,Sound,,,
0,FORT,,1,1777024441.638954,156.15,Game,1,Predictable,108.28,1,,,4,101.13,,120,Sound,,,
0,FORT,,1,1777024441.638954,156.16,Game,1,Predictable,108.29,1,,,4,101.13,,120,Sound,,,
0,FORT,,1,1777024441.638954,156.17,Game,1,Predictable,108.3,1,,,4,101.13,,120,Sound,,,
0,FORT,,1,1777024441.638954,156.18,Game,1,Predictable,108.32,1,,,4,101.13,,120,Sound,,,
0,FORT,,1,1777024441.638954,156.2,Game,1,Predictable,108.33,1,,,4,101.13,,120,Sound,,,
0,FORT,,1,1777024441.638954,156.21,Game,1,Predictable,108.34,1,,,4,101.13,,120,Sound,,,
0,FORT,,1,1777024441.638954,156.22,Game,1,Predictable,108.35,1,,,4,101.13,,120,Sound,,,
0,FORT,,1,1777024441.638954,156.23,Game,1,Predictable,108.37,1,,,4,101.13,,120,Sound,,,
0,FORT,,1,1777024441.638954,156.25,Game,1,Predictable,108.38,1,,,4,101.13,,120,Sound,,,
0,FORT,,1,1777024441.638954,156.26,Game,1,Predictable,108.39,1,,,4,101.13,,120,Sound,,,
0,FORT,,1,1777024441.638954,156.27,Game,1,Predictable,108.41,1,,,4,101.13,,120,Sound,,,
0,FORT,,1,1777024441.638954,156.29,Game,1,Predictable,108.42,1,,,4,101.13,,120,Sound,,,
0,FORT,,1,1777024441.638954,156.3,Game,1,Predictable,108.43,1,,,4,101.13,,120,Sound,,,
0,FORT,,1,1777024441.638954,156.31,Game,1,Predictable,108.44,1,,,4,101.13,,120,Sound,,,
0,FORT,,1,1777024441.638954,156.32,Game,1,Predictable,108.45,1,,,4,101.13,,120,Sound,,,
0,FORT,,1,1777024441.638954,156.34,Game,1,Predictable,108.47,1,,,4,101.13,,120,Sound,,,
0,FORT,,1,1777024441.638954,156.35,Game,1,Predictable,108.48,1,,,4,101.13,,120,Sound,,,
0,FORT,,1,1777024441.638954,156.36,Game,1,Predictable,108.49,1,,,4,101.13,,120,Sound,,,
0,FORT,,1,1777024441.638954,156.37,Game,1,Predictable,108.5,1,,,4,101.13,,120,Sound,,,
0,FORT,,1,1777024441.638954,156.39,Game,1,Predictable,108.52,1,,,4,101.13,,120,Sound,,,
0,FORT,,1,1777024441.638954,156.4,Game,1,Predictable,108.53,1,,,4,101.13,,120,Sound,,,
0,FORT,,1,1777024441.638954,156.41,Game,1,Predictable,108.54,1,,,4,101.13,,120,Sound,,,
0,FORT,,1,1777024441.638954,156.42,Game,1,Predictable,108.55,1,,,4,101.13,,120,Sound,,,
0,FORT,,1,1777024441.638954,156.43,Game,1,Predictable,108.57,1,,,4,101.13,,120,Sound,,,
0,FORT,,1,1777024441.638954,156.45,Game,1,Predictable,108.58,1,,,4,101.13,,120,Sound,,,
0,FORT,,1,1777024441.638954,156.46,Game,1,Predictable,108.59,1,,,4,101.13,,120,Sound,,,
0,FORT,,1,1777024441.638954,156.47,Game,1,Predictable,108.6,1,,,4,101.13,,120,Sound,,,
0,FORT,,1,1777024441.638954,156.48,Game,1,Predictable,108.62,1,,,4,101.13,,120,Sound,,,
0,FORT,,1,1777024441.638954,156.5,Game,1,Predictable,108.63,1,,,4,101.13,,120,Sound,,,
0,FORT,,1,1777024441.638954,156.51,Game,1,Predictable,108.64,1,,,4,101.13,,120,Sound,,,
0,FORT,,1,1777024441.638954,156.52,Game,1,Predictable,108.65,1,,,4,101.13,,120,Sound,,,
0,FORT,,1,1777024441.638954,156.54,Game,1,Predictable,108.67,1,,,4,101.13,,120,Sound,,,
0,FORT,,1,1777024441.638954,156.55,Game,1,Predictable,108.68,1,,,4,101.13,,120,Sound,,,
0,FORT,,1,1777024441.638954,156.56,Game,1,Predictable,108.69,1,,,4,101.13,,120,Sound,,,
0,FORT,,1,1777024441.638954,156.57,Game,1,Predictable,108.7,1,,,4,101.13,,120,Sound,,,
0,FORT,,1,1777024441.638954,156.58,Game,1,Predictable,108.72,1,,,4,101.13,,120,Sound,,,
0,FORT,,1,1777024441.638954,156.6,Game,1,Predictable,108.73,1,,,4,101.13,,120,Sound,,,
0,FORT,,1,1777024441.638954,156.61,Game,1,Predictable,108.74,1,,,4,101.13,,120,Sound,,,
0,FORT,,1,1777024441.638954,156.62,Game,1,Predictable,108.75,1,,,4,101.13,,120,Sound,,,
0,FORT,,1,1777024441.638954,156.63,Game,1,Predictable,108.77,1,,,4,101.13,,120,Sound,,,
0,FORT,,1,1777024441.638954,156.65,Game,1,Predictable,108.78,1,,,4,101.13,,120,Sound,,,
0,FORT,,1,1777024441.638954,156.66,Game,1,Predictable,108.79,1,,,4,101.13,,120,Sound,,,
0,FORT,,1,1777024441.638954,156.67,Game,1,Predictable,108.8,1,,,4,101.13,,120,Sound,,,
0,FORT,,1,1777024441.638954,156.68,Game,1,Predictable,108.82,1,,,4,101.13,,120,Sound,,,
0,FORT,,1,1777024441.638954,156.7,Game,1,Predictable,108.83,1,,,4,101.13,,120,Sound,,,
0,FORT,,1,1777024441.638954,156.71,Game,1,Predictable,108.84,1,,,4,101.13,,120,Sound,,,
0,FORT,,1,1777024441.638954,156.72,Game,1,Predictable,108.85,1,,,4,101.13,,120,Sound,,,
0,FORT,,1,1777024441.638954,156.73,Game,1,Predictable,108.87,1,,,4,101.13,,120,Sound,,,
0,FORT,,1,1777024441.638954,156.75,Game,1,Predictable,108.88,1,,,4,101.13,,120,Sound,,,
0,FORT,,1,1777024441.638954,156.76,Game,1,Predictable,108.89,1,,,4,101.13,,120,Sound,,,
0,FORT,,1,1777024441.638954,156.77,Game,1,Predictable,108.9,1,,,4,101.13,,120,Sound,,,
0,FORT,,1,1777024441.638954,156.78,Game,1,Predictable,108.92,1,,,4,101.13,,120,Sound,,,
0,FORT,,1,1777024441.638954,156.8,Game,1,Predictable,108.93,1,,,4,101.13,,120,Sound,,,
0,FORT,,1,1777024441.638954,156.81,Game,1,Predictable,108.94,1,,,4,101.13,,120,Sound,,,
0,FORT,,1,1777024441.638954,156.82,Game,1,Predictable,108.95,1,,,4,101.13,,120,Sound,,,
0,FORT,,1,1777024441.638954,156.83,Game,1,Predictable,108.97,1,,,4,101.13,,120,Sound,,,
0,FORT,,1,1777024441.638954,156.85,Game,1,Predictable,108.98,1,,,4,101.13,,120,Sound,,,
0,FORT,,1,1777024441.638954,156.86,Game,1,Predictable,108.99,1,,,4,101.13,,120,Sound,,,
0,FORT,,1,1777024441.638954,156.87,Game,1,Predictable,109.0,1,,,4,101.13,,120,Sound,,,
0,FORT,,1,1777024441.638954,156.88,Game,1,Predictable,109.02,1,,,4,101.13,,120,Sound,,,
0,FORT,,1,1777024441.638954,156.9,Game,1,Predictable,109.03,1,,,4,101.13,,120,Sound,,,
0,FORT,,1,1777024441.638954,156.91,Game,1,Predictable,109.04,1,,,4,101.13,,120,Sound,,,
0,FORT,,1,1777024441.638954,156.92,Game,1,Predictable,109.05,1,,,4,101.13,,120,Sound,,,
0,FORT,,1,1777024441.638954,156.94,Game,1,Predictable,109.07,1,,,4,101.13,,120,Sound,,,
0,FORT,,1,1777024441.638954,156.95,Game,1,Predictable,109.08,1,,,4,101.13,,120,Sound,,,
0,FORT,,1,1777024441.638954,156.96,Game,1,Predictable,109.09,1,,,4,101.13,,120,Sound,,,
0,FORT,,1,1777024441.638954,156.97,Game,1,Predictable,109.1,1,,,4,101.13,,120,Sound,,,
0,FORT,,1,1777024441.638954,156.98,Game,1,Predictable,109.12,1,,,4,101.13,,120,Sound,,,
0,FORT,,1,1777024441.638954,157.0,Game,1,Predictable,109.13,1,,,4,101.13,,120,Sound,,,
0,FORT,,1,1777024441.638954,157.01,Game,1,Predictable,109.14,1,,,4,101.13,,120,Sound,,,
0,FORT,,1,1777024441.638954,157.02,Game,1,Predictable,109.15,1,,,4,101.13,,120,Sound,,,
0,FORT,,1,1777024441.638954,157.03,Game,1,Predictable,109.17,1,,,4,101.13,,120,Sound,,,
0,FORT,,1,1777024441.638954,157.05,Game,1,Predictable,109.18,1,,,4,101.13,,120,Sound,,,
0,FORT,,1,1777024441.638954,157.06,Game,1,Predictable,109.19,1,,,4,101.13,,120,Sound,,,
0,FORT,,1,1777024441.638954,157.07,Game,1,Predictable,109.2,1,,,4,101.13,,120,Sound,,,
0,FORT,,1,1777024441.638954,157.08,Game,1,Predictable,109.22,1,,,4,101.13,,120,Sound,,,
0,FORT,,1,1777024441.638954,157.1,Game,1,Predictable,109.23,1,,,4,101.13,,120,Sound,,,
0,FORT,,1,1777024441.638954,157.11,Game,1,Predictable,109.24,1,,,4,101.13,,120,Sound,,,
0,FORT,,1,1777024441.638954,157.12,Game,1,Predictable,109.25,1,,,4,101.13,,120,Sound,,,
0,FORT,,1,1777024441.638954,157.14,Game,1,Predictable,109.27,1,,,4,101.13,,120,Sound,,,
0,FORT,,1,1777024441.638954,157.15,Game,1,Predictable,109.28,1,,,4,101.13,,120,Sound,,,
0,FORT,,1,1777024441.638954,157.16,Game,1,Predictable,109.29,1,,,4,101.13,,120,Sound,,,
0,FORT,,1,1777024441.638954,157.17,Game,1,Predictable,109.3,1,,,4,101.13,,120,Sound,,,
0,FORT,,1,1777024441.638954,157.18,Game,1,Predictable,109.32,1,,,4,101.13,,120,Sound,,,
0,FORT,,1,1777024441.638954,157.2,Game,1,Predictable,109.33,1,,,4,101.13,,120,Sound,,,
0,FORT,,1,1777024441.638954,157.21,Game,1,Predictable,109.34,1,,,4,101.13,,120,Sound,,,
0,FORT,,1,1777024441.638954,157.22,Game,1,Predictable,109.35,1,,,4,101.13,,120,Sound,,,
0,FORT,,1,1777024441.638954,157.24,Game,1,Predictable,109.37,1,,,4,101.13,,120,Sound,,,
0,FORT,,1,1777024441.638954,157.25,Game,1,Predictable,109.38,1,,,4,101.13,,120,Sound,,,
0,FORT,,1,1777024441.638954,157.26,Game,1,Predictable,109.39,1,,,4,101.13,,120,Sound,,,
0,FORT,,1,1777024441.638954,157.27,Game,1,Predictable,109.4,1,,,4,101.13,,120,Sound,,,
0,FORT,,1,1777024441.638954,157.29,Game,1,Predictable,109.42,1,,,4,101.13,,120,Sound,,,
0,FORT,,1,1777024441.638954,157.3,Game,1,Predictable,109.43,1,,,4,101.13,,120,Sound,,,
0,FORT,,1,1777024441.638954,157.31,Game,1,Predictable,109.44,1,,,4,101.13,,120,Sound,,,
0,FORT,,1,1777024441.638954,157.32,Game,1,Predictable,109.45,1,,,4,101.13,,120,Sound,,,
0,FORT,,1,1777024441.638954,157.33,Game,1,Predictable,109.47,1,,,4,101.13,,120,Sound,,,
0,FORT,,1,1777024441.638954,157.35,Game,1,Predictable,109.48,1,,,4,101.13,,120,Sound,,,
0,FORT,,1,1777024441.638954,157.36,Game,1,Predictable,109.49,1,,,4,101.13,,120,Sound,,,
0,FORT,,1,1777024441.638954,157.37,Game,1,Predictable,109.5,1,,,4,101.13,,120,Sound,,,
0,FORT,,1,1777024441.638954,157.38,Game,1,Predictable,109.52,1,,,4,101.13,,120,Sound,,,
0,FORT,,1,1777024441.638954,157.4,Game,1,Predictable,109.53,1,,,4,101.13,,120,Sound,,,
0,FORT,,1,1777024441.638954,157.41,Game,1,Predictable,109.54,1,,,4,101.13,,120,Sound,,,
0,FORT,,1,1777024441.638954,157.42,Game,1,Predictable,109.55,1,,,4,101.13,,120,Sound,,,
0,FORT,,1,1777024441.638954,157.43,Game,1,Predictable,109.57,1,,,4,101.13,,120,Sound,,,
0,FORT,,1,1777024441.638954,157.45,Game,1,Predictable,109.58,1,,,4,101.13,,120,Sound,,,
0,FORT,,1,1777024441.638954,157.46,Game,1,Predictable,109.59,1,,,4,101.13,,120,Sound,,,
0,FORT,,1,1777024441.638954,157.47,Game,1,Predictable,109.6,1,,,4,101.13,,120,Sound,,,
0,FORT,,1,1777024441.638954,157.49,Game,1,Predictable,109.62,1,,,4,101.13,,120,Sound,,,
0,FORT,,1,1777024441.638954,157.5,Game,1,Predictable,109.63,1,,,4,101.13,,120,Sound,,,
0,FORT,,1,1777024441.638954,157.51,Game,1,Predictable,109.64,1,,,4,101.13,,120,Sound,,,
0,FORT,,1,1777024441.638954,157.52,Game,1,Predictable,109.66,1,,,4,101.13,,120,Sound,,,
0,FORT,,1,1777024441.638954,157.54,Game,1,Predictable,109.67,1,,,4,101.13,,120,Sound,,,
0,FORT,,1,1777024441.638954,157.55,Game,1,Predictable,109.68,1,,,4,101.13,,120,Sound,,,
0,FORT,,1,1777024441.638954,157.57,Game,1,Predictable,109.7,1,,,4,101.13,,120,Sound,,,
0,FORT,,1,1777024441.638954,157.58,Game,1,Predictable,109.71,1,,,4,101.13,,120,Sound,,,
0,FORT,,1,1777024441.638954,157.59,Game,1,Predictable,109.72,1,,,4,101.13,,120,Sound,,,
0,FORT,,1,1777024441.638954,157.61,Game,1,Predictable,109.74,1,,,4,101.13,,120,Sound,,,
0,FORT,,1,1777024441.638954,157.62,Game,1,Predictable,109.75,1,,,4,101.13,,120,Sound,,,
0,FORT,,1,1777024441.638954,157.63,Game,1,Predictable,109.76,1,,,4,101.13,,120,Sound,,,
0,FORT,,1,1777024441.638954,157.64,Game,1,Predictable,109.78,1,,,4,101.13,,120,Sound,,,
0,FORT,,1,1777024441.638954,157.66,Game,1,Predictable,109.79,1,,,4,101.13,,120,Sound,,,
0,FORT,,1,1777024441.638954,157.67,Game,1,Predictable,109.8,1,,,4,101.13,,120,Sound,,,
0,FORT,,1,1777024441.638954,157.68,Game,1,Predictable,109.81,1,,,4,101.13,,120,Sound,,,
0,FORT,,1,1777024441.638954,157.69,Game,1,Predictable,109.82,1,,,4,101.13,,120,Sound,,,
0,FORT,,1,1777024441.638954,157.71,Game,1,Predictable,109.84,1,,,4,101.13,,120,Sound,,,
0,FORT,,1,1777024441.638954,157.72,Game,1,Predictable,109.85,1,,,4,101.13,,120,Sound,,,
0,FORT,,1,1777024441.638954,157.73,Game,1,Predictable,109.86,1,,,4,101.13,,120,Sound,,,
0,FORT,,1,1777024441.638954,157.74,Game,1,Predictable,109.87,1,,,4,101.13,,120,Sound,,,
0,FORT,,1,1777024441.638954,157.76,Game,1,Predictable,109.89,1,,,4,101.13,,120,Sound,,,
0,FORT,,1,1777024441.638954,157.77,Game,1,Predictable,109.9,1,,,4,101.13,,120,Sound,,,
0,FORT,,1,1777024441.638954,157.78,Game,1,Predictable,109.91,1,,,4,101.13,,120,Sound,,,
0,FORT,,1,1777024441.638954,157.79,Game,1,Predictable,109.92,1,,,4,101.13,,120,Sound,,,
0,FORT,,1,1777024441.638954,157.81,Game,1,Predictable,109.94,1,,,4,101.13,,120,Sound,,,
0,FORT,,1,1777024441.638954,157.82,Game,1,Predictable,109.95,1,,,4,101.13,,120,Sound,,,
0,FORT,,1,1777024441.638954,157.83,Game,1,Predictable,109.96,1,,,4,101.13,,120,Sound,,,
0,FORT,,1,1777024441.638954,157.84,Game,1,Predictable,109.97,1,,,4,101.13,,120,Sound,,,
0,FORT,,1,1777024441.638954,157.86,Game,1,Predictable,109.99,1,,,4,101.13,,120,Sound,,,
0,FORT,,1,1777024441.638954,157.87,Game,1,Predictable,110.0,1,,,4,101.13,,120,Sound,,,
0,FORT,,1,1777024441.638954,157.88,Game,1,Predictable,110.01,1,,,4,101.13,,120,Sound,,,
0,FORT,,1,1777024441.638954,157.89,Game,1,Predictable,110.02,1,,,4,101.13,,120,Sound,,,
0,FORT,,1,1777024441.638954,157.91,Game,1,Predictable,110.04,1,,,4,101.13,,120,Sound,,,
0,FORT,,1,1777024441.638954,157.92,Game,1,Predictable,110.05,1,,,4,101.13,,120,Sound,,,
0,FORT,,1,1777024441.638954,157.93,Game,1,Predictable,110.06,1,,,4,101.13,,120,Sound,,,
0,FORT,,1,1777024441.638954,157.94,Game,1,Predictable,110.08,1,,,4,101.13,,120,Sound,,,
0,FORT,,1,1777024441.638954,157.96,Game,1,Predictable,110.09,1,,,4,101.13,,120,Sound,,,
0,FORT,,1,1777024441.638954,157.97,Game,1,Predictable,110.1,1,,,4,101.13,,120,Sound,,,
0,FORT,,1,1777024441.638954,157.98,Game,1,Predictable,110.11,1,,,4,101.13,,120,Sound,,,
0,FORT,,1,1777024441.638954,157.99,Game,1,Predictable,110.12,1,,,4,101.13,,120,Sound,,,
0,FORT,,1,1777024441.638954,158.01,Game,1,Predictable,110.14,1,,,4,101.13,,120,Sound,,,
0,FORT,,1,1777024441.638954,158.02,Game,1,Predictable,110.15,1,,,4,101.13,,120,Sound,,,
0,FORT,,1,1777024441.638954,158.03,Game,1,Predictable,110.16,1,,,4,101.13,,120,Sound,,,
0,FORT,,1,1777024441.638954,158.04,Game,1,Predictable,110.17,1,,,4,101.13,,120,Sound,,,
0,FORT,,1,1777024441.638954,158.06,Game,1,Predictable,110.19,1,,,4,101.13,,120,Sound,,,
0,FORT,,1,1777024441.638954,158.07,Game,1,Predictable,110.2,1,,,4,101.13,,120,Sound,,,
0,FORT,,1,1777024441.638954,158.08,Game,1,Predictable,110.21,1,,,4,101.13,,120,Sound,,,
0,FORT,,1,1777024441.638954,158.09,Game,1,Predictable,110.22,1,,,4,101.13,,120,Sound,,,
0,FORT,,1,1777024441.638954,158.11,Game,1,Predictable,110.24,1,,,4,101.13,,120,Sound,,,
0,FORT,,1,1777024441.638954,158.12,Game,1,Predictable,110.25,1,,,4,101.13,,120,Sound,,,
0,FORT,,1,1777024441.638954,158.13,Game,1,Predictable,110.26,1,,,4,101.13,,120,Sound,,,
0,FORT,,1,1777024441.638954,158.14,Game,1,Predictable,110.27,1,,,4,101.13,,120,Sound,,,
0,FORT,,1,1777024441.638954,158.16,Game,1,Predictable,110.29,1,,,4,101.13,,120,Sound,,,
0,FORT,,1,1777024441.638954,158.17,Game,1,Predictable,110.3,1,,,4,101.13,,120,Sound,,,
0,FORT,,1,1777024441.638954,158.18,Game,1,Predictable,110.31,1,,,4,101.13,,120,Sound,,,
0,FORT,,1,1777024441.638954,158.19,Game,1,Predictable,110.32,1,,,4,101.13,,120,Sound,,,
0,FORT,,1,1777024441.638954,158.21,Game,1,Predictable,110.34,1,,,4,101.13,,120,Sound,,,
0,FORT,,1,1777024441.638954,158.22,Game,1,Predictable,110.35,1,,,4,101.13,,120,Sound,,,
0,FORT,,1,1777024441.638954,158.23,Game,1,Predictable,110.36,1,,,4,101.13,,120,Sound,,,
0,FORT,,1,1777024441.638954,158.24,Game,1,Predictable,110.37,1,,,4,101.13,,120,Sound,,,
0,FORT,,1,1777024441.638954,158.26,Game,1,Predictable,110.39,1,,,4,101.13,,120,Sound,,,
0,FORT,,1,1777024441.638954,158.27,Game,1,Predictable,110.4,1,,,4,101.13,,120,Sound,,,
0,FORT,,1,1777024441.638954,158.28,Game,1,Predictable,110.41,1,,,4,101.13,,120,Sound,,,
0,FORT,,1,1777024441.638954,158.29,Game,1,Predictable,110.42,1,,,4,101.13,,120,Sound,,,
0,FORT,,1,1777024441.638954,158.31,Game,1,Predictable,110.44,1,,,4,101.13,,120,Sound,,,
0,FORT,,1,1777024441.638954,158.32,Game,1,Predictable,110.45,1,,,4,101.13,,120,Sound,,,
0,FORT,,1,1777024441.638954,158.33,Game,1,Predictable,110.46,1,,,4,101.13,,120,Sound,,,
0,FORT,,1,1777024441.638954,158.34,Game,1,Predictable,110.47,1,,,4,101.13,,120,Sound,,,
0,FORT,,1,1777024441.638954,158.36,Game,1,Predictable,110.49,1,,,4,101.13,,120,Sound,,,
0,FORT,,1,1777024441.638954,158.37,Game,1,Predictable,110.5,1,,,4,101.13,,120,Sound,,,
0,FORT,,1,1777024441.638954,158.38,Game,1,Predictable,110.51,1,,,4,101.13,,120,Sound,,,
0,FORT,,1,1777024441.638954,158.39,Game,1,Predictable,110.52,1,,,4,101.13,,120,Sound,,,
0,FORT,,1,1777024441.638954,158.41,Game,1,Predictable,110.54,1,,,4,101.13,,120,Sound,,,
0,FORT,,1,1777024441.638954,158.42,Game,1,Predictable,110.55,1,,,4,101.13,,120,Sound,,,
0,FORT,,1,1777024441.638954,158.43,Game,1,Predictable,110.56,1,,,4,101.13,,120,Sound,,,
0,FORT,,1,1777024441.638954,158.44,Game,1,Predictable,110.57,1,,,4,101.13,,120,Sound,,,
0,FORT,,1,1777024441.638954,158.46,Game,1,Predictable,110.59,1,,,4,101.13,,120,Sound,,,
0,FORT,,1,1777024441.638954,158.47,Game,1,Predictable,110.6,1,,,4,101.13,,120,Sound,,,
0,FORT,,1,1777024441.638954,158.48,Game,1,Predictable,110.61,1,,,4,101.13,,120,Sound,,,
0,FORT,,1,1777024441.638954,158.49,Game,1,Predictable,110.62,1,,,4,101.13,,120,Sound,,,
0,FORT,,1,1777024441.638954,158.51,Game,1,Predictable,110.64,1,,,4,101.13,,120,Sound,,,
0,FORT,,1,1777024441.638954,158.52,Game,1,Predictable,110.65,1,,,4,101.13,,120,Sound,,,
0,FORT,,1,1777024441.638954,158.54,Game,1,Predictable,110.67,1,,,4,101.13,,120,Sound,,,
0,FORT,,1,1777024441.638954,158.56,Game,1,Predictable,110.69,1,,,4,101.13,,120,Sound,,,
0,FORT,,1,1777024441.638954,158.57,Game,1,Predictable,110.7,1,,,4,101.13,,120,Sound,,,
0,FORT,,1,1777024441.638954,158.58,Game,1,Predictable,110.72,1,,,4,101.13,,120,Sound,,,
0,FORT,,1,1777024441.638954,158.6,Game,1,Predictable,110.73,1,,,4,101.13,,120,Sound,,,
0,FORT,,1,1777024441.638954,158.61,Game,1,Predictable,110.74,1,,,4,101.13,,120,Sound,,,
0,FORT,,1,1777024441.638954,158.62,Game,1,Predictable,110.76,1,,,4,101.13,,120,Sound,,,
0,FORT,,1,1777024441.638954,158.64,Game,1,Predictable,110.77,1,,,4,101.13,,120,Sound,,,
0,FORT,,1,1777024441.638954,158.65,Game,1,Predictable,110.78,1,,,4,101.13,,120,Sound,,,
0,FORT,,1,1777024441.638954,158.66,Game,1,Predictable,110.79,1,,,4,101.13,,120,Sound,,,
0,FORT,,1,1777024441.638954,158.68,Game,1,Predictable,110.81,1,,,4,101.13,,120,Sound,,,
0,FORT,,1,1777024441.638954,158.69,Game,1,Predictable,110.82,1,,,4,101.13,,120,Sound,,,
0,FORT,,1,1777024441.638954,158.7,Game,1,Predictable,110.83,1,,,4,101.13,,120,Sound,,,
0,FORT,,1,1777024441.638954,158.71,Game,1,Predictable,110.85,1,,,4,101.13,,120,Sound,,,
0,FORT,,1,1777024441.638954,158.73,Game,1,Predictable,110.86,1,,,4,101.13,,120,Sound,,,
0,FORT,,1,1777024441.638954,158.74,Game,1,Predictable,110.87,1,,,4,101.13,,120,Sound,,,
0,FORT,,1,1777024441.638954,158.75,Game,1,Predictable,110.88,1,,,4,101.13,,120,Sound,,,
0,FORT,,1,1777024441.638954,158.76,Game,1,Predictable,110.9,1,,,4,101.13,,120,Sound,,,
0,FORT,,1,1777024441.638954,158.78,Game,1,Predictable,110.91,1,,,4,101.13,,120,Sound,,,
0,FORT,,1,1777024441.638954,158.79,Game,1,Predictable,110.92,1,,,4,101.13,,120,Sound,,,
0,FORT,,1,1777024441.638954,158.8,Game,1,Predictable,110.93,1,,,4,101.13,,120,Sound,,,
0,FORT,,1,1777024441.638954,158.81,Game,1,Predictable,110.95,1,,,4,101.13,,120,Sound,,,
0,FORT,,1,1777024441.638954,158.83,Game,1,Predictable,110.96,1,,,4,101.13,,120,Sound,,,
0,FORT,,1,1777024441.638954,158.84,Game,1,Predictable,110.97,1,,,4,101.13,,120,Sound,,,
0,FORT,,1,1777024441.638954,158.85,Game,1,Predictable,110.98,1,,,4,101.13,,120,Sound,,,
0,FORT,,1,1777024441.638954,158.86,Game,1,Predictable,111.0,1,,,4,101.13,,120,Sound,,,
0,FORT,,1,1777024441.638954,158.88,Game,1,Predictable,111.01,1,,,4,101.13,,120,Sound,,,
0,FORT,,1,1777024441.638954,158.89,Game,1,Predictable,111.02,1,,,4,101.13,,120,Sound,,,
0,FORT,,1,1777024441.638954,158.9,Game,1,Predictable,111.03,1,,,4,101.13,,120,Sound,,,
0,FORT,,1,1777024441.638954,158.91,Game,1,Predictable,111.05,1,,,4,101.13,,120,Sound,,,
0,FORT,,1,1777024441.638954,158.93,Game,1,Predictable,111.06,1,,,4,101.13,,120,Sound,,,
0,FORT,,1,1777024441.638954,158.94,Game,1,Predictable,111.07,1,,,4,101.13,,120,Sound,,,
0,FORT,,1,1777024441.638954,158.95,Game,1,Predictable,111.08,1,,,4,101.13,,120,Sound,,,
0,FORT,,1,1777024441.638954,158.96,Game,1,Predictable,111.1,1,,,4,101.13,,120,Sound,,,
0,FORT,,1,1777024441.638954,158.98,Game,1,Predictable,111.11,1,,,4,101.13,,120,Sound,,,
0,FORT,,1,1777024441.638954,158.99,Game,1,Predictable,111.12,1,,,4,101.13,,120,Sound,,,
0,FORT,,1,1777024441.638954,159.0,Game,1,Predictable,111.13,1,,,4,101.13,,120,Sound,,,
0,FORT,,1,1777024441.638954,159.01,Game,1,Predictable,111.15,1,,,4,101.13,,120,Sound,,,
0,FORT,,1,1777024441.638954,159.03,Game,1,Predictable,111.16,1,,,4,101.13,,120,Sound,,,
0,FORT,,1,1777024441.638954,159.04,Game,1,Predictable,111.17,1,,,4,101.13,,120,Sound,,,
0,FORT,,1,1777024441.638954,159.05,Game,1,Predictable,111.18,1,,,4,101.13,,120,Sound,,,
0,FORT,,1,1777024441.638954,159.06,Game,1,Predictable,111.2,1,,,4,101.13,,120,Sound,,,
0,FORT,,1,1777024441.638954,159.08,Game,1,Predictable,111.21,1,,,4,101.13,,120,Sound,,,
0,FORT,,1,1777024441.638954,159.09,Game,1,Predictable,111.22,1,,,4,101.13,,120,Sound,,,
0,FORT,,1,1777024441.638954,159.1,Game,1,Predictable,111.23,1,,,4,101.13,,120,Sound,,,
0,FORT,,1,1777024441.638954,159.11,Game,1,Predictable,111.25,1,,,4,101.13,,120,Sound,,,
0,FORT,,1,1777024441.638954,159.13,Game,1,Predictable,111.26,1,,,4,101.13,,120,Sound,,,
0,FORT,,1,1777024441.638954,159.14,Game,1,Predictable,111.27,1,,,4,101.13,,120,Sound,,,
0,FORT,,1,1777024441.638954,159.15,Game,1,Predictable,111.28,1,,,4,101.13,,120,Sound,,,
0,FORT,,1,1777024441.638954,159.16,Game,1,Predictable,111.3,1,,,4,101.13,,120,Sound,,,
0,FORT,,1,1777024441.638954,159.18,Game,1,Predictable,111.31,1,,,4,101.13,,120,Sound,,,
0,FORT,,1,1777024441.638954,159.19,Game,1,Predictable,111.32,1,,,4,101.13,,120,Sound,,,
0,FORT,,1,1777024441.638954,159.2,Game,1,Predictable,111.33,1,,,4,101.13,,120,Sound,,,
0,FORT,,1,1777024441.638954,159.21,Game,1,Predictable,111.35,1,,,4,101.13,,120,Sound,,,
0,FORT,,1,1777024441.638954,159.23,Game,1,Predictable,111.36,1,,,4,101.13,,120,Sound,,,
0,FORT,,1,1777024441.638954,159.24,Game,1,Predictable,111.37,1,,,4,101.13,,120,Sound,,,
0,FORT,,1,1777024441.638954,159.25,Game,1,Predictable,111.38,1,,,4,101.13,,120,Sound,,,
0,FORT,,1,1777024441.638954,159.26,Game,1,Predictable,111.4,1,,,4,101.13,,120,Sound,,,
0,FORT,,1,1777024441.638954,159.28,Game,1,Predictable,111.41,1,,,4,101.13,,120,Sound,,,
0,FORT,,1,1777024441.638954,159.29,Game,1,Predictable,111.42,1,,,4,101.13,,120,Sound,,,
0,FORT,,1,1777024441.638954,159.3,Game,1,Predictable,111.43,1,,,4,101.13,,120,Sound,,,
0,FORT,,1,1777024441.638954,159.31,Game,1,Predictable,111.45,1,,,4,101.13,,120,Sound,,,
0,FORT,,1,1777024441.638954,159.33,Game,1,Predictable,111.46,1,,,4,101.13,,120,Sound,,,
0,FORT,,1,1777024441.638954,159.34,Game,1,Predictable,111.47,1,,,4,101.13,,120,Sound,,,
0,FORT,,1,1777024441.638954,159.35,Game,1,Predictable,111.48,1,,,4,101.13,,120,Sound,,,
0,FORT,,1,1777024441.638954,159.36,Game,1,Predictable,111.5,1,,,4,101.13,,120,Sound,,,
0,FORT,,1,1777024441.638954,159.38,Game,1,Predictable,111.51,1,,,4,101.13,,120,Sound,,,
0,FORT,,1,1777024441.638954,159.39,Game,1,Predictable,111.52,1,,,4,101.13,,120,Sound,,,
0,FORT,,1,1777024441.638954,159.4,Game,1,Predictable,111.53,1,,,4,101.13,,120,Sound,,,
0,FORT,,1,1777024441.638954,159.41,Game,1,Predictable,111.55,1,,,4,101.13,,120,Sound,,,
0,FORT,,1,1777024441.638954,159.43,Game,1,Predictable,111.56,1,,,4,101.13,,120,Sound,,,
0,FORT,,1,1777024441.638954,159.44,Game,1,Predictable,111.57,1,,,4,101.13,,120,Sound,,,
0,FORT,,1,1777024441.638954,159.45,Game,1,Predictable,111.58,1,,,4,101.13,,120,Sound,,,
0,FORT,,1,1777024441.638954,159.46,Game,1,Predictable,111.6,1,,,4,101.13,,120,Sound,,,
0,FORT,,1,1777024441.638954,159.48,Game,1,Predictable,111.61,1,,,4,101.13,,120,Sound,,,
0,FORT,,1,1777024441.638954,159.49,Game,1,Predictable,111.62,1,,,4,101.13,,120,Sound,,,
0,FORT,,1,1777024441.638954,159.5,Game,1,Predictable,111.63,1,,,4,101.13,,120,Sound,,,
0,FORT,,1,1777024441.638954,159.51,Game,1,Predictable,111.65,1,,,4,101.13,,120,Sound,,,
0,FORT,,1,1777024441.638954,159.53,Game,1,Predictable,111.66,1,,,4,101.13,,120,Sound,,,
0,FORT,,1,1777024441.638954,159.54,Game,1,Predictable,111.67,1,,,4,101.13,,120,Sound,,,
0,FORT,,1,1777024441.638954,159.55,Game,1,Predictable,111.68,1,,,4,101.13,,120,Sound,,,
0,FORT,,1,1777024441.638954,159.56,Game,1,Predictable,111.7,1,,,4,101.13,,120,Sound,,,
0,FORT,,1,1777024441.638954,159.58,Game,1,Predictable,111.71,1,,,4,101.13,,120,Sound,,,
0,FORT,,1,1777024441.638954,159.59,Game,1,Predictable,111.72,1,,,4,101.13,,120,Sound,,,
0,FORT,,1,1777024441.638954,159.6,Game,1,Predictable,111.73,1,,,4,101.13,,120,Sound,,,
0,FORT,,1,1777024441.638954,159.61,Game,1,Predictable,111.75,1,,,4,101.13,,120,Sound,,,
0,FORT,,1,1777024441.638954,159.63,Game,1,Predictable,111.76,1,,,4,101.13,,120,Sound,,,
0,FORT,,1,1777024441.638954,159.64,Game,1,Predictable,111.77,1,,,4,101.13,,120,Sound,,,
0,FORT,,1,1777024441.638954,159.65,Game,1,Predictable,111.78,1,,,4,101.13,,120,Sound,,,
0,FORT,,1,1777024441.638954,159.66,Game,1,Predictable,111.8,1,,,4,101.13,,120,Sound,,,
0,FORT,,1,1777024441.638954,159.68,Game,1,Predictable,111.81,1,,,4,101.13,,120,Sound,,,
0,FORT,,1,1777024441.638954,159.69,Game,1,Predictable,111.82,1,,,4,101.13,,120,Sound,,,
0,FORT,,1,1777024441.638954,159.7,Game,1,Predictable,111.83,1,,,4,101.13,,120,Sound,,,
0,FORT,,1,1777024441.638954,159.71,Game,1,Predictable,111.85,1,,,4,101.13,,120,Sound,,,
0,FORT,,1,1777024441.638954,159.73,Game,1,Predictable,111.86,1,,,4,101.13,,120,Sound,,,
0,FORT,,1,1777024441.638954,159.74,Game,1,Predictable,111.87,1,,,4,101.13,,120,Sound,,,
0,FORT,,1,1777024441.638954,159.75,Game,1,Predictable,111.88,1,,,4,101.13,,120,Sound,,,
0,FORT,,1,1777024441.638954,159.76,Game,1,Predictable,111.9,1,,,4,101.13,,120,Sound,,,
0,FORT,,1,1777024441.638954,159.78,Game,1,Predictable,111.91,1,,,4,101.13,,120,Sound,,,
0,FORT,,1,1777024441.638954,159.79,Game,1,Predictable,111.92,1,,,4,101.13,,120,Sound,,,
0,FORT,,1,1777024441.638954,159.8,Game,1,Predictable,111.93,1,,,4,101.13,,120,Sound,,,
0,FORT,,1,1777024441.638954,159.81,Game,1,Predictable,111.95,1,,,4,101.13,,120,Sound,,,
0,FORT,,1,1777024441.638954,159.83,Game,1,Predictable,111.96,1,,,4,101.13,,120,Sound,,,
0,FORT,,1,1777024441.638954,159.84,Game,1,Predictable,111.97,1,,,4,101.13,,120,Sound,,,
0,FORT,,1,1777024441.638954,159.85,Game,1,Predictable,111.98,1,,,4,101.13,,120,Sound,,,
0,FORT,,1,1777024441.638954,159.86,Game,1,Predictable,112.0,1,,,4,101.13,,120,Sound,,,
0,FORT,,1,1777024441.638954,159.88,Game,1,Predictable,112.01,1,,,4,101.13,,120,Sound,,,
0,FORT,,1,1777024441.638954,159.89,Game,1,Predictable,112.02,1,,,4,101.13,,120,Sound,,,
0,FORT,,1,1777024441.638954,159.9,Game,1,Predictable,112.03,1,,,4,101.13,,120,Sound,,,
0,FORT,,1,1777024441.638954,159.91,Game,1,Predictable,112.05,1,,,4,101.13,,120,Sound,,,
0,FORT,,1,1777024441.638954,159.93,Game,1,Predictable,112.06,1,,,4,101.13,,120,Sound,,,
0,FORT,,1,1777024441.638954,159.94,Game,1,Predictable,112.07,1,,,4,101.13,,120,Sound,,,
0,FORT,,1,1777024441.638954,159.95,Game,1,Predictable,112.08,1,,,4,101.13,,120,Sound,,,
0,FORT,,1,1777024441.638954,159.96,Game,1,Predictable,112.1,1,,,4,101.13,,120,Sound,,,
0,FORT,,1,1777024441.638954,159.98,Game,1,Predictable,112.11,1,,,4,101.13,,120,Sound,,,
0,FORT,,1,1777024441.638954,159.99,Game,1,Predictable,112.12,1,,,4,101.13,,120,Sound,,,
0,FORT,,1,1777024441.638954,160.0,Game,1,Predictable,112.13,1,,,4,101.13,,120,Sound,,,
0,FORT,,1,1777024441.638954,160.01,Game,1,Predictable,112.15,1,,,4,101.13,,120,Sound,,,
0,FORT,,1,1777024441.638954,160.03,Game,1,Predictable,112.16,1,,,4,101.13,,120,Sound,,,
0,FORT,,1,1777024441.638954,160.04,Game,1,Predictable,112.17,1,,,4,101.13,,120,Sound,,,
0,FORT,,1,1777024441.638954,160.05,Game,1,Predictable,112.18,1,,,4,101.13,,120,Sound,,,
0,FORT,,1,1777024441.638954,160.06,Game,1,Predictable,112.2,1,,,4,101.13,,120,Sound,,,
0,FORT,,1,1777024441.638954,160.08,Game,1,Predictable,112.21,1,,,4,101.13,,120,Sound,,,
0,FORT,,1,1777024441.638954,160.09,Game,1,Predictable,112.22,1,,,4,101.13,,120,Sound,,,
0,FORT,,1,1777024441.638954,160.1,Game,1,Predictable,112.23,1,,,4,101.13,,120,Sound,,,
0,FORT,,1,1777024441.638954,160.11,Game,1,Predictable,112.25,1,,,4,101.13,,120,Sound,,,
0,FORT,,1,1777024441.638954,160.13,Game,1,Predictable,112.26,1,,,4,101.13,,120,Sound,,,
0,FORT,,1,1777024441.638954,160.14,Game,1,Predictable,112.27,1,,,4,101.13,,120,Sound,,,
0,FORT,,1,1777024441.638954,160.15,Game,1,Predictable,112.28,1,,,4,101.13,,120,Sound,,,
0,FORT,,1,1777024441.638954,160.16,Game,1,Predictable,112.3,1,,,4,101.13,,120,Sound,,,
0,FORT,,1,1777024441.638954,160.18,Game,1,Predictable,112.31,1,,,4,101.13,,120,Sound,,,
0,FORT,,1,1777024441.638954,160.19,Game,1,Predictable,112.32,1,,,4,101.13,,120,Sound,,,
0,FORT,,1,1777024441.638954,160.2,Game,1,Predictable,112.33,1,,,4,101.13,,120,Sound,,,
0,FORT,,1,1777024441.638954,160.21,Game,1,Predictable,112.35,1,,,4,101.13,,120,Sound,,,
0,FORT,,1,1777024441.638954,160.23,Game,1,Predictable,112.36,1,,,4,101.13,,120,Sound,,,
0,FORT,,1,1777024441.638954,160.24,Game,1,Predictable,112.37,1,,,4,101.13,,120,Sound,,,
0,FORT,,1,1777024441.638954,160.25,Game,1,Predictable,112.38,1,,,4,101.13,,120,Sound,,,
0,FORT,,1,1777024441.638954,160.26,Game,1,Predictable,112.4,1,,,4,101.13,,120,Sound,,,
0,FORT,,1,1777024441.638954,160.28,Game,1,Predictable,112.41,1,,,4,101.13,,120,Sound,,,
0,FORT,,1,1777024441.638954,160.29,Game,1,Predictable,112.42,1,,,4,101.13,,120,Sound,,,
0,FORT,,1,1777024441.638954,160.3,Game,1,Predictable,112.43,1,,,4,101.13,,120,Sound,,,
0,FORT,,1,1777024441.638954,160.31,Game,1,Predictable,112.45,1,,,4,101.13,,120,Sound,,,
0,FORT,,1,1777024441.638954,160.33,Game,1,Predictable,112.46,1,,,4,101.13,,120,Sound,,,
0,FORT,,1,1777024441.638954,160.34,Game,1,Predictable,112.47,1,,,4,101.13,,120,Sound,,,
0,FORT,,1,1777024441.638954,160.35,Game,1,Predictable,112.48,1,,,4,101.13,,120,Sound,,,
0,FORT,,1,1777024441.638954,160.36,Game,1,Predictable,112.5,1,,,4,101.13,,120,Sound,,,
0,FORT,,1,1777024441.638954,160.38,Game,1,Predictable,112.51,1,,,4,101.13,,120,Sound,,,
0,FORT,,1,1777024441.638954,160.39,Game,1,Predictable,112.52,1,,,4,101.13,,120,Sound,,,
0,FORT,,1,1777024441.638954,160.4,Game,1,Predictable,112.53,1,,,4,101.13,,120,Sound,,,
0,FORT,,1,1777024441.638954,160.41,Game,1,Predictable,112.55,1,,,4,101.13,,120,Sound,,,
0,FORT,,1,1777024441.638954,160.43,Game,1,Predictable,112.56,1,,,4,101.13,,120,Sound,,,
0,FORT,,1,1777024441.638954,160.44,Game,1,Predictable,112.57,1,,,4,101.13,,120,Sound,,,
0,FORT,,1,1777024441.638954,160.45,Game,1,Predictable,112.58,1,,,4,101.13,,120,Sound,,,
0,FORT,,1,1777024441.638954,160.46,Game,1,Predictable,112.6,1,,,4,101.13,,120,Sound,,,
0,FORT,,1,1777024441.638954,160.48,Game,1,Predictable,112.61,1,,,4,101.13,,120,Sound,,,
0,FORT,,1,1777024441.638954,160.49,Game,1,Predictable,112.62,1,,,4,101.13,,120,Sound,,,
0,FORT,,1,1777024441.638954,160.5,Game,1,Predictable,112.63,1,,,4,101.13,,120,Sound,,,
0,FORT,,1,1777024441.638954,160.51,Game,1,Predictable,112.65,1,,,4,101.13,,120,Sound,,,
0,FORT,,1,1777024441.638954,160.53,Game,1,Predictable,112.66,1,,,4,101.13,,120,Sound,,,
0,FORT,,1,1777024441.638954,160.54,Game,1,Predictable,112.67,1,,,4,101.13,,120,Sound,,,
0,FORT,,1,1777024441.638954,160.55,Game,1,Predictable,112.68,1,,,4,101.13,,120,Sound,,,
0,FORT,,1,1777024441.638954,160.56,Game,1,Predictable,112.7,1,,,4,101.13,,120,Sound,,,
0,FORT,,1,1777024441.638954,160.58,Game,1,Predictable,112.71,1,,,4,101.13,,120,Sound,,,
0,FORT,,1,1777024441.638954,160.59,Game,1,Predictable,112.72,1,,,4,101.13,,120,Sound,,,
0,FORT,,1,1777024441.638954,160.6,Game,1,Predictable,112.73,1,,,4,101.13,,120,Sound,,,
0,FORT,,1,1777024441.638954,160.61,Game,1,Predictable,112.75,1,,,4,101.13,,120,Sound,,,
0,FORT,,1,1777024441.638954,160.63,Game,1,Predictable,112.76,1,,,4,101.13,,120,Sound,,,
0,FORT,,1,1777024441.638954,160.64,Game,1,Predictable,112.77,1,,,4,101.13,,120,Sound,,,
0,FORT,,1,1777024441.638954,160.65,Game,1,Predictable,112.78,1,,,4,101.13,,120,Sound,,,
0,FORT,,1,1777024441.638954,160.66,Game,1,Predictable,112.8,1,,,4,101.13,,120,Sound,,,
0,FORT,,1,1777024441.638954,160.68,Game,1,Predictable,112.81,1,,,4,101.13,,120,Sound,,,
0,FORT,,1,1777024441.638954,160.69,Game,1,Predictable,112.82,1,,,4,101.13,,120,Sound,,,
0,FORT,,1,1777024441.638954,160.7,Game,1,Predictable,112.83,1,,,4,101.13,,120,Sound,,,
0,FORT,,1,1777024441.638954,160.71,Game,1,Predictable,112.85,1,,,4,101.13,,120,Sound,,,
0,FORT,,1,1777024441.638954,160.73,Game,1,Predictable,112.86,1,,,4,101.13,,120,Sound,,,
0,FORT,,1,1777024441.638954,160.74,Game,1,Predictable,112.87,1,,,4,101.13,,120,Sound,,,
0,FORT,,1,1777024441.638954,160.75,Game,1,Predictable,112.88,1,,,4,101.13,,120,Sound,,,
0,FORT,,1,1777024441.638954,160.76,Game,1,Predictable,112.9,1,,,4,101.13,,120,Sound,,,
0,FORT,,1,1777024441.638954,160.78,Game,1,Predictable,112.91,1,,,4,101.13,,120,Sound,,,
0,FORT,,1,1777024441.638954,160.79,Game,1,Predictable,112.92,1,,,4,101.13,,120,Sound,,,
0,FORT,,1,1777024441.638954,160.8,Game,1,Predictable,112.93,1,,,4,101.13,,120,Sound,,,
0,FORT,,1,1777024441.638954,160.81,Game,1,Predictable,112.95,1,,,4,101.13,,120,Sound,,,
0,FORT,,1,1777024441.638954,160.83,Game,1,Predictable,112.96,1,,,4,101.13,,120,Sound,,,
0,FORT,,1,1777024441.638954,160.84,Game,1,Predictable,112.97,1,,,4,101.13,,120,Sound,,,
0,FORT,,1,1777024441.638954,160.85,Game,1,Predictable,112.98,1,,,4,101.13,,120,Sound,,,
0,FORT,,1,1777024441.638954,160.86,Game,1,Predictable,113.0,1,,,4,101.13,,120,Sound,,,
0,FORT,,1,1777024441.638954,160.88,Game,1,Predictable,113.01,1,,,4,101.13,,120,Sound,,,
0,FORT,,1,1777024441.638954,160.89,Game,1,Predictable,113.02,1,,,4,101.13,,120,Sound,,,
0,FORT,,1,1777024441.638954,160.96,Game,1,Predictable,113.09,0,,,4,,,130,Sound,,,
0,FORT,,1,1777024441.638954,160.99,Game,1,Predictable,113.09,0,,,4,,,130,Sound,,,
0,FORT,,1,1777024441.638954,161.0,Game,1,Predictable,113.13,0,,,4,,,130,Sound,,,
0,FORT,,1,1777024441.638954,161.01,Game,1,Predictable,113.15,0,,,4,,,130,Sound,,,
0,FORT,,1,1777024441.638954,161.03,Game,1,Predictable,113.16,0,,,4,,,130,Sound,,,
0,FORT,,1,1777024441.638954,161.04,Game,1,Predictable,113.17,0,,,4,,,130,Sound,,,
0,FORT,,1,1777024441.638954,161.05,Game,1,Predictable,113.18,0,,,4,,,130,Sound,,,
0,FORT,,1,1777024441.638954,161.06,Game,1,Predictable,113.2,0,,,4,,,130,Sound,,,
0,FORT,,1,1777024441.638954,161.08,Game,1,Predictable,113.21,0,,,4,,,130,Sound,,,
0,FORT,,1,1777024441.638954,161.09,Game,1,Predictable,113.22,0,,,4,,,130,Sound,,,
0,FORT,,1,1777024441.638954,161.1,Game,1,Predictable,113.23,0,,,4,,,130,Sound,,,
0,FORT,,1,1777024441.638954,161.11,Game,1,Predictable,113.25,0,,,4,,,130,Sound,,,
0,FORT,,1,1777024441.638954,161.13,Game,1,Predictable,113.26,0,,,4,,,130,Sound,,,
0,FORT,,1,1777024441.638954,161.14,Game,1,Predictable,113.27,0,,,4,,,130,Sound,,,
0,FORT,,1,1777024441.638954,161.15,Game,1,Predictable,113.28,0,,,4,,,130,Sound,,,
0,FORT,,1,1777024441.638954,161.16,Game,1,Predictable,113.3,0,,,4,,,130,Sound,,,
0,FORT,,1,1777024441.638954,161.18,Game,1,Predictable,113.31,0,,,4,,,130,Sound,,,
0,FORT,,1,1777024441.638954,161.19,Game,1,Predictable,113.32,0,,,4,,,130,Sound,,,
0,FORT,,1,1777024441.638954,161.2,Game,1,Predictable,113.33,0,,,4,,,130,Sound,,,
0,FORT,,1,1777024441.638954,161.21,Game,1,Predictable,113.35,0,,,4,,,130,Sound,,,
0,FORT,,1,1777024441.638954,161.23,Game,1,Predictable,113.36,0,,,4,,,130,Sound,,,
0,FORT,,1,1777024441.638954,161.24,Game,1,Predictable,113.37,0,,,4,,,130,Sound,,,
0,FORT,,1,1777024441.638954,161.25,Game,1,Predictable,113.38,0,,,4,,,130,Sound,,,
0,FORT,,1,1777024441.638954,161.27,Game,1,Predictable,113.4,0,,,4,,,130,Sound,,,
0,FORT,,1,1777024441.638954,161.29,Game,1,Predictable,113.41,0,,,4,,,130,Sound,,,
0,FORT,,1,1777024441.638954,161.31,Game,1,Predictable,113.44,0,,,4,,,130,Sound,,,
0,FORT,,1,1777024441.638954,161.32,Game,1,Predictable,113.46,0,,,4,,,130,Sound,,,
0,FORT,,1,1777024441.638954,161.34,Game,1,Predictable,113.47,0,,,4,,,130,Sound,,,
0,FORT,,1,1777024441.638954,161.35,Game,1,Predictable,113.48,0,,,4,,,130,Sound,,,
0,FORT,,1,1777024441.638954,161.36,Game,1,Predictable,113.49,0,,,4,,,130,Sound,,,
0,FORT,,1,1777024441.638954,161.37,Game,1,Predictable,113.5,0,,,4,,,130,Sound,,,
0,FORT,,1,1777024441.638954,161.39,Game,1,Predictable,113.52,0,,,4,,,130,Sound,,,
0,FORT,,1,1777024441.638954,161.4,Game,1,Predictable,113.53,0,,,4,,,130,Sound,,,
0,FORT,,1,1777024441.638954,161.41,Game,1,Predictable,113.54,0,,,4,,,130,Sound,,,
0,FORT,,1,1777024441.638954,161.42,Game,1,Predictable,113.55,0,,,4,,,130,Sound,,,
0,FORT,,1,1777024441.638954,161.44,Game,1,Predictable,113.57,0,,,4,,,130,Sound,,,
0,FORT,,1,1777024441.638954,161.45,Game,1,Predictable,113.58,0,,,4,,,130,Sound,,,
0,FORT,,1,1777024441.638954,161.46,Game,1,Predictable,113.59,0,,,4,,,130,Sound,,,
0,FORT,,1,1777024441.638954,161.47,Game,1,Predictable,113.61,0,,,4,,,130,Sound,,,
0,FORT,,1,1777024441.638954,161.49,Game,1,Predictable,113.62,0,,,4,,,130,Sound,,,
0,FORT,,1,1777024441.638954,161.5,Game,1,Predictable,113.63,0,,,4,,,130,Sound,,,
0,FORT,,1,1777024441.638954,161.51,Game,1,Predictable,113.64,0,,,4,,,130,Sound,,,
0,FORT,,1,1777024441.638954,161.52,Game,1,Predictable,113.66,0,,,4,,,130,Sound,,,
0,FORT,,1,1777024441.638954,161.54,Game,1,Predictable,113.67,0,,,4,,,130,Sound,,,
0,FORT,,1,1777024441.638954,161.55,Game,1,Predictable,113.68,0,,,4,,,130,Sound,,,
0,FORT,,1,1777024441.638954,161.56,Game,1,Predictable,113.69,0,,,4,,,130,Sound,,,
0,FORT,,1,1777024441.638954,161.57,Game,1,Predictable,113.7,0,,,4,,,130,Sound,,,
0,FORT,,1,1777024441.638954,161.59,Game,1,Predictable,113.72,0,,,4,,,130,Sound,,,
0,FORT,,1,1777024441.638954,161.6,Game,1,Predictable,113.73,0,,,4,,,130,Sound,,,
0,FORT,,1,1777024441.638954,161.61,Game,1,Predictable,113.74,0,,,4,,,130,Sound,,,
0,FORT,,1,1777024441.638954,161.62,Game,1,Predictable,113.76,0,,,4,,,130,Sound,,,
0,FORT,,1,1777024441.638954,161.64,Game,1,Predictable,113.77,0,,,4,,,130,Sound,,,
0,FORT,,1,1777024441.638954,161.65,Game,1,Predictable,113.78,0,,,4,,,130,Sound,,,
0,FORT,,1,1777024441.638954,161.66,Game,1,Predictable,113.79,0,,,4,,,130,Sound,,,
0,FORT,,1,1777024441.638954,161.67,Game,1,Predictable,113.8,0,,,4,,,130,Sound,,,
0,FORT,,1,1777024441.638954,161.69,Game,1,Predictable,113.82,0,,,4,,,130,Sound,,,
0,FORT,,1,1777024441.638954,161.7,Game,1,Predictable,113.83,0,,,4,,,130,Sound,,,
0,FORT,,1,1777024441.638954,161.71,Game,1,Predictable,113.84,0,,,4,,,130,Sound,,,
0,FORT,,1,1777024441.638954,161.72,Game,1,Predictable,113.86,0,,,4,,,130,Sound,,,
0,FORT,,1,1777024441.638954,161.74,Game,1,Predictable,113.87,0,,,4,,,130,Sound,,,
0,FORT,,1,1777024441.638954,161.75,Game,1,Predictable,113.88,0,,,4,,,130,Sound,,,
0,FORT,,1,1777024441.638954,161.78,Game,1,Predictable,113.89,0,,,4,,,130,Sound,,,
0,FORT,,1,1777024441.638954,161.79,Game,1,Predictable,113.92,0,,,4,,,130,Sound,,,
0,FORT,,1,1777024441.638954,161.81,Game,1,Predictable,113.94,0,,,4,,,130,Sound,,,
0,FORT,,1,1777024441.638954,161.82,Game,1,Predictable,113.95,0,,,4,,,130,Sound,,,
0,FORT,,1,1777024441.638954,161.83,Game,1,Predictable,113.96,0,,,4,,,130,Sound,,,
0,FORT,,1,1777024441.638954,161.84,Game,1,Predictable,113.98,0,,,4,,,130,Sound,,,
0,FORT,,1,1777024441.638954,161.86,Game,1,Predictable,113.99,0,,,4,,,130,Sound,,,
0,FORT,,1,1777024441.638954,161.87,Game,1,Predictable,114.0,0,,,4,,,130,Sound,,,
0,FORT,,1,1777024441.638954,161.88,Game,1,Predictable,114.01,0,,,4,,,130,Sound,,,
0,FORT,,1,1777024441.638954,161.89,Game,1,Predictable,114.02,0,,,4,,,130,Sound,,,
0,FORT,,1,1777024441.638954,161.91,Game,1,Predictable,114.04,0,,,4,,,130,Sound,,,
0,FORT,,1,1777024441.638954,161.92,Game,1,Predictable,114.05,0,,,4,,,130,Sound,,,
0,FORT,,1,1777024441.638954,161.93,Game,1,Predictable,114.06,0,,,4,,,130,Sound,,,
0,FORT,,1,1777024441.638954,161.94,Game,1,Predictable,114.08,0,,,4,,,130,Sound,,,
0,FORT,,1,1777024441.638954,161.96,Game,1,Predictable,114.09,0,,,4,,,130,Sound,,,
0,FORT,,1,1777024441.638954,161.97,Game,1,Predictable,114.1,0,,,4,,,130,Sound,,,
0,FORT,,1,1777024441.638954,161.98,Game,1,Predictable,114.11,0,,,4,,,130,Sound,,,
0,FORT,,1,1777024441.638954,161.99,Game,1,Predictable,114.12,0,,,4,,,130,Sound,,,
0,FORT,,1,1777024441.638954,162.01,Game,1,Predictable,114.14,0,,,4,,,130,Sound,,,
0,FORT,,1,1777024441.638954,162.02,Game,1,Predictable,114.15,0,,,4,,,130,Sound,,,
0,FORT,,1,1777024441.638954,162.03,Game,1,Predictable,114.16,0,,,4,,,130,Sound,,,
0,FORT,,1,1777024441.638954,162.04,Game,1,Predictable,114.18,0,,,4,,,130,Sound,,,
0,FORT,,1,1777024441.638954,162.06,Game,1,Predictable,114.19,0,,,4,,,130,Sound,,,
0,FORT,,1,1777024441.638954,162.07,Game,1,Predictable,114.2,0,,,4,,,130,Sound,,,
0,FORT,,1,1777024441.638954,162.08,Game,1,Predictable,114.21,0,,,4,,,130,Sound,,,
0,FORT,,1,1777024441.638954,162.09,Game,1,Predictable,114.22,0,,,4,,,130,Sound,,,
0,FORT,,1,1777024441.638954,162.11,Game,1,Predictable,114.24,0,,,4,,,130,Sound,,,
0,FORT,,1,1777024441.638954,162.12,Game,1,Predictable,114.25,0,,,4,,,130,Sound,,,
0,FORT,,1,1777024441.638954,162.13,Game,1,Predictable,114.26,0,,,4,,,130,Sound,,,
0,FORT,,1,1777024441.638954,162.14,Game,1,Predictable,114.28,0,,,4,,,130,Sound,,,
0,FORT,,1,1777024441.638954,162.16,Game,1,Predictable,114.29,0,,,4,,,130,Sound,,,
0,FORT,,1,1777024441.638954,162.17,Game,1,Predictable,114.3,0,,,4,,,130,Sound,,,
0,FORT,,1,1777024441.638954,162.18,Game,1,Predictable,114.31,0,,,4,,,130,Sound,,,
0,FORT,,1,1777024441.638954,162.19,Game,1,Predictable,114.33,0,,,4,,,130,Sound,,,
0,FORT,,1,1777024441.638954,162.21,Game,1,Predictable,114.34,0,,,4,,,130,Sound,,,
0,FORT,,1,1777024441.638954,162.22,Game,1,Predictable,114.35,0,,,4,,,130,Sound,,,
0,FORT,,1,1777024441.638954,162.23,Game,1,Predictable,114.36,0,,,4,,,130,Sound,,,
0,FORT,,1,1777024441.638954,162.24,Game,1,Predictable,114.38,0,,,4,,,130,Sound,,,
0,FORT,,1,1777024441.638954,162.26,Game,1,Predictable,114.39,0,,,4,,,130,Sound,,,
0,FORT,,1,1777024441.638954,162.27,Game,1,Predictable,114.4,0,,,4,,,130,Sound,,,
0,FORT,,1,1777024441.638954,162.28,Game,1,Predictable,114.41,0,,,4,,,130,Sound,,,
0,FORT,,1,1777024441.638954,162.29,Game,1,Predictable,114.43,0,,,4,,,130,Sound,,,
0,FORT,,1,1777024441.638954,162.31,Game,1,Predictable,114.44,0,,,4,,,130,Sound,,,
0,FORT,,1,1777024441.638954,162.32,Game,1,Predictable,114.45,0,,,4,,,130,Sound,,,
0,FORT,,1,1777024441.638954,162.33,Game,1,Predictable,114.46,0,,,4,,,130,Sound,,,
0,FORT,,1,1777024441.638954,162.34,Game,1,Predictable,114.48,0,,,4,,,130,Sound,,,
0,FORT,,1,1777024441.638954,162.36,Game,1,Predictable,114.49,0,,,4,,,130,Sound,,,
0,FORT,,1,1777024441.638954,162.37,Game,1,Predictable,114.5,0,,,4,,,130,Sound,,,
0,FORT,,1,1777024441.638954,162.38,Game,1,Predictable,114.51,0,,,4,,,130,Sound,,,
0,FORT,,1,1777024441.638954,162.39,Game,1,Predictable,114.53,0,,,4,,,130,Sound,,,
0,FORT,,1,1777024441.638954,162.41,Game,1,Predictable,114.54,0,,,4,,,130,Sound,,,
0,FORT,,1,1777024441.638954,162.42,Game,1,Predictable,114.55,0,,,4,,,130,Sound,,,
0,FORT,,1,1777024441.638954,162.43,Game,1,Predictable,114.56,0,,,4,,,130,Sound,,,
0,FORT,,1,1777024441.638954,162.44,Game,1,Predictable,114.58,0,,,4,,,130,Sound,,,
0,FORT,,1,1777024441.638954,162.46,Game,1,Predictable,114.59,0,,,4,,,130,Sound,,,
0,FORT,,1,1777024441.638954,162.47,Game,1,Predictable,114.6,0,,,4,,,130,Sound,,,
0,FORT,,1,1777024441.638954,162.48,Game,1,Predictable,114.61,0,,,4,,,130,Sound,,,
0,FORT,,1,1777024441.638954,162.49,Game,1,Predictable,114.63,0,,,4,,,130,Sound,,,
0,FORT,,1,1777024441.638954,162.51,Game,1,Predictable,114.64,0,,,4,,,130,Sound,,,
0,FORT,,1,1777024441.638954,162.52,Game,1,Predictable,114.65,0,,,4,,,130,Sound,,,
0,FORT,,1,1777024441.638954,162.53,Game,1,Predictable,114.66,0,,,4,,,130,Sound,,,
0,FORT,,1,1777024441.638954,162.54,Game,1,Predictable,114.68,0,,,4,,,130,Sound,,,
0,FORT,,1,1777024441.638954,162.56,Game,1,Predictable,114.69,0,,,4,,,130,Sound,,,
0,FORT,,1,1777024441.638954,162.57,Game,1,Predictable,114.7,0,,,4,,,130,Sound,,,
0,FORT,,1,1777024441.638954,162.58,Game,1,Predictable,114.71,0,,,4,,,130,Sound,,,
0,FORT,,1,1777024441.638954,162.59,Game,1,Predictable,114.73,0,,,4,,,130,Sound,,,
0,FORT,,1,1777024441.638954,162.61,Game,1,Predictable,114.74,0,,,4,,,130,Sound,,,
0,FORT,,1,1777024441.638954,162.62,Game,1,Predictable,114.75,0,,,4,,,130,Sound,,,
0,FORT,,1,1777024441.638954,162.63,Game,1,Predictable,114.76,0,,,4,,,130,Sound,,,
0,FORT,,1,1777024441.638954,162.64,Game,1,Predictable,114.78,0,,,4,,,130,Sound,,,
0,FORT,,1,1777024441.638954,162.66,Game,1,Predictable,114.79,0,,,4,,,130,Sound,,,
0,FORT,,1,1777024441.638954,162.67,Game,1,Predictable,114.8,0,,,4,,,130,Sound,,,
0,FORT,,1,1777024441.638954,162.68,Game,1,Predictable,114.81,0,,,4,,,130,Sound,,,
0,FORT,,1,1777024441.638954,162.69,Game,1,Predictable,114.83,0,,,4,,,130,Sound,,,
0,FORT,,1,1777024441.638954,162.71,Game,1,Predictable,114.84,0,,,4,,,130,Sound,,,
0,FORT,,1,1777024441.638954,162.72,Game,1,Predictable,114.85,0,,,4,,,130,Sound,,,
0,FORT,,1,1777024441.638954,162.73,Game,1,Predictable,114.86,0,,,4,,,130,Sound,,,
0,FORT,,1,1777024441.638954,162.74,Game,1,Predictable,114.88,0,,,4,,,130,Sound,,,
0,FORT,,1,1777024441.638954,162.76,Game,1,Predictable,114.89,0,,,4,,,130,Sound,,,
0,FORT,,1,1777024441.638954,162.77,Game,1,Predictable,114.9,0,,,4,,,130,Sound,,,
0,FORT,,1,1777024441.638954,162.78,Game,1,Predictable,114.91,0,,,4,,,130,Sound,,,
0,FORT,,1,1777024441.638954,162.79,Game,1,Predictable,114.93,0,,,4,,,130,Sound,,,
0,FORT,,1,1777024441.638954,162.81,Game,1,Predictable,114.94,0,,,4,,,130,Sound,,,
0,FORT,,1,1777024441.638954,162.82,Game,1,Predictable,114.95,0,,,4,,,130,Sound,,,
0,FORT,,1,1777024441.638954,162.83,Game,1,Predictable,114.96,0,,,4,,,130,Sound,,,
0,FORT,,1,1777024441.638954,162.84,Game,1,Predictable,114.98,0,,,4,,,130,Sound,,,
0,FORT,,1,1777024441.638954,162.86,Game,1,Predictable,114.99,0,,,4,,,130,Sound,,,
0,FORT,,1,1777024441.638954,162.87,Game,1,Predictable,115.0,0,,,4,,,130,Sound,,,
0,FORT,,1,1777024441.638954,162.88,Game,1,Predictable,115.01,0,,,4,,,130,Sound,,,
0,FORT,,1,1777024441.638954,162.89,Game,1,Predictable,115.03,0,,,4,,,130,Sound,,,
0,FORT,,1,1777024441.638954,162.91,Game,1,Predictable,115.04,0,,,4,,,130,Sound,,,
0,FORT,,1,1777024441.638954,162.92,Game,1,Predictable,115.05,0,,,4,,,130,Sound,,,
0,FORT,,1,1777024441.638954,162.93,Game,1,Predictable,115.06,0,,,4,,,130,Sound,,,
0,FORT,,1,1777024441.638954,162.94,Game,1,Predictable,115.08,0,,,4,,,130,Sound,,,
0,FORT,,1,1777024441.638954,162.96,Game,1,Predictable,115.09,0,,,4,,,130,Sound,,,
0,FORT,,1,1777024441.638954,162.97,Game,1,Predictable,115.1,0,,,4,,,130,Sound,,,
0,FORT,,1,1777024441.638954,162.98,Game,1,Predictable,115.11,0,,,4,,,130,Sound,,,
0,FORT,,1,1777024441.638954,162.99,Game,1,Predictable,115.13,0,,,4,,,130,Sound,,,
0,FORT,,1,1777024441.638954,163.01,Game,1,Predictable,115.14,0,,,4,,,130,Sound,,,
0,FORT,,1,1777024441.638954,163.02,Game,1,Predictable,115.15,0,,,4,,,130,Sound,,,
0,FORT,,1,1777024441.638954,163.03,Game,1,Predictable,115.16,0,,,4,,,130,Sound,,,
0,FORT,,1,1777024441.638954,163.04,Game,1,Predictable,115.18,0,,,4,,,130,Sound,,,
0,FORT,,1,1777024441.638954,163.06,Game,1,Predictable,115.19,0,,,4,,,130,Sound,,,
0,FORT,,1,1777024441.638954,163.07,Game,1,Predictable,115.2,0,,,4,,,130,Sound,,,
0,FORT,,1,1777024441.638954,163.08,Game,1,Predictable,115.21,0,,,4,,,130,Sound,,,
0,FORT,,1,1777024441.638954,163.1,Game,1,Predictable,115.23,0,,,4,,,130,Sound,,,
0,FORT,,1,1777024441.638954,163.11,Game,1,Predictable,115.24,0,,,4,,,130,Sound,,,
0,FORT,,1,1777024441.638954,163.12,Game,1,Predictable,115.26,0,,,4,,,130,Sound,,,
0,FORT,,1,1777024441.638954,163.14,Game,1,Predictable,115.27,0,,,4,,,130,Sound,,,
0,FORT,,1,1777024441.638954,163.15,Game,1,Predictable,115.28,0,,,4,,,130,Sound,,,
0,FORT,,1,1777024441.638954,163.17,Game,1,Predictable,115.3,0,,,4,,,130,Sound,,,
0,FORT,,1,1777024441.638954,163.19,Game,1,Predictable,115.31,0,,,4,,,130,Sound,,,
0,FORT,,1,1777024441.638954,163.21,Game,1,Predictable,115.34,0,,,4,,,130,Sound,,,
0,FORT,,1,1777024441.638954,163.23,Game,1,Predictable,115.36,0,,,4,,,130,Sound,,,
0,FORT,,1,1777024441.638954,163.24,Game,1,Predictable,115.37,0,,,4,,,130,Sound,,,
0,FORT,,1,1777024441.638954,163.25,Game,1,Predictable,115.38,0,,,4,,,130,Sound,,,
0,FORT,,1,1777024441.638954,163.26,Game,1,Predictable,115.39,0,,,4,,,130,Sound,,,
0,FORT,,1,1777024441.638954,163.28,Game,1,Predictable,115.41,0,,,4,,,130,Sound,,,
0,FORT,,1,1777024441.638954,163.29,Game,1,Predictable,115.42,0,,,4,,,130,Sound,,,
0,FORT,,1,1777024441.638954,163.3,Game,1,Predictable,115.43,0,,,4,,,130,Sound,,,
0,FORT,,1,1777024441.638954,163.31,Game,1,Predictable,115.45,0,,,4,,,130,Sound,,,
0,FORT,,1,1777024441.638954,163.33,Game,1,Predictable,115.46,0,,,4,,,130,Sound,,,
0,FORT,,1,1777024441.638954,163.34,Game,1,Predictable,115.47,0,,,4,,,130,Sound,,,
0,FORT,,1,1777024441.638954,163.35,Game,1,Predictable,115.48,0,,,4,,,130,Sound,,,
0,FORT,,1,1777024441.638954,163.36,Game,1,Predictable,115.5,0,,,4,,,130,Sound,,,
0,FORT,,1,1777024441.638954,163.38,Game,1,Predictable,115.51,0,,,4,,,130,Sound,,,
0,FORT,,1,1777024441.638954,163.39,Game,1,Predictable,115.52,0,,,4,,,130,Sound,,,
0,FORT,,1,1777024441.638954,163.4,Game,1,Predictable,115.53,0,,,4,,,130,Sound,,,
0,FORT,,1,1777024441.638954,163.41,Game,1,Predictable,115.55,0,,,4,,,130,Sound,,,
0,FORT,,1,1777024441.638954,163.43,Game,1,Predictable,115.56,0,,,4,,,130,Sound,,,
0,FORT,,1,1777024441.638954,163.44,Game,1,Predictable,115.57,0,,,4,,,130,Sound,,,
0,FORT,,1,1777024441.638954,163.45,Game,1,Predictable,115.58,0,,,4,,,130,Sound,,,
0,FORT,,1,1777024441.638954,163.46,Game,1,Predictable,115.6,0,,,4,,,130,Sound,,,
0,FORT,,1,1777024441.638954,163.48,Game,1,Predictable,115.61,0,,,4,,,130,Sound,,,
0,FORT,,1,1777024441.638954,163.49,Game,1,Predictable,115.62,0,,,4,,,130,Sound,,,
0,FORT,,1,1777024441.638954,163.5,Game,1,Predictable,115.63,0,,,4,,,130,Sound,,,
0,FORT,,1,1777024441.638954,163.51,Game,1,Predictable,115.65,0,,,4,,,130,Sound,,,
0,FORT,,1,1777024441.638954,163.53,Game,1,Predictable,115.66,0,,,4,,,130,Sound,,,
0,FORT,,1,1777024441.638954,163.54,Game,1,Predictable,115.67,0,,,4,,,130,Sound,,,
0,FORT,,1,1777024441.638954,163.55,Game,1,Predictable,115.68,0,,,4,,,130,Sound,,,
0,FORT,,1,1777024441.638954,163.56,Game,1,Predictable,115.7,0,,,4,,,130,Sound,,,
0,FORT,,1,1777024441.638954,163.58,Game,1,Predictable,115.71,0,,,4,,,130,Sound,,,
0,FORT,,1,1777024441.638954,163.59,Game,1,Predictable,115.72,0,,,4,,,130,Sound,,,
0,FORT,,1,1777024441.638954,163.6,Game,1,Predictable,115.73,0,,,4,,,130,Sound,,,
0,FORT,,1,1777024441.638954,163.62,Game,1,Predictable,115.75,0,,,4,,,130,Sound,,,
0,FORT,,1,1777024441.638954,163.64,Game,1,Predictable,115.76,0,,,4,,,130,Sound,,,
0,FORT,,1,1777024441.638954,163.66,Game,1,Predictable,115.79,0,,,4,,,130,Sound,,,
0,FORT,,1,1777024441.638954,163.67,Game,1,Predictable,115.81,0,,,4,,,130,Sound,,,
0,FORT,,1,1777024441.638954,163.69,Game,1,Predictable,115.82,0,,,4,,,130,Sound,,,
0,FORT,,1,1777024441.638954,163.7,Game,1,Predictable,115.83,0,,,4,,,130,Sound,,,
0,FORT,,1,1777024441.638954,163.73,Game,1,Predictable,115.84,0,,,4,,,130,Sound,,,
0,FORT,,1,1777024441.638954,163.74,Game,1,Predictable,115.87,0,,,4,,,130,Sound,,,
0,FORT,,1,1777024441.638954,163.76,Game,1,Predictable,115.89,0,,,4,,,130,Sound,,,
0,FORT,,1,1777024441.638954,163.77,Game,1,Predictable,115.9,0,,,4,,,130,Sound,,,
0,FORT,,1,1777024441.638954,163.78,Game,1,Predictable,115.91,0,,,4,,,130,Sound,,,
0,FORT,,1,1777024441.638954,163.79,Game,1,Predictable,115.93,0,,,4,,,130,Sound,,,
0,FORT,,1,1777024441.638954,163.81,Game,1,Predictable,115.94,0,,,4,,,130,Sound,,,
0,FORT,,1,1777024441.638954,163.82,Game,1,Predictable,115.95,0,,,4,,,130,Sound,,,
0,FORT,,1,1777024441.638954,163.83,Game,1,Predictable,115.96,0,,,4,,,130,Sound,,,
0,FORT,,1,1777024441.638954,163.84,Game,1,Predictable,115.98,0,,,4,,,130,Sound,,,
0,FORT,,1,1777024441.638954,163.86,Game,1,Predictable,115.99,0,,,4,,,130,Sound,,,
0,FORT,,1,1777024441.638954,163.87,Game,1,Predictable,116.0,0,,,4,,,130,Sound,,,
0,FORT,,1,1777024441.638954,163.88,Game,1,Predictable,116.01,0,,,4,,,130,Sound,,,
0,FORT,,1,1777024441.638954,163.89,Game,1,Predictable,116.03,0,,,4,,,130,Sound,,,
0,FORT,,1,1777024441.638954,163.91,Game,1,Predictable,116.04,0,,,4,,,130,Sound,,,
0,FORT,,1,1777024441.638954,163.92,Game,1,Predictable,116.05,0,,,4,,,130,Sound,,,
0,FORT,,1,1777024441.638954,163.93,Game,1,Predictable,116.06,0,,,4,,,130,Sound,,,
0,FORT,,1,1777024441.638954,163.95,Game,1,Predictable,116.08,0,,,4,,,130,Sound,,,
0,FORT,,1,1777024441.638954,163.96,Game,1,Predictable,116.09,0,,,4,,,130,Sound,,,
0,FORT,,1,1777024441.638954,163.97,Game,1,Predictable,116.11,0,,,4,,,130,Sound,,,
0,FORT,,1,1777024441.638954,163.99,Game,1,Predictable,116.12,0,,,4,,,130,Sound,,,
0,FORT,,1,1777024441.638954,164.0,Game,1,Predictable,116.13,0,,,4,,,130,Sound,,,
0,FORT,,1,1777024441.638954,164.01,Game,1,Predictable,116.14,0,,,4,,,130,Sound,,,
0,FORT,,1,1777024441.638954,164.02,Game,1,Predictable,116.16,0,,,4,,,130,Sound,,,
0,FORT,,1,1777024441.638954,164.04,Game,1,Predictable,116.17,0,,,4,,,130,Sound,,,
0,FORT,,1,1777024441.638954,164.05,Game,1,Predictable,116.18,0,,,4,,,130,Sound,,,
0,FORT,,1,1777024441.638954,164.06,Game,1,Predictable,116.19,0,,,4,,,130,Sound,,,
0,FORT,,1,1777024441.638954,164.07,Game,1,Predictable,116.21,0,,,4,,,130,Sound,,,
0,FORT,,1,1777024441.638954,164.09,Game,1,Predictable,116.22,0,,,4,,,130,Sound,,,
0,FORT,,1,1777024441.638954,164.1,Game,1,Predictable,116.23,0,,,4,,,130,Sound,,,
0,FORT,,1,1777024441.638954,164.11,Game,1,Predictable,116.24,0,,,4,,,130,Sound,,,
0,FORT,,1,1777024441.638954,164.12,Game,1,Predictable,116.25,0,,,4,,,130,Sound,,,
0,FORT,,1,1777024441.638954,164.14,Game,1,Predictable,116.27,0,,,4,,,130,Sound,,,
0,FORT,,1,1777024441.638954,164.15,Game,1,Predictable,116.28,0,,,4,,,130,Sound,,,
0,FORT,,1,1777024441.638954,164.16,Game,1,Predictable,116.29,0,,,4,,,130,Sound,,,
0,FORT,,1,1777024441.638954,164.17,Game,1,Predictable,116.31,0,,,4,,,130,Sound,,,
0,FORT,,1,1777024441.638954,164.19,Game,1,Predictable,116.32,0,,,4,,,130,Sound,,,
0,FORT,,1,1777024441.638954,164.2,Game,1,Predictable,116.33,0,,,4,,,130,Sound,,,
0,FORT,,1,1777024441.638954,164.21,Game,1,Predictable,116.34,0,,,4,,,130,Sound,,,
0,FORT,,1,1777024441.638954,164.23,Game,1,Predictable,116.36,0,,,4,,,130,Sound,,,
0,FORT,,1,1777024441.638954,164.24,Game,1,Predictable,116.37,0,,,4,,,130,Sound,,,
0,FORT,,1,1777024441.638954,164.25,Game,1,Predictable,116.38,0,,,4,,,130,Sound,,,
0,FORT,,1,1777024441.638954,164.26,Game,1,Predictable,116.4,0,,,4,,,130,Sound,,,
0,FORT,,1,1777024441.638954,164.28,Game,1,Predictable,116.41,0,,,4,,,130,Sound,,,
0,FORT,,1,1777024441.638954,164.29,Game,1,Predictable,116.42,0,,,4,,,130,Sound,,,
0,FORT,,1,1777024441.638954,164.3,Game,1,Predictable,116.43,0,,,4,,,130,Sound,,,
0,FORT,,1,1777024441.638954,164.32,Game,1,Predictable,116.45,0,,,4,,,130,Sound,,,
0,FORT,,1,1777024441.638954,164.34,Game,1,Predictable,116.46,0,,,4,,,130,Sound,,,
0,FORT,,1,1777024441.638954,164.37,Game,1,Predictable,116.48,0,,,4,,,130,Sound,,,
0,FORT,,1,1777024441.638954,164.39,Game,1,Predictable,116.52,0,,,4,,,130,Sound,,,
0,FORT,,1,1777024441.638954,164.4,Game,1,Predictable,116.53,0,,,4,,,130,Sound,,,
0,FORT,,1,1777024441.638954,164.41,Game,1,Predictable,116.54,0,,,4,,,130,Sound,,,
0,FORT,,1,1777024441.638954,164.43,Game,1,Predictable,116.56,0,,,4,,,130,Sound,,,
0,FORT,,1,1777024441.638954,164.44,Game,1,Predictable,116.57,0,,,4,,,130,Sound,,,
0,FORT,,1,1777024441.638954,164.45,Game,1,Predictable,116.58,0,,,4,,,130,Sound,,,
0,FORT,,1,1777024441.638954,164.47,Game,1,Predictable,116.6,0,,,4,,,130,Sound,,,
0,FORT,,1,1777024441.638954,164.48,Game,1,Predictable,116.61,0,,,4,,,130,Sound,,,
0,FORT,,1,1777024441.638954,164.49,Game,1,Predictable,116.62,0,,,4,,,130,Sound,,,
0,FORT,,1,1777024441.638954,164.51,Game,1,Predictable,116.64,0,,,4,,,130,Sound,,,
0,FORT,,1,1777024441.638954,164.52,Game,1,Predictable,116.65,0,,,4,,,130,Sound,,,
0,FORT,,1,1777024441.638954,164.53,Game,1,Predictable,116.66,0,,,4,,,130,Sound,,,
0,FORT,,1,1777024441.638954,164.55,Game,1,Predictable,116.68,0,,,4,,,130,Sound,,,
0,FORT,,1,1777024441.638954,164.56,Game,1,Predictable,116.69,0,,,4,,,130,Sound,,,
0,FORT,,1,1777024441.638954,164.57,Game,1,Predictable,116.71,0,,,4,,,130,Sound,,,
0,FORT,,1,1777024441.638954,164.59,Game,1,Predictable,116.72,0,,,4,,,130,Sound,,,
0,FORT,,1,1777024441.638954,164.6,Game,1,Predictable,116.73,0,,,4,,,130,Sound,,,
0,FORT,,1,1777024441.638954,164.63,Game,1,Predictable,116.74,0,,,4,,,130,Sound,,,
0,FORT,,1,1777024441.638954,164.64,Game,1,Predictable,116.77,0,,,4,,,130,Sound,,,
0,FORT,,1,1777024441.638954,164.66,Game,1,Predictable,116.79,0,,,4,,,130,Sound,,,
0,FORT,,1,1777024441.638954,164.67,Game,1,Predictable,116.8,0,,,4,,,130,Sound,,,
0,FORT,,1,1777024441.638954,164.68,Game,1,Predictable,116.81,0,,,4,,,130,Sound,,,
0,FORT,,1,1777024441.638954,164.71,Game,1,Predictable,116.83,0,,,4,,,130,Sound,,,
0,FORT,,1,1777024441.638954,164.73,Game,1,Predictable,116.86,0,,,4,,,130,Sound,,,
0,FORT,,1,1777024441.638954,164.74,Game,1,Predictable,116.87,0,,,4,,,130,Sound,,,
0,FORT,,1,1777024441.638954,164.75,Game,1,Predictable,116.88,0,,,4,,,130,Sound,,,
0,FORT,,1,1777024441.638954,164.76,Game,1,Predictable,116.9,0,,,4,,,130,Sound,,,
0,FORT,,1,1777024441.638954,164.78,Game,1,Predictable,116.91,0,,,4,,,130,Sound,,,
0,FORT,,1,1777024441.638954,164.79,Game,1,Predictable,116.92,0,,,4,,,130,Sound,,,
0,FORT,,1,1777024441.638954,164.8,Game,1,Predictable,116.93,0,,,4,,,130,Sound,,,
0,FORT,,1,1777024441.638954,164.81,Game,1,Predictable,116.95,0,,,4,,,130,Sound,,,
0,FORT,,1,1777024441.638954,164.83,Game,1,Predictable,116.96,0,,,4,,,130,Sound,,,
0,FORT,,1,1777024441.638954,164.84,Game,1,Predictable,116.97,0,,,4,,,130,Sound,,,
0,FORT,,1,1777024441.638954,164.85,Game,1,Predictable,116.98,0,,,4,,,130,Sound,,,
0,FORT,,1,1777024441.638954,164.86,Game,1,Predictable,117.0,0,,,4,,,130,Sound,,,
0,FORT,,1,1777024441.638954,164.88,Game,1,Predictable,117.01,0,,,4,,,130,Sound,,,
0,FORT,,1,1777024441.638954,164.89,Game,1,Predictable,117.02,0,,,4,,,130,Sound,,,
0,FORT,,1,1777024441.638954,164.9,Game,1,Predictable,117.03,0,,,4,,,130,Sound,,,
0,FORT,,1,1777024441.638954,164.91,Game,1,Predictable,117.05,0,,,4,,,130,Sound,,,
0,FORT,,1,1777024441.638954,164.93,Game,1,Predictable,117.06,0,,,4,,,130,Sound,,,
0,FORT,,1,1777024441.638954,164.94,Game,1,Predictable,117.07,0,,,4,,,130,Sound,,,
0,FORT,,1,1777024441.638954,164.95,Game,1,Predictable,117.08,0,,,4,,,130,Sound,,,
0,FORT,,1,1777024441.638954,164.96,Game,1,Predictable,117.1,0,,,4,,,130,Sound,,,
0,FORT,,1,1777024441.638954,164.98,Game,1,Predictable,117.11,0,,,4,,,130,Sound,,,
0,FORT,,1,1777024441.638954,164.99,Game,1,Predictable,117.12,0,,,4,,,130,Sound,,,
0,FORT,,1,1777024441.638954,165.0,Game,1,Predictable,117.13,0,,,4,,,130,Sound,,,
0,FORT,,1,1777024441.638954,165.01,Game,1,Predictable,117.15,0,,,4,,,130,Sound,,,
0,FORT,,1,1777024441.638954,165.03,Game,1,Predictable,117.16,0,,,4,,,130,Sound,,,
0,FORT,,1,1777024441.638954,165.04,Game,1,Predictable,117.17,0,,,4,,,130,Sound,,,
0,FORT,,1,1777024441.638954,165.05,Game,1,Predictable,117.18,0,,,4,,,130,Sound,,,
0,FORT,,1,1777024441.638954,165.06,Game,1,Predictable,117.2,0,,,4,,,130,Sound,,,
0,FORT,,1,1777024441.638954,165.08,Game,1,Predictable,117.21,0,,,4,,,130,Sound,,,
0,FORT,,1,1777024441.638954,165.09,Game,1,Predictable,117.22,0,,,4,,,130,Sound,,,
0,FORT,,1,1777024441.638954,165.1,Game,1,Predictable,117.23,0,,,4,,,130,Sound,,,
0,FORT,,1,1777024441.638954,165.11,Game,1,Predictable,117.25,0,,,4,,,130,Sound,,,
0,FORT,,1,1777024441.638954,165.13,Game,1,Predictable,117.26,0,,,4,,,130,Sound,,,
0,FORT,,1,1777024441.638954,165.14,Game,1,Predictable,117.27,0,,,4,,,130,Sound,,,
0,FORT,,1,1777024441.638954,165.15,Game,1,Predictable,117.28,0,,,4,,,130,Sound,,,
0,FORT,,1,1777024441.638954,165.16,Game,1,Predictable,117.3,0,,,4,,,130,Sound,,,
0,FORT,,1,1777024441.638954,165.18,Game,1,Predictable,117.31,0,,,4,,,130,Sound,,,
0,FORT,,1,1777024441.638954,165.19,Game,1,Predictable,117.32,0,,,4,,,130,Sound,,,
0,FORT,,1,1777024441.638954,165.2,Game,1,Predictable,117.33,0,,,4,,,130,Sound,,,
0,FORT,,1,1777024441.638954,165.21,Game,1,Predictable,117.35,0,,,4,,,130,Sound,,,
0,FORT,,1,1777024441.638954,165.23,Game,1,Predictable,117.36,0,,,4,,,130,Sound,,,
0,FORT,,1,1777024441.638954,165.24,Game,1,Predictable,117.37,0,,,4,,,130,Sound,,,
0,FORT,,1,1777024441.638954,165.25,Game,1,Predictable,117.38,0,,,4,,,130,Sound,,,
0,FORT,,1,1777024441.638954,165.26,Game,1,Predictable,117.4,0,,,4,,,130,Sound,,,
0,FORT,,1,1777024441.638954,165.28,Game,1,Predictable,117.41,0,,,4,,,130,Sound,,,
0,FORT,,1,1777024441.638954,165.29,Game,1,Predictable,117.42,0,,,4,,,130,Sound,,,
0,FORT,,1,1777024441.638954,165.3,Game,1,Predictable,117.43,0,,,4,,,130,Sound,,,
0,FORT,,1,1777024441.638954,165.31,Game,1,Predictable,117.45,0,,,4,,,130,Sound,,,
0,FORT,,1,1777024441.638954,165.33,Game,1,Predictable,117.46,0,,,4,,,130,Sound,,,
0,FORT,,1,1777024441.638954,165.34,Game,1,Predictable,117.47,0,,,4,,,130,Sound,,,
0,FORT,,1,1777024441.638954,165.35,Game,1,Predictable,117.48,0,,,4,,,130,Sound,,,
0,FORT,,1,1777024441.638954,165.36,Game,1,Predictable,117.5,0,,,4,,,130,Sound,,,
0,FORT,,1,1777024441.638954,165.38,Game,1,Predictable,117.51,0,,,4,,,130,Sound,,,
0,FORT,,1,1777024441.638954,165.39,Game,1,Predictable,117.52,0,,,4,,,130,Sound,,,
0,FORT,,1,1777024441.638954,165.4,Game,1,Predictable,117.53,0,,,4,,,130,Sound,,,
0,FORT,,1,1777024441.638954,165.41,Game,1,Predictable,117.55,0,,,4,,,130,Sound,,,
0,FORT,,1,1777024441.638954,165.43,Game,1,Predictable,117.56,0,,,4,,,130,Sound,,,
0,FORT,,1,1777024441.638954,165.44,Game,1,Predictable,117.57,0,,,4,,,130,Sound,,,
0,FORT,,1,1777024441.638954,165.45,Game,1,Predictable,117.58,0,,,4,,,130,Sound,,,
0,FORT,,1,1777024441.638954,165.46,Game,1,Predictable,117.6,0,,,4,,,130,Sound,,,
0,FORT,,1,1777024441.638954,165.48,Game,1,Predictable,117.61,0,,,4,,,130,Sound,,,
0,FORT,,1,1777024441.638954,165.49,Game,1,Predictable,117.62,0,,,4,,,130,Sound,,,
0,FORT,,1,1777024441.638954,165.5,Game,1,Predictable,117.63,0,,,4,,,130,Sound,,,
0,FORT,,1,1777024441.638954,165.51,Game,1,Predictable,117.65,0,,,4,,,130,Sound,,,
0,FORT,,1,1777024441.638954,165.53,Game,1,Predictable,117.66,0,,,4,,,130,Sound,,,
0,FORT,,1,1777024441.638954,165.54,Game,1,Predictable,117.67,0,,,4,,,130,Sound,,,
0,FORT,,1,1777024441.638954,165.55,Game,1,Predictable,117.68,0,,,4,,,130,Sound,,,
0,FORT,,1,1777024441.638954,165.56,Game,1,Predictable,117.7,0,,,4,,,130,Sound,,,
0,FORT,,1,1777024441.638954,165.58,Game,1,Predictable,117.71,0,,,4,,,130,Sound,,,
0,FORT,,1,1777024441.638954,165.59,Game,1,Predictable,117.72,0,,,4,,,130,Sound,,,
0,FORT,,1,1777024441.638954,165.6,Game,1,Predictable,117.73,0,,,4,,,130,Sound,,,
0,FORT,,1,1777024441.638954,165.62,Game,1,Predictable,117.75,0,,,4,,,130,Sound,,,
0,FORT,,1,1777024441.638954,165.63,Game,1,Predictable,117.76,0,,,4,,,130,Sound,,,
0,FORT,,1,1777024441.638954,165.64,Game,1,Predictable,117.77,0,,,4,,,130,Sound,,,
0,FORT,,1,1777024441.638954,165.66,Game,1,Predictable,117.79,0,,,4,,,130,Sound,,,
0,FORT,,1,1777024441.638954,165.67,Game,1,Predictable,117.8,0,,,4,,,130,Sound,,,
0,FORT,,1,1777024441.638954,165.68,Game,1,Predictable,117.81,0,,,4,,,130,Sound,,,
0,FORT,,1,1777024441.638954,165.71,Game,1,Predictable,117.83,0,,,4,,,130,Sound,,,
0,FORT,,1,1777024441.638954,165.73,Game,1,Predictable,117.86,0,,,4,,,130,Sound,,,
0,FORT,,1,1777024441.638954,165.74,Game,1,Predictable,117.87,0,,,4,,,130,Sound,,,
0,FORT,,1,1777024441.638954,165.75,Game,1,Predictable,117.88,0,,,4,,,130,Sound,,,
0,FORT,,1,1777024441.638954,165.76,Game,1,Predictable,117.9,0,,,4,,,130,Sound,,,
0,FORT,,1,1777024441.638954,165.78,Game,1,Predictable,117.91,0,,,4,,,130,Sound,,,
0,FORT,,1,1777024441.638954,165.79,Game,1,Predictable,117.92,0,,,4,,,130,Sound,,,
0,FORT,,1,1777024441.638954,165.8,Game,1,Predictable,117.93,0,,,4,,,130,Sound,,,
0,FORT,,1,1777024441.638954,165.82,Game,1,Predictable,117.95,0,,,4,,,130,Sound,,,
0,FORT,,1,1777024441.638954,165.84,Game,1,Predictable,117.96,0,,,4,,,130,Sound,,,
0,FORT,,1,1777024441.638954,165.86,Game,1,Predictable,117.99,0,,,4,,,130,Sound,,,
0,FORT,,1,1777024441.638954,165.87,Game,1,Predictable,118.01,0,,,4,,,130,Sound,,,
0,FORT,,1,1777024441.638954,165.89,Game,1,Predictable,118.02,0,,,4,,,130,Sound,,,
0,FORT,,1,1777024441.638954,165.9,Game,1,Predictable,118.03,0,,,4,,,130,Sound,,,
0,FORT,,1,1777024441.638954,165.93,Game,1,Predictable,118.04,0,,,4,,,130,Sound,,,
0,FORT,,1,1777024441.638954,165.94,Game,1,Predictable,118.07,0,,,4,,,130,Sound,,,
0,FORT,,1,1777024441.638954,165.96,Game,1,Predictable,118.09,0,,,4,,,130,Sound,,,
0,FORT,,1,1777024441.638954,165.97,Game,1,Predictable,118.1,0,,,4,,,130,Sound,,,
0,FORT,,1,1777024441.638954,165.98,Game,1,Predictable,118.11,0,,,4,,,130,Sound,,,
0,FORT,,1,1777024441.638954,166.01,Game,1,Predictable,118.13,0,,,4,,,130,Sound,,,
0,FORT,,1,1777024441.638954,166.03,Game,1,Predictable,118.16,0,,,4,,,130,Sound,,,
0,FORT,,1,1777024441.638954,166.04,Game,1,Predictable,118.17,0,,,4,,,130,Sound,,,
0,FORT,,1,1777024441.638954,166.05,Game,1,Predictable,118.18,0,,,4,,,130,Sound,,,
0,FORT,,1,1777024441.638954,166.07,Game,1,Predictable,118.2,0,,,4,,,130,Sound,,,
0,FORT,,1,1777024441.638954,166.09,Game,1,Predictable,118.21,0,,,4,,,130,Sound,,,
0,FORT,,1,1777024441.638954,166.11,Game,1,Predictable,118.24,0,,,4,,,130,Sound,,,
0,FORT,,1,1777024441.638954,166.12,Game,1,Predictable,118.26,0,,,4,,,130,Sound,,,
0,FORT,,1,1777024441.638954,166.14,Game,1,Predictable,118.27,0,,,4,,,130,Sound,,,
0,FORT,,1,1777024441.638954,166.15,Game,1,Predictable,118.28,0,,,4,,,130,Sound,,,
0,FORT,,1,1777024441.638954,166.16,Game,1,Predictable,118.29,0,,,4,,,130,Sound,,,
0,FORT,,1,1777024441.638954,166.17,Game,1,Predictable,118.31,0,,,4,,,130,Sound,,,
0,FORT,,1,1777024441.638954,166.19,Game,1,Predictable,118.32,0,,,4,,,130,Sound,,,
0,FORT,,1,1777024441.638954,166.2,Game,1,Predictable,118.33,0,,,4,,,130,Sound,,,
0,FORT,,1,1777024441.638954,166.21,Game,1,Predictable,118.34,0,,,4,,,130,Sound,,,
0,FORT,,1,1777024441.638954,166.23,Game,1,Predictable,118.36,0,,,4,,,130,Sound,,,
0,FORT,,1,1777024441.638954,166.24,Game,1,Predictable,118.37,0,,,4,,,130,Sound,,,
0,FORT,,1,1777024441.638954,166.25,Game,1,Predictable,118.38,0,,,4,,,130,Sound,,,
0,FORT,,1,1777024441.638954,166.26,Game,1,Predictable,118.4,0,,,4,,,130,Sound,,,
0,FORT,,1,1777024441.638954,166.28,Game,1,Predictable,118.41,0,,,4,,,130,Sound,,,
0,FORT,,1,1777024441.638954,166.29,Game,1,Predictable,118.42,0,,,4,,,130,Sound,,,
0,FORT,,1,1777024441.638954,166.3,Game,1,Predictable,118.43,0,,,4,,,130,Sound,,,
0,FORT,,1,1777024441.638954,166.31,Game,1,Predictable,118.45,0,,,4,,,130,Sound,,,
0,FORT,,1,1777024441.638954,166.33,Game,1,Predictable,118.46,0,,,4,,,130,Sound,,,
0,FORT,,1,1777024441.638954,166.34,Game,1,Predictable,118.47,0,,,4,,,130,Sound,,,
0,FORT,,1,1777024441.638954,166.35,Game,1,Predictable,118.48,0,,,4,,,130,Sound,,,
0,FORT,,1,1777024441.638954,166.37,Game,1,Predictable,118.5,0,,,4,,,130,Sound,,,
0,FORT,,1,1777024441.638954,166.38,Game,1,Predictable,118.51,0,,,4,,,130,Sound,,,
0,FORT,,1,1777024441.638954,166.39,Game,1,Predictable,118.52,0,,,4,,,130,Sound,,,
0,FORT,,1,1777024441.638954,166.4,Game,1,Predictable,118.53,0,,,4,,,130,Sound,,,
0,FORT,,1,1777024441.638954,166.41,Game,1,Predictable,118.55,0,,,4,,,130,Sound,,,
0,FORT,,1,1777024441.638954,166.43,Game,1,Predictable,118.56,0,,,4,,,130,Sound,,,
0,FORT,,1,1777024441.638954,166.44,Game,1,Predictable,118.57,0,,,4,,,130,Sound,,,
0,FORT,,1,1777024441.638954,166.45,Game,1,Predictable,118.58,0,,,4,,,130,Sound,,,
0,FORT,,1,1777024441.638954,166.47,Game,1,Predictable,118.6,0,,,4,,,130,Sound,,,
0,FORT,,1,1777024441.638954,166.48,Game,1,Predictable,118.61,0,,,4,,,130,Sound,,,
0,FORT,,1,1777024441.638954,166.49,Game,1,Predictable,118.62,0,,,4,,,130,Sound,,,
0,FORT,,1,1777024441.638954,166.51,Game,1,Predictable,118.64,0,,,4,,,130,Sound,,,
0,FORT,,1,1777024441.638954,166.52,Game,1,Predictable,118.65,0,,,4,,,130,Sound,,,
0,FORT,,1,1777024441.638954,166.53,Game,1,Predictable,118.66,0,,,4,,,130,Sound,,,
0,FORT,,1,1777024441.638954,166.54,Game,1,Predictable,118.68,0,,,4,,,130,Sound,,,
0,FORT,,1,1777024441.638954,166.56,Game,1,Predictable,118.69,0,,,4,,,130,Sound,,,
0,FORT,,1,1777024441.638954,166.57,Game,1,Predictable,118.7,0,,,4,,,130,Sound,,,
0,FORT,,1,1777024441.638954,166.58,Game,1,Predictable,118.71,0,,,4,,,130,Sound,,,
0,FORT,,1,1777024441.638954,166.59,Game,1,Predictable,118.73,0,,,4,,,130,Sound,,,
0,FORT,,1,1777024441.638954,166.61,Game,1,Predictable,118.74,0,,,4,,,130,Sound,,,
0,FORT,,1,1777024441.638954,166.62,Game,1,Predictable,118.75,0,,,4,,,130,Sound,,,
0,FORT,,1,1777024441.638954,166.63,Game,1,Predictable,118.76,0,,,4,,,130,Sound,,,
0,FORT,,1,1777024441.638954,166.66,Game,1,Predictable,118.78,0,,,4,,,130,Sound,,,
0,FORT,,1,1777024441.638954,166.68,Game,1,Predictable,118.81,0,,,4,,,130,Sound,,,
0,FORT,,1,1777024441.638954,166.69,Game,1,Predictable,118.82,0,,,4,,,130,Sound,,,
0,FORT,,1,1777024441.638954,166.7,Game,1,Predictable,118.84,0,,,4,,,130,Sound,,,
0,FORT,,1,1777024441.638954,166.72,Game,1,Predictable,118.85,0,,,4,,,130,Sound,,,
0,FORT,,1,1777024441.638954,166.73,Game,1,Predictable,118.86,0,,,4,,,130,Sound,,,
0,FORT,,1,1777024441.638954,166.74,Game,1,Predictable,118.87,0,,,4,,,130,Sound,,,
0,FORT,,1,1777024441.638954,166.76,Game,1,Predictable,118.89,0,,,4,,,130,Sound,,,
0,FORT,,1,1777024441.638954,166.77,Game,1,Predictable,118.9,0,,,4,,,130,Sound,,,
0,FORT,,1,1777024441.638954,166.78,Game,1,Predictable,118.91,0,,,4,,,130,Sound,,,
0,FORT,,1,1777024441.638954,166.81,Game,1,Predictable,118.93,0,,,4,,,130,Sound,,,
0,FORT,,1,1777024441.638954,166.82,Game,1,Predictable,118.96,0,,,4,,,130,Sound,,,
0,FORT,,1,1777024441.638954,166.84,Game,1,Predictable,118.97,0,,,4,,,130,Sound,,,
0,FORT,,1,1777024441.638954,166.85,Game,1,Predictable,118.98,0,,,4,,,130,Sound,,,
0,FORT,,1,1777024441.638954,166.88,Game,1,Predictable,118.99,0,,,4,,,130,Sound,,,
0,FORT,,1,1777024441.638954,166.89,Game,1,Predictable,119.02,0,,,4,,,130,Sound,,,
0,FORT,,1,1777024441.638954,166.91,Game,1,Predictable,119.04,0,,,4,,,130,Sound,,,
0,FORT,,1,1777024441.638954,166.92,Game,1,Predictable,119.05,0,,,4,,,130,Sound,,,
0,FORT,,1,1777024441.638954,166.93,Game,1,Predictable,119.06,0,,,4,,,130,Sound,,,
0,FORT,,1,1777024441.638954,166.95,Game,1,Predictable,119.08,0,,,4,,,130,Sound,,,
0,FORT,,1,1777024441.638954,166.96,Game,1,Predictable,119.09,0,,,4,,,130,Sound,,,
0,FORT,,1,1777024441.638954,166.97,Game,1,Predictable,119.11,0,,,4,,,130,Sound,,,
0,FORT,,1,1777024441.638954,166.99,Game,1,Predictable,119.12,0,,,4,,,130,Sound,,,
0,FORT,,1,1777024441.638954,167.0,Game,1,Predictable,119.13,0,,,4,,,130,Sound,,,
0,FORT,,1,1777024441.638954,167.03,Game,1,Predictable,119.14,0,,,4,,,130,Sound,,,
0,FORT,,1,1777024441.638954,167.04,Game,1,Predictable,119.17,0,,,4,,,130,Sound,,,
0,FORT,,1,1777024441.638954,167.06,Game,1,Predictable,119.19,0,,,4,,,130,Sound,,,
0,FORT,,1,1777024441.638954,167.07,Game,1,Predictable,119.2,0,,,4,,,130,Sound,,,
0,FORT,,1,1777024441.638954,167.08,Game,1,Predictable,119.21,0,,,4,,,130,Sound,,,
0,FORT,,1,1777024441.638954,167.11,Game,1,Predictable,119.23,0,,,4,,,130,Sound,,,
0,FORT,,1,1777024441.638954,167.13,Game,1,Predictable,119.26,0,,,4,,,130,Sound,,,
0,FORT,,1,1777024441.638954,167.14,Game,1,Predictable,119.27,0,,,4,,,130,Sound,,,
0,FORT,,1,1777024441.638954,167.15,Game,1,Predictable,119.29,0,,,4,,,130,Sound,,,
0,FORT,,1,1777024441.638954,167.17,Game,1,Predictable,119.3,0,,,4,,,130,Sound,,,
0,FORT,,1,1777024441.638954,167.18,Game,1,Predictable,119.31,0,,,4,,,130,Sound,,,
0,FORT,,1,1777024441.638954,167.19,Game,1,Predictable,119.32,0,,,4,,,130,Sound,,,
0,FORT,,1,1777024441.638954,167.21,Game,1,Predictable,119.34,0,,,4,,,130,Sound,,,
0,FORT,,1,1777024441.638954,167.22,Game,1,Predictable,119.35,0,,,4,,,130,Sound,,,
0,FORT,,1,1777024441.638954,167.23,Game,1,Predictable,119.36,0,,,4,,,130,Sound,,,
0,FORT,,1,1777024441.638954,167.26,Game,1,Predictable,119.38,0,,,4,,,130,Sound,,,
0,FORT,,1,1777024441.638954,167.28,Game,1,Predictable,119.41,0,,,4,,,130,Sound,,,
0,FORT,,1,1777024441.638954,167.29,Game,1,Predictable,119.42,0,,,4,,,130,Sound,,,
0,FORT,,1,1777024441.638954,167.3,Game,1,Predictable,119.43,0,,,4,,,130,Sound,,,
0,FORT,,1,1777024441.638954,167.32,Game,1,Predictable,119.45,0,,,4,,,130,Sound,,,
0,FORT,,1,1777024441.638954,167.34,Game,1,Predictable,119.46,0,,,4,,,130,Sound,,,
0,FORT,,1,1777024441.638954,167.36,Game,1,Predictable,119.49,0,,,4,,,130,Sound,,,
0,FORT,,1,1777024441.638954,167.37,Game,1,Predictable,119.51,0,,,4,,,130,Sound,,,
0,FORT,,1,1777024441.638954,167.39,Game,1,Predictable,119.52,0,,,4,,,130,Sound,,,
0,FORT,,1,1777024441.638954,167.4,Game,1,Predictable,119.53,0,,,4,,,130,Sound,,,
0,FORT,,1,1777024441.638954,167.41,Game,1,Predictable,119.54,0,,,4,,,130,Sound,,,
0,FORT,,1,1777024441.638954,167.43,Game,1,Predictable,119.56,0,,,4,,,130,Sound,,,
0,FORT,,1,1777024441.638954,167.44,Game,1,Predictable,119.57,0,,,4,,,130,Sound,,,
0,FORT,,1,1777024441.638954,167.45,Game,1,Predictable,119.58,0,,,4,,,130,Sound,,,
0,FORT,,1,1777024441.638954,167.47,Game,1,Predictable,119.6,0,,,4,,,130,Sound,,,
0,FORT,,1,1777024441.638954,167.49,Game,1,Predictable,119.61,0,,,4,,,130,Sound,,,
0,FORT,,1,1777024441.638954,167.51,Game,1,Predictable,119.64,0,,,4,,,130,Sound,,,
0,FORT,,1,1777024441.638954,167.52,Game,1,Predictable,119.66,0,,,4,,,130,Sound,,,
0,FORT,,1,1777024441.638954,167.54,Game,1,Predictable,119.67,0,,,4,,,130,Sound,,,
0,FORT,,1,1777024441.638954,167.55,Game,1,Predictable,119.68,0,,,4,,,130,Sound,,,
0,FORT,,1,1777024441.638954,167.58,Game,1,Predictable,119.69,0,,,4,,,130,Sound,,,
0,FORT,,1,1777024441.638954,167.59,Game,1,Predictable,119.72,0,,,4,,,130,Sound,,,
0,FORT,,1,1777024441.638954,167.61,Game,1,Predictable,119.74,0,,,4,,,130,Sound,,,
0,FORT,,1,1777024441.638954,167.62,Game,1,Predictable,119.75,0,,,4,,,130,Sound,,,
0,FORT,,1,1777024441.638954,167.63,Game,1,Predictable,119.76,0,,,4,,,130,Sound,,,
0,FORT,,1,1777024441.638954,167.65,Game,1,Predictable,119.78,0,,,4,,,130,Sound,,,
0,FORT,,1,1777024441.638954,167.66,Game,1,Predictable,119.79,0,,,4,,,130,Sound,,,
0,FORT,,1,1777024441.638954,167.67,Game,1,Predictable,119.81,0,,,4,,,130,Sound,,,
0,FORT,,1,1777024441.638954,167.69,Game,1,Predictable,119.82,0,,,4,,,130,Sound,,,
0,FORT,,1,1777024441.638954,167.7,Game,1,Predictable,119.83,0,,,4,,,130,Sound,,,
0,FORT,,1,1777024441.638954,167.73,Game,1,Predictable,119.84,0,,,4,,,130,Sound,,,
0,FORT,,1,1777024441.638954,167.74,Game,1,Predictable,119.87,0,,,4,,,130,Sound,,,
0,FORT,,1,1777024441.638954,167.76,Game,1,Predictable,119.89,0,,,4,,,130,Sound,,,
0,FORT,,1,1777024441.638954,167.77,Game,1,Predictable,119.9,0,,,4,,,130,Sound,,,
0,FORT,,1,1777024441.638954,167.78,Game,1,Predictable,119.91,0,,,4,,,130,Sound,,,
0,FORT,,1,1777024441.638954,167.81,Game,1,Predictable,119.93,0,,,4,,,130,Sound,,,
0,FORT,,1,1777024441.638954,167.82,Game,1,Predictable,119.96,0,,,4,,,130,Sound,,,
0,FORT,,1,1777024441.638954,167.84,Game,1,Predictable,119.97,0,,,4,,,130,Sound,,,
0,FORT,,1,1777024441.638954,167.85,Game,1,Predictable,119.98,0,,,4,,,130,Sound,,,
0,FORT,,1,1777024441.638954,167.86,Game,1,Predictable,119.99,0,,,4,,,130,Sound,,,
0,FORT,,1,1777024441.638954,167.88,Game,1,Predictable,120.01,0,,,4,,,130,Sound,,,
